stage,physics_tag,method,beta,h,M,z,F,Fp,p,q,neff,ref_F,ref_Fp,ref_p
pilot,b1_h1_w2_n10_a1.5,abf,1.0,1.0,100,-0.20000000298023224,-0.8008547425270081,-13.795390605926514,0.6554279774427414,nan,44000964.0,-1.0534225702285767,-10.859052658081055,0.8812768135833271
pilot,b1_h1_w2_n10_a1.5,abf,1.0,1.0,100,-0.19119496643543243,-0.9139103889465332,-11.88437795639038,0.6543487757444382,nan,45777914.0,-1.1344455480575562,-9.816811561584473,0.9556528870451712
pilot,b1_h1_w2_n10_a1.5,abf,1.0,1.0,100,-0.18238992989063263,-1.0101830065250397,-9.983282566070557,0.6511572152376175,nan,47094828.0,-1.2154685258865356,-8.77457046508789,1.0363059897200146
pilot,b1_h1_w2_n10_a1.5,abf,1.0,1.0,100,-0.17358490824699402,-1.0907175838947296,-8.309564113616943,0.645988404750824,nan,48065710.0,-1.2964913845062256,-7.732330322265625,1.123765742630337
pilot,b1_h1_w2_n10_a1.5,abf,1.0,1.0,100,-0.1647798717021942,-1.1573498249053955,-6.825460195541382,0.6390579789876938,nan,48796086.0,-1.352218508720398,-6.592520713806152,1.1881677800115114
pilot,b1_h1_w2_n10_a1.5,abf,1.0,1.0,100,-0.1559748500585556,-1.211616188287735,-5.500771641731262,0.6306481957435608,nan,49371955.0,-1.402392864227295,-5.431296348571777,1.2493042488587236
pilot,b1_h1_w2_n10_a1.5,abf,1.0,1.0,100,-0.1471698135137558,-1.25481316447258,-4.3111125230789185,0.6210905164480209,nan,49858033.0,-1.452567458152771,-4.270069599151611,1.3135867716559593
pilot,b1_h1_w2_n10_a1.5,abf,1.0,1.0,100,-0.138364776968956,-1.288042277097702,-3.2366414070129395,0.6107456982135773,nan,50296742.0,-1.4839993715286255,-3.2564666271209717,1.3555310586374376
pilot,b1_h1_w2_n10_a1.5,abf,1.0,1.0,100,-0.12955975532531738,-1.312246412038803,-2.2611624598503113,0.5999825894832611,nan,50713492.0,-1.5048885345458984,-2.325901746749878,1.3841447858260862
pilot,b1_h1_w2_n10_a1.5,abf,1.0,1.0,100,-0.12075471878051758,-1.3282391130924225,-1.3714629113674164,0.5891579389572144,nan,51122112.0,-1.525777816772461,-1.3953361511230469,1.4133626849120504
pilot,b1_h1_w2_n10_a1.5,abf,1.0,1.0,100,-0.11194968223571777,-1.336729109287262,-0.5569722950458527,0.5785980522632599,nan,51529374.0,-1.5361969470977783,-0.5730165243148804,1.428165678165669
pilot,b1_h1_w2_n10_a1.5,abf,1.0,1.0,100,-0.10314465314149857,-1.3383424282073975,0.19051918387413025,0.5685835480690002,nan,51938642.0,-1.5343248844146729,0.1222308874130249,1.42549456352141
pilot,b1_h1_w2_n10_a1.5,abf,1.0,1.0,100,-0.09433962404727936,-1.3336417973041534,0.8771914541721344,0.5593381300568581,nan,52352577.0,-1.532452940940857,0.8174782991409302,1.4228286143078777
pilot,b1_h1_w2_n10_a1.5,abf,1.0,1.0,100,-0.08553458750247955,-1.3231423795223236,1.5076855719089508,0.5510221868753433,nan,52773681.0,-1.525779366493225,1.4663487672805786,1.4133648752312478
pilot,b1_h1_w2_n10_a1.5,abf,1.0,1.0,100,-0.07672955840826035,-1.3073221147060394,2.08577036857605,0.5437304079532623,nan,53201980.0,-1.5067591667175293,1.995964527130127,1.386736434847928
pilot,b1_h1_w2_n10_a1.5,abf,1.0,1.0,100,-0.06792452931404114,-1.2866272032260895,2.6149296164512634,0.5374941527843475,nan,53637924.0,-1.487739086151123,2.5255801677703857,1.360609848652213
pilot,b1_h1_w2_n10_a1.5,abf,1.0,1.0,100,-0.05911949649453163,-1.2614730596542358,3.098652482032776,0.5322876498103142,nan,54079055.0,-1.4674173593521118,3.0422394275665283,1.3332389608258823
pilot,b1_h1_w2_n10_a1.5,abf,1.0,1.0,100,-0.050314463675022125,-1.232244610786438,3.540381133556366,0.5280368328094482,nan,54523369.0,-1.4353818893432617,3.442294120788574,1.2912049091824847
pilot,b1_h1_w2_n10_a1.5,abf,1.0,1.0,100,-0.04150943458080292,-1.199298083782196,3.9431808590888977,0.5246309638023376,nan,54967221.0,-1.403346300125122,3.8423495292663574,1.2504959483911753
pilot,b1_h1_w2_n10_a1.5,abf,1.0,1.0,100,-0.03270440176129341,-1.1629660427570343,4.309391498565674,0.5219349041581154,nan,55408070.0,-1.3713107109069824,4.242404937744141,1.2110704550626386
pilot,b1_h1_w2_n10_a1.5,abf,1.0,1.0,100,-0.023899370804429054,-1.1235646605491638,4.640346884727478,0.5198018699884415,nan,55843987.0,-1.3303309679031372,4.545230865478516,1.1624442485784303
pilot,b1_h1_w2_n10_a1.5,abf,1.0,1.0,100,-0.015094339847564697,-1.0814015567302704,4.9366947412490845,0.5180855542421341,nan,56274073.0,-1.2885735034942627,4.839602947235107,1.1149030324395608
pilot,b1_h1_w2_n10_a1.5,abf,1.0,1.0,100,-0.006289307959377766,-1.0367794334888458,5.198909521102905,0.5166504979133606,nan,56697620.0,-1.2468159198760986,5.133974552154541,1.0693060119526918
pilot,b1_h1_w2_n10_a1.5,abf,1.0,1.0,100,0.002515723230317235,-0.9899961352348328,5.42757785320282,0.5153809115290642,nan,57114481.0,-1.1999257802963257,5.359297752380371,1.020323477180577
pilot,b1_h1_w2_n10_a1.5,abf,1.0,1.0,100,0.011320754885673523,-0.9413415789604187,5.623957395553589,0.5141864866018295,nan,57522178.0,-1.151232123374939,5.560362339019775,0.9718304290886626
pilot,b1_h1_w2_n10_a1.5,abf,1.0,1.0,100,0.02012578584253788,-0.8910946398973465,5.789271116256714,0.5130060166120529,nan,57919076.0,-1.1025385856628418,5.7614264488220215,0.9256422268163169
pilot,b1_h1_w2_n10_a1.5,abf,1.0,1.0,100,0.028930816799402237,-0.8395235538482666,5.92473566532135,0.5118081867694855,nan,58301465.0,-1.051440715789795,5.9090189933776855,0.879531980791943
pilot,b1_h1_w2_n10_a1.5,abf,1.0,1.0,100,0.03773584961891174,-0.7868880778551102,6.031039118766785,0.510590136051178,nan,58666464.0,-0.9984540939331055,6.0145978927612305,0.8341417101147376
pilot,b1_h1_w2_n10_a1.5,abf,1.0,1.0,100,0.04654087871313095,-0.7334452420473099,6.108118534088135,0.5093738883733749,nan,59011957.0,-0.9454676508903503,6.120177268981934,0.7910940502061381
pilot,b1_h1_w2_n10_a1.5,abf,1.0,1.0,100,0.05534591153264046,-0.6794559806585312,6.155153036117554,0.5082017406821251,nan,59337032.0,-0.8918243050575256,6.1924262046813965,0.7497752652197653
pilot,b1_h1_w2_n10_a1.5,abf,1.0,1.0,100,0.06415094435214996,-0.6251905113458633,6.170863151550293,0.5071304440498352,nan,59641640.0,-0.8371092081069946,6.210293769836426,0.7098533634147315
pilot,b1_h1_w2_n10_a1.5,abf,1.0,1.0,100,0.07295597344636917,-0.5709305703639984,6.153895258903503,0.5062254220247269,nan,59926163.0,-0.782394289970398,6.228160858154297,0.6720572297172204
pilot,b1_h1_w2_n10_a1.5,abf,1.0,1.0,100,0.08176100999116898,-0.5169688016176224,6.103132963180542,0.5055553838610649,nan,60189638.0,-0.7278236150741577,6.228581428527832,0.6363653354767429
pilot,b1_h1_w2_n10_a1.5,abf,1.0,1.0,100,0.09056603908538818,-0.463606134057045,6.0178234577178955,0.5051876604557037,nan,60430932.0,-0.6738299131393433,6.15921688079834,0.6029167474924738
pilot,b1_h1_w2_n10_a1.5,abf,1.0,1.0,100,0.09937106817960739,-0.41114863008260727,5.897515654563904,0.5051845461130142,nan,60648039.0,-0.6198359727859497,6.089851379394531,0.5712261455400941
pilot,b1_h1_w2_n10_a1.5,abf,1.0,1.0,100,0.1081760972738266,-0.3599064350128174,5.741786003112793,0.5056010037660599,nan,60836601.0,-0.5659145712852478,6.018078804016113,0.5412405293795493
pilot,b1_h1_w2_n10_a1.5,abf,1.0,1.0,100,0.1169811338186264,-0.31019626557826996,5.549517512321472,0.5064834505319595,nan,60993016.0,-0.5155476927757263,5.828371524810791,0.514655066753881
pilot,b1_h1_w2_n10_a1.5,abf,1.0,1.0,100,0.1257861703634262,-0.26234903931617737,5.318649053573608,0.5078691244125366,nan,61114177.0,-0.46518072485923767,5.638663291931152,0.48937542492959113
pilot,b1_h1_w2_n10_a1.5,abf,1.0,1.0,100,0.13459119200706482,-0.2167176753282547,5.046183466911316,0.5097864791750908,nan,61196297.0,-0.4148138165473938,5.448955535888672,0.4653375362845932
pilot,b1_h1_w2_n10_a1.5,abf,1.0,1.0,100,0.14339622855186462,-0.1736842393875122,4.72855019569397,0.512255497276783,nan,61237014.0,-0.3705885112285614,5.139273643493652,0.44520627826509057
pilot,b1_h1_w2_n10_a1.5,abf,1.0,1.0,100,0.15220126509666443,-0.1336618959903717,4.362252116203308,0.5152875036001205,nan,61234960.0,-0.3275328576564789,4.80673885345459,0.4264444310631691
pilot,b1_h1_w2_n10_a1.5,abf,1.0,1.0,100,0.16100628674030304,-0.09709146618843079,3.9444544911384583,0.5188850238919258,nan,61190614.0,-0.2844775915145874,4.474207401275635,0.4084734023732288
pilot,b1_h1_w2_n10_a1.5,abf,1.0,1.0,100,0.16981132328510284,-0.06443251669406891,3.4737871885299683,0.523040771484375,nan,61107822.0,-0.2488744556903839,4.048299312591553,0.3941863101321449
pilot,b1_h1_w2_n10_a1.5,abf,1.0,1.0,100,0.17861634492874146,-0.036145105957984924,2.951492965221405,0.5277359187602997,nan,60992716.0,-0.21711060404777527,3.574293851852417,0.3818622014134733
pilot,b1_h1_w2_n10_a1.5,abf,1.0,1.0,100,0.18742138147354126,-0.012661322951316833,2.382684588432312,0.5329383015632629,nan,60856368.0,-0.18534664809703827,3.1002867221832275,0.3699233634201588
pilot,b1_h1_w2_n10_a1.5,abf,1.0,1.0,100,0.19622641801834106,0.005656421184539795,1.7780559957027435,0.5386004000902176,nan,60713080.0,-0.16081826388835907,2.564504861831665,0.3609601173896107
pilot,b1_h1_w2_n10_a1.5,abf,1.0,1.0,100,0.20503143966197968,0.018571168184280396,1.1554264724254608,0.5446576178073883,nan,60578583.0,-0.1441282331943512,1.9618018865585327,0.3549856774288188
pilot,b1_h1_w2_n10_a1.5,abf,1.0,1.0,100,0.21383647620677948,0.026033952832221985,0.5396922528743744,0.5510279387235641,nan,60472271.0,-0.12743821740150452,1.3590989112854004,0.34911012875516023
pilot,b1_h1_w2_n10_a1.5,abf,1.0,1.0,100,0.22264151275157928,0.028238236904144287,-0.039008439518511295,0.557612344622612,nan,60411662.0,-0.11549652367830276,0.7788585424423218,0.3449659559907107
pilot,b1_h1_w2_n10_a1.5,abf,1.0,1.0,100,0.2314465343952179,0.025647595524787903,-0.5494375824928284,0.5642971843481064,nan,60414329.0,-0.1146339699625969,0.25102993845939636,0.34466853261383856
pilot,b1_h1_w2_n10_a1.5,abf,1.0,1.0,100,0.2402515709400177,0.01898232102394104,-0.964536726474762,0.5709584355354309,nan,60493078.0,-0.11377140134572983,-0.27679866552352905,0.34437136053846257
pilot,b1_h1_w2_n10_a1.5,abf,1.0,1.0,100,0.2490566074848175,0.009161114692687988,-1.2662776410579681,0.5774670839309692,nan,60654061.0,-0.11399698257446289,-0.7556647062301636,0.34444905301576606
pilot,b1_h1_w2_n10_a1.5,abf,1.0,1.0,100,0.2578616440296173,-0.002789899706840515,-1.4483117759227753,0.583696261048317,nan,60897376.0,-0.12220155447721481,-0.8754902482032776,0.3472867351032343
pilot,b1_h1_w2_n10_a1.5,abf,1.0,1.0,100,0.2666666805744171,-0.015840187668800354,-1.5159672498703003,0.5895289033651352,nan,61215864.0,-0.13040617108345032,-0.9953165054321289,0.3501478105812788
pilot,b1_h1_w2_n10_a1.5,abf,1.0,1.0,100,0.27547168731689453,-0.02904650568962097,-1.4837519228458405,0.5948655754327774,nan,61598503.0,-0.13861069083213806,-1.1151412725448608,0.35303242245444616
pilot,b1_h1_w2_n10_a1.5,abf,1.0,1.0,100,0.28427672386169434,-0.04161831736564636,-1.3718428015708923,0.5996314436197281,nan,62031517.0,-0.1449621170759201,-0.8773218393325806,0.35528181771956174
pilot,b1_h1_w2_n10_a1.5,abf,1.0,1.0,100,0.29308176040649414,-0.05295117199420929,-1.202333778142929,0.6037819385528564,nan,62502231.0,-0.1511952131986618,-0.6166762113571167,0.35750323941542644
pilot,b1_h1_w2_n10_a1.5,abf,1.0,1.0,100,0.30188679695129395,-0.06263034045696259,-0.9962170720100403,0.6073063015937805,nan,62997748.0,-0.1574283391237259,-0.3560289442539215,0.35973856140986177
pilot,b1_h1_w2_n10_a1.5,abf,1.0,1.0,100,0.31069183349609375,-0.0704115480184555,-0.7712317407131195,0.6102283596992493,nan,63509317.0,-0.15749062597751617,-0.05079604685306549,0.35976096909088384
pilot,b1_h1_w2_n10_a1.5,abf,1.0,1.0,100,0.31949687004089355,-0.0761876255273819,-0.5407609045505524,0.6126049309968948,nan,64028619.0,-0.1556042730808258,0.2685186266899109,0.3590829726160746
pilot,b1_h1_w2_n10_a1.5,abf,1.0,1.0,100,0.32830187678337097,-0.07994978129863739,-0.31378643959760666,0.6145210564136505,nan,64551090.0,-0.15371794998645782,0.5878332257270813,0.35840626455770996
pilot,b1_h1_w2_n10_a1.5,abf,1.0,1.0,100,0.3371069133281708,-0.08175256848335266,-0.09569032769650221,0.6160834282636642,nan,65072877.0,-0.14769470691680908,0.8322320580482483,0.35625398486741594
pilot,b1_h1_w2_n10_a1.5,abf,1.0,1.0,100,0.3459119498729706,-0.08168727159500122,0.11051745526492596,0.6174114048480988,nan,65591882.0,-0.13867580890655518,1.022385835647583,0.3530554119945124
pilot,b1_h1_w2_n10_a1.5,abf,1.0,1.0,100,0.3547169864177704,-0.07986731827259064,0.302869476377964,0.6186275482177734,nan,66106787.0,-0.12965698540210724,1.212538480758667,0.3498855830960415
pilot,b1_h1_w2_n10_a1.5,abf,1.0,1.0,100,0.3635220229625702,-0.07642383873462677,0.47929195314645767,0.6198478043079376,nan,66617761.0,-0.11925237625837326,1.3495452404022217,0.34626403343437684
pilot,b1_h1_w2_n10_a1.5,abf,1.0,1.0,100,0.3723270297050476,-0.07151007652282715,0.6368358880281448,0.6211724132299423,nan,67125404.0,-0.10676942020654678,1.4068342447280884,0.3419685009729993
pilot,b1_h1_w2_n10_a1.5,abf,1.0,1.0,100,0.3811320662498474,-0.0653102695941925,0.7714039385318756,0.622678741812706,nan,67630518.0,-0.09428630024194717,1.4641237258911133,0.33772620081121485
pilot,b1_h1_w2_n10_a1.5,abf,1.0,1.0,100,0.3899371027946472,-0.05804842710494995,0.8780714571475983,0.6244159936904907,nan,68132688.0,-0.08176401257514954,1.499009370803833,0.333523465023599
pilot,b1_h1_w2_n10_a1.5,abf,1.0,1.0,100,0.398742139339447,-0.049991920590400696,0.9519066363573074,0.6264028996229172,nan,68629312.0,-0.0691024586558342,1.4544649124145508,0.32932716160951253
pilot,b1_h1_w2_n10_a1.5,abf,1.0,1.0,100,0.4075471758842468,-0.04144744575023651,0.9889080375432968,0.6286283135414124,nan,69116430.0,-0.056440990418195724,1.4099208116531372,0.32518368282971877
pilot,b1_h1_w2_n10_a1.5,abf,1.0,1.0,100,0.41635221242904663,-0.03274989128112793,0.9866756945848465,0.6310543715953827,nan,69586582.0,-0.04388541728258133,1.3613710403442383,0.32112633975195704
pilot,b1_h1_w2_n10_a1.5,abf,1.0,1.0,100,0.42515721917152405,-0.024247676134109497,0.944548174738884,0.6336221992969513,nan,70032974.0,-0.0338728129863739,1.2167065143585205,0.3179270720116615
pilot,b1_h1_w2_n10_a1.5,abf,1.0,1.0,100,0.43396225571632385,-0.01628813147544861,0.8634045124053955,0.6362591832876205,nan,70450132.0,-0.023860270157456398,1.0720428228378296,0.3147596967877188
pilot,b1_h1_w2_n10_a1.5,abf,1.0,1.0,100,0.44276729226112366,-0.009205594658851624,0.7453406602144241,0.6388870924711227,nan,70834010.0,-0.013847668655216694,0.9273782968521118,0.3116238585221258
pilot,b1_h1_w2_n10_a1.5,abf,1.0,1.0,100,0.45157232880592346,-0.0033112764358520508,0.5935123115777969,0.6414306461811066,nan,71183528.0,-0.008103419095277786,0.7266606092453003,0.30983894471309986
pilot,b1_h1_w2_n10_a1.5,abf,1.0,1.0,100,0.46037736535072327,0.0011155903339385986,0.41202056407928467,0.6438244581222534,nan,71500236.0,-0.003053913824260235,0.5168173909187317,0.308278354748159
pilot,b1_h1_w2_n10_a1.5,abf,1.0,1.0,100,0.46918240189552307,0.003835052251815796,0.2056867778301239,0.6460195034742355,nan,71787352.0,0.001995560945942998,0.30697545409202576,0.306725634483725
pilot,b1_h1_w2_n10_a1.5,abf,1.0,1.0,100,0.4779874086380005,0.004650682210922241,-0.020422409405000508,0.6479866206645966,nan,72049632.0,0.002695030765607953,0.0718068778514862,0.306511164175984
pilot,b1_h1_w2_n10_a1.5,abf,1.0,1.0,100,0.4867924451828003,0.003409639000892639,-0.2614733912050724,0.6497180759906769,nan,72291596.0,0.0013475194573402405,-0.1752796620130539,0.30692446984031013
pilot,b1_h1_w2_n10_a1.5,abf,1.0,1.0,100,0.4955974817276001,0.0,-0.5130007117986679,0.6512267589569092,nan,72517486.0,0.0,-0.4223676919937134,0.3073383353186211
pilot,b1_h1_w2_n10_a1.5,abf,1.0,1.0,100,0.5044025182723999,-0.005650952458381653,-0.7705715149641037,0.6525431275367737,nan,72731016.0,-0.00488165020942688,-0.6748020052909851,0.3088423215482119
pilot,b1_h1_w2_n10_a1.5,abf,1.0,1.0,100,0.5132075548171997,-0.013574793934822083,-1.0292678624391556,0.6537105441093445,nan,72935918.0,-0.01329740509390831,-0.932585597038269,0.3114524304375864
pilot,b1_h1_w2_n10_a1.5,abf,1.0,1.0,100,0.5220125913619995,-0.023756995797157288,-1.2835466861724854,0.654779464006424,nan,73135268.0,-0.02171310782432556,-1.190367579460144,0.3140845816730349
pilot,b1_h1_w2_n10_a1.5,abf,1.0,1.0,100,0.5308176279067993,-0.03613381087779999,-1.5277567207813263,0.6558017283678055,nan,73332418.0,-0.03228754550218582,-1.4373574256896973,0.31742347183801384
pilot,b1_h1_w2_n10_a1.5,abf,1.0,1.0,100,0.5396226644515991,-0.050595685839653015,-1.757154941558838,0.6568247973918915,nan,73529564.0,-0.047449011355638504,-1.6614116430282593,0.3222727451214871
pilot,b1_h1_w2_n10_a1.5,abf,1.0,1.0,100,0.5484277009963989,-0.06699906289577484,-1.9687540531158447,0.657887190580368,nan,73730312.0,-0.06261038780212402,-1.8854644298553467,0.32719607142145396
pilot,b1_h1_w2_n10_a1.5,abf,1.0,1.0,100,0.557232677936554,-0.08518311381340027,-2.161621630191803,0.6590157002210617,nan,73936172.0,-0.07853749394416809,-2.1014747619628906,0.3324490795442809
pilot,b1_h1_w2_n10_a1.5,abf,1.0,1.0,100,0.5660377144813538,-0.10498474538326263,-2.3361735939979553,0.6602238714694977,nan,74151086.0,-0.09916812926530838,-2.2680840492248535,0.3393789533254806
pilot,b1_h1_w2_n10_a1.5,abf,1.0,1.0,100,0.5748427510261536,-0.1262468695640564,-2.4933605790138245,0.66151262819767,nan,74378518.0,-0.11979888379573822,-2.434694528579712,0.3464533210574123
pilot,b1_h1_w2_n10_a1.5,abf,1.0,1.0,100,0.5836477875709534,-0.14881977438926697,-2.6339462399482727,0.6628723293542862,nan,74621136.0,-0.1404295116662979,-2.601303815841675,0.3536751094686327
pilot,b1_h1_w2_n10_a1.5,abf,1.0,1.0,100,0.5924528241157532,-0.17255927622318268,-2.7583062052726746,0.6642859578132629,nan,74882592.0,-0.1645209789276123,-2.69521427154541,0.3622991273010788
pilot,b1_h1_w2_n10_a1.5,abf,1.0,1.0,100,0.601257860660553,-0.19732415676116943,-2.866865634918213,0.665733203291893,nan,75163082.0,-0.18875649571418762,-2.786095142364502,0.3711868987266053
pilot,b1_h1_w2_n10_a1.5,abf,1.0,1.0,100,0.6100628972053528,-0.22297894954681396,-2.9604325890541077,0.6671943217515945,nan,75463450.0,-0.2129921317100525,-2.876976728439331,0.38029274659665363
pilot,b1_h1_w2_n10_a1.5,abf,1.0,1.0,100,0.6188679337501526,-0.2493966966867447,-3.040169894695282,0.6686538308858871,nan,75781308.0,-0.2385811060667038,-2.922757863998413,0.3901496237786039
pilot,b1_h1_w2_n10_a1.5,abf,1.0,1.0,100,0.6276729702949524,-0.27646201848983765,-3.1075212955474854,0.6701032668352127,nan,76113148.0,-0.26455196738243103,-2.955819606781006,0.4004148671831056
pilot,b1_h1_w2_n10_a1.5,abf,1.0,1.0,100,0.6364780068397522,-0.30407261848449707,-3.1640235781669617,0.6715424209833145,nan,76453698.0,-0.29052281379699707,-2.9888811111450195,0.4109501937213527
pilot,b1_h1_w2_n10_a1.5,abf,1.0,1.0,100,0.645283043384552,-0.3321394547820091,-3.2111541628837585,0.6729795336723328,nan,76797538.0,-0.3169684112071991,-3.016188621520996,0.4219629953315962
pilot,b1_h1_w2_n10_a1.5,abf,1.0,1.0,100,0.6540880799293518,-0.3605862408876419,-3.2503256797790527,0.67442986369133,nan,77141744.0,-0.34373071789741516,-3.0396599769592285,0.43340816489577993
pilot,b1_h1_w2_n10_a1.5,abf,1.0,1.0,100,0.6628930568695068,-0.3893490508198738,-3.28293776512146,0.6759131252765656,nan,77482232.0,-0.37049272656440735,-3.063131332397461,0.4451636363734999
pilot,b1_h1_w2_n10_a1.5,abf,1.0,1.0,100,0.6716980934143066,-0.41837599873542786,-3.3103224635124207,0.6774499863386154,nan,77818880.0,-0.39763200283050537,-3.0938127040863037,0.4574104889600335
pilot,b1_h1_w2_n10_a1.5,abf,1.0,1.0,100,0.6805031299591064,-0.4476267620921135,-3.3337751030921936,0.6790586113929749,nan,78152632.0,-0.42529168725013733,-3.1344504356384277,0.4702389159926073
pilot,b1_h1_w2_n10_a1.5,abf,1.0,1.0,100,0.6893081665039062,-0.477072611451149,-3.3546343445777893,0.6807509660720825,nan,78484826.0,-0.4529515504837036,-3.17508864402771,0.48342721251718684
pilot,b1_h1_w2_n10_a1.5,abf,1.0,1.0,100,0.698113203048706,-0.5066962689161301,-3.374210476875305,0.6825301349163055,nan,78817006.0,-0.4808654487133026,-3.214376211166382,0.4971116550482422
pilot,b1_h1_w2_n10_a1.5,abf,1.0,1.0,100,0.7069182395935059,-0.5364920496940613,-3.393681049346924,0.6843888014554977,nan,79146594.0,-0.5095843076705933,-3.249389410018921,0.5115951133030919
pilot,b1_h1_w2_n10_a1.5,abf,1.0,1.0,100,0.7157232761383057,-0.5664623230695724,-3.413853704929352,0.6863091737031937,nan,79472548.0,-0.5383034348487854,-3.284402847290039,0.5265006915429328
pilot,b1_h1_w2_n10_a1.5,abf,1.0,1.0,100,0.7245283126831055,-0.5966153591871262,-3.4351820945739746,0.688264474272728,nan,79790638.0,-0.5670768618583679,-3.3191161155700684,0.5418699738724772
pilot,b1_h1_w2_n10_a1.5,abf,1.0,1.0,100,0.7333333492279053,-0.6269620805978775,-3.457865357398987,0.6902222186326981,nan,80098116.0,-0.5967060327529907,-3.3491315841674805,0.5581653490505446
pilot,b1_h1_w2_n10_a1.5,abf,1.0,1.0,100,0.7421383857727051,-0.6575140058994293,-3.481783390045166,0.692148432135582,nan,80393168.0,-0.626335620880127,-3.379147529602051,0.5749510064978252
pilot,b1_h1_w2_n10_a1.5,abf,1.0,1.0,100,0.7509434223175049,-0.6882801502943039,-3.506514310836792,0.6940129697322845,nan,80675470.0,-0.6559647917747498,-3.409162998199463,0.5922412104427562
pilot,b1_h1_w2_n10_a1.5,abf,1.0,1.0,100,0.7597483992576599,-0.7192638069391251,-3.531201481819153,0.6957949995994568,nan,80946038.0,-0.6863732933998108,-3.4420127868652344,0.6105269908292785
pilot,b1_h1_w2_n10_a1.5,abf,1.0,1.0,100,0.7685534358024597,-0.7504594326019287,-3.5546534061431885,0.6974879503250122,nan,81203918.0,-0.7168880701065063,-3.4752488136291504,0.6294442456513539
pilot,b1_h1_w2_n10_a1.5,abf,1.0,1.0,100,0.7773584723472595,-0.7818497717380524,-3.575436592102051,0.6991036981344223,nan,81450604.0,-0.7474028468132019,-3.5084850788116455,0.6489476539693089
pilot,b1_h1_w2_n10_a1.5,abf,1.0,1.0,100,0.7861635088920593,-0.8134054839611053,-3.5922160744667053,0.7006752789020538,nan,81685718.0,-0.7784722447395325,-3.534806966781616,0.6694265530531558
pilot,b1_h1_w2_n10_a1.5,abf,1.0,1.0,100,0.7949685454368591,-0.8450862914323807,-3.60384863615036,0.7022575587034225,nan,81909014.0,-0.8097796440124512,-3.558166027069092,0.6907160783803128
pilot,b1_h1_w2_n10_a1.5,abf,1.0,1.0,100,0.8037735819816589,-0.8768423050642014,-3.6092993021011353,0.7039260119199753,nan,82120916.0,-0.841086745262146,-3.581524610519409,0.7126824542194455
pilot,b1_h1_w2_n10_a1.5,abf,1.0,1.0,100,0.8125786185264587,-0.9086137115955353,-3.60738867521286,0.7057738751173019,nan,82322668.0,-0.8724710941314697,-3.586109161376953,0.735404217869775
pilot,b1_h1_w2_n10_a1.5,abf,1.0,1.0,100,0.8213836550712585,-0.940330982208252,-3.5969610810279846,0.7079070061445236,nan,82515970.0,-0.9039267301559448,-3.5733642578125,0.7589044956931406
pilot,b1_h1_w2_n10_a1.5,abf,1.0,1.0,100,0.8301886916160583,-0.9719144552946091,-3.5770007967948914,0.7104379534721375,nan,82704438.0,-0.9353827238082886,-3.5606191158294678,0.7831560189066791
pilot,b1_h1_w2_n10_a1.5,abf,1.0,1.0,100,0.8389937281608582,-1.0032776445150375,-3.5469157695770264,0.7134793847799301,nan,82889228.0,-0.9664792418479919,-3.530886650085449,0.8078920531780517
pilot,b1_h1_w2_n10_a1.5,abf,1.0,1.0,100,0.847798764705658,-1.0343296527862549,-3.5063223838806152,0.717136949300766,nan,83072746.0,-0.9968785047531128,-3.4681806564331055,0.8328284802887249
pilot,b1_h1_w2_n10_a1.5,abf,1.0,1.0,100,0.8566038012504578,-1.064975768327713,-3.45472913980484,0.7215034663677216,nan,83257790.0,-1.027278184890747,-3.4054741859436035,0.8585349543239816
pilot,b1_h1_w2_n10_a1.5,abf,1.0,1.0,100,0.8654087781906128,-1.0951163470745087,-3.3914692401885986,0.7266538590192795,nan,83444208.0,-1.0572885274887085,-3.3350486755371094,0.8846903861903899
pilot,b1_h1_w2_n10_a1.5,abf,1.0,1.0,100,0.8742138147354126,-1.1246438026428223,-3.3154757022857666,0.7326423823833466,nan,83634738.0,-1.085256814956665,-3.2241010665893555,0.9097829232297331
pilot,b1_h1_w2_n10_a1.5,abf,1.0,1.0,100,0.8830188512802124,-1.1534411311149597,-3.2256219387054443,0.7395015209913254,nan,83828840.0,-1.113224983215332,-3.1131534576416016,0.9355870501707891
pilot,b1_h1_w2_n10_a1.5,abf,1.0,1.0,100,0.8918238878250122,-1.18138188123703,-3.1209277510643005,0.7472440153360367,nan,84028800.0,-1.1411935091018677,-3.002204179763794,0.9621234023385247
pilot,b1_h1_w2_n10_a1.5,abf,1.0,1.0,100,0.900628924369812,-1.208332747220993,-3.000761926174164,0.7558664381504059,nan,84234938.0,-1.165738821029663,-2.8642349243164062,0.9860312336452269
pilot,b1_h1_w2_n10_a1.5,abf,1.0,1.0,100,0.9094339609146118,-1.2341556549072266,-2.8647212386131287,0.7653554081916809,nan,84452352.0,-1.1902145147323608,-2.725714683532715,1.0104628022444808
pilot,b1_h1_w2_n10_a1.5,abf,1.0,1.0,100,0.9182389974594116,-1.2587104439735413,-2.7127532958984375,0.7756945937871933,nan,84680918.0,-1.2146904468536377,-2.5871927738189697,1.035499975369844
pilot,b1_h1_w2_n10_a1.5,abf,1.0,1.0,100,0.9270440340042114,-1.2818574011325836,-2.5449153780937195,0.7868729680776596,nan,84921806.0,-1.2356497049331665,-2.419145345687866,1.0574323266164178
pilot,b1_h1_w2_n10_a1.5,abf,1.0,1.0,100,0.9358490705490112,-1.3034577667713165,-2.361452579498291,0.7988919019699097,nan,85172554.0,-1.2557300329208374,-2.2437169551849365,1.0788805374234969
pilot,b1_h1_w2_n10_a1.5,abf,1.0,1.0,100,0.944654107093811,-1.3233758509159088,-2.1627902388572693,0.8117715120315552,nan,85431792.0,-1.2758104801177979,-2.068288803100586,1.1007639198182626
pilot,b1_h1_w2_n10_a1.5,abf,1.0,1.0,100,0.9534591436386108,-1.3414799571037292,-1.9494278132915497,0.8255545794963837,nan,85698132.0,-1.2924401760101318,-1.8639161586761475,1.1192223426504384
pilot,b1_h1_w2_n10_a1.5,abf,1.0,1.0,100,0.9622641801834106,-1.357642948627472,-1.7218790650367737,0.8403073251247406,nan,85968594.0,-1.306955099105835,-1.6418087482452393,1.1355862419523617
pilot,b1_h1_w2_n10_a1.5,abf,1.0,1.0,100,0.9710691571235657,-1.3717407286167145,-1.4803347885608673,0.8561171889305115,nan,86242746.0,-1.321469783782959,-1.4197040796279907,1.1521891194591254
pilot,b1_h1_w2_n10_a1.5,abf,1.0,1.0,100,0.9798741936683655,-1.3836489915847778,-1.224526286125183,0.8730867505073547,nan,86520886.0,-1.3329460620880127,-1.1760237216949463,1.1654881280542022
pilot,b1_h1_w2_n10_a1.5,abf,1.0,1.0,100,0.9886792302131653,-1.393239676952362,-0.9539216458797455,0.8913249224424362,nan,86801280.0,-1.3405556678771973,-0.9048842191696167,1.1743908634539053
pilot,b1_h1_w2_n10_a1.5,abf,1.0,1.0,100,0.9974842667579651,-1.4003797769546509,-0.6679262071847916,0.9109354913234711,nan,87081680.0,-1.3481652736663818,-0.6337479948997498,1.1833616035768564
pilot,b1_h1_w2_n10_a1.5,abf,1.0,1.0,100,1.0062893629074097,-1.4049327969551086,-0.36625978350639343,0.9320044070482254,nan,87361452.0,-1.353621482849121,-0.3498075008392334,1.1898359185714498
pilot,b1_h1_w2_n10_a1.5,abf,1.0,1.0,100,1.01509428024292,-1.4067618548870087,-0.04919539450202137,0.9545864462852478,nan,87639786.0,-1.352949857711792,-0.029444962739944458,1.1890370631549585
pilot,b1_h1_w2_n10_a1.5,abf,1.0,1.0,100,1.0238993167877197,-1.405734658241272,0.2825130932033062,0.9786935150623322,nan,87915972.0,-1.3522783517837524,0.29092538356781006,1.1882388857388173
pilot,b1_h1_w2_n10_a1.5,abf,1.0,1.0,100,1.0327043533325195,-1.4017262160778046,0.6279760301113129,1.0042844861745834,nan,88190808.0,-1.3508371114730835,0.6150045990943909,1.1865275814545684
pilot,b1_h1_w2_n10_a1.5,abf,1.0,1.0,100,1.0415093898773193,-1.3946179747581482,0.9866123646497726,1.031258374452591,nan,88465580.0,-1.3405455350875854,0.9817725419998169,1.174378963658653
pilot,b1_h1_w2_n10_a1.5,abf,1.0,1.0,100,1.0503144264221191,-1.384293645620346,1.3584855198860168,1.0594514310359955,nan,88741880.0,-1.3302538394927979,1.3485448360443115,1.1623545945589098
pilot,b1_h1_w2_n10_a1.5,abf,1.0,1.0,100,1.059119462966919,-1.370633214712143,1.7443807125091553,1.088638037443161,nan,89022870.0,-1.319962501525879,1.7153128385543823,1.1504537534143364
pilot,b1_h1_w2_n10_a1.5,abf,1.0,1.0,100,1.0679244995117188,-1.3535069525241852,2.1457204818725586,1.1185356676578522,nan,89308094.0,-1.299815058708191,2.125884771347046,1.127506987734019
pilot,b1_h1_w2_n10_a1.5,abf,1.0,1.0,100,1.0767295360565186,-1.3327714502811432,2.564196288585663,1.1488139629364014,nan,89598662.0,-1.2785727977752686,2.541322946548462,1.1038087829341316
pilot,b1_h1_w2_n10_a1.5,abf,1.0,1.0,100,1.0855345726013184,-1.30826798081398,3.0015900135040283,1.1791060268878937,nan,89893428.0,-1.257330060005188,2.95676589012146,1.0806081572548425
pilot,b1_h1_w2_n10_a1.5,abf,1.0,1.0,100,1.0943396091461182,-1.279822826385498,3.459602177143097,1.2090212404727936,nan,90190364.0,-1.2272289991378784,3.4067258834838867,1.048565385441926
pilot,b1_h1_w2_n10_a1.5,abf,1.0,1.0,100,1.103144645690918,-1.2472475469112396,3.939641237258911,1.2381613850593567,nan,90489496.0,-1.19368314743042,3.8701090812683105,1.0139738122423592
pilot,b1_h1_w2_n10_a1.5,abf,1.0,1.0,100,1.1119496822357178,-1.2103438973426819,4.442754507064819,1.2661319971084595,nan,90789854.0,-1.1601372957229614,4.333492279052734,0.9805233952863932
pilot,b1_h1_w2_n10_a1.5,abf,1.0,1.0,100,1.1207547187805176,-1.1689062118530273,4.969518780708313,1.2925569415092468,nan,91094596.0,-1.1190268993377686,4.836696624755859,0.9410310252331067
pilot,b1_h1_w2_n10_a1.5,abf,1.0,1.0,100,1.1295597553253174,-1.122724562883377,5.520322322845459,1.317088097333908,nan,91405742.0,-1.0714740753173828,5.373809337615967,0.8973296393938931
pilot,b1_h1_w2_n10_a1.5,abf,1.0,1.0,100,1.1383647918701172,-1.0715852081775665,6.095607042312622,1.339413732290268,nan,91722502.0,-1.0239213705062866,5.910921573638916,0.8556578435048916
pilot,b1_h1_w2_n10_a1.5,abf,1.0,1.0,100,1.147169828414917,-1.0152687728404999,6.696258306503296,1.359263151884079,nan,92040020.0,-0.9707033634185791,6.465903282165527,0.8113119052770054
pilot,b1_h1_w2_n10_a1.5,abf,1.0,1.0,100,1.1559748649597168,-0.953545406460762,7.323758244514465,1.3764094114303589,nan,92344452.0,-0.907416820526123,7.052629470825195,0.7615577683528909
pilot,b1_h1_w2_n10_a1.5,abf,1.0,1.0,100,1.1647799015045166,-0.8861696273088455,7.980159163475037,1.3906680643558502,nan,92603640.0,-0.8441303968429565,7.639355659484863,0.7148549157286933
pilot,b1_h1_w2_n10_a1.5,abf,1.0,1.0,100,1.1735849380493164,-0.8128772974014282,8.667657375335693,1.4018960893154144,nan,92771590.0,-0.7782024145126343,8.203507423400879,0.6692459459021838
pilot,b1_h1_w2_n10_a1.5,abf,1.0,1.0,100,1.1823899745941162,-0.7333857715129852,9.38826298713684,1.4099874198436737,nan,92777912.0,-0.700242280960083,8.664835929870605,0.6190533715347716
pilot,b1_h1_w2_n10_a1.5,abf,1.0,1.0,100,1.191195011138916,-0.6473988890647888,10.143033027648926,1.4148700535297394,nan,92533442.0,-0.6222829818725586,9.12615966796875,0.5726256527137877
pilot,b1_h1_w2_n10_a1.5,abf,1.0,1.0,100,1.2000000476837158,-0.5549985021352768,10.845044374465942,1.4165021181106567,nan,91937160.0,-1.0534225702285767,0.0,0.8812768135833271
pilot,b1_h1_w2_n10_a1.5,fr_estimated,1.0,1.0,100,-0.20000000298023224,-0.8631460070610046,-13.778437376022339,0.7617107331752777,0.714155837893486,46624790.0,-1.0534225702285767,-10.859052658081055,0.8812768135833271
pilot,b1_h1_w2_n10_a1.5,fr_estimated,1.0,1.0,100,-0.19119496643543243,-0.9760391563177109,-11.86442232131958,0.7599576264619827,0.7141576111316681,48503271.0,-1.1344455480575562,-9.816811561584473,0.9556528870451712
pilot,b1_h1_w2_n10_a1.5,fr_estimated,1.0,1.0,100,-0.18238992989063263,-1.0721276104450226,-9.961404800415039,0.7547785639762878,0.7141583412885666,49896054.0,-1.2154685258865356,-8.77457046508789,1.0363059897200146
pilot,b1_h1_w2_n10_a1.5,fr_estimated,1.0,1.0,100,-0.17358490824699402,-1.1524693071842194,-8.287628650665283,0.7464088201522827,0.7141600996255875,50924481.0,-1.2964913845062256,-7.732330322265625,1.123765742630337
pilot,b1_h1_w2_n10_a1.5,fr_estimated,1.0,1.0,100,-0.1647798717021942,-1.2189148366451263,-6.804989337921143,0.7352223843336105,0.7141621857881546,51700021.0,-1.352218508720398,-6.592520713806152,1.1881677800115114
pilot,b1_h1_w2_n10_a1.5,fr_estimated,1.0,1.0,100,-0.1559748500585556,-1.273010015487671,-5.482363343238831,0.7217063009738922,0.7141663432121277,52313605.0,-1.402392864227295,-5.431296348571777,1.2493042488587236
pilot,b1_h1_w2_n10_a1.5,fr_estimated,1.0,1.0,100,-0.1471698135137558,-1.316052496433258,-4.294423937797546,0.7064286470413208,0.7141681760549545,52833840.0,-1.452567458152771,-4.270069599151611,1.3135867716559593
pilot,b1_h1_w2_n10_a1.5,fr_estimated,1.0,1.0,100,-0.138364776968956,-1.3491387069225311,-3.220860004425049,0.6900017559528351,0.7141723781824112,53305809.0,-1.4839993715286255,-3.2564666271209717,1.3555310586374376
pilot,b1_h1_w2_n10_a1.5,fr_estimated,1.0,1.0,100,-0.12955975532531738,-1.373205691576004,-2.245782792568207,0.6730451732873917,0.7141761034727097,53755771.0,-1.5048885345458984,-2.325901746749878,1.3841447858260862
pilot,b1_h1_w2_n10_a1.5,fr_estimated,1.0,1.0,100,-0.12075471878051758,-1.3890655636787415,-1.3566848635673523,0.6561500132083893,0.714179664850235,54198554.0,-1.525777816772461,-1.3953361511230469,1.4133626849120504
pilot,b1_h1_w2_n10_a1.5,fr_estimated,1.0,1.0,100,-0.11194968223571777,-1.3974319696426392,-0.5436759442090988,0.6398485153913498,0.7141844928264618,54639372.0,-1.5361969470977783,-0.5730165243148804,1.428165678165669
pilot,b1_h1_w2_n10_a1.5,fr_estimated,1.0,1.0,100,-0.10314465314149857,-1.398938626050949,0.2014404498040676,0.6245898455381393,0.7141873091459274,55081299.0,-1.5343248844146729,0.1222308874130249,1.42549456352141
pilot,b1_h1_w2_n10_a1.5,fr_estimated,1.0,1.0,100,-0.09433962404727936,-1.3941528797149658,0.885609582066536,0.6107240468263626,0.7141902297735214,55522730.0,-1.532452940940857,0.8174782991409302,1.4228286143078777
pilot,b1_h1_w2_n10_a1.5,fr_estimated,1.0,1.0,100,-0.08553458750247955,-1.3835855722427368,1.5146766006946564,0.5984941273927689,0.7141929715871811,55962970.0,-1.525779366493225,1.4663487672805786,1.4133648752312478
pilot,b1_h1_w2_n10_a1.5,fr_estimated,1.0,1.0,100,-0.07672955840826035,-1.3677012920379639,2.093323826789856,0.5880366265773773,0.7141953855752945,56400363.0,-1.5067591667175293,1.995964527130127,1.386736434847928
pilot,b1_h1_w2_n10_a1.5,fr_estimated,1.0,1.0,100,-0.06792452931404114,-1.3469283878803253,2.6250829100608826,0.5793884992599487,0.7141965180635452,56834997.0,-1.487739086151123,2.5255801677703857,1.360609848652213
pilot,b1_h1_w2_n10_a1.5,fr_estimated,1.0,1.0,100,-0.05911949649453163,-1.3216682970523834,3.1125760078430176,0.5725004822015762,0.7141990065574646,57266647.0,-1.4674173593521118,3.0422394275665283,1.3332389608258823
pilot,b1_h1_w2_n10_a1.5,fr_estimated,1.0,1.0,100,-0.050314463675022125,-1.292301505804062,3.5578808188438416,0.567253828048706,0.7142003029584885,57695938.0,-1.4353818893432617,3.442294120788574,1.2912049091824847
pilot,b1_h1_w2_n10_a1.5,fr_estimated,1.0,1.0,100,-0.04150943458080292,-1.2591913044452667,3.9628571271896362,0.563479408621788,0.7142038494348526,58123436.0,-1.403346300125122,3.8423495292663574,1.2504959483911753
pilot,b1_h1_w2_n10_a1.5,fr_estimated,1.0,1.0,100,-0.03270440176129341,-1.2226843535900116,4.329442143440247,0.5609769374132156,0.7142065912485123,58548013.0,-1.3713107109069824,4.242404937744141,1.2110704550626386
pilot,b1_h1_w2_n10_a1.5,fr_estimated,1.0,1.0,100,-0.023899370804429054,-1.1831098198890686,4.65962815284729,0.5595332384109497,0.7142104804515839,58967971.0,-1.3303309679031372,4.545230865478516,1.1624442485784303
pilot,b1_h1_w2_n10_a1.5,fr_estimated,1.0,1.0,100,-0.015094339847564697,-1.1407802104949951,4.955245852470398,0.558938056230545,0.7142144441604614,59381212.0,-1.2885735034942627,4.839602947235107,1.1149030324395608
pilot,b1_h1_w2_n10_a1.5,fr_estimated,1.0,1.0,100,-0.006289307959377766,-1.0959931015968323,5.217820525169373,0.558996707201004,0.7142188549041748,59784787.0,-1.2468159198760986,5.133974552154541,1.0693060119526918
pilot,b1_h1_w2_n10_a1.5,fr_estimated,1.0,1.0,100,0.002515723230317235,-1.0490346252918243,5.448457598686218,0.5595386028289795,0.7142224162817001,60176828.0,-1.1999257802963257,5.359297752380371,1.020323477180577
pilot,b1_h1_w2_n10_a1.5,fr_estimated,1.0,1.0,100,0.011320754885673523,-1.0001836717128754,5.647686243057251,0.5604226291179657,0.7142250388860703,60558124.0,-1.151232123374939,5.560362339019775,0.9718304290886626
pilot,b1_h1_w2_n10_a1.5,fr_estimated,1.0,1.0,100,0.02012578584253788,-0.9497150331735611,5.815914511680603,0.5615383684635162,0.7142292112112045,60929221.0,-1.1025385856628418,5.7614264488220215,0.9256422268163169
pilot,b1_h1_w2_n10_a1.5,fr_estimated,1.0,1.0,100,0.028930816799402237,-0.8979006260633469,5.953357815742493,0.5628043115139008,0.7142331004142761,61291519.0,-1.051440715789795,5.9090189933776855,0.879531980791943
pilot,b1_h1_w2_n10_a1.5,fr_estimated,1.0,1.0,100,0.03773584961891174,-0.8450102359056473,6.060311675071716,0.5641641318798065,0.7142376154661179,61645358.0,-0.9984540939331055,6.0145978927612305,0.8341417101147376
pilot,b1_h1_w2_n10_a1.5,fr_estimated,1.0,1.0,100,0.04654087871313095,-0.7913122177124023,6.13681161403656,0.5655806362628937,0.7142425328493118,61991018.0,-0.9454676508903503,6.120177268981934,0.7910940502061381
pilot,b1_h1_w2_n10_a1.5,fr_estimated,1.0,1.0,100,0.05534591153264046,-0.7370751649141312,6.182740569114685,0.5670298486948013,0.7142474502325058,62325813.0,-0.8918243050575256,6.1924262046813965,0.7497752652197653
pilot,b1_h1_w2_n10_a1.5,fr_estimated,1.0,1.0,100,0.06415094435214996,-0.6825705170631409,6.197606205940247,0.5684943795204163,0.7142520993947983,62646783.0,-0.8371092081069946,6.210293769836426,0.7098533634147315
pilot,b1_h1_w2_n10_a1.5,fr_estimated,1.0,1.0,100,0.07295597344636917,-0.6280745714902878,6.180753946304321,0.5699588656425476,0.7142557203769684,62949919.0,-0.782394289970398,6.228160858154297,0.6720572297172204
pilot,b1_h1_w2_n10_a1.5,fr_estimated,1.0,1.0,100,0.08176100999116898,-0.5738704800605774,6.131320595741272,0.5714057385921478,0.7142582833766937,63230327.0,-0.7278236150741577,6.228581428527832,0.6363653354767429
pilot,b1_h1_w2_n10_a1.5,fr_estimated,1.0,1.0,100,0.09056603908538818,-0.5202486664056778,6.048496842384338,0.5728137940168381,0.714259684085846,63483579.0,-0.6738299131393433,6.15921688079834,0.6029167474924738
pilot,b1_h1_w2_n10_a1.5,fr_estimated,1.0,1.0,100,0.09937106817960739,-0.4675062596797943,5.931557655334473,0.574158251285553,0.714259535074234,63705028.0,-0.6198359727859497,6.089851379394531,0.5712261455400941
pilot,b1_h1_w2_n10_a1.5,fr_estimated,1.0,1.0,100,0.1081760972738266,-0.41594795882701874,5.77954375743866,0.575412780046463,0.7142582088708878,63891469.0,-0.5659145712852478,6.018078804016113,0.5412405293795493
pilot,b1_h1_w2_n10_a1.5,fr_estimated,1.0,1.0,100,0.1169811338186264,-0.3658875972032547,5.591304898262024,0.5765527337789536,0.7142565250396729,64040170.0,-0.5155476927757263,5.828371524810791,0.514655066753881
pilot,b1_h1_w2_n10_a1.5,fr_estimated,1.0,1.0,100,0.1257861703634262,-0.3176521062850952,5.36505651473999,0.5775594264268875,0.7142540216445923,64149906.0,-0.46518072485923767,5.638663291931152,0.48937542492959113
pilot,b1_h1_w2_n10_a1.5,fr_estimated,1.0,1.0,100,0.13459119200706482,-0.2715865224599838,5.098402261734009,0.5784241259098053,0.7142511606216431,64219588.0,-0.4148138165473938,5.448955535888672,0.4653375362845932
pilot,b1_h1_w2_n10_a1.5,fr_estimated,1.0,1.0,100,0.14339622855186462,-0.22805948555469513,4.788446307182312,0.5791514068841934,0.7142479121685028,64247065.0,-0.3705885112285614,5.139273643493652,0.44520627826509057
pilot,b1_h1_w2_n10_a1.5,fr_estimated,1.0,1.0,100,0.15220126509666443,-0.18746691942214966,4.431877613067627,0.579761415719986,0.7142441421747208,64232383.0,-0.3275328576564789,4.80673885345459,0.4264444310631691
pilot,b1_h1_w2_n10_a1.5,fr_estimated,1.0,1.0,100,0.16100628674030304,-0.1502326875925064,4.025605380535126,0.5802901983261108,0.7142400741577148,64176879.0,-0.2844775915145874,4.474207401275635,0.4084734023732288
pilot,b1_h1_w2_n10_a1.5,fr_estimated,1.0,1.0,100,0.16981132328510284,-0.11680258810520172,3.567796230316162,0.580788254737854,0.7142357230186462,64083538.0,-0.2488744556903839,4.048299312591553,0.3941863101321449
pilot,b1_h1_w2_n10_a1.5,fr_estimated,1.0,1.0,100,0.17861634492874146,-0.08762732148170471,3.059155762195587,0.5813173651695251,0.7142314910888672,63958016.0,-0.21711060404777527,3.574293851852417,0.3818622014134733
pilot,b1_h1_w2_n10_a1.5,fr_estimated,1.0,1.0,100,0.18742138147354126,-0.06313318014144897,2.5045193433761597,0.5819461792707443,0.7142273187637329,63809257.0,-0.18534664809703827,3.1002867221832275,0.3699233634201588
pilot,b1_h1_w2_n10_a1.5,fr_estimated,1.0,1.0,100,0.19622641801834106,-0.04367934167385101,1.9142776429653168,0.5827450752258301,0.7142234742641449,63650362.0,-0.16081826388835907,2.564504861831665,0.3609601173896107
pilot,b1_h1_w2_n10_a1.5,fr_estimated,1.0,1.0,100,0.20503143966197968,-0.02950415015220642,1.3055051267147064,0.5837808549404144,0.7142203599214554,63497769.0,-0.1441282331943512,1.9618018865585327,0.3549856774288188
pilot,b1_h1_w2_n10_a1.5,fr_estimated,1.0,1.0,100,0.21383647620677948,-0.020665645599365234,0.7021015733480453,0.5851123631000519,0.7142181545495987,63371614.0,-0.12743821740150452,1.3590989112854004,0.34911012875516023
pilot,b1_h1_w2_n10_a1.5,fr_estimated,1.0,1.0,100,0.22264151275157928,-0.016988053917884827,0.13323576003313065,0.586787074804306,0.7142172753810883,63292291.0,-0.11549652367830276,0.7788585424423218,0.3449659559907107
pilot,b1_h1_w2_n10_a1.5,fr_estimated,1.0,1.0,100,0.2314465343952179,-0.01803150773048401,-0.37025080621242523,0.5888390988111496,0.7142180949449539,63278786.0,-0.1146339699625969,0.25102993845939636,0.34466853261383856
pilot,b1_h1_w2_n10_a1.5,fr_estimated,1.0,1.0,100,0.2402515709400177,-0.023099705576896667,-0.7809548825025558,0.5912891924381256,0.7142207324504852,63344779.0,-0.11377140134572983,-0.27679866552352905,0.34437136053846257
pilot,b1_h1_w2_n10_a1.5,fr_estimated,1.0,1.0,100,0.2490566074848175,-0.0312928706407547,-1.080064058303833,0.5941454321146011,0.7142251282930374,63495615.0,-0.11399698257446289,-0.7556647062301636,0.34444905301576606
pilot,b1_h1_w2_n10_a1.5,fr_estimated,1.0,1.0,100,0.2578616440296173,-0.041597962379455566,-1.2606654167175293,0.597405418753624,0.714230939745903,63729745.0,-0.12220155447721481,-0.8754902482032776,0.3472867351032343
pilot,b1_h1_w2_n10_a1.5,fr_estimated,1.0,1.0,100,0.2666666805744171,-0.05299535393714905,-1.3281707167625427,0.6010585427284241,0.7142374664545059,64037278.0,-0.13040617108345032,-0.9953165054321289,0.3501478105812788
pilot,b1_h1_w2_n10_a1.5,fr_estimated,1.0,1.0,100,0.27547168731689453,-0.06455598771572113,-1.2977416217327118,0.6050882041454315,0.7142441421747208,64404476.0,-0.13861069083213806,-1.1151412725448608,0.35303242245444616
pilot,b1_h1_w2_n10_a1.5,fr_estimated,1.0,1.0,100,0.28427672386169434,-0.07550904154777527,-1.1901697516441345,0.6094733327627182,0.7142502516508102,64815698.0,-0.1449621170759201,-0.8773218393325806,0.35528181771956174
pilot,b1_h1_w2_n10_a1.5,fr_estimated,1.0,1.0,100,0.29308176040649414,-0.08527250587940216,-1.027528554201126,0.6141888350248337,0.7142555415630341,65256912.0,-0.1511952131986618,-0.6166762113571167,0.35750323941542644
pilot,b1_h1_w2_n10_a1.5,fr_estimated,1.0,1.0,100,0.30188679695129395,-0.09344972670078278,-0.8298686146736145,0.6192051470279694,0.7142598479986191,65715870.0,-0.1574283391237259,-0.3560289442539215,0.35973856140986177
pilot,b1_h1_w2_n10_a1.5,fr_estimated,1.0,1.0,100,0.31069183349609375,-0.09980352222919464,-0.6133572310209274,0.6244863867759705,0.7142632752656937,66184011.0,-0.15749062597751617,-0.05079604685306549,0.35976096909088384
pilot,b1_h1_w2_n10_a1.5,fr_estimated,1.0,1.0,100,0.31949687004089355,-0.10421979427337646,-0.3897664397954941,0.6299882233142853,0.714265987277031,66654777.0,-0.1556042730808258,0.2685186266899109,0.3590829726160746
pilot,b1_h1_w2_n10_a1.5,fr_estimated,1.0,1.0,100,0.32830187678337097,-0.10667063295841217,-0.1669224612414837,0.6356552243232727,0.7142681330442429,67125233.0,-0.15371794998645782,0.5878332257270813,0.35840626455770996
pilot,b1_h1_w2_n10_a1.5,fr_estimated,1.0,1.0,100,0.3371069133281708,-0.10718438029289246,0.050234431168064475,0.6414186507463455,0.7142697721719742,67593904.0,-0.14769470691680908,0.8322320580482483,0.35625398486741594
pilot,b1_h1_w2_n10_a1.5,fr_estimated,1.0,1.0,100,0.3459119498729706,-0.10582591593265533,0.25833024829626083,0.6471950560808182,0.7142707854509354,68059660.0,-0.13867580890655518,1.022385835647583,0.3530554119945124
pilot,b1_h1_w2_n10_a1.5,fr_estimated,1.0,1.0,100,0.3547169864177704,-0.10268862545490265,0.45428117364645004,0.6528864800930023,0.714271292090416,68523384.0,-0.12965698540210724,1.212538480758667,0.3498855830960415
pilot,b1_h1_w2_n10_a1.5,fr_estimated,1.0,1.0,100,0.3635220229625702,-0.097895547747612,0.6344315856695175,0.6583817005157471,0.714271143078804,68984846.0,-0.11925237625837326,1.3495452404022217,0.34626403343437684
pilot,b1_h1_w2_n10_a1.5,fr_estimated,1.0,1.0,100,0.3723270297050476,-0.09160535037517548,0.7943466007709503,0.6635601818561554,0.7142705768346786,69444234.0,-0.10676942020654678,1.4068342447280884,0.3419685009729993
pilot,b1_h1_w2_n10_a1.5,fr_estimated,1.0,1.0,100,0.3811320662498474,-0.08401757478713989,0.9291633665561676,0.6682967990636826,0.714269682765007,69899350.0,-0.09428630024194717,1.4641237258911133,0.33772620081121485
pilot,b1_h1_w2_n10_a1.5,fr_estimated,1.0,1.0,100,0.3899371027946472,-0.07537387311458588,1.0341934263706207,0.6724683344364166,0.7142687290906906,70349530.0,-0.08176401257514954,1.499009370803833,0.333523465023599
pilot,b1_h1_w2_n10_a1.5,fr_estimated,1.0,1.0,100,0.398742139339447,-0.06595362722873688,1.1055468320846558,0.6759605705738068,0.7142677754163742,70790252.0,-0.0691024586558342,1.4544649124145508,0.32932716160951253
pilot,b1_h1_w2_n10_a1.5,fr_estimated,1.0,1.0,100,0.4075471758842468,-0.056065633893013,1.1404396295547485,0.6786758005619049,0.7142671048641205,71218446.0,-0.056440990418195724,1.4099208116531372,0.32518368282971877
pilot,b1_h1_w2_n10_a1.5,fr_estimated,1.0,1.0,100,0.41635221242904663,-0.046037495136260986,1.137377679347992,0.6805392801761627,0.7142668813467026,71629054.0,-0.04388541728258133,1.3613710403442383,0.32112633975195704
pilot,b1_h1_w2_n10_a1.5,fr_estimated,1.0,1.0,100,0.42515721917152405,-0.03620427846908569,1.0961712300777435,0.6815051585435867,0.7142671942710876,72017524.0,-0.0338728129863739,1.2167065143585205,0.3179270720116615
pilot,b1_h1_w2_n10_a1.5,fr_estimated,1.0,1.0,100,0.43396225571632385,-0.0268976092338562,1.017770379781723,0.6815599352121353,0.7142681777477264,72378548.0,-0.023860270157456398,1.0720428228378296,0.3147596967877188
pilot,b1_h1_w2_n10_a1.5,fr_estimated,1.0,1.0,100,0.44276729226112366,-0.01843675971031189,0.9040527641773224,0.6807242929935455,0.714269831776619,72707872.0,-0.013847668655216694,0.9273782968521118,0.3116238585221258
pilot,b1_h1_w2_n10_a1.5,fr_estimated,1.0,1.0,100,0.45157232880592346,-0.011121109127998352,0.7576444000005722,0.6790525764226913,0.7142719775438309,73004462.0,-0.008103419095277786,0.7266606092453003,0.30983894471309986
pilot,b1_h1_w2_n10_a1.5,fr_estimated,1.0,1.0,100,0.46037736535072327,-0.005223661661148071,0.5819187313318253,0.6766299903392792,0.714274451136589,73267086.0,-0.003053913824260235,0.5168173909187317,0.308278354748159
pilot,b1_h1_w2_n10_a1.5,fr_estimated,1.0,1.0,100,0.46918240189552307,-0.0009844452142715454,0.38098542392253876,0.6735680401325226,0.7142769396305084,73497000.0,0.001995560945942998,0.30697545409202576,0.306725634483725
pilot,b1_h1_w2_n10_a1.5,fr_estimated,1.0,1.0,100,0.4779874086380005,0.0013957321643829346,0.1596578173339367,0.669998362660408,0.7142793089151382,73695924.0,0.002695030765607953,0.0718068778514862,0.306511164175984
pilot,b1_h1_w2_n10_a1.5,fr_estimated,1.0,1.0,100,0.4867924451828003,0.0017604678869247437,-0.07680830173194408,0.6660658121109009,0.7142814546823502,73866474.0,0.0013475194573402405,-0.1752796620130539,0.30692446984031013
pilot,b1_h1_w2_n10_a1.5,fr_estimated,1.0,1.0,100,0.4955974817276001,0.0,-0.3230706751346588,0.6619214713573456,0.7142834961414337,74012192.0,0.0,-0.4223676919937134,0.3073383353186211
pilot,b1_h1_w2_n10_a1.5,fr_estimated,1.0,1.0,100,0.5044025182723999,-0.00394931435585022,-0.5739930719137192,0.6577153950929642,0.7142856568098068,74138222.0,-0.00488165020942688,-0.6748020052909851,0.3088423215482119
pilot,b1_h1_w2_n10_a1.5,fr_estimated,1.0,1.0,100,0.5132075548171997,-0.01010751724243164,-0.8247969299554825,0.6535904556512833,0.7142881751060486,74248932.0,-0.01329740509390831,-0.932585597038269,0.3114524304375864
pilot,b1_h1_w2_n10_a1.5,fr_estimated,1.0,1.0,100,0.5220125913619995,-0.018454372882843018,-1.0711320042610168,0.6496772319078445,0.7142912149429321,74351422.0,-0.02171310782432556,-1.190367579460144,0.3140845816730349
pilot,b1_h1_w2_n10_a1.5,fr_estimated,1.0,1.0,100,0.5308176279067993,-0.028933897614479065,-1.3092143833637238,0.6460897475481033,0.7142947167158127,74451686.0,-0.03228754550218582,-1.4373574256896973,0.31742347183801384
pilot,b1_h1_w2_n10_a1.5,fr_estimated,1.0,1.0,100,0.5396226644515991,-0.04145999252796173,-1.5359991192817688,0.6429225653409958,0.7142986059188843,74556054.0,-0.047449011355638504,-1.6614116430282593,0.3222727451214871
pilot,b1_h1_w2_n10_a1.5,fr_estimated,1.0,1.0,100,0.5484277009963989,-0.055923640727996826,-1.7493105232715607,0.6402494162321091,0.7143025398254395,74669356.0,-0.06261038780212402,-1.8854644298553467,0.32719607142145396
pilot,b1_h1_w2_n10_a1.5,fr_estimated,1.0,1.0,100,0.557232677936554,-0.07219955325126648,-1.9476480185985565,0.6381225287914276,0.7143063992261887,74795626.0,-0.07853749394416809,-2.1014747619628906,0.3324490795442809
pilot,b1_h1_w2_n10_a1.5,fr_estimated,1.0,1.0,100,0.5660377144813538,-0.09015145897865295,-2.129996180534363,0.636572927236557,0.7143099009990692,74936230.0,-0.09916812926530838,-2.2680840492248535,0.3393789533254806
pilot,b1_h1_w2_n10_a1.5,fr_estimated,1.0,1.0,100,0.5748427510261536,-0.10963471233844757,-2.2954859733581543,0.6356119066476822,0.714312955737114,75092734.0,-0.11979888379573822,-2.434694528579712,0.3464533210574123
pilot,b1_h1_w2_n10_a1.5,fr_estimated,1.0,1.0,100,0.5836477875709534,-0.13049721717834473,-2.443312704563141,0.6352328062057495,0.7143154591321945,75264904.0,-0.1404295116662979,-2.601303815841675,0.3536751094686327
pilot,b1_h1_w2_n10_a1.5,fr_estimated,1.0,1.0,100,0.5924528241157532,-0.1525806188583374,-2.572767913341522,0.6354136019945145,0.7143172472715378,75452170.0,-0.1645209789276123,-2.69521427154541,0.3622991273010788
pilot,b1_h1_w2_n10_a1.5,fr_estimated,1.0,1.0,100,0.601257860660553,-0.17572174966335297,-2.683571517467499,0.6361198425292969,0.7143183201551437,75652548.0,-0.18875649571418762,-2.786095142364502,0.3711868987266053
pilot,b1_h1_w2_n10_a1.5,fr_estimated,1.0,1.0,100,0.6100628972053528,-0.1997583955526352,-2.776176691055298,0.6373079419136047,0.7143187969923019,75865288.0,-0.2129921317100525,-2.876976728439331,0.38029274659665363
pilot,b1_h1_w2_n10_a1.5,fr_estimated,1.0,1.0,100,0.6188679337501526,-0.22453655302524567,-2.851998746395111,0.6389288008213043,0.7143187522888184,76088664.0,-0.2385811060667038,-2.922757863998413,0.3901496237786039
pilot,b1_h1_w2_n10_a1.5,fr_estimated,1.0,1.0,100,0.6276729702949524,-0.24991795420646667,-2.913200080394745,0.640931248664856,0.7143184840679169,76322486.0,-0.26455196738243103,-2.955819606781006,0.4004148671831056
pilot,b1_h1_w2_n10_a1.5,fr_estimated,1.0,1.0,100,0.6364780068397522,-0.27578607201576233,-2.9625537991523743,0.6432653069496155,0.7143181562423706,76564360.0,-0.29052281379699707,-2.9888811111450195,0.4109501937213527
pilot,b1_h1_w2_n10_a1.5,fr_estimated,1.0,1.0,100,0.645283043384552,-0.30204905569553375,-3.00289124250412,0.6458852887153625,0.714318573474884,76812820.0,-0.3169684112071991,-3.016188621520996,0.4219629953315962
pilot,b1_h1_w2_n10_a1.5,fr_estimated,1.0,1.0,100,0.6540880799293518,-0.32863862812519073,-3.036735951900482,0.6487521827220917,0.71431964635849,77067058.0,-0.34373071789741516,-3.0396599769592285,0.43340816489577993
pilot,b1_h1_w2_n10_a1.5,fr_estimated,1.0,1.0,100,0.6628930568695068,-0.3555070385336876,-3.066227436065674,0.6518349051475525,0.7143216580152512,77324684.0,-0.37049272656440735,-3.063131332397461,0.4451636363734999
pilot,b1_h1_w2_n10_a1.5,fr_estimated,1.0,1.0,100,0.6716980934143066,-0.3826228827238083,-3.0929391384124756,0.6551112830638885,0.7143241912126541,77583830.0,-0.39763200283050537,-3.0938127040863037,0.4574104889600335
pilot,b1_h1_w2_n10_a1.5,fr_estimated,1.0,1.0,100,0.6805031299591064,-0.4099668934941292,-3.1180537343025208,0.6585670113563538,0.7143270373344421,77842608.0,-0.42529168725013733,-3.1344504356384277,0.4702389159926073
pilot,b1_h1_w2_n10_a1.5,fr_estimated,1.0,1.0,100,0.6893081665039062,-0.43752849847078323,-3.142364263534546,0.6621946692466736,0.7143294811248779,78097490.0,-0.4529515504837036,-3.17508864402771,0.48342721251718684
pilot,b1_h1_w2_n10_a1.5,fr_estimated,1.0,1.0,100,0.698113203048706,-0.4653029218316078,-3.1664379239082336,0.6659907251596451,0.7143311500549316,78346616.0,-0.4808654487133026,-3.214376211166382,0.4971116550482422
pilot,b1_h1_w2_n10_a1.5,fr_estimated,1.0,1.0,100,0.7069182395935059,-0.4932902902364731,-3.190690338611603,0.6699526011943817,0.7143318504095078,78587956.0,-0.5095843076705933,-3.249389410018921,0.5115951133030919
pilot,b1_h1_w2_n10_a1.5,fr_estimated,1.0,1.0,100,0.7157232761383057,-0.5214928686618805,-3.2153223752975464,0.6740747839212418,0.7143313139677048,78818496.0,-0.5383034348487854,-3.284402847290039,0.5265006915429328
pilot,b1_h1_w2_n10_a1.5,fr_estimated,1.0,1.0,100,0.7245283126831055,-0.5499132871627808,-3.240165650844574,0.6783452033996582,0.714329183101654,79038136.0,-0.5670768618583679,-3.3191161155700684,0.5418699738724772
pilot,b1_h1_w2_n10_a1.5,fr_estimated,1.0,1.0,100,0.7333333492279053,-0.5785518437623978,-3.2648847699165344,0.6827419996261597,0.7143257856369019,79246516.0,-0.5967060327529907,-3.3491315841674805,0.5581653490505446
pilot,b1_h1_w2_n10_a1.5,fr_estimated,1.0,1.0,100,0.7421383857727051,-0.6074055135250092,-3.289018392562866,0.6872311234474182,0.714321568608284,79444286.0,-0.626335620880127,-3.379147529602051,0.5749510064978252
pilot,b1_h1_w2_n10_a1.5,fr_estimated,1.0,1.0,100,0.7509434223175049,-0.6364677548408508,-3.312254786491394,0.6917650997638702,0.7143163084983826,79632758.0,-0.6559647917747498,-3.409162998199463,0.5922412104427562
pilot,b1_h1_w2_n10_a1.5,fr_estimated,1.0,1.0,100,0.7597483992576599,-0.6657301634550095,-3.334489941596985,0.6962834745645523,0.7143110632896423,79811410.0,-0.6863732933998108,-3.4420127868652344,0.6105269908292785
pilot,b1_h1_w2_n10_a1.5,fr_estimated,1.0,1.0,100,0.7685534358024597,-0.6951826959848404,-3.3554396629333496,0.700714960694313,0.7143063843250275,79980068.0,-0.7168880701065063,-3.4752488136291504,0.6294442456513539
pilot,b1_h1_w2_n10_a1.5,fr_estimated,1.0,1.0,100,0.7773584723472595,-0.7248112112283707,-3.3744581937789917,0.7049808651208878,0.7143023014068604,80136472.0,-0.7474028468132019,-3.5084850788116455,0.6489476539693089
pilot,b1_h1_w2_n10_a1.5,fr_estimated,1.0,1.0,100,0.7861635088920593,-0.7545938044786453,-3.390445828437805,0.709000363945961,0.7142995446920395,80281554.0,-0.7784722447395325,-3.534806966781616,0.6694265530531558
pilot,b1_h1_w2_n10_a1.5,fr_estimated,1.0,1.0,100,0.7949685454368591,-0.7844983488321304,-3.40215265750885,0.7126961648464203,0.7142976671457291,80414256.0,-0.8097796440124512,-3.558166027069092,0.6907160783803128
pilot,b1_h1_w2_n10_a1.5,fr_estimated,1.0,1.0,100,0.8037735819816589,-0.8144814819097519,-3.4082974195480347,0.7160007804632187,0.7142973691225052,80538576.0,-0.841086745262146,-3.581524610519409,0.7126824542194455
pilot,b1_h1_w2_n10_a1.5,fr_estimated,1.0,1.0,100,0.8125786185264587,-0.8444892913103104,-3.4077996611595154,0.7188624441623688,0.7142979651689529,80656306.0,-0.8724710941314697,-3.586109161376953,0.735404217869775
pilot,b1_h1_w2_n10_a1.5,fr_estimated,1.0,1.0,100,0.8213836550712585,-0.8744582384824753,-3.399431347846985,0.7212502509355545,0.714299663901329,80772122.0,-0.9039267301559448,-3.5733642578125,0.7589044956931406
pilot,b1_h1_w2_n10_a1.5,fr_estimated,1.0,1.0,100,0.8301886916160583,-0.9043133854866028,-3.381947696208954,0.723158061504364,0.714302271604538,80887050.0,-0.9353827238082886,-3.5606191158294678,0.7831560189066791
pilot,b1_h1_w2_n10_a1.5,fr_estimated,1.0,1.0,100,0.8389937281608582,-0.9339677095413208,-3.3538190126419067,0.7246062457561493,0.7143053710460663,81001480.0,-0.9664792418479919,-3.530886650085449,0.8078920531780517
pilot,b1_h1_w2_n10_a1.5,fr_estimated,1.0,1.0,100,0.847798764705658,-0.9633208215236664,-3.3135260939598083,0.7256424129009247,0.7143095284700394,81116334.0,-0.9968785047531128,-3.4681806564331055,0.8328284802887249
pilot,b1_h1_w2_n10_a1.5,fr_estimated,1.0,1.0,100,0.8566038012504578,-0.9922605156898499,-3.2599167823791504,0.7263399958610535,0.71431465446949,81229732.0,-1.027278184890747,-3.4054741859436035,0.8585349543239816
pilot,b1_h1_w2_n10_a1.5,fr_estimated,1.0,1.0,100,0.8654087781906128,-1.0206669569015503,-3.192395567893982,0.7267955839633942,0.7143197357654572,81342750.0,-1.0572885274887085,-3.3350486755371094,0.8846903861903899
pilot,b1_h1_w2_n10_a1.5,fr_estimated,1.0,1.0,100,0.8742138147354126,-1.0484175384044647,-3.1109339594841003,0.7271254509687424,0.7143257707357407,81455500.0,-1.085256814956665,-3.2241010665893555,0.9097829232297331
pilot,b1_h1_w2_n10_a1.5,fr_estimated,1.0,1.0,100,0.8830188512802124,-1.0753907561302185,-3.01584255695343,0.7274615913629532,0.7143318355083466,81570250.0,-1.113224983215332,-3.1131534576416016,0.9355870501707891
pilot,b1_h1_w2_n10_a1.5,fr_estimated,1.0,1.0,100,0.8918238878250122,-1.1014678478240967,-2.9073760509490967,0.727947786450386,0.714337557554245,81689074.0,-1.1411935091018677,-3.002204179763794,0.9621234023385247
pilot,b1_h1_w2_n10_a1.5,fr_estimated,1.0,1.0,100,0.900628924369812,-1.1265310943126678,-2.7855684757232666,0.7287360727787018,0.714343324303627,81811094.0,-1.165738821029663,-2.8642349243164062,0.9860312336452269
pilot,b1_h1_w2_n10_a1.5,fr_estimated,1.0,1.0,100,0.9094339609146118,-1.150461882352829,-2.6501302123069763,0.7299841195344925,0.7143475115299225,81937494.0,-1.1902145147323608,-2.725714683532715,1.0104628022444808
pilot,b1_h1_w2_n10_a1.5,fr_estimated,1.0,1.0,100,0.9182389974594116,-1.1731387972831726,-2.5007943511009216,0.7318529784679413,0.7143526524305344,82067140.0,-1.2146904468536377,-2.5871927738189697,1.035499975369844
pilot,b1_h1_w2_n10_a1.5,fr_estimated,1.0,1.0,100,0.9270440340042114,-1.1944388151168823,-2.337350606918335,0.7345061600208282,0.7143562287092209,82199230.0,-1.2356497049331665,-2.419145345687866,1.0574323266164178
pilot,b1_h1_w2_n10_a1.5,fr_estimated,1.0,1.0,100,0.9358490705490112,-1.214236855506897,-2.159626603126526,0.7381085157394409,0.714359700679779,82335086.0,-1.2557300329208374,-2.2437169551849365,1.0788805374234969
pilot,b1_h1_w2_n10_a1.5,fr_estimated,1.0,1.0,100,0.944654107093811,-1.2324058711528778,-1.9673386812210083,0.7428258955478668,0.7143627554178238,82474620.0,-1.2758104801177979,-2.068288803100586,1.1007639198182626
pilot,b1_h1_w2_n10_a1.5,fr_estimated,1.0,1.0,100,0.9534591436386108,-1.248814970254898,-1.7598735392093658,0.7488242238759995,0.7143654376268387,82620394.0,-1.2924401760101318,-1.8639161586761475,1.1192223426504384
pilot,b1_h1_w2_n10_a1.5,fr_estimated,1.0,1.0,100,0.9622641801834106,-1.2633280158042908,-1.5366609990596771,0.7562678158283234,0.7143677324056625,82771664.0,-1.306955099105835,-1.6418087482452393,1.1355862419523617
pilot,b1_h1_w2_n10_a1.5,fr_estimated,1.0,1.0,100,0.9710691571235657,-1.275804728269577,-1.2973264455795288,0.7653170228004456,0.7143698334693909,82930684.0,-1.321469783782959,-1.4197040796279907,1.1521891194591254
pilot,b1_h1_w2_n10_a1.5,fr_estimated,1.0,1.0,100,0.9798741936683655,-1.286103993654251,-1.0420832931995392,0.7761244475841522,0.7143731266260147,83096276.0,-1.3329460620880127,-1.1760237216949463,1.1654881280542022
pilot,b1_h1_w2_n10_a1.5,fr_estimated,1.0,1.0,100,0.9886792302131653,-1.2940886616706848,-0.7715723961591721,0.7888296097517014,0.7143743485212326,83267864.0,-1.3405556678771973,-0.9048842191696167,1.1743908634539053
pilot,b1_h1_w2_n10_a1.5,fr_estimated,1.0,1.0,100,0.9974842667579651,-1.2996282279491425,-0.4867096319794655,0.8035524934530258,0.7143767029047012,83446124.0,-1.3481652736663818,-0.6337479948997498,1.1833616035768564
pilot,b1_h1_w2_n10_a1.5,fr_estimated,1.0,1.0,100,1.0062893629074097,-1.302600234746933,-0.1883619874715805,0.8203858137130737,0.7143786400556564,83627768.0,-1.353621482849121,-0.3498075008392334,1.1898359185714498
pilot,b1_h1_w2_n10_a1.5,fr_estimated,1.0,1.0,100,1.01509428024292,-1.3028883337974548,0.12291698530316353,0.8393865525722504,0.7143788784742355,83814360.0,-1.352949857711792,-0.029444962739944458,1.1890370631549585
pilot,b1_h1_w2_n10_a1.5,fr_estimated,1.0,1.0,100,1.0238993167877197,-1.3003787696361542,0.4471234083175659,0.8605674058198929,0.7143799811601639,84004542.0,-1.3522783517837524,0.29092538356781006,1.1882388857388173
pilot,b1_h1_w2_n10_a1.5,fr_estimated,1.0,1.0,100,1.0327043533325195,-1.294954627752304,0.7849263250827789,0.8838886320590973,0.714380607008934,84197718.0,-1.3508371114730835,0.6150045990943909,1.1865275814545684
pilot,b1_h1_w2_n10_a1.5,fr_estimated,1.0,1.0,100,1.0415093898773193,-1.2864906787872314,1.1375937461853027,0.9092511832714081,0.714380145072937,84393226.0,-1.3405455350875854,0.9817725419998169,1.174378963658653
pilot,b1_h1_w2_n10_a1.5,fr_estimated,1.0,1.0,100,1.0503144264221191,-1.2748493254184723,1.5066567063331604,0.9364919364452362,0.7143797427415848,84591014.0,-1.3302538394927979,1.3485448360443115,1.1623545945589098
pilot,b1_h1_w2_n10_a1.5,fr_estimated,1.0,1.0,100,1.059119462966919,-1.2598802149295807,1.8934728503227234,0.9653817713260651,0.7143792510032654,84790596.0,-1.319962501525879,1.7153128385543823,1.1504537534143364
pilot,b1_h1_w2_n10_a1.5,fr_estimated,1.0,1.0,100,1.0679244995117188,-1.2414237558841705,2.2987666726112366,0.9956264346837997,0.7143790870904922,84992246.0,-1.299815058708191,2.125884771347046,1.127506987734019
pilot,b1_h1_w2_n10_a1.5,fr_estimated,1.0,1.0,100,1.0767295360565186,-1.2193171679973602,2.722591280937195,1.0268714874982834,0.7143791615962982,85196270.0,-1.2785727977752686,2.541322946548462,1.1038087829341316
pilot,b1_h1_w2_n10_a1.5,fr_estimated,1.0,1.0,100,1.0855345726013184,-1.1933988630771637,3.1645577549934387,1.0587102770805359,0.714379221200943,85403156.0,-1.257330060005188,2.95676589012146,1.0806081572548425
pilot,b1_h1_w2_n10_a1.5,fr_estimated,1.0,1.0,100,1.0943396091461182,-1.1635113656520844,3.6242721676826477,1.0906946063041687,0.7143785506486893,85613582.0,-1.2272289991378784,3.4067258834838867,1.048565385441926
pilot,b1_h1_w2_n10_a1.5,fr_estimated,1.0,1.0,100,1.103144645690918,-1.1294965147972107,4.1019381284713745,1.122350037097931,0.7143793255090714,85827148.0,-1.19368314743042,3.8701090812683105,1.0139738122423592
pilot,b1_h1_w2_n10_a1.5,fr_estimated,1.0,1.0,100,1.1119496822357178,-1.0911928415298462,4.5984718799591064,1.1531883478164673,0.7143779546022415,86045644.0,-1.1601372957229614,4.333492279052734,0.9805233952863932
pilot,b1_h1_w2_n10_a1.5,fr_estimated,1.0,1.0,100,1.1207547187805176,-1.0484264194965363,5.115603685379028,1.18272465467453,0.7143769413232803,86270816.0,-1.1190268993377686,4.836696624755859,0.9410310252331067
pilot,b1_h1_w2_n10_a1.5,fr_estimated,1.0,1.0,100,1.1295597553253174,-1.001006230711937,5.655563473701477,1.2104914784431458,0.7143748849630356,86503672.0,-1.0714740753173828,5.373809337615967,0.8973296393938931
pilot,b1_h1_w2_n10_a1.5,fr_estimated,1.0,1.0,100,1.1383647918701172,-0.9487212747335434,6.22057831287384,1.2360518872737885,0.7143730968236923,86742358.0,-1.0239213705062866,5.910921573638916,0.8556578435048916
pilot,b1_h1_w2_n10_a1.5,fr_estimated,1.0,1.0,100,1.147169828414917,-0.8913432657718658,6.812420964241028,1.2590099573135376,0.7143712192773819,86982734.0,-0.9707033634185791,6.465903282165527,0.8113119052770054
pilot,b1_h1_w2_n10_a1.5,fr_estimated,1.0,1.0,100,1.1559748649597168,-0.8286301046609879,7.432414531707764,1.2790183126926422,0.7143696248531342,87208442.0,-0.907416820526123,7.052629470825195,0.7615577683528909
pilot,b1_h1_w2_n10_a1.5,fr_estimated,1.0,1.0,100,1.1647799015045166,-0.7603296637535095,8.081539630889893,1.295782893896103,0.7143681347370148,87391834.0,-0.8441303968429565,7.639355659484863,0.7148549157286933
pilot,b1_h1_w2_n10_a1.5,fr_estimated,1.0,1.0,100,1.1735849380493164,-0.6861792951822281,8.761175870895386,1.3090647161006927,0.7143668830394745,87487382.0,-0.7782024145126343,8.203507423400879,0.6692459459021838
pilot,b1_h1_w2_n10_a1.5,fr_estimated,1.0,1.0,100,1.1823899745941162,-0.6059020757675171,9.473207950592041,1.3186806440353394,0.7143652886152267,87431068.0,-0.700242280960083,8.664835929870605,0.6190533715347716
pilot,b1_h1_w2_n10_a1.5,fr_estimated,1.0,1.0,100,1.191195011138916,-0.5192028731107712,10.21988582611084,1.3245012164115906,0.7143642157316208,87140870.0,-0.6222829818725586,9.12615966796875,0.5726256527137877
pilot,b1_h1_w2_n10_a1.5,fr_estimated,1.0,1.0,100,1.2000000476837158,-0.426150843501091,10.916204690933228,1.3264499306678772,0.7143629491329193,86525588.0,-1.0534225702285767,0.0,0.8812768135833271
pilot,b1_h1_w2_n10_a1.5,fr_uniform,1.0,1.0,100,-0.20000000298023224,-0.869203045964241,-13.775618553161621,0.7071617990732193,0.714285671710968,46612984.0,-1.0534225702285767,-10.859052658081055,0.8812768135833271
pilot,b1_h1_w2_n10_a1.5,fr_uniform,1.0,1.0,100,-0.19119496643543243,-0.9820549041032791,-11.857861042022705,0.7057696729898453,0.714285671710968,48489887.0,-1.1344455480575562,-9.816811561584473,0.9556528870451712
pilot,b1_h1_w2_n10_a1.5,fr_uniform,1.0,1.0,100,-0.18238992989063263,-1.0780735909938812,-9.952113628387451,0.7016600519418716,0.714285671710968,49886234.0,-1.2154685258865356,-8.77457046508789,1.0363059897200146
pilot,b1_h1_w2_n10_a1.5,fr_uniform,1.0,1.0,100,-0.17358490824699402,-1.1583295464515686,-8.27744460105896,0.6950284093618393,0.714285671710968,50926145.0,-1.2964913845062256,-7.732330322265625,1.123765742630337
pilot,b1_h1_w2_n10_a1.5,fr_uniform,1.0,1.0,100,-0.1647798717021942,-1.2246896624565125,-6.795784592628479,0.6861851960420609,0.714285671710968,51721252.0,-1.352218508720398,-6.592520713806152,1.1881677800115114
pilot,b1_h1_w2_n10_a1.5,fr_uniform,1.0,1.0,100,-0.1559748500585556,-1.278714269399643,-5.475528836250305,0.6755341440439224,0.714285671710968,52362849.0,-1.402392864227295,-5.431296348571777,1.2493042488587236
pilot,b1_h1_w2_n10_a1.5,fr_uniform,1.0,1.0,100,-0.1471698135137558,-1.3217103481292725,-4.290726542472839,0.6635447889566422,0.714285671710968,52916075.0,-1.452567458152771,-4.270069599151611,1.3135867716559593
pilot,b1_h1_w2_n10_a1.5,fr_uniform,1.0,1.0,100,-0.138364776968956,-1.354778230190277,-3.2203949093818665,0.6507218778133392,0.714285671710968,53422556.0,-1.4839993715286255,-3.2564666271209717,1.3555310586374376
pilot,b1_h1_w2_n10_a1.5,fr_uniform,1.0,1.0,100,-0.12955975532531738,-1.3788524866104126,-2.2479020953178406,0.6375736147165298,0.714285671710968,53905019.0,-1.5048885345458984,-2.325901746749878,1.3841447858260862
pilot,b1_h1_w2_n10_a1.5,fr_uniform,1.0,1.0,100,-0.12075471878051758,-1.3947374820709229,-1.360263168811798,0.6245820820331573,0.714285671710968,54376007.0,-1.525777816772461,-1.3953361511230469,1.4133626849120504
pilot,b1_h1_w2_n10_a1.5,fr_uniform,1.0,1.0,100,-0.11194968223571777,-1.4031367897987366,-0.5475708842277527,0.6121780574321747,0.714285671710968,54840530.0,-1.5361969470977783,-0.5730165243148804,1.428165678165669
pilot,b1_h1_w2_n10_a1.5,fr_uniform,1.0,1.0,100,-0.10314465314149857,-1.4046764969825745,0.19782022386789322,0.6007215231657028,0.714285671710968,55300893.0,-1.5343248844146729,0.1222308874130249,1.42549456352141
pilot,b1_h1_w2_n10_a1.5,fr_uniform,1.0,1.0,100,-0.09433962404727936,-1.3999224305152893,0.8820418566465378,0.5904893130064011,0.714285671710968,55758188.0,-1.532452940940857,0.8174782991409302,1.4228286143078777
pilot,b1_h1_w2_n10_a1.5,fr_uniform,1.0,1.0,100,-0.08553458750247955,-1.3893903195858002,1.5102455019950867,0.5816705077886581,0.714285671710968,56213784.0,-1.525779366493225,1.4663487672805786,1.4133648752312478
pilot,b1_h1_w2_n10_a1.5,fr_uniform,1.0,1.0,100,-0.07672955840826035,-1.3735534250736237,2.086995482444763,0.5743682831525803,0.714285671710968,56669032.0,-1.5067591667175293,1.995964527130127,1.386736434847928
pilot,b1_h1_w2_n10_a1.5,fr_uniform,1.0,1.0,100,-0.06792452931404114,-1.3528462648391724,2.6164849996566772,0.5686079859733582,0.714285671710968,57123220.0,-1.487739086151123,2.5255801677703857,1.360609848652213
pilot,b1_h1_w2_n10_a1.5,fr_uniform,1.0,1.0,100,-0.05911949649453163,-1.3276686370372772,3.102436602115631,0.5643495172262192,0.714285671710968,57574778.0,-1.4674173593521118,3.0422394275665283,1.3332389608258823
pilot,b1_h1_w2_n10_a1.5,fr_uniform,1.0,1.0,100,-0.050314463675022125,-1.2983900904655457,3.547968566417694,0.561501994729042,0.714285671710968,58022802.0,-1.4353818893432617,3.442294120788574,1.2912049091824847
pilot,b1_h1_w2_n10_a1.5,fr_uniform,1.0,1.0,100,-0.04150943458080292,-1.2653564512729645,3.9553945660591125,0.559939444065094,0.714285671710968,58463881.0,-1.403346300125122,3.8423495292663574,1.2504959483911753
pilot,b1_h1_w2_n10_a1.5,fr_uniform,1.0,1.0,100,-0.03270440176129341,-1.2288964986801147,4.32622754573822,0.559515044093132,0.714285671710968,58896135.0,-1.3713107109069824,4.242404937744141,1.2110704550626386
pilot,b1_h1_w2_n10_a1.5,fr_uniform,1.0,1.0,100,-0.023899370804429054,-1.189328283071518,4.661404252052307,0.56007319688797,0.714285671710968,59316981.0,-1.3303309679031372,4.545230865478516,1.1624442485784303
pilot,b1_h1_w2_n10_a1.5,fr_uniform,1.0,1.0,100,-0.015094339847564697,-1.1469628810882568,4.961594223976135,0.5614587217569351,0.714285671710968,59725972.0,-1.2885735034942627,4.839602947235107,1.1149030324395608
pilot,b1_h1_w2_n10_a1.5,fr_uniform,1.0,1.0,100,-0.006289307959377766,-1.1021048724651337,5.227579712867737,0.5635223537683487,0.714285671710968,60121863.0,-1.2468159198760986,5.133974552154541,1.0693060119526918
pilot,b1_h1_w2_n10_a1.5,fr_uniform,1.0,1.0,100,0.002515723230317235,-1.055051565170288,5.4602460861206055,0.5661230832338333,0.714285671710968,60504312.0,-1.1999257802963257,5.359297752380371,1.020323477180577
pilot,b1_h1_w2_n10_a1.5,fr_uniform,1.0,1.0,100,0.011320754885673523,-1.0060926228761673,5.660425066947937,0.5691282451152802,0.714285671710968,60873926.0,-1.151232123374939,5.560362339019775,0.9718304290886626
pilot,b1_h1_w2_n10_a1.5,fr_uniform,1.0,1.0,100,0.02012578584253788,-0.9555111825466156,5.828785061836243,0.5724119395017624,0.714285671710968,61230444.0,-1.1025385856628418,5.7614264488220215,0.9256422268163169
pilot,b1_h1_w2_n10_a1.5,fr_uniform,1.0,1.0,100,0.028930816799402237,-0.9035850912332535,5.965855836868286,0.5758529752492905,0.714285671710968,61573209.0,-1.051440715789795,5.9090189933776855,0.879531980791943
pilot,b1_h1_w2_n10_a1.5,fr_uniform,1.0,1.0,100,0.03773584961891174,-0.8505885899066925,6.071917295455933,0.5793332606554031,0.714285671710968,61901250.0,-0.9984540939331055,6.0145978927612305,0.8341417101147376
pilot,b1_h1_w2_n10_a1.5,fr_uniform,1.0,1.0,100,0.04654087871313095,-0.7967940270900726,6.1471357345581055,0.5827375501394272,0.714285671710968,62213874.0,-0.9454676508903503,6.120177268981934,0.7910940502061381
pilot,b1_h1_w2_n10_a1.5,fr_uniform,1.0,1.0,100,0.05534591153264046,-0.7424719631671906,6.191731214523315,0.5859547704458237,0.714285671710968,62509926.0,-0.8918243050575256,6.1924262046813965,0.7497752652197653
pilot,b1_h1_w2_n10_a1.5,fr_uniform,1.0,1.0,100,0.06415094435214996,-0.6878914386034012,6.205844759941101,0.58888079226017,0.714285671710968,62788587.0,-0.8371092081069946,6.210293769836426,0.7098533634147315
pilot,b1_h1_w2_n10_a1.5,fr_uniform,1.0,1.0,100,0.07295597344636917,-0.6333219259977341,6.189236640930176,0.5914229303598404,0.714285671710968,63048951.0,-0.782394289970398,6.228160858154297,0.6720572297172204
pilot,b1_h1_w2_n10_a1.5,fr_uniform,1.0,1.0,100,0.08176100999116898,-0.5790356248617172,6.141507267951965,0.5935045331716537,0.714285671710968,63289119.0,-0.7278236150741577,6.228581428527832,0.6363653354767429
pilot,b1_h1_w2_n10_a1.5,fr_uniform,1.0,1.0,100,0.09056603908538818,-0.5253098458051682,6.061922073364258,0.5950701832771301,0.714285671710968,63506207.0,-0.6738299131393433,6.15921688079834,0.6029167474924738
pilot,b1_h1_w2_n10_a1.5,fr_uniform,1.0,1.0,100,0.09937106817960739,-0.472430095076561,5.94933021068573,0.5960890352725983,0.714285671710968,63695685.0,-0.6198359727859497,6.089851379394531,0.5712261455400941
pilot,b1_h1_w2_n10_a1.5,fr_uniform,1.0,1.0,100,0.1081760972738266,-0.42069389671087265,5.802180647850037,0.5965572893619537,0.714285671710968,63852697.0,-0.5659145712852478,6.018078804016113,0.5412405293795493
pilot,b1_h1_w2_n10_a1.5,fr_uniform,1.0,1.0,100,0.1169811338186264,-0.37041356414556503,5.618631362915039,0.5964980274438858,0.714285671710968,63973291.0,-0.5155476927757263,5.828371524810791,0.514655066753881
pilot,b1_h1_w2_n10_a1.5,fr_uniform,1.0,1.0,100,0.1257861703634262,-0.3219190239906311,5.396568536758423,0.5959588289260864,0.714285671710968,64053990.0,-0.46518072485923767,5.638663291931152,0.48937542492959113
pilot,b1_h1_w2_n10_a1.5,fr_uniform,1.0,1.0,100,0.13459119200706482,-0.2755594700574875,5.133662819862366,0.5950074791908264,0.714285671710968,64092026.0,-0.4148138165473938,5.448955535888672,0.4653375362845932
pilot,b1_h1_w2_n10_a1.5,fr_uniform,1.0,1.0,100,0.14339622855186462,-0.23170694708824158,4.827122330665588,0.5937257558107376,0.714285671710968,64086945.0,-0.3705885112285614,5.139273643493652,0.44520627826509057
pilot,b1_h1_w2_n10_a1.5,fr_uniform,1.0,1.0,100,0.15220126509666443,-0.19075849652290344,4.474033713340759,0.5922023057937622,0.714285671710968,64038583.0,-0.3275328576564789,4.80673885345459,0.4264444310631691
pilot,b1_h1_w2_n10_a1.5,fr_uniform,1.0,1.0,100,0.16100628674030304,-0.15313604474067688,4.071632027626038,0.5905256867408752,0.714285671710968,63949991.0,-0.2844775915145874,4.474207401275635,0.4084734023732288
pilot,b1_h1_w2_n10_a1.5,fr_uniform,1.0,1.0,100,0.16981132328510284,-0.11928123235702515,3.618240714073181,0.5887778401374817,0.714285671710968,63823753.0,-0.2488744556903839,4.048299312591553,0.3941863101321449
pilot,b1_h1_w2_n10_a1.5,fr_uniform,1.0,1.0,100,0.17861634492874146,-0.08964110910892487,3.1142929792404175,0.5870288163423538,0.714285671710968,63667561.0,-0.21711060404777527,3.574293851852417,0.3818622014134733
pilot,b1_h1_w2_n10_a1.5,fr_uniform,1.0,1.0,100,0.18742138147354126,-0.0646420270204544,2.56407630443573,0.5853340029716492,0.714285671710968,63492236.0,-0.18534664809703827,3.1002867221832275,0.3699233634201588
pilot,b1_h1_w2_n10_a1.5,fr_uniform,1.0,1.0,100,0.19622641801834106,-0.044647812843322754,1.977463722229004,0.5837324261665344,0.714285671710968,63311179.0,-0.16081826388835907,2.564504861831665,0.3609601173896107
pilot,b1_h1_w2_n10_a1.5,fr_uniform,1.0,1.0,100,0.20503143966197968,-0.029905587434768677,1.3711347877979279,0.5822480618953705,0.714285671710968,63142054.0,-0.1441282331943512,1.9618018865585327,0.3549856774288188
pilot,b1_h1_w2_n10_a1.5,fr_uniform,1.0,1.0,100,0.21383647620677948,-0.02048499882221222,0.7686873525381088,0.5808921009302139,0.714285671710968,63004018.0,-0.12743821740150452,1.3590989112854004,0.34911012875516023
pilot,b1_h1_w2_n10_a1.5,fr_uniform,1.0,1.0,100,0.22264151275157928,-0.01622578501701355,0.19875961914658546,0.5796670317649841,0.714285671710968,62915402.0,-0.11549652367830276,0.7788585424423218,0.3449659559907107
pilot,b1_h1_w2_n10_a1.5,fr_uniform,1.0,1.0,100,0.2314465343952179,-0.01670899987220764,-0.30852264165878296,0.5785706639289856,0.714285671710968,62890701.0,-0.1146339699625969,0.25102993845939636,0.34466853261383856
pilot,b1_h1_w2_n10_a1.5,fr_uniform,1.0,1.0,100,0.2402515709400177,-0.021264851093292236,-0.7263102233409882,0.5776008069515228,0.714285671710968,62939887.0,-0.11377140134572983,-0.27679866552352905,0.34437136053846257
pilot,b1_h1_w2_n10_a1.5,fr_uniform,1.0,1.0,100,0.2490566074848175,-0.029021620750427246,-1.0355816185474396,0.5767590403556824,0.714285671710968,63066376.0,-0.11399698257446289,-0.7556647062301636,0.34444905301576606
pilot,b1_h1_w2_n10_a1.5,fr_uniform,1.0,1.0,100,0.2578616440296173,-0.03898809850215912,-1.2282342910766602,0.576053574681282,0.714285671710968,63268170.0,-0.12220155447721481,-0.8754902482032776,0.3472867351032343
pilot,b1_h1_w2_n10_a1.5,fr_uniform,1.0,1.0,100,0.2666666805744171,-0.0501532107591629,-1.3078408241271973,0.575501024723053,0.714285671710968,63539460.0,-0.13040617108345032,-0.9953165054321289,0.3501478105812788
pilot,b1_h1_w2_n10_a1.5,fr_uniform,1.0,1.0,100,0.27547168731689453,-0.06158089637756348,-1.2878742218017578,0.575126975774765,0.714285671710968,63869874.0,-0.13861069083213806,-1.1151412725448608,0.35303242245444616
pilot,b1_h1_w2_n10_a1.5,fr_uniform,1.0,1.0,100,0.28427672386169434,-0.07248163223266602,-1.1881488263607025,0.5749651938676834,0.714285671710968,64248713.0,-0.1449621170759201,-0.8773218393325806,0.35528181771956174
pilot,b1_h1_w2_n10_a1.5,fr_uniform,1.0,1.0,100,0.29308176040649414,-0.0822497010231018,-1.0305951535701752,0.575056329369545,0.714285671710968,64664293.0,-0.1511952131986618,-0.6166762113571167,0.35750323941542644
pilot,b1_h1_w2_n10_a1.5,fr_uniform,1.0,1.0,100,0.30188679695129395,-0.09046602249145508,-0.8356827050447464,0.5754454135894775,0.714285671710968,65105720.0,-0.1574283391237259,-0.3560289442539215,0.35973856140986177
pilot,b1_h1_w2_n10_a1.5,fr_uniform,1.0,1.0,100,0.31069183349609375,-0.09687556326389313,-0.62020443379879,0.5761797875165939,0.714285671710968,65563012.0,-0.15749062597751617,-0.05079604685306549,0.35976096909088384
pilot,b1_h1_w2_n10_a1.5,fr_uniform,1.0,1.0,100,0.31949687004089355,-0.10135212540626526,-0.3966117352247238,0.5773061215877533,0.714285671710968,66027923.0,-0.1556042730808258,0.2685186266899109,0.3590829726160746
pilot,b1_h1_w2_n10_a1.5,fr_uniform,1.0,1.0,100,0.32830187678337097,-0.10386207699775696,-0.17350449226796627,0.5788681507110596,0.714285671710968,66495036.0,-0.15371794998645782,0.5878332257270813,0.35840626455770996
pilot,b1_h1_w2_n10_a1.5,fr_uniform,1.0,1.0,100,0.3371069133281708,-0.10443522036075592,0.043315266259014606,0.5809042155742645,0.714285671710968,66960228.0,-0.14769470691680908,0.8322320580482483,0.35625398486741594
pilot,b1_h1_w2_n10_a1.5,fr_uniform,1.0,1.0,100,0.3459119498729706,-0.10314497351646423,0.249755397439003,0.5834453254938126,0.714285671710968,67421936.0,-0.13867580890655518,1.022385835647583,0.3530554119945124
pilot,b1_h1_w2_n10_a1.5,fr_uniform,1.0,1.0,100,0.3547169864177704,-0.1000971645116806,0.4425325244665146,0.586512953042984,0.714285671710968,67880322.0,-0.12965698540210724,1.212538480758667,0.3498855830960415
pilot,b1_h1_w2_n10_a1.5,fr_uniform,1.0,1.0,100,0.3635220229625702,-0.09542599320411682,0.6184873878955841,0.590117484331131,0.714285671710968,68335844.0,-0.11925237625837326,1.3495452404022217,0.34626403343437684
pilot,b1_h1_w2_n10_a1.5,fr_uniform,1.0,1.0,100,0.3723270297050476,-0.08929497003555298,0.7741324007511139,0.5942561775445938,0.714285671710968,68788982.0,-0.10676942020654678,1.4068342447280884,0.3419685009729993
pilot,b1_h1_w2_n10_a1.5,fr_uniform,1.0,1.0,100,0.3811320662498474,-0.08190019428730011,0.9055401831865311,0.5989120155572891,0.714285671710968,69238320.0,-0.09428630024194717,1.4641237258911133,0.33772620081121485
pilot,b1_h1_w2_n10_a1.5,fr_uniform,1.0,1.0,100,0.3899371027946472,-0.07347339391708374,1.008545622229576,0.6040522754192352,0.714285671710968,69681252.0,-0.08176401257514954,1.499009370803833,0.333523465023599
pilot,b1_h1_w2_n10_a1.5,fr_uniform,1.0,1.0,100,0.398742139339447,-0.0642816573381424,1.0792897939682007,0.6096280515193939,0.714285671710968,70114752.0,-0.0691024586558342,1.4544649124145508,0.32932716160951253
pilot,b1_h1_w2_n10_a1.5,fr_uniform,1.0,1.0,100,0.4075471758842468,-0.05462224781513214,1.1147755682468414,0.615574300289154,0.714285671710968,70534954.0,-0.056440990418195724,1.4099208116531372,0.32518368282971877
pilot,b1_h1_w2_n10_a1.5,fr_uniform,1.0,1.0,100,0.41635221242904663,-0.0448136180639267,1.1131859719753265,0.6218109726905823,0.714285671710968,70939154.0,-0.04388541728258133,1.3613710403442383,0.32112633975195704
pilot,b1_h1_w2_n10_a1.5,fr_uniform,1.0,1.0,100,0.42515721917152405,-0.035184815526008606,1.0739334523677826,0.6282449513673782,0.714285671710968,71323970.0,-0.0338728129863739,1.2167065143585205,0.3179270720116615
pilot,b1_h1_w2_n10_a1.5,fr_uniform,1.0,1.0,100,0.43396225571632385,-0.026065155863761902,0.9975283741950989,0.6347734928131104,0.714285671710968,71687674.0,-0.023860270157456398,1.0720428228378296,0.3147596967877188
pilot,b1_h1_w2_n10_a1.5,fr_uniform,1.0,1.0,100,0.44276729226112366,-0.01777505874633789,0.8855092823505402,0.6412880122661591,0.714285671710968,72028794.0,-0.013847668655216694,0.9273782968521118,0.3116238585221258
pilot,b1_h1_w2_n10_a1.5,fr_uniform,1.0,1.0,100,0.45157232880592346,-0.010616645216941833,0.7404717057943344,0.6476790010929108,0.714285671710968,72343588.0,-0.008103419095277786,0.7266606092453003,0.30983894471309986
pilot,b1_h1_w2_n10_a1.5,fr_uniform,1.0,1.0,100,0.46037736535072327,-0.004864484071731567,0.5660933703184128,0.6538408398628235,0.714285671710968,72630488.0,-0.003053913824260235,0.5168173909187317,0.308278354748159
pilot,b1_h1_w2_n10_a1.5,fr_uniform,1.0,1.0,100,0.46918240189552307,-0.000756382942199707,0.3670379966497421,0.6596766263246536,0.714285671710968,72888226.0,0.001995560945942998,0.30697545409202576,0.306725634483725
pilot,b1_h1_w2_n10_a1.5,fr_uniform,1.0,1.0,100,0.4779874086380005,0.001513749361038208,0.14860908314585686,0.6651021540164948,0.714285671710968,73117108.0,0.002695030765607953,0.0718068778514862,0.306511164175984
pilot,b1_h1_w2_n10_a1.5,fr_uniform,1.0,1.0,100,0.4867924451828003,0.001799270510673523,-0.08375410921871662,0.670049324631691,0.714285671710968,73319774.0,0.0013475194573402405,-0.1752796620130539,0.30692446984031013
pilot,b1_h1_w2_n10_a1.5,fr_uniform,1.0,1.0,100,0.4955974817276001,0.0,-0.3249368369579315,0.6744676679372787,0.714285671710968,73499238.0,0.0,-0.4223676919937134,0.3073383353186211
pilot,b1_h1_w2_n10_a1.5,fr_uniform,1.0,1.0,100,0.5044025182723999,-0.003941640257835388,-0.5703803449869156,0.6783252060413361,0.714285671710968,73661818.0,-0.00488165020942688,-0.6748020052909851,0.3088423215482119
pilot,b1_h1_w2_n10_a1.5,fr_uniform,1.0,1.0,100,0.5132075548171997,-0.01004551351070404,-0.8160682022571564,0.6816078275442123,0.714285671710968,73812542.0,-0.01329740509390831,-0.932585597038269,0.3114524304375864
pilot,b1_h1_w2_n10_a1.5,fr_uniform,1.0,1.0,100,0.5220125913619995,-0.018297940492630005,-1.0584123134613037,0.6843177080154419,0.714285671710968,73956638.0,-0.02171310782432556,-1.190367579460144,0.3140845816730349
pilot,b1_h1_w2_n10_a1.5,fr_uniform,1.0,1.0,100,0.5308176279067993,-0.028655335307121277,-1.294193595647812,0.6864711046218872,0.714285671710968,74099872.0,-0.03228754550218582,-1.4373574256896973,0.31742347183801384
pilot,b1_h1_w2_n10_a1.5,fr_uniform,1.0,1.0,100,0.5396226644515991,-0.04104776680469513,-1.5206554234027863,0.6880958825349808,0.714285671710968,74245940.0,-0.047449011355638504,-1.6614116430282593,0.3222727451214871
pilot,b1_h1_w2_n10_a1.5,fr_uniform,1.0,1.0,100,0.5484277009963989,-0.055383309721946716,-1.735558658838272,0.689228966832161,0.714285671710968,74397634.0,-0.06261038780212402,-1.8854644298553467,0.32719607142145396
pilot,b1_h1_w2_n10_a1.5,fr_uniform,1.0,1.0,100,0.557232677936554,-0.07155212759971619,-1.9370727837085724,0.6899139434099197,0.714285671710968,74556668.0,-0.07853749394416809,-2.1014747619628906,0.3324490795442809
pilot,b1_h1_w2_n10_a1.5,fr_uniform,1.0,1.0,100,0.5660377144813538,-0.08942891657352448,-2.123507857322693,0.690199077129364,0.714285671710968,74724942.0,-0.09916812926530838,-2.2680840492248535,0.3393789533254806
pilot,b1_h1_w2_n10_a1.5,fr_uniform,1.0,1.0,100,0.5748427510261536,-0.10887390375137329,-2.2932790517807007,0.6901353597640991,0.714285671710968,74902340.0,-0.11979888379573822,-2.434694528579712,0.3464533210574123
pilot,b1_h1_w2_n10_a1.5,fr_uniform,1.0,1.0,100,0.5836477875709534,-0.12973377108573914,-2.444920063018799,0.6897751688957214,0.714285671710968,75090186.0,-0.1404295116662979,-2.601303815841675,0.3536751094686327
pilot,b1_h1_w2_n10_a1.5,fr_uniform,1.0,1.0,100,0.5924528241157532,-0.1518452763557434,-2.577546000480652,0.6891705095767975,0.714285671710968,75289200.0,-0.1645209789276123,-2.69521427154541,0.3622991273010788
pilot,b1_h1_w2_n10_a1.5,fr_uniform,1.0,1.0,100,0.601257860660553,-0.17504115402698517,-2.6912505626678467,0.6883715987205505,0.714285671710968,75499948.0,-0.18875649571418762,-2.786095142364502,0.3711868987266053
pilot,b1_h1_w2_n10_a1.5,fr_uniform,1.0,1.0,100,0.6100628972053528,-0.19916021823883057,-2.78721821308136,0.6874250918626785,0.714285671710968,75723490.0,-0.2129921317100525,-2.876976728439331,0.38029274659665363
pilot,b1_h1_w2_n10_a1.5,fr_uniform,1.0,1.0,100,0.6188679337501526,-0.224055677652359,-2.8676030039787292,0.6863722652196884,0.714285671710968,75957176.0,-0.2385811060667038,-2.922757863998413,0.3901496237786039
pilot,b1_h1_w2_n10_a1.5,fr_uniform,1.0,1.0,100,0.6276729702949524,-0.2496010661125183,-2.9348447918891907,0.6852473318576813,0.714285671710968,76201330.0,-0.26455196738243103,-2.955819606781006,0.4004148671831056
pilot,b1_h1_w2_n10_a1.5,fr_uniform,1.0,1.0,100,0.6364780068397522,-0.27569085359573364,-2.991260528564453,0.6840758472681046,0.714285671710968,76452538.0,-0.29052281379699707,-2.9888811111450195,0.4109501937213527
pilot,b1_h1_w2_n10_a1.5,fr_uniform,1.0,1.0,100,0.645283043384552,-0.30223724246025085,-3.038560628890991,0.6828735917806625,0.714285671710968,76708724.0,-0.3169684112071991,-3.016188621520996,0.4219629953315962
pilot,b1_h1_w2_n10_a1.5,fr_uniform,1.0,1.0,100,0.6540880799293518,-0.329165443778038,-3.0779841542243958,0.6816461533308029,0.714285671710968,76966960.0,-0.34373071789741516,-3.0396599769592285,0.43340816489577993
pilot,b1_h1_w2_n10_a1.5,fr_uniform,1.0,1.0,100,0.6628930568695068,-0.3564103841781616,-3.110504984855652,0.6803897023200989,0.714285671710968,77224728.0,-0.37049272656440735,-3.063131332397461,0.4451636363734999
pilot,b1_h1_w2_n10_a1.5,fr_uniform,1.0,1.0,100,0.6716980934143066,-0.3839157074689865,-3.1371293663978577,0.6790923029184341,0.714285671710968,77482540.0,-0.39763200283050537,-3.0938127040863037,0.4574104889600335
pilot,b1_h1_w2_n10_a1.5,fr_uniform,1.0,1.0,100,0.6805031299591064,-0.4116358533501625,-3.1592984795570374,0.6777365952730179,0.714285671710968,77738466.0,-0.42529168725013733,-3.1344504356384277,0.4702389159926073
pilot,b1_h1_w2_n10_a1.5,fr_uniform,1.0,1.0,100,0.6893081665039062,-0.43953878432512283,-3.1786495447158813,0.6763028651475906,0.714285671710968,77992504.0,-0.4529515504837036,-3.17508864402771,0.48342721251718684
pilot,b1_h1_w2_n10_a1.5,fr_uniform,1.0,1.0,100,0.698113203048706,-0.46760619431734085,-3.1967018842697144,0.6747727692127228,0.714285671710968,78244664.0,-0.4808654487133026,-3.214376211166382,0.4971116550482422
pilot,b1_h1_w2_n10_a1.5,fr_uniform,1.0,1.0,100,0.7069182395935059,-0.4958324208855629,-3.21467924118042,0.6731330305337906,0.714285671710968,78492794.0,-0.5095843076705933,-3.249389410018921,0.5115951133030919
pilot,b1_h1_w2_n10_a1.5,fr_uniform,1.0,1.0,100,0.7157232761383057,-0.5242195278406143,-3.233243405818939,0.6713788509368896,0.714285671710968,78736312.0,-0.5383034348487854,-3.284402847290039,0.5265006915429328
pilot,b1_h1_w2_n10_a1.5,fr_uniform,1.0,1.0,100,0.7245283126831055,-0.5527738779783249,-3.252668857574463,0.669516310095787,0.714285671710968,78971658.0,-0.5670768618583679,-3.3191161155700684,0.5418699738724772
pilot,b1_h1_w2_n10_a1.5,fr_uniform,1.0,1.0,100,0.7333333492279053,-0.5815027207136154,-3.272878587245941,0.6675641089677811,0.714285671710968,79197954.0,-0.5967060327529907,-3.3491315841674805,0.5581653490505446
pilot,b1_h1_w2_n10_a1.5,fr_uniform,1.0,1.0,100,0.7421383857727051,-0.6104114949703217,-3.2935372591018677,0.6655540317296982,0.714285671710968,79414212.0,-0.626335620880127,-3.379147529602051,0.5749510064978252
pilot,b1_h1_w2_n10_a1.5,fr_uniform,1.0,1.0,100,0.7509434223175049,-0.6395019590854645,-3.3141492009162903,0.6635303795337677,0.714285671710968,79619292.0,-0.6559647917747498,-3.409162998199463,0.5922412104427562
pilot,b1_h1_w2_n10_a1.5,fr_uniform,1.0,1.0,100,0.7597483992576599,-0.6687706112861633,-3.3340110182762146,0.66154845058918,0.714285671710968,79812860.0,-0.6863732933998108,-3.4420127868652344,0.6105269908292785
pilot,b1_h1_w2_n10_a1.5,fr_uniform,1.0,1.0,100,0.7685534358024597,-0.698207750916481,-3.3524181842803955,0.6596723645925522,0.714285671710968,79994748.0,-0.7168880701065063,-3.4752488136291504,0.6294442456513539
pilot,b1_h1_w2_n10_a1.5,fr_uniform,1.0,1.0,100,0.7773584723472595,-0.7277977615594864,-3.3687413334846497,0.6579727381467819,0.714285671710968,80164602.0,-0.7474028468132019,-3.5084850788116455,0.6489476539693089
pilot,b1_h1_w2_n10_a1.5,fr_uniform,1.0,1.0,100,0.7861635088920593,-0.7575196027755737,-3.382356584072113,0.6565240621566772,0.714285671710968,80323198.0,-0.7784722447395325,-3.534806966781616,0.6694265530531558
pilot,b1_h1_w2_n10_a1.5,fr_uniform,1.0,1.0,100,0.7949685454368591,-0.7873464375734329,-3.392590641975403,0.6554027944803238,0.714285671710968,80472720.0,-0.8097796440124512,-3.558166027069092,0.6907160783803128
pilot,b1_h1_w2_n10_a1.5,fr_uniform,1.0,1.0,100,0.8037735819816589,-0.8172445446252823,-3.398545205593109,0.6546853333711624,0.714285671710968,80613630.0,-0.841086745262146,-3.581524610519409,0.7126824542194455
pilot,b1_h1_w2_n10_a1.5,fr_uniform,1.0,1.0,100,0.8125786185264587,-0.8471703827381134,-3.3989354968070984,0.6544468849897385,0.714285671710968,80750014.0,-0.8724710941314697,-3.586109161376953,0.735404217869775
pilot,b1_h1_w2_n10_a1.5,fr_uniform,1.0,1.0,100,0.8213836550712585,-0.8770685195922852,-3.3922112584114075,0.6547608971595764,0.714285671710968,80883560.0,-0.9039267301559448,-3.5733642578125,0.7589044956931406
pilot,b1_h1_w2_n10_a1.5,fr_uniform,1.0,1.0,100,0.8301886916160583,-0.9068688601255417,-3.376718044281006,0.655698373913765,0.714285671710968,81016104.0,-0.9353827238082886,-3.5606191158294678,0.7831560189066791
pilot,b1_h1_w2_n10_a1.5,fr_uniform,1.0,1.0,100,0.8389937281608582,-0.9364872127771378,-3.3508769869804382,0.6573282331228256,0.714285671710968,81149746.0,-0.9664792418479919,-3.530886650085449,0.8078920531780517
pilot,b1_h1_w2_n10_a1.5,fr_uniform,1.0,1.0,100,0.847798764705658,-0.9658267647027969,-3.31338894367218,0.6597169786691666,0.714285671710968,81281624.0,-0.9968785047531128,-3.4681806564331055,0.8328284802887249
pilot,b1_h1_w2_n10_a1.5,fr_uniform,1.0,1.0,100,0.8566038012504578,-0.9947797507047653,-3.2630733847618103,0.6629289537668228,0.714285671710968,81411690.0,-1.027278184890747,-3.4054741859436035,0.8585349543239816
pilot,b1_h1_w2_n10_a1.5,fr_uniform,1.0,1.0,100,0.8654087781906128,-1.0232298076152802,-3.199146270751953,0.6670263111591339,0.714285671710968,81538478.0,-1.0572885274887085,-3.3350486755371094,0.8846903861903899
pilot,b1_h1_w2_n10_a1.5,fr_uniform,1.0,1.0,100,0.8742138147354126,-1.0510545074939728,-3.121035933494568,0.6720688939094543,0.714285671710968,81661718.0,-1.085256814956665,-3.2241010665893555,0.9097829232297331
pilot,b1_h1_w2_n10_a1.5,fr_uniform,1.0,1.0,100,0.8830188512802124,-1.078127771615982,-3.0284587144851685,0.6781144291162491,0.714285671710968,81782332.0,-1.113224983215332,-3.1131534576416016,0.9355870501707891
pilot,b1_h1_w2_n10_a1.5,fr_uniform,1.0,1.0,100,0.8918238878250122,-1.1043222546577454,-2.921425223350525,0.6852179169654846,0.714285671710968,81900978.0,-1.1411935091018677,-3.002204179763794,0.9621234023385247
pilot,b1_h1_w2_n10_a1.5,fr_uniform,1.0,1.0,100,0.900628924369812,-1.1295110285282135,-2.8000252842903137,0.69343201816082,0.714285671710968,82021254.0,-1.165738821029663,-2.8642349243164062,0.9860312336452269
pilot,b1_h1_w2_n10_a1.5,fr_uniform,1.0,1.0,100,0.9094339609146118,-1.153568297624588,-2.6644042134284973,0.7028066664934158,0.714285671710968,82147366.0,-1.1902145147323608,-2.725714683532715,1.0104628022444808
pilot,b1_h1_w2_n10_a1.5,fr_uniform,1.0,1.0,100,0.9182389974594116,-1.1763688027858734,-2.514598548412323,0.7133890092372894,0.714285671710968,82282260.0,-1.2146904468536377,-2.5871927738189697,1.035499975369844
pilot,b1_h1_w2_n10_a1.5,fr_uniform,1.0,1.0,100,0.9270440340042114,-1.1977870166301727,-2.35039222240448,0.7252234518527985,0.714285671710968,82429678.0,-1.2356497049331665,-2.419145345687866,1.0574323266164178
pilot,b1_h1_w2_n10_a1.5,fr_uniform,1.0,1.0,100,0.9358490705490112,-1.2176941335201263,-2.1713589429855347,0.7383506745100021,0.714285671710968,82590954.0,-1.2557300329208374,-2.2437169551849365,1.0788805374234969
pilot,b1_h1_w2_n10_a1.5,fr_uniform,1.0,1.0,100,0.944654107093811,-1.2359574437141418,-1.9770284295082092,0.752807006239891,0.714285671710968,82765976.0,-1.2758104801177979,-2.068288803100586,1.1007639198182626
pilot,b1_h1_w2_n10_a1.5,fr_uniform,1.0,1.0,100,0.9534591436386108,-1.2524405121803284,-1.7669837772846222,0.7686226218938828,0.714285671710968,82951904.0,-1.2924401760101318,-1.8639161586761475,1.1192223426504384
pilot,b1_h1_w2_n10_a1.5,fr_uniform,1.0,1.0,100,0.9622641801834106,-1.2670038640499115,-1.540967047214508,0.7858197540044785,0.714285671710968,83145228.0,-1.306955099105835,-1.6418087482452393,1.1355862419523617
pilot,b1_h1_w2_n10_a1.5,fr_uniform,1.0,1.0,100,0.9710691571235657,-1.2795063853263855,-1.2988866567611694,0.8044095486402512,0.714285671710968,83341388.0,-1.321469783782959,-1.4197040796279907,1.1521891194591254
pilot,b1_h1_w2_n10_a1.5,fr_uniform,1.0,1.0,100,0.9798741936683655,-1.2898072004318237,-1.0408790111541748,0.8243891149759293,0.714285671710968,83535580.0,-1.3329460620880127,-1.1760237216949463,1.1654881280542022
pilot,b1_h1_w2_n10_a1.5,fr_uniform,1.0,1.0,100,0.9886792302131653,-1.297768086194992,-0.7673787325620651,0.8457375317811966,0.714285671710968,83726316.0,-1.3405556678771973,-0.9048842191696167,1.1743908634539053
pilot,b1_h1_w2_n10_a1.5,fr_uniform,1.0,1.0,100,0.9974842667579651,-1.303256094455719,-0.4791862815618515,0.8684124201536179,0.714285671710968,83912298.0,-1.3481652736663818,-0.6337479948997498,1.1833616035768564
pilot,b1_h1_w2_n10_a1.5,fr_uniform,1.0,1.0,100,1.0062893629074097,-1.3061460852622986,-0.17724459245800972,0.8923464715480804,0.714285671710968,84095074.0,-1.353621482849121,-0.3498075008392334,1.1898359185714498
pilot,b1_h1_w2_n10_a1.5,fr_uniform,1.0,1.0,100,1.01509428024292,-1.3063201308250427,0.13770415633916855,0.9174448251724243,0.714285671710968,84274606.0,-1.352949857711792,-0.029444962739944458,1.1890370631549585
pilot,b1_h1_w2_n10_a1.5,fr_uniform,1.0,1.0,100,1.0238993167877197,-1.3036647737026215,0.4654475674033165,0.9435833096504211,0.714285671710968,84453970.0,-1.3522783517837524,0.29092538356781006,1.1882388857388173
pilot,b1_h1_w2_n10_a1.5,fr_uniform,1.0,1.0,100,1.0327043533325195,-1.2980655133724213,0.8063786029815674,0.9706082344055176,0.714285671710968,84631920.0,-1.3508371114730835,0.6150045990943909,1.1865275814545684
pilot,b1_h1_w2_n10_a1.5,fr_uniform,1.0,1.0,100,1.0415093898773193,-1.2894029021263123,1.1612674295902252,0.9983371794223785,0.714285671710968,84810502.0,-1.3405455350875854,0.9817725419998169,1.174378963658653
pilot,b1_h1_w2_n10_a1.5,fr_uniform,1.0,1.0,100,1.0503144264221191,-1.2775503396987915,1.530966192483902,1.0265616029500961,0.714285671710968,84988828.0,-1.3302538394927979,1.3485448360443115,1.1623545945589098
pilot,b1_h1_w2_n10_a1.5,fr_uniform,1.0,1.0,100,1.059119462966919,-1.2623740434646606,1.9162123501300812,1.055050402879715,0.714285671710968,85167922.0,-1.319962501525879,1.7153128385543823,1.1504537534143364
pilot,b1_h1_w2_n10_a1.5,fr_uniform,1.0,1.0,100,1.0679244995117188,-1.2437346577644348,2.317593276500702,1.083554595708847,0.714285671710968,85348044.0,-1.299815058708191,2.125884771347046,1.127506987734019
pilot,b1_h1_w2_n10_a1.5,fr_uniform,1.0,1.0,100,1.0767295360565186,-1.221487671136856,2.7356385588645935,1.1118128299713135,0.714285671710968,85530240.0,-1.2785727977752686,2.541322946548462,1.1038087829341316
pilot,b1_h1_w2_n10_a1.5,fr_uniform,1.0,1.0,100,1.0855345726013184,-1.1954838335514069,3.170955002307892,1.139557033777237,0.714285671710968,85716102.0,-1.257330060005188,2.95676589012146,1.0806081572548425
pilot,b1_h1_w2_n10_a1.5,fr_uniform,1.0,1.0,100,1.0943396091461182,-1.1655680537223816,3.624287247657776,1.1665175557136536,0.714285671710968,85906376.0,-1.2272289991378784,3.4067258834838867,1.048565385441926
pilot,b1_h1_w2_n10_a1.5,fr_uniform,1.0,1.0,100,1.103144645690918,-1.131577044725418,4.096518874168396,1.1924300491809845,0.714285671710968,86104682.0,-1.19368314743042,3.8701090812683105,1.0139738122423592
pilot,b1_h1_w2_n10_a1.5,fr_uniform,1.0,1.0,100,1.1119496822357178,-1.09333935379982,4.588895082473755,1.2170375883579254,0.714285671710968,86315366.0,-1.1601372957229614,4.333492279052734,0.9805233952863932
pilot,b1_h1_w2_n10_a1.5,fr_uniform,1.0,1.0,100,1.1207547187805176,-1.050670325756073,5.103058099746704,1.2400965094566345,0.714285671710968,86541690.0,-1.1190268993377686,4.836696624755859,0.9410310252331067
pilot,b1_h1_w2_n10_a1.5,fr_uniform,1.0,1.0,100,1.1295597553253174,-1.003368929028511,5.641121864318848,1.2613789439201355,0.714285671710968,86784854.0,-1.0714740753173828,5.373809337615967,0.8973296393938931
pilot,b1_h1_w2_n10_a1.5,fr_uniform,1.0,1.0,100,1.1383647918701172,-0.9512144923210144,6.205377101898193,1.2806752622127533,0.714285671710968,87040892.0,-1.0239213705062866,5.910921573638916,0.8556578435048916
pilot,b1_h1_w2_n10_a1.5,fr_uniform,1.0,1.0,100,1.147169828414917,-0.8939671069383621,6.797950387001038,1.2977964878082275,0.714285671710968,87300862.0,-0.9707033634185791,6.465903282165527,0.8113119052770054
pilot,b1_h1_w2_n10_a1.5,fr_uniform,1.0,1.0,100,1.1559748649597168,-0.8313700556755066,7.420513868331909,1.312575340270996,0.714285671710968,87545194.0,-0.907416820526123,7.052629470825195,0.7615577683528909
pilot,b1_h1_w2_n10_a1.5,fr_uniform,1.0,1.0,100,1.1647799015045166,-0.7631540149450302,8.074260711669922,1.3248679637908936,0.714285671710968,87743014.0,-0.8441303968429565,7.639355659484863,0.7148549157286933
pilot,b1_h1_w2_n10_a1.5,fr_uniform,1.0,1.0,100,1.1735849380493164,-0.6890406459569931,8.76005506515503,1.3345548808574677,0.714285671710968,87848202.0,-0.7782024145126343,8.203507423400879,0.6692459459021838
pilot,b1_h1_w2_n10_a1.5,fr_uniform,1.0,1.0,100,1.1823899745941162,-0.60874342918396,9.478870391845703,1.3415421843528748,0.714285671710968,87798100.0,-0.700242280960083,8.664835929870605,0.6190533715347716
pilot,b1_h1_w2_n10_a1.5,fr_uniform,1.0,1.0,100,1.191195011138916,-0.5219675004482269,10.231651782989502,1.345761775970459,0.714285671710968,87512436.0,-0.6222829818725586,9.12615966796875,0.5726256527137877
pilot,b1_h1_w2_n10_a1.5,fr_uniform,1.0,1.0,100,1.2000000476837158,-0.42879384011030197,10.932067394256592,1.3471729457378387,0.714285671710968,86899152.0,-1.0534225702285767,0.0,0.8812768135833271
pilot,b1_h2_w2_n10_a1.5,abf,1.0,2.0,100,-0.20000000298023224,-0.8500061333179474,-24.110145568847656,0.6891657561063766,nan,43590611.0,-1.0592870712280273,-20.892990112304688,0.4495033238516089
pilot,b1_h2_w2_n10_a1.5,abf,1.0,2.0,100,-0.19119496643543243,-1.0517587959766388,-21.716508388519287,0.6885252147912979,nan,45663671.0,-1.2229219675064087,-19.44094467163086,0.5294179230995184
pilot,b1_h2_w2_n10_a1.5,abf,1.0,2.0,100,-0.18238992989063263,-1.2321515083312988,-19.25843906402588,0.686626598238945,nan,47236686.0,-1.38655686378479,-17.98889923095703,0.6235400772954802
pilot,b1_h2_w2_n10_a1.5,abf,1.0,2.0,100,-0.17358490824699402,-1.3918534815311432,-17.01671314239502,0.6835371106863022,nan,48418683.0,-1.5501915216445923,-16.536855697631836,0.7343954904656751
pilot,b1_h2_w2_n10_a1.5,abf,1.0,2.0,100,-0.1647798717021942,-1.532640129327774,-14.96194839477539,0.6793629080057144,nan,49318206.0,-1.6777278184890747,-14.88768196105957,0.8342924461071554
pilot,b1_h2_w2_n10_a1.5,abf,1.0,2.0,100,-0.1559748500585556,-1.6560521721839905,-13.070244073867798,0.6742414385080338,nan,50029268.0,-1.7973395586013794,-13.19524097442627,0.940296955809757
pilot,b1_h2_w2_n10_a1.5,abf,1.0,2.0,100,-0.1471698135137558,-1.7634397745132446,-11.322068929672241,0.6683318763971329,nan,50623577.0,-1.9169517755508423,-11.502796173095703,1.059770816372942
pilot,b1_h2_w2_n10_a1.5,abf,1.0,2.0,100,-0.138364776968956,-1.8559933006763458,-9.700794458389282,0.6618047207593918,nan,51150333.0,-2.008378505706787,-9.963461875915527,1.1612295538052118
pilot,b1_h2_w2_n10_a1.5,abf,1.0,2.0,100,-0.12955975532531738,-1.9347689747810364,-8.192551612854004,0.6548321396112442,nan,51640067.0,-2.083951473236084,-8.510251998901367,1.252388303882524
pilot,b1_h2_w2_n10_a1.5,abf,1.0,2.0,100,-0.12075471878051758,-2.0007129311561584,-6.786137938499451,0.6475795358419418,nan,52106914.0,-2.159524440765381,-7.057041168212891,1.3507031909083211
pilot,b1_h2_w2_n10_a1.5,abf,1.0,2.0,100,-0.11194968223571777,-2.0546807050704956,-5.472240090370178,0.6401991099119186,nan,52559266.0,-2.2180988788604736,-5.726619720458984,1.4321828903206342
pilot,b1_h2_w2_n10_a1.5,abf,1.0,2.0,100,-0.10314465314149857,-2.0974549055099487,-4.243631958961487,0.632826417684555,nan,52999733.0,-2.256718873977661,-4.54034423828125,1.4885757230094425
pilot,b1_h2_w2_n10_a1.5,abf,1.0,2.0,100,-0.09433962404727936,-2.129760444164276,-3.0943323969841003,0.6255786567926407,nan,53429936.0,-2.2953388690948486,-3.3540682792663574,1.5471890483463344
pilot,b1_h2_w2_n10_a1.5,abf,1.0,2.0,100,-0.08553458750247955,-2.152272343635559,-2.019071042537689,0.6185556054115295,nan,53851819.0,-2.3254988193511963,-2.2278239727020264,1.5945630001157083
pilot,b1_h2_w2_n10_a1.5,abf,1.0,2.0,100,-0.07672955840826035,-2.165621757507324,-1.0131620168685913,0.6118415594100952,nan,54266260.0,-2.33390474319458,-1.255947470664978,1.6080232689977674
pilot,b1_h2_w2_n10_a1.5,abf,1.0,2.0,100,-0.06792452931404114,-2.170400321483612,-0.0722721554338932,0.605508491396904,nan,54675962.0,-2.342310667037964,-0.2840709388256073,1.6215971607585489
pilot,b1_h2_w2_n10_a1.5,abf,1.0,2.0,100,-0.05911949649453163,-2.1671635508537292,0.8074863255023956,0.5996187627315521,nan,55080253.0,-2.348273277282715,0.667951226234436,1.6312949960762364
pilot,b1_h2_w2_n10_a1.5,abf,1.0,2.0,100,-0.050314463675022125,-2.1564345359802246,1.6295604705810547,0.5942270904779434,nan,55481172.0,-2.3322460651397705,1.4412891864776611,1.6053582868745342
pilot,b1_h2_w2_n10_a1.5,abf,1.0,2.0,100,-0.04150943458080292,-2.1387081146240234,2.396860420703888,0.5893820077180862,nan,55878600.0,-2.316218852996826,2.214627981185913,1.579833957337964
pilot,b1_h2_w2_n10_a1.5,abf,1.0,2.0,100,-0.03270440176129341,-2.1144567728042603,3.1116740703582764,0.5851252228021622,nan,56271924.0,-2.300191640853882,2.987967014312744,1.5547154508526206
pilot,b1_h2_w2_n10_a1.5,abf,1.0,2.0,100,-0.023899370804429054,-2.084135353565216,3.775606334209442,0.5814902484416962,nan,56661122.0,-2.2663745880126953,3.609074831008911,1.5030186004451633
pilot,b1_h2_w2_n10_a1.5,abf,1.0,2.0,100,-0.015094339847564697,-2.0481879711151123,4.389563202857971,0.5784998685121536,nan,57044994.0,-2.2310104370117188,4.216947555541992,1.450794496853807
pilot,b1_h2_w2_n10_a1.5,abf,1.0,2.0,100,-0.006289307959377766,-2.0070530772209167,4.953950643539429,0.576163187623024,nan,57423091.0,-2.195646286010742,4.824819087982178,1.400384979585675
pilot,b1_h2_w2_n10_a1.5,abf,1.0,2.0,100,0.002515723230317235,-1.9611643254756927,5.469357132911682,0.5744727849960327,nan,57793382.0,-2.149151086807251,5.328125476837158,1.3367642901849197
pilot,b1_h2_w2_n10_a1.5,abf,1.0,2.0,100,0.011320754885673523,-1.9109496474266052,5.936544060707092,0.5734023004770279,nan,58155449.0,-2.0987448692321777,5.794693946838379,1.2710530974545047
pilot,b1_h2_w2_n10_a1.5,abf,1.0,2.0,100,0.02012578584253788,-1.8568281829357147,6.356761455535889,0.5729055255651474,nan,58508924.0,-2.0483386516571045,6.261263370513916,1.2085720634601942
pilot,b1_h2_w2_n10_a1.5,abf,1.0,2.0,100,0.028930816799402237,-1.7992070317268372,6.7314759492874146,0.5729165375232697,nan,58854224.0,-1.9917211532592773,6.648934841156006,1.142046754725662
pilot,b1_h2_w2_n10_a1.5,abf,1.0,2.0,100,0.03773584961891174,-1.7384808659553528,7.062033414840698,0.5733515620231628,nan,59190834.0,-1.9302233457565308,6.974617004394531,1.0739293845630757
pilot,b1_h2_w2_n10_a1.5,abf,1.0,2.0,100,0.04654087871313095,-1.6750351786613464,7.349201917648315,0.5741124004125595,nan,59518738.0,-1.8687258958816528,7.300298690795898,1.0098752355949447
pilot,b1_h2_w2_n10_a1.5,abf,1.0,2.0,100,0.05534591153264046,-1.609251469373703,7.593086838722229,0.5750907808542252,nan,59836709.0,-1.8044763803482056,7.575009346008301,0.9470316912900856
pilot,b1_h2_w2_n10_a1.5,abf,1.0,2.0,100,0.06415094435214996,-1.5415129363536835,7.7932469844818115,0.5761741399765015,nan,60142615.0,-1.7357370853424072,7.766558647155762,0.8841204089237655
pilot,b1_h2_w2_n10_a1.5,abf,1.0,2.0,100,0.07295597344636917,-1.4722073674201965,7.949002981185913,0.5772512257099152,nan,60434147.0,-1.666998028755188,7.958106994628906,0.8253885176483532
pilot,b1_h2_w2_n10_a1.5,abf,1.0,2.0,100,0.08176100999116898,-1.401728242635727,8.059831619262695,0.5782182216644287,nan,60708262.0,-1.5975807905197144,8.121484756469727,0.770035769549449
pilot,b1_h2_w2_n10_a1.5,abf,1.0,2.0,100,0.09056603908538818,-1.33047416806221,8.125025987625122,0.5789840221405029,nan,60962159.0,-1.525450587272644,8.1721830368042,0.716448784414229
pilot,b1_h2_w2_n10_a1.5,abf,1.0,2.0,100,0.09937106817960739,-1.258851319551468,8.143587589263916,0.5794749706983566,nan,61193375.0,-1.4533201456069946,8.222882270812988,0.666590772281902
pilot,b1_h2_w2_n10_a1.5,abf,1.0,2.0,100,0.1081760972738266,-1.18727645277977,8.114135026931763,0.5796385556459427,nan,61398210.0,-1.381203055381775,8.270602226257324,0.6202106836105864
pilot,b1_h2_w2_n10_a1.5,abf,1.0,2.0,100,0.1169811338186264,-1.1161799132823944,8.034929513931274,0.5794456601142883,nan,61571175.0,-1.3097383975982666,8.172334671020508,0.5774342452115002
pilot,b1_h2_w2_n10_a1.5,abf,1.0,2.0,100,0.1257861703634262,-1.046008586883545,7.903997898101807,0.5788921415805817,nan,61709390.0,-1.2382739782333374,8.074066162109375,0.5376082609507522
pilot,b1_h2_w2_n10_a1.5,abf,1.0,2.0,100,0.13459119200706482,-0.9772258996963501,7.719491362571716,0.5779983401298523,nan,61808946.0,-1.166809320449829,7.975799083709717,0.5005289792403473
pilot,b1_h2_w2_n10_a1.5,abf,1.0,2.0,100,0.14339622855186462,-0.9103126972913742,7.479354977607727,0.5768082588911057,nan,61868011.0,-1.0994906425476074,7.746495246887207,0.4679431526096859
pilot,b1_h2_w2_n10_a1.5,abf,1.0,2.0,100,0.15220126509666443,-0.8457688987255096,7.181325674057007,0.5753872245550156,nan,61885187.0,-1.032961368560791,7.492231845855713,0.43782423757722183
pilot,b1_h2_w2_n10_a1.5,abf,1.0,2.0,100,0.16100628674030304,-0.7841157019138336,6.822747468948364,0.5738183856010437,nan,61860928.0,-0.9664326310157776,7.23797082901001,0.4096441304282874
pilot,b1_h2_w2_n10_a1.5,abf,1.0,2.0,100,0.16981132328510284,-0.7258961796760559,6.401394486427307,0.5721988081932068,nan,61797906.0,-0.9062346816062927,6.867103099822998,0.38571195441735184
pilot,b1_h2_w2_n10_a1.5,abf,1.0,2.0,100,0.17861634492874146,-0.6716649979352951,5.916821599006653,0.5706343501806259,nan,61702910.0,-0.8492985367774963,6.436169624328613,0.36436449044048974
pilot,b1_h2_w2_n10_a1.5,abf,1.0,2.0,100,0.18742138147354126,-0.6219613254070282,5.373031973838806,0.5692342966794968,nan,61587450.0,-0.7923622727394104,6.005234718322754,0.34419847387956476
pilot,b1_h2_w2_n10_a1.5,abf,1.0,2.0,100,0.19622641801834106,-0.5772588104009628,4.780816435813904,0.5681053996086121,nan,61465595.0,-0.7423951029777527,5.490200996398926,0.3274224654036102
pilot,b1_h2_w2_n10_a1.5,abf,1.0,2.0,100,0.20503143966197968,-0.537900522351265,4.1591373682022095,0.5673461854457855,nan,61356932.0,-0.6999778151512146,4.884060382843018,0.3138245250752819
pilot,b1_h2_w2_n10_a1.5,abf,1.0,2.0,100,0.21383647620677948,-0.5040271878242493,3.534955680370331,0.5670408755540848,nan,61279805.0,-0.6575605273246765,4.277920246124268,0.3007913107529864
pilot,b1_h2_w2_n10_a1.5,abf,1.0,2.0,100,0.22264151275157928,-0.47551947087049484,2.94036465883255,0.5672546923160553,nan,61253611.0,-0.6199696660041809,3.6907289028167725,0.28969418822386167
pilot,b1_h2_w2_n10_a1.5,abf,1.0,2.0,100,0.2314465343952179,-0.45197228342294693,2.408208966255188,0.5680294185876846,nan,61293674.0,-0.5936400294303894,3.1477503776550293,0.2821661852158841
pilot,b1_h2_w2_n10_a1.5,abf,1.0,2.0,100,0.2402515709400177,-0.43271154165267944,1.9667347967624664,0.5693807601928711,nan,61408779.0,-0.5673103928565979,2.6047720909118652,0.27483380514958716
pilot,b1_h2_w2_n10_a1.5,abf,1.0,2.0,100,0.2490566074848175,-0.41685547679662704,1.6348548531532288,0.5712969601154327,nan,61603126.0,-0.5421341061592102,2.109734535217285,0.2680008851673362
pilot,b1_h2_w2_n10_a1.5,abf,1.0,2.0,100,0.2578616440296173,-0.40340902656316757,1.4194123446941376,0.5737390518188477,nan,61873660.0,-0.5254150629043579,1.9662461280822754,0.2635574155612666
pilot,b1_h2_w2_n10_a1.5,abf,1.0,2.0,100,0.2666666805744171,-0.39137139916419983,1.3148473799228668,0.5766432285308838,nan,62211430.0,-0.5086959600448608,1.8227572441101074,0.25918760348002035
pilot,b1_h2_w2_n10_a1.5,abf,1.0,2.0,100,0.27547168731689453,-0.3798360005021095,1.305334746837616,0.5799244791269302,nan,62604975.0,-0.4919770061969757,1.679269790649414,0.25489028136426933
pilot,b1_h2_w2_n10_a1.5,abf,1.0,2.0,100,0.28427672386169434,-0.3680638074874878,1.36863312125206,0.5834816843271255,nan,63041790.0,-0.47453948855400085,1.856855034828186,0.25048415518337164
pilot,b1_h2_w2_n10_a1.5,abf,1.0,2.0,100,0.29308176040649414,-0.3555198162794113,1.4806446433067322,0.5872040838003159,nan,63508069.0,-0.4570562243461609,2.0549325942993164,0.2461429344521394
pilot,b1_h2_w2_n10_a1.5,abf,1.0,2.0,100,0.30188679695129395,-0.34187205135822296,1.6193424463272095,0.5909777283668518,nan,63992614.0,-0.43957284092903137,2.2530112266540527,0.2418769239671157
pilot,b1_h2_w2_n10_a1.5,abf,1.0,2.0,100,0.31069183349609375,-0.32696227729320526,1.7673144042491913,0.5946927815675735,nan,64486766.0,-0.41740426421165466,2.4846742153167725,0.2365738547495243
pilot,b1_h2_w2_n10_a1.5,abf,1.0,2.0,100,0.31949687004089355,-0.3107612133026123,1.9126366972923279,0.598249539732933,nan,64984965.0,-0.3937559723854065,2.7269446849823,0.2310449197928029
pilot,b1_h2_w2_n10_a1.5,abf,1.0,2.0,100,0.32830187678337097,-0.29332323372364044,2.048273742198944,0.6015644520521164,nan,65483901.0,-0.3701077401638031,2.969214916229248,0.22564521426250586
pilot,b1_h2_w2_n10_a1.5,abf,1.0,2.0,100,0.3371069133281708,-0.2747494876384735,2.170620918273926,0.6045742332935333,nan,65982949.0,-0.3436613380908966,3.130324363708496,0.2197559286569891
pilot,b1_h2_w2_n10_a1.5,abf,1.0,2.0,100,0.3459119498729706,-0.25516511499881744,2.277829647064209,0.6072388142347336,nan,66482462.0,-0.31518852710723877,3.232665538787842,0.21358709835810452
pilot,b1_h2_w2_n10_a1.5,abf,1.0,2.0,100,0.3547169864177704,-0.2347102016210556,2.3683589100837708,0.6095424592494965,nan,66983223.0,-0.28671586513519287,3.3350062370300293,0.2075914659579848
pilot,b1_h2_w2_n10_a1.5,abf,1.0,2.0,100,0.3635220229625702,-0.21354179084300995,2.4398948550224304,0.6114933490753174,nan,67485617.0,-0.25803256034851074,3.3705062866210938,0.20172164207795906
pilot,b1_h2_w2_n10_a1.5,abf,1.0,2.0,100,0.3723270297050476,-0.19184337556362152,2.4887580275535583,0.613121286034584,nan,67989452.0,-0.2290339469909668,3.3057498931884766,0.1959559960744842
pilot,b1_h2_w2_n10_a1.5,abf,1.0,2.0,100,0.3811320662498474,-0.16983580589294434,2.510099411010742,0.6144744753837585,nan,68494518.0,-0.2000349462032318,3.240992307662964,0.19035507110273406
pilot,b1_h2_w2_n10_a1.5,abf,1.0,2.0,100,0.3899371027946472,-0.14778468012809753,2.4986520409584045,0.6156149059534073,nan,68999192.0,-0.17177970707416534,3.151615619659424,0.18505181820871155
pilot,b1_h2_w2_n10_a1.5,abf,1.0,2.0,100,0.398742139339447,-0.12599872052669525,2.4498718976974487,0.6166132837533951,nan,69500384.0,-0.14616058766841888,2.9749510288238525,0.18037116667223116
pilot,b1_h2_w2_n10_a1.5,abf,1.0,2.0,100,0.4075471758842468,-0.10481959581375122,2.3608139753341675,0.6175433397293091,nan,69993990.0,-0.12054161727428436,2.7982873916625977,0.17580893249001467
pilot,b1_h2_w2_n10_a1.5,abf,1.0,2.0,100,0.41635221242904663,-0.08460654318332672,2.2304317355155945,0.6184767335653305,nan,70476334.0,-0.0951697900891304,2.6180949211120605,0.17140444979627184
pilot,b1_h2_w2_n10_a1.5,abf,1.0,2.0,100,0.42515721917152405,-0.06572102010250092,2.059291958808899,0.6194779425859451,nan,70942930.0,-0.07573186606168747,2.3532490730285645,0.16810487545087904
pilot,b1_h2_w2_n10_a1.5,abf,1.0,2.0,100,0.43396225571632385,-0.04851473867893219,1.848991334438324,0.6206001937389374,nan,71389836.0,-0.05629405751824379,2.088404655456543,0.1648688376960766
pilot,b1_h2_w2_n10_a1.5,abf,1.0,2.0,100,0.44276729226112366,-0.033323273062705994,1.6016388237476349,0.621882364153862,nan,71812248.0,-0.03685612604022026,1.8235585689544678,0.1616950741540097
pilot,b1_h2_w2_n10_a1.5,abf,1.0,2.0,100,0.45157232880592346,-0.02046188712120056,1.3197325468063354,0.6233470141887665,nan,72206944.0,-0.024922728538513184,1.4782233238220215,0.1597769700716968
pilot,b1_h2_w2_n10_a1.5,abf,1.0,2.0,100,0.46037736535072327,-0.010221153497695923,1.0063777267932892,0.6250000596046448,nan,72571134.0,-0.014210798777639866,1.119783878326416,0.15807458458614027
pilot,b1_h2_w2_n10_a1.5,abf,1.0,2.0,100,0.46918240189552307,-0.0028602927923202515,0.6655899435281754,0.6268312782049179,nan,72903420.0,-0.003498935606330633,0.7613465189933777,0.15639034802562515
pilot,b1_h2_w2_n10_a1.5,abf,1.0,2.0,100,0.4779874086380005,0.0014015138149261475,0.30245359241962433,0.6288164258003235,nan,73206078.0,-5.315686576068401e-05,0.3713838458061218,0.1558523888655698
pilot,b1_h2_w2_n10_a1.5,abf,1.0,2.0,100,0.4867924451828003,0.002393767237663269,-0.07706663524731994,0.6309203803539276,nan,73482166.0,-2.6578514734865166e-05,-0.03341376781463623,0.1558482466211176
pilot,b1_h2_w2_n10_a1.5,abf,1.0,2.0,100,0.4955974817276001,0.0,-0.46665798872709274,0.6331010460853577,nan,73735442.0,0.0,-0.4382137656211853,0.15584410446124483
pilot,b1_h2_w2_n10_a1.5,abf,1.0,2.0,100,0.5044025182723999,-0.00584179162979126,-0.8602657616138458,0.6353139728307724,nan,73969532.0,-0.005637996830046177,-0.842821478843689,0.15672523459859966
pilot,b1_h2_w2_n10_a1.5,abf,1.0,2.0,100,0.5132075548171997,-0.015143200755119324,-1.2524830400943756,0.6375167816877365,nan,74188886.0,-0.01694050058722496,-1.2472418546676636,0.15850667053032724
pilot,b1_h2_w2_n10_a1.5,abf,1.0,2.0,100,0.5220125913619995,-0.02787160873413086,-1.6386849582195282,0.6396739482879639,nan,74396372.0,-0.028242936357855797,-1.651659607887268,0.1603083444656425
pilot,b1_h2_w2_n10_a1.5,abf,1.0,2.0,100,0.5308176279067993,-0.04395659267902374,-2.0149031281471252,0.6417605131864548,nan,74595504.0,-0.042920421808958054,-2.0383150577545166,0.16267862015072793
pilot,b1_h2_w2_n10_a1.5,abf,1.0,2.0,100,0.5396226644515991,-0.06329534947872162,-2.3777546882629395,0.6437651813030243,nan,74790254.0,-0.06476947665214539,-2.387220859527588,0.16627210845152143
pilot,b1_h2_w2_n10_a1.5,abf,1.0,2.0,100,0.5484277009963989,-0.08575733006000519,-2.7243219017982483,0.6456919461488724,nan,74985536.0,-0.08661839365959167,-2.7361247539520264,0.16994495166381024
pilot,b1_h2_w2_n10_a1.5,abf,1.0,2.0,100,0.557232677936554,-0.11118881404399872,-3.052252471446991,0.647560253739357,nan,75185156.0,-0.10966528207063675,-3.0728986263275146,0.17390713664068624
pilot,b1_h2_w2_n10_a1.5,abf,1.0,2.0,100,0.5660377144813538,-0.13941799104213715,-3.3597989678382874,0.649403840303421,nan,75395930.0,-0.1400705873966217,-3.3351645469665527,0.1792760442507608
pilot,b1_h2_w2_n10_a1.5,abf,1.0,2.0,100,0.5748427510261536,-0.17026185989379883,-3.6461613178253174,0.6512676328420639,nan,75618554.0,-0.17047609388828278,-3.5974321365356445,0.18481073938932796
pilot,b1_h2_w2_n10_a1.5,abf,1.0,2.0,100,0.5836477875709534,-0.2035338133573532,-3.9113733768463135,0.6532034277915955,nan,75856658.0,-0.20088140666484833,-3.8596982955932617,0.19051626735759417
pilot,b1_h2_w2_n10_a1.5,abf,1.0,2.0,100,0.5924528241157532,-0.23905262351036072,-4.1564671993255615,0.6552644371986389,nan,76110714.0,-0.2375423163175583,-4.065224647521973,0.19763037507731354
pilot,b1_h2_w2_n10_a1.5,abf,1.0,2.0,100,0.601257860660553,-0.2766479402780533,-4.383049726486206,0.6574990451335907,nan,76380632.0,-0.27446359395980835,-4.268385887145996,0.20506351720436522
pilot,b1_h2_w2_n10_a1.5,abf,1.0,2.0,100,0.6100628972053528,-0.3161645829677582,-4.592871189117432,0.6599446386098862,nan,76665372.0,-0.3113851249217987,-4.471549034118652,0.2127762836261173
pilot,b1_h2_w2_n10_a1.5,abf,1.0,2.0,100,0.6188679337501526,-0.35746219009160995,-4.787581920623779,0.6626214236021042,nan,76963450.0,-0.35228419303894043,-4.641901969909668,0.22165904551211088
pilot,b1_h2_w2_n10_a1.5,abf,1.0,2.0,100,0.6276729702949524,-0.40041351318359375,-4.968498468399048,0.6655275970697403,nan,77274646.0,-0.39430540800094604,-4.803002834320068,0.23117189898077628
pilot,b1_h2_w2_n10_a1.5,abf,1.0,2.0,100,0.6364780068397522,-0.444902241230011,-5.136791825294495,0.668636217713356,nan,77597310.0,-0.43632662296295166,-4.964103698730469,0.2410930118142117
pilot,b1_h2_w2_n10_a1.5,abf,1.0,2.0,100,0.645283043384552,-0.4908220022916794,-5.293548107147217,0.671893909573555,nan,77929576.0,-0.4807615280151367,-5.104307174682617,0.25204753614663994
pilot,b1_h2_w2_n10_a1.5,abf,1.0,2.0,100,0.6540880799293518,-0.5380751043558121,-5.439651846885681,0.6752221584320068,nan,78268314.0,-0.5268059372901917,-5.230581283569336,0.2639242458680691
pilot,b1_h2_w2_n10_a1.5,abf,1.0,2.0,100,0.6628930568695068,-0.5865693986415863,-5.575473427772522,0.6785210222005844,nan,78610148.0,-0.5728497505187988,-5.356853008270264,0.27636043225711204
pilot,b1_h2_w2_n10_a1.5,abf,1.0,2.0,100,0.6716980934143066,-0.6362153440713882,-5.7012492418289185,0.6816753596067429,nan,78949838.0,-0.6203112602233887,-5.478272438049316,0.28979316298753816
pilot,b1_h2_w2_n10_a1.5,abf,1.0,2.0,100,0.6805031299591064,-0.6869247108697891,-5.8170084953308105,0.6845630705356598,nan,79284622.0,-0.6697292327880859,-5.592988014221191,0.3044739124246407
pilot,b1_h2_w2_n10_a1.5,abf,1.0,2.0,100,0.6893081665039062,-0.7386107444763184,-5.923098683357239,0.6870647966861725,nan,79614280.0,-0.7191475629806519,-5.707704544067383,0.3198984943092813
pilot,b1_h2_w2_n10_a1.5,abf,1.0,2.0,100,0.698113203048706,-0.7911928445100784,-6.020618796348572,0.6890739798545837,nan,79938636.0,-0.7693019509315491,-5.819955825805664,0.3363519655239191
pilot,b1_h2_w2_n10_a1.5,abf,1.0,2.0,100,0.7069182395935059,-0.8446028381586075,-6.111073851585388,0.6905075460672379,nan,80259224.0,-0.8217883110046387,-5.924405574798584,0.35447736314751044
pilot,b1_h2_w2_n10_a1.5,abf,1.0,2.0,100,0.7157232761383057,-0.8987843692302704,-6.195870041847229,0.6913140565156937,nan,80576892.0,-0.874275267124176,-6.0288567543029785,0.3735797282589056
pilot,b1_h2_w2_n10_a1.5,abf,1.0,2.0,100,0.7245283126831055,-0.9536910206079483,-6.275775790214539,0.6914810240268707,nan,80891184.0,-0.9269202947616577,-6.132108688354492,0.393773736686474
pilot,b1_h2_w2_n10_a1.5,abf,1.0,2.0,100,0.7333333492279053,-1.0092787742614746,-6.350582599639893,0.6910385191440582,nan,81201618.0,-0.9820518493652344,-6.216601371765137,0.41609268110908815
pilot,b1_h2_w2_n10_a1.5,abf,1.0,2.0,100,0.7421383857727051,-1.065498411655426,-6.419296860694885,0.6900601089000702,nan,81506500.0,-1.0371841192245483,-6.301095008850098,0.4396769692258594
pilot,b1_h2_w2_n10_a1.5,abf,1.0,2.0,100,0.7509434223175049,-1.1222904920578003,-6.4806147813797,0.6886594146490097,nan,81805460.0,-1.0923155546188354,-6.385587215423584,0.46459763588515796
pilot,b1_h2_w2_n10_a1.5,abf,1.0,2.0,100,0.7597483992576599,-1.1795837581157684,-6.533124804496765,0.6869840174913406,nan,82096536.0,-1.1491605043411255,-6.443742752075195,0.49177273131571614
pilot,b1_h2_w2_n10_a1.5,abf,1.0,2.0,100,0.7685534358024597,-1.2372957170009613,-6.575731039047241,0.6852060258388519,nan,82377964.0,-1.206238865852356,-6.498307704925537,0.5206588574178329
pilot,b1_h2_w2_n10_a1.5,abf,1.0,2.0,100,0.7773584723472595,-1.2953341603279114,-6.607272744178772,0.6835101991891861,nan,82649228.0,-1.2633172273635864,-6.552872180938721,0.5512417190810185
pilot,b1_h2_w2_n10_a1.5,abf,1.0,2.0,100,0.7861635088920593,-1.3535968661308289,-6.626677989959717,0.6820809692144394,nan,82908342.0,-1.3210828304290771,-6.580130577087402,0.5840222069113825
pilot,b1_h2_w2_n10_a1.5,abf,1.0,2.0,100,0.7949685454368591,-1.4119714796543121,-6.632688760757446,0.6810894459486008,nan,83155472.0,-1.3791435956954956,-6.595686435699463,0.6189346990810342
pilot,b1_h2_w2_n10_a1.5,abf,1.0,2.0,100,0.8037735819816589,-1.4703336358070374,-6.623846530914307,0.6806810945272446,nan,83391322.0,-1.4372035264968872,-6.611242294311523,0.6559336914354583
pilot,b1_h2_w2_n10_a1.5,abf,1.0,2.0,100,0.8125786185264587,-1.5285452604293823,-6.598595499992371,0.6809660345315933,nan,83619730.0,-1.4950554370880127,-6.595754623413086,0.6949998392691807
pilot,b1_h2_w2_n10_a1.5,abf,1.0,2.0,100,0.8213836550712585,-1.5864575803279877,-6.555759906768799,0.6820120215415955,nan,83842258.0,-1.5527153015136719,-6.5516133308410645,0.7362512838424037
pilot,b1_h2_w2_n10_a1.5,abf,1.0,2.0,100,0.8301886916160583,-1.6439098417758942,-6.494104862213135,0.6838414967060089,nan,84062416.0,-1.6103757619857788,-6.507471561431885,0.7799516567171776
pilot,b1_h2_w2_n10_a1.5,abf,1.0,2.0,100,0.8389937281608582,-1.7007311880588531,-6.412454605102539,0.6864327043294907,nan,84282918.0,-1.6671823263168335,-6.43240213394165,0.8255406487578316
pilot,b1_h2_w2_n10_a1.5,abf,1.0,2.0,100,0.847798764705658,-1.7567395567893982,-6.309449195861816,0.6897246986627579,nan,84505968.0,-1.7223325967788696,-6.297299861907959,0.8723483028118781
pilot,b1_h2_w2_n10_a1.5,abf,1.0,2.0,100,0.8566038012504578,-1.8117420077323914,-6.18395209312439,0.6936262249946594,nan,84731352.0,-1.7774837017059326,-6.162196159362793,0.9218106916781349
pilot,b1_h2_w2_n10_a1.5,abf,1.0,2.0,100,0.8654087781906128,-1.8655356466770172,-6.034889578819275,0.6980270147323608,nan,84959812.0,-1.8318372964859009,-6.013416767120361,0.9733010845126263
pilot,b1_h2_w2_n10_a1.5,abf,1.0,2.0,100,0.8742138147354126,-1.9179088473320007,-5.86130678653717,0.7028113752603531,nan,85191188.0,-1.8820081949234009,-5.792845726013184,1.0233781770073025
pilot,b1_h2_w2_n10_a1.5,abf,1.0,2.0,100,0.8830188512802124,-1.96864253282547,-5.662485599517822,0.707871824502945,nan,85424624.0,-1.9321790933609009,-5.572274208068848,1.0760317745861954
pilot,b1_h2_w2_n10_a1.5,abf,1.0,2.0,100,0.8918238878250122,-2.0175108313560486,-5.437587738037109,0.7131222188472748,nan,85659950.0,-1.9823508262634277,-5.351700305938721,1.1313953845352516
pilot,b1_h2_w2_n10_a1.5,abf,1.0,2.0,100,0.900628924369812,-2.0642822980880737,-5.18622612953186,0.7185094803571701,nan,85896998.0,-2.0256667137145996,-5.073829650878906,1.181479671636816
pilot,b1_h2_w2_n10_a1.5,abf,1.0,2.0,100,0.9094339609146118,-2.1087244749069214,-4.9084635972976685,0.7240221202373505,nan,86136490.0,-2.068843126296997,-4.794790744781494,1.2336090061730882
pilot,b1_h2_w2_n10_a1.5,abf,1.0,2.0,100,0.9182389974594116,-2.1506069898605347,-4.604918122291565,0.7296958565711975,nan,86378904.0,-2.1120200157165527,-4.515748500823975,1.288039009295713
pilot,b1_h2_w2_n10_a1.5,abf,1.0,2.0,100,0.9270440340042114,-2.18970650434494,-4.276242256164551,0.7356159538030624,nan,86624380.0,-2.1479902267456055,-4.168453693389893,1.3352133942693394
pilot,b1_h2_w2_n10_a1.5,abf,1.0,2.0,100,0.9358490705490112,-2.225801110267639,-3.922399342060089,0.7419155836105347,nan,86873904.0,-2.182159185409546,-3.804097890853882,1.381624642142334
pilot,b1_h2_w2_n10_a1.5,abf,1.0,2.0,100,0.944654107093811,-2.2586655616760254,-3.5425063371658325,0.7487714439630508,nan,87129180.0,-2.2163281440734863,-3.439741611480713,1.4296491182366549
pilot,b1_h2_w2_n10_a1.5,abf,1.0,2.0,100,0.9534591436386108,-2.288064122200012,-3.1351674795150757,0.7563969492912292,nan,87390816.0,-2.243373394012451,-3.018348217010498,1.4688419368297967
pilot,b1_h2_w2_n10_a1.5,abf,1.0,2.0,100,0.9622641801834106,-2.3137497305870056,-2.6991459727287292,0.7650331109762192,nan,87659240.0,-2.266052484512329,-2.562007188796997,1.502534550854063
pilot,b1_h2_w2_n10_a1.5,abf,1.0,2.0,100,0.9710691571235657,-2.335467219352722,-2.2338171005249023,0.7749381363391876,nan,87935700.0,-2.288731575012207,-2.1056716442108154,1.537000013345768
pilot,b1_h2_w2_n10_a1.5,abf,1.0,2.0,100,0.9798741936683655,-2.3529592752456665,-1.739371657371521,0.7863766551017761,nan,88219914.0,-2.305328845977783,-1.6165084838867188,1.5627228933600108
pilot,b1_h2_w2_n10_a1.5,abf,1.0,2.0,100,0.9886792302131653,-2.3659719824790955,-1.216362088918686,0.7996082156896591,nan,88511456.0,-2.3141860961914062,-1.0855662822723389,1.5766258009153542
pilot,b1_h2_w2_n10_a1.5,abf,1.0,2.0,100,0.9974842667579651,-2.3742555379867554,-0.6651877164840698,0.8148759752511978,nan,88808618.0,-2.3230435848236084,-0.5546306371688843,1.5906527762040825
pilot,b1_h2_w2_n10_a1.5,abf,1.0,2.0,100,1.0062893629074097,-2.3775607347488403,-0.0855605099350214,0.8323957324028015,nan,89112106.0,-2.3276915550231934,0.0008601546287536621,1.5980632914917139
pilot,b1_h2_w2_n10_a1.5,abf,1.0,2.0,100,1.01509428024292,-2.3756324648857117,0.5235620141029358,0.8523455411195755,nan,89421442.0,-2.3203608989715576,0.6261976957321167,1.5863912731985115
pilot,b1_h2_w2_n10_a1.5,abf,1.0,2.0,100,1.0238993167877197,-2.3682042360305786,1.1637251377105713,0.8748554438352585,nan,89738624.0,-2.313030242919922,1.2515504360198975,1.5748045056033024
pilot,b1_h2_w2_n10_a1.5,abf,1.0,2.0,100,1.0327043533325195,-2.354995846748352,1.8364594280719757,0.8999984413385391,nan,90063006.0,-2.304180145263672,1.8853397369384766,1.5609288230786316
pilot,b1_h2_w2_n10_a1.5,abf,1.0,2.0,100,1.0415093898773193,-2.335716426372528,2.5427194833755493,0.9277818202972412,nan,90396490.0,-2.277862548828125,2.616218090057373,1.5203847792338328
pilot,b1_h2_w2_n10_a1.5,abf,1.0,2.0,100,1.0503144264221191,-2.3100703358650208,3.2825860381126404,0.9581395983695984,nan,90738814.0,-2.25154447555542,3.3471052646636963,1.4808931326699686
pilot,b1_h2_w2_n10_a1.5,abf,1.0,2.0,100,1.059119462966919,-2.2777640223503113,4.055584907531738,0.9909271746873856,nan,91088610.0,-2.225226402282715,4.077983856201172,1.4424272725843876
pilot,b1_h2_w2_n10_a1.5,abf,1.0,2.0,100,1.0679244995117188,-2.238507032394409,4.86134397983551,1.0259159207344055,nan,91443994.0,-2.1791067123413086,4.907681465148926,1.377413700294725
pilot,b1_h2_w2_n10_a1.5,abf,1.0,2.0,100,1.0767295360565186,-2.1920096278190613,5.700214862823486,1.0627925395965576,nan,91802856.0,-2.1307871341705322,5.748356819152832,1.3124400423193454
pilot,b1_h2_w2_n10_a1.5,abf,1.0,2.0,100,1.0855345726013184,-2.137973666191101,6.573641777038574,1.1011584401130676,nan,92165296.0,-2.0824670791625977,6.589042663574219,1.2505306451964104
pilot,b1_h2_w2_n10_a1.5,abf,1.0,2.0,100,1.0943396091461182,-2.0760858058929443,7.483932733535767,1.1405335068702698,nan,92531524.0,-2.016014575958252,7.514326572418213,1.1701307259922986
pilot,b1_h2_w2_n10_a1.5,abf,1.0,2.0,100,1.103144645690918,-2.0060088634490967,8.433521270751953,1.1803649365901947,nan,92902984.0,-1.9425110816955566,8.472509384155273,1.0872069538273785
pilot,b1_h2_w2_n10_a1.5,abf,1.0,2.0,100,1.1119496822357178,-1.9273894727230072,9.42431640625,1.220034658908844,nan,93282354.0,-1.8690074682235718,9.430693626403809,1.0101596285667958
pilot,b1_h2_w2_n10_a1.5,abf,1.0,2.0,100,1.1207547187805176,-1.839860051870346,10.457350254058838,1.2588748931884766,nan,93674002.0,-1.7802560329437256,10.443071365356445,0.9243698019656297
pilot,b1_h2_w2_n10_a1.5,abf,1.0,2.0,100,1.1295597553253174,-1.743045061826706,11.533440351486206,1.2961848974227905,nan,94075304.0,-1.6785186529159546,11.501588821411133,0.8349524942556218
pilot,b1_h2_w2_n10_a1.5,abf,1.0,2.0,100,1.1383647918701172,-1.6365637183189392,12.653026103973389,1.3312509059906006,nan,94484548.0,-1.5767812728881836,12.56010627746582,0.7541848145420113
pilot,b1_h2_w2_n10_a1.5,abf,1.0,2.0,100,1.147169828414917,-1.5200276374816895,13.817295789718628,1.3633675575256348,nan,94887880.0,-1.4642573595046997,13.626821517944336,0.6739214335698978
pilot,b1_h2_w2_n10_a1.5,abf,1.0,2.0,100,1.1559748649597168,-1.3930365443229675,15.027807235717773,1.3918611705303192,nan,95257786.0,-1.3325631618499756,14.708073616027832,0.5907656095889531
pilot,b1_h2_w2_n10_a1.5,abf,1.0,2.0,100,1.1647799015045166,-1.2551752030849457,16.286396026611328,1.4161128997802734,nan,95547850.0,-1.2008689641952515,15.789325714111328,0.5178704639564032
pilot,b1_h2_w2_n10_a1.5,abf,1.0,2.0,100,1.1735849380493164,-1.1060131192207336,17.594687461853027,1.4355805814266205,nan,95682974.0,-1.0642987489700317,16.82958221435547,0.45176174416507786
pilot,b1_h2_w2_n10_a1.5,abf,1.0,2.0,100,1.1823899745941162,-0.9451062679290771,18.954129219055176,1.449819564819336,nan,95559066.0,-0.9055156111717224,17.68311882019043,0.38543470004932595
pilot,b1_h2_w2_n10_a1.5,abf,1.0,2.0,100,1.191195011138916,-0.7720052301883698,20.36451244354248,1.4584989547729492,nan,95046846.0,-0.7467345595359802,18.536643981933594,0.3288463882596285
pilot,b1_h2_w2_n10_a1.5,abf,1.0,2.0,100,1.2000000476837158,-0.5869686454534531,21.665205001831055,1.4614151120185852,nan,94000780.0,-1.0592870712280273,0.0,0.4495033238516089
pilot,b1_h2_w2_n10_a1.5,fr_estimated,1.0,2.0,100,-0.20000000298023224,-0.916828840970993,-24.081655502319336,0.6621465682983398,0.7143167108297348,46220353.0,-1.0592870712280273,-20.892990112304688,0.4495033238516089
pilot,b1_h2_w2_n10_a1.5,fr_estimated,1.0,2.0,100,-0.19119496643543243,-1.118347555398941,-21.691851139068604,0.661539226770401,0.7143139690160751,48428430.0,-1.2229219675064087,-19.44094467163086,0.5294179230995184
pilot,b1_h2_w2_n10_a1.5,fr_estimated,1.0,2.0,100,-0.18238992989063263,-1.2985489070415497,-19.23963975906372,0.6597399711608887,0.7143127024173737,50103497.0,-1.38655686378479,-17.98889923095703,0.6235400772954802
pilot,b1_h2_w2_n10_a1.5,fr_estimated,1.0,2.0,100,-0.17358490824699402,-1.458113819360733,-17.00436782836914,0.6568156629800797,0.714310497045517,51360550.0,-1.5501915216445923,-16.536855697631836,0.7343954904656751
pilot,b1_h2_w2_n10_a1.5,fr_estimated,1.0,2.0,100,-0.1647798717021942,-1.5988175868988037,-14.955485343933105,0.6528731137514114,0.7143086344003677,52313783.0,-1.6777278184890747,-14.88768196105957,0.8342924461071554
pilot,b1_h2_w2_n10_a1.5,fr_estimated,1.0,2.0,100,-0.1559748500585556,-1.722194343805313,-13.068690061569214,0.6480530500411987,0.7143084704875946,53062569.0,-1.7973395586013794,-13.19524097442627,0.940296955809757
pilot,b1_h2_w2_n10_a1.5,fr_estimated,1.0,2.0,100,-0.1471698135137558,-1.8295853734016418,-11.32439661026001,0.6425217688083649,0.7143088430166245,53682469.0,-1.9169517755508423,-11.502796173095703,1.059770816372942
pilot,b1_h2_w2_n10_a1.5,fr_estimated,1.0,2.0,100,-0.138364776968956,-1.9221733212471008,-9.706282615661621,0.6364619731903076,0.7143086940050125,54227742.0,-2.008378505706787,-9.963461875915527,1.1612295538052118
pilot,b1_h2_w2_n10_a1.5,fr_estimated,1.0,2.0,100,-0.12955975532531738,-2.001010775566101,-8.201103925704956,0.6300632357597351,0.7143105715513229,54730985.0,-2.083951473236084,-8.510251998901367,1.252388303882524
pilot,b1_h2_w2_n10_a1.5,fr_estimated,1.0,2.0,100,-0.12075471878051758,-2.0670430660247803,-6.797651648521423,0.6235126554965973,0.7143122255802155,55211331.0,-2.159524440765381,-7.057041168212891,1.3507031909083211
pilot,b1_h2_w2_n10_a1.5,fr_estimated,1.0,2.0,100,-0.11194968223571777,-2.121125340461731,-5.4867308139801025,0.6169866621494293,0.7143111079931259,55677044.0,-2.2180988788604736,-5.726619720458984,1.4321828903206342
pilot,b1_h2_w2_n10_a1.5,fr_estimated,1.0,2.0,100,-0.10314465314149857,-2.164036214351654,-4.260178327560425,0.6106442660093307,0.7143124341964722,56133864.0,-2.256718873977661,-4.54034423828125,1.4885757230094425
pilot,b1_h2_w2_n10_a1.5,fr_estimated,1.0,2.0,100,-0.09433962404727936,-2.1964885592460632,-3.111147463321686,0.6046221852302551,0.7143133878707886,56580936.0,-2.2953388690948486,-3.3540682792663574,1.5471890483463344
pilot,b1_h2_w2_n10_a1.5,fr_estimated,1.0,2.0,100,-0.08553458750247955,-2.2191385626792908,-2.033621221780777,0.5990317165851593,0.7143123894929886,57019654.0,-2.3254988193511963,-2.2278239727020264,1.5945630001157083
pilot,b1_h2_w2_n10_a1.5,fr_estimated,1.0,2.0,100,-0.07672955840826035,-2.23259437084198,-1.022775188088417,0.5939581841230392,0.7143130749464035,57449688.0,-2.33390474319458,-1.255947470664978,1.6080232689977674
pilot,b1_h2_w2_n10_a1.5,fr_estimated,1.0,2.0,100,-0.06792452931404114,-2.2374274730682373,-0.07504031527787447,0.5894611775875092,0.714312419295311,57870198.0,-2.342310667037964,-0.2840709388256073,1.6215971607585489
pilot,b1_h2_w2_n10_a1.5,fr_estimated,1.0,2.0,100,-0.05911949649453163,-2.2341825366020203,0.8121013194322586,0.5855766385793686,0.7143125236034393,58282918.0,-2.348273277282715,0.667951226234436,1.6312949960762364
pilot,b1_h2_w2_n10_a1.5,fr_estimated,1.0,2.0,100,-0.050314463675022125,-2.2233851552009583,1.640455812215805,0.5823197364807129,0.7143114805221558,58688253.0,-2.3322460651397705,1.4412891864776611,1.6053582868745342
pilot,b1_h2_w2_n10_a1.5,fr_estimated,1.0,2.0,100,-0.04150943458080292,-2.205546200275421,2.4115453958511353,0.5796877443790436,0.7143097668886185,59086549.0,-2.316218852996826,2.214627981185913,1.579833957337964
pilot,b1_h2_w2_n10_a1.5,fr_estimated,1.0,2.0,100,-0.03270440176129341,-2.1811628341674805,3.1269582509994507,0.5776633769273758,0.7143067568540573,59479523.0,-2.300191640853882,2.987967014312744,1.5547154508526206
pilot,b1_h2_w2_n10_a1.5,fr_estimated,1.0,2.0,100,-0.023899370804429054,-2.150717318058014,3.7885159850120544,0.57621730864048,0.7143056988716125,59866664.0,-2.2663745880126953,3.609074831008911,1.5030186004451633
pilot,b1_h2_w2_n10_a1.5,fr_estimated,1.0,2.0,100,-0.015094339847564697,-2.114673435688019,4.398580551147461,0.5753107517957687,0.7143034934997559,60246646.0,-2.2310104370117188,4.216947555541992,1.450794496853807
pilot,b1_h2_w2_n10_a1.5,fr_estimated,1.0,2.0,100,-0.006289307959377766,-2.0734739303588867,4.9596065282821655,0.5748969167470932,0.7142993360757828,60618994.0,-2.195646286010742,4.824819087982178,1.400384979585675
pilot,b1_h2_w2_n10_a1.5,fr_estimated,1.0,2.0,100,0.002515723230317235,-2.0275397896766663,5.474011063575745,0.574922502040863,0.7142934948205948,60983214.0,-2.149151086807251,5.328125476837158,1.3367642901849197
pilot,b1_h2_w2_n10_a1.5,fr_estimated,1.0,2.0,100,0.011320754885673523,-1.9772729873657227,5.943728446960449,0.5753287971019745,0.7142905294895172,61338592.0,-2.0987448692321777,5.794693946838379,1.2710530974545047
pilot,b1_h2_w2_n10_a1.5,fr_estimated,1.0,2.0,100,0.02012578584253788,-1.9230622053146362,6.369861364364624,0.5760527402162552,0.7142859399318695,61684455.0,-2.0483386516571045,6.261263370513916,1.2085720634601942
pilot,b1_h2_w2_n10_a1.5,fr_estimated,1.0,2.0,100,0.028930816799402237,-1.8652900457382202,6.752673268318176,0.5770281851291656,0.7142814695835114,62020704.0,-1.9917211532592773,6.648934841156006,1.142046754725662
pilot,b1_h2_w2_n10_a1.5,fr_estimated,1.0,2.0,100,0.03773584961891174,-1.8043387532234192,7.091976165771484,0.5781872421503067,0.7142753154039383,62345542.0,-1.9302233457565308,6.974617004394531,1.0739293845630757
pilot,b1_h2_w2_n10_a1.5,fr_estimated,1.0,2.0,100,0.04654087871313095,-1.7405939400196075,7.387203216552734,0.5794624537229538,0.7142697125673294,62657542.0,-1.8687258958816528,7.300298690795898,1.0098752355949447
pilot,b1_h2_w2_n10_a1.5,fr_estimated,1.0,2.0,100,0.05534591153264046,-1.6744462847709656,7.637760758399963,0.5807886123657227,0.7142625451087952,62954154.0,-1.8044763803482056,7.575009346008301,0.9470316912900856
pilot,b1_h2_w2_n10_a1.5,fr_estimated,1.0,2.0,100,0.06415094435214996,-1.6062921583652496,7.842964172363281,0.5821054428815842,0.7142569869756699,63234040.0,-1.7357370853424072,7.766558647155762,0.8841204089237655
pilot,b1_h2_w2_n10_a1.5,fr_estimated,1.0,2.0,100,0.07295597344636917,-1.5365326702594757,8.002396941184998,0.5833596885204315,0.7142511457204819,63495659.0,-1.666998028755188,7.958106994628906,0.8253885176483532
pilot,b1_h2_w2_n10_a1.5,fr_estimated,1.0,2.0,100,0.08176100999116898,-1.465571939945221,8.115837812423706,0.5845071971416473,0.7142457813024521,63737643.0,-1.5975807905197144,8.121484756469727,0.770035769549449
pilot,b1_h2_w2_n10_a1.5,fr_estimated,1.0,2.0,100,0.09056603908538818,-1.3938142955303192,8.183396577835083,0.5855146050453186,0.7142411321401596,63957598.0,-1.525450587272644,8.1721830368042,0.716448784414229
pilot,b1_h2_w2_n10_a1.5,fr_estimated,1.0,2.0,100,0.09937106817960739,-1.3216643929481506,8.204931735992432,0.5863602608442307,0.7142376452684402,64153684.0,-1.4533201456069946,8.222882270812988,0.666590772281902
pilot,b1_h2_w2_n10_a1.5,fr_estimated,1.0,2.0,100,0.1081760972738266,-1.2495306730270386,8.179730653762817,0.5870344787836075,0.7142351567745209,64324345.0,-1.381203055381775,8.270602226257324,0.6202106836105864
pilot,b1_h2_w2_n10_a1.5,fr_estimated,1.0,2.0,100,0.1169811338186264,-1.1778303682804108,8.106462478637695,0.5875389724969864,0.7142335772514343,64467675.0,-1.3097383975982666,8.172334671020508,0.5774342452115002
pilot,b1_h2_w2_n10_a1.5,fr_estimated,1.0,2.0,100,0.1257861703634262,-1.1069956421852112,7.983158111572266,0.5878857970237732,0.7142324000597,64580959.0,-1.2382739782333374,8.074066162109375,0.5376082609507522
pilot,b1_h2_w2_n10_a1.5,fr_estimated,1.0,2.0,100,0.13459119200706482,-1.0374772250652313,7.807440280914307,0.5880955308675766,0.7142321914434433,64659902.0,-1.166809320449829,7.975799083709717,0.5005289792403473
pilot,b1_h2_w2_n10_a1.5,fr_estimated,1.0,2.0,100,0.14339622855186462,-0.9697494804859161,7.576427936553955,0.5881953984498978,0.7142320424318314,64700737.0,-1.0994906425476074,7.746495246887207,0.4679431526096859
pilot,b1_h2_w2_n10_a1.5,fr_estimated,1.0,2.0,100,0.15220126509666443,-0.9043119549751282,7.287257552146912,0.5882167220115662,0.7142324000597,64698232.0,-1.032961368560791,7.492231845855713,0.43782423757722183
pilot,b1_h2_w2_n10_a1.5,fr_estimated,1.0,2.0,100,0.16100628674030304,-0.841688871383667,6.9371196031570435,0.5881931036710739,0.7142335623502731,64650808.0,-0.9664326310157776,7.23797082901001,0.4096441304282874
pilot,b1_h2_w2_n10_a1.5,fr_estimated,1.0,2.0,100,0.16981132328510284,-0.7824244201183319,6.5243706703186035,0.5881580114364624,0.7142345458269119,64559024.0,-0.9062346816062927,6.867103099822998,0.38571195441735184
pilot,b1_h2_w2_n10_a1.5,fr_estimated,1.0,2.0,100,0.17861634492874146,-0.7270674705505371,6.049557685852051,0.5881434679031372,0.7142356187105179,64429926.0,-0.8492985367774963,6.436169624328613,0.36436449044048974
pilot,b1_h2_w2_n10_a1.5,fr_estimated,1.0,2.0,100,0.18742138147354126,-0.676142692565918,5.517654061317444,0.5881782323122025,0.7142363339662552,64273579.0,-0.7923622727394104,6.005234718322754,0.34419847387956476
pilot,b1_h2_w2_n10_a1.5,fr_estimated,1.0,2.0,100,0.19622641801834106,-0.6301044076681137,4.939605951309204,0.5882871896028519,0.7142359465360641,64107037.0,-0.7423951029777527,5.490200996398926,0.3274224654036102
pilot,b1_h2_w2_n10_a1.5,fr_estimated,1.0,2.0,100,0.20503143966197968,-0.589277058839798,4.334033012390137,0.58849036693573,0.7142352014780045,63949534.0,-0.6999778151512146,4.884060382843018,0.3138245250752819
pilot,b1_h2_w2_n10_a1.5,fr_estimated,1.0,2.0,100,0.21383647620677948,-0.5537899434566498,3.726614236831665,0.5888028889894485,0.714234009385109,63820994.0,-0.6575605273246765,4.277920246124268,0.3007913107529864
pilot,b1_h2_w2_n10_a1.5,fr_estimated,1.0,2.0,100,0.22264151275157928,-0.5235242545604706,3.148019254207611,0.5892350524663925,0.7142326682806015,63739854.0,-0.6199696660041809,3.6907289028167725,0.28969418822386167
pilot,b1_h2_w2_n10_a1.5,fr_estimated,1.0,2.0,100,0.2314465343952179,-0.49808864295482635,2.6294963359832764,0.5897924304008484,0.7142317146062851,63721640.0,-0.5936400294303894,3.1477503776550293,0.2821661852158841
pilot,b1_h2_w2_n10_a1.5,fr_estimated,1.0,2.0,100,0.2402515709400177,-0.476836733520031,2.1977263689041138,0.5904765129089355,0.7142314612865448,63775910.0,-0.5673103928565979,2.6047720909118652,0.27483380514958716
pilot,b1_h2_w2_n10_a1.5,fr_estimated,1.0,2.0,100,0.2490566074848175,-0.4589271768927574,1.8703003823757172,0.5912858247756958,0.7142319679260254,63907463.0,-0.5421341061592102,2.109734535217285,0.2680008851673362
pilot,b1_h2_w2_n10_a1.5,fr_estimated,1.0,2.0,100,0.2578616440296173,-0.4434146583080292,1.6532600224018097,0.5922163277864456,0.7142331600189209,64115293.0,-0.5254150629043579,1.9662461280822754,0.2635574155612666
pilot,b1_h2_w2_n10_a1.5,fr_estimated,1.0,2.0,100,0.2666666805744171,-0.42935074120759964,1.541256159543991,0.5932629704475403,0.7142349779605865,64394328.0,-0.5086959600448608,1.8227572441101074,0.25918760348002035
pilot,b1_h2_w2_n10_a1.5,fr_estimated,1.0,2.0,100,0.27547168731689453,-0.4158734306693077,1.5200148522853851,0.5944203734397888,0.7142375409603119,64734105.0,-0.4919770061969757,1.679269790649414,0.25489028136426933
pilot,b1_h2_w2_n10_a1.5,fr_estimated,1.0,2.0,100,0.28427672386169434,-0.4022698178887367,1.5699492990970612,0.5956839323043823,0.7142405360937119,65123258.0,-0.47453948855400085,1.856855034828186,0.25048415518337164
pilot,b1_h2_w2_n10_a1.5,fr_estimated,1.0,2.0,100,0.29308176040649414,-0.3880060762166977,1.669955313205719,0.5970504730939865,0.7142442464828491,65548821.0,-0.4570562243461609,2.0549325942993164,0.2461429344521394
pilot,b1_h2_w2_n10_a1.5,fr_estimated,1.0,2.0,100,0.30188679695129395,-0.3727283775806427,1.8002632558345795,0.5985186398029327,0.7142486274242401,65998541.0,-0.43957284092903137,2.2530112266540527,0.2418769239671157
pilot,b1_h2_w2_n10_a1.5,fr_estimated,1.0,2.0,100,0.31069183349609375,-0.35624365508556366,1.944135069847107,0.6000890731811523,0.7142534255981445,66461808.0,-0.41740426421165466,2.4846742153167725,0.2365738547495243
pilot,b1_h2_w2_n10_a1.5,fr_estimated,1.0,2.0,100,0.31949687004089355,-0.33848971128463745,2.088544487953186,0.6017637550830841,0.7142585515975952,66930808.0,-0.3937559723854065,2.7269446849823,0.2310449197928029
pilot,b1_h2_w2_n10_a1.5,fr_estimated,1.0,2.0,100,0.32830187678337097,-0.3195023685693741,2.224291443824768,0.6035454869270325,0.714263916015625,67400575.0,-0.3701077401638031,2.969214916229248,0.22564521426250586
pilot,b1_h2_w2_n10_a1.5,fr_estimated,1.0,2.0,100,0.3371069133281708,-0.29938310384750366,2.345662474632263,0.6054368168115616,0.7142689675092697,67868942.0,-0.3436613380908966,3.130324363708496,0.2197559286569891
pilot,b1_h2_w2_n10_a1.5,fr_estimated,1.0,2.0,100,0.3459119498729706,-0.2782716006040573,2.449660360813141,0.6074388027191162,0.7142738848924637,68335438.0,-0.31518852710723877,3.232665538787842,0.21358709835810452
pilot,b1_h2_w2_n10_a1.5,fr_estimated,1.0,2.0,100,0.3547169864177704,-0.2563277333974838,2.534730076789856,0.6095499396324158,0.7142785638570786,68801858.0,-0.28671586513519287,3.3350062370300293,0.2075914659579848
pilot,b1_h2_w2_n10_a1.5,fr_estimated,1.0,2.0,100,0.3635220229625702,-0.23372435569763184,2.599463403224945,0.6117648333311081,0.7142831385135651,69268126.0,-0.25803256034851074,3.3705062866210938,0.20172164207795906
pilot,b1_h2_w2_n10_a1.5,fr_estimated,1.0,2.0,100,0.3723270297050476,-0.21065133810043335,2.641423285007477,0.614073857665062,0.7142875045537949,69733982.0,-0.2290339469909668,3.3057498931884766,0.1959559960744842
pilot,b1_h2_w2_n10_a1.5,fr_estimated,1.0,2.0,100,0.3811320662498474,-0.18732528388500214,2.6569193601608276,0.6164625436067581,0.7142916321754456,70196686.0,-0.2000349462032318,3.240992307662964,0.19035507110273406
pilot,b1_h2_w2_n10_a1.5,fr_estimated,1.0,2.0,100,0.3899371027946472,-0.16399894654750824,2.641488492488861,0.6189117729663849,0.7142953276634216,70652986.0,-0.17177970707416534,3.151615619659424,0.18505181820871155
pilot,b1_h2_w2_n10_a1.5,fr_estimated,1.0,2.0,100,0.398742139339447,-0.14096325635910034,2.590902328491211,0.6213986128568649,0.7142987251281738,71097630.0,-0.14616058766841888,2.9749510288238525,0.18037116667223116
pilot,b1_h2_w2_n10_a1.5,fr_estimated,1.0,2.0,100,0.4075471758842468,-0.11854179203510284,2.501971423625946,0.6238975375890732,0.7143014222383499,71527360.0,-0.12054161727428436,2.7982873916625977,0.17580893249001467
pilot,b1_h2_w2_n10_a1.5,fr_estimated,1.0,2.0,100,0.41635221242904663,-0.09707948565483093,2.373038172721863,0.6263819932937622,0.7143036276102066,71938142.0,-0.0951697900891304,2.6180949211120605,0.17140444979627184
pilot,b1_h2_w2_n10_a1.5,fr_estimated,1.0,2.0,100,0.42515721917152405,-0.07692915201187134,2.2039816975593567,0.6288264840841293,0.7143054157495499,72327820.0,-0.07573186606168747,2.3532490730285645,0.16810487545087904
pilot,b1_h2_w2_n10_a1.5,fr_estimated,1.0,2.0,100,0.43396225571632385,-0.05843919515609741,1.9958758354187012,0.6312090754508972,0.7143069505691528,72693994.0,-0.05629405751824379,2.088404655456543,0.1648688376960766
pilot,b1_h2_w2_n10_a1.5,fr_estimated,1.0,2.0,100,0.44276729226112366,-0.04194469749927521,1.7507318556308746,0.633513480424881,0.7143082916736603,73035334.0,-0.03685612604022026,1.8235585689544678,0.1616950741540097
pilot,b1_h2_w2_n10_a1.5,fr_estimated,1.0,2.0,100,0.45157232880592346,-0.027759239077568054,1.4713895320892334,0.6357317268848419,0.714309349656105,73352884.0,-0.024922728538513184,1.4782233238220215,0.1597769700716968
pilot,b1_h2_w2_n10_a1.5,fr_estimated,1.0,2.0,100,0.46037736535072327,-0.016167521476745605,1.1615843176841736,0.6378659009933472,0.7143098711967468,73647128.0,-0.014210798777639866,1.119783878326416,0.15807458458614027
pilot,b1_h2_w2_n10_a1.5,fr_estimated,1.0,2.0,100,0.46918240189552307,-0.007417172193527222,0.8259946405887604,0.6399297416210175,0.7143096625804901,73919264.0,-0.003498935606330633,0.7613465189933777,0.15639034802562515
pilot,b1_h2_w2_n10_a1.5,fr_estimated,1.0,2.0,100,0.4779874086380005,-0.0017113685607910156,0.4700392857193947,0.6419491171836853,0.7143086940050125,74170134.0,-5.315686576068401e-05,0.3713838458061218,0.1558523888655698
pilot,b1_h2_w2_n10_a1.5,fr_estimated,1.0,2.0,100,0.4867924451828003,0.0007958412170410156,0.099455576390028,0.6439621299505234,0.7143067568540573,74399422.0,-2.6578514734865166e-05,-0.03341376781463623,0.1558482466211176
pilot,b1_h2_w2_n10_a1.5,fr_estimated,1.0,2.0,100,0.4955974817276001,0.0,-0.2802247144281864,0.6460173279047012,0.7143039107322693,74608360.0,0.0,-0.4382137656211853,0.15584410446124483
pilot,b1_h2_w2_n10_a1.5,fr_estimated,1.0,2.0,100,0.5044025182723999,-0.004156813025474548,-0.6639686524868011,0.6481712907552719,0.7143001705408096,74796736.0,-0.005637996830046177,-0.842821478843689,0.15672523459859966
pilot,b1_h2_w2_n10_a1.5,fr_estimated,1.0,2.0,100,0.5132075548171997,-0.011690691113471985,-1.0472940057516098,0.6504849046468735,0.7142957448959351,74966644.0,-0.01694050058722496,-1.2472418546676636,0.15850667053032724
pilot,b1_h2_w2_n10_a1.5,fr_estimated,1.0,2.0,100,0.5220125913619995,-0.022580280900001526,-1.4261922538280487,0.6530187129974365,0.7142907828092575,75122054.0,-0.028242936357855797,-1.651659607887268,0.1603083444656425
pilot,b1_h2_w2_n10_a1.5,fr_estimated,1.0,2.0,100,0.5308176279067993,-0.03677065670490265,-1.7970452010631561,0.6558277904987335,0.7142856121063232,75266472.0,-0.042920421808958054,-2.0383150577545166,0.16267862015072793
pilot,b1_h2_w2_n10_a1.5,fr_estimated,1.0,2.0,100,0.5396226644515991,-0.05417703092098236,-2.1566877961158752,0.6589565575122833,0.7142806202173233,75404848.0,-0.06476947665214539,-2.387220859527588,0.16627210845152143
pilot,b1_h2_w2_n10_a1.5,fr_estimated,1.0,2.0,100,0.5484277009963989,-0.07468867301940918,-2.502385199069977,0.6624339520931244,0.7142761051654816,75543122.0,-0.08661839365959167,-2.7361247539520264,0.16994495166381024
pilot,b1_h2_w2_n10_a1.5,fr_estimated,1.0,2.0,100,0.557232677936554,-0.0981733500957489,-2.831985116004944,0.6662697345018387,0.7142725139856339,75685004.0,-0.10966528207063675,-3.0728986263275146,0.17390713664068624
pilot,b1_h2_w2_n10_a1.5,fr_estimated,1.0,2.0,100,0.5660377144813538,-0.12448203563690186,-3.1438397765159607,0.6704520136117935,0.7142699360847473,75835148.0,-0.1400705873966217,-3.3351645469665527,0.1792760442507608
pilot,b1_h2_w2_n10_a1.5,fr_estimated,1.0,2.0,100,0.5748427510261536,-0.1534542739391327,-3.436994254589081,0.6749470382928848,0.7142686098814011,75995606.0,-0.17047609388828278,-3.5974321365356445,0.18481073938932796
pilot,b1_h2_w2_n10_a1.5,fr_estimated,1.0,2.0,100,0.5836477875709534,-0.18492311239242554,-3.7109750509262085,0.6796998530626297,0.7142682075500488,76170270.0,-0.20088140666484833,-3.8596982955932617,0.19051626735759417
pilot,b1_h2_w2_n10_a1.5,fr_estimated,1.0,2.0,100,0.5924528241157532,-0.2187201976776123,-3.96578848361969,0.6846379935741425,0.7142686992883682,76359576.0,-0.2375423163175583,-4.065224647521973,0.19763037507731354
pilot,b1_h2_w2_n10_a1.5,fr_estimated,1.0,2.0,100,0.601257860660553,-0.2546772062778473,-4.201592326164246,0.6896754950284958,0.7142698615789413,76562972.0,-0.27446359395980835,-4.268385887145996,0.20506351720436522
pilot,b1_h2_w2_n10_a1.5,fr_estimated,1.0,2.0,100,0.6100628972053528,-0.2926277220249176,-4.4185895919799805,0.6947186291217804,0.7142713367938995,76780826.0,-0.3113851249217987,-4.471549034118652,0.2127762836261173
pilot,b1_h2_w2_n10_a1.5,fr_estimated,1.0,2.0,100,0.6188679337501526,-0.3324078470468521,-4.617177605628967,0.6996719539165497,0.7142722606658936,77011000.0,-0.35228419303894043,-4.641901969909668,0.22165904551211088
pilot,b1_h2_w2_n10_a1.5,fr_estimated,1.0,2.0,100,0.6276729702949524,-0.3738592565059662,-4.798206448554993,0.704444169998169,0.7142729610204697,77252908.0,-0.39430540800094604,-4.803002834320068,0.23117189898077628
pilot,b1_h2_w2_n10_a1.5,fr_estimated,1.0,2.0,100,0.6364780068397522,-0.4168345630168915,-4.963321924209595,0.7089538425207138,0.7142725735902786,77504300.0,-0.43632662296295166,-4.964103698730469,0.2410930118142117
pilot,b1_h2_w2_n10_a1.5,fr_estimated,1.0,2.0,100,0.645283043384552,-0.46120286732912064,-5.114616870880127,0.7131340056657791,0.7142710089683533,77762772.0,-0.4807615280151367,-5.104307174682617,0.25204753614663994
pilot,b1_h2_w2_n10_a1.5,fr_estimated,1.0,2.0,100,0.6540880799293518,-0.5068515986204147,-5.254157543182373,0.7169357091188431,0.7142682522535324,78025842.0,-0.5268059372901917,-5.230581283569336,0.2639242458680691
pilot,b1_h2_w2_n10_a1.5,fr_estimated,1.0,2.0,100,0.6628930568695068,-0.5536841452121735,-5.383520722389221,0.7203306555747986,0.7142644971609116,78291654.0,-0.5728497505187988,-5.356853008270264,0.27636043225711204
pilot,b1_h2_w2_n10_a1.5,fr_estimated,1.0,2.0,100,0.6716980934143066,-0.6016154587268829,-5.503726959228516,0.7233123183250427,0.7142606973648071,78557128.0,-0.6203112602233887,-5.478272438049316,0.28979316298753816
pilot,b1_h2_w2_n10_a1.5,fr_estimated,1.0,2.0,100,0.6805031299591064,-0.6505669504404068,-5.615253925323486,0.7258962243795395,0.7142558097839355,78821292.0,-0.6697292327880859,-5.592988014221191,0.3044739124246407
pilot,b1_h2_w2_n10_a1.5,fr_estimated,1.0,2.0,100,0.6893081665039062,-0.7004642933607101,-5.718561172485352,0.7281186878681183,0.7142518609762192,79082304.0,-0.7191475629806519,-5.707704544067383,0.3198984943092813
pilot,b1_h2_w2_n10_a1.5,fr_estimated,1.0,2.0,100,0.698113203048706,-0.751238077878952,-5.814408779144287,0.730034738779068,0.7142482399940491,79339612.0,-0.7693019509315491,-5.819955825805664,0.3363519655239191
pilot,b1_h2_w2_n10_a1.5,fr_estimated,1.0,2.0,100,0.7069182395935059,-0.8028279691934586,-5.90386164188385,0.7317146509885788,0.7142454981803894,79591640.0,-0.8217883110046387,-5.924405574798584,0.35447736314751044
pilot,b1_h2_w2_n10_a1.5,fr_estimated,1.0,2.0,100,0.7157232761383057,-0.8551820516586304,-5.987983822822571,0.7332393527030945,0.7142443209886551,79836928.0,-0.874275267124176,-6.0288567543029785,0.3735797282589056
pilot,b1_h2_w2_n10_a1.5,fr_estimated,1.0,2.0,100,0.7245283126831055,-0.9082563370466232,-6.067456603050232,0.73469477891922,0.7142439484596252,80073822.0,-0.9269202947616577,-6.132108688354492,0.393773736686474
pilot,b1_h2_w2_n10_a1.5,fr_estimated,1.0,2.0,100,0.7333333492279053,-0.9620087593793869,-6.142028331756592,0.7361653745174408,0.7142445147037506,80300114.0,-0.9820518493652344,-6.216601371765137,0.41609268110908815
pilot,b1_h2_w2_n10_a1.5,fr_estimated,1.0,2.0,100,0.7421383857727051,-1.0163916647434235,-6.210661888122559,0.737727165222168,0.7142461091279984,80515572.0,-1.0371841192245483,-6.301095008850098,0.4396769692258594
pilot,b1_h2_w2_n10_a1.5,fr_estimated,1.0,2.0,100,0.7509434223175049,-1.0713465213775635,-6.271934270858765,0.7394405603408813,0.7142483294010162,80719096.0,-1.0923155546188354,-6.385587215423584,0.46459763588515796
pilot,b1_h2_w2_n10_a1.5,fr_estimated,1.0,2.0,100,0.7597483992576599,-1.1268013417720795,-6.324224591255188,0.7413444668054581,0.7142523229122162,80913836.0,-1.1491605043411255,-6.443742752075195,0.49177273131571614
pilot,b1_h2_w2_n10_a1.5,fr_estimated,1.0,2.0,100,0.7685534358024597,-1.1826714873313904,-6.366264820098877,0.7434512227773666,0.7142561376094818,81099212.0,-1.206238865852356,-6.498307704925537,0.5206588574178329
pilot,b1_h2_w2_n10_a1.5,fr_estimated,1.0,2.0,100,0.7773584723472595,-1.2388615608215332,-6.396908402442932,0.7457440495491028,0.7142618149518967,81277540.0,-1.2633172273635864,-6.552872180938721,0.5512417190810185
pilot,b1_h2_w2_n10_a1.5,fr_estimated,1.0,2.0,100,0.7861635088920593,-1.2952685058116913,-6.415510535240173,0.7481772750616074,0.7142679840326309,81448278.0,-1.3210828304290771,-6.580130577087402,0.5840222069113825
pilot,b1_h2_w2_n10_a1.5,fr_estimated,1.0,2.0,100,0.7949685454368591,-1.3517842292785645,-6.421627640724182,0.7506789863109589,0.7142735719680786,81612048.0,-1.3791435956954956,-6.595686435699463,0.6189346990810342
pilot,b1_h2_w2_n10_a1.5,fr_estimated,1.0,2.0,100,0.8037735819816589,-1.4082964658737183,-6.414718270301819,0.7531572878360748,0.7142780274152756,81767042.0,-1.4372035264968872,-6.611242294311523,0.6559336914354583
pilot,b1_h2_w2_n10_a1.5,fr_estimated,1.0,2.0,100,0.8125786185264587,-1.4646859467029572,-6.3938305377960205,0.7555083781480789,0.7142826318740845,81914328.0,-1.4950554370880127,-6.595754623413086,0.6949998392691807
pilot,b1_h2_w2_n10_a1.5,fr_estimated,1.0,2.0,100,0.8213836550712585,-1.5208238065242767,-6.357471823692322,0.7576266825199127,0.7142861783504486,82052152.0,-1.5527153015136719,-6.5516133308410645,0.7362512838424037
pilot,b1_h2_w2_n10_a1.5,fr_estimated,1.0,2.0,100,0.8301886916160583,-1.5765639245510101,-6.303499817848206,0.7594153434038162,0.7142884880304337,82183288.0,-1.6103757619857788,-6.507471561431885,0.7799516567171776
pilot,b1_h2_w2_n10_a1.5,fr_estimated,1.0,2.0,100,0.8389937281608582,-1.6317414939403534,-6.2296812534332275,0.7607966959476471,0.7142927646636963,82309188.0,-1.6671823263168335,-6.43240213394165,0.8255406487578316
pilot,b1_h2_w2_n10_a1.5,fr_estimated,1.0,2.0,100,0.847798764705658,-1.6861717700958252,-6.133754849433899,0.7617207616567612,0.7142966687679291,82434794.0,-1.7223325967788696,-6.297299861907959,0.8723483028118781
pilot,b1_h2_w2_n10_a1.5,fr_estimated,1.0,2.0,100,0.8566038012504578,-1.7396525144577026,-6.014000415802002,0.7621717154979706,0.7142985165119171,82563840.0,-1.7774837017059326,-6.162196159362793,0.9218106916781349
pilot,b1_h2_w2_n10_a1.5,fr_estimated,1.0,2.0,100,0.8654087781906128,-1.7919682562351227,-5.869119644165039,0.7621713429689407,0.714302271604538,82699898.0,-1.8318372964859009,-6.013416767120361,0.9733010845126263
pilot,b1_h2_w2_n10_a1.5,fr_estimated,1.0,2.0,100,0.8742138147354126,-1.8428937494754791,-5.698245525360107,0.7617792636156082,0.7143058478832245,82846322.0,-1.8820081949234009,-5.792845726013184,1.0233781770073025
pilot,b1_h2_w2_n10_a1.5,fr_estimated,1.0,2.0,100,0.8830188512802124,-1.8921996355056763,-5.5012286901474,0.761090487241745,0.7143090814352036,83003988.0,-1.9321790933609009,-5.572274208068848,1.0760317745861954
pilot,b1_h2_w2_n10_a1.5,fr_estimated,1.0,2.0,100,0.8918238878250122,-1.9396568536758423,-5.2783366441726685,0.7602304518222809,0.7143125385046005,83170820.0,-1.9823508262634277,-5.351700305938721,1.1313953845352516
pilot,b1_h2_w2_n10_a1.5,fr_estimated,1.0,2.0,100,0.900628924369812,-1.9850390553474426,-5.0299073457717896,0.7593483328819275,0.7143156230449677,83346382.0,-2.0256667137145996,-5.073829650878906,1.181479671636816
pilot,b1_h2_w2_n10_a1.5,fr_estimated,1.0,2.0,100,0.9094339609146118,-2.028122305870056,-4.756138205528259,0.7586099654436111,0.714319184422493,83527306.0,-2.068843126296997,-4.794790744781494,1.2336090061730882
pilot,b1_h2_w2_n10_a1.5,fr_estimated,1.0,2.0,100,0.9182389974594116,-2.0686817169189453,-4.456704378128052,0.7581906616687775,0.7143224477767944,83712388.0,-2.1120200157165527,-4.515748500823975,1.288039009295713
pilot,b1_h2_w2_n10_a1.5,fr_estimated,1.0,2.0,100,0.9270440340042114,-2.106488585472107,-4.13084352016449,0.7582685500383377,0.7143249958753586,83900396.0,-2.1479902267456055,-4.168453693389893,1.3352133942693394
pilot,b1_h2_w2_n10_a1.5,fr_estimated,1.0,2.0,100,0.9358490705490112,-2.141305983066559,-3.777679920196533,0.7590198069810867,0.7143278270959854,84091630.0,-2.182159185409546,-3.804097890853882,1.381624642142334
pilot,b1_h2_w2_n10_a1.5,fr_estimated,1.0,2.0,100,0.944654107093811,-2.1728899478912354,-3.396396279335022,0.760614812374115,0.7143303602933884,84286734.0,-2.2163281440734863,-3.439741611480713,1.4296491182366549
pilot,b1_h2_w2_n10_a1.5,fr_estimated,1.0,2.0,100,0.9534591436386108,-2.2009907960891724,-2.9865036606788635,0.7632162123918533,0.7143309265375137,84486800.0,-2.243373394012451,-3.018348217010498,1.4688419368297967
pilot,b1_h2_w2_n10_a1.5,fr_estimated,1.0,2.0,100,0.9622641801834106,-2.2253555059432983,-2.5477426648139954,0.7669780552387238,0.7143330425024033,84692858.0,-2.266052484512329,-2.562007188796997,1.502534550854063
pilot,b1_h2_w2_n10_a1.5,fr_estimated,1.0,2.0,100,0.9710691571235657,-2.2457292079925537,-2.0799964666366577,0.7720459401607513,0.7143320441246033,84904226.0,-2.288731575012207,-2.1056716442108154,1.537000013345768
pilot,b1_h2_w2_n10_a1.5,fr_estimated,1.0,2.0,100,0.9798741936683655,-2.2618560194969177,-1.5831019282341003,0.7785575538873672,0.7143317312002182,85123352.0,-2.305328845977783,-1.6165084838867188,1.5627228933600108
pilot,b1_h2_w2_n10_a1.5,fr_estimated,1.0,2.0,100,0.9886792302131653,-2.273479163646698,-1.0570053458213806,0.7866436094045639,0.714331179857254,85347450.0,-2.3141860961914062,-1.0855662822723389,1.5766258009153542
pilot,b1_h2_w2_n10_a1.5,fr_estimated,1.0,2.0,100,0.9974842667579651,-2.280341327190399,-0.501670628786087,0.7964277863502502,0.7143293023109436,85577506.0,-2.3230435848236084,-0.5546306371688843,1.5906527762040825
pilot,b1_h2_w2_n10_a1.5,fr_estimated,1.0,2.0,100,1.0062893629074097,-2.2821849584579468,0.08289445098489523,0.8080262094736099,0.7143295556306839,85811474.0,-2.3276915550231934,0.0008601546287536621,1.5980632914917139
pilot,b1_h2_w2_n10_a1.5,fr_estimated,1.0,2.0,100,1.01509428024292,-2.278752565383911,0.6967475712299347,0.821545735001564,0.7143291085958481,86048476.0,-2.3203608989715576,0.6261976957321167,1.5863912731985115
pilot,b1_h2_w2_n10_a1.5,fr_estimated,1.0,2.0,100,1.0238993167877197,-2.269785225391388,1.340122550725937,0.8370806574821472,0.7143242359161377,86287918.0,-2.313030242919922,1.2515504360198975,1.5748045056033024
pilot,b1_h2_w2_n10_a1.5,fr_estimated,1.0,2.0,100,1.0327043533325195,-2.2550209760665894,2.013478100299835,0.8547075688838959,0.7143239378929138,86530886.0,-2.304180145263672,1.8853397369384766,1.5609288230786316
pilot,b1_h2_w2_n10_a1.5,fr_estimated,1.0,2.0,100,1.0415093898773193,-2.234192728996277,2.717524468898773,0.8744789510965347,0.7143197804689407,86775934.0,-2.277862548828125,2.616218090057373,1.5203847792338328
pilot,b1_h2_w2_n10_a1.5,fr_estimated,1.0,2.0,100,1.0503144264221191,-2.2070266604423523,3.4530351161956787,0.8964144587516785,0.7143164128065109,87025504.0,-2.25154447555542,3.3471052646636963,1.4808931326699686
pilot,b1_h2_w2_n10_a1.5,fr_estimated,1.0,2.0,100,1.059119462966919,-2.1732420325279236,4.220884203910828,0.9204911589622498,0.714312881231308,87279330.0,-2.225226402282715,4.077983856201172,1.4424272725843876
pilot,b1_h2_w2_n10_a1.5,fr_estimated,1.0,2.0,100,1.0679244995117188,-2.1325501799583435,5.021976113319397,0.9466325044631958,0.714311957359314,87538470.0,-2.1791067123413086,4.907681465148926,1.377413700294725
pilot,b1_h2_w2_n10_a1.5,fr_estimated,1.0,2.0,100,1.0767295360565186,-2.084654211997986,5.85723340511322,0.9746968299150467,0.7143094390630722,87803516.0,-2.1307871341705322,5.748356819152832,1.3124400423193454
pilot,b1_h2_w2_n10_a1.5,fr_estimated,1.0,2.0,100,1.0855345726013184,-2.0292482376098633,6.727839350700378,1.00446717441082,0.7143086940050125,88075918.0,-2.0824670791625977,6.589042663574219,1.2505306451964104
pilot,b1_h2_w2_n10_a1.5,fr_estimated,1.0,2.0,100,1.0943396091461182,-1.96601602435112,7.6350977420806885,1.0356417298316956,0.7143087238073349,88356076.0,-2.016014575958252,7.514326572418213,1.1701307259922986
pilot,b1_h2_w2_n10_a1.5,fr_estimated,1.0,2.0,100,1.103144645690918,-1.8946265578269958,8.580508947372437,1.067830428481102,0.7143106609582901,88644396.0,-1.9425110816955566,8.472509384155273,1.0872069538273785
pilot,b1_h2_w2_n10_a1.5,fr_estimated,1.0,2.0,100,1.1119496822357178,-1.8147392272949219,9.565312623977661,1.1005510985851288,0.7143119424581528,88943326.0,-1.8690074682235718,9.430693626403809,1.0101596285667958
pilot,b1_h2_w2_n10_a1.5,fr_estimated,1.0,2.0,100,1.1207547187805176,-1.7260017395019531,10.590768814086914,1.133236140012741,0.7143137454986572,89254610.0,-1.7802560329437256,10.443071365356445,0.9243698019656297
pilot,b1_h2_w2_n10_a1.5,fr_estimated,1.0,2.0,100,1.1295597553253174,-1.6280514895915985,11.657898426055908,1.1652431786060333,0.714315801858902,89579536.0,-1.6785186529159546,11.501588821411133,0.8349524942556218
pilot,b1_h2_w2_n10_a1.5,fr_estimated,1.0,2.0,100,1.1383647918701172,-1.5205163955688477,12.767911672592163,1.1958732306957245,0.7143189013004303,89915394.0,-1.5767812728881836,12.56010627746582,0.7541848145420113
pilot,b1_h2_w2_n10_a1.5,fr_estimated,1.0,2.0,100,1.147169828414917,-1.4030131995677948,13.922091722488403,1.2243950366973877,0.7143207937479019,90249076.0,-1.4642573595046997,13.626821517944336,0.6739214335698978
pilot,b1_h2_w2_n10_a1.5,fr_estimated,1.0,2.0,100,1.1559748649597168,-1.2751449048519135,15.122262954711914,1.250074952840805,0.7143228054046631,90555396.0,-1.3325631618499756,14.708073616027832,0.5907656095889531
pilot,b1_h2_w2_n10_a1.5,fr_estimated,1.0,2.0,100,1.1647799015045166,-1.1364980340003967,16.370366096496582,1.2722105085849762,0.7143260836601257,90784668.0,-1.2008689641952515,15.789325714111328,0.5178704639564032
pilot,b1_h2_w2_n10_a1.5,fr_estimated,1.0,2.0,100,1.1735849380493164,-0.9866421073675156,17.66831922531128,1.2901651561260223,0.7143288105726242,90864942.0,-1.0642987489700317,16.82958221435547,0.45176174416507786
pilot,b1_h2_w2_n10_a1.5,fr_estimated,1.0,2.0,100,1.1823899745941162,-0.8251267969608307,19.018704891204834,1.3034020066261292,0.7143310010433197,90695486.0,-0.9055156111717224,17.68311882019043,0.38543470004932595
pilot,b1_h2_w2_n10_a1.5,fr_estimated,1.0,2.0,100,1.191195011138916,-0.6514864414930344,20.42244005203247,1.311514139175415,0.7143327295780182,90154272.0,-0.7467345595359802,18.536643981933594,0.3288463882596285
pilot,b1_h2_w2_n10_a1.5,fr_estimated,1.0,2.0,100,1.2000000476837158,-0.46595554798841476,21.71955108642578,1.314246952533722,0.7143340706825256,89107084.0,-1.0592870712280273,0.0,0.4495033238516089
pilot,b1_h2_w2_n10_a1.5,fr_uniform,1.0,2.0,100,-0.20000000298023224,-0.919793576002121,-24.126290321350098,0.7526429444551468,0.714285671710968,46430896.0,-1.0592870712280273,-20.892990112304688,0.4495033238516089
pilot,b1_h2_w2_n10_a1.5,fr_uniform,1.0,2.0,100,-0.19119496643543243,-1.1216785609722137,-21.73041820526123,0.7513390332460403,0.714285671710968,48617097.0,-1.2229219675064087,-19.44094467163086,0.5294179230995184
pilot,b1_h2_w2_n10_a1.5,fr_uniform,1.0,2.0,100,-0.18238992989063263,-1.3021818101406097,-19.269646167755127,0.7474765628576279,0.714285671710968,50268348.0,-1.38655686378479,-17.98889923095703,0.6235400772954802
pilot,b1_h2_w2_n10_a1.5,fr_uniform,1.0,2.0,100,-0.17358490824699402,-1.4619686603546143,-17.02477502822876,0.7411998361349106,0.714285671710968,51500943.0,-1.5501915216445923,-16.536855697631836,0.7343954904656751
pilot,b1_h2_w2_n10_a1.5,fr_uniform,1.0,2.0,100,-0.1647798717021942,-1.6028086841106415,-14.966011762619019,0.7327394485473633,0.714285671710968,52430146.0,-1.6777278184890747,-14.88768196105957,0.8342924461071554
pilot,b1_h2_w2_n10_a1.5,fr_uniform,1.0,2.0,100,-0.1559748500585556,-1.7262347042560577,-13.069362163543701,0.722398579120636,0.714285671710968,53155284.0,-1.7973395586013794,-13.19524097442627,0.940296955809757
pilot,b1_h2_w2_n10_a1.5,fr_uniform,1.0,2.0,100,-0.1471698135137558,-1.83359032869339,-11.315678358078003,0.7105347961187363,0.714285671710968,53753466.0,-1.9169517755508423,-11.502796173095703,1.059770816372942
pilot,b1_h2_w2_n10_a1.5,fr_uniform,1.0,2.0,100,-0.138364776968956,-1.926066368818283,-9.689590692520142,0.6975403726100922,0.714285671710968,54277218.0,-2.008378505706787,-9.963461875915527,1.1612295538052118
pilot,b1_h2_w2_n10_a1.5,fr_uniform,1.0,2.0,100,-0.12955975532531738,-2.0047301054000854,-8.178328037261963,0.683821514248848,0.714285671710968,54760662.0,-2.083951473236084,-8.510251998901367,1.252388303882524
pilot,b1_h2_w2_n10_a1.5,fr_uniform,1.0,2.0,100,-0.12075471878051758,-2.0705453157424927,-6.771130919456482,0.6697786152362823,0.714285671710968,55223036.0,-2.159524440765381,-7.057041168212891,1.3507031909083211
pilot,b1_h2_w2_n10_a1.5,fr_uniform,1.0,2.0,100,-0.11194968223571777,-2.1243871450424194,-5.458624362945557,0.6557892113924026,0.714285671710968,55674976.0,-2.2180988788604736,-5.726619720458984,1.4321828903206342
pilot,b1_h2_w2_n10_a1.5,fr_uniform,1.0,2.0,100,-0.10314465314149857,-2.1670520305633545,-4.2324018478393555,0.6421938091516495,0.714285671710968,56122516.0,-2.256718873977661,-4.54034423828125,1.4885757230094425
pilot,b1_h2_w2_n10_a1.5,fr_uniform,1.0,2.0,100,-0.09433962404727936,-2.1992679834365845,-3.0852330327033997,0.6292859762907028,0.714285671710968,56566755.0,-2.2953388690948486,-3.3540682792663574,1.5471890483463344
pilot,b1_h2_w2_n10_a1.5,fr_uniform,1.0,2.0,100,-0.08553458750247955,-2.2217037081718445,-2.010864108800888,0.617306649684906,0.714285671710968,57007779.0,-2.3254988193511963,-2.2278239727020264,1.5945630001157083
pilot,b1_h2_w2_n10_a1.5,fr_uniform,1.0,2.0,100,-0.07672955840826035,-2.2349775433540344,-1.004214033484459,0.606442004442215,0.714285671710968,57445250.0,-2.33390474319458,-1.255947470664978,1.6080232689977674
pilot,b1_h2_w2_n10_a1.5,fr_uniform,1.0,2.0,100,-0.06792452931404114,-2.239668846130371,-0.061357918195426464,0.5968249887228012,0.714285671710968,57877074.0,-2.342310667037964,-0.2840709388256073,1.6215971607585489
pilot,b1_h2_w2_n10_a1.5,fr_uniform,1.0,2.0,100,-0.05911949649453163,-2.2363258004188538,0.8207004219293594,0.5885388553142548,0.714285671710968,58302074.0,-2.348273277282715,0.667951226234436,1.6312949960762364
pilot,b1_h2_w2_n10_a1.5,fr_uniform,1.0,2.0,100,-0.050314463675022125,-2.2254735827445984,1.644303023815155,0.5816227197647095,0.714285671710968,58718319.0,-2.3322460651397705,1.4412891864776611,1.6053582868745342
pilot,b1_h2_w2_n10_a1.5,fr_uniform,1.0,2.0,100,-0.04150943458080292,-2.2076178193092346,2.411482095718384,0.5760773420333862,0.714285671710968,59124467.0,-2.316218852996826,2.214627981185913,1.579833957337964
pilot,b1_h2_w2_n10_a1.5,fr_uniform,1.0,2.0,100,-0.03270440176129341,-2.183246910572052,3.124198019504547,0.57187120616436,0.714285671710968,59520365.0,-2.300191640853882,2.987967014312744,1.5547154508526206
pilot,b1_h2_w2_n10_a1.5,fr_uniform,1.0,2.0,100,-0.023899370804429054,-2.1528314352035522,3.7844685912132263,0.5689456760883331,0.714285671710968,59905477.0,-2.2663745880126953,3.609074831008911,1.5030186004451633
pilot,b1_h2_w2_n10_a1.5,fr_uniform,1.0,2.0,100,-0.015094339847564697,-2.116824209690094,4.394321799278259,0.5672194063663483,0.714285671710968,60280662.0,-2.2310104370117188,4.216947555541992,1.450794496853807
pilot,b1_h2_w2_n10_a1.5,fr_uniform,1.0,2.0,100,-0.006289307959377766,-2.075661063194275,4.955574870109558,0.5665918439626694,0.714285671710968,60648036.0,-2.195646286010742,4.824819087982178,1.400384979585675
pilot,b1_h2_w2_n10_a1.5,fr_uniform,1.0,2.0,100,0.002515723230317235,-2.0297632813453674,5.469780683517456,0.5669459104537964,0.714285671710968,61008132.0,-2.149151086807251,5.328125476837158,1.3367642901849197
pilot,b1_h2_w2_n10_a1.5,fr_uniform,1.0,2.0,100,0.011320754885673523,-1.9795401990413666,5.93803596496582,0.568150207400322,0.714285671710968,61362417.0,-2.0987448692321777,5.794693946838379,1.2710530974545047
pilot,b1_h2_w2_n10_a1.5,fr_uniform,1.0,2.0,100,0.02012578584253788,-1.9253937005996704,6.360950827598572,0.5700613856315613,0.714285671710968,61711018.0,-2.0483386516571045,6.261263370513916,1.2085720634601942
pilot,b1_h2_w2_n10_a1.5,fr_uniform,1.0,2.0,100,0.028930816799402237,-1.8677217662334442,6.73881733417511,0.5725265145301819,0.714285671710968,62052858.0,-1.9917211532592773,6.648934841156006,1.142046754725662
pilot,b1_h2_w2_n10_a1.5,fr_uniform,1.0,2.0,100,0.03773584961891174,-1.8069207668304443,7.07170569896698,0.5753865540027618,0.714285671710968,62386331.0,-1.9302233457565308,6.974617004394531,1.0739293845630757
pilot,b1_h2_w2_n10_a1.5,fr_uniform,1.0,2.0,100,0.04654087871313095,-1.7433856427669525,7.359843611717224,0.5784801989793777,0.714285671710968,62709294.0,-1.8687258958816528,7.300298690795898,1.0098752355949447
pilot,b1_h2_w2_n10_a1.5,fr_uniform,1.0,2.0,100,0.05534591153264046,-1.6775088608264923,7.603590130805969,0.581648588180542,0.714285671710968,63020169.0,-1.8044763803482056,7.575009346008301,0.9470316912900856
pilot,b1_h2_w2_n10_a1.5,fr_uniform,1.0,2.0,100,0.06415094435214996,-1.609678953886032,7.803497314453125,0.5847407877445221,0.714285671710968,63316490.0,-1.7357370853424072,7.766558647155762,0.8841204089237655
pilot,b1_h2_w2_n10_a1.5,fr_uniform,1.0,2.0,100,0.07295597344636917,-1.5402799844741821,7.959967613220215,0.5876192152500153,0.714285671710968,63596317.0,-1.666998028755188,7.958106994628906,0.8253885176483532
pilot,b1_h2_w2_n10_a1.5,fr_uniform,1.0,2.0,100,0.08176100999116898,-1.469694197177887,8.073096752166748,0.5901649445295334,0.714285671710968,63857004.0,-1.5975807905197144,8.121484756469727,0.770035769549449
pilot,b1_h2_w2_n10_a1.5,fr_uniform,1.0,2.0,100,0.09056603908538818,-1.3983051776885986,8.142411947250366,0.5922823697328568,0.714285671710968,64095504.0,-1.525450587272644,8.1721830368042,0.716448784414229
pilot,b1_h2_w2_n10_a1.5,fr_uniform,1.0,2.0,100,0.09937106817960739,-1.326502948999405,8.166948080062866,0.5939025282859802,0.714285671710968,64306345.0,-1.4533201456069946,8.222882270812988,0.666590772281902
pilot,b1_h2_w2_n10_a1.5,fr_uniform,1.0,2.0,100,0.1081760972738266,-1.2546880543231964,8.145304679870605,0.5949849039316177,0.714285671710968,64484001.0,-1.381203055381775,8.270602226257324,0.6202106836105864
pilot,b1_h2_w2_n10_a1.5,fr_uniform,1.0,2.0,100,0.1169811338186264,-1.183274269104004,8.075801610946655,0.5955179035663605,0.714285671710968,64622503.0,-1.3097383975982666,8.172334671020508,0.5774342452115002
pilot,b1_h2_w2_n10_a1.5,fr_uniform,1.0,2.0,100,0.1257861703634262,-1.1126925945281982,7.956336617469788,0.59551702439785,0.714285671710968,64717368.0,-1.2382739782333374,8.074066162109375,0.5376082609507522
pilot,b1_h2_w2_n10_a1.5,fr_uniform,1.0,2.0,100,0.13459119200706482,-1.0433940589427948,7.784331679344177,0.5950220823287964,0.714285671710968,64766592.0,-1.166809320449829,7.975799083709717,0.5005289792403473
pilot,b1_h2_w2_n10_a1.5,fr_uniform,1.0,2.0,100,0.14339622855186462,-0.9758533984422684,7.557033181190491,0.5940927565097809,0.714285671710968,64770483.0,-1.0994906425476074,7.746495246887207,0.4679431526096859
pilot,b1_h2_w2_n10_a1.5,fr_uniform,1.0,2.0,100,0.15220126509666443,-0.9105701893568039,7.271596550941467,0.5928037017583847,0.714285671710968,64731171.0,-1.032961368560791,7.492231845855713,0.43782423757722183
pilot,b1_h2_w2_n10_a1.5,fr_uniform,1.0,2.0,100,0.16100628674030304,-0.8480666279792786,6.925638198852539,0.5912390351295471,0.714285671710968,64653383.0,-0.9664326310157776,7.23797082901001,0.4096441304282874
pilot,b1_h2_w2_n10_a1.5,fr_uniform,1.0,2.0,100,0.16981132328510284,-0.7888807654380798,6.517996430397034,0.5894871652126312,0.714285671710968,64541076.0,-0.9062346816062927,6.867103099822998,0.38571195441735184
pilot,b1_h2_w2_n10_a1.5,fr_uniform,1.0,2.0,100,0.17861634492874146,-0.7335519194602966,6.049546599388123,0.5876362025737762,0.714285671710968,64401561.0,-0.8492985367774963,6.436169624328613,0.36436449044048974
pilot,b1_h2_w2_n10_a1.5,fr_uniform,1.0,2.0,100,0.18742138147354126,-0.6825958490371704,5.524771332740784,0.5857699811458588,0.714285671710968,64244997.0,-0.7923622727394104,6.005234718322754,0.34419847387956476
pilot,b1_h2_w2_n10_a1.5,fr_uniform,1.0,2.0,100,0.19622641801834106,-0.6364639401435852,4.953762173652649,0.5839651674032211,0.714285671710968,64084038.0,-0.7423951029777527,5.490200996398926,0.3274224654036102
pilot,b1_h2_w2_n10_a1.5,fr_uniform,1.0,2.0,100,0.20503143966197968,-0.5954875200986862,4.353727459907532,0.5822896957397461,0.714285671710968,63934654.0,-0.6999778151512146,4.884060382843018,0.3138245250752819
pilot,b1_h2_w2_n10_a1.5,fr_uniform,1.0,2.0,100,0.21383647620677948,-0.559814840555191,3.749072313308716,0.580801248550415,0.714285671710968,63814763.0,-0.6575605273246765,4.277920246124268,0.3007913107529864
pilot,b1_h2_w2_n10_a1.5,fr_uniform,1.0,2.0,100,0.22264151275157928,-0.52935491502285,3.1696786284446716,0.5795476883649826,0.714285671710968,63742358.0,-0.6199696660041809,3.6907289028167725,0.28969418822386167
pilot,b1_h2_w2_n10_a1.5,fr_uniform,1.0,2.0,100,0.2314465343952179,-0.5037469118833542,2.646996319293976,0.5785669982433319,0.714285671710968,63733814.0,-0.5936400294303894,3.1477503776550293,0.2821661852158841
pilot,b1_h2_w2_n10_a1.5,fr_uniform,1.0,2.0,100,0.2402515709400177,-0.48236869275569916,2.20891535282135,0.5778880715370178,0.714285671710968,63798900.0,-0.5673103928565979,2.6047720909118652,0.27483380514958716
pilot,b1_h2_w2_n10_a1.5,fr_uniform,1.0,2.0,100,0.2490566074848175,-0.4643900915980339,1.8747935593128204,0.5775313079357147,0.714285671710968,63944691.0,-0.5421341061592102,2.109734535217285,0.2680008851673362
pilot,b1_h2_w2_n10_a1.5,fr_uniform,1.0,2.0,100,0.2578616440296173,-0.4488612860441208,1.6524655520915985,0.577509418129921,0.714285671710968,64169632.0,-0.5254150629043579,1.9662461280822754,0.2635574155612666
pilot,b1_h2_w2_n10_a1.5,fr_uniform,1.0,2.0,100,0.2666666805744171,-0.4348164573311806,1.5377155244350433,0.5778278559446335,0.714285671710968,64467346.0,-0.5086959600448608,1.8227572441101074,0.25918760348002035
pilot,b1_h2_w2_n10_a1.5,fr_uniform,1.0,2.0,100,0.27547168731689453,-0.42137082666158676,1.5163631439208984,0.5784851163625717,0.714285671710968,64826694.0,-0.4919770061969757,1.679269790649414,0.25489028136426933
pilot,b1_h2_w2_n10_a1.5,fr_uniform,1.0,2.0,100,0.28427672386169434,-0.40779200196266174,1.5679687559604645,0.5794730260968208,0.714285671710968,65234984.0,-0.47453948855400085,1.856855034828186,0.25048415518337164
pilot,b1_h2_w2_n10_a1.5,fr_uniform,1.0,2.0,100,0.29308176040649414,-0.393536701798439,1.6700214743614197,0.5807766690850258,0.714285671710968,65679312.0,-0.4570562243461609,2.0549325942993164,0.2461429344521394
pilot,b1_h2_w2_n10_a1.5,fr_uniform,1.0,2.0,100,0.30188679695129395,-0.378253236413002,1.8015062808990479,0.5823745876550674,0.714285671710968,66146827.0,-0.43957284092903137,2.2530112266540527,0.2418769239671157
pilot,b1_h2_w2_n10_a1.5,fr_uniform,1.0,2.0,100,0.31069183349609375,-0.3617577403783798,1.945338875055313,0.5842388570308685,0.714285671710968,66627634.0,-0.41740426421165466,2.4846742153167725,0.2365738547495243
pilot,b1_h2_w2_n10_a1.5,fr_uniform,1.0,2.0,100,0.31949687004089355,-0.3439951241016388,2.0893123149871826,0.5863358229398727,0.714285671710968,67113231.0,-0.3937559723854065,2.7269446849823,0.2310449197928029
pilot,b1_h2_w2_n10_a1.5,fr_uniform,1.0,2.0,100,0.32830187678337097,-0.32499825954437256,2.225692093372345,0.5886264741420746,0.714285671710968,67598864.0,-0.3701077401638031,2.969214916229248,0.22564521426250586
pilot,b1_h2_w2_n10_a1.5,fr_uniform,1.0,2.0,100,0.3371069133281708,-0.30485378205776215,2.3499792218208313,0.5910678505897522,0.714285671710968,68080614.0,-0.3436613380908966,3.130324363708496,0.2197559286569891
pilot,b1_h2_w2_n10_a1.5,fr_uniform,1.0,2.0,100,0.3459119498729706,-0.28368058800697327,2.459358811378479,0.5936140716075897,0.714285671710968,68556292.0,-0.31518852710723877,3.232665538787842,0.21358709835810452
pilot,b1_h2_w2_n10_a1.5,fr_uniform,1.0,2.0,100,0.3547169864177704,-0.2616206556558609,2.5513983368873596,0.5962185263633728,0.714285671710968,69025250.0,-0.28671586513519287,3.3350062370300293,0.2075914659579848
pilot,b1_h2_w2_n10_a1.5,fr_uniform,1.0,2.0,100,0.3635220229625702,-0.2388390749692917,2.623269200325012,0.5988352596759796,0.714285671710968,69487018.0,-0.25803256034851074,3.3705062866210938,0.20172164207795906
pilot,b1_h2_w2_n10_a1.5,fr_uniform,1.0,2.0,100,0.3723270297050476,-0.2155286818742752,2.671537220478058,0.6014212816953659,0.714285671710968,69942188.0,-0.2290339469909668,3.3057498931884766,0.1959559960744842
pilot,b1_h2_w2_n10_a1.5,fr_uniform,1.0,2.0,100,0.3811320662498474,-0.1919146478176117,2.6922196745872498,0.6039383262395859,0.714285671710968,70390878.0,-0.2000349462032318,3.240992307662964,0.19035507110273406
pilot,b1_h2_w2_n10_a1.5,fr_uniform,1.0,2.0,100,0.3899371027946472,-0.16825860738754272,2.6810778379440308,0.6063546985387802,0.714285671710968,70832008.0,-0.17177970707416534,3.151615619659424,0.18505181820871155
pilot,b1_h2_w2_n10_a1.5,fr_uniform,1.0,2.0,100,0.398742139339447,-0.14485867321491241,2.634049355983734,0.6086467504501343,0.714285671710968,71263068.0,-0.14616058766841888,2.9749510288238525,0.18037116667223116
pilot,b1_h2_w2_n10_a1.5,fr_uniform,1.0,2.0,100,0.4075471758842468,-0.12204538285732269,2.547824203968048,0.6107998192310333,0.714285671710968,71682216.0,-0.12054161727428436,2.7982873916625977,0.17580893249001467
pilot,b1_h2_w2_n10_a1.5,fr_uniform,1.0,2.0,100,0.41635221242904663,-0.10017220675945282,2.420508086681366,0.612808957695961,0.714285671710968,72083220.0,-0.0951697900891304,2.6180949211120605,0.17140444979627184
pilot,b1_h2_w2_n10_a1.5,fr_uniform,1.0,2.0,100,0.42515721917152405,-0.07960288226604462,2.2516772150993347,0.6146789938211441,0.714285671710968,72462424.0,-0.07573186606168747,2.3532490730285645,0.16810487545087904
pilot,b1_h2_w2_n10_a1.5,fr_uniform,1.0,2.0,100,0.43396225571632385,-0.0606975257396698,2.042538106441498,0.6164241135120392,0.714285671710968,72815774.0,-0.05629405751824379,2.088404655456543,0.1648688376960766
pilot,b1_h2_w2_n10_a1.5,fr_uniform,1.0,2.0,100,0.44276729226112366,-0.04380044341087341,1.795511394739151,0.6180669367313385,0.714285671710968,73138920.0,-0.03685612604022026,1.8235585689544678,0.1616950741540097
pilot,b1_h2_w2_n10_a1.5,fr_uniform,1.0,2.0,100,0.45157232880592346,-0.029230564832687378,1.5139313638210297,0.619637206196785,0.714285671710968,73430530.0,-0.024922728538513184,1.4782233238220215,0.1597769700716968
pilot,b1_h2_w2_n10_a1.5,fr_uniform,1.0,2.0,100,0.46037736535072327,-0.017274826765060425,1.2017282545566559,0.6211700141429901,0.714285671710968,73689510.0,-0.014210798777639866,1.119783878326416,0.15807458458614027
pilot,b1_h2_w2_n10_a1.5,fr_uniform,1.0,2.0,100,0.46918240189552307,-0.008183896541595459,0.8631916046142578,0.6227037012577057,0.714285671710968,73917784.0,-0.003498935606330633,0.7613465189933777,0.15639034802562515
pilot,b1_h2_w2_n10_a1.5,fr_uniform,1.0,2.0,100,0.4779874086380005,-0.0021694302558898926,0.5029541850090027,0.6242776662111282,0.714285671710968,74117308.0,-5.315686576068401e-05,0.3713838458061218,0.1558523888655698
pilot,b1_h2_w2_n10_a1.5,fr_uniform,1.0,2.0,100,0.4867924451828003,0.000599592924118042,0.12601042911410332,0.6259297877550125,0.714285671710968,74292320.0,-2.6578514734865166e-05,-0.03341376781463623,0.1558482466211176
pilot,b1_h2_w2_n10_a1.5,fr_uniform,1.0,2.0,100,0.4955974817276001,0.0,-0.26220038905739784,0.6276940405368805,0.714285671710968,74446580.0,0.0,-0.4382137656211853,0.15584410446124483
pilot,b1_h2_w2_n10_a1.5,fr_uniform,1.0,2.0,100,0.5044025182723999,-0.004041999578475952,-0.6559125185012817,0.629598081111908,0.714285671710968,74584638.0,-0.005637996830046177,-0.842821478843689,0.15672523459859966
pilot,b1_h2_w2_n10_a1.5,fr_uniform,1.0,2.0,100,0.5132075548171997,-0.011549532413482666,-1.0493702292442322,0.6316612809896469,0.714285671710968,74711978.0,-0.01694050058722496,-1.2472418546676636,0.15850667053032724
pilot,b1_h2_w2_n10_a1.5,fr_uniform,1.0,2.0,100,0.5220125913619995,-0.02249738574028015,-1.4373581409454346,0.6338929384946823,0.714285671710968,74834236.0,-0.028242936357855797,-1.651659607887268,0.1603083444656425
pilot,b1_h2_w2_n10_a1.5,fr_uniform,1.0,2.0,100,0.5308176279067993,-0.03681857883930206,-1.815595120191574,0.6362913995981216,0.714285671710968,74957240.0,-0.042920421808958054,-2.0383150577545166,0.16267862015072793
pilot,b1_h2_w2_n10_a1.5,fr_uniform,1.0,2.0,100,0.5396226644515991,-0.054412975907325745,-2.180844247341156,0.6388437300920486,0.714285671710968,75086516.0,-0.06476947665214539,-2.387220859527588,0.16627210845152143
pilot,b1_h2_w2_n10_a1.5,fr_uniform,1.0,2.0,100,0.5484277009963989,-0.07515539228916168,-2.530646800994873,0.6415261477231979,0.714285671710968,75225946.0,-0.08661839365959167,-2.7361247539520264,0.16994495166381024
pilot,b1_h2_w2_n10_a1.5,fr_uniform,1.0,2.0,100,0.557232677936554,-0.09890119731426239,-2.863040566444397,0.6443053483963013,0.714285671710968,75378360.0,-0.10966528207063675,-3.0728986263275146,0.17390713664068624
pilot,b1_h2_w2_n10_a1.5,fr_uniform,1.0,2.0,100,0.5660377144813538,-0.12548963725566864,-3.1763293147087097,0.6471407860517502,0.714285671710968,75545386.0,-0.1400705873966217,-3.3351645469665527,0.1792760442507608
pilot,b1_h2_w2_n10_a1.5,fr_uniform,1.0,2.0,100,0.5748427510261536,-0.15474656224250793,-3.469168782234192,0.6499872356653214,0.714285671710968,75728730.0,-0.17047609388828278,-3.5974321365356445,0.18481073938932796
pilot,b1_h2_w2_n10_a1.5,fr_uniform,1.0,2.0,100,0.5836477875709534,-0.18648859858512878,-3.7408530712127686,0.6527980118989944,0.714285671710968,75928234.0,-0.20088140666484833,-3.8596982955932617,0.19051626735759417
pilot,b1_h2_w2_n10_a1.5,fr_uniform,1.0,2.0,100,0.5924528241157532,-0.2205304205417633,-3.9915019869804382,0.6555284112691879,0.714285671710968,76142540.0,-0.2375423163175583,-4.065224647521973,0.19763037507731354
pilot,b1_h2_w2_n10_a1.5,fr_uniform,1.0,2.0,100,0.601257860660553,-0.25669054687023163,-4.221997499465942,0.6581385582685471,0.714285671710968,76369430.0,-0.27446359395980835,-4.268385887145996,0.20506351720436522
pilot,b1_h2_w2_n10_a1.5,fr_uniform,1.0,2.0,100,0.6100628972053528,-0.2947978228330612,-4.433791518211365,0.660596176981926,0.714285671710968,76606560.0,-0.3113851249217987,-4.471549034118652,0.2127762836261173
pilot,b1_h2_w2_n10_a1.5,fr_uniform,1.0,2.0,100,0.6188679337501526,-0.33469419181346893,-4.628379583358765,0.6628784984350204,0.714285671710968,76852928.0,-0.35228419303894043,-4.641901969909668,0.22165904551211088
pilot,b1_h2_w2_n10_a1.5,fr_uniform,1.0,2.0,100,0.6276729702949524,-0.3762350082397461,-4.807315945625305,0.6649732142686844,0.714285671710968,77106086.0,-0.39430540800094604,-4.803002834320068,0.23117189898077628
pilot,b1_h2_w2_n10_a1.5,fr_uniform,1.0,2.0,100,0.6364780068397522,-0.41928817331790924,-4.9718955755233765,0.6668786853551865,0.714285671710968,77365578.0,-0.43632662296295166,-4.964103698730469,0.2410930118142117
pilot,b1_h2_w2_n10_a1.5,fr_uniform,1.0,2.0,100,0.645283043384552,-0.4637314900755882,-5.123080730438232,0.6686029583215714,0.714285671710968,77631396.0,-0.4807615280151367,-5.104307174682617,0.25204753614663994
pilot,b1_h2_w2_n10_a1.5,fr_uniform,1.0,2.0,100,0.6540880799293518,-0.5094510316848755,-5.261778712272644,0.6701624691486359,0.714285671710968,77901038.0,-0.5268059372901917,-5.230581283569336,0.2639242458680691
pilot,b1_h2_w2_n10_a1.5,fr_uniform,1.0,2.0,100,0.6628930568695068,-0.5563405454158783,-5.388834595680237,0.6715800166130066,0.714285671710968,78172380.0,-0.5728497505187988,-5.356853008270264,0.27636043225711204
pilot,b1_h2_w2_n10_a1.5,fr_uniform,1.0,2.0,100,0.6716980934143066,-0.6043017506599426,-5.505201458930969,0.6728826016187668,0.714285671710968,78443270.0,-0.6203112602233887,-5.478272438049316,0.28979316298753816
pilot,b1_h2_w2_n10_a1.5,fr_uniform,1.0,2.0,100,0.6805031299591064,-0.6532467007637024,-5.612289071083069,0.6740997433662415,0.714285671710968,78710294.0,-0.6697292327880859,-5.592988014221191,0.3044739124246407
pilot,b1_h2_w2_n10_a1.5,fr_uniform,1.0,2.0,100,0.6893081665039062,-0.7031005322933197,-5.7116522789001465,0.6752617210149765,0.714285671710968,78971868.0,-0.7191475629806519,-5.707704544067383,0.3198984943092813
pilot,b1_h2_w2_n10_a1.5,fr_uniform,1.0,2.0,100,0.698113203048706,-0.7538020610809326,-5.804903268814087,0.6763989478349686,0.714285671710968,79227912.0,-0.7693019509315491,-5.819955825805664,0.3363519655239191
pilot,b1_h2_w2_n10_a1.5,fr_uniform,1.0,2.0,100,0.7069182395935059,-0.805304080247879,-5.893408179283142,0.677541509270668,0.714285671710968,79478146.0,-0.8217883110046387,-5.924405574798584,0.35447736314751044
pilot,b1_h2_w2_n10_a1.5,fr_uniform,1.0,2.0,100,0.7157232761383057,-0.8575678616762161,-5.9779292345047,0.6787200272083282,0.714285671710968,79723064.0,-0.874275267124176,-6.0288567543029785,0.3735797282589056
pilot,b1_h2_w2_n10_a1.5,fr_uniform,1.0,2.0,100,0.7245283126831055,-0.9105588048696518,-6.05858039855957,0.6799662411212921,0.714285671710968,79962280.0,-0.9269202947616577,-6.132108688354492,0.393773736686474
pilot,b1_h2_w2_n10_a1.5,fr_uniform,1.0,2.0,100,0.7333333492279053,-0.964240312576294,-6.134776473045349,0.6813146620988846,0.714285671710968,80195244.0,-0.9820518493652344,-6.216601371765137,0.41609268110908815
pilot,b1_h2_w2_n10_a1.5,fr_uniform,1.0,2.0,100,0.7421383857727051,-1.0185687243938446,-6.205533504486084,0.6828035712242126,0.714285671710968,80421152.0,-1.0371841192245483,-6.301095008850098,0.4396769692258594
pilot,b1_h2_w2_n10_a1.5,fr_uniform,1.0,2.0,100,0.7509434223175049,-1.073491632938385,-6.269794344902039,0.684475913643837,0.714285671710968,80636450.0,-1.0923155546188354,-6.385587215423584,0.46459763588515796
pilot,b1_h2_w2_n10_a1.5,fr_uniform,1.0,2.0,100,0.7597483992576599,-1.1289458572864532,-6.326233386993408,0.6863797754049301,0.714285671710968,80838616.0,-1.1491605043411255,-6.443742752075195,0.49177273131571614
pilot,b1_h2_w2_n10_a1.5,fr_uniform,1.0,2.0,100,0.7685534358024597,-1.184856116771698,-6.3733755350112915,0.688567116856575,0.714285671710968,81027038.0,-1.206238865852356,-6.498307704925537,0.5206588574178329
pilot,b1_h2_w2_n10_a1.5,fr_uniform,1.0,2.0,100,0.7773584723472595,-1.2411329448223114,-6.409497618675232,0.6910923719406128,0.714285671710968,81200300.0,-1.2633172273635864,-6.552872180938721,0.5512417190810185
pilot,b1_h2_w2_n10_a1.5,fr_uniform,1.0,2.0,100,0.7861635088920593,-1.2976717054843903,-6.432865500450134,0.6940091401338577,0.714285671710968,81360792.0,-1.3210828304290771,-6.580130577087402,0.5840222069113825
pilot,b1_h2_w2_n10_a1.5,fr_uniform,1.0,2.0,100,0.7949685454368591,-1.354354053735733,-6.442125201225281,0.6973665356636047,0.714285671710968,81509896.0,-1.3791435956954956,-6.595686435699463,0.6189346990810342
pilot,b1_h2_w2_n10_a1.5,fr_uniform,1.0,2.0,100,0.8037735819816589,-1.4110509157180786,-6.436150550842285,0.7012042999267578,0.714285671710968,81651126.0,-1.4372035264968872,-6.611242294311523,0.6559336914354583
pilot,b1_h2_w2_n10_a1.5,fr_uniform,1.0,2.0,100,0.8125786185264587,-1.467624008655548,-6.414113163948059,0.7055481672286987,0.714285671710968,81785312.0,-1.4950554370880127,-6.595754623413086,0.6949998392691807
pilot,b1_h2_w2_n10_a1.5,fr_uniform,1.0,2.0,100,0.8213836550712585,-1.5239282548427582,-6.3749823570251465,0.7104052901268005,0.714285671710968,81914196.0,-1.5527153015136719,-6.5516133308410645,0.7362512838424037
pilot,b1_h2_w2_n10_a1.5,fr_uniform,1.0,2.0,100,0.8301886916160583,-1.5798066556453705,-6.3173816204071045,0.7157607525587082,0.714285671710968,82038508.0,-1.6103757619857788,-6.507471561431885,0.7799516567171776
pilot,b1_h2_w2_n10_a1.5,fr_uniform,1.0,2.0,100,0.8389937281608582,-1.6350878179073334,-6.239341974258423,0.7215751558542252,0.714285671710968,82159370.0,-1.6671823263168335,-6.43240213394165,0.8255406487578316
pilot,b1_h2_w2_n10_a1.5,fr_uniform,1.0,2.0,100,0.847798764705658,-1.6895831525325775,-6.138867735862732,0.7277849018573761,0.714285671710968,82279222.0,-1.7223325967788696,-6.297299861907959,0.8723483028118781
pilot,b1_h2_w2_n10_a1.5,fr_uniform,1.0,2.0,100,0.8566038012504578,-1.7430883944034576,-6.0144572257995605,0.7343039363622665,0.714285671710968,82399780.0,-1.7774837017059326,-6.162196159362793,0.9218106916781349
pilot,b1_h2_w2_n10_a1.5,fr_uniform,1.0,2.0,100,0.8654087781906128,-1.7953903079032898,-5.865568995475769,0.7410284578800201,0.714285671710968,82523710.0,-1.8318372964859009,-6.013416767120361,0.9733010845126263
pilot,b1_h2_w2_n10_a1.5,fr_uniform,1.0,2.0,100,0.8742138147354126,-1.8462753295898438,-5.692603707313538,0.7478435188531876,0.714285671710968,82654194.0,-1.8820081949234009,-5.792845726013184,1.0233781770073025
pilot,b1_h2_w2_n10_a1.5,fr_uniform,1.0,2.0,100,0.8830188512802124,-1.8955346643924713,-5.496294736862183,0.754631444811821,0.714285671710968,82792596.0,-1.9321790933609009,-5.572274208068848,1.0760317745861954
pilot,b1_h2_w2_n10_a1.5,fr_uniform,1.0,2.0,100,0.8918238878250122,-1.9429635405540466,-5.276811122894287,0.761281818151474,0.714285671710968,82941256.0,-1.9823508262634277,-5.351700305938721,1.1313953845352516
pilot,b1_h2_w2_n10_a1.5,fr_uniform,1.0,2.0,100,0.900628924369812,-1.9883542954921722,-5.033382058143616,0.7677014917135239,0.714285671710968,83101558.0,-2.0256667137145996,-5.073829650878906,1.181479671636816
pilot,b1_h2_w2_n10_a1.5,fr_uniform,1.0,2.0,100,0.9094339609146118,-2.031489849090576,-4.764530539512634,0.7738246917724609,0.714285671710968,83273576.0,-2.068843126296997,-4.794790744781494,1.2336090061730882
pilot,b1_h2_w2_n10_a1.5,fr_uniform,1.0,2.0,100,0.9182389974594116,-2.072138786315918,-4.468642354011536,0.7796216905117035,0.714285671710968,83457412.0,-2.1120200157165527,-4.515748500823975,1.288039009295713
pilot,b1_h2_w2_n10_a1.5,fr_uniform,1.0,2.0,100,0.9270440340042114,-2.110058546066284,-4.14455783367157,0.7851059436798096,0.714285671710968,83650400.0,-2.1479902267456055,-4.168453693389893,1.3352133942693394
pilot,b1_h2_w2_n10_a1.5,fr_uniform,1.0,2.0,100,0.9358490705490112,-2.144997537136078,-3.7915924191474915,0.7903387546539307,0.714285671710968,83852820.0,-2.182159185409546,-3.804097890853882,1.381624642142334
pilot,b1_h2_w2_n10_a1.5,fr_uniform,1.0,2.0,100,0.944654107093811,-2.1767011880874634,-3.4096577167510986,0.7954308688640594,0.714285671710968,84061526.0,-2.2163281440734863,-3.439741611480713,1.4296491182366549
pilot,b1_h2_w2_n10_a1.5,fr_uniform,1.0,2.0,100,0.9534591436386108,-2.204914629459381,-2.998815953731537,0.8005416691303253,0.714285671710968,84275664.0,-2.243373394012451,-3.018348217010498,1.4688419368297967
pilot,b1_h2_w2_n10_a1.5,fr_uniform,1.0,2.0,100,0.9622641801834106,-2.2293837666511536,-2.5591817498207092,0.8058755248785019,0.714285671710968,84493138.0,-2.266052484512329,-2.562007188796997,1.502534550854063
pilot,b1_h2_w2_n10_a1.5,fr_uniform,1.0,2.0,100,0.9710691571235657,-2.249856173992157,-2.0909836292266846,0.8116752952337265,0.714285671710968,84714346.0,-2.288731575012207,-2.1056716442108154,1.537000013345768
pilot,b1_h2_w2_n10_a1.5,fr_uniform,1.0,2.0,100,0.9798741936683655,-2.2660816311836243,-1.5945047438144684,0.8182139247655869,0.714285671710968,84939512.0,-2.305328845977783,-1.6165084838867188,1.5627228933600108
pilot,b1_h2_w2_n10_a1.5,fr_uniform,1.0,2.0,100,0.9886792302131653,-2.2778114080429077,-1.0698440670967102,0.8257841318845749,0.714285671710968,85166944.0,-2.3141860961914062,-1.0855662822723389,1.5766258009153542
pilot,b1_h2_w2_n10_a1.5,fr_uniform,1.0,2.0,100,0.9974842667579651,-2.2847967743873596,-0.5167922377586365,0.8346870243549347,0.714285671710968,85397710.0,-2.3230435848236084,-0.5546306371688843,1.5906527762040825
pilot,b1_h2_w2_n10_a1.5,fr_uniform,1.0,2.0,100,1.0062893629074097,-2.286785304546356,0.06512396782636642,0.8452195078134537,0.714285671710968,85632626.0,-2.3276915550231934,0.0008601546287536621,1.5980632914917139
pilot,b1_h2_w2_n10_a1.5,fr_uniform,1.0,2.0,100,1.01509428024292,-2.2835208773612976,0.676363542675972,0.8576613366603851,0.714285671710968,85870884.0,-2.3203608989715576,0.6261976957321167,1.5863912731985115
pilot,b1_h2_w2_n10_a1.5,fr_uniform,1.0,2.0,100,1.0238993167877197,-2.274744391441345,1.3171460032463074,0.8722618520259857,0.714285671710968,86115888.0,-2.313030242919922,1.2515504360198975,1.5748045056033024
pilot,b1_h2_w2_n10_a1.5,fr_uniform,1.0,2.0,100,1.0327043533325195,-2.260195255279541,1.9875811040401459,0.8892267197370529,0.714285671710968,86368564.0,-2.304180145263672,1.8853397369384766,1.5609288230786316
pilot,b1_h2_w2_n10_a1.5,fr_uniform,1.0,2.0,100,1.0415093898773193,-2.239610433578491,2.688122570514679,0.9087050557136536,0.714285671710968,86628468.0,-2.277862548828125,2.616218090057373,1.5203847792338328
pilot,b1_h2_w2_n10_a1.5,fr_uniform,1.0,2.0,100,1.0503144264221191,-2.212720274925232,3.41979444026947,0.930776983499527,0.714285671710968,86895184.0,-2.25154447555542,3.3471052646636963,1.4808931326699686
pilot,b1_h2_w2_n10_a1.5,fr_uniform,1.0,2.0,100,1.059119462966919,-2.1792439818382263,4.184082269668579,0.9554425030946732,0.714285671710968,87169984.0,-2.225226402282715,4.077983856201172,1.4424272725843876
pilot,b1_h2_w2_n10_a1.5,fr_uniform,1.0,2.0,100,1.0679244995117188,-2.138887405395508,4.982607364654541,0.9826117008924484,0.714285671710968,87450728.0,-2.1791067123413086,4.907681465148926,1.377413700294725
pilot,b1_h2_w2_n10_a1.5,fr_uniform,1.0,2.0,100,1.0767295360565186,-2.091343939304352,5.816571354866028,1.012097179889679,0.714285671710968,87738050.0,-2.1307871341705322,5.748356819152832,1.3124400423193454
pilot,b1_h2_w2_n10_a1.5,fr_uniform,1.0,2.0,100,1.0855345726013184,-2.0362972021102905,6.6868932247161865,1.0436095595359802,0.714285671710968,88032746.0,-2.0824670791625977,6.589042663574219,1.2505306451964104
pilot,b1_h2_w2_n10_a1.5,fr_uniform,1.0,2.0,100,1.0943396091461182,-1.9734236896038055,7.594558358192444,1.0767561495304108,0.714285671710968,88334810.0,-2.016014575958252,7.514326572418213,1.1701307259922986
pilot,b1_h2_w2_n10_a1.5,fr_uniform,1.0,2.0,100,1.103144645690918,-1.9023872017860413,8.540863513946533,1.1110457479953766,0.714285671710968,88647164.0,-1.9425110816955566,8.472509384155273,1.0872069538273785
pilot,b1_h2_w2_n10_a1.5,fr_uniform,1.0,2.0,100,1.1119496822357178,-1.8228414058685303,9.527397394180298,1.1458947956562042,0.714285671710968,88972184.0,-1.8690074682235718,9.430693626403809,1.0101596285667958
pilot,b1_h2_w2_n10_a1.5,fr_uniform,1.0,2.0,100,1.1207547187805176,-1.734424650669098,10.555820941925049,1.1806414723396301,0.714285671710968,89311394.0,-1.7802560329437256,10.443071365356445,0.9243698019656297
pilot,b1_h2_w2_n10_a1.5,fr_uniform,1.0,2.0,100,1.1295597553253174,-1.636762112379074,11.627471923828125,1.214564472436905,0.714285671710968,89664370.0,-1.6785186529159546,11.501588821411133,0.8349524942556218
pilot,b1_h2_w2_n10_a1.5,fr_uniform,1.0,2.0,100,1.1383647918701172,-1.5294689536094666,12.743382215499878,1.2469053268432617,0.714285671710968,90025940.0,-1.5767812728881836,12.56010627746582,0.7541848145420113
pilot,b1_h2_w2_n10_a1.5,fr_uniform,1.0,2.0,100,1.147169828414917,-1.412150800228119,13.904585361480713,1.2768950462341309,0.714285671710968,90380598.0,-1.4642573595046997,13.626821517944336,0.6739214335698978
pilot,b1_h2_w2_n10_a1.5,fr_uniform,1.0,2.0,100,1.1559748649597168,-1.284403383731842,15.112318277359009,1.3037835359573364,0.714285671710968,90699618.0,-1.3325631618499756,14.708073616027832,0.5907656095889531
pilot,b1_h2_w2_n10_a1.5,fr_uniform,1.0,2.0,100,1.1647799015045166,-1.1458116471767426,16.367778778076172,1.3268694579601288,0.714285671710968,90937140.0,-1.2008689641952515,15.789325714111328,0.5178704639564032
pilot,b1_h2_w2_n10_a1.5,fr_uniform,1.0,2.0,100,1.1735849380493164,-0.995946615934372,17.672974109649658,1.3455306589603424,0.714285671710968,91020046.0,-1.0642987489700317,16.82958221435547,0.45176174416507786
pilot,b1_h2_w2_n10_a1.5,fr_uniform,1.0,2.0,100,1.1823899745941162,-0.8343652188777924,19.029069423675537,1.359250694513321,0.714285671710968,90853008.0,-0.9055156111717224,17.68311882019043,0.38543470004932595
pilot,b1_h2_w2_n10_a1.5,fr_uniform,1.0,2.0,100,1.191195011138916,-0.6606170684099197,20.436557292938232,1.367642730474472,0.714285671710968,90314466.0,-0.7467345595359802,18.536643981933594,0.3288463882596285
pilot,b1_h2_w2_n10_a1.5,fr_uniform,1.0,2.0,100,1.2000000476837158,-0.4749564379453659,21.73490619659424,1.3704672157764435,0.714285671710968,89272838.0,-1.0592870712280273,0.0,0.4495033238516089
pilot,b1_h4_w2_n10_a1.5,abf,1.0,4.0,100,-0.20000000298023224,-0.9792033284902573,-44.15908241271973,0.6326365172863007,nan,40148433.0,-1.1541697978973389,-41.01853942871094,0.10271223585606323
pilot,b1_h4_w2_n10_a1.5,abf,1.0,4.0,100,-0.19119496643543243,-1.353780835866928,-40.923468589782715,0.6322610378265381,nan,43152730.0,-1.4824721813201904,-38.67087173461914,0.1426271146897572
pilot,b1_h4_w2_n10_a1.5,abf,1.0,4.0,100,-0.18238992989063263,-1.6989133954048157,-37.471012115478516,0.6311499923467636,nan,45589668.0,-1.810774803161621,-36.323204040527344,0.1980533139524035
pilot,b1_h4_w2_n10_a1.5,abf,1.0,4.0,100,-0.17358490824699402,-2.014399468898773,-34.18937301635742,0.6293479651212692,nan,47514949.0,-2.1390764713287354,-33.97554016113281,0.27501837813156865
pilot,b1_h4_w2_n10_a1.5,abf,1.0,4.0,100,-0.1647798717021942,-2.301681876182556,-31.064724445343018,0.6269240081310272,nan,49017512.0,-2.408233880996704,-31.253395080566406,0.35996087128608345
pilot,b1_h4_w2_n10_a1.5,abf,1.0,4.0,100,-0.1559748500585556,-2.56211256980896,-28.0903058052063,0.6239649057388306,nan,50195491.0,-2.664407730102539,-28.449050903320312,0.46506128089570786
pilot,b1_h4_w2_n10_a1.5,abf,1.0,4.0,100,-0.1471698135137558,-2.7969970703125,-25.26201343536377,0.620566800236702,nan,51140042.0,-2.9205820560455322,-25.64470100402832,0.6008489126802341
pilot,b1_h4_w2_n10_a1.5,abf,1.0,4.0,100,-0.138364776968956,-3.0076016783714294,-22.575286388397217,0.6168265044689178,nan,51924425.0,-3.1291024684906006,-23.026092529296875,0.7401581815191962
pilot,b1_h4_w2_n10_a1.5,abf,1.0,4.0,100,-0.12955975532531738,-3.1951465606689453,-20.024253368377686,0.6128340065479279,nan,52602986.0,-3.3108177185058594,-20.511959075927734,0.8876514655355332
pilot,b1_h4_w2_n10_a1.5,abf,1.0,4.0,100,-0.12075471878051758,-3.3608009815216064,-17.60294008255005,0.6086663752794266,nan,53209161.0,-3.492532968521118,-17.99782371520996,1.0645361274668892
pilot,b1_h4_w2_n10_a1.5,abf,1.0,4.0,100,-0.11194968223571777,-3.5056769847869873,-15.304582357406616,0.6043843030929565,nan,53765007.0,-3.6443638801574707,-15.662075996398926,1.2390810979328983
pilot,b1_h4_w2_n10_a1.5,abf,1.0,4.0,100,-0.10314465314149857,-3.6308289766311646,-13.122809410095215,0.6000314205884933,nan,54283300.0,-3.7611124515533447,-13.53574275970459,1.3925249725197453
pilot,b1_h4_w2_n10_a1.5,abf,1.0,4.0,100,-0.09433962404727936,-3.7372597455978394,-11.052194118499756,0.5956358760595322,nan,54771576.0,-3.877861261367798,-11.40941047668457,1.564971223150563
pilot,b1_h4_w2_n10_a1.5,abf,1.0,4.0,100,-0.08553458750247955,-3.825927734375,-9.088096380233765,0.591214120388031,nan,55235276.0,-3.9792020320892334,-9.373248100280762,1.7318811830579368
pilot,b1_h4_w2_n10_a1.5,abf,1.0,4.0,100,-0.07672955840826035,-3.897751033306122,-7.226078629493713,0.5867760181427002,nan,55678212.0,-4.040921688079834,-7.5689544677734375,1.8421398590465274
pilot,b1_h4_w2_n10_a1.5,abf,1.0,4.0,100,-0.06792452931404114,-3.9536114931106567,-5.462196588516235,0.5823302567005157,nan,56100665.0,-4.102642059326172,-5.764660835266113,1.9594194571145795
pilot,b1_h4_w2_n10_a1.5,abf,1.0,4.0,100,-0.05911949649453163,-3.994355261325836,-3.7924500703811646,0.5778893083333969,nan,56504286.0,-4.159719467163086,-3.9896202087402344,2.074511370499142
pilot,b1_h4_w2_n10_a1.5,abf,1.0,4.0,100,-0.050314463675022125,-4.0207942724227905,-2.2129926681518555,0.5734736919403076,nan,56889423.0,-4.175014495849609,-2.477853298187256,2.1064849767161617
pilot,b1_h4_w2_n10_a1.5,abf,1.0,4.0,100,-0.04150943458080292,-4.033709168434143,-0.7205206155776978,0.5691140443086624,nan,57257364.0,-4.190309524536133,-0.9660838842391968,2.1389513792171924
pilot,b1_h4_w2_n10_a1.5,abf,1.0,4.0,100,-0.03270440176129341,-4.033854126930237,0.6876081079244614,0.5648518055677414,nan,57609680.0,-4.205604553222656,0.5456854701042175,2.171918173272405
pilot,b1_h4_w2_n10_a1.5,abf,1.0,4.0,100,-0.023899370804429054,-4.021962761878967,2.013411045074463,0.5607377737760544,nan,57949055.0,-4.185514450073242,1.8032945394515991,2.128719499000017
pilot,b1_h4_w2_n10_a1.5,abf,1.0,4.0,100,-0.015094339847564697,-3.998753249645233,3.2584728598594666,0.5568294823169708,nan,58278872.0,-4.162347793579102,3.0388073921203613,2.0799710352821434
pilot,b1_h4_w2_n10_a1.5,abf,1.0,4.0,100,-0.006289307959377766,-3.9649303555488586,4.424147844314575,0.5531870871782303,nan,58601458.0,-4.139181137084961,4.274318218231201,2.032338929410369
pilot,b1_h4_w2_n10_a1.5,abf,1.0,4.0,100,0.002515723230317235,-3.921187698841095,5.511659741401672,0.5498688742518425,nan,58918652.0,-4.092944145202637,5.329115867614746,1.9405090195966366
pilot,b1_h4_w2_n10_a1.5,abf,1.0,4.0,100,0.011320754885673523,-3.868208885192871,6.5221229791641235,0.5469266027212143,nan,59231886.0,-4.038601875305176,6.320422172546387,1.8378713924047665
pilot,b1_h4_w2_n10_a1.5,abf,1.0,4.0,100,0.02012578584253788,-3.806667447090149,7.456563830375671,0.5444011613726616,nan,59541287.0,-3.984260082244873,7.311729431152344,1.7406633164576508
pilot,b1_h4_w2_n10_a1.5,abf,1.0,4.0,100,0.028930816799402237,-3.7372280955314636,8.316094875335693,0.5423193424940109,nan,59845819.0,-3.916170835494995,8.174708366394043,1.6260878048445364
pilot,b1_h4_w2_n10_a1.5,abf,1.0,4.0,100,0.03773584961891174,-3.6605449318885803,9.101940631866455,0.5406912788748741,nan,60144321.0,-3.837280035018921,8.936861038208008,1.5027341412230533
pilot,b1_h4_w2_n10_a1.5,abf,1.0,4.0,100,0.04654087871313095,-3.577260911464691,9.815435647964478,0.5395100265741348,nan,60436077.0,-3.758389472961426,9.699009895324707,1.388738314664715
pilot,b1_h4_w2_n10_a1.5,abf,1.0,4.0,100,0.05534591153264046,-3.4880077242851257,10.457786798477173,0.5387519150972366,nan,60720732.0,-3.6725213527679443,10.38031005859375,1.2744663315014977
pilot,b1_h4_w2_n10_a1.5,abf,1.0,4.0,100,0.06415094435214996,-3.3934097290039062,11.029462099075317,0.5383787974715233,nan,60999894.0,-3.5752689838409424,10.929697036743164,1.1563577081874243
pilot,b1_h4_w2_n10_a1.5,abf,1.0,4.0,100,0.07295597344636917,-3.294089138507843,11.530481100082397,0.5383418053388596,nan,61273226.0,-3.4780168533325195,11.479084014892578,1.0491948159302764
pilot,b1_h4_w2_n10_a1.5,abf,1.0,4.0,100,0.08176100999116898,-3.1906704902648926,11.960321187973022,0.5385858863592148,nan,61540543.0,-3.3782637119293213,11.987363815307617,0.9495851125804184
pilot,b1_h4_w2_n10_a1.5,abf,1.0,4.0,100,0.09056603908538818,-3.0837842226028442,12.318166971206665,0.5390552580356598,nan,61798394.0,-3.2685062885284424,12.33122730255127,0.8508771360686425
pilot,b1_h4_w2_n10_a1.5,abf,1.0,4.0,100,0.09937106817960739,-2.9740666151046753,12.603378057479858,0.5396991521120071,nan,62042070.0,-3.1587483882904053,12.675091743469238,0.7624293450545263
pilot,b1_h4_w2_n10_a1.5,abf,1.0,4.0,100,0.1081760972738266,-2.862158954143524,12.815659284591675,0.5404770895838737,nan,62265555.0,-3.048860549926758,13.014495849609375,0.683086844893379
pilot,b1_h4_w2_n10_a1.5,abf,1.0,4.0,100,0.1169811338186264,-2.7487035393714905,12.954926490783691,0.5413632988929749,nan,62462681.0,-2.932596445083618,13.135370254516602,0.6081112843924575
pilot,b1_h4_w2_n10_a1.5,abf,1.0,4.0,100,0.1257861703634262,-2.6343430876731873,13.021258115768433,0.5423499047756195,nan,62627176.0,-2.8163325786590576,13.256242752075195,0.5413651648205984
pilot,b1_h4_w2_n10_a1.5,abf,1.0,4.0,100,0.13459119200706482,-2.5197231769561768,13.01380968093872,0.5434479266405106,nan,62754805.0,-2.700068473815918,13.377115249633789,0.4819449652200139
pilot,b1_h4_w2_n10_a1.5,abf,1.0,4.0,100,0.14339622855186462,-2.4055009484291077,12.930933952331543,0.5446863621473312,nan,62842809.0,-2.58365797996521,13.305388450622559,0.4289839191125794
pilot,b1_h4_w2_n10_a1.5,abf,1.0,4.0,100,0.15220126509666443,-2.2923514246940613,12.770196199417114,0.5461090207099915,nan,62889929.0,-2.467219114303589,13.196977615356445,0.381831941458801
pilot,b1_h4_w2_n10_a1.5,abf,1.0,4.0,100,0.16100628674030304,-2.180971145629883,12.529038906097412,0.5477698892354965,nan,62898133.0,-2.350781202316284,13.088566780090332,0.33986302064985147
pilot,b1_h4_w2_n10_a1.5,abf,1.0,4.0,100,0.16981132328510284,-2.072072982788086,12.206362009048462,0.5497265607118607,nan,62869879.0,-2.2386810779571533,12.81336498260498,0.30382216042668025
pilot,b1_h4_w2_n10_a1.5,abf,1.0,4.0,100,0.17861634492874146,-1.966369390487671,11.803462028503418,0.5520333051681519,nan,62811317.0,-2.1288163661956787,12.45224380493164,0.27221108683718864
pilot,b1_h4_w2_n10_a1.5,abf,1.0,4.0,100,0.18742138147354126,-1.8645412623882294,11.326093196868896,0.5547341704368591,nan,62731223.0,-2.018951177597046,12.0911226272583,0.24388886037783405
pilot,b1_h4_w2_n10_a1.5,abf,1.0,4.0,100,0.19622641801834106,-1.7671935558319092,10.785737991333008,0.5578566491603851,nan,62643881.0,-1.9155374765396118,11.615875244140625,0.21992771632695596
pilot,b1_h4_w2_n10_a1.5,abf,1.0,4.0,100,0.20503143966197968,-1.6747991442680359,10.200967788696289,0.5614074319601059,nan,62565474.0,-1.8191125392913818,11.016992568969727,0.19971153351603713
pilot,b1_h4_w2_n10_a1.5,abf,1.0,4.0,100,0.21383647620677948,-1.5876387655735016,9.596916913986206,0.5653693526983261,nan,62516568.0,-1.7226874828338623,10.418111801147461,0.18135363987232286
pilot,b1_h4_w2_n10_a1.5,abf,1.0,4.0,100,0.22264151275157928,-1.5057485401630402,9.003857374191284,0.569701611995697,nan,62515329.0,-1.6312742233276367,9.82058048248291,0.1655106721456457
pilot,b1_h4_w2_n10_a1.5,abf,1.0,4.0,100,0.2314465343952179,-1.4288944602012634,8.452983379364014,0.5743418484926224,nan,62577628.0,-1.5515549182891846,9.226202011108398,0.15282849912868154
pilot,b1_h4_w2_n10_a1.5,abf,1.0,4.0,100,0.2402515709400177,-1.3565840125083923,7.971839785575867,0.5792103707790375,nan,62713469.0,-1.4718356132507324,8.631823539733887,0.14111809131783465
pilot,b1_h4_w2_n10_a1.5,abf,1.0,4.0,100,0.2490566074848175,-1.2881173193454742,7.579861283302307,0.5842163562774658,nan,62925086.0,-1.3935530185699463,8.07746410369873,0.1304923327605646
pilot,b1_h4_w2_n10_a1.5,abf,1.0,4.0,100,0.2578616440296173,-1.2226732671260834,7.2853076457977295,0.5892648547887802,nan,63209272.0,-1.3258076906204224,7.816568374633789,0.12194488060166238
pilot,b1_h4_w2_n10_a1.5,abf,1.0,4.0,100,0.2666666805744171,-1.1594082117080688,7.084892392158508,0.5942643135786057,nan,63557681.0,-1.2580620050430298,7.555670738220215,0.1139572591909714
pilot,b1_h4_w2_n10_a1.5,abf,1.0,4.0,100,0.27547168731689453,-1.0975516736507416,6.96536910533905,0.5991334021091461,nan,63959934.0,-1.1903170347213745,7.294776439666748,0.10649291833116359
pilot,b1_h4_w2_n10_a1.5,abf,1.0,4.0,100,0.28427672386169434,-1.0364768207073212,6.907342195510864,0.6038070321083069,nan,64403406.0,-1.1253597736358643,7.325199604034424,0.09979531390048522
pilot,b1_h4_w2_n10_a1.5,abf,1.0,4.0,100,0.29308176040649414,-0.9757387042045593,6.888875842094421,0.6082403063774109,nan,64876336.0,-1.0605807304382324,7.374217987060547,0.09353560669911797
pilot,b1_h4_w2_n10_a1.5,abf,1.0,4.0,100,0.30188679695129395,-0.9150797128677368,6.889373421669006,0.6124107092618942,nan,65367382.0,-0.9958014488220215,7.4232354164123535,0.08766852162411172
pilot,b1_h4_w2_n10_a1.5,abf,1.0,4.0,100,0.31069183349609375,-0.8544085919857025,6.891674160957336,0.6163179278373718,nan,65868848.0,-0.9297285676002502,7.490163326263428,0.08206322783288944
pilot,b1_h4_w2_n10_a1.5,abf,1.0,4.0,100,0.31949687004089355,-0.7937653511762619,6.882998108863831,0.6199815422296524,nan,66373947.0,-0.8632467985153198,7.562747001647949,0.07678491888527827
pilot,b1_h4_w2_n10_a1.5,abf,1.0,4.0,100,0.32830187678337097,-0.7332851588726044,6.854639649391174,0.6234368681907654,nan,66879183.0,-0.7967649698257446,7.635330677032471,0.071846106624036
pilot,b1_h4_w2_n10_a1.5,abf,1.0,4.0,100,0.3371069133281708,-0.6731651574373245,6.80116868019104,0.6267295926809311,nan,67382290.0,-0.7303959727287292,7.615689277648926,0.06723254469841167
pilot,b1_h4_w2_n10_a1.5,abf,1.0,4.0,100,0.3459119498729706,-0.6136403977870941,6.719449758529663,0.6299094706773758,nan,67883160.0,-0.6641079187393188,7.529265403747559,0.0629203331134195
pilot,b1_h4_w2_n10_a1.5,abf,1.0,4.0,100,0.3547169864177704,-0.5549676567316055,6.60763418674469,0.6330243945121765,nan,68381234.0,-0.5978202819824219,7.442842483520508,0.058884725971228194
pilot,b1_h4_w2_n10_a1.5,abf,1.0,4.0,100,0.3635220229625702,-0.49741699546575546,6.464581489562988,0.6361144483089447,nan,68876634.0,-0.5335361361503601,7.282426357269287,0.05521847502812764
pilot,b1_h4_w2_n10_a1.5,abf,1.0,4.0,100,0.3723270297050476,-0.44127047061920166,6.288731813430786,0.639207512140274,nan,69369324.0,-0.47225838899612427,7.011029243469238,0.051936397381417046
pilot,b1_h4_w2_n10_a1.5,abf,1.0,4.0,100,0.3811320662498474,-0.38682636618614197,6.077850699424744,0.6423164159059525,nan,69857772.0,-0.41097986698150635,6.73962926864624,0.04884936212901743
pilot,b1_h4_w2_n10_a1.5,abf,1.0,4.0,100,0.3899371027946472,-0.3344068229198456,5.828869104385376,0.6454376131296158,nan,70339136.0,-0.3518524765968323,6.434021949768066,0.04604475831492707
pilot,b1_h4_w2_n10_a1.5,abf,1.0,4.0,100,0.398742139339447,-0.2843634933233261,5.538105010986328,0.6485515832901001,nan,70811812.0,-0.30035001039505005,6.0071306228637695,0.043733371653692954
pilot,b1_h4_w2_n10_a1.5,abf,1.0,4.0,100,0.4075471758842468,-0.23707892000675201,5.202244520187378,0.6516250967979431,nan,71272544.0,-0.2488478720188141,5.5802412033081055,0.04153802719780574
pilot,b1_h4_w2_n10_a1.5,abf,1.0,4.0,100,0.41635221242904663,-0.19295944273471832,4.819177031517029,0.6546143889427185,nan,71717172.0,-0.19788838922977448,5.148720741271973,0.039474300618235356
pilot,b1_h4_w2_n10_a1.5,abf,1.0,4.0,100,0.42515721917152405,-0.1524227261543274,4.38847291469574,0.6574693322181702,nan,72143092.0,-0.15995854139328003,4.606142997741699,0.03800508608330209
pilot,b1_h4_w2_n10_a1.5,abf,1.0,4.0,100,0.43396225571632385,-0.11588165163993835,3.911568522453308,0.6601382493972778,nan,72545780.0,-0.12202892452478409,4.063568115234375,0.036590563459889994
pilot,b1_h4_w2_n10_a1.5,abf,1.0,4.0,100,0.44276729226112366,-0.08372990787029266,3.3914666175842285,0.662571981549263,nan,72923880.0,-0.08409907668828964,3.5209903717041016,0.03522868023878907
pilot,b1_h4_w2_n10_a1.5,abf,1.0,4.0,100,0.45157232880592346,-0.05632895231246948,2.832458019256592,0.6647284924983978,nan,73276308.0,-0.060176752507686615,2.911135196685791,0.034395928718945985
pilot,b1_h4_w2_n10_a1.5,abf,1.0,4.0,100,0.46037736535072327,-0.033998697996139526,2.2396976947784424,0.6665762066841125,nan,73603836.0,-0.03853434696793556,2.2903249263763428,0.03365951569934658
pilot,b1_h4_w2_n10_a1.5,abf,1.0,4.0,100,0.46918240189552307,-0.017010405659675598,1.6190718710422516,0.6680963039398193,nan,73908612.0,-0.016892069950699806,1.669518232345581,0.03293887343422023
pilot,b1_h4_w2_n10_a1.5,abf,1.0,4.0,100,0.4779874086380005,-0.0055819302797317505,0.9768340140581131,0.6692845672369003,nan,74192300.0,-0.0074378373101353645,1.022445797920227,0.03262892911334273
pilot,b1_h4_w2_n10_a1.5,abf,1.0,4.0,100,0.4867924451828003,0.00012427568435668945,0.3192911148071289,0.6701517105102539,nan,74457102.0,-0.003718930296599865,0.36301350593566895,0.03250781051401509
pilot,b1_h4_w2_n10_a1.5,abf,1.0,4.0,100,0.4955974817276001,0.0,-0.34751878678798676,0.6707229614257812,nan,74705412.0,0.0,-0.2964228391647339,0.032387140752909944
pilot,b1_h4_w2_n10_a1.5,abf,1.0,4.0,100,0.5044025182723999,-0.006012082099914551,-1.0180868953466415,0.6710362583398819,nan,74938568.0,-0.005541961174458265,-0.9579052925109863,0.03256712730809932
pilot,b1_h4_w2_n10_a1.5,abf,1.0,4.0,100,0.5132075548171997,-0.017923429608345032,-1.6874852776527405,0.6711403876543045,nan,75161006.0,-0.020344655960798264,-1.6214417219161987,0.03305279427541423
pilot,b1_h4_w2_n10_a1.5,abf,1.0,4.0,100,0.5220125913619995,-0.03570401668548584,-2.35124808549881,0.6710915416479111,nan,75377348.0,-0.03514726087450981,-2.2849740982055664,0.033545700880914534
pilot,b1_h4_w2_n10_a1.5,abf,1.0,4.0,100,0.5308176279067993,-0.059285879135131836,-3.005199909210205,0.6709500849246979,nan,75592072.0,-0.05568893253803253,-2.9337642192840576,0.0342419118416734
pilot,b1_h4_w2_n10_a1.5,abf,1.0,4.0,100,0.5396226644515991,-0.0885646641254425,-3.645258903503418,0.6707766652107239,nan,75809306.0,-0.08842547982931137,-3.5512187480926514,0.035381423888679986
pilot,b1_h4_w2_n10_a1.5,abf,1.0,4.0,100,0.5484277009963989,-0.12340015172958374,-4.267366409301758,0.6706285327672958,nan,76034012.0,-0.12116184085607529,-4.168669700622559,0.03655885013092681
pilot,b1_h4_w2_n10_a1.5,abf,1.0,4.0,100,0.557232677936554,-0.16361859440803528,-4.867960214614868,0.6705561727285385,nan,76267374.0,-0.15615427494049072,-4.774372577667236,0.0378607792740959
pilot,b1_h4_w2_n10_a1.5,abf,1.0,4.0,100,0.5660377144813538,-0.20901860296726227,-5.444319844245911,0.6706004589796066,nan,76511038.0,-0.20500448346138,-5.307912826538086,0.03975620530169887
pilot,b1_h4_w2_n10_a1.5,abf,1.0,4.0,100,0.5748427510261536,-0.259380578994751,-5.995037317276001,0.6707906872034073,nan,76765036.0,-0.25385501980781555,-5.841457366943359,0.04174653581995627
pilot,b1_h4_w2_n10_a1.5,abf,1.0,4.0,100,0.5836477875709534,-0.3144776374101639,-6.519944548606873,0.6711437702178955,nan,77030890.0,-0.30270522832870483,-6.374998092651367,0.04383649466582564
pilot,b1_h4_w2_n10_a1.5,abf,1.0,4.0,100,0.5924528241157532,-0.37408700585365295,-7.01989209651947,0.6716645509004593,nan,77308684.0,-0.3648025095462799,-6.830329895019531,0.04664491710293117
pilot,b1_h4_w2_n10_a1.5,abf,1.0,4.0,100,0.601257860660553,-0.4379928261041641,-7.495859503746033,0.6723473519086838,nan,77600634.0,-0.4274512827396393,-7.282400131225586,0.04966064341570461
pilot,b1_h4_w2_n10_a1.5,abf,1.0,4.0,100,0.6100628972053528,-0.5059871673583984,-7.948558807373047,0.6731784641742706,nan,77908030.0,-0.4901004433631897,-7.73447322845459,0.0528713654800208
pilot,b1_h4_w2_n10_a1.5,abf,1.0,4.0,100,0.6188679337501526,-0.5778659582138062,-8.378189086914062,0.6741394847631454,nan,78233080.0,-0.5618743896484375,-8.133102416992188,0.056805652880700976
pilot,b1_h4_w2_n10_a1.5,abf,1.0,4.0,100,0.6276729702949524,-0.6534254848957062,-8.784605503082275,0.6752110123634338,nan,78576100.0,-0.6362223625183105,-8.516661643981934,0.06119000236915702
pilot,b1_h4_w2_n10_a1.5,abf,1.0,4.0,100,0.6364780068397522,-0.732460618019104,-9.16764783859253,0.6763762682676315,nan,78937196.0,-0.7105703949928284,-8.90022087097168,0.06591274676436626
pilot,b1_h4_w2_n10_a1.5,abf,1.0,4.0,100,0.645283043384552,-0.814767137169838,-9.527676582336426,0.6776244193315506,nan,79313136.0,-0.7909964323043823,-9.25767707824707,0.07143285274342277
pilot,b1_h4_w2_n10_a1.5,abf,1.0,4.0,100,0.6540880799293518,-0.9001461118459702,-9.865540504455566,0.6789529174566269,nan,79701558.0,-0.8754749894142151,-9.597736358642578,0.07772962377576083
pilot,b1_h4_w2_n10_a1.5,abf,1.0,4.0,100,0.6628930568695068,-0.9884090423583984,-10.18274211883545,0.68036849796772,nan,80096538.0,-0.9599525332450867,-9.937788963317871,0.08458136639035801
pilot,b1_h4_w2_n10_a1.5,abf,1.0,4.0,100,0.6716980934143066,-1.07938152551651,-10.480993032455444,0.6818874627351761,nan,80494568.0,-1.0481681823730469,-10.259125709533691,0.09238176734282116
pilot,b1_h4_w2_n10_a1.5,abf,1.0,4.0,100,0.6805031299591064,-1.1729030311107635,-10.761739492416382,0.6835339069366455,nan,80891730.0,-1.1415438652038574,-10.554607391357422,0.10142355062535302
pilot,b1_h4_w2_n10_a1.5,abf,1.0,4.0,100,0.6893081665039062,-1.2688242197036743,-11.026070356369019,0.68533755838871,nan,81284462.0,-1.2349200248718262,-10.850089073181152,0.11135034349775666
pilot,b1_h4_w2_n10_a1.5,abf,1.0,4.0,100,0.698113203048706,-1.3669987320899963,-11.27370572090149,0.687330037355423,nan,81672998.0,-1.3300814628601074,-11.131294250488281,0.12246716050486639
pilot,b1_h4_w2_n10_a1.5,abf,1.0,4.0,100,0.7069182395935059,-1.4672791957855225,-11.504265785217285,0.6895414739847183,nan,82055006.0,-1.4308979511260986,-11.367294311523438,0.1354576986914401
pilot,b1_h4_w2_n10_a1.5,abf,1.0,4.0,100,0.7157232761383057,-1.5695110857486725,-11.716965198516846,0.6919965893030167,nan,82428350.0,-1.5317156314849854,-11.60329818725586,0.14982636922920145
pilot,b1_h4_w2_n10_a1.5,abf,1.0,4.0,100,0.7245283126831055,-1.6735348105430603,-11.911274909973145,0.6947114169597626,nan,82790310.0,-1.6328685283660889,-11.835016250610352,0.16577475710421732
pilot,b1_h4_w2_n10_a1.5,abf,1.0,4.0,100,0.7333333492279053,-1.77918541431427,-12.086486577987671,0.6976910084486008,nan,83140128.0,-1.7392940521240234,-11.99966049194336,0.1843904473456423
pilot,b1_h4_w2_n10_a1.5,abf,1.0,4.0,100,0.7421383857727051,-1.886291891336441,-12.241963386535645,0.7009283006191254,nan,83477136.0,-1.8457207679748535,-12.164304733276367,0.2050968325771083
pilot,b1_h4_w2_n10_a1.5,abf,1.0,4.0,100,0.7509434223175049,-1.9946765005588531,-12.376814603805542,0.7044043093919754,nan,83801516.0,-1.9521461725234985,-12.328948020935059,0.22812817138406705
pilot,b1_h4_w2_n10_a1.5,abf,1.0,4.0,100,0.7597483992576599,-2.1041505932807922,-12.48945164680481,0.7080896347761154,nan,84113128.0,-2.0615670680999756,-12.41776180267334,0.25450704612945907
pilot,b1_h4_w2_n10_a1.5,abf,1.0,4.0,100,0.7685534358024597,-2.2145089507102966,-12.577624559402466,0.7119469791650772,nan,84414742.0,-2.171396255493164,-12.496236801147461,0.2840521105459842
pilot,b1_h4_w2_n10_a1.5,abf,1.0,4.0,100,0.7773584723472595,-2.3255244493484497,-12.638744115829468,0.7159350216388702,nan,84708318.0,-2.2812256813049316,-12.574711799621582,0.3170270606242265
pilot,b1_h4_w2_n10_a1.5,abf,1.0,4.0,100,0.7861635088920593,-2.436949074268341,-12.670567750930786,0.7200117856264114,nan,84994658.0,-2.391587495803833,-12.581375122070312,0.35401842134514616
pilot,b1_h4_w2_n10_a1.5,abf,1.0,4.0,100,0.7949685454368591,-2.5485140681266785,-12.670608520507812,0.7241390645503998,nan,85278716.0,-2.502178907394409,-12.55726432800293,0.3954167852175682
pilot,b1_h4_w2_n10_a1.5,abf,1.0,4.0,100,0.8037735819816589,-2.659933567047119,-12.637516736984253,0.7282852679491043,nan,85559412.0,-2.61276912689209,-12.533153533935547,0.4416556829127877
pilot,b1_h4_w2_n10_a1.5,abf,1.0,4.0,100,0.8125786185264587,-2.7709091901779175,-12.569955110549927,0.732428103685379,nan,85838716.0,-2.7222752571105957,-12.456686019897461,0.4927671306292909
pilot,b1_h4_w2_n10_a1.5,abf,1.0,4.0,100,0.8213836550712585,-2.881134867668152,-12.46700406074524,0.7365557104349136,nan,86116144.0,-2.8307807445526123,-12.331890106201172,0.54924367650032
pilot,b1_h4_w2_n10_a1.5,abf,1.0,4.0,100,0.8301886916160583,-2.9902936220169067,-12.327608346939087,0.7406664192676544,nan,86391458.0,-2.9392874240875244,-12.207094192504883,0.6121937869670177
pilot,b1_h4_w2_n10_a1.5,abf,1.0,4.0,100,0.8389937281608582,-3.0980591773986816,-12.150533199310303,0.7447675466537476,nan,86664818.0,-3.0460615158081055,-12.043478012084961,0.6811775348670285
pilot,b1_h4_w2_n10_a1.5,abf,1.0,4.0,100,0.847798764705658,-3.204092562198639,-11.934197187423706,0.7488729804754257,nan,86935412.0,-3.1494743824005127,-11.804511070251465,0.7553912568971499
pilot,b1_h4_w2_n10_a1.5,abf,1.0,4.0,100,0.8566038012504578,-3.3080392479896545,-11.676531553268433,0.7530003637075424,nan,87203814.0,-3.2528882026672363,-11.56554126739502,0.837691300682841
pilot,b1_h4_w2_n10_a1.5,abf,1.0,4.0,100,0.8654087781906128,-3.4095252752304077,-11.37529444694519,0.7571682929992676,nan,87471152.0,-3.354921340942383,-11.30449390411377,0.9276762418676465
pilot,b1_h4_w2_n10_a1.5,abf,1.0,4.0,100,0.8742138147354126,-3.508157193660736,-11.028229236602783,0.7613938897848129,nan,87738862.0,-3.4497110843658447,-10.927538871765137,1.0199129281135821
pilot,b1_h4_w2_n10_a1.5,abf,1.0,4.0,100,0.8830188512802124,-3.603523552417755,-10.633529663085938,0.7656917721033096,nan,88009392.0,-3.5445008277893066,-10.550583839416504,1.1213204930623106
pilot,b1_h4_w2_n10_a1.5,abf,1.0,4.0,100,0.8918238878250122,-3.695198953151703,-10.189851522445679,0.7700739353895187,nan,88283368.0,-3.639291763305664,-10.173624038696289,1.232812245431088
pilot,b1_h4_w2_n10_a1.5,abf,1.0,4.0,100,0.900628924369812,-3.782746374607086,-9.695932149887085,0.7745513916015625,nan,88564154.0,-3.721325397491455,-9.624338150024414,1.3382082230192653
pilot,b1_h4_w2_n10_a1.5,abf,1.0,4.0,100,0.9094339609146118,-3.8657193183898926,-9.150763511657715,0.7791374325752258,nan,88855094.0,-3.803098678588867,-9.071537017822266,1.4522366036225047
pilot,b1_h4_w2_n10_a1.5,abf,1.0,4.0,100,0.9182389974594116,-3.9436606764793396,-8.553187847137451,0.7838519513607025,nan,89158998.0,-3.8848729133605957,-8.518731117248535,1.5759828163619958
pilot,b1_h4_w2_n10_a1.5,abf,1.0,4.0,100,0.9270440340042114,-4.016106009483337,-7.902198910713196,0.7887263149023056,nan,89478542.0,-3.9521710872650146,-7.816484451293945,1.685693854206802
pilot,b1_h4_w2_n10_a1.5,abf,1.0,4.0,100,0.9358490705490112,-4.082579493522644,-7.196818470954895,0.7938084602355957,nan,89817048.0,-4.015850067138672,-7.076883316040039,1.7965285901942896
pilot,b1_h4_w2_n10_a1.5,abf,1.0,4.0,100,0.944654107093811,-4.142599701881409,-6.436316967010498,0.7991676330566406,nan,90173906.0,-4.079529762268066,-6.337281703948975,1.914652103542021
pilot,b1_h4_w2_n10_a1.5,abf,1.0,4.0,100,0.9534591436386108,-4.1956785917282104,-5.62017023563385,0.8048978000879288,nan,90550262.0,-4.128895282745361,-5.49229097366333,2.0115417290600726
pilot,b1_h4_w2_n10_a1.5,abf,1.0,4.0,100,0.9622641801834106,-4.241326212882996,-4.748363494873047,0.8111199736595154,nan,90941564.0,-4.1694865226745605,-4.582729339599609,2.094872510543582
pilot,b1_h4_w2_n10_a1.5,abf,1.0,4.0,100,0.9710691571235657,-4.279052972793579,-3.820968508720398,0.8179820626974106,nan,91347614.0,-4.210077285766602,-3.673178195953369,2.181654339771896
pilot,b1_h4_w2_n10_a1.5,abf,1.0,4.0,100,0.9798741936683655,-4.308368563652039,-2.837867558002472,0.8256575018167496,nan,91764960.0,-4.238404750823975,-2.6880505084991455,2.2443387301108495
pilot,b1_h4_w2_n10_a1.5,abf,1.0,4.0,100,0.9886792302131653,-4.328779697418213,-1.7983658015727997,0.8343416750431061,nan,92190872.0,-4.251124382019043,-1.6067371368408203,2.273068217937533
pilot,b1_h4_w2_n10_a1.5,abf,1.0,4.0,100,0.9974842667579651,-4.339784026145935,-0.7011546492576599,0.8442464470863342,nan,92625850.0,-4.263844013214111,-0.5254368782043457,2.302165468196737
pilot,b1_h4_w2_n10_a1.5,abf,1.0,4.0,100,1.0062893629074097,-4.340865969657898,0.4553534984588623,0.8555935025215149,nan,93069186.0,-4.268068313598633,0.600364625453949,2.3119110763651447
pilot,b1_h4_w2_n10_a1.5,abf,1.0,4.0,100,1.01509428024292,-4.331498026847839,1.672522246837616,0.8686056435108185,nan,93521222.0,-4.2481160163879395,1.8527429103851318,2.266240273260143
pilot,b1_h4_w2_n10_a1.5,abf,1.0,4.0,100,1.0238993167877197,-4.311142563819885,2.9511284828186035,0.8834970891475677,nan,93983374.0,-4.228163242340088,3.105151414871216,2.2214706178318044
pilot,b1_h4_w2_n10_a1.5,abf,1.0,4.0,100,1.0327043533325195,-4.27925717830658,4.29137110710144,0.900462344288826,nan,94455470.0,-4.205201148986816,4.372129917144775,2.1710421889811755
pilot,b1_h4_w2_n10_a1.5,abf,1.0,4.0,100,1.0415093898773193,-4.235299706459045,5.693259596824646,0.9196638017892838,nan,94936388.0,-4.147629737854004,5.806802272796631,2.049582087364835
pilot,b1_h4_w2_n10_a1.5,abf,1.0,4.0,100,1.0503144264221191,-4.178725361824036,7.157199740409851,0.9412181079387665,nan,95426862.0,-4.090057849884033,7.24149227142334,1.9349162126266206
pilot,b1_h4_w2_n10_a1.5,abf,1.0,4.0,100,1.059119462966919,-4.108981251716614,8.684646606445312,0.965181976556778,nan,95924812.0,-4.032486438751221,8.676164627075195,1.8266663034366837
pilot,b1_h4_w2_n10_a1.5,abf,1.0,4.0,100,1.0679244995117188,-4.025498151779175,10.27793836593628,0.9915379583835602,nan,96430484.0,-3.9358952045440674,10.315528869628906,1.658479766143375
pilot,b1_h4_w2_n10_a1.5,abf,1.0,4.0,100,1.0767295360565186,-3.9276815056800842,11.940403699874878,1.0201804786920547,nan,96943914.0,-3.8349692821502686,11.977632522583008,1.4992657028906469
pilot,b1_h4_w2_n10_a1.5,abf,1.0,4.0,100,1.0855345726013184,-3.8149075508117676,13.675405263900757,1.0509042292833328,nan,97465336.0,-3.734041690826416,13.639756202697754,1.355333928298252
pilot,b1_h4_w2_n10_a1.5,abf,1.0,4.0,100,1.0943396091461182,-3.686524212360382,15.486329078674316,1.0833950340747833,nan,97995318.0,-3.597252607345581,15.470001220703125,1.182060121658467
pilot,b1_h4_w2_n10_a1.5,abf,1.0,4.0,100,1.103144645690918,-3.5418492555618286,17.375545024871826,1.11722731590271,nan,98535704.0,-3.4465181827545166,17.36562728881836,1.0166616397660329
pilot,b1_h4_w2_n10_a1.5,abf,1.0,4.0,100,1.1119496822357178,-3.3801867365837097,19.344906330108643,1.1518630385398865,nan,99087252.0,-3.295783758163452,19.26125144958496,0.8744063612615445
pilot,b1_h4_w2_n10_a1.5,abf,1.0,4.0,100,1.1207547187805176,-3.2008243799209595,21.39595365524292,1.1866621673107147,nan,99644956.0,-3.114722490310669,21.275617599487305,0.7295908838689134
pilot,b1_h4_w2_n10_a1.5,abf,1.0,4.0,100,1.1295597553253174,-3.0030383467674255,23.529639720916748,1.2208979725837708,nan,100197222.0,-2.9078328609466553,23.39107894897461,0.5932371973908142
pilot,b1_h4_w2_n10_a1.5,abf,1.0,4.0,100,1.1383647918701172,-2.786100447177887,25.746225357055664,1.253779947757721,nan,100716508.0,-2.7009432315826416,25.506542205810547,0.4823667347676724
pilot,b1_h4_w2_n10_a1.5,abf,1.0,4.0,100,1.147169828414917,-2.549286186695099,28.04438591003418,1.2844834625720978,nan,101152176.0,-2.4722678661346436,27.654720306396484,0.3837645908005972
pilot,b1_h4_w2_n10_a1.5,abf,1.0,4.0,100,1.1559748649597168,-2.2918887734413147,30.42156410217285,1.3121843934059143,nan,101418396.0,-2.204874277114868,29.860984802246094,0.29372258422032843
pilot,b1_h4_w2_n10_a1.5,abf,1.0,4.0,100,1.1647799015045166,-2.013231933116913,32.87332534790039,1.3360972702503204,nan,101389702.0,-1.9374804496765137,32.0672492980957,0.224806920648971
pilot,b1_h4_w2_n10_a1.5,abf,1.0,4.0,100,1.1735849380493164,-1.7126820385456085,35.39439868927002,1.355513483285904,nan,100898778.0,-1.6601229906082153,34.19086456298828,0.17035499135800627
pilot,b1_h4_w2_n10_a1.5,abf,1.0,4.0,100,1.1823899745941162,-1.3896476030349731,37.980523109436035,1.3698376417160034,nan,99746176.0,-1.337377667427063,35.938026428222656,0.1233639736482664
pilot,b1_h4_w2_n10_a1.5,abf,1.0,4.0,100,1.191195011138916,-1.0435765981674194,40.62697982788086,1.3786194920539856,nan,97728736.0,-1.0146362781524658,37.68516159057617,0.08933539159560606
pilot,b1_h4_w2_n10_a1.5,abf,1.0,4.0,100,1.2000000476837158,-0.6752405017614365,43.037879943847656,1.381578505039215,nan,94669446.0,-1.1541697978973389,0.0,0.10271223585606323
pilot,b1_h4_w2_n10_a1.5,fr_estimated,1.0,4.0,100,-0.20000000298023224,-1.0436988472938538,-44.190117835998535,0.6936098486185074,0.7143943607807159,42505386.0,-1.1541697978973389,-41.01853942871094,0.10271223585606323
pilot,b1_h4_w2_n10_a1.5,fr_estimated,1.0,4.0,100,-0.19119496643543243,-1.4185526967048645,-40.9552116394043,0.6927914768457413,0.7143891304731369,45682503.0,-1.4824721813201904,-38.67087173461914,0.1426271146897572
pilot,b1_h4_w2_n10_a1.5,fr_estimated,1.0,4.0,100,-0.18238992989063263,-1.7639750838279724,-37.50509738922119,0.690368041396141,0.7143848091363907,48258332.0,-1.810774803161621,-36.323204040527344,0.1980533139524035
pilot,b1_h4_w2_n10_a1.5,fr_estimated,1.0,4.0,100,-0.17358490824699402,-2.0797704458236694,-34.225523948669434,0.6864321976900101,0.7143796384334564,50293136.0,-2.1390764713287354,-33.97554016113281,0.27501837813156865
pilot,b1_h4_w2_n10_a1.5,fr_estimated,1.0,4.0,100,-0.1647798717021942,-2.367377460002899,-31.102328777313232,0.6811309158802032,0.7143768072128296,51880685.0,-2.408233880996704,-31.253395080566406,0.35996087128608345
pilot,b1_h4_w2_n10_a1.5,fr_estimated,1.0,4.0,100,-0.1559748500585556,-2.6281362175941467,-28.12722110748291,0.6746552288532257,0.7143740057945251,53125816.0,-2.664407730102539,-28.449050903320312,0.46506128089570786
pilot,b1_h4_w2_n10_a1.5,fr_estimated,1.0,4.0,100,-0.1471698135137558,-2.863329529762268,-25.295222282409668,0.667227253317833,0.7143701314926147,54125488.0,-2.9205820560455322,-25.64470100402832,0.6008489126802341
pilot,b1_h4_w2_n10_a1.5,fr_estimated,1.0,4.0,100,-0.138364776968956,-3.0741971135139465,-22.601801872253418,0.6590860784053802,0.7143684178590775,54958468.0,-3.1291024684906006,-23.026092529296875,0.7401581815191962
pilot,b1_h4_w2_n10_a1.5,fr_estimated,1.0,4.0,100,-0.12955975532531738,-3.261937737464905,-20.04219675064087,0.6504741013050079,0.7143671214580536,55681219.0,-3.3108177185058594,-20.511959075927734,0.8876514655355332
pilot,b1_h4_w2_n10_a1.5,fr_estimated,1.0,4.0,100,-0.12075471878051758,-3.427709221839905,-17.611589908599854,0.6416242867708206,0.7143649160861969,56328959.0,-3.492532968521118,-17.99782371520996,1.0645361274668892
pilot,b1_h4_w2_n10_a1.5,fr_estimated,1.0,4.0,100,-0.11194968223571777,-3.5726218819618225,-15.30428957939148,0.6327503323554993,0.7143643498420715,56923474.0,-3.6443638801574707,-15.662075996398926,1.2390810979328983
pilot,b1_h4_w2_n10_a1.5,fr_estimated,1.0,4.0,100,-0.10314465314149857,-3.6977380514144897,-13.114960193634033,0.6240395605564117,0.7143627256155014,57475313.0,-3.7611124515533447,-13.53574275970459,1.3925249725197453
pilot,b1_h4_w2_n10_a1.5,fr_estimated,1.0,4.0,100,-0.09433962404727936,-3.804072380065918,-11.038101434707642,0.6156492382287979,0.714365616440773,57991533.0,-3.877861261367798,-11.40941047668457,1.564971223150563
pilot,b1_h4_w2_n10_a1.5,fr_estimated,1.0,4.0,100,-0.08553458750247955,-3.8925920128822327,-9.068487644195557,0.6077059656381607,0.7143638432025909,58476806.0,-3.9792020320892334,-9.373248100280762,1.7318811830579368
pilot,b1_h4_w2_n10_a1.5,fr_estimated,1.0,4.0,100,-0.07672955840826035,-3.9642189741134644,-7.201088190078735,0.600307434797287,0.7143675833940506,58935724.0,-4.040921688079834,-7.5689544677734375,1.8421398590465274
pilot,b1_h4_w2_n10_a1.5,fr_estimated,1.0,4.0,100,-0.06792452931404114,-4.019832372665405,-5.431071758270264,0.5935259312391281,0.7143654376268387,59372120.0,-4.102642059326172,-5.764660835266113,1.9594194571145795
pilot,b1_h4_w2_n10_a1.5,fr_estimated,1.0,4.0,100,-0.05911949649453163,-4.06027090549469,-3.7542474269866943,0.587412878870964,0.7143673896789551,59790540.0,-4.159719467163086,-3.9896202087402344,2.074511370499142
pilot,b1_h4_w2_n10_a1.5,fr_estimated,1.0,4.0,100,-0.050314463675022125,-4.08634090423584,-2.167370915412903,0.5820031613111496,0.7143726646900177,60191428.0,-4.175014495849609,-2.477853298187256,2.1064849767161617
pilot,b1_h4_w2_n10_a1.5,fr_estimated,1.0,4.0,100,-0.04150943458080292,-4.0988240242004395,-0.6681260913610458,0.5773188173770905,0.7143719047307968,60576225.0,-4.190309524536133,-0.9660838842391968,2.1389513792171924
pilot,b1_h4_w2_n10_a1.5,fr_estimated,1.0,4.0,100,-0.03270440176129341,-4.098485350608826,0.7450804710388184,0.5733715295791626,0.7143702805042267,60944161.0,-4.205604553222656,0.5456854701042175,2.171918173272405
pilot,b1_h4_w2_n10_a1.5,fr_estimated,1.0,4.0,100,-0.023899370804429054,-4.086076140403748,2.0735997557640076,0.570163682103157,0.7143744677305222,61296045.0,-4.185514450073242,1.8032945394515991,2.128719499000017
pilot,b1_h4_w2_n10_a1.5,fr_estimated,1.0,4.0,100,-0.015094339847564697,-4.062335252761841,3.3189598321914673,0.5676882117986679,0.7143735289573669,61632591.0,-4.162347793579102,3.0388073921203613,2.0799710352821434
pilot,b1_h4_w2_n10_a1.5,fr_estimated,1.0,4.0,100,-0.006289307959377766,-4.027986526489258,4.483093619346619,0.5659273266792297,0.7143757492303848,61956617.0,-4.139181137084961,4.274318218231201,2.032338929410369
pilot,b1_h4_w2_n10_a1.5,fr_estimated,1.0,4.0,100,0.002515723230317235,-3.9837352633476257,5.568295955657959,0.5648506432771683,0.714382991194725,62270857.0,-4.092944145202637,5.329115867614746,1.9405090195966366
pilot,b1_h4_w2_n10_a1.5,fr_estimated,1.0,4.0,100,0.011320754885673523,-3.930266499519348,6.576722860336304,0.5644136369228363,0.7143816947937012,62579032.0,-4.038601875305176,6.320422172546387,1.8378713924047665
pilot,b1_h4_w2_n10_a1.5,fr_estimated,1.0,4.0,100,0.02012578584253788,-3.868248224258423,7.51029896736145,0.5645563453435898,0.7143853306770325,62881967.0,-3.984260082244873,7.311729431152344,1.7406633164576508
pilot,b1_h4_w2_n10_a1.5,fr_estimated,1.0,4.0,100,0.028930816799402237,-3.7983331084251404,8.370422840118408,0.5652033984661102,0.7143873125314713,63181078.0,-3.916170835494995,8.174708366394043,1.6260878048445364
pilot,b1_h4_w2_n10_a1.5,fr_estimated,1.0,4.0,100,0.03773584961891174,-3.721163749694824,9.158030033111572,0.5662654787302017,0.7143898010253906,63474680.0,-3.837280035018921,8.936861038208008,1.5027341412230533
pilot,b1_h4_w2_n10_a1.5,fr_estimated,1.0,4.0,100,0.04654087871313095,-3.6373760104179382,9.873751163482666,0.5676421821117401,0.7143917381763458,63763262.0,-3.758389472961426,9.699009895324707,1.388738314664715
pilot,b1_h4_w2_n10_a1.5,fr_estimated,1.0,4.0,100,0.05534591153264046,-3.547600507736206,10.518123626708984,0.5692263692617416,0.7143964022397995,64045177.0,-3.6725213527679443,10.38031005859375,1.2744663315014977
pilot,b1_h4_w2_n10_a1.5,fr_estimated,1.0,4.0,100,0.06415094435214996,-3.4524638056755066,11.09151029586792,0.5709097683429718,0.7143978923559189,64317854.0,-3.5752689838409424,10.929697036743164,1.1563577081874243
pilot,b1_h4_w2_n10_a1.5,fr_estimated,1.0,4.0,100,0.07295597344636917,-3.3525903820991516,11.593984842300415,0.5725889056921005,0.7144016921520233,64579707.0,-3.4780168533325195,11.479084014892578,1.0491948159302764
pilot,b1_h4_w2_n10_a1.5,fr_estimated,1.0,4.0,100,0.08176100999116898,-3.2486037611961365,12.025826215744019,0.5741714984178543,0.7144035696983337,64827232.0,-3.3782637119293213,11.987363815307617,0.9495851125804184
pilot,b1_h4_w2_n10_a1.5,fr_estimated,1.0,4.0,100,0.09056603908538818,-3.1411243677139282,12.387345790863037,0.575581893324852,0.714401975274086,65056068.0,-3.2685062885284424,12.33122730255127,0.8508771360686425
pilot,b1_h4_w2_n10_a1.5,fr_estimated,1.0,4.0,100,0.09937106817960739,-3.0307708382606506,12.678669214248657,0.576765850186348,0.7144051343202591,65263885.0,-3.1587483882904053,12.675091743469238,0.7624293450545263
pilot,b1_h4_w2_n10_a1.5,fr_estimated,1.0,4.0,100,0.1081760972738266,-2.91815984249115,12.900116443634033,0.5776930749416351,0.7144034653902054,65447385.0,-3.048860549926758,13.014495849609375,0.683086844893379
pilot,b1_h4_w2_n10_a1.5,fr_estimated,1.0,4.0,100,0.1169811338186264,-2.803908348083496,13.051272630691528,0.5783584266901016,0.7144014835357666,65604739.0,-2.932596445083618,13.135370254516602,0.6081112843924575
pilot,b1_h4_w2_n10_a1.5,fr_estimated,1.0,4.0,100,0.1257861703634262,-2.6886397004127502,13.131205081939697,0.5787807554006577,0.7143998295068741,65731907.0,-2.8163325786590576,13.256242752075195,0.5413651648205984
pilot,b1_h4_w2_n10_a1.5,fr_estimated,1.0,4.0,100,0.13459119200706482,-2.5729900598526,13.137795209884644,0.5790001004934311,0.7143960893154144,65825668.0,-2.700068473815918,13.377115249633789,0.4819449652200139
pilot,b1_h4_w2_n10_a1.5,fr_estimated,1.0,4.0,100,0.14339622855186462,-2.4576178193092346,13.068170070648193,0.5790729522705078,0.7143942266702652,65882565.0,-2.58365797996521,13.305388450622559,0.4289839191125794
pilot,b1_h4_w2_n10_a1.5,fr_estimated,1.0,4.0,100,0.15220126509666443,-2.34320867061615,12.919060707092285,0.5790667831897736,0.7143927663564682,65899466.0,-2.467219114303589,13.196977615356445,0.381831941458801
pilot,b1_h4_w2_n10_a1.5,fr_estimated,1.0,4.0,100,0.16100628674030304,-2.2304733395576477,12.68794846534729,0.5790535360574722,0.7143909782171249,65875399.0,-2.350781202316284,13.088566780090332,0.33986302064985147
pilot,b1_h4_w2_n10_a1.5,fr_estimated,1.0,4.0,100,0.16981132328510284,-2.1201393008232117,12.373638153076172,0.5791035592556,0.714389979839325,65811903.0,-2.2386810779571533,12.81336498260498,0.30382216042668025
pilot,b1_h4_w2_n10_a1.5,fr_estimated,1.0,4.0,100,0.17861634492874146,-2.0129316449165344,11.977806329727173,0.5792800337076187,0.71438929438591,65713144.0,-2.1288163661956787,12.45224380493164,0.27221108683718864
pilot,b1_h4_w2_n10_a1.5,fr_estimated,1.0,4.0,100,0.18742138147354126,-1.909544050693512,11.50597620010376,0.5796343237161636,0.7143884301185608,65587929.0,-2.018951177597046,12.0911226272583,0.24388886037783405
pilot,b1_h4_w2_n10_a1.5,fr_estimated,1.0,4.0,100,0.19622641801834106,-1.8105961382389069,10.969311475753784,0.5802030563354492,0.7143869400024414,65449874.0,-1.9155374765396118,11.615875244140625,0.21992771632695596
pilot,b1_h4_w2_n10_a1.5,fr_estimated,1.0,4.0,100,0.20503143966197968,-1.7165797054767609,10.385835647583008,0.5810065567493439,0.7143858671188354,65316342.0,-1.8191125392913818,11.016992568969727,0.19971153351603713
pilot,b1_h4_w2_n10_a1.5,fr_estimated,1.0,4.0,100,0.21383647620677948,-1.627794772386551,9.781038999557495,0.582049235701561,0.714384451508522,65206651.0,-1.7226874828338623,10.418111801147461,0.18135363987232286
pilot,b1_h4_w2_n10_a1.5,fr_estimated,1.0,4.0,100,0.22264151275157928,-1.5442924797534943,9.185913801193237,0.5833211243152618,0.7143836468458176,65142028.0,-1.6312742233276367,9.82058048248291,0.1655106721456457
pilot,b1_h4_w2_n10_a1.5,fr_estimated,1.0,4.0,100,0.2314465343952179,-1.4658441543579102,8.633050680160522,0.5848007500171661,0.7143809795379639,65139443.0,-1.5515549182891846,9.226202011108398,0.15282849912868154
pilot,b1_h4_w2_n10_a1.5,fr_estimated,1.0,4.0,100,0.2402515709400177,-1.391951858997345,8.151063442230225,0.5864585340023041,0.7143779098987579,65210598.0,-1.4718356132507324,8.631823539733887,0.14111809131783465
pilot,b1_h4_w2_n10_a1.5,fr_estimated,1.0,4.0,100,0.2490566074848175,-1.3219067454338074,7.759184002876282,0.5882607400417328,0.7143747806549072,65360806.0,-1.3935530185699463,8.07746410369873,0.1304923327605646
pilot,b1_h4_w2_n10_a1.5,fr_estimated,1.0,4.0,100,0.2578616440296173,-1.2548843920230865,7.4644834995269775,0.590173065662384,0.7143713980913162,65585737.0,-1.3258076906204224,7.816568374633789,0.12194488060166238
pilot,b1_h4_w2_n10_a1.5,fr_estimated,1.0,4.0,100,0.2666666805744171,-1.1900521218776703,7.261693358421326,0.5921639204025269,0.7143674790859222,65875140.0,-1.2580620050430298,7.555670738220215,0.1139572591909714
pilot,b1_h4_w2_n10_a1.5,fr_estimated,1.0,4.0,100,0.27547168731689453,-1.1266658008098602,7.1360496282577515,0.5942063182592392,0.7143629640340805,66217252.0,-1.1903170347213745,7.294776439666748,0.10649291833116359
pilot,b1_h4_w2_n10_a1.5,fr_estimated,1.0,4.0,100,0.28427672386169434,-1.0641321241855621,7.068020462989807,0.5962795913219452,0.7143591940402985,66597280.0,-1.1253597736358643,7.325199604034424,0.09979531390048522
pilot,b1_h4_w2_n10_a1.5,fr_estimated,1.0,4.0,100,0.29308176040649414,-1.0020351856946945,7.036848425865173,0.5983693897724152,0.7143542319536209,67003175.0,-1.0605807304382324,7.374217987060547,0.09353560669911797
pilot,b1_h4_w2_n10_a1.5,fr_estimated,1.0,4.0,100,0.30188679695129395,-0.940133273601532,7.023716330528259,0.600466787815094,0.714349165558815,67424996.0,-0.9958014488220215,7.4232354164123535,0.08766852162411172
pilot,b1_h4_w2_n10_a1.5,fr_estimated,1.0,4.0,100,0.31069183349609375,-0.8783352822065353,7.013293504714966,0.6025671511888504,0.7143441885709763,67855530.0,-0.9297285676002502,7.490163326263428,0.08206322783288944
pilot,b1_h4_w2_n10_a1.5,fr_estimated,1.0,4.0,100,0.31949687004089355,-0.8166663646697998,6.994356155395508,0.6046678423881531,0.7143400311470032,68290172.0,-0.8632467985153198,7.562747001647949,0.07678491888527827
pilot,b1_h4_w2_n10_a1.5,fr_estimated,1.0,4.0,100,0.32830187678337097,-0.7552357017993927,6.959172487258911,0.6067662239074707,0.7143362164497375,68726706.0,-0.7967649698257446,7.635330677032471,0.071846106624036
pilot,b1_h4_w2_n10_a1.5,fr_estimated,1.0,4.0,100,0.3371069133281708,-0.6942085474729538,6.9026923179626465,0.6088577955961227,0.7143334299325943,69166536.0,-0.7303959727287292,7.615689277648926,0.06723254469841167
pilot,b1_h4_w2_n10_a1.5,fr_estimated,1.0,4.0,100,0.3459119498729706,-0.6337874829769135,6.821517705917358,0.6109350919723511,0.7143315523862839,69609764.0,-0.6641079187393188,7.529265403747559,0.0629203331134195
pilot,b1_h4_w2_n10_a1.5,fr_estimated,1.0,4.0,100,0.3547169864177704,-0.5742034167051315,6.712567329406738,0.6129871904850006,0.7143309414386749,70057558.0,-0.5978202819824219,7.442842483520508,0.058884725971228194
pilot,b1_h4_w2_n10_a1.5,fr_estimated,1.0,4.0,100,0.3635220229625702,-0.5157140344381332,6.572871446609497,0.615000531077385,0.7143306136131287,70510084.0,-0.5335361361503601,7.282426357269287,0.05521847502812764
pilot,b1_h4_w2_n10_a1.5,fr_estimated,1.0,4.0,100,0.3723270297050476,-0.4586026519536972,6.399610877037048,0.616960808634758,0.7143307328224182,70964782.0,-0.47225838899612427,7.011029243469238,0.051936397381417046
pilot,b1_h4_w2_n10_a1.5,fr_estimated,1.0,4.0,100,0.3811320662498474,-0.4031764268875122,6.190051198005676,0.6188557296991348,0.714330792427063,71419820.0,-0.41097986698150635,6.73962926864624,0.04884936212901743
pilot,b1_h4_w2_n10_a1.5,fr_estimated,1.0,4.0,100,0.3899371027946472,-0.34976600110530853,5.941737055778503,0.6206783950328827,0.7143302410840988,71872314.0,-0.3518524765968323,6.434021949768066,0.04604475831492707
pilot,b1_h4_w2_n10_a1.5,fr_estimated,1.0,4.0,100,0.398742139339447,-0.29872287809848785,5.652338027954102,0.6224308907985687,0.7143292278051376,72317882.0,-0.30035001039505005,6.0071306228637695,0.043733371653692954
pilot,b1_h4_w2_n10_a1.5,fr_estimated,1.0,4.0,100,0.4075471758842468,-0.2504197508096695,5.319365859031677,0.6241277903318405,0.7143272757530212,72753286.0,-0.2488478720188141,5.5802412033081055,0.04153802719780574
pilot,b1_h4_w2_n10_a1.5,fr_estimated,1.0,4.0,100,0.41635221242904663,-0.20524954795837402,4.940718412399292,0.6257984340190887,0.7143243849277496,73174366.0,-0.19788838922977448,5.148720741271973,0.039474300618235356
pilot,b1_h4_w2_n10_a1.5,fr_estimated,1.0,4.0,100,0.42515721917152405,-0.16361895203590393,4.515398979187012,0.6274881362915039,0.7143202871084213,73576684.0,-0.15995854139328003,4.606142997741699,0.03800508608330209
pilot,b1_h4_w2_n10_a1.5,fr_estimated,1.0,4.0,100,0.43396225571632385,-0.12593446671962738,4.044355273246765,0.6292576044797897,0.7143149822950363,73955696.0,-0.12202892452478409,4.063568115234375,0.036590563459889994
pilot,b1_h4_w2_n10_a1.5,fr_estimated,1.0,4.0,100,0.44276729226112366,-0.09258517622947693,3.530691087245941,0.6311805695295334,0.7143085300922394,74307694.0,-0.08409907668828964,3.5209903717041016,0.03522868023878907
pilot,b1_h4_w2_n10_a1.5,fr_estimated,1.0,4.0,100,0.45157232880592346,-0.0639248788356781,2.979287803173065,0.6333395093679428,0.7143011540174484,74628750.0,-0.060176752507686615,2.911135196685791,0.034395928718945985
pilot,b1_h4_w2_n10_a1.5,fr_estimated,1.0,4.0,100,0.46037736535072327,-0.04026100039482117,2.3957871198654175,0.6358198374509811,0.7142932713031769,74916756.0,-0.03853434696793556,2.2903249263763428,0.03365951569934658
pilot,b1_h4_w2_n10_a1.5,fr_estimated,1.0,4.0,100,0.46918240189552307,-0.021851152181625366,1.7858844101428986,0.638703316450119,0.7142856270074844,75172472.0,-0.016892069950699806,1.669518232345581,0.03293887343422023
pilot,b1_h4_w2_n10_a1.5,fr_estimated,1.0,4.0,100,0.4779874086380005,-0.008904039859771729,1.1549723148345947,0.6420605331659317,0.7142781764268875,75396316.0,-0.0074378373101353645,1.022445797920227,0.03262892911334273
pilot,b1_h4_w2_n10_a1.5,fr_estimated,1.0,4.0,100,0.4867924451828003,-0.0015816688537597656,0.5082548260688782,0.6459442675113678,0.7142715454101562,75592394.0,-0.003718930296599865,0.36301350593566895,0.03250781051401509
pilot,b1_h4_w2_n10_a1.5,fr_estimated,1.0,4.0,100,0.4955974817276001,0.0,-0.148985480889678,0.6503832042217255,0.7142659723758698,75765190.0,0.0,-0.2964228391647339,0.032387140752909944
pilot,b1_h4_w2_n10_a1.5,fr_estimated,1.0,4.0,100,0.5044025182723999,-0.004228144884109497,-0.8114114850759506,0.655377209186554,0.7142614722251892,75920246.0,-0.005541961174458265,-0.9579052925109863,0.03256712730809932
pilot,b1_h4_w2_n10_a1.5,fr_estimated,1.0,4.0,100,0.5132075548171997,-0.014288932085037231,-1.4738281071186066,0.6608952730894089,0.7142578512430191,76062652.0,-0.020344655960798264,-1.6214417219161987,0.03305279427541423
pilot,b1_h4_w2_n10_a1.5,fr_estimated,1.0,4.0,100,0.5220125913619995,-0.030160874128341675,-2.1313672065734863,0.6668744385242462,0.7142549157142639,76198568.0,-0.03514726087450981,-2.2849740982055664,0.033545700880914534
pilot,b1_h4_w2_n10_a1.5,fr_estimated,1.0,4.0,100,0.5308176279067993,-0.051781073212623596,-2.779503047466278,0.673222005367279,0.7142523676156998,76332882.0,-0.05568893253803253,-2.9337642192840576,0.0342419118416734
pilot,b1_h4_w2_n10_a1.5,fr_estimated,1.0,4.0,100,0.5396226644515991,-0.07904787361621857,-3.4139537811279297,0.6798192858695984,0.7142499834299088,76469578.0,-0.08842547982931137,-3.5512187480926514,0.035381423888679986
pilot,b1_h4_w2_n10_a1.5,fr_estimated,1.0,4.0,100,0.5484277009963989,-0.11182337999343872,-4.030761659145355,0.6865273267030716,0.7142478227615356,76613114.0,-0.12116184085607529,-4.168669700622559,0.03655885013092681
pilot,b1_h4_w2_n10_a1.5,fr_estimated,1.0,4.0,100,0.557232677936554,-0.14993761479854584,-4.626612186431885,0.6931941956281662,0.7142459899187088,76766178.0,-0.15615427494049072,-4.774372577667236,0.0378607792740959
pilot,b1_h4_w2_n10_a1.5,fr_estimated,1.0,4.0,100,0.5660377144813538,-0.1931961178779602,-5.199241399765015,0.699662834405899,0.7142447978258133,76930600.0,-0.20500448346138,-5.307912826538086,0.03975620530169887
pilot,b1_h4_w2_n10_a1.5,fr_estimated,1.0,4.0,100,0.5748427510261536,-0.2413904219865799,-5.7477418184280396,0.7057797163724899,0.7142444550991058,77107782.0,-0.25385501980781555,-5.841457366943359,0.04174653581995627
pilot,b1_h4_w2_n10_a1.5,fr_estimated,1.0,4.0,100,0.5836477875709534,-0.2943084090948105,-6.272274851799011,0.7114029228687286,0.714245155453682,77299642.0,-0.30270522832870483,-6.374998092651367,0.04383649466582564
pilot,b1_h4_w2_n10_a1.5,fr_estimated,1.0,4.0,100,0.5924528241157532,-0.3517443984746933,-6.773892402648926,0.7164103090763092,0.7142468094825745,77506494.0,-0.3648025095462799,-6.830329895019531,0.04664491710293117
pilot,b1_h4_w2_n10_a1.5,fr_estimated,1.0,4.0,100,0.601257860660553,-0.41350099444389343,-7.253679394721985,0.7207052558660507,0.7142493426799774,77729242.0,-0.4274512827396393,-7.282400131225586,0.04966064341570461
pilot,b1_h4_w2_n10_a1.5,fr_estimated,1.0,4.0,100,0.6100628972053528,-0.47938941419124603,-7.7123943567276,0.7242221981287003,0.7142527997493744,77967104.0,-0.4901004433631897,-7.73447322845459,0.0528713654800208
pilot,b1_h4_w2_n10_a1.5,fr_estimated,1.0,4.0,100,0.6188679337501526,-0.5492262840270996,-8.150540113449097,0.726929321885109,0.7142566591501236,78217572.0,-0.5618743896484375,-8.133102416992188,0.056805652880700976
pilot,b1_h4_w2_n10_a1.5,fr_estimated,1.0,4.0,100,0.6276729702949524,-0.6228304505348206,-8.568111181259155,0.728829637169838,0.7142605185508728,78477912.0,-0.6362223625183105,-8.516661643981934,0.06119000236915702
pilot,b1_h4_w2_n10_a1.5,fr_estimated,1.0,4.0,100,0.6364780068397522,-0.700020432472229,-8.965032815933228,0.7299594879150391,0.7142638117074966,78745522.0,-0.7105703949928284,-8.90022087097168,0.06591274676436626
pilot,b1_h4_w2_n10_a1.5,fr_estimated,1.0,4.0,100,0.645283043384552,-0.7806136161088943,-9.341122388839722,0.7303852885961533,0.7142667025327682,79019422.0,-0.7909964323043823,-9.25767707824707,0.07143285274342277
pilot,b1_h4_w2_n10_a1.5,fr_estimated,1.0,4.0,100,0.6540880799293518,-0.8644257187843323,-9.696187496185303,0.7301982194185257,0.7142688781023026,79299656.0,-0.8754749894142151,-9.597736358642578,0.07772962377576083
pilot,b1_h4_w2_n10_a1.5,fr_estimated,1.0,4.0,100,0.6628930568695068,-0.9512705951929092,-10.029993057250977,0.7295072972774506,0.7142703086137772,79587548.0,-0.9599525332450867,-9.937788963317871,0.08458136639035801
pilot,b1_h4_w2_n10_a1.5,fr_estimated,1.0,4.0,100,0.6716980934143066,-1.040960282087326,-10.342366933822632,0.7284320294857025,0.7142723947763443,79884032.0,-1.0481681823730469,-10.259125709533691,0.09238176734282116
pilot,b1_h4_w2_n10_a1.5,fr_estimated,1.0,4.0,100,0.6805031299591064,-1.1333068311214447,-10.633484363555908,0.7270939499139786,0.7142716944217682,80186778.0,-1.1415438652038574,-10.554607391357422,0.10142355062535302
pilot,b1_h4_w2_n10_a1.5,fr_estimated,1.0,4.0,100,0.6893081665039062,-1.2281256020069122,-10.90390133857727,0.725609228014946,0.7142720371484756,80493478.0,-1.2349200248718262,-10.850089073181152,0.11135034349775666
pilot,b1_h4_w2_n10_a1.5,fr_estimated,1.0,4.0,100,0.698113203048706,-1.3252373933792114,-11.154487609863281,0.7240817695856094,0.7142727971076965,80798704.0,-1.3300814628601074,-11.131294250488281,0.12246716050486639
pilot,b1_h4_w2_n10_a1.5,fr_estimated,1.0,4.0,100,0.7069182395935059,-1.4244722425937653,-11.385993957519531,0.7225978374481201,0.7142718881368637,81097500.0,-1.4308979511260986,-11.367294311523438,0.1354576986914401
pilot,b1_h4_w2_n10_a1.5,fr_estimated,1.0,4.0,100,0.7157232761383057,-1.5256628096103668,-11.59870195388794,0.7212226390838623,0.7142716199159622,81388964.0,-1.5317156314849854,-11.60329818725586,0.14982636922920145
pilot,b1_h4_w2_n10_a1.5,fr_estimated,1.0,4.0,100,0.7245283126831055,-1.628644347190857,-11.79281735420227,0.7199986428022385,0.7142703384160995,81669768.0,-1.6328685283660889,-11.835016250610352,0.16577475710421732
pilot,b1_h4_w2_n10_a1.5,fr_estimated,1.0,4.0,100,0.7333333492279053,-1.733250468969345,-11.967700242996216,0.7189463227987289,0.7142686247825623,81941434.0,-1.7392940521240234,-11.99966049194336,0.1843904473456423
pilot,b1_h4_w2_n10_a1.5,fr_estimated,1.0,4.0,100,0.7421383857727051,-1.8393070101737976,-12.122272729873657,0.7180664092302322,0.7142661809921265,82203282.0,-1.8457207679748535,-12.164304733276367,0.2050968325771083
pilot,b1_h4_w2_n10_a1.5,fr_estimated,1.0,4.0,100,0.7509434223175049,-1.9466271102428436,-12.254693508148193,0.7173439413309097,0.7142627090215683,82457646.0,-1.9521461725234985,-12.328948020935059,0.22812817138406705
pilot,b1_h4_w2_n10_a1.5,fr_estimated,1.0,4.0,100,0.7597483992576599,-2.055006444454193,-12.362891674041748,0.7167533189058304,0.7142593413591385,82703132.0,-2.0615670680999756,-12.41776180267334,0.25450704612945907
pilot,b1_h4_w2_n10_a1.5,fr_estimated,1.0,4.0,100,0.7685534358024597,-2.1642239093780518,-12.445054292678833,0.7162641137838364,0.714257001876831,82937850.0,-2.171396255493164,-12.496236801147461,0.2840521105459842
pilot,b1_h4_w2_n10_a1.5,fr_estimated,1.0,4.0,100,0.7773584723472595,-2.274042546749115,-12.499455690383911,0.7158472388982773,0.7142532020807266,83160286.0,-2.2812256813049316,-12.574711799621582,0.3170270606242265
pilot,b1_h4_w2_n10_a1.5,fr_estimated,1.0,4.0,100,0.7861635088920593,-2.384212553501129,-12.5248441696167,0.7154805213212967,0.7142516821622849,83369830.0,-2.391587495803833,-12.581375122070312,0.35401842134514616
pilot,b1_h4_w2_n10_a1.5,fr_estimated,1.0,4.0,100,0.7949685454368591,-2.4944739937782288,-12.520232439041138,0.7151536792516708,0.7142500877380371,83566392.0,-2.502178907394409,-12.55726432800293,0.3954167852175682
pilot,b1_h4_w2_n10_a1.5,fr_estimated,1.0,4.0,100,0.8037735819816589,-2.604557156562805,-12.484379053115845,0.714872345328331,0.71424600481987,83751360.0,-2.61276912689209,-12.533153533935547,0.4416556829127877
pilot,b1_h4_w2_n10_a1.5,fr_estimated,1.0,4.0,100,0.8125786185264587,-2.714181423187256,-12.416157484054565,0.7146604955196381,0.7142436057329178,83928222.0,-2.7222752571105957,-12.456686019897461,0.4927671306292909
pilot,b1_h4_w2_n10_a1.5,fr_estimated,1.0,4.0,100,0.8213836550712585,-2.8230575919151306,-12.31426215171814,0.7145612835884094,0.7142415791749954,84100306.0,-2.8307807445526123,-12.331890106201172,0.54924367650032
pilot,b1_h4_w2_n10_a1.5,fr_estimated,1.0,4.0,100,0.8301886916160583,-2.9308820366859436,-12.177281618118286,0.7146360874176025,0.714236706495285,84271196.0,-2.9392874240875244,-12.207094192504883,0.6121937869670177
pilot,b1_h4_w2_n10_a1.5,fr_estimated,1.0,4.0,100,0.8389937281608582,-3.0373374819755554,-12.003295421600342,0.7149618715047836,0.7142336666584015,84442936.0,-3.0460615158081055,-12.043478012084961,0.6811775348670285
pilot,b1_h4_w2_n10_a1.5,fr_estimated,1.0,4.0,100,0.847798764705658,-3.1420867443084717,-11.789746046066284,0.7156267613172531,0.7142261564731598,84617336.0,-3.1494743824005127,-11.804511070251465,0.7553912568971499
pilot,b1_h4_w2_n10_a1.5,fr_estimated,1.0,4.0,100,0.8566038012504578,-3.2447667121887207,-11.533257961273193,0.7167243212461472,0.7142223119735718,84796948.0,-3.2528882026672363,-11.56554126739502,0.837691300682841
pilot,b1_h4_w2_n10_a1.5,fr_estimated,1.0,4.0,100,0.8654087781906128,-3.3449862599372864,-11.230897665023804,0.7183469086885452,0.7142171114683151,84983000.0,-3.354921340942383,-11.30449390411377,0.9276762418676465
pilot,b1_h4_w2_n10_a1.5,fr_estimated,1.0,4.0,100,0.8742138147354126,-3.442331075668335,-10.880261421203613,0.7205786108970642,0.7142128497362137,85176424.0,-3.4497110843658447,-10.927538871765137,1.0199129281135821
pilot,b1_h4_w2_n10_a1.5,fr_estimated,1.0,4.0,100,0.8830188512802124,-3.536369562149048,-10.479900121688843,0.7234885841608047,0.7142068296670914,85378052.0,-3.5445008277893066,-10.550583839416504,1.1213204930623106
pilot,b1_h4_w2_n10_a1.5,fr_estimated,1.0,4.0,100,0.8918238878250122,-3.626662492752075,-10.029503583908081,0.7271254509687424,0.714201346039772,85587834.0,-3.639291763305664,-10.173624038696289,1.232812245431088
pilot,b1_h4_w2_n10_a1.5,fr_estimated,1.0,4.0,100,0.900628924369812,-3.7127686142921448,-9.5288565158844,0.7315135449171066,0.7142004370689392,85806976.0,-3.721325397491455,-9.624338150024414,1.3382082230192653
pilot,b1_h4_w2_n10_a1.5,fr_estimated,1.0,4.0,100,0.9094339609146118,-3.7942455410957336,-8.978036165237427,0.7366516888141632,0.7141951322555542,86034570.0,-3.803098678588867,-9.071537017822266,1.4522366036225047
pilot,b1_h4_w2_n10_a1.5,fr_estimated,1.0,4.0,100,0.9182389974594116,-3.8706477880477905,-8.376291513442993,0.7425146549940109,0.7141902446746826,86271674.0,-3.8848729133605957,-8.518731117248535,1.5759828163619958
pilot,b1_h4_w2_n10_a1.5,fr_estimated,1.0,4.0,100,0.9270440340042114,-3.9415243268013,-7.722793102264404,0.7490579038858414,0.7141875922679901,86517124.0,-3.9521710872650146,-7.816484451293945,1.685693854206802
pilot,b1_h4_w2_n10_a1.5,fr_estimated,1.0,4.0,100,0.9358490705490112,-4.006414532661438,-7.016569137573242,0.7562246918678284,0.7141826152801514,86770926.0,-4.015850067138672,-7.076883316040039,1.7965285901942896
pilot,b1_h4_w2_n10_a1.5,fr_estimated,1.0,4.0,100,0.944654107093811,-4.064851999282837,-6.2570390701293945,0.7639558911323547,0.7141759693622589,87033492.0,-4.079529762268066,-6.337281703948975,1.914652103542021
pilot,b1_h4_w2_n10_a1.5,fr_estimated,1.0,4.0,100,0.9534591436386108,-4.116365671157837,-5.4439356327056885,0.7722009867429733,0.7141709327697754,87304604.0,-4.128895282745361,-5.49229097366333,2.0115417290600726
pilot,b1_h4_w2_n10_a1.5,fr_estimated,1.0,4.0,100,0.9622641801834106,-4.16048264503479,-4.576916933059692,0.7809293270111084,0.7141684889793396,87586208.0,-4.1694865226745605,-4.582729339599609,2.094872510543582
pilot,b1_h4_w2_n10_a1.5,fr_estimated,1.0,4.0,100,0.9710691571235657,-4.196726202964783,-3.65554416179657,0.790140837430954,0.7141707092523575,87879390.0,-4.210077285766602,-3.673178195953369,2.181654339771896
pilot,b1_h4_w2_n10_a1.5,fr_estimated,1.0,4.0,100,0.9798741936683655,-4.224612474441528,-2.6786065101623535,0.7998741716146469,0.7141684740781784,88186872.0,-4.238404750823975,-2.6880505084991455,2.2443387301108495
pilot,b1_h4_w2_n10_a1.5,fr_estimated,1.0,4.0,100,0.9886792302131653,-4.243645429611206,-1.6446177661418915,0.8102118521928787,0.7141676247119904,88509196.0,-4.251124382019043,-1.6067371368408203,2.273068217937533
pilot,b1_h4_w2_n10_a1.5,fr_estimated,1.0,4.0,100,0.9974842667579651,-4.253316164016724,-0.5520215556025505,0.8212815225124359,0.7141635566949844,88847872.0,-4.263844013214111,-0.5254368782043457,2.302165468196737
pilot,b1_h4_w2_n10_a1.5,fr_estimated,1.0,4.0,100,1.0062893629074097,-4.253103494644165,0.6002954691648483,0.8332523256540298,0.7141640484333038,89203114.0,-4.268068313598633,0.600364625453949,2.3119110763651447
pilot,b1_h4_w2_n10_a1.5,fr_estimated,1.0,4.0,100,1.01509428024292,-4.24247944355011,1.8129125833511353,0.8463267534971237,0.7141629606485367,89572198.0,-4.2481160163879395,1.8527429103851318,2.266240273260143
pilot,b1_h4_w2_n10_a1.5,fr_estimated,1.0,4.0,100,1.0238993167877197,-4.220911383628845,3.086116671562195,0.8607279807329178,0.7141596227884293,89952294.0,-4.228163242340088,3.105151414871216,2.2214706178318044
pilot,b1_h4_w2_n10_a1.5,fr_estimated,1.0,4.0,100,1.0327043533325195,-4.187864542007446,4.420256018638611,0.876683697104454,0.7141530811786652,90341016.0,-4.205201148986816,4.372129917144775,2.1710421889811755
pilot,b1_h4_w2_n10_a1.5,fr_estimated,1.0,4.0,100,1.0415093898773193,-4.1427983045578,5.8162020444869995,0.894406720995903,0.7141617685556412,90736242.0,-4.147629737854004,5.806802272796631,2.049582087364835
pilot,b1_h4_w2_n10_a1.5,fr_estimated,1.0,4.0,100,1.0503144264221191,-4.085162162780762,7.275421142578125,0.9140744209289551,0.714157834649086,91138826.0,-4.090057849884033,7.24149227142334,1.9349162126266206
pilot,b1_h4_w2_n10_a1.5,fr_estimated,1.0,4.0,100,1.059119462966919,-4.014390230178833,8.79989218711853,0.935808002948761,0.7141550332307816,91549672.0,-4.032486438751221,8.676164627075195,1.8266663034366837
pilot,b1_h4_w2_n10_a1.5,fr_estimated,1.0,4.0,100,1.0679244995117188,-3.9298973083496094,10.39208459854126,0.9596527069807053,0.7141511887311935,91969834.0,-3.9358952045440674,10.315528869628906,1.658479766143375
pilot,b1_h4_w2_n10_a1.5,fr_estimated,1.0,4.0,100,1.0767295360565186,-3.831076443195343,12.054333925247192,0.9855612069368362,0.7141473591327667,92401646.0,-3.8349692821502686,11.977632522583008,1.4992657028906469
pilot,b1_h4_w2_n10_a1.5,fr_estimated,1.0,4.0,100,1.0855345726013184,-3.7173015475273132,13.78882384300232,1.0133804827928543,0.714141920208931,92847368.0,-3.734041690826416,13.639756202697754,1.355333928298252
pilot,b1_h4_w2_n10_a1.5,fr_estimated,1.0,4.0,100,1.0943396091461182,-3.5879279375076294,15.597828388214111,1.0428435802459717,0.7141418308019638,93309768.0,-3.597252607345581,15.470001220703125,1.182060121658467
pilot,b1_h4_w2_n10_a1.5,fr_estimated,1.0,4.0,100,1.103144645690918,-3.442284107208252,17.484102249145508,1.0735694766044617,0.7141392678022385,93788194.0,-3.4465181827545166,17.36562728881836,1.0166616397660329
pilot,b1_h4_w2_n10_a1.5,fr_estimated,1.0,4.0,100,1.1119496822357178,-3.279680073261261,19.450236797332764,1.1050650477409363,0.7141360193490982,94283272.0,-3.295783758163452,19.26125144958496,0.8744063612615445
pilot,b1_h4_w2_n10_a1.5,fr_estimated,1.0,4.0,100,1.1207547187805176,-3.0994030833244324,21.49835729598999,1.136738359928131,0.7141333073377609,94789620.0,-3.114722490310669,21.275617599487305,0.7295908838689134
pilot,b1_h4_w2_n10_a1.5,fr_estimated,1.0,4.0,100,1.1295597553253174,-2.9007248878479004,23.62997007369995,1.1679160594940186,0.7141317427158356,95293528.0,-2.9078328609466553,23.39107894897461,0.5932371973908142
pilot,b1_h4_w2_n10_a1.5,fr_estimated,1.0,4.0,100,1.1383647918701172,-2.682912290096283,25.844581127166748,1.197867512702942,0.7141280472278595,95768232.0,-2.7009432315826416,25.506542205810547,0.4823667347676724
pilot,b1_h4_w2_n10_a1.5,fr_estimated,1.0,4.0,100,1.147169828414917,-2.4452436566352844,28.14013671875,1.2258333563804626,0.7141245603561401,96162334.0,-2.4722678661346436,27.654720306396484,0.3837645908005972
pilot,b1_h4_w2_n10_a1.5,fr_estimated,1.0,4.0,100,1.1559748649597168,-2.1870235800743103,30.512661457061768,1.2510590255260468,0.7141219973564148,96394194.0,-2.204874277114868,29.860984802246094,0.29372258422032843
pilot,b1_h4_w2_n10_a1.5,fr_estimated,1.0,4.0,100,1.1647799015045166,-1.9075935184955597,32.95785999298096,1.2728281915187836,0.7141212373971939,96342830.0,-1.9374804496765137,32.0672492980957,0.224806920648971
pilot,b1_h4_w2_n10_a1.5,fr_estimated,1.0,4.0,100,1.1735849380493164,-1.6063319742679596,35.471519470214844,1.290497750043869,0.7141191363334656,95849438.0,-1.6601229906082153,34.19086456298828,0.17035499135800627
pilot,b1_h4_w2_n10_a1.5,fr_estimated,1.0,4.0,100,1.1823899745941162,-1.2826488316059113,38.05075550079346,1.3035293221473694,0.7141175270080566,94727676.0,-1.337377667427063,35.938026428222656,0.1233639736482664
pilot,b1_h4_w2_n10_a1.5,fr_estimated,1.0,4.0,100,1.191195011138916,-0.9359826296567917,40.69194412231445,1.3115168809890747,0.7141157239675522,92786820.0,-1.0146362781524658,37.68516159057617,0.08933539159560606
pilot,b1_h4_w2_n10_a1.5,fr_estimated,1.0,4.0,100,1.2000000476837158,-0.5670813024044037,43.10131072998047,1.3142079412937164,0.7141141891479492,89860680.0,-1.1541697978973389,0.0,0.10271223585606323
pilot,b1_h4_w2_n10_a1.5,fr_uniform,1.0,4.0,100,-0.20000000298023224,-1.0398483276367188,-44.17536544799805,0.7291082739830017,0.714285671710968,42564412.0,-1.1541697978973389,-41.01853942871094,0.10271223585606323
pilot,b1_h4_w2_n10_a1.5,fr_uniform,1.0,4.0,100,-0.19119496643543243,-1.4145658314228058,-40.93899154663086,0.7283034324645996,0.714285671710968,45744301.0,-1.4824721813201904,-38.67087173461914,0.1426271146897572
pilot,b1_h4_w2_n10_a1.5,fr_uniform,1.0,4.0,100,-0.18238992989063263,-1.7598372995853424,-37.48704433441162,0.7259228527545929,0.714285671710968,48320091.0,-1.810774803161621,-36.323204040527344,0.1980533139524035
pilot,b1_h4_w2_n10_a1.5,fr_uniform,1.0,4.0,100,-0.17358490824699402,-2.075466752052307,-34.20589256286621,0.7220658361911774,0.714285671710968,50351375.0,-2.1390764713287354,-33.97554016113281,0.27501837813156865
pilot,b1_h4_w2_n10_a1.5,fr_uniform,1.0,4.0,100,-0.1647798717021942,-2.3628970980644226,-31.081814765930176,0.7168897837400436,0.714285671710968,51932261.0,-2.408233880996704,-31.253395080566406,0.35996087128608345
pilot,b1_h4_w2_n10_a1.5,fr_uniform,1.0,4.0,100,-0.1559748500585556,-2.6234745383262634,-28.106536865234375,0.7105991840362549,0.714285671710968,53168520.0,-2.664407730102539,-28.449050903320312,0.46506128089570786
pilot,b1_h4_w2_n10_a1.5,fr_uniform,1.0,4.0,100,-0.1471698135137558,-2.858489751815796,-25.275465488433838,0.7034314125776291,0.714285671710968,54156593.0,-2.9205820560455322,-25.64470100402832,0.6008489126802341
pilot,b1_h4_w2_n10_a1.5,fr_uniform,1.0,4.0,100,-0.138364776968956,-3.0691949129104614,-22.584697723388672,0.6956405341625214,0.714285671710968,54975267.0,-3.1291024684906006,-23.026092529296875,0.7401581815191962
pilot,b1_h4_w2_n10_a1.5,fr_uniform,1.0,4.0,100,-0.12955975532531738,-3.2568057775497437,-20.029808044433594,0.6874813139438629,0.714285671710968,55680158.0,-3.3108177185058594,-20.511959075927734,0.8876514655355332
pilot,b1_h4_w2_n10_a1.5,fr_uniform,1.0,4.0,100,-0.12075471878051758,-3.4224933981895447,-17.604907035827637,0.6791936904191971,0.714285671710968,56308199.0,-3.492532968521118,-17.99782371520996,1.0645361274668892
pilot,b1_h4_w2_n10_a1.5,fr_uniform,1.0,4.0,100,-0.11194968223571777,-3.5673716068267822,-15.303145408630371,0.6709900796413422,0.714285671710968,56882570.0,-3.6443638801574707,-15.662075996398926,1.2390810979328983
pilot,b1_h4_w2_n10_a1.5,fr_uniform,1.0,4.0,100,-0.10314465314149857,-3.6924955248832703,-13.117857456207275,0.6630453020334244,0.714285671710968,57416489.0,-3.7611124515533447,-13.53574275970459,1.3925249725197453
pilot,b1_h4_w2_n10_a1.5,fr_uniform,1.0,4.0,100,-0.09433962404727936,-3.798863410949707,-11.042826414108276,0.6554910987615585,0.714285671710968,57918605.0,-3.877861261367798,-11.40941047668457,1.564971223150563
pilot,b1_h4_w2_n10_a1.5,fr_uniform,1.0,4.0,100,-0.08553458750247955,-3.887423038482666,-9.072842359542847,0.6484141498804092,0.714285671710968,58394690.0,-3.9792020320892334,-9.373248100280762,1.7318811830579368
pilot,b1_h4_w2_n10_a1.5,fr_uniform,1.0,4.0,100,-0.07672955840826035,-3.959080159664154,-7.203567743301392,0.6418584287166595,0.714285671710968,58847653.0,-4.040921688079834,-7.5689544677734375,1.8421398590465274
pilot,b1_h4_w2_n10_a1.5,fr_uniform,1.0,4.0,100,-0.06792452931404114,-4.014705538749695,-5.431331038475037,0.6358310133218765,0.714285671710968,59280314.0,-4.102642059326172,-5.764660835266113,1.9594194571145795
pilot,b1_h4_w2_n10_a1.5,fr_uniform,1.0,4.0,100,-0.05911949649453163,-4.055139541625977,-3.7529789209365845,0.6303103715181351,0.714285671710968,59692609.0,-4.159719467163086,-3.9896202087402344,2.074511370499142
pilot,b1_h4_w2_n10_a1.5,fr_uniform,1.0,4.0,100,-0.050314463675022125,-4.081196904182434,-2.1657516956329346,0.6252564191818237,0.714285671710968,60083336.0,-4.175014495849609,-2.477853298187256,2.1064849767161617
pilot,b1_h4_w2_n10_a1.5,fr_uniform,1.0,4.0,100,-0.04150943458080292,-4.093669056892395,-0.6672170013189316,0.6206209659576416,0.714285671710968,60451627.0,-4.190309524536133,-0.9660838842391968,2.1389513792171924
pilot,b1_h4_w2_n10_a1.5,fr_uniform,1.0,4.0,100,-0.03270440176129341,-4.093327641487122,0.7447785288095474,0.616357609629631,0.714285671710968,60798061.0,-4.205604553222656,0.5456854701042175,2.171918173272405
pilot,b1_h4_w2_n10_a1.5,fr_uniform,1.0,4.0,100,-0.023899370804429054,-4.080925464630127,2.072274148464203,0.6124302744865417,0.714285671710968,61123113.0,-4.185514450073242,1.8032945394515991,2.128719499000017
pilot,b1_h4_w2_n10_a1.5,fr_uniform,1.0,4.0,100,-0.015094339847564697,-4.057197690010071,3.3173149824142456,0.6088191270828247,0.714285671710968,61430108.0,-4.162347793579102,3.0388073921203613,2.0799710352821434
pilot,b1_h4_w2_n10_a1.5,fr_uniform,1.0,4.0,100,-0.006289307959377766,-4.022861957550049,4.481820583343506,0.6055237501859665,0.714285671710968,61723486.0,-4.139181137084961,4.274318218231201,2.032338929410369
pilot,b1_h4_w2_n10_a1.5,fr_uniform,1.0,4.0,100,0.002515723230317235,-3.978619694709778,5.567495942115784,0.6025634557008743,0.714285671710968,62007504.0,-4.092944145202637,5.329115867614746,1.9405090195966366
pilot,b1_h4_w2_n10_a1.5,fr_uniform,1.0,4.0,100,0.011320754885673523,-3.9251587986946106,6.575751543045044,0.5999743789434433,0.714285671710968,62285299.0,-4.038601875305176,6.320422172546387,1.8378713924047665
pilot,b1_h4_w2_n10_a1.5,fr_uniform,1.0,4.0,100,0.02012578584253788,-3.863155722618103,7.50781512260437,0.5978045165538788,0.714285671710968,62559074.0,-3.984260082244873,7.311729431152344,1.7406633164576508
pilot,b1_h4_w2_n10_a1.5,fr_uniform,1.0,4.0,100,0.028930816799402237,-3.793275833129883,8.364903211593628,0.5961064100265503,0.714285671710968,62830349.0,-3.916170835494995,8.174708366394043,1.6260878048445364
pilot,b1_h4_w2_n10_a1.5,fr_uniform,1.0,4.0,100,0.03773584961891174,-3.716173768043518,9.148260593414307,0.5949293822050095,0.714285671710968,63098908.0,-3.837280035018921,8.936861038208008,1.5027341412230533
pilot,b1_h4_w2_n10_a1.5,fr_uniform,1.0,4.0,100,0.04654087871313095,-3.632492959499359,9.859224319458008,0.594311073422432,0.714285671710968,63365452.0,-3.758389472961426,9.699009895324707,1.388738314664715
pilot,b1_h4_w2_n10_a1.5,fr_uniform,1.0,4.0,100,0.05534591153264046,-3.5428648591041565,10.499150276184082,0.5942701548337936,0.714285671710968,63629817.0,-3.6725213527679443,10.38031005859375,1.2744663315014977
pilot,b1_h4_w2_n10_a1.5,fr_uniform,1.0,4.0,100,0.06415094435214996,-3.447911560535431,11.068824529647827,0.5948005467653275,0.714285671710968,63892707.0,-3.5752689838409424,10.929697036743164,1.1563577081874243
pilot,b1_h4_w2_n10_a1.5,fr_uniform,1.0,4.0,100,0.07295597344636917,-3.3482483625411987,11.568965435028076,0.5958676189184189,0.714285671710968,64151259.0,-3.4780168533325195,11.479084014892578,1.0491948159302764
pilot,b1_h4_w2_n10_a1.5,fr_uniform,1.0,4.0,100,0.08176100999116898,-3.2444873452186584,11.999612808227539,0.597407191991806,0.714285671710968,64403828.0,-3.3782637119293213,11.987363815307617,0.9495851125804184
pilot,b1_h4_w2_n10_a1.5,fr_uniform,1.0,4.0,100,0.09056603908538818,-3.1372405290603638,12.360730171203613,0.5993272364139557,0.714285671710968,64645473.0,-3.2685062885284424,12.33122730255127,0.8508771360686425
pilot,b1_h4_w2_n10_a1.5,fr_uniform,1.0,4.0,100,0.09937106817960739,-3.0271211862564087,12.652056694030762,0.601512223482132,0.714285671710968,64868465.0,-3.1587483882904053,12.675091743469238,0.7624293450545263
pilot,b1_h4_w2_n10_a1.5,fr_uniform,1.0,4.0,100,0.1081760972738266,-2.9147475957870483,12.872832298278809,0.6038293838500977,0.714285671710968,65066233.0,-3.048860549926758,13.014495849609375,0.683086844893379
pilot,b1_h4_w2_n10_a1.5,fr_uniform,1.0,4.0,100,0.1169811338186264,-2.8007454872131348,13.021896362304688,0.6061371117830276,0.714285671710968,65232775.0,-2.932596445083618,13.135370254516602,0.6081112843924575
pilot,b1_h4_w2_n10_a1.5,fr_uniform,1.0,4.0,100,0.1257861703634262,-2.6857523918151855,13.097988605499268,0.6082936525344849,0.714285671710968,65362074.0,-2.8163325786590576,13.256242752075195,0.5413651648205984
pilot,b1_h4_w2_n10_a1.5,fr_uniform,1.0,4.0,100,0.13459119200706482,-2.570416569709778,13.099730253219604,0.6101662367582321,0.714285671710968,65451094.0,-2.700068473815918,13.377115249633789,0.4819449652200139
pilot,b1_h4_w2_n10_a1.5,fr_uniform,1.0,4.0,100,0.14339622855186462,-2.455399513244629,13.025545835494995,0.6116393506526947,0.714285671710968,65498799.0,-2.58365797996521,13.305388450622559,0.4289839191125794
pilot,b1_h4_w2_n10_a1.5,fr_uniform,1.0,4.0,100,0.15220126509666443,-2.3413769006729126,12.873915672302246,0.6126215159893036,0.714285671710968,65505153.0,-2.467219114303589,13.196977615356445,0.381831941458801
pilot,b1_h4_w2_n10_a1.5,fr_uniform,1.0,4.0,100,0.16100628674030304,-2.2290377616882324,12.643072605133057,0.6130502372980118,0.714285671710968,65472011.0,-2.350781202316284,13.088566780090332,0.33986302064985147
pilot,b1_h4_w2_n10_a1.5,fr_uniform,1.0,4.0,100,0.16981132328510284,-2.11908495426178,12.33193039894104,0.6128946393728256,0.714285671710968,65402561.0,-2.2386810779571533,12.81336498260498,0.30382216042668025
pilot,b1_h4_w2_n10_a1.5,fr_uniform,1.0,4.0,100,0.17861634492874146,-2.0122228860855103,11.941007614135742,0.6121558398008347,0.714285671710968,65302477.0,-2.1288163661956787,12.45224380493164,0.27221108683718864
pilot,b1_h4_w2_n10_a1.5,fr_uniform,1.0,4.0,100,0.18742138147354126,-1.9091359078884125,11.474501848220825,0.6108651608228683,0.714285671710968,65181499.0,-2.018951177597046,12.0911226272583,0.24388886037783405
pilot,b1_h4_w2_n10_a1.5,fr_uniform,1.0,4.0,100,0.19622641801834106,-1.810444414615631,10.942546129226685,0.60908043384552,0.714285671710968,65053762.0,-1.9155374765396118,11.615875244140625,0.21992771632695596
pilot,b1_h4_w2_n10_a1.5,fr_uniform,1.0,4.0,100,0.20503143966197968,-1.7166466116905212,10.362933158874512,0.6068811267614365,0.714285671710968,64935877.0,-1.8191125392913818,11.016992568969727,0.19971153351603713
pilot,b1_h4_w2_n10_a1.5,fr_uniform,1.0,4.0,100,0.21383647620677948,-1.6280502676963806,9.761123180389404,0.6043624430894852,0.714285671710968,64846975.0,-1.7226874828338623,10.418111801147461,0.18135363987232286
pilot,b1_h4_w2_n10_a1.5,fr_uniform,1.0,4.0,100,0.22264151275157928,-1.5447129607200623,9.168323993682861,0.6016293466091156,0.714285671710968,64806301.0,-1.6312742233276367,9.82058048248291,0.1655106721456457
pilot,b1_h4_w2_n10_a1.5,fr_uniform,1.0,4.0,100,0.2314465343952179,-1.4664101600646973,8.617587566375732,0.5987905561923981,0.714285671710968,64827764.0,-1.5515549182891846,9.226202011108398,0.15282849912868154
pilot,b1_h4_w2_n10_a1.5,fr_uniform,1.0,4.0,100,0.2402515709400177,-1.3926440477371216,8.137887001037598,0.5959531962871552,0.714285671710968,64922458.0,-1.4718356132507324,8.631823539733887,0.14111809131783465
pilot,b1_h4_w2_n10_a1.5,fr_uniform,1.0,4.0,100,0.2490566074848175,-1.3227013945579529,7.749079942703247,0.5932183265686035,0.714285671710968,65093698.0,-1.3935530185699463,8.07746410369873,0.1304923327605646
pilot,b1_h4_w2_n10_a1.5,fr_uniform,1.0,4.0,100,0.2578616440296173,-1.2557493150234222,7.458618879318237,0.5906773060560226,0.714285671710968,65339790.0,-1.3258076906204224,7.816568374633789,0.12194488060166238
pilot,b1_h4_w2_n10_a1.5,fr_uniform,1.0,4.0,100,0.2666666805744171,-1.190943032503128,7.261659502983093,0.5884090065956116,0.714285671710968,65652100.0,-1.2580620050430298,7.555670738220215,0.1139572591909714
pilot,b1_h4_w2_n10_a1.5,fr_uniform,1.0,4.0,100,0.27547168731689453,-1.127525120973587,7.143257260322571,0.5864782333374023,0.714285671710968,66019222.0,-1.1903170347213745,7.294776439666748,0.10649291833116359
pilot,b1_h4_w2_n10_a1.5,fr_uniform,1.0,4.0,100,0.28427672386169434,-1.0648944079875946,7.082853436470032,0.5849346816539764,0.714285671710968,66426271.0,-1.1253597736358643,7.325199604034424,0.09979531390048522
pilot,b1_h4_w2_n10_a1.5,fr_uniform,1.0,4.0,100,0.29308176040649414,-1.0026373267173767,7.058395981788635,0.5838127583265305,0.714285671710968,66858328.0,-1.0605807304382324,7.374217987060547,0.09353560669911797
pilot,b1_h4_w2_n10_a1.5,fr_uniform,1.0,4.0,100,0.30188679695129395,-0.9405262470245361,7.049674868583679,0.5831319987773895,0.714285671710968,67304094.0,-0.9958014488220215,7.4232354164123535,0.08766852162411172
pilot,b1_h4_w2_n10_a1.5,fr_uniform,1.0,4.0,100,0.31069183349609375,-0.878493532538414,7.040655255317688,0.5828980058431625,0.714285671710968,67753856.0,-0.9297285676002502,7.490163326263428,0.08206322783288944
pilot,b1_h4_w2_n10_a1.5,fr_uniform,1.0,4.0,100,0.31949687004089355,-0.8165909349918365,7.020070433616638,0.5831041038036346,0.714285671710968,68203114.0,-0.8632467985153198,7.562747001647949,0.07678491888527827
pilot,b1_h4_w2_n10_a1.5,fr_uniform,1.0,4.0,100,0.32830187678337097,-0.7549525052309036,6.980649352073669,0.5837332010269165,0.714285671710968,68649784.0,-0.7967649698257446,7.635330677032471,0.071846106624036
pilot,b1_h4_w2_n10_a1.5,fr_uniform,1.0,4.0,100,0.3371069133281708,-0.6937628835439682,6.9181519746780396,0.5847605168819427,0.714285671710968,69094176.0,-0.7303959727287292,7.615689277648926,0.06723254469841167
pilot,b1_h4_w2_n10_a1.5,fr_uniform,1.0,4.0,100,0.3459119498729706,-0.6332361251115799,6.830055475234985,0.5861562490463257,0.714285671710968,69536624.0,-0.6641079187393188,7.529265403747559,0.0629203331134195
pilot,b1_h4_w2_n10_a1.5,fr_uniform,1.0,4.0,100,0.3547169864177704,-0.5736065059900284,6.71438455581665,0.5878887176513672,0.714285671710968,69979410.0,-0.5978202819824219,7.442842483520508,0.058884725971228194
pilot,b1_h4_w2_n10_a1.5,fr_uniform,1.0,4.0,100,0.3635220229625702,-0.515125185251236,6.569219946861267,0.5899273753166199,0.714285671710968,70423926.0,-0.5335361361503601,7.282426357269287,0.05521847502812764
pilot,b1_h4_w2_n10_a1.5,fr_uniform,1.0,4.0,100,0.3723270297050476,-0.45806147158145905,6.392433524131775,0.5922456979751587,0.714285671710968,70870242.0,-0.47225838899612427,7.011029243469238,0.051936397381417046
pilot,b1_h4_w2_n10_a1.5,fr_uniform,1.0,4.0,100,0.3811320662498474,-0.40270566940307617,6.181233048439026,0.5948234051465988,0.714285671710968,71318224.0,-0.41097986698150635,6.73962926864624,0.04884936212901743
pilot,b1_h4_w2_n10_a1.5,fr_uniform,1.0,4.0,100,0.3899371027946472,-0.3493737578392029,5.932720184326172,0.5976478457450867,0.714285671710968,71766200.0,-0.3518524765968323,6.434021949768066,0.04604475831492707
pilot,b1_h4_w2_n10_a1.5,fr_uniform,1.0,4.0,100,0.398742139339447,-0.2984069883823395,5.644011855125427,0.6007143706083298,0.714285671710968,72208856.0,-0.30035001039505005,6.0071306228637695,0.043733371653692954
pilot,b1_h4_w2_n10_a1.5,fr_uniform,1.0,4.0,100,0.4075471758842468,-0.25017084181308746,5.312475800514221,0.6040254384279251,0.714285671710968,72642672.0,-0.2488478720188141,5.5802412033081055,0.04153802719780574
pilot,b1_h4_w2_n10_a1.5,fr_uniform,1.0,4.0,100,0.41635221242904663,-0.20504991710186005,4.936411499977112,0.6075887531042099,0.714285671710968,73060686.0,-0.19788838922977448,5.148720741271973,0.039474300618235356
pilot,b1_h4_w2_n10_a1.5,fr_uniform,1.0,4.0,100,0.42515721917152405,-0.16344031691551208,4.514939069747925,0.6114140748977661,0.714285671710968,73455990.0,-0.15995854139328003,4.606142997741699,0.03800508608330209
pilot,b1_h4_w2_n10_a1.5,fr_uniform,1.0,4.0,100,0.43396225571632385,-0.12574099004268646,4.048188328742981,0.6155098080635071,0.714285671710968,73824172.0,-0.12202892452478409,4.063568115234375,0.036590563459889994
pilot,b1_h4_w2_n10_a1.5,fr_uniform,1.0,4.0,100,0.44276729226112366,-0.09234385192394257,3.5377310514450073,0.6198788732290268,0.714285671710968,74161902.0,-0.08409907668828964,3.5209903717041016,0.03522868023878907
pilot,b1_h4_w2_n10_a1.5,fr_uniform,1.0,4.0,100,0.45157232880592346,-0.0636199414730072,2.9866936802864075,0.6245152950286865,0.714285671710968,74467470.0,-0.060176752507686615,2.911135196685791,0.034395928718945985
pilot,b1_h4_w2_n10_a1.5,fr_uniform,1.0,4.0,100,0.46037736535072327,-0.03990550339221954,2.3998706936836243,0.6294013410806656,0.714285671710968,74741320.0,-0.03853434696793556,2.2903249263763428,0.03365951569934658
pilot,b1_h4_w2_n10_a1.5,fr_uniform,1.0,4.0,100,0.46918240189552307,-0.0214882493019104,1.7834611535072327,0.6345060020685196,0.714285671710968,74987122.0,-0.016892069950699806,1.669518232345581,0.03293887343422023
pilot,b1_h4_w2_n10_a1.5,fr_uniform,1.0,4.0,100,0.4779874086380005,-0.008597582578659058,1.1445720195770264,0.6397848278284073,0.714285671710968,75207494.0,-0.0074378373101353645,1.022445797920227,0.03262892911334273
pilot,b1_h4_w2_n10_a1.5,fr_uniform,1.0,4.0,100,0.4867924451828003,-0.0013996660709381104,0.4903791695833206,0.6451817154884338,0.714285671710968,75406426.0,-0.003718930296599865,0.36301350593566895,0.03250781051401509
pilot,b1_h4_w2_n10_a1.5,fr_uniform,1.0,4.0,100,0.4955974817276001,0.0,-0.17245746031403542,0.6506316065788269,0.714285671710968,75588234.0,0.0,-0.2964228391647339,0.032387140752909944
pilot,b1_h4_w2_n10_a1.5,fr_uniform,1.0,4.0,100,0.5044025182723999,-0.004448950290679932,-0.8380863517522812,0.6560648828744888,0.714285671710968,75757388.0,-0.005541961174458265,-0.9579052925109863,0.03256712730809932
pilot,b1_h4_w2_n10_a1.5,fr_uniform,1.0,4.0,100,0.5132075548171997,-0.01474851369857788,-1.5013802647590637,0.6614120453596115,0.714285671710968,75918834.0,-0.020344655960798264,-1.6214417219161987,0.03305279427541423
pilot,b1_h4_w2_n10_a1.5,fr_uniform,1.0,4.0,100,0.5220125913619995,-0.030857503414154053,-2.157652497291565,0.6666088551282883,0.714285671710968,76075884.0,-0.03514726087450981,-2.2849740982055664,0.033545700880914534
pilot,b1_h4_w2_n10_a1.5,fr_uniform,1.0,4.0,100,0.5308176279067993,-0.05269487202167511,-2.8025494813919067,0.6716004759073257,0.714285671710968,76232208.0,-0.05568893253803253,-2.9337642192840576,0.0342419118416734
pilot,b1_h4_w2_n10_a1.5,fr_uniform,1.0,4.0,100,0.5396226644515991,-0.0801435112953186,-3.4322069883346558,0.6763451397418976,0.714285671710968,76390590.0,-0.08842547982931137,-3.5512187480926514,0.035381423888679986
pilot,b1_h4_w2_n10_a1.5,fr_uniform,1.0,4.0,100,0.5484277009963989,-0.11305640637874603,-4.043716192245483,0.6808160841464996,0.714285671710968,76551362.0,-0.12116184085607529,-4.168669700622559,0.03655885013092681
pilot,b1_h4_w2_n10_a1.5,fr_uniform,1.0,4.0,100,0.557232677936554,-0.15126553177833557,-4.635209679603577,0.6850020587444305,0.714285671710968,76718082.0,-0.15615427494049072,-4.774372577667236,0.0378607792740959
pilot,b1_h4_w2_n10_a1.5,fr_uniform,1.0,4.0,100,0.5660377144813538,-0.19459140300750732,-5.205946683883667,0.6889062523841858,0.714285671710968,76891554.0,-0.20500448346138,-5.307912826538086,0.03975620530169887
pilot,b1_h4_w2_n10_a1.5,fr_uniform,1.0,4.0,100,0.5748427510261536,-0.24285051226615906,-5.755760669708252,0.6925438940525055,0.714285671710968,77073824.0,-0.25385501980781555,-5.841457366943359,0.04174653581995627
pilot,b1_h4_w2_n10_a1.5,fr_uniform,1.0,4.0,100,0.5836477875709534,-0.2958579659461975,-6.284577250480652,0.695938840508461,0.714285671710968,77266964.0,-0.30270522832870483,-6.374998092651367,0.04383649466582564
pilot,b1_h4_w2_n10_a1.5,fr_uniform,1.0,4.0,100,0.5924528241157532,-0.35342760384082794,-6.791946530342102,0.6991195827722549,0.714285671710968,77473608.0,-0.3648025095462799,-6.830329895019531,0.04664491710293117
pilot,b1_h4_w2_n10_a1.5,fr_uniform,1.0,4.0,100,0.601257860660553,-0.4153670072555542,-7.277131080627441,0.7021152973175049,0.714285671710968,77694724.0,-0.4274512827396393,-7.282400131225586,0.04966064341570461
pilot,b1_h4_w2_n10_a1.5,fr_uniform,1.0,4.0,100,0.6100628972053528,-0.4814763516187668,-7.739126086235046,0.7049521207809448,0.714285671710968,77932092.0,-0.4901004433631897,-7.73447322845459,0.0528713654800208
pilot,b1_h4_w2_n10_a1.5,fr_uniform,1.0,4.0,100,0.6188679337501526,-0.551548033952713,-8.177148818969727,0.70765021443367,0.714285671710968,78185510.0,-0.5618743896484375,-8.133102416992188,0.056805652880700976
pilot,b1_h4_w2_n10_a1.5,fr_uniform,1.0,4.0,100,0.6276729702949524,-0.6253693103790283,-8.59081506729126,0.7102216184139252,0.714285671710968,78455186.0,-0.6362223625183105,-8.516661643981934,0.06119000236915702
pilot,b1_h4_w2_n10_a1.5,fr_uniform,1.0,4.0,100,0.6364780068397522,-0.7027266174554825,-8.980339527130127,0.7126693874597549,0.714285671710968,78739692.0,-0.7105703949928284,-8.90022087097168,0.06591274676436626
pilot,b1_h4_w2_n10_a1.5,fr_uniform,1.0,4.0,100,0.645283043384552,-0.7834122478961945,-9.346811532974243,0.7149873822927475,0.714285671710968,79035620.0,-0.7909964323043823,-9.25767707824707,0.07143285274342277
pilot,b1_h4_w2_n10_a1.5,fr_uniform,1.0,4.0,100,0.6540880799293518,-0.8672289848327637,-9.691555261611938,0.717161014676094,0.714285671710968,79340338.0,-0.8754749894142151,-9.597736358642578,0.07772962377576083
pilot,b1_h4_w2_n10_a1.5,fr_uniform,1.0,4.0,100,0.6628930568695068,-0.9539917409420013,-10.01596975326538,0.7191689163446426,0.714285671710968,79648080.0,-0.9599525332450867,-9.937788963317871,0.08458136639035801
pilot,b1_h4_w2_n10_a1.5,fr_uniform,1.0,4.0,100,0.6716980934143066,-1.043527364730835,-10.321394443511963,0.7209847420454025,0.714285671710968,79955170.0,-1.0481681823730469,-10.259125709533691,0.09238176734282116
pilot,b1_h4_w2_n10_a1.5,fr_uniform,1.0,4.0,100,0.6805031299591064,-1.1356719434261322,-10.608577013015747,0.7225794047117233,0.714285671710968,80258176.0,-1.1415438652038574,-10.554607391357422,0.10142355062535302
pilot,b1_h4_w2_n10_a1.5,fr_uniform,1.0,4.0,100,0.6893081665039062,-1.2302680313587189,-10.878235578536987,0.7239235937595367,0.714285671710968,80555358.0,-1.2349200248718262,-10.850089073181152,0.11135034349775666
pilot,b1_h4_w2_n10_a1.5,fr_uniform,1.0,4.0,100,0.698113203048706,-1.327161431312561,-11.13054370880127,0.7249900847673416,0.714285671710968,80847682.0,-1.3300814628601074,-11.131294250488281,0.12246716050486639
pilot,b1_h4_w2_n10_a1.5,fr_uniform,1.0,4.0,100,0.7069182395935059,-1.426201045513153,-11.36558485031128,0.7257560938596725,0.714285671710968,81134996.0,-1.4308979511260986,-11.367294311523438,0.1354576986914401
pilot,b1_h4_w2_n10_a1.5,fr_uniform,1.0,4.0,100,0.7157232761383057,-1.5272315740585327,-11.582762002944946,0.7262057811021805,0.714285671710968,81418950.0,-1.5317156314849854,-11.60329818725586,0.14982636922920145
pilot,b1_h4_w2_n10_a1.5,fr_uniform,1.0,4.0,100,0.7245283126831055,-1.6300918757915497,-11.781209707260132,0.7263322919607162,0.714285671710968,81699276.0,-1.6328685283660889,-11.835016250610352,0.16577475710421732
pilot,b1_h4_w2_n10_a1.5,fr_uniform,1.0,4.0,100,0.7333333492279053,-1.7346124053001404,-11.959878921508789,0.7261398285627365,0.714285671710968,81973240.0,-1.7392940521240234,-11.99966049194336,0.1843904473456423
pilot,b1_h4_w2_n10_a1.5,fr_uniform,1.0,4.0,100,0.7421383857727051,-1.8406145870685577,-12.117754220962524,0.7256454229354858,0.714285671710968,82239350.0,-1.8457207679748535,-12.164304733276367,0.2050968325771083
pilot,b1_h4_w2_n10_a1.5,fr_uniform,1.0,4.0,100,0.7509434223175049,-1.947911262512207,-12.253907918930054,0.7248804122209549,0.714285671710968,82495974.0,-1.9521461725234985,-12.328948020935059,0.22812817138406705
pilot,b1_h4_w2_n10_a1.5,fr_uniform,1.0,4.0,100,0.7597483992576599,-2.056308329105377,-12.367694854736328,0.7238910347223282,0.714285671710968,82741370.0,-2.0615670680999756,-12.41776180267334,0.25450704612945907
pilot,b1_h4_w2_n10_a1.5,fr_uniform,1.0,4.0,100,0.7685534358024597,-2.165603756904602,-12.457956314086914,0.7227387130260468,0.714285671710968,82974494.0,-2.171396255493164,-12.496236801147461,0.2840521105459842
pilot,b1_h4_w2_n10_a1.5,fr_uniform,1.0,4.0,100,0.7773584723472595,-2.27558296918869,-12.523022413253784,0.721499040722847,0.714285671710968,83196028.0,-2.2812256813049316,-12.574711799621582,0.3170270606242265
pilot,b1_h4_w2_n10_a1.5,fr_uniform,1.0,4.0,100,0.7861635088920593,-2.3860142827033997,-12.560626983642578,0.7202599048614502,0.714285671710968,83407400.0,-2.391587495803833,-12.581375122070312,0.35401842134514616
pilot,b1_h4_w2_n10_a1.5,fr_uniform,1.0,4.0,100,0.7949685454368591,-2.4966436624526978,-12.56806993484497,0.7191183120012283,0.714285671710968,83610604.0,-2.502178907394409,-12.55726432800293,0.3954167852175682
pilot,b1_h4_w2_n10_a1.5,fr_uniform,1.0,4.0,100,0.8037735819816589,-2.607193887233734,-12.542580842971802,0.7181762158870697,0.714285671710968,83808524.0,-2.61276912689209,-12.533153533935547,0.4416556829127877
pilot,b1_h4_w2_n10_a1.5,fr_uniform,1.0,4.0,100,0.8125786185264587,-2.7173619270324707,-12.481503963470459,0.7175352573394775,0.714285671710968,84003072.0,-2.7222752571105957,-12.456686019897461,0.4927671306292909
pilot,b1_h4_w2_n10_a1.5,fr_uniform,1.0,4.0,100,0.8213836550712585,-2.8268242478370667,-12.382029294967651,0.717290848493576,0.714285671710968,84198414.0,-2.8307807445526123,-12.331890106201172,0.54924367650032
pilot,b1_h4_w2_n10_a1.5,fr_uniform,1.0,4.0,100,0.8301886916160583,-2.9352323412895203,-12.242074251174927,0.7175261825323105,0.714285671710968,84394286.0,-2.9392874240875244,-12.207094192504883,0.6121937869670177
pilot,b1_h4_w2_n10_a1.5,fr_uniform,1.0,4.0,100,0.8389937281608582,-3.0422216653823853,-12.059778213500977,0.7183061987161636,0.714285671710968,84592196.0,-3.0460615158081055,-12.043478012084961,0.6811775348670285
pilot,b1_h4_w2_n10_a1.5,fr_uniform,1.0,4.0,100,0.847798764705658,-3.1474152207374573,-11.83417797088623,0.7196724712848663,0.714285671710968,84790808.0,-3.1494743824005127,-11.804511070251465,0.7553912568971499
pilot,b1_h4_w2_n10_a1.5,fr_uniform,1.0,4.0,100,0.8566038012504578,-3.250429928302765,-11.564871549606323,0.7216395735740662,0.714285671710968,84990772.0,-3.2528882026672363,-11.56554126739502,0.837691300682841
pilot,b1_h4_w2_n10_a1.5,fr_uniform,1.0,4.0,100,0.8654087781906128,-3.350880980491638,-11.25180196762085,0.7241930514574051,0.714285671710968,85191576.0,-3.354921340942383,-11.30449390411377,0.9276762418676465
pilot,b1_h4_w2_n10_a1.5,fr_uniform,1.0,4.0,100,0.8742138147354126,-3.448381245136261,-10.894683122634888,0.7272900193929672,0.714285671710968,85395040.0,-3.4497110843658447,-10.927538871765137,1.0199129281135821
pilot,b1_h4_w2_n10_a1.5,fr_uniform,1.0,4.0,100,0.8830188512802124,-3.5425394773483276,-10.492656946182251,0.7308619618415833,0.714285671710968,85603436.0,-3.5445008277893066,-10.550583839416504,1.1213204930623106
pilot,b1_h4_w2_n10_a1.5,fr_uniform,1.0,4.0,100,0.8918238878250122,-3.6329529881477356,-10.044130563735962,0.7348200231790543,0.714285671710968,85818192.0,-3.639291763305664,-10.173624038696289,1.232812245431088
pilot,b1_h4_w2_n10_a1.5,fr_uniform,1.0,4.0,100,0.900628924369812,-3.719203531742096,-9.547053575515747,0.7390625327825546,0.714285671710968,86039488.0,-3.721325397491455,-9.624338150024414,1.3382082230192653
pilot,b1_h4_w2_n10_a1.5,fr_uniform,1.0,4.0,100,0.9094339609146118,-3.8008537888526917,-8.999195098876953,0.7434845268726349,0.714285671710968,86268194.0,-3.803098678588867,-9.071537017822266,1.4522366036225047
pilot,b1_h4_w2_n10_a1.5,fr_uniform,1.0,4.0,100,0.9182389974594116,-3.877449631690979,-8.399116039276123,0.7479884326457977,0.714285671710968,86503646.0,-3.8848729133605957,-8.518731117248535,1.5759828163619958
pilot,b1_h4_w2_n10_a1.5,fr_uniform,1.0,4.0,100,0.9270440340042114,-3.9485287070274353,-7.745969295501709,0.7524950951337814,0.714285671710968,86746836.0,-3.9521710872650146,-7.816484451293945,1.685693854206802
pilot,b1_h4_w2_n10_a1.5,fr_uniform,1.0,4.0,100,0.9358490705490112,-4.013622522354126,-7.0396305322647095,0.7569542527198792,0.714285671710968,87000198.0,-4.015850067138672,-7.076883316040039,1.7965285901942896
pilot,b1_h4_w2_n10_a1.5,fr_uniform,1.0,4.0,100,0.944654107093811,-4.072264075279236,-6.280384540557861,0.761354386806488,0.714285671710968,87262722.0,-4.079529762268066,-6.337281703948975,1.914652103542021
pilot,b1_h4_w2_n10_a1.5,fr_uniform,1.0,4.0,100,0.9534591436386108,-4.123987555503845,-5.4682313203811646,0.7657298594713211,0.714285671710968,87537458.0,-4.128895282745361,-5.49229097366333,2.0115417290600726
pilot,b1_h4_w2_n10_a1.5,fr_uniform,1.0,4.0,100,0.9622641801834106,-4.168325781822205,-4.602822780609131,0.7701661139726639,0.714285671710968,87823836.0,-4.1694865226745605,-4.582729339599609,2.094872510543582
pilot,b1_h4_w2_n10_a1.5,fr_uniform,1.0,4.0,100,0.9710691571235657,-4.20480489730835,-3.683164656162262,0.7748011499643326,0.714285671710968,88122356.0,-4.210077285766602,-3.673178195953369,2.181654339771896
pilot,b1_h4_w2_n10_a1.5,fr_uniform,1.0,4.0,100,0.9798741936683655,-4.2329407930374146,-2.7076616883277893,0.7798242121934891,0.714285671710968,88434650.0,-4.238404750823975,-2.6880505084991455,2.2443387301108495
pilot,b1_h4_w2_n10_a1.5,fr_uniform,1.0,4.0,100,0.9886792302131653,-4.252233028411865,-1.6744342744350433,0.7854702025651932,0.714285671710968,88762090.0,-4.251124382019043,-1.6067371368408203,2.273068217937533
pilot,b1_h4_w2_n10_a1.5,fr_uniform,1.0,4.0,100,0.9974842667579651,-4.262165784835815,-0.5817480534315109,0.7920113652944565,0.714285671710968,89105048.0,-4.263844013214111,-0.5254368782043457,2.302165468196737
pilot,b1_h4_w2_n10_a1.5,fr_uniform,1.0,4.0,100,1.0062893629074097,-4.262210488319397,0.5715527236461639,0.7997452765703201,0.714285671710968,89463994.0,-4.268068313598633,0.600364625453949,2.3119110763651447
pilot,b1_h4_w2_n10_a1.5,fr_uniform,1.0,4.0,100,1.01509428024292,-4.251831769943237,1.785940557718277,0.8089801073074341,0.714285671710968,89840794.0,-4.2481160163879395,1.8527429103851318,2.266240273260143
pilot,b1_h4_w2_n10_a1.5,fr_uniform,1.0,4.0,100,1.0238993167877197,-4.230490446090698,3.061554491519928,0.8200177699327469,0.714285671710968,90231924.0,-4.228163242340088,3.105151414871216,2.2214706178318044
pilot,b1_h4_w2_n10_a1.5,fr_uniform,1.0,4.0,100,1.0327043533325195,-4.197646498680115,4.398720622062683,0.833135336637497,0.714285671710968,90637204.0,-4.205201148986816,4.372129917144775,2.1710421889811755
pilot,b1_h4_w2_n10_a1.5,fr_uniform,1.0,4.0,100,1.0415093898773193,-4.152754187583923,5.79822313785553,0.8485660254955292,0.714285671710968,91054698.0,-4.147629737854004,5.806802272796631,2.049582087364835
pilot,b1_h4_w2_n10_a1.5,fr_uniform,1.0,4.0,100,1.0503144264221191,-4.095259189605713,7.261354327201843,0.8664800077676773,0.714285671710968,91481798.0,-4.090057849884033,7.24149227142334,1.9349162126266206
pilot,b1_h4_w2_n10_a1.5,fr_uniform,1.0,4.0,100,1.059119462966919,-4.024594306945801,8.789665699005127,0.886966809630394,0.714285671710968,91916462.0,-4.032486438751221,8.676164627075195,1.8266663034366837
pilot,b1_h4_w2_n10_a1.5,fr_uniform,1.0,4.0,100,1.0679244995117188,-3.9401769638061523,10.38508653640747,0.9100199788808823,0.714285671710968,92356698.0,-3.9358952045440674,10.315528869628906,1.658479766143375
pilot,b1_h4_w2_n10_a1.5,fr_uniform,1.0,4.0,100,1.0767295360565186,-3.8414068818092346,12.049803256988525,0.935525432229042,0.714285671710968,92803366.0,-3.8349692821502686,11.977632522583008,1.4992657028906469
pilot,b1_h4_w2_n10_a1.5,fr_uniform,1.0,4.0,100,1.0855345726013184,-3.7276625633239746,13.786401510238647,0.963253453373909,0.714285671710968,93258014.0,-3.734041690826416,13.639756202697754,1.355333928298252
pilot,b1_h4_w2_n10_a1.5,fr_uniform,1.0,4.0,100,1.0943396091461182,-3.5982993245124817,15.597923278808594,0.9928566664457321,0.714285671710968,93723382.0,-3.597252607345581,15.470001220703125,1.182060121658467
pilot,b1_h4_w2_n10_a1.5,fr_uniform,1.0,4.0,100,1.103144645690918,-3.4526431560516357,17.486795902252197,1.0238750278949738,0.714285671710968,94204496.0,-3.4465181827545166,17.36562728881836,1.0166616397660329
pilot,b1_h4_w2_n10_a1.5,fr_uniform,1.0,4.0,100,1.1119496822357178,-3.2900068759918213,19.454858779907227,1.0557430684566498,0.714285671710968,94703496.0,-3.295783758163452,19.26125144958496,0.8744063612615445
pilot,b1_h4_w2_n10_a1.5,fr_uniform,1.0,4.0,100,1.1207547187805176,-3.109687566757202,21.503357887268066,1.0878072679042816,0.714285671710968,95215568.0,-3.114722490310669,21.275617599487305,0.7295908838689134
pilot,b1_h4_w2_n10_a1.5,fr_uniform,1.0,4.0,100,1.1295597553253174,-2.910976529121399,23.632450580596924,1.1193468570709229,0.714285671710968,95727396.0,-2.9078328609466553,23.39107894897461,0.5932371973908142
pilot,b1_h4_w2_n10_a1.5,fr_uniform,1.0,4.0,100,1.1383647918701172,-2.6931660771369934,25.841633319854736,1.1495995223522186,0.714285671710968,96210304.0,-2.7009432315826416,25.506542205810547,0.4823667347676724
pilot,b1_h4_w2_n10_a1.5,fr_uniform,1.0,4.0,100,1.147169828414917,-2.4555546045303345,28.130072593688965,1.1777905225753784,0.714285671710968,96610864.0,-2.4722678661346436,27.654720306396484,0.3837645908005972
pilot,b1_h4_w2_n10_a1.5,fr_uniform,1.0,4.0,100,1.1559748649597168,-2.197451651096344,30.496120929718018,1.2031638324260712,0.714285671710968,96846008.0,-2.204874277114868,29.860984802246094,0.29372258422032843
pilot,b1_h4_w2_n10_a1.5,fr_uniform,1.0,4.0,100,1.1647799015045166,-1.9181874096393585,32.93674373626709,1.2250136733055115,0.714285671710968,96794432.0,-1.9374804496765137,32.0672492980957,0.224806920648971
pilot,b1_h4_w2_n10_a1.5,fr_uniform,1.0,4.0,100,1.1735849380493164,-1.6171237528324127,35.447678565979004,1.2427147924900055,0.714285671710968,96297986.0,-1.6601229906082153,34.19086456298828,0.17035499135800627
pilot,b1_h4_w2_n10_a1.5,fr_uniform,1.0,4.0,100,1.1823899745941162,-1.29365873336792,38.025041580200195,1.2557493448257446,0.714285671710968,95168456.0,-1.337377667427063,35.938026428222656,0.1233639736482664
pilot,b1_h4_w2_n10_a1.5,fr_uniform,1.0,4.0,100,1.191195011138916,-0.9472265541553497,40.66450595855713,1.263729989528656,0.714285671710968,93215254.0,-1.0146362781524658,37.68516159057617,0.08933539159560606
pilot,b1_h4_w2_n10_a1.5,fr_uniform,1.0,4.0,100,1.2000000476837158,-0.578579843044281,43.070913314819336,1.266417235136032,0.714285671710968,90269092.0,-1.1541697978973389,0.0,0.10271223585606323
pilot,b2_h1_w2_n10_a1.5,abf,2.0,1.0,100,-0.20000000298023224,-0.13269847258925438,-12.667275190353394,0.7631644606590271,nan,54393713.0,-0.16850900650024414,-11.265904426574707,0.23819398339489647
pilot,b2_h1_w2_n10_a1.5,abf,2.0,1.0,100,-0.19119496643543243,-0.2393200807273388,-11.551046133041382,0.762100413441658,nan,56583537.0,-0.2577550709247589,-10.555145263671875,0.28474029716563526
pilot,b2_h1_w2_n10_a1.5,abf,2.0,1.0,100,-0.18238992989063263,-0.33593740314245224,-10.394914388656616,0.7589613944292068,nan,58068706.0,-0.3470011353492737,-9.844385147094727,0.3403823878101845
pilot,b2_h1_w2_n10_a1.5,abf,2.0,1.0,100,-0.17358490824699402,-0.422777995467186,-9.330291986465454,0.7539028525352478,nan,59023793.0,-0.4362470805644989,-9.133627891540527,0.40689759567383055
pilot,b2_h1_w2_n10_a1.5,abf,2.0,1.0,100,-0.1647798717021942,-0.5005974397063255,-8.345832347869873,0.7471717745065689,nan,59613976.0,-0.5078180432319641,-8.326003074645996,0.46951651391517274
pilot,b2_h1_w2_n10_a1.5,abf,2.0,1.0,100,-0.1559748500585556,-0.5700634121894836,-7.432880878448486,0.7390890270471573,nan,59973699.0,-0.5755089521408081,-7.497117519378662,0.5375841410590501
pilot,b2_h1_w2_n10_a1.5,abf,2.0,1.0,100,-0.1471698135137558,-0.6317737102508545,-6.584169268608093,0.7300275266170502,nan,60199751.0,-0.6432000398635864,-6.668229579925537,0.6155200158171752
pilot,b2_h1_w2_n10_a1.5,abf,2.0,1.0,100,-0.138364776968956,-0.6862662881612778,-5.793419122695923,0.720386877655983,nan,60354962.0,-0.6969895362854004,-5.907357215881348,0.6854300541496325
pilot,b2_h1_w2_n10_a1.5,abf,2.0,1.0,100,-0.12955975532531738,-0.7340274751186371,-5.055201411247253,0.7105672657489777,nan,60475318.0,-0.7429594993591309,-5.1847429275512695,0.7514362563398066
pilot,b2_h1_w2_n10_a1.5,abf,2.0,1.0,100,-0.12075471878051758,-0.7754985243082047,-4.364645957946777,0.7009447515010834,nan,60580730.0,-0.7889294624328613,-4.462128162384033,0.8237987872336809
pilot,b2_h1_w2_n10_a1.5,abf,2.0,1.0,100,-0.11194968223571777,-0.8110807836055756,-3.717607259750366,0.6918492764234543,nan,60680983.0,-0.8264608979225159,-3.801565647125244,0.8880154849253251
pilot,b2_h1_w2_n10_a1.5,abf,2.0,1.0,100,-0.10314465314149857,-0.8411412537097931,-3.1104124188423157,0.6835478097200394,nan,60779108.0,-0.85408616065979,-3.2138476371765137,0.9384595048493428
pilot,b2_h1_w2_n10_a1.5,abf,2.0,1.0,100,-0.09433962404727936,-0.8660167306661606,-2.539875864982605,0.6762329787015915,nan,60874394.0,-0.881711483001709,-2.6261301040649414,0.9917691326120351
pilot,b2_h1_w2_n10_a1.5,abf,2.0,1.0,100,-0.08553458750247955,-0.8860180675983429,-2.0032843351364136,0.6700184196233749,nan,60963616.0,-0.9051505327224731,-2.0685133934020996,1.0393683485116836
pilot,b2_h1_w2_n10_a1.5,abf,2.0,1.0,100,-0.07672955840826035,-0.9014340043067932,-1.498335212469101,0.6649401187896729,nan,61044521.0,-0.9178247451782227,-1.5883007049560547,1.0660514577065727
pilot,b2_h1_w2_n10_a1.5,abf,2.0,1.0,100,-0.06792452931404114,-0.9125353693962097,-1.0232619941234589,0.6609636098146439,nan,61114858.0,-0.9304990768432617,-1.1080878973007202,1.0934198477952841
pilot,b2_h1_w2_n10_a1.5,abf,2.0,1.0,100,-0.05911949649453163,-0.9195790886878967,-0.5766708105802536,0.6579954922199249,nan,61174389.0,-0.9419468641281128,-0.6363142728805542,1.1187431125948253
pilot,b2_h1_w2_n10_a1.5,abf,2.0,1.0,100,-0.050314463675022125,-0.9228108823299408,-0.15740547701716423,0.6558981239795685,nan,61224284.0,-0.9423566460609436,-0.24049140512943268,1.119660369848974
pilot,b2_h1_w2_n10_a1.5,abf,2.0,1.0,100,-0.04150943458080292,-0.9224667400121689,0.23557480052113533,0.6545055508613586,nan,61268139.0,-0.9427663683891296,0.1553320437669754,1.1205782455788174
pilot,b2_h1_w2_n10_a1.5,abf,2.0,1.0,100,-0.03270440176129341,-0.9187737554311752,0.6032520681619644,0.6536393612623215,nan,61309826.0,-0.9431761503219604,0.5511555075645447,1.1214970074581323
pilot,b2_h1_w2_n10_a1.5,abf,2.0,1.0,100,-0.023899370804429054,-0.911950871348381,0.9465191811323166,0.6531226485967636,nan,61353924.0,-0.9344042539596558,0.8744967579841614,1.1019932813254143
pilot,b2_h1_w2_n10_a1.5,abf,2.0,1.0,100,-0.015094339847564697,-0.9022097438573837,1.2661062479019165,0.6527917832136154,nan,61404521.0,-0.9248338937759399,1.1915364265441895,1.0811009213432428
pilot,b2_h1_w2_n10_a1.5,abf,2.0,1.0,100,-0.006289307959377766,-0.8897566348314285,1.5625315010547638,0.652504175901413,nan,61464454.0,-0.9152636528015137,1.5085755586624146,1.060604906213382
pilot,b2_h1_w2_n10_a1.5,abf,2.0,1.0,100,0.002515723230317235,-0.8747940808534622,1.8361026346683502,0.6521430909633636,nan,61534885.0,-0.8998631238937378,1.772841215133667,1.0284351280390494
pilot,b2_h1_w2_n10_a1.5,abf,2.0,1.0,100,0.011320754885673523,-0.8575221747159958,2.087083339691162,0.6516187489032745,nan,61614545.0,-0.8824141025543213,2.0185658931732178,0.9931637850611147
pilot,b2_h1_w2_n10_a1.5,abf,2.0,1.0,100,0.02012578584253788,-0.8381385207176208,2.315776288509369,0.6508670300245285,nan,61701811.0,-0.8649650812149048,2.2642905712127686,0.9591021125830971
pilot,b2_h1_w2_n10_a1.5,abf,2.0,1.0,100,0.028930816799402237,-0.8168375045061111,2.5225974321365356,0.6498460471630096,nan,61795582.0,-0.8441773653030396,2.473283290863037,0.92004457097372
pilot,b2_h1_w2_n10_a1.5,abf,2.0,1.0,100,0.03773584961891174,-0.7938089370727539,2.7081785202026367,0.648531898856163,nan,61893886.0,-0.8207663297653198,2.653416156768799,0.877959130814721
pilot,b2_h1_w2_n10_a1.5,abf,2.0,1.0,100,0.04654087871313095,-0.7692366540431976,2.8732420802116394,0.646914079785347,nan,61995919.0,-0.7973554134368896,2.833548069000244,0.83779899743459
pilot,b2_h1_w2_n10_a1.5,abf,2.0,1.0,100,0.05534591153264046,-0.7432988584041595,3.0183355808258057,0.644991934299469,nan,62102039.0,-0.7723798155784607,2.988534450531006,0.7969779531655358
pilot,b2_h1_w2_n10_a1.5,abf,2.0,1.0,100,0.06415094435214996,-0.7161697447299957,3.1438504457473755,0.6427716910839081,nan,62210063.0,-0.7448514699935913,3.1024928092956543,0.7542850334045696
pilot,b2_h1_w2_n10_a1.5,abf,2.0,1.0,100,0.07295597344636917,-0.688021793961525,3.24976247549057,0.6402653306722641,nan,62317921.0,-0.7173232436180115,3.2164506912231445,0.713879279854122
pilot,b2_h1_w2_n10_a1.5,abf,2.0,1.0,100,0.08176100999116898,-0.6590292751789093,3.3356881141662598,0.637490525841713,nan,62421985.0,-0.6893347501754761,3.3176982402801514,0.6750163314529957
pilot,b2_h1_w2_n10_a1.5,abf,2.0,1.0,100,0.09056603908538818,-0.6293708086013794,3.401019513607025,0.6344715803861618,nan,62517882.0,-0.6595054268836975,3.368105173110962,0.6359234781590752
pilot,b2_h1_w2_n10_a1.5,abf,2.0,1.0,100,0.09937106817960739,-0.5992310047149658,3.4450151920318604,0.6312412172555923,nan,62604718.0,-0.6296760439872742,3.4185123443603516,0.5990945744903367
pilot,b2_h1_w2_n10_a1.5,abf,2.0,1.0,100,0.1081760972738266,-0.5688006579875946,3.4670241475105286,0.6278420984745026,nan,62680839.0,-0.5998369455337524,3.4675965309143066,0.5643876149777973
pilot,b2_h1_w2_n10_a1.5,abf,2.0,1.0,100,0.1169811338186264,-0.5382756590843201,3.466504156589508,0.6243284344673157,nan,62746822.0,-0.5695222616195679,3.451854944229126,0.5311858224882798
pilot,b2_h1_w2_n10_a1.5,abf,2.0,1.0,100,0.1257861703634262,-0.5078571289777756,3.44285786151886,0.6207663118839264,nan,62804601.0,-0.5392075181007385,3.4361133575439453,0.49993716532520394
pilot,b2_h1_w2_n10_a1.5,abf,2.0,1.0,100,0.13459119200706482,-0.4777509793639183,3.3955381512641907,0.6172334253787994,nan,62852081.0,-0.508892834186554,3.4203717708587646,0.47052686364525304
pilot,b2_h1_w2_n10_a1.5,abf,2.0,1.0,100,0.14339622855186462,-0.44816944748163223,3.323691487312317,0.6138171851634979,nan,62888182.0,-0.47975677251815796,3.346889019012451,0.44389184038083274
pilot,b2_h1_w2_n10_a1.5,abf,2.0,1.0,100,0.15220126509666443,-0.41933349519968033,3.2261980175971985,0.6106124818325043,nan,62910157.0,-0.4508450925350189,3.2624077796936035,0.4189525090926998
pilot,b2_h1_w2_n10_a1.5,abf,2.0,1.0,100,0.16100628674030304,-0.3914763629436493,3.1013471484184265,0.6077177971601486,nan,62915456.0,-0.42193368077278137,3.177927255630493,0.39541456513690093
pilot,b2_h1_w2_n10_a1.5,abf,2.0,1.0,100,0.16981132328510284,-0.3648485466837883,2.946968197822571,0.6052314192056656,nan,62904873.0,-0.3953792452812195,3.036588668823242,0.3749624454678689
pilot,b2_h1_w2_n10_a1.5,abf,2.0,1.0,100,0.17861634492874146,-0.33972005546092987,2.7607858180999756,0.6032470315694809,nan,62881302.0,-0.37003928422927856,2.8659615516662598,0.3564328822095375
pilot,b2_h1_w2_n10_a1.5,abf,2.0,1.0,100,0.18742138147354126,-0.3163766711950302,2.5415042638778687,0.6018496006727219,nan,62852554.0,-0.3446992039680481,2.695333480834961,0.3388189157768417
pilot,b2_h1_w2_n10_a1.5,abf,2.0,1.0,100,0.19622641801834106,-0.2951042428612709,2.290368378162384,0.6011115461587906,nan,62833505.0,-0.3223148286342621,2.4773917198181152,0.32398494291976593
pilot,b2_h1_w2_n10_a1.5,abf,2.0,1.0,100,0.20503143966197968,-0.2761576548218727,2.0132090747356415,0.601089209318161,nan,62843120.0,-0.3031322956085205,2.208192825317383,0.31179065224125124
pilot,b2_h1_w2_n10_a1.5,abf,2.0,1.0,100,0.21383647620677948,-0.259714275598526,1.7217926681041718,0.6018198877573013,nan,62904595.0,-0.2839498221874237,1.9389944076538086,0.30005537151719386
pilot,b2_h1_w2_n10_a1.5,abf,2.0,1.0,100,0.22264151275157928,-0.24582132324576378,1.4338886737823486,0.6033197045326233,nan,63039546.0,-0.2669311761856079,1.6767574548721313,0.2900141565112994
pilot,b2_h1_w2_n10_a1.5,abf,2.0,1.0,100,0.2314465343952179,-0.23435254395008087,1.171160727739334,0.6055813133716583,nan,63266805.0,-0.25496137142181396,1.4307644367218018,0.2831537759034456
pilot,b2_h1_w2_n10_a1.5,abf,2.0,1.0,100,0.2402515709400177,-0.22499092668294907,0.9552658349275589,0.6085727959871292,nan,63593154.0,-0.24299153685569763,1.184771180152893,0.27645566338548516
pilot,b2_h1_w2_n10_a1.5,abf,2.0,1.0,100,0.2490566074848175,-0.21725044399499893,0.8029289990663528,0.6122367978096008,nan,64013891.0,-0.2314939796924591,0.9640848636627197,0.2701710682176985
pilot,b2_h1_w2_n10_a1.5,abf,2.0,1.0,100,0.2578616440296173,-0.21053660660982132,0.7220723628997803,0.6164900064468384,nan,64511179.0,-0.22345967590808868,0.9289714097976685,0.26586448837966875
pilot,b2_h1_w2_n10_a1.5,abf,2.0,1.0,100,0.2666666805744171,-0.20423086360096931,0.7102302759885788,0.6212240606546402,nan,65058722.0,-0.21542534232139587,0.8938577175140381,0.2616265406750998
pilot,b2_h1_w2_n10_a1.5,abf,2.0,1.0,100,0.27547168731689453,-0.1977762058377266,0.7558997869491577,0.6263068914413452,nan,65627083.0,-0.20739109814167023,0.8587444424629211,0.2574561929738007
pilot,b2_h1_w2_n10_a1.5,abf,2.0,1.0,100,0.28427672386169434,-0.1907414011657238,0.8420041799545288,0.6315857321023941,nan,66188678.0,-0.19836971163749695,0.9601481556892395,0.2528526247794518
pilot,b2_h1_w2_n10_a1.5,abf,2.0,1.0,100,0.29308176040649414,-0.18285197392106056,0.9500216990709305,0.6368912309408188,nan,66724364.0,-0.18928538262844086,1.0702648162841797,0.24830011365111462
pilot,b2_h1_w2_n10_a1.5,abf,2.0,1.0,100,0.30188679695129395,-0.1739877462387085,1.0634234249591827,0.64204341173172,nan,67223570.0,-0.1802009791135788,1.1803820133209229,0.24382953234489207
pilot,b2_h1_w2_n10_a1.5,abf,2.0,1.0,100,0.31069183349609375,-0.16415678709745407,1.1696152091026306,0.6468586325645447,nan,67683120.0,-0.16906923055648804,1.2693655490875244,0.2384610169646906
pilot,b2_h1_w2_n10_a1.5,abf,2.0,1.0,100,0.31949687004089355,-0.15345854684710503,1.2604118883609772,0.6511582285165787,nan,68105958.0,-0.15729084610939026,1.3516759872436523,0.23290929296585952
pilot,b2_h1_w2_n10_a1.5,abf,2.0,1.0,100,0.32830187678337097,-0.1420479267835617,1.3314279913902283,0.6547777205705643,nan,68496870.0,-0.14551247656345367,1.4339865446090698,0.22748682806535137
pilot,b2_h1_w2_n10_a1.5,abf,2.0,1.0,100,0.3371069133281708,-0.1301061548292637,1.3810570538043976,0.6575763076543808,nan,68861926.0,-0.13301806151866913,1.4719659090042114,0.2218726365516585
pilot,b2_h1_w2_n10_a1.5,abf,2.0,1.0,100,0.3459119498729706,-0.11782115139067173,1.4093929827213287,0.6594458818435669,nan,69207132.0,-0.1200050413608551,1.4778447151184082,0.2161726659385447
pilot,b2_h1_w2_n10_a1.5,abf,2.0,1.0,100,0.3547169864177704,-0.10537596605718136,1.41744002699852,0.6603192389011383,nan,69535668.0,-0.10699208825826645,1.4837236404418945,0.21061915742441048
pilot,b2_h1_w2_n10_a1.5,abf,2.0,1.0,100,0.3635220229625702,-0.09294346906244755,1.40651136636734,0.6601758599281311,nan,69851788.0,-0.09424459934234619,1.4659323692321777,0.2053172992316373
pilot,b2_h1_w2_n10_a1.5,abf,2.0,1.0,100,0.3723270297050476,-0.08068500459194183,1.3779191672801971,0.6590457409620285,nan,70155930.0,-0.08189554512500763,1.4126379489898682,0.20030845935885677
pilot,b2_h1_w2_n10_a1.5,abf,2.0,1.0,100,0.3811320662498474,-0.06875164434313774,1.332656592130661,0.6570100635290146,nan,70449758.0,-0.06954634189605713,1.3593428134918213,0.19542175492833197
pilot,b2_h1_w2_n10_a1.5,abf,2.0,1.0,100,0.3899371027946472,-0.05728721432387829,1.271405577659607,0.6541988551616669,nan,70733238.0,-0.05765119940042496,1.2970705032348633,0.19082748190333743
pilot,b2_h1_w2_n10_a1.5,abf,2.0,1.0,100,0.398742139339447,-0.046430403366684914,1.1946400105953217,0.6507852673530579,nan,71007070.0,-0.047365542501211166,1.2029685974121094,0.18694201152673282
pilot,b2_h1_w2_n10_a1.5,abf,2.0,1.0,100,0.4075471758842468,-0.03631561994552612,1.1028593480587006,0.6469773054122925,nan,71271272.0,-0.03707994520664215,1.1088674068450928,0.1831356756958539
pilot,b2_h1_w2_n10_a1.5,abf,2.0,1.0,100,0.41635221242904663,-0.02707185223698616,0.9967952817678452,0.6430070102214813,nan,71524212.0,-0.026918679475784302,1.0134098529815674,0.1794514582762063
pilot,b2_h1_w2_n10_a1.5,abf,2.0,1.0,100,0.42515721917152405,-0.018820742145180702,0.8773906230926514,0.6391177326440811,nan,71766624.0,-0.019742250442504883,0.8854247331619263,0.1768942127569178
pilot,b2_h1_w2_n10_a1.5,abf,2.0,1.0,100,0.43396225571632385,-0.011674953624606133,0.7457232475280762,0.6355506032705307,nan,71996072.0,-0.01256586518138647,0.7574402093887329,0.1743734241386069
pilot,b2_h1_w2_n10_a1.5,abf,2.0,1.0,100,0.44276729226112366,-0.005737751722335815,0.6028689593076706,0.6325308233499527,nan,72211392.0,-0.005389437545090914,0.629455029964447,0.17188854284723643
pilot,b2_h1_w2_n10_a1.5,abf,2.0,1.0,100,0.45157232880592346,-0.001103084534406662,0.4498613551259041,0.6302547454833984,nan,72413868.0,-0.0017781811766326427,0.46695470809936523,0.1706515481394908
pilot,b2_h1_w2_n10_a1.5,abf,2.0,1.0,100,0.46037736535072327,0.002144552767276764,0.2878161147236824,0.6288781464099884,nan,72605562.0,0.0012527768267318606,0.29883503913879395,0.1696202019135717
pilot,b2_h1_w2_n10_a1.5,abf,2.0,1.0,100,0.46918240189552307,0.003931425511837006,0.11805995367467403,0.62850721180439,nan,72789962.0,0.004283716436475515,0.13071638345718384,0.1685950949128782
pilot,b2_h1_w2_n10_a1.5,abf,2.0,1.0,100,0.4779874086380005,0.004196804016828537,-0.05778214614838362,0.6291915327310562,nan,72970590.0,0.003920581191778183,-0.05119236558675766,0.16871758503006465
pilot,b2_h1_w2_n10_a1.5,abf,2.0,1.0,100,0.4867924451828003,0.002895493060350418,-0.23780059069395065,0.6309211850166321,nan,73151138.0,0.0019602966494858265,-0.2395903319120407,0.16938035234153326
pilot,b2_h1_w2_n10_a1.5,abf,2.0,1.0,100,0.4955974817276001,0.0,-0.4198894500732422,0.6336261928081512,nan,73333816.0,0.0,-0.4279894530773163,0.1700457272959021
pilot,b2_h1_w2_n10_a1.5,abf,2.0,1.0,100,0.5044025182723999,-0.004498302936553955,-0.6018704175949097,0.6371802985668182,nan,73519954.0,-0.004523205570876598,-0.611052393913269,0.17159100995053286
pilot,b2_h1_w2_n10_a1.5,abf,2.0,1.0,100,0.5132075548171997,-0.01058908924460411,-0.7816072851419449,0.6414075344800949,nan,73710882.0,-0.011609313078224659,-0.7887816429138184,0.1740401485045731
pilot,b2_h1_w2_n10_a1.5,abf,2.0,1.0,100,0.5220125913619995,-0.018243947997689247,-0.9571378231048584,0.6460919380187988,nan,73907246.0,-0.018695378676056862,-0.9665096998214722,0.17652422910355203
pilot,b2_h1_w2_n10_a1.5,abf,2.0,1.0,100,0.5308176279067993,-0.02741842344403267,-1.1267777383327484,0.6509898900985718,nan,74111010.0,-0.027275806292891502,-1.1372268199920654,0.17957967791766657
pilot,b2_h1_w2_n10_a1.5,abf,2.0,1.0,100,0.5396226644515991,-0.03805508650839329,-1.289263129234314,0.6558441519737244,nan,74324184.0,-0.03903155028820038,-1.293044090270996,0.18385188958382648
pilot,b2_h1_w2_n10_a1.5,abf,2.0,1.0,100,0.5484277009963989,-0.05008723959326744,-1.4437523782253265,0.6603993773460388,nan,74548408.0,-0.05078722909092903,-1.4488601684570312,0.18822571288843062
pilot,b2_h1_w2_n10_a1.5,abf,2.0,1.0,100,0.557232677936554,-0.06344257481396198,-1.5898147821426392,0.6644174158573151,nan,74783308.0,-0.0631001815199852,-1.6008514165878296,0.1929184861266754
pilot,b2_h1_w2_n10_a1.5,abf,2.0,1.0,100,0.5660377144813538,-0.07804616168141365,-1.727283537387848,0.6676922142505646,nan,75030194.0,-0.07883623987436295,-1.729348063468933,0.19908659179374324
pilot,b2_h1_w2_n10_a1.5,abf,2.0,1.0,100,0.5748427510261536,-0.0938226766884327,-1.85623699426651,0.6700629889965057,nan,75286928.0,-0.09457238763570786,-1.8578453063964844,0.2054519445762082
pilot,b2_h1_w2_n10_a1.5,abf,2.0,1.0,100,0.5836477875709534,-0.11069837585091591,-1.97698113322258,0.6714244335889816,nan,75552482.0,-0.1103084459900856,-1.9863420724868774,0.2120207775019368
pilot,b2_h1_w2_n10_a1.5,abf,2.0,1.0,100,0.5924528241157532,-0.1286037601530552,-2.090096652507782,0.671734407544136,nan,75822826.0,-0.129159614443779,-2.090625762939453,0.2201670582482611
pilot,b2_h1_w2_n10_a1.5,abf,2.0,1.0,100,0.601257860660553,-0.14747517928481102,-2.1964111924171448,0.6710165590047836,nan,76094160.0,-0.14814047515392303,-2.1938998699188232,0.22868564592417887
pilot,b2_h1_w2_n10_a1.5,abf,2.0,1.0,100,0.6100628972053528,-0.16725701093673706,-2.2968873977661133,0.6693596541881561,nan,76362668.0,-0.16712142527103424,-2.2971746921539307,0.2375338727751176
pilot,b2_h1_w2_n10_a1.5,abf,2.0,1.0,100,0.6188679337501526,-0.1879020296037197,-2.3924787044525146,0.6669121831655502,nan,76626640.0,-0.18816915154457092,-2.3869738578796387,0.2477464113308499
pilot,b2_h1_w2_n10_a1.5,abf,2.0,1.0,100,0.6276729702949524,-0.2093709036707878,-2.4840198159217834,0.6638730764389038,nan,76885196.0,-0.20979996025562286,-2.472972869873047,0.25869953855549616
pilot,b2_h1_w2_n10_a1.5,abf,2.0,1.0,100,0.6364780068397522,-0.23163040727376938,-2.572064995765686,0.6604792475700378,nan,77139166.0,-0.23143073916435242,-2.558971643447876,0.270136898856566
pilot,b2_h1_w2_n10_a1.5,abf,2.0,1.0,100,0.645283043384552,-0.2546507194638252,-2.6568298935890198,0.6569906920194626,nan,77391786.0,-0.25440165400505066,-2.6375010013580322,0.28283698105213273
pilot,b2_h1_w2_n10_a1.5,abf,2.0,1.0,100,0.6540880799293518,-0.2784026712179184,-2.7382507920265198,0.653673842549324,nan,77645486.0,-0.27826613187789917,-2.7110514640808105,0.29666384083275643
pilot,b2_h1_w2_n10_a1.5,abf,2.0,1.0,100,0.6628930568695068,-0.3028554618358612,-2.8160253167152405,0.6507854610681534,nan,77903160.0,-0.3021303415298462,-2.7846009731292725,0.31116647801262615
pilot,b2_h1_w2_n10_a1.5,abf,2.0,1.0,100,0.6716980934143066,-0.3279755339026451,-2.8898159861564636,0.6485565155744553,nan,78165892.0,-0.32683277130126953,-2.85622239112854,0.32692569987657183
pilot,b2_h1_w2_n10_a1.5,abf,2.0,1.0,100,0.6805031299591064,-0.353726401925087,-2.9593042731285095,0.6471787393093109,nan,78433632.0,-0.352692186832428,-2.9251792430877686,0.34427878774324616
pilot,b2_h1_w2_n10_a1.5,abf,2.0,1.0,100,0.6893081665039062,-0.3800693526864052,-3.0243061780929565,0.6467934548854828,nan,78705010.0,-0.37855178117752075,-2.994136333465576,0.3625531003637536
pilot,b2_h1_w2_n10_a1.5,abf,2.0,1.0,100,0.698113203048706,-0.4069643169641495,-3.084731161594391,0.6474841237068176,nan,78977710.0,-0.4048672318458557,-3.0625627040863037,0.3821456614668449
pilot,b2_h1_w2_n10_a1.5,abf,2.0,1.0,100,0.7069182395935059,-0.43437204509973526,-3.1407352685928345,0.6492724120616913,nan,79247318.0,-0.43262651562690735,-3.129309892654419,0.4039618392621532
pilot,b2_h1_w2_n10_a1.5,abf,2.0,1.0,100,0.7157232761383057,-0.4622547850012779,-3.19262832403183,0.6521183103322983,nan,79508416.0,-0.46038612723350525,-3.1960577964782715,0.427023753053358
pilot,b2_h1_w2_n10_a1.5,abf,2.0,1.0,100,0.7245283126831055,-0.4905778616666794,-3.240754246711731,0.655923530459404,nan,79757744.0,-0.48824048042297363,-3.2615811824798584,0.4514877974576834
pilot,b2_h1_w2_n10_a1.5,abf,2.0,1.0,100,0.7333333492279053,-0.5193093866109848,-3.285400152206421,0.6605384796857834,nan,79991076.0,-0.5175831913948059,-3.30793833732605,0.47877644078506904
pilot,b2_h1_w2_n10_a1.5,abf,2.0,1.0,100,0.7421383857727051,-0.5484183430671692,-3.326482594013214,0.6657718569040298,nan,80209900.0,-0.5469263195991516,-3.3542962074279785,0.5077148769545607
pilot,b2_h1_w2_n10_a1.5,abf,2.0,1.0,100,0.7509434223175049,-0.5778709799051285,-3.363472282886505,0.6714021414518356,nan,80417094.0,-0.5762690901756287,-3.40065336227417,0.5384020389218651
pilot,b2_h1_w2_n10_a1.5,abf,2.0,1.0,100,0.7597483992576599,-0.6076268702745438,-3.3953664302825928,0.6771905571222305,nan,80620226.0,-0.6064066290855408,-3.4221880435943604,0.5718522438968673
pilot,b2_h1_w2_n10_a1.5,abf,2.0,1.0,100,0.7685534358024597,-0.6376357972621918,-3.4209365844726562,0.6828945875167847,nan,80824706.0,-0.6366525292396545,-3.440338134765625,0.6075123130797762
pilot,b2_h1_w2_n10_a1.5,abf,2.0,1.0,100,0.7773584723472595,-0.6678371429443359,-3.4390814900398254,0.6882811784744263,nan,81034500.0,-0.6668984889984131,-3.4584879875183105,0.6453961814073441
pilot,b2_h1_w2_n10_a1.5,abf,2.0,1.0,100,0.7861635088920593,-0.6981618255376816,-3.44895076751709,0.69313944876194,nan,81252796.0,-0.6972090005874634,-3.455848217010498,0.6857309750430891
pilot,b2_h1_w2_n10_a1.5,abf,2.0,1.0,100,0.7949685454368591,-0.7285351753234863,-3.4501309990882874,0.6972916424274445,nan,81479192.0,-0.7275476455688477,-3.444298267364502,0.7286275354343767
pilot,b2_h1_w2_n10_a1.5,abf,2.0,1.0,100,0.8037735819816589,-0.7588796019554138,-3.442388355731964,0.7006023675203323,nan,81711898.0,-0.7578858733177185,-3.432748317718506,0.7742068853519615
pilot,b2_h1_w2_n10_a1.5,abf,2.0,1.0,100,0.8125786185264587,-0.7891153991222382,-3.4255003929138184,0.7029853910207748,nan,81949544.0,-0.7878378629684448,-3.4056203365325928,0.8220022324356591
pilot,b2_h1_w2_n10_a1.5,abf,2.0,1.0,100,0.8213836550712585,-0.8191608190536499,-3.399095356464386,0.7044080197811127,nan,82190554.0,-0.8174333572387695,-3.3641133308410645,0.872126166199533
pilot,b2_h1_w2_n10_a1.5,abf,2.0,1.0,100,0.8301886916160583,-0.8489292711019516,-3.362593352794647,0.7048924267292023,nan,82433658.0,-0.8470292091369629,-3.322605609893799,0.925307211809836
pilot,b2_h1_w2_n10_a1.5,abf,2.0,1.0,100,0.8389937281608582,-0.87832872569561,-3.3152767419815063,0.704514354467392,nan,82678690.0,-0.876097559928894,-3.2716786861419678,0.9806959815248465
pilot,b2_h1_w2_n10_a1.5,abf,2.0,1.0,100,0.847798764705658,-0.9072611480951309,-3.2565166354179382,0.703399047255516,nan,82926504.0,-0.9041429758071899,-3.2024683952331543,1.03727601183386
pilot,b2_h1_w2_n10_a1.5,abf,2.0,1.0,100,0.8566038012504578,-0.9356237351894379,-3.1858388781547546,0.7017148584127426,nan,83175390.0,-0.9321887493133545,-3.1332571506500244,1.0971211410764021
pilot,b2_h1_w2_n10_a1.5,abf,2.0,1.0,100,0.8654087781906128,-0.9633102864027023,-3.1029642820358276,0.6996646821498871,nan,83424238.0,-0.9598519802093506,-3.0589001178741455,1.1595315257229535
pilot,b2_h1_w2_n10_a1.5,abf,2.0,1.0,100,0.8742138147354126,-0.9902132004499435,-3.0078392028808594,0.6974760442972183,nan,83671062.0,-0.9855092763900757,-2.9575276374816895,1.220585496482221
pilot,b2_h1_w2_n10_a1.5,abf,2.0,1.0,100,0.8830188512802124,-1.0162250697612762,-2.9005666971206665,0.69539013504982,nan,83915974.0,-1.0111665725708008,-2.8561551570892334,1.284854202902211
pilot,b2_h1_w2_n10_a1.5,abf,2.0,1.0,100,0.8918238878250122,-1.0412394106388092,-2.781266450881958,0.6936508119106293,nan,84159752.0,-1.036824107170105,-2.754781484603882,1.3525075585940212
pilot,b2_h1_w2_n10_a1.5,abf,2.0,1.0,100,0.900628924369812,-1.0651508271694183,-2.6500309109687805,0.6924941092729568,nan,84403654.0,-1.0592174530029297,-2.618971586227417,1.414458838985974
pilot,b2_h1_w2_n10_a1.5,abf,2.0,1.0,100,0.9094339609146118,-1.0878536999225616,-2.506758987903595,0.6921390891075134,nan,84649844.0,-1.0815443992614746,-2.482459545135498,1.4790513529343179
pilot,b2_h1_w2_n10_a1.5,abf,2.0,1.0,100,0.9182389974594116,-1.109240859746933,-2.351219117641449,0.6927800625562668,nan,84899332.0,-1.103871464729309,-2.3459460735321045,1.5465939098998287
pilot,b2_h1_w2_n10_a1.5,abf,2.0,1.0,100,0.9270440340042114,-1.1292034089565277,-2.1831186413764954,0.6945818364620209,nan,85153206.0,-1.1226332187652588,-2.1732027530670166,1.6057300990466254
pilot,b2_h1_w2_n10_a1.5,abf,2.0,1.0,100,0.9358490705490112,-1.1476293206214905,-2.002204805612564,0.6976766437292099,nan,85407992.0,-1.1405036449432373,-1.9914029836654663,1.6641581765071976
pilot,b2_h1_w2_n10_a1.5,abf,2.0,1.0,100,0.944654107093811,-1.1644050180912018,-1.8082647323608398,0.7021642029285431,nan,85664114.0,-1.1583741903305054,-1.809603214263916,1.724712701320041
pilot,b2_h1_w2_n10_a1.5,abf,2.0,1.0,100,0.9534591436386108,-1.179414987564087,-1.6011427342891693,0.7081138640642166,nan,85919170.0,-1.172675371170044,-1.5982723236083984,1.7747558218899735
pilot,b2_h1_w2_n10_a1.5,abf,2.0,1.0,100,0.9622641801834106,-1.1925425827503204,-1.3806968033313751,0.7155689746141434,nan,86174290.0,-1.184788703918457,-1.368847131729126,1.8182772990037461
pilot,b2_h1_w2_n10_a1.5,abf,2.0,1.0,100,0.9710691571235657,-1.2036699056625366,-1.14679417014122,0.7245522141456604,nan,86431822.0,-1.1969019174575806,-1.1394250392913818,1.8628655880718914
pilot,b2_h1_w2_n10_a1.5,abf,2.0,1.0,100,0.9798741936683655,-1.21267768740654,-0.8992614299058914,0.7350720167160034,nan,86693988.0,-1.2059450149536133,-0.892601490020752,1.8968642649194176
pilot,b2_h1_w2_n10_a1.5,abf,2.0,1.0,100,0.9886792302131653,-1.2194449603557587,-0.6378658413887024,0.7471286654472351,nan,86964322.0,-1.2110810279846191,-0.6236317157745361,1.9164493209792262
pilot,b2_h1_w2_n10_a1.5,abf,2.0,1.0,100,0.9974842667579651,-1.2238480746746063,-0.36226727813482285,0.7607195824384689,nan,87243746.0,-1.2162169218063354,-0.35466521978378296,1.9362361304114482
pilot,b2_h1_w2_n10_a1.5,abf,2.0,1.0,100,1.0062893629074097,-1.2257602214813232,-0.0720587894320488,0.77584308385849,nan,87530032.0,-1.2192258834838867,-0.07363758981227875,1.94792338226306
pilot,b2_h1_w2_n10_a1.5,abf,2.0,1.0,100,1.01509428024292,-1.2250509858131409,0.23315474390983582,0.7924998700618744,nan,87822280.0,-1.2161815166473389,0.2416975051164627,1.9360990297694711
pilot,b2_h1_w2_n10_a1.5,abf,2.0,1.0,100,1.0238993167877197,-1.221587210893631,0.5536201000213623,0.8106922805309296,nan,88118636.0,-1.2131370306015015,0.557040274143219,1.924345995073142
pilot,b2_h1_w2_n10_a1.5,abf,2.0,1.0,100,1.0327043533325195,-1.2152340412139893,0.8894602656364441,0.8304207026958466,nan,88414808.0,-1.2093242406845093,0.8767970204353333,1.9097275489612775
pilot,b2_h1_w2_n10_a1.5,abf,2.0,1.0,100,1.0415093898773193,-1.2058556377887726,1.2407692670822144,0.8516774624586105,nan,88708866.0,-1.1966774463653564,1.2473485469818115,1.8620294568267863
pilot,b2_h1_w2_n10_a1.5,abf,2.0,1.0,100,1.0503144264221191,-1.193314790725708,1.6077935695648193,0.874438926577568,nan,89000742.0,-1.184030294418335,1.617904782295227,1.8155213920832798
pilot,b2_h1_w2_n10_a1.5,abf,2.0,1.0,100,1.059119462966919,-1.1774709522724152,1.991016685962677,0.8986552208662033,nan,89288880.0,-1.1713835000991821,1.98845636844635,1.7701762292725798
pilot,b2_h1_w2_n10_a1.5,abf,2.0,1.0,100,1.0679244995117188,-1.1581790149211884,2.391002357006073,0.924239993095398,nan,89574278.0,-1.1487687826156616,2.4039900302886963,1.6918957929954508
pilot,b2_h1_w2_n10_a1.5,abf,2.0,1.0,100,1.0767295360565186,-1.1352888345718384,2.8083394169807434,0.9510596841573715,nan,89856510.0,-1.125046730041504,2.8245208263397217,1.613499731457246
pilot,b2_h1_w2_n10_a1.5,abf,2.0,1.0,100,1.0855345726013184,-1.1086454391479492,3.2435112595558167,0.9789238572120667,nan,90133770.0,-1.101324439048767,3.245056629180908,1.5387355136185505
pilot,b2_h1_w2_n10_a1.5,abf,2.0,1.0,100,1.0943396091461182,-1.0780909359455109,3.696821928024292,1.007577732205391,nan,90405440.0,-1.068570613861084,3.7051334381103516,1.4411671897581793
pilot,b2_h1_w2_n10_a1.5,abf,2.0,1.0,100,1.103144645690918,-1.0434634387493134,4.168561339378357,1.0366991609334946,nan,90669950.0,-1.0323047637939453,4.1805877685546875,1.340337748844662
pilot,b2_h1_w2_n10_a1.5,abf,2.0,1.0,100,1.1119496822357178,-1.0045997351408005,4.659050941467285,1.0658964812755585,nan,90924906.0,-0.9960390329360962,4.656042098999023,1.2465630095282065
pilot,b2_h1_w2_n10_a1.5,abf,2.0,1.0,100,1.1207547187805176,-0.9613334089517593,5.168582558631897,1.0947141200304031,nan,91170884.0,-0.952183723449707,5.160065174102783,1.1418840262620455
pilot,b2_h1_w2_n10_a1.5,abf,2.0,1.0,100,1.1295597553253174,-0.9134957641363144,5.697376489639282,1.1226421147584915,nan,91407822.0,-0.9018646478652954,5.688410758972168,1.0325602541933048
pilot,b2_h1_w2_n10_a1.5,abf,2.0,1.0,100,1.1383647918701172,-0.8609160333871841,6.245731949806213,1.149130403995514,nan,91632472.0,-0.8515456914901733,6.216756820678711,0.933703343085721
pilot,b2_h1_w2_n10_a1.5,abf,2.0,1.0,100,1.147169828414917,-0.8034216910600662,6.8136887550354,1.1736080348491669,nan,91833598.0,-0.7958475351333618,6.748851299285889,0.8352762055478634
pilot,b2_h1_w2_n10_a1.5,abf,2.0,1.0,100,1.1559748649597168,-0.7408404499292374,7.401184439659119,1.1955063045024872,nan,91979766.0,-0.7305892705917358,7.287590980529785,0.7330734680721417
pilot,b2_h1_w2_n10_a1.5,abf,2.0,1.0,100,1.1647799015045166,-0.673002228140831,8.007767796516418,1.214283525943756,nan,92015038.0,-0.6653311252593994,7.82633113861084,0.6433762079505307
pilot,b2_h1_w2_n10_a1.5,abf,2.0,1.0,100,1.1735849380493164,-0.5997412651777267,8.632928848266602,1.229451298713684,nan,91841208.0,-0.5976565480232239,8.343700408935547,0.5619317948323516
pilot,b2_h1_w2_n10_a1.5,abf,2.0,1.0,100,1.1823899745941162,-0.5208976864814758,9.27582049369812,1.2405994236469269,nan,91321664.0,-0.5189746618270874,8.763736724853516,0.48011070303245773
pilot,b2_h1_w2_n10_a1.5,abf,2.0,1.0,100,1.191195011138916,-0.4363206848502159,9.935224294662476,1.2474175691604614,nan,90287122.0,-0.44029366970062256,9.183767318725586,0.4102040522779466
pilot,b2_h1_w2_n10_a1.5,abf,2.0,1.0,100,1.2000000476837158,-0.346190981566906,10.537081956863403,1.2497122287750244,nan,88549030.0,-0.16850900650024414,0.0,0.23819398339489647
pilot,b2_h1_w2_n10_a1.5,fr_estimated,2.0,1.0,100,-0.20000000298023224,-0.15947865694761276,-12.678027153015137,0.8470259308815002,0.7144992500543594,56523358.0,-0.16850900650024414,-11.265904426574707,0.23819398339489647
pilot,b2_h1_w2_n10_a1.5,fr_estimated,2.0,1.0,100,-0.19119496643543243,-0.2661912590265274,-11.560963153839111,0.8453984707593918,0.7144976556301117,58827094.0,-0.2577550709247589,-10.555145263671875,0.28474029716563526
pilot,b2_h1_w2_n10_a1.5,fr_estimated,2.0,1.0,100,-0.18238992989063263,-0.3628906309604645,-10.40363359451294,0.8405742943286896,0.7144956737756729,60402557.0,-0.3470011353492737,-9.844385147094727,0.3403823878101845
pilot,b2_h1_w2_n10_a1.5,fr_estimated,2.0,1.0,100,-0.17358490824699402,-0.4498003125190735,-9.337269306182861,0.8327246904373169,0.7144932150840759,61429019.0,-0.4362470805644989,-9.133627891540527,0.40689759567383055
pilot,b2_h1_w2_n10_a1.5,fr_estimated,2.0,1.0,100,-0.1647798717021942,-0.5276711136102676,-8.350516319274902,0.8221245408058167,0.7144902646541595,62078401.0,-0.5078180432319641,-8.326003074645996,0.46951651391517274
pilot,b2_h1_w2_n10_a1.5,fr_estimated,2.0,1.0,100,-0.1559748500585556,-0.597167044878006,-7.435006022453308,0.809137836098671,0.7144869863986969,62489714.0,-0.5755089521408081,-7.497117519378662,0.5375841410590501
pilot,b2_h1_w2_n10_a1.5,fr_estimated,2.0,1.0,100,-0.1471698135137558,-0.6588854938745499,-6.5838881731033325,0.79419806599617,0.7144828140735626,62764556.0,-0.6432000398635864,-6.668229579925537,0.6155200158171752
pilot,b2_h1_w2_n10_a1.5,fr_estimated,2.0,1.0,100,-0.138364776968956,-0.7133676260709763,-5.791334629058838,0.7777863442897797,0.7144791930913925,62966033.0,-0.6969895362854004,-5.907357215881348,0.6854300541496325
pilot,b2_h1_w2_n10_a1.5,fr_estimated,2.0,1.0,100,-0.12955975532531738,-0.7611053138971329,-5.051950097084045,0.7604078352451324,0.7144755572080612,63131776.0,-0.7429594993591309,-5.1847429275512695,0.7514362563398066
pilot,b2_h1_w2_n10_a1.5,fr_estimated,2.0,1.0,100,-0.12075471878051758,-0.8025455474853516,-4.3608973026275635,0.7425683885812759,0.7144717276096344,63281667.0,-0.7889294624328613,-4.462128162384033,0.8237987872336809
pilot,b2_h1_w2_n10_a1.5,fr_estimated,2.0,1.0,100,-0.11194968223571777,-0.8380953520536423,-3.7139852643013,0.7247531414031982,0.7144685983657837,63423584.0,-0.8264608979225159,-3.801565647125244,0.8880154849253251
pilot,b2_h1_w2_n10_a1.5,fr_estimated,2.0,1.0,100,-0.10314465314149857,-0.8681270033121109,-3.1074875593185425,0.7074077874422073,0.7144653648138046,63562149.0,-0.85408616065979,-3.2138476371765137,0.9384595048493428
pilot,b2_h1_w2_n10_a1.5,fr_estimated,2.0,1.0,100,-0.09433962404727936,-0.8929825723171234,-2.5382784605026245,0.6909238249063492,0.7144621461629868,63696075.0,-0.881711483001709,-2.6261301040649414,0.9917691326120351
pilot,b2_h1_w2_n10_a1.5,fr_estimated,2.0,1.0,100,-0.08553458750247955,-0.9129780828952789,-2.003558099269867,0.6756282597780228,0.7144581228494644,63823999.0,-0.9051505327224731,-2.0685133934020996,1.0393683485116836
pilot,b2_h1_w2_n10_a1.5,fr_estimated,2.0,1.0,100,-0.07672955840826035,-0.9284064769744873,-1.5008946061134338,0.6617776155471802,0.7144544124603271,63943902.0,-0.9178247451782227,-1.5883007049560547,1.0660514577065727
pilot,b2_h1_w2_n10_a1.5,fr_estimated,2.0,1.0,100,-0.06792452931404114,-0.939540684223175,-1.0281567871570587,0.6495562940835953,0.7144506126642227,64054549.0,-0.9304990768432617,-1.1080878973007202,1.0934198477952841
pilot,b2_h1_w2_n10_a1.5,fr_estimated,2.0,1.0,100,-0.05911949649453163,-0.9466362744569778,-0.5835584551095963,0.6390786468982697,0.714446023106575,64156092.0,-0.9419468641281128,-0.6363142728805542,1.1187431125948253
pilot,b2_h1_w2_n10_a1.5,fr_estimated,2.0,1.0,100,-0.050314463675022125,-0.9499346911907196,-0.16565345972776413,0.6303936839103699,0.71444171667099,64249695.0,-0.9423566460609436,-0.24049140512943268,1.119660369848974
pilot,b2_h1_w2_n10_a1.5,fr_estimated,2.0,1.0,100,-0.04150943458080292,-0.949665755033493,0.22673584520816803,0.6234925091266632,0.7144371420145035,64336760.0,-0.9427663683891296,0.1553320437669754,1.1205782455788174
pilot,b2_h1_w2_n10_a1.5,fr_estimated,2.0,1.0,100,-0.03270440176129341,-0.9460498243570328,0.5946033895015717,0.6183163970708847,0.7144327163696289,64419107.0,-0.9431761503219604,0.5511555075645447,1.1214970074581323
pilot,b2_h1_w2_n10_a1.5,fr_estimated,2.0,1.0,100,-0.023899370804429054,-0.9392989128828049,0.938814327120781,0.6147657632827759,0.714428260922432,64497001.0,-0.9344042539596558,0.8744967579841614,1.1019932813254143
pilot,b2_h1_w2_n10_a1.5,fr_estimated,2.0,1.0,100,-0.015094339847564697,-0.9296182096004486,1.2600885033607483,0.6127090305089951,0.7144242823123932,64571948.0,-0.9248338937759399,1.1915364265441895,1.0811009213432428
pilot,b2_h1_w2_n10_a1.5,fr_estimated,2.0,1.0,100,-0.006289307959377766,-0.9172071516513824,1.5589929819107056,0.6119910329580307,0.7144196182489395,64644661.0,-0.9152636528015137,1.5085755586624146,1.060604906213382
pilot,b2_h1_w2_n10_a1.5,fr_estimated,2.0,1.0,100,0.002515723230317235,-0.9022610187530518,1.8359171450138092,0.6124405264854431,0.7144149243831635,64716042.0,-0.8998631238937378,1.772841215133667,1.0284351280390494
pilot,b2_h1_w2_n10_a1.5,fr_estimated,2.0,1.0,100,0.011320754885673523,-0.8849720656871796,2.0911396741867065,0.6138769090175629,0.714411050081253,64787272.0,-0.8824141025543213,2.0185658931732178,0.9931637850611147
pilot,b2_h1_w2_n10_a1.5,fr_estimated,2.0,1.0,100,0.02012578584253788,-0.8655306994915009,2.3248305320739746,0.6161160916090012,0.7144063860177994,64859570.0,-0.8649650812149048,2.2642905712127686,0.9591021125830971
pilot,b2_h1_w2_n10_a1.5,fr_estimated,2.0,1.0,100,0.028930816799402237,-0.84412582218647,2.537141442298889,0.6189753711223602,0.7144016772508621,64933305.0,-0.8441773653030396,2.473283290863037,0.92004457097372
pilot,b2_h1_w2_n10_a1.5,fr_estimated,2.0,1.0,100,0.03773584961891174,-0.8209451735019684,2.7281744480133057,0.6222774833440781,0.714397132396698,65008856.0,-0.8207663297653198,2.653416156768799,0.877959130814721
pilot,b2_h1_w2_n10_a1.5,fr_estimated,2.0,1.0,100,0.04654087871313095,-0.7961756139993668,2.898049056529999,0.6258542835712433,0.7143924832344055,65085715.0,-0.7973554134368896,2.833548069000244,0.83779899743459
pilot,b2_h1_w2_n10_a1.5,fr_estimated,2.0,1.0,100,0.05534591153264046,-0.7700032740831375,3.046813488006592,0.6295493841171265,0.7143877744674683,65164305.0,-0.7723798155784607,2.988534450531006,0.7969779531655358
pilot,b2_h1_w2_n10_a1.5,fr_estimated,2.0,1.0,100,0.06415094435214996,-0.7426137626171112,3.174514055252075,0.6332208067178726,0.7143835723400116,65244183.0,-0.7448514699935913,3.1024928092956543,0.7542850334045696
pilot,b2_h1_w2_n10_a1.5,fr_estimated,2.0,1.0,100,0.07295597344636917,-0.7141920030117035,3.281289219856262,0.6367429494857788,0.7143792062997818,65322589.0,-0.7173232436180115,3.2164506912231445,0.713879279854122
pilot,b2_h1_w2_n10_a1.5,fr_estimated,2.0,1.0,100,0.08176100999116898,-0.6849221140146255,3.3671566247940063,0.6400085538625717,0.7143750935792923,65398579.0,-0.6893347501754761,3.3176982402801514,0.6750163314529957
pilot,b2_h1_w2_n10_a1.5,fr_estimated,2.0,1.0,100,0.09056603908538818,-0.6549884229898453,3.432072877883911,0.6429300457239151,0.7143718004226685,65469644.0,-0.6595054268836975,3.368105173110962,0.6359234781590752
pilot,b2_h1_w2_n10_a1.5,fr_estimated,2.0,1.0,100,0.09937106817960739,-0.6245764791965485,3.4757750034332275,0.6454412192106247,0.7143679708242416,65534740.0,-0.6296760439872742,3.4185123443603516,0.5990945744903367
pilot,b2_h1_w2_n10_a1.5,fr_estimated,2.0,1.0,100,0.1081760972738266,-0.5938755124807358,3.4977347254753113,0.6474981606006622,0.714365229010582,65593677.0,-0.5998369455337524,3.4675965309143066,0.5643876149777973
pilot,b2_h1_w2_n10_a1.5,fr_estimated,2.0,1.0,100,0.1169811338186264,-0.5630801469087601,3.497208833694458,0.6490802615880966,0.7143627256155014,65647084.0,-0.5695222616195679,3.451854944229126,0.5311858224882798
pilot,b2_h1_w2_n10_a1.5,fr_estimated,2.0,1.0,100,0.1257861703634262,-0.5323917269706726,3.4734500646591187,0.6501903533935547,0.7143604308366776,65694701.0,-0.5392075181007385,3.4361133575439453,0.49993716532520394
pilot,b2_h1_w2_n10_a1.5,fr_estimated,2.0,1.0,100,0.13459119200706482,-0.5020180344581604,3.425719976425171,0.6508545279502869,0.7143589854240417,65737321.0,-0.508892834186554,3.4203717708587646,0.47052686364525304
pilot,b2_h1_w2_n10_a1.5,fr_estimated,2.0,1.0,100,0.14339622855186462,-0.4721728041768074,3.3534075021743774,0.6511206775903702,0.714356318116188,65771748.0,-0.47975677251815796,3.346889019012451,0.44389184038083274
pilot,b2_h1_w2_n10_a1.5,fr_estimated,2.0,1.0,100,0.15220126509666443,-0.4430765360593796,3.255607783794403,0.6510563045740128,0.7143542915582657,65794994.0,-0.4508450925350189,3.2624077796936035,0.4189525090926998
pilot,b2_h1_w2_n10_a1.5,fr_estimated,2.0,1.0,100,0.16100628674030304,-0.4149596691131592,3.130932331085205,0.6507449150085449,0.7143518477678299,65804353.0,-0.42193368077278137,3.177927255630493,0.39541456513690093
pilot,b2_h1_w2_n10_a1.5,fr_estimated,2.0,1.0,100,0.16981132328510284,-0.3880675733089447,2.977412164211273,0.6502813845872879,0.7143484801054001,65799891.0,-0.3953792452812195,3.036588668823242,0.3749624454678689
pilot,b2_h1_w2_n10_a1.5,fr_estimated,2.0,1.0,100,0.17861634492874146,-0.36266281455755234,2.7930939197540283,0.6497663706541061,0.714344397187233,65783946.0,-0.37003928422927856,2.8659615516662598,0.3564328822095375
pilot,b2_h1_w2_n10_a1.5,fr_estimated,2.0,1.0,100,0.18742138147354126,-0.3390211910009384,2.5769377946853638,0.6492999643087387,0.7143391668796539,65765372.0,-0.3446992039680481,2.695333480834961,0.3388189157768417
pilot,b2_h1_w2_n10_a1.5,fr_estimated,2.0,1.0,100,0.19622641801834106,-0.31741608679294586,2.330503284931183,0.6489755809307098,0.7143327444791794,65756990.0,-0.3223148286342621,2.4773917198181152,0.32398494291976593
pilot,b2_h1_w2_n10_a1.5,fr_estimated,2.0,1.0,100,0.20503143966197968,-0.29808879643678665,2.0595474243164062,0.6488736718893051,0.7143255174160004,65777422.0,-0.3031322956085205,2.208192825317383,0.31179065224125124
pilot,b2_h1_w2_n10_a1.5,fr_estimated,2.0,1.0,100,0.21383647620677948,-0.28120554238557816,1.7753678262233734,0.6490568667650223,0.714318186044693,65848216.0,-0.2839498221874237,1.9389944076538086,0.30005537151719386
pilot,b2_h1_w2_n10_a1.5,fr_estimated,2.0,1.0,100,0.22264151275157928,-0.26680780947208405,1.4949727356433868,0.6495664119720459,0.7143104374408722,65989479.0,-0.2669311761856079,1.6767574548721313,0.2900141565112994
pilot,b2_h1_w2_n10_a1.5,fr_estimated,2.0,1.0,100,0.2314465343952179,-0.25477050244808197,1.2392132580280304,0.6504204422235489,0.714302271604538,66217793.0,-0.25496137142181396,1.4307644367218018,0.2831537759034456
pilot,b2_h1_w2_n10_a1.5,fr_estimated,2.0,1.0,100,0.2402515709400177,-0.24478399381041527,1.0291532576084137,0.6516141593456268,0.7142944931983948,66539686.0,-0.24299153685569763,1.184771180152893,0.27645566338548516
pilot,b2_h1_w2_n10_a1.5,fr_estimated,2.0,1.0,100,0.2490566074848175,-0.2363734468817711,0.8812414556741714,0.6531222611665726,0.7142868787050247,66950462.0,-0.2314939796924591,0.9640848636627197,0.2701710682176985
pilot,b2_h1_w2_n10_a1.5,fr_estimated,2.0,1.0,100,0.2578616440296173,-0.22895679622888565,0.8034002631902695,0.6549023985862732,0.7142798006534576,67432439.0,-0.22345967590808868,0.9289714097976685,0.26586448837966875
pilot,b2_h1_w2_n10_a1.5,fr_estimated,2.0,1.0,100,0.2666666805744171,-0.2219272367656231,0.793312668800354,0.6569002717733383,0.7142737358808517,67962258.0,-0.21542534232139587,0.8938577175140381,0.2616265406750998
pilot,b2_h1_w2_n10_a1.5,fr_estimated,2.0,1.0,100,0.27547168731689453,-0.21473786979913712,0.839699774980545,0.6590548902750015,0.7142683863639832,68510200.0,-0.20739109814167023,0.8587444424629211,0.2574561929738007
pilot,b2_h1_w2_n10_a1.5,fr_estimated,2.0,1.0,100,0.28427672386169434,-0.20696569606661797,0.9256928712129593,0.6613038033246994,0.714264377951622,69051532.0,-0.19836971163749695,0.9601481556892395,0.2528526247794518
pilot,b2_h1_w2_n10_a1.5,fr_estimated,2.0,1.0,100,0.29308176040649414,-0.19834250584244728,1.0330020785331726,0.6635873764753342,0.7142613083124161,69566574.0,-0.18928538262844086,1.0702648162841797,0.24830011365111462
pilot,b2_h1_w2_n10_a1.5,fr_estimated,2.0,1.0,100,0.30188679695129395,-0.18875213339924812,1.145380675792694,0.6658520400524139,0.7142593264579773,70043508.0,-0.1802009791135788,1.1803820133209229,0.24382953234489207
pilot,b2_h1_w2_n10_a1.5,fr_estimated,2.0,1.0,100,0.31069183349609375,-0.17820393666625023,1.250573754310608,0.66805200278759,0.7142578661441803,70478732.0,-0.16906923055648804,1.2693655490875244,0.2384610169646906
pilot,b2_h1_w2_n10_a1.5,fr_estimated,2.0,1.0,100,0.31949687004089355,-0.1667955107986927,1.3407664000988007,0.6701494306325912,0.7142568081617355,70873888.0,-0.15729084610939026,1.3516759872436523,0.23290929296585952
pilot,b2_h1_w2_n10_a1.5,fr_estimated,2.0,1.0,100,0.32830187678337097,-0.15467697009444237,1.4118726253509521,0.6721135228872299,0.7142560631036758,71232914.0,-0.14551247656345367,1.4339865446090698,0.22748682806535137
pilot,b2_h1_w2_n10_a1.5,fr_estimated,2.0,1.0,100,0.3371069133281708,-0.14202305674552917,1.4623731076717377,0.6739182323217392,0.714255303144455,71561390.0,-0.13301806151866913,1.4719659090042114,0.2218726365516585
pilot,b2_h1_w2_n10_a1.5,fr_estimated,2.0,1.0,100,0.3459119498729706,-0.12901536375284195,1.492230862379074,0.6755403578281403,0.7142547518014908,71862790.0,-0.1200050413608551,1.4778447151184082,0.2161726659385447
pilot,b2_h1_w2_n10_a1.5,fr_estimated,2.0,1.0,100,0.3547169864177704,-0.11583294719457626,1.502058893442154,0.6769567877054214,0.7142539024353027,72140800.0,-0.10699208825826645,1.4837236404418945,0.21061915742441048
pilot,b2_h1_w2_n10_a1.5,fr_estimated,2.0,1.0,100,0.3635220229625702,-0.10264833830296993,1.4927291870117188,0.6781429946422577,0.7142530381679535,72397398.0,-0.09424459934234619,1.4659323692321777,0.2053172992316373
pilot,b2_h1_w2_n10_a1.5,fr_estimated,2.0,1.0,100,0.3723270297050476,-0.08962639421224594,1.4651204943656921,0.679071843624115,0.7142521888017654,72635990.0,-0.08189554512500763,1.4126379489898682,0.20030845935885677
pilot,b2_h1_w2_n10_a1.5,fr_estimated,2.0,1.0,100,0.3811320662498474,-0.07692445069551468,1.4200337529182434,0.679713785648346,0.7142513990402222,72860582.0,-0.06954634189605713,1.3593428134918213,0.19542175492833197
pilot,b2_h1_w2_n10_a1.5,fr_estimated,2.0,1.0,100,0.3899371027946472,-0.0646935012191534,1.3581368327140808,0.6800378113985062,0.7142508029937744,73074514.0,-0.05765119940042496,1.2970705032348633,0.19082748190333743
pilot,b2_h1_w2_n10_a1.5,fr_estimated,2.0,1.0,100,0.398742139339447,-0.05307907797396183,1.2799950242042542,0.6800136864185333,0.7142505347728729,73280370.0,-0.047365542501211166,1.2029685974121094,0.18694201152673282
pilot,b2_h1_w2_n10_a1.5,fr_estimated,2.0,1.0,100,0.4075471758842468,-0.042221931740641594,1.1861267685890198,0.6796144843101501,0.7142506092786789,73480258.0,-0.03707994520664215,1.1088674068450928,0.1831356756958539
pilot,b2_h1_w2_n10_a1.5,fr_estimated,2.0,1.0,100,0.41635221242904663,-0.03225778602063656,1.0771562457084656,0.6788200736045837,0.7142509520053864,73674712.0,-0.026918679475784302,1.0134098529815674,0.1794514582762063
pilot,b2_h1_w2_n10_a1.5,fr_estimated,2.0,1.0,100,0.42515721917152405,-0.02331564947962761,0.953992560505867,0.6776201725006104,0.7142513394355774,73863538.0,-0.019742250442504883,0.8854247331619263,0.1768942127569178
pilot,b2_h1_w2_n10_a1.5,fr_estimated,2.0,1.0,100,0.43396225571632385,-0.015514783561229706,0.8179162591695786,0.6760174632072449,0.714251697063446,74045654.0,-0.01256586518138647,0.7574402093887329,0.1743734241386069
pilot,b2_h1_w2_n10_a1.5,fr_estimated,2.0,1.0,100,0.44276729226112366,-0.00896187499165535,0.670529842376709,0.6740303784608841,0.7142517566680908,74219478.0,-0.005389437545090914,0.629455029964447,0.17188854284723643
pilot,b2_h1_w2_n10_a1.5,fr_estimated,2.0,1.0,100,0.45157232880592346,-0.0037487968802452087,0.5135823339223862,0.6716945320367813,0.7142514884471893,74385134.0,-0.0017781811766326427,0.46695470809936523,0.1706515481394908
pilot,b2_h1_w2_n10_a1.5,fr_estimated,2.0,1.0,100,0.46037736535072327,4.7754496335983276e-05,0.3487771824002266,0.6690638363361359,0.7142508178949356,74542104.0,0.0012527768267318606,0.29883503913879395,0.1696202019135717
pilot,b2_h1_w2_n10_a1.5,fr_estimated,2.0,1.0,100,0.46918240189552307,0.0023651383817195892,0.17759685963392258,0.6662097275257111,0.7142497301101685,74692218.0,0.004283716436475515,0.13071638345718384,0.1685950949128782
pilot,b2_h1_w2_n10_a1.5,fr_estimated,2.0,1.0,100,0.4779874086380005,0.0031530335545539856,0.001368620665743947,0.6632197201251984,0.714248314499855,74836434.0,0.003920581191778183,-0.05119236558675766,0.16871758503006465
pilot,b2_h1_w2_n10_a1.5,fr_estimated,2.0,1.0,100,0.4867924451828003,0.002373039722442627,-0.17853960394859314,0.6601943224668503,0.7142467349767685,74978984.0,0.0019602966494858265,-0.2395903319120407,0.16938035234153326
pilot,b2_h1_w2_n10_a1.5,fr_estimated,2.0,1.0,100,0.4955974817276001,0.0,-0.36047909408807755,0.6572428643703461,0.7142452448606491,75119862.0,0.0,-0.4279894530773163,0.1700457272959021
pilot,b2_h1_w2_n10_a1.5,fr_estimated,2.0,1.0,100,0.5044025182723999,-0.003975044935941696,-0.5424264669418335,0.6544779241085052,0.7142441272735596,75262054.0,-0.004523205570876598,-0.611052393913269,0.17159100995053286
pilot,b2_h1_w2_n10_a1.5,fr_estimated,2.0,1.0,100,0.5132075548171997,-0.009542107582092285,-0.7220919579267502,0.6520097255706787,0.7142435908317566,75406300.0,-0.011609313078224659,-0.7887816429138184,0.1740401485045731
pilot,b2_h1_w2_n10_a1.5,fr_estimated,2.0,1.0,100,0.5220125913619995,-0.01667093113064766,-0.8971683084964752,0.6499391794204712,0.7142436057329178,75555270.0,-0.018695378676056862,-0.9665096998214722,0.17652422910355203
pilot,b2_h1_w2_n10_a1.5,fr_estimated,2.0,1.0,100,0.5308176279067993,-0.0253119058907032,-1.0655658841133118,0.6483514606952667,0.7142440378665924,75709986.0,-0.027275806292891502,-1.1372268199920654,0.17957967791766657
pilot,b2_h1_w2_n10_a1.5,fr_estimated,2.0,1.0,100,0.5396226644515991,-0.03539908491075039,-1.2256638705730438,0.647310197353363,0.7142445147037506,75872202.0,-0.03903155028820038,-1.293044090270996,0.18385188958382648
pilot,b2_h1_w2_n10_a1.5,fr_estimated,2.0,1.0,100,0.5484277009963989,-0.04685494489967823,-1.3764514923095703,0.6468524634838104,0.7142449766397476,76041760.0,-0.05078722909092903,-1.4488601684570312,0.18822571288843062
pilot,b2_h1_w2_n10_a1.5,fr_estimated,2.0,1.0,100,0.557232677936554,-0.05959602631628513,-1.5175926089286804,0.6469856649637222,0.7142452150583267,76219126.0,-0.0631001815199852,-1.6008514165878296,0.1929184861266754
pilot,b2_h1_w2_n10_a1.5,fr_estimated,2.0,1.0,100,0.5660377144813538,-0.07353915832936764,-1.6494887471199036,0.6476862132549286,0.7142455130815506,76401418.0,-0.07883623987436295,-1.729348063468933,0.19908659179374324
pilot,b2_h1_w2_n10_a1.5,fr_estimated,2.0,1.0,100,0.5748427510261536,-0.08860703743994236,-1.7730700373649597,0.6489007771015167,0.7142460644245148,76587978.0,-0.09457238763570786,-1.8578453063964844,0.2054519445762082
pilot,b2_h1_w2_n10_a1.5,fr_estimated,2.0,1.0,100,0.5836477875709534,-0.10473168641328812,-1.8895509541034698,0.650549590587616,0.7142470329999924,76776544.0,-0.1103084459900856,-1.9863420724868774,0.2120207775019368
pilot,b2_h1_w2_n10_a1.5,fr_estimated,2.0,1.0,100,0.5924528241157532,-0.12185616046190262,-2.000148892402649,0.6525321900844574,0.714248314499855,76964070.0,-0.129159614443779,-2.090625762939453,0.2201670582482611
pilot,b2_h1_w2_n10_a1.5,fr_estimated,2.0,1.0,100,0.601257860660553,-0.1399325244128704,-2.105758786201477,0.6547351181507111,0.7142495363950729,77150468.0,-0.14814047515392303,-2.1938998699188232,0.22868564592417887
pilot,b2_h1_w2_n10_a1.5,fr_estimated,2.0,1.0,100,0.6100628972053528,-0.1589191071689129,-2.2069051861763,0.6570406258106232,0.7142509967088699,77334228.0,-0.16712142527103424,-2.2971746921539307,0.2375338727751176
pilot,b2_h1_w2_n10_a1.5,fr_estimated,2.0,1.0,100,0.6188679337501526,-0.17877735942602158,-2.303752899169922,0.6593361645936966,0.714251846075058,77515110.0,-0.18816915154457092,-2.3869738578796387,0.2477464113308499
pilot,b2_h1_w2_n10_a1.5,fr_estimated,2.0,1.0,100,0.6276729702949524,-0.19946907833218575,-2.396220326423645,0.6615233421325684,0.7142525166273117,77692896.0,-0.20979996025562286,-2.472972869873047,0.25869953855549616
pilot,b2_h1_w2_n10_a1.5,fr_estimated,2.0,1.0,100,0.6364780068397522,-0.22095486521720886,-2.484119176864624,0.6635261625051498,0.7142529934644699,77867812.0,-0.23143073916435242,-2.558971643447876,0.270136898856566
pilot,b2_h1_w2_n10_a1.5,fr_estimated,2.0,1.0,100,0.645283043384552,-0.24319366738200188,-2.5672633051872253,0.6652968972921371,0.7142536044120789,78042082.0,-0.25440165400505066,-2.6375010013580322,0.28283698105213273
pilot,b2_h1_w2_n10_a1.5,fr_estimated,2.0,1.0,100,0.6540880799293518,-0.26614367216825485,-2.645663321018219,0.6668199300765991,0.7142545729875565,78217634.0,-0.27826613187789917,-2.7110514640808105,0.29666384083275643
pilot,b2_h1_w2_n10_a1.5,fr_estimated,2.0,1.0,100,0.6628930568695068,-0.28976406157016754,-2.719537675380707,0.6681124716997147,0.7142553925514221,78397370.0,-0.3021303415298462,-2.7846009731292725,0.31116647801262615
pilot,b2_h1_w2_n10_a1.5,fr_estimated,2.0,1.0,100,0.6716980934143066,-0.31401707231998444,-2.7893564701080322,0.6692223697900772,0.7142563909292221,78582214.0,-0.32683277130126953,-2.85622239112854,0.32692569987657183
pilot,b2_h1_w2_n10_a1.5,fr_estimated,2.0,1.0,100,0.6805031299591064,-0.33886978030204773,-2.8557546734809875,0.6702232360839844,0.7142571806907654,78771616.0,-0.352692186832428,-2.9251792430877686,0.34427878774324616
pilot,b2_h1_w2_n10_a1.5,fr_estimated,2.0,1.0,100,0.6893081665039062,-0.3642948046326637,-2.9193551540374756,0.6712072491645813,0.71425761282444,78961288.0,-0.37855178117752075,-2.994136333465576,0.3625531003637536
pilot,b2_h1_w2_n10_a1.5,fr_estimated,2.0,1.0,100,0.698113203048706,-0.39026883244514465,-2.9804959893226624,0.6722761541604996,0.7142575681209564,79146992.0,-0.4048672318458557,-3.0625627040863037,0.3821456614668449
pilot,b2_h1_w2_n10_a1.5,fr_estimated,2.0,1.0,100,0.7069182395935059,-0.41677046567201614,-3.039156913757324,0.6735316812992096,0.7142567783594131,79323340.0,-0.43262651562690735,-3.129309892654419,0.4039618392621532
pilot,b2_h1_w2_n10_a1.5,fr_estimated,2.0,1.0,100,0.7157232761383057,-0.4437752217054367,-3.0947786569595337,0.6750656515359879,0.7142550051212311,79487582.0,-0.46038612723350525,-3.1960577964782715,0.427023753053358
pilot,b2_h1_w2_n10_a1.5,fr_estimated,2.0,1.0,100,0.7245283126831055,-0.4712524861097336,-3.146481215953827,0.6769513189792633,0.7142525911331177,79638986.0,-0.48824048042297363,-3.2615811824798584,0.4514877974576834
pilot,b2_h1_w2_n10_a1.5,fr_estimated,2.0,1.0,100,0.7333333492279053,-0.4991634041070938,-3.1932824850082397,0.6792358607053757,0.7142496258020401,79776160.0,-0.5175831913948059,-3.30793833732605,0.47877644078506904
pilot,b2_h1_w2_n10_a1.5,fr_estimated,2.0,1.0,100,0.7421383857727051,-0.5274609625339508,-3.2343029379844666,0.6819355338811874,0.7142457813024521,79900680.0,-0.5469263195991516,-3.3542962074279785,0.5077148769545607
pilot,b2_h1_w2_n10_a1.5,fr_estimated,2.0,1.0,100,0.7509434223175049,-0.5560918301343918,-3.2689923644065857,0.6850329339504242,0.7142401933670044,80013208.0,-0.5762690901756287,-3.40065336227417,0.5384020389218651
pilot,b2_h1_w2_n10_a1.5,fr_estimated,2.0,1.0,100,0.7597483992576599,-0.5849988907575607,-3.2970305681228638,0.6884772032499313,0.7142355442047119,80115394.0,-0.6064066290855408,-3.4221880435943604,0.5718522438968673
pilot,b2_h1_w2_n10_a1.5,fr_estimated,2.0,1.0,100,0.7685534358024597,-0.6141234040260315,-3.3183971643447876,0.6921864598989487,0.7142300754785538,80208566.0,-0.6366525292396545,-3.440338134765625,0.6075123130797762
pilot,b2_h1_w2_n10_a1.5,fr_estimated,2.0,1.0,100,0.7773584723472595,-0.6434063017368317,-3.332999587059021,0.6960526555776596,0.7142234146595001,80296450.0,-0.6668984889984131,-3.4584879875183105,0.6453961814073441
pilot,b2_h1_w2_n10_a1.5,fr_estimated,2.0,1.0,100,0.7861635088920593,-0.6727872639894485,-3.340669631958008,0.6999479979276657,0.714217022061348,80380848.0,-0.6972090005874634,-3.455848217010498,0.6857309750430891
pilot,b2_h1_w2_n10_a1.5,fr_estimated,2.0,1.0,100,0.7949685454368591,-0.7022034078836441,-3.3409984707832336,0.7037326991558075,0.7142127603292465,80466034.0,-0.7275476455688477,-3.444298267364502,0.7286275354343767
pilot,b2_h1_w2_n10_a1.5,fr_estimated,2.0,1.0,100,0.8037735819816589,-0.7315874397754669,-3.3333740234375,0.7072632014751434,0.714209720492363,80553964.0,-0.7578858733177185,-3.432748317718506,0.7742068853519615
pilot,b2_h1_w2_n10_a1.5,fr_estimated,2.0,1.0,100,0.8125786185264587,-0.7608650773763657,-3.316869378089905,0.7104002684354782,0.7142077833414078,80648162.0,-0.7878378629684448,-3.4056203365325928,0.8220022324356591
pilot,b2_h1_w2_n10_a1.5,fr_estimated,2.0,1.0,100,0.8213836550712585,-0.7899544537067413,-3.2905792593955994,0.7130172997713089,0.714205875992775,80750032.0,-0.8174333572387695,-3.3641133308410645,0.872126166199533
pilot,b2_h1_w2_n10_a1.5,fr_estimated,2.0,1.0,100,0.8301886916160583,-0.8187657296657562,-3.2536906599998474,0.715006873011589,0.7142046093940735,80860250.0,-0.8470292091369629,-3.322605609893799,0.925307211809836
pilot,b2_h1_w2_n10_a1.5,fr_estimated,2.0,1.0,100,0.8389937281608582,-0.8472035974264145,-3.205764651298523,0.7162868082523346,0.7142067849636078,80977302.0,-0.876097559928894,-3.2716786861419678,0.9806959815248465
pilot,b2_h1_w2_n10_a1.5,fr_estimated,2.0,1.0,100,0.847798764705658,-0.8751698881387711,-3.1465763449668884,0.7168048024177551,0.7142078727483749,81100138.0,-0.9041429758071899,-3.2024683952331543,1.03727601183386
pilot,b2_h1_w2_n10_a1.5,fr_estimated,2.0,1.0,100,0.8566038012504578,-0.9025654494762421,-3.0761287212371826,0.716541513800621,0.714209109544754,81226010.0,-0.9321887493133545,-3.1332571506500244,1.0971211410764021
pilot,b2_h1_w2_n10_a1.5,fr_estimated,2.0,1.0,100,0.8654087781906128,-0.9292912632226944,-2.994429051876068,0.7155124396085739,0.7142099738121033,81354602.0,-0.9598519802093506,-3.0589001178741455,1.1595315257229535
pilot,b2_h1_w2_n10_a1.5,fr_estimated,2.0,1.0,100,0.8742138147354126,-0.9552474766969681,-2.901336908340454,0.7137680798768997,0.7142098546028137,81486798.0,-0.9855092763900757,-2.9575276374816895,1.220585496482221
pilot,b2_h1_w2_n10_a1.5,fr_estimated,2.0,1.0,100,0.8830188512802124,-0.9803332984447479,-2.7967233657836914,0.711393192410469,0.7142103761434555,81621666.0,-1.0111665725708008,-2.8561551570892334,1.284854202902211
pilot,b2_h1_w2_n10_a1.5,fr_estimated,2.0,1.0,100,0.8918238878250122,-1.0044466853141785,-2.6804608702659607,0.7085045278072357,0.7142103165388107,81759188.0,-1.036824107170105,-2.754781484603882,1.3525075585940212
pilot,b2_h1_w2_n10_a1.5,fr_estimated,2.0,1.0,100,0.900628924369812,-1.0274848341941833,-2.5524911880493164,0.7052477449178696,0.7142103165388107,81896958.0,-1.0592174530029297,-2.618971586227417,1.414458838985974
pilot,b2_h1_w2_n10_a1.5,fr_estimated,2.0,1.0,100,0.9094339609146118,-1.0493443608283997,-2.4127427339553833,0.701793447136879,0.7142106592655182,82031878.0,-1.0815443992614746,-2.482459545135498,1.4790513529343179
pilot,b2_h1_w2_n10_a1.5,fr_estimated,2.0,1.0,100,0.9182389974594116,-1.0699205100536346,-2.2610092759132385,0.6983329504728317,0.7142091989517212,82160398.0,-1.103871464729309,-2.3459460735321045,1.5465939098998287
pilot,b2_h1_w2_n10_a1.5,fr_estimated,2.0,1.0,100,0.9270440340042114,-1.0891062319278717,-2.09688800573349,0.6950731128454208,0.7142084240913391,82280598.0,-1.1226332187652588,-2.1732027530670166,1.6057300990466254
pilot,b2_h1_w2_n10_a1.5,fr_estimated,2.0,1.0,100,0.9358490705490112,-1.1067897081375122,-1.919779658317566,0.6922322809696198,0.7142106294631958,82395612.0,-1.1405036449432373,-1.9914029836654663,1.6641581765071976
pilot,b2_h1_w2_n10_a1.5,fr_estimated,2.0,1.0,100,0.944654107093811,-1.1228539943695068,-1.729115515947342,0.690035492181778,0.7142112255096436,82507012.0,-1.1583741903305054,-1.809603214263916,1.724712701320041
pilot,b2_h1_w2_n10_a1.5,fr_estimated,2.0,1.0,100,0.9534591436386108,-1.137177586555481,-1.5243748724460602,0.6887104660272598,0.7142135202884674,82620992.0,-1.172675371170044,-1.5982723236083984,1.7747558218899735
pilot,b2_h1_w2_n10_a1.5,fr_estimated,2.0,1.0,100,0.9622641801834106,-1.1496351063251495,-1.3052561581134796,0.6884840279817581,0.7142131477594376,82740638.0,-1.184788703918457,-1.368847131729126,1.8182772990037461
pilot,b2_h1_w2_n10_a1.5,fr_estimated,2.0,1.0,100,0.9710691571235657,-1.1600991189479828,-1.0715780854225159,0.6895788758993149,0.71421679854393,82870530.0,-1.1969019174575806,-1.1394250392913818,1.8628655880718914
pilot,b2_h1_w2_n10_a1.5,fr_estimated,2.0,1.0,100,0.9798741936683655,-1.168441504240036,-0.8233403414487839,0.6922103315591812,0.7142213732004166,83009116.0,-1.2059450149536133,-0.892601490020752,1.8968642649194176
pilot,b2_h1_w2_n10_a1.5,fr_estimated,2.0,1.0,100,0.9886792302131653,-1.1745343506336212,-0.5605984032154083,0.6965828239917755,0.7142203599214554,83155824.0,-1.2110810279846191,-0.6236317157745361,1.9164493209792262
pilot,b2_h1_w2_n10_a1.5,fr_estimated,2.0,1.0,100,0.9974842667579651,-1.1782502233982086,-0.2834368571639061,0.7028862684965134,0.7142179161310196,83307476.0,-1.2162169218063354,-0.35466521978378296,1.9362361304114482
pilot,b2_h1_w2_n10_a1.5,fr_estimated,2.0,1.0,100,1.0062893629074097,-1.1794622540473938,0.008128176850732416,0.7112907916307449,0.7142173051834106,83460178.0,-1.2192258834838867,-0.07363758981227875,1.94792338226306
pilot,b2_h1_w2_n10_a1.5,fr_estimated,2.0,1.0,100,1.01509428024292,-1.178043156862259,0.31420256197452545,0.7219412475824356,0.7142210304737091,83610146.0,-1.2161815166473389,0.2416975051164627,1.9360990297694711
pilot,b2_h1_w2_n10_a1.5,fr_estimated,2.0,1.0,100,1.0238993167877197,-1.173864334821701,0.6349854320287704,0.7349498420953751,0.7142153233289719,83756100.0,-1.2131370306015015,0.557040274143219,1.924345995073142
pilot,b2_h1_w2_n10_a1.5,fr_estimated,2.0,1.0,100,1.0327043533325195,-1.1667953133583069,0.9706927984952927,0.7503882646560669,0.7142152786254883,83897028.0,-1.2093242406845093,0.8767970204353333,1.9097275489612775
pilot,b2_h1_w2_n10_a1.5,fr_estimated,2.0,1.0,100,1.0415093898773193,-1.156703919172287,1.3214972615242004,0.7682790011167526,0.7142116576433182,84035302.0,-1.1966774463653564,1.2473485469818115,1.8620294568267863
pilot,b2_h1_w2_n10_a1.5,fr_estimated,2.0,1.0,100,1.0503144264221191,-1.1434561014175415,1.687638908624649,0.7885866612195969,0.7142075300216675,84168804.0,-1.184030294418335,1.617904782295227,1.8155213920832798
pilot,b2_h1_w2_n10_a1.5,fr_estimated,2.0,1.0,100,1.059119462966919,-1.1269154846668243,2.0694398880004883,0.8112101852893829,0.7142058312892914,84299644.0,-1.1713835000991821,1.98845636844635,1.7701762292725798
pilot,b2_h1_w2_n10_a1.5,fr_estimated,2.0,1.0,100,1.0679244995117188,-1.1069419384002686,2.4674118757247925,0.8359764516353607,0.7142011672258377,84426010.0,-1.1487687826156616,2.4039900302886963,1.6918957929954508
pilot,b2_h1_w2_n10_a1.5,fr_estimated,2.0,1.0,100,1.0767295360565186,-1.0833902060985565,2.8821839690208435,0.8626362830400467,0.7141970098018646,84547810.0,-1.125046730041504,2.8245208263397217,1.613499731457246
pilot,b2_h1_w2_n10_a1.5,fr_estimated,2.0,1.0,100,1.0855345726013184,-1.056109756231308,3.31438148021698,0.8908637911081314,0.7141960710287094,84665716.0,-1.101324439048767,3.245056629180908,1.5387355136185505
pilot,b2_h1_w2_n10_a1.5,fr_estimated,2.0,1.0,100,1.0943396091461182,-1.0249450504779816,3.7645403146743774,0.9202582836151123,0.7141925990581512,84781044.0,-1.068570613861084,3.7051334381103516,1.4411671897581793
pilot,b2_h1_w2_n10_a1.5,fr_estimated,2.0,1.0,100,1.103144645690918,-0.9897357225418091,4.23301088809967,0.9503526389598846,0.7141881585121155,84897104.0,-1.0323047637939453,4.1805877685546875,1.340337748844662
pilot,b2_h1_w2_n10_a1.5,fr_estimated,2.0,1.0,100,1.1119496822357178,-0.9503197073936462,4.720049023628235,0.9806206971406937,0.7141846865415573,85015190.0,-0.9960390329360962,4.656042098999023,1.2465630095282065
pilot,b2_h1_w2_n10_a1.5,fr_estimated,2.0,1.0,100,1.1207547187805176,-0.9065323323011398,5.22593629360199,1.0104926377534866,0.7141810208559036,85136590.0,-0.952183723449707,5.160065174102783,1.1418840262620455
pilot,b2_h1_w2_n10_a1.5,fr_estimated,2.0,1.0,100,1.1295597553253174,-0.8582061380147934,5.751028418540955,1.0393708944320679,0.7141772657632828,85257740.0,-0.9018646478652954,5.688410758972168,1.0325602541933048
pilot,b2_h1_w2_n10_a1.5,fr_estimated,2.0,1.0,100,1.1383647918701172,-0.8051703721284866,6.295657515525818,1.0666483938694,0.7141739726066589,85371424.0,-0.8515456914901733,6.216756820678711,0.933703343085721
pilot,b2_h1_w2_n10_a1.5,fr_estimated,2.0,1.0,100,1.147169828414917,-0.7472512871026993,6.860243082046509,1.091728538274765,0.7141702175140381,85457700.0,-0.7958475351333618,6.748851299285889,0.8352762055478634
pilot,b2_h1_w2_n10_a1.5,fr_estimated,2.0,1.0,100,1.1559748649597168,-0.6842727810144424,7.444864392280579,1.1140445470809937,0.7141661494970322,85483632.0,-0.7305892705917358,7.287590980529785,0.7330734680721417
pilot,b2_h1_w2_n10_a1.5,fr_estimated,2.0,1.0,100,1.1647799015045166,-0.6160600036382675,8.049173593521118,1.133079320192337,0.7141628265380859,85393784.0,-0.6653311252593994,7.82633113861084,0.6433762079505307
pilot,b2_h1_w2_n10_a1.5,fr_estimated,2.0,1.0,100,1.1735849380493164,-0.542443037033081,8.67238163948059,1.148382842540741,0.7141607701778412,85101106.0,-0.5976565480232239,8.343700408935547,0.5619317948323516
pilot,b2_h1_w2_n10_a1.5,fr_estimated,2.0,1.0,100,1.1823899745941162,-0.46325989067554474,9.313494205474854,1.1595876514911652,0.7141587287187576,84484710.0,-0.5189746618270874,8.763736724853516,0.48011070303245773
pilot,b2_h1_w2_n10_a1.5,fr_estimated,2.0,1.0,100,1.191195011138916,-0.3783576935529709,9.971420526504517,1.1664219498634338,0.7141581624746323,83394882.0,-0.44029366970062256,9.183767318725586,0.4102040522779466
pilot,b2_h1_w2_n10_a1.5,fr_estimated,2.0,1.0,100,1.2000000476837158,-0.28791430592536926,10.572139263153076,1.1687188744544983,0.7141586095094681,81666416.0,-0.16850900650024414,0.0,0.23819398339489647
pilot,b2_h1_w2_n10_a1.5,fr_uniform,2.0,1.0,100,-0.20000000298023224,-0.15464410558342934,-12.678739309310913,0.8812352269887924,0.714285671710968,57078121.0,-0.16850900650024414,-11.265904426574707,0.23819398339489647
pilot,b2_h1_w2_n10_a1.5,fr_uniform,2.0,1.0,100,-0.19119496643543243,-0.26136254519224167,-11.56157922744751,0.8795518577098846,0.714285671710968,59403686.0,-0.2577550709247589,-10.555145263671875,0.28474029716563526
pilot,b2_h1_w2_n10_a1.5,fr_uniform,2.0,1.0,100,-0.18238992989063263,-0.3580690398812294,-10.4046311378479,0.8745750486850739,0.714285671710968,60991649.0,-0.3470011353492737,-9.844385147094727,0.3403823878101845
pilot,b2_h1_w2_n10_a1.5,fr_uniform,2.0,1.0,100,-0.17358490824699402,-0.4449928551912308,-9.33948040008545,0.8665196746587753,0.714285671710968,62021584.0,-0.4362470805644989,-9.133627891540527,0.40689759567383055
pilot,b2_h1_w2_n10_a1.5,fr_uniform,2.0,1.0,100,-0.1647798717021942,-0.5228925198316574,-8.354865550994873,0.8557265400886536,0.714285671710968,62666259.0,-0.5078180432319641,-8.326003074645996,0.46951651391517274
pilot,b2_h1_w2_n10_a1.5,fr_uniform,2.0,1.0,100,-0.1559748500585556,-0.5924393534660339,-7.442213416099548,0.8426386266946793,0.714285671710968,63066489.0,-0.5755089521408081,-7.497117519378662,0.5375841410590501
pilot,b2_h1_w2_n10_a1.5,fr_uniform,2.0,1.0,100,-0.1471698135137558,-0.6542354673147202,-6.594327449798584,0.8277703523635864,0.714285671710968,63323614.0,-0.6432000398635864,-6.668229579925537,0.6155200158171752
pilot,b2_h1_w2_n10_a1.5,fr_uniform,2.0,1.0,100,-0.138364776968956,-0.70882348716259,-5.804946422576904,0.8116737753152847,0.714285671710968,63503111.0,-0.6969895362854004,-5.907357215881348,0.6854300541496325
pilot,b2_h1_w2_n10_a1.5,fr_uniform,2.0,1.0,100,-0.12955975532531738,-0.7566927969455719,-5.0682337284088135,0.7949039191007614,0.714285671710968,63642026.0,-0.7429594993591309,-5.1847429275512695,0.7514362563398066
pilot,b2_h1_w2_n10_a1.5,fr_uniform,2.0,1.0,100,-0.12075471878051758,-0.7982842922210693,-4.3789743185043335,0.7779863476753235,0.714285671710968,63759822.0,-0.7889294624328613,-4.462128162384033,0.8237987872336809
pilot,b2_h1_w2_n10_a1.5,fr_uniform,2.0,1.0,100,-0.11194968223571777,-0.8339957445859909,-3.7326184511184692,0.7613897919654846,0.714285671710968,63864500.0,-0.8264608979225159,-3.801565647125244,0.8880154849253251
pilot,b2_h1_w2_n10_a1.5,fr_uniform,2.0,1.0,100,-0.10314465314149857,-0.864187702536583,-3.125273048877716,0.7455056309700012,0.714285671710968,63961005.0,-0.85408616065979,-3.2138476371765137,0.9384595048493428
pilot,b2_h1_w2_n10_a1.5,fr_uniform,2.0,1.0,100,-0.09433962404727936,-0.8891903609037399,-2.5539045929908752,0.7306349277496338,0.714285671710968,64049485.0,-0.881711483001709,-2.6261301040649414,0.9917691326120351
pilot,b2_h1_w2_n10_a1.5,fr_uniform,2.0,1.0,100,-0.08553458750247955,-0.9093097597360611,-2.0160688161849976,0.7169840931892395,0.714285671710968,64131778.0,-0.9051505327224731,-2.0685133934020996,1.0393683485116836
pilot,b2_h1_w2_n10_a1.5,fr_uniform,2.0,1.0,100,-0.07672955840826035,-0.9248330146074295,-1.509930044412613,0.7046677470207214,0.714285671710968,64206996.0,-0.9178247451782227,-1.5883007049560547,1.0660514577065727
pilot,b2_h1_w2_n10_a1.5,fr_uniform,2.0,1.0,100,-0.06792452931404114,-0.9360325783491135,-1.0339717864990234,0.6937184631824493,0.714285671710968,64275648.0,-0.9304990768432617,-1.1080878973007202,1.0934198477952841
pilot,b2_h1_w2_n10_a1.5,fr_uniform,2.0,1.0,100,-0.05911949649453163,-0.9431683570146561,-0.5868685245513916,0.6841005682945251,0.714285671710968,64339069.0,-0.9419468641281128,-0.6363142728805542,1.1187431125948253
pilot,b2_h1_w2_n10_a1.5,fr_uniform,2.0,1.0,100,-0.050314463675022125,-0.9464886337518692,-0.16730951145291328,0.6757273823022842,0.714285671710968,64399144.0,-0.9423566460609436,-0.24049140512943268,1.119660369848974
pilot,b2_h1_w2_n10_a1.5,fr_uniform,2.0,1.0,100,-0.04150943458080292,-0.9462301582098007,0.2260216400027275,0.6684786975383759,0.714285671710968,64458723.0,-0.9427663683891296,0.1553320437669754,1.1205782455788174
pilot,b2_h1_w2_n10_a1.5,fr_uniform,2.0,1.0,100,-0.03270440176129341,-0.9426185041666031,0.594342827796936,0.6622173935174942,0.714285671710968,64519482.0,-0.9431761503219604,0.5511555075645447,1.1214970074581323
pilot,b2_h1_w2_n10_a1.5,fr_uniform,2.0,1.0,100,-0.023899370804429054,-0.9358694851398468,0.9386513084173203,0.6568036675453186,0.714285671710968,64582017.0,-0.9344042539596558,0.8744967579841614,1.1019932813254143
pilot,b2_h1_w2_n10_a1.5,fr_uniform,2.0,1.0,100,-0.015094339847564697,-0.9261914640665054,1.2596416771411896,0.652105987071991,0.714285671710968,64645893.0,-0.9248338937759399,1.1915364265441895,1.0811009213432428
pilot,b2_h1_w2_n10_a1.5,fr_uniform,2.0,1.0,100,-0.006289307959377766,-0.9137877225875854,1.557780772447586,0.6480081975460052,0.714285671710968,64710075.0,-0.9152636528015137,1.5085755586624146,1.060604906213382
pilot,b2_h1_w2_n10_a1.5,fr_uniform,2.0,1.0,100,0.002515723230317235,-0.8988577127456665,1.8334674537181854,0.6444129049777985,0.714285671710968,64773020.0,-0.8998631238937378,1.772841215133667,1.0284351280390494
pilot,b2_h1_w2_n10_a1.5,fr_uniform,2.0,1.0,100,0.011320754885673523,-0.8815970867872238,2.087157726287842,0.6412418931722641,0.714285671710968,64834224.0,-0.8824141025543213,2.0185658931732178,0.9931637850611147
pilot,b2_h1_w2_n10_a1.5,fr_uniform,2.0,1.0,100,0.02012578584253788,-0.8621971607208252,2.319395065307617,0.6384336650371552,0.714285671710968,64893703.0,-0.8649650812149048,2.2642905712127686,0.9591021125830971
pilot,b2_h1_w2_n10_a1.5,fr_uniform,2.0,1.0,100,0.028930816799402237,-0.8408446907997131,2.5306645035743713,0.6359396576881409,0.714285671710968,64952306.0,-0.8441773653030396,2.473283290863037,0.92004457097372
pilot,b2_h1_w2_n10_a1.5,fr_uniform,2.0,1.0,100,0.03773584961891174,-0.8177231997251511,2.7212218046188354,0.6337198168039322,0.714285671710968,65011896.0,-0.8207663297653198,2.653416156768799,0.877959130814721
pilot,b2_h1_w2_n10_a1.5,fr_uniform,2.0,1.0,100,0.04654087871313095,-0.7930147498846054,2.891127288341522,0.6317379623651505,0.714285671710968,65073239.0,-0.7973554134368896,2.833548069000244,0.83779899743459
pilot,b2_h1_w2_n10_a1.5,fr_uniform,2.0,1.0,100,0.05534591153264046,-0.7669016718864441,3.0402733087539673,0.6299581676721573,0.714285671710968,65136789.0,-0.7723798155784607,2.988534450531006,0.7969779531655358
pilot,b2_h1_w2_n10_a1.5,fr_uniform,2.0,1.0,100,0.06415094435214996,-0.7395674735307693,3.1684977412223816,0.6283425390720367,0.714285671710968,65202260.0,-0.7448514699935913,3.1024928092956543,0.7542850334045696
pilot,b2_h1_w2_n10_a1.5,fr_uniform,2.0,1.0,100,0.07295597344636917,-0.7111964523792267,3.2757561206817627,0.6268502473831177,0.714285671710968,65267986.0,-0.7173232436180115,3.2164506912231445,0.713879279854122
pilot,b2_h1_w2_n10_a1.5,fr_uniform,2.0,1.0,100,0.08176100999116898,-0.6819731742143631,3.362105429172516,0.6254381686449051,0.714285671710968,65332551.0,-0.6893347501754761,3.3176982402801514,0.6750163314529957
pilot,b2_h1_w2_n10_a1.5,fr_uniform,2.0,1.0,100,0.09056603908538818,-0.6520820409059525,3.427453577518463,0.6240629106760025,0.714285671710968,65395408.0,-0.6595054268836975,3.368105173110962,0.6359234781590752
pilot,b2_h1_w2_n10_a1.5,fr_uniform,2.0,1.0,100,0.09937106817960739,-0.6217088997364044,3.471586763858795,0.6226836740970612,0.714285671710968,65455683.0,-0.6296760439872742,3.4185123443603516,0.5990945744903367
pilot,b2_h1_w2_n10_a1.5,fr_uniform,2.0,1.0,100,0.1081760972738266,-0.5910427272319794,3.4940200448036194,0.6212659478187561,0.714285671710968,65512104.0,-0.5998369455337524,3.4675965309143066,0.5643876149777973
pilot,b2_h1_w2_n10_a1.5,fr_uniform,2.0,1.0,100,0.1169811338186264,-0.5602780431509018,3.4939515590667725,0.6197850704193115,0.714285671710968,65563994.0,-0.5695222616195679,3.451854944229126,0.5311858224882798
pilot,b2_h1_w2_n10_a1.5,fr_uniform,2.0,1.0,100,0.1257861703634262,-0.5296168923377991,3.4705203771591187,0.6182290613651276,0.714285671710968,65608659.0,-0.5392075181007385,3.4361133575439453,0.49993716532520394
pilot,b2_h1_w2_n10_a1.5,fr_uniform,2.0,1.0,100,0.13459119200706482,-0.4992692098021507,3.422734797000885,0.6166014075279236,0.714285671710968,65642787.0,-0.508892834186554,3.4203717708587646,0.47052686364525304
pilot,b2_h1_w2_n10_a1.5,fr_uniform,2.0,1.0,100,0.14339622855186462,-0.46945400536060333,3.3495723605155945,0.6149217486381531,0.714285671710968,65663524.0,-0.47975677251815796,3.346889019012451,0.44389184038083274
pilot,b2_h1_w2_n10_a1.5,fr_uniform,2.0,1.0,100,0.15220126509666443,-0.4403999075293541,3.249866306781769,0.6132257729768753,0.714285671710968,65669163.0,-0.4508450925350189,3.2624077796936035,0.4189525090926998
pilot,b2_h1_w2_n10_a1.5,fr_uniform,2.0,1.0,100,0.16100628674030304,-0.4123461842536926,3.122335135936737,0.6115635484457016,0.714285671710968,65659641.0,-0.42193368077278137,3.177927255630493,0.39541456513690093
pilot,b2_h1_w2_n10_a1.5,fr_uniform,2.0,1.0,100,0.16981132328510284,-0.3855440691113472,2.965570092201233,0.6099963635206223,0.714285671710968,65638148.0,-0.3953792452812195,3.036588668823242,0.3749624454678689
pilot,b2_h1_w2_n10_a1.5,fr_uniform,2.0,1.0,100,0.17861634492874146,-0.36025652289390564,2.778311014175415,0.6085928231477737,0.714285671710968,65611353.0,-0.37003928422927856,2.8659615516662598,0.3564328822095375
pilot,b2_h1_w2_n10_a1.5,fr_uniform,2.0,1.0,100,0.18742138147354126,-0.3367537036538124,2.560193717479706,0.6074243187904358,0.714285671710968,65587954.0,-0.3446992039680481,2.695333480834961,0.3388189157768417
pilot,b2_h1_w2_n10_a1.5,fr_uniform,2.0,1.0,100,0.19622641801834106,-0.315299354493618,2.3130072355270386,0.6065598130226135,0.714285671710968,65580683.0,-0.3223148286342621,2.4773917198181152,0.32398494291976593
pilot,b2_h1_w2_n10_a1.5,fr_uniform,2.0,1.0,100,0.20503143966197968,-0.2961249575018883,2.0423126220703125,0.6060613393783569,0.714285671710968,65605571.0,-0.3031322956085205,2.208192825317383,0.31179065224125124
pilot,b2_h1_w2_n10_a1.5,fr_uniform,2.0,1.0,100,0.21383647620677948,-0.2793898209929466,1.7589602172374725,0.6059796959161758,0.714285671710968,65681135.0,-0.2839498221874237,1.9389944076538086,0.30005537151719386
pilot,b2_h1_w2_n10_a1.5,fr_uniform,2.0,1.0,100,0.22264151275157928,-0.26513267308473587,1.4794465899467468,0.6063511818647385,0.714285671710968,65824751.0,-0.2669311761856079,1.6767574548721313,0.2900141565112994
pilot,b2_h1_w2_n10_a1.5,fr_uniform,2.0,1.0,100,0.2314465343952179,-0.25322942808270454,1.2242864072322845,0.6071953028440475,0.714285671710968,66053431.0,-0.25496137142181396,1.4307644367218018,0.2831537759034456
pilot,b2_h1_w2_n10_a1.5,fr_uniform,2.0,1.0,100,0.2402515709400177,-0.24337349832057953,1.0144204050302505,0.6085136532783508,0.714285671710968,66373926.0,-0.24299153685569763,1.184771180152893,0.27645566338548516
pilot,b2_h1_w2_n10_a1.5,fr_uniform,2.0,1.0,100,0.2490566074848175,-0.23509303107857704,0.8664278537034988,0.6102900952100754,0.714285671710968,66783167.0,-0.2314939796924591,0.9640848636627197,0.2701710682176985
pilot,b2_h1_w2_n10_a1.5,fr_uniform,2.0,1.0,100,0.2578616440296173,-0.22780752554535866,0.7884239554405212,0.612491711974144,0.714285671710968,67265472.0,-0.22345967590808868,0.9289714097976685,0.26586448837966875
pilot,b2_h1_w2_n10_a1.5,fr_uniform,2.0,1.0,100,0.2666666805744171,-0.22091002389788628,0.7782944738864899,0.6150707453489304,0.714285671710968,67795946.0,-0.21542534232139587,0.8938577175140381,0.2616265406750998
pilot,b2_h1_w2_n10_a1.5,fr_uniform,2.0,1.0,100,0.27547168731689453,-0.21385206654667854,0.8248690664768219,0.6179674118757248,0.714285671710968,68345788.0,-0.20739109814167023,0.8587444424629211,0.2574561929738007
pilot,b2_h1_w2_n10_a1.5,fr_uniform,2.0,1.0,100,0.28427672386169434,-0.20620841160416603,0.9113312363624573,0.6211128532886505,0.714285671710968,68887770.0,-0.19836971163749695,0.9601481556892395,0.2528526247794518
pilot,b2_h1_w2_n10_a1.5,fr_uniform,2.0,1.0,100,0.29308176040649414,-0.19770856574177742,1.0193471014499664,0.6244327127933502,0.714285671710968,69402122.0,-0.18928538262844086,1.0702648162841797,0.24830011365111462
pilot,b2_h1_w2_n10_a1.5,fr_uniform,2.0,1.0,100,0.30188679695129395,-0.1882348246872425,1.1325448751449585,0.6278505325317383,0.714285671710968,69877460.0,-0.1802009791135788,1.1803820133209229,0.24382953234489207
pilot,b2_h1_w2_n10_a1.5,fr_uniform,2.0,1.0,100,0.31069183349609375,-0.17779633775353432,1.2384886145591736,0.6312911212444305,0.714285671710968,70310030.0,-0.16906923055648804,1.2693655490875244,0.2384610169646906
pilot,b2_h1_w2_n10_a1.5,fr_uniform,2.0,1.0,100,0.31949687004089355,-0.16649221628904343,1.329160362482071,0.6346839815378189,0.714285671710968,70701980.0,-0.15729084610939026,1.3516759872436523,0.23290929296585952
pilot,b2_h1_w2_n10_a1.5,fr_uniform,2.0,1.0,100,0.32830187678337097,-0.15447576344013214,1.4002904295921326,0.6379658132791519,0.714285671710968,71058564.0,-0.14551247656345367,1.4339865446090698,0.22748682806535137
pilot,b2_h1_w2_n10_a1.5,fr_uniform,2.0,1.0,100,0.3371069133281708,-0.14192595332860947,1.4503059387207031,0.6410829424858093,0.714285671710968,71385142.0,-0.13301806151866913,1.4719659090042114,0.2218726365516585
pilot,b2_h1_w2_n10_a1.5,fr_uniform,2.0,1.0,100,0.3459119498729706,-0.1290288195014,1.4791840016841888,0.6439929157495499,0.714285671710968,71688002.0,-0.1200050413608551,1.4778447151184082,0.2161726659385447
pilot,b2_h1_w2_n10_a1.5,fr_uniform,2.0,1.0,100,0.3547169864177704,-0.1159671563655138,1.4876770377159119,0.6466656625270844,0.714285671710968,71970586.0,-0.10699208825826645,1.4837236404418945,0.21061915742441048
pilot,b2_h1_w2_n10_a1.5,fr_uniform,2.0,1.0,100,0.3635220229625702,-0.10291576199233532,1.4768522679805756,0.6490833759307861,0.714285671710968,72238250.0,-0.09424459934234619,1.4659323692321777,0.2053172992316373
pilot,b2_h1_w2_n10_a1.5,fr_uniform,2.0,1.0,100,0.3723270297050476,-0.09003949537873268,1.4479080438613892,0.6512404680252075,0.714285671710968,72491450.0,-0.08189554512500763,1.4126379489898682,0.20030845935885677
pilot,b2_h1_w2_n10_a1.5,fr_uniform,2.0,1.0,100,0.3811320662498474,-0.0774927232414484,1.4019999504089355,0.6531419306993484,0.714285671710968,72731264.0,-0.06954634189605713,1.3593428134918213,0.19542175492833197
pilot,b2_h1_w2_n10_a1.5,fr_uniform,2.0,1.0,100,0.3899371027946472,-0.06542021408677101,1.3401826322078705,0.6548022627830505,0.714285671710968,72958326.0,-0.05765119940042496,1.2970705032348633,0.19082748190333743
pilot,b2_h1_w2_n10_a1.5,fr_uniform,2.0,1.0,100,0.398742139339447,-0.053957946598529816,1.26338791847229,0.6562429666519165,0.714285671710968,73173932.0,-0.047365542501211166,1.2029685974121094,0.18694201152673282
pilot,b2_h1_w2_n10_a1.5,fr_uniform,2.0,1.0,100,0.4075471758842468,-0.04323427751660347,1.1724160313606262,0.657490685582161,0.714285671710968,73380030.0,-0.03707994520664215,1.1088674068450928,0.1831356756958539
pilot,b2_h1_w2_n10_a1.5,fr_uniform,2.0,1.0,100,0.41635221242904663,-0.03337060660123825,1.0680449903011322,0.6585748046636581,0.714285671710968,73577594.0,-0.026918679475784302,1.0134098529815674,0.1794514582762063
pilot,b2_h1_w2_n10_a1.5,fr_uniform,2.0,1.0,100,0.42515721917152405,-0.024481533095240593,0.9510506391525269,0.6595255732536316,0.714285671710968,73767524.0,-0.019742250442504883,0.8854247331619263,0.1768942127569178
pilot,b2_h1_w2_n10_a1.5,fr_uniform,2.0,1.0,100,0.43396225571632385,-0.016674861311912537,0.8221781700849533,0.6603725403547287,0.714285671710968,73950134.0,-0.01256586518138647,0.7574402093887329,0.1743734241386069
pilot,b2_h1_w2_n10_a1.5,fr_uniform,2.0,1.0,100,0.44276729226112366,-0.010052293539047241,0.6820898056030273,0.6611429303884506,0.714285671710968,74122872.0,-0.005389437545090914,0.629455029964447,0.17188854284723643
pilot,b2_h1_w2_n10_a1.5,fr_uniform,2.0,1.0,100,0.45157232880592346,-0.004709996283054352,0.5313743576407433,0.6618610769510269,0.714285671710968,74286124.0,-0.0017781811766326427,0.46695470809936523,0.1706515481394908
pilot,b2_h1_w2_n10_a1.5,fr_uniform,2.0,1.0,100,0.46037736535072327,-0.0007384158670902252,0.3707409128546715,0.6625476628541946,0.714285671710968,74439896.0,0.0012527768267318606,0.29883503913879395,0.1696202019135717
pilot,b2_h1_w2_n10_a1.5,fr_uniform,2.0,1.0,100,0.46918240189552307,0.0017798244953155518,0.20126907154917717,0.6632195264101028,0.714285671710968,74586082.0,0.004283716436475515,0.13071638345718384,0.1685950949128782
pilot,b2_h1_w2_n10_a1.5,fr_uniform,2.0,1.0,100,0.4779874086380005,0.0027742497622966766,0.024608533480204642,0.6638895869255066,0.714285671710968,74729680.0,0.003920581191778183,-0.05119236558675766,0.16871758503006465
pilot,b2_h1_w2_n10_a1.5,fr_uniform,2.0,1.0,100,0.4867924451828003,0.0021914876997470856,-0.15697934851050377,0.6645668148994446,0.714285671710968,74873960.0,0.0019602966494858265,-0.2395903319120407,0.16938035234153326
pilot,b2_h1_w2_n10_a1.5,fr_uniform,2.0,1.0,100,0.4955974817276001,0.0,-0.3408006429672241,0.6652562171220779,0.714285671710968,75021748.0,0.0,-0.4279894530773163,0.1700457272959021
pilot,b2_h1_w2_n10_a1.5,fr_uniform,2.0,1.0,100,0.5044025182723999,-0.0038075409829616547,-0.5240571200847626,0.665958970785141,0.714285671710968,75173014.0,-0.004523205570876598,-0.611052393913269,0.17159100995053286
pilot,b2_h1_w2_n10_a1.5,fr_uniform,2.0,1.0,100,0.5132075548171997,-0.00921492651104927,-0.7041917592287064,0.6666725724935532,0.714285671710968,75328582.0,-0.011609313078224659,-0.7887816429138184,0.1740401485045731
pilot,b2_h1_w2_n10_a1.5,fr_uniform,2.0,1.0,100,0.5220125913619995,-0.016185645014047623,-0.8791558295488358,0.6673905700445175,0.714285671710968,75486896.0,-0.018695378676056862,-0.9665096998214722,0.17652422910355203
pilot,b2_h1_w2_n10_a1.5,fr_uniform,2.0,1.0,100,0.5308176279067993,-0.024667857214808464,-1.0475168526172638,0.6681031733751297,0.714285671710968,75646890.0,-0.027275806292891502,-1.1372268199920654,0.17957967791766657
pilot,b2_h1_w2_n10_a1.5,fr_uniform,2.0,1.0,100,0.5396226644515991,-0.03459940105676651,-1.2083612382411957,0.6687971204519272,0.714285671710968,75809956.0,-0.03903155028820038,-1.293044090270996,0.18385188958382648
pilot,b2_h1_w2_n10_a1.5,fr_uniform,2.0,1.0,100,0.5484277009963989,-0.04591190628707409,-1.3611917793750763,0.6694564372301102,0.714285671710968,75978116.0,-0.05078722909092903,-1.4488601684570312,0.18822571288843062
pilot,b2_h1_w2_n10_a1.5,fr_uniform,2.0,1.0,100,0.557232677936554,-0.05853382870554924,-1.5057858228683472,0.6700628250837326,0.714285671710968,76150730.0,-0.0631001815199852,-1.6008514165878296,0.1929184861266754
pilot,b2_h1_w2_n10_a1.5,fr_uniform,2.0,1.0,100,0.5660377144813538,-0.07239252887666225,-1.6421177387237549,0.6705969423055649,0.714285671710968,76328536.0,-0.07883623987436295,-1.729348063468933,0.19908659179374324
pilot,b2_h1_w2_n10_a1.5,fr_uniform,2.0,1.0,100,0.5748427510261536,-0.08741613104939461,-1.7703841626644135,0.6710388958454132,0.714285671710968,76509056.0,-0.09457238763570786,-1.8578453063964844,0.2054519445762082
pilot,b2_h1_w2_n10_a1.5,fr_uniform,2.0,1.0,100,0.5836477875709534,-0.1035351362079382,-1.8909556865692139,0.6713697463274002,0.714285671710968,76690178.0,-0.1103084459900856,-1.9863420724868774,0.2120207775019368
pilot,b2_h1_w2_n10_a1.5,fr_uniform,2.0,1.0,100,0.5924528241157532,-0.12068438902497292,-2.004372537136078,0.6715728044509888,0.714285671710968,76869090.0,-0.129159614443779,-2.090625762939453,0.2201670582482611
pilot,b2_h1_w2_n10_a1.5,fr_uniform,2.0,1.0,100,0.601257860660553,-0.13880328088998795,-2.1112160682678223,0.6716345995664597,0.714285671710968,77046654.0,-0.14814047515392303,-2.1938998699188232,0.22868564592417887
pilot,b2_h1_w2_n10_a1.5,fr_uniform,2.0,1.0,100,0.6100628972053528,-0.15783680230379105,-2.2121098041534424,0.6715461909770966,0.714285671710968,77222688.0,-0.16712142527103424,-2.2971746921539307,0.2375338727751176
pilot,b2_h1_w2_n10_a1.5,fr_uniform,2.0,1.0,100,0.6188679337501526,-0.17773491516709328,-2.3076016306877136,0.6713039875030518,0.714285671710968,77400590.0,-0.18816915154457092,-2.3869738578796387,0.2477464113308499
pilot,b2_h1_w2_n10_a1.5,fr_uniform,2.0,1.0,100,0.6276729702949524,-0.19845234975218773,-2.3982123136520386,0.6709104925394058,0.714285671710968,77580014.0,-0.20979996025562286,-2.472972869873047,0.25869953855549616
pilot,b2_h1_w2_n10_a1.5,fr_uniform,2.0,1.0,100,0.6364780068397522,-0.21994775906205177,-2.484314441680908,0.6703744977712631,0.714285671710968,77760172.0,-0.23143073916435242,-2.558971643447876,0.270136898856566
pilot,b2_h1_w2_n10_a1.5,fr_uniform,2.0,1.0,100,0.645283043384552,-0.2421826794743538,-2.56618469953537,0.6697110533714294,0.714285671710968,77937782.0,-0.25440165400505066,-2.6375010013580322,0.28283698105213273
pilot,b2_h1_w2_n10_a1.5,fr_uniform,2.0,1.0,100,0.6540880799293518,-0.2651207968592644,-2.6440439224243164,0.6689409464597702,0.714285671710968,78107276.0,-0.27826613187789917,-2.7110514640808105,0.29666384083275643
pilot,b2_h1_w2_n10_a1.5,fr_uniform,2.0,1.0,100,0.6628930568695068,-0.28872764855623245,-2.7180804014205933,0.6680894047021866,0.714285671710968,78264640.0,-0.3021303415298462,-2.7846009731292725,0.31116647801262615
pilot,b2_h1_w2_n10_a1.5,fr_uniform,2.0,1.0,100,0.6716980934143066,-0.31297066807746887,-2.7885417342185974,0.6671850681304932,0.714285671710968,78408748.0,-0.32683277130126953,-2.85622239112854,0.32692569987657183
pilot,b2_h1_w2_n10_a1.5,fr_uniform,2.0,1.0,100,0.6805031299591064,-0.33781955391168594,-2.8557048439979553,0.6662579029798508,0.714285671710968,78540394.0,-0.352692186832428,-2.9251792430877686,0.34427878774324616
pilot,b2_h1_w2_n10_a1.5,fr_uniform,2.0,1.0,100,0.6893081665039062,-0.3632464334368706,-2.91982364654541,0.665337547659874,0.714285671710968,78662722.0,-0.37855178117752075,-2.994136333465576,0.3625531003637536
pilot,b2_h1_w2_n10_a1.5,fr_uniform,2.0,1.0,100,0.698113203048706,-0.38922496885061264,-2.981054961681366,0.6644511371850967,0.714285671710968,78779320.0,-0.4048672318458557,-3.0625627040863037,0.3821456614668449
pilot,b2_h1_w2_n10_a1.5,fr_uniform,2.0,1.0,100,0.7069182395935059,-0.4157297611236572,-3.039312481880188,0.6636220067739487,0.714285671710968,78893650.0,-0.43262651562690735,-3.129309892654419,0.4039618392621532
pilot,b2_h1_w2_n10_a1.5,fr_uniform,2.0,1.0,100,0.7157232761383057,-0.44273288547992706,-3.094252288341522,0.6628680527210236,0.714285671710968,79007916.0,-0.46038612723350525,-3.1960577964782715,0.427023753053358
pilot,b2_h1_w2_n10_a1.5,fr_uniform,2.0,1.0,100,0.7245283126831055,-0.47020281106233597,-3.1453396677970886,0.6622013300657272,0.714285671710968,79123874.0,-0.48824048042297363,-3.2615811824798584,0.4514877974576834
pilot,b2_h1_w2_n10_a1.5,fr_uniform,2.0,1.0,100,0.7333333492279053,-0.4981032460927963,-3.1920348405838013,0.6616281121969223,0.714285671710968,79240254.0,-0.5175831913948059,-3.30793833732605,0.47877644078506904
pilot,b2_h1_w2_n10_a1.5,fr_uniform,2.0,1.0,100,0.7421383857727051,-0.5263927280902863,-3.233711540699005,0.6611496210098267,0.714285671710968,79358158.0,-0.5469263195991516,-3.3542962074279785,0.5077148769545607
pilot,b2_h1_w2_n10_a1.5,fr_uniform,2.0,1.0,100,0.7509434223175049,-0.5550254732370377,-3.270007610321045,0.6607635617256165,0.714285671710968,79475550.0,-0.5762690901756287,-3.40065336227417,0.5384020389218651
pilot,b2_h1_w2_n10_a1.5,fr_uniform,2.0,1.0,100,0.7597483992576599,-0.5839526653289795,-3.3006001114845276,0.6604661643505096,0.714285671710968,79593040.0,-0.6064066290855408,-3.4221880435943604,0.5718522438968673
pilot,b2_h1_w2_n10_a1.5,fr_uniform,2.0,1.0,100,0.7685534358024597,-0.6131229251623154,-3.3252111077308655,0.6602542549371719,0.714285671710968,79709412.0,-0.6366525292396545,-3.440338134765625,0.6075123130797762
pilot,b2_h1_w2_n10_a1.5,fr_uniform,2.0,1.0,100,0.7773584723472595,-0.6424815803766251,-3.343394160270691,0.6601273715496063,0.714285671710968,79824140.0,-0.6668984889984131,-3.4584879875183105,0.6453961814073441
pilot,b2_h1_w2_n10_a1.5,fr_uniform,2.0,1.0,100,0.7861635088920593,-0.671969547867775,-3.3545870780944824,0.6600895076990128,0.714285671710968,79935946.0,-0.6972090005874634,-3.455848217010498,0.6857309750430891
pilot,b2_h1_w2_n10_a1.5,fr_uniform,2.0,1.0,100,0.7949685454368591,-0.701522022485733,-3.3580381274223328,0.6601497828960419,0.714285671710968,80045350.0,-0.7275476455688477,-3.444298267364502,0.7286275354343767
pilot,b2_h1_w2_n10_a1.5,fr_uniform,2.0,1.0,100,0.8037735819816589,-0.7310678362846375,-3.353079319000244,0.6603226065635681,0.714285671710968,80152282.0,-0.7578858733177185,-3.432748317718506,0.7742068853519615
pilot,b2_h1_w2_n10_a1.5,fr_uniform,2.0,1.0,100,0.8125786185264587,-0.7605293840169907,-3.338947117328644,0.6606265157461166,0.714285671710968,80260406.0,-0.7878378629684448,-3.4056203365325928,0.8220022324356591
pilot,b2_h1_w2_n10_a1.5,fr_uniform,2.0,1.0,100,0.8213836550712585,-0.7898230999708176,-3.3149094581604004,0.6610825806856155,0.714285671710968,80372156.0,-0.8174333572387695,-3.3641133308410645,0.872126166199533
pilot,b2_h1_w2_n10_a1.5,fr_uniform,2.0,1.0,100,0.8301886916160583,-0.818858414888382,-3.2802520394325256,0.6617119759321213,0.714285671710968,80489454.0,-0.8470292091369629,-3.322605609893799,0.925307211809836
pilot,b2_h1_w2_n10_a1.5,fr_uniform,2.0,1.0,100,0.8389937281608582,-0.8475385308265686,-3.234229624271393,0.6625339090824127,0.714285671710968,80613926.0,-0.876097559928894,-3.2716786861419678,0.9806959815248465
pilot,b2_h1_w2_n10_a1.5,fr_uniform,2.0,1.0,100,0.847798764705658,-0.8757607042789459,-3.1762333512306213,0.663563534617424,0.714285671710968,80744260.0,-0.9041429758071899,-3.2024683952331543,1.03727601183386
pilot,b2_h1_w2_n10_a1.5,fr_uniform,2.0,1.0,100,0.8566038012504578,-0.9034174382686615,-3.1057947278022766,0.6648112088441849,0.714285671710968,80878734.0,-0.9321887493133545,-3.1332571506500244,1.0971211410764021
pilot,b2_h1_w2_n10_a1.5,fr_uniform,2.0,1.0,100,0.8654087781906128,-0.9303983896970749,-3.022721290588379,0.6662827283143997,0.714285671710968,81014808.0,-0.9598519802093506,-3.0589001178741455,1.1595315257229535
pilot,b2_h1_w2_n10_a1.5,fr_uniform,2.0,1.0,100,0.8742138147354126,-0.9565926641225815,-2.927116811275482,0.6679810732603073,0.714285671710968,81149202.0,-0.9855092763900757,-2.9575276374816895,1.220585496482221
pilot,b2_h1_w2_n10_a1.5,fr_uniform,2.0,1.0,100,0.8830188512802124,-0.9818910211324692,-2.8192203640937805,0.6699100434780121,0.714285671710968,81280120.0,-1.0111665725708008,-2.8561551570892334,1.284854202902211
pilot,b2_h1_w2_n10_a1.5,fr_uniform,2.0,1.0,100,0.8918238878250122,-1.0061869621276855,-2.699429929256439,0.6720784604549408,0.714285671710968,81408434.0,-1.036824107170105,-2.754781484603882,1.3525075585940212
pilot,b2_h1_w2_n10_a1.5,fr_uniform,2.0,1.0,100,0.900628924369812,-1.0293776392936707,-2.5681546330451965,0.6745053231716156,0.714285671710968,81533536.0,-1.0592174530029297,-2.618971586227417,1.414458838985974
pilot,b2_h1_w2_n10_a1.5,fr_uniform,2.0,1.0,100,0.9094339609146118,-1.051362544298172,-2.4255476593971252,0.677225336432457,0.714285671710968,81659362.0,-1.0815443992614746,-2.482459545135498,1.4790513529343179
pilot,b2_h1_w2_n10_a1.5,fr_uniform,2.0,1.0,100,0.9182389974594116,-1.072041541337967,-2.2715715169906616,0.6802930235862732,0.714285671710968,81786404.0,-1.103871464729309,-2.3459460735321045,1.5465939098998287
pilot,b2_h1_w2_n10_a1.5,fr_uniform,2.0,1.0,100,0.9270440340042114,-1.0913129448890686,-2.105790615081787,0.6837861835956573,0.714285671710968,81917266.0,-1.1226332187652588,-2.1732027530670166,1.6057300990466254
pilot,b2_h1_w2_n10_a1.5,fr_uniform,2.0,1.0,100,0.9358490705490112,-1.109069675207138,-1.92752605676651,0.6878067255020142,0.714285671710968,82053416.0,-1.1405036449432373,-1.9914029836654663,1.6641581765071976
pilot,b2_h1_w2_n10_a1.5,fr_uniform,2.0,1.0,100,0.944654107093811,-1.1251989603042603,-1.73611581325531,0.6924795359373093,0.714285671710968,82193398.0,-1.1583741903305054,-1.809603214263916,1.724712701320041
pilot,b2_h1_w2_n10_a1.5,fr_uniform,2.0,1.0,100,0.9534591436386108,-1.1395822167396545,-1.530947744846344,0.6979488134384155,0.714285671710968,82336186.0,-1.172675371170044,-1.5982723236083984,1.7747558218899735
pilot,b2_h1_w2_n10_a1.5,fr_uniform,2.0,1.0,100,0.9622641801834106,-1.1520969867706299,-1.3116942644119263,0.7043718248605728,0.714285671710968,82479954.0,-1.184788703918457,-1.368847131729126,1.8182772990037461
pilot,b2_h1_w2_n10_a1.5,fr_uniform,2.0,1.0,100,0.9710691571235657,-1.1626186072826385,-1.0782135725021362,0.7119112908840179,0.714285671710968,82624140.0,-1.1969019174575806,-1.1394250392913818,1.8628655880718914
pilot,b2_h1_w2_n10_a1.5,fr_uniform,2.0,1.0,100,0.9798741936683655,-1.1710218489170074,-0.8305257856845856,0.7207263261079788,0.714285671710968,82768356.0,-1.2059450149536133,-0.892601490020752,1.8968642649194176
pilot,b2_h1_w2_n10_a1.5,fr_uniform,2.0,1.0,100,0.9886792302131653,-1.1771818101406097,-0.5686613321304321,0.7309630960226059,0.714285671710968,82912060.0,-1.2110810279846191,-0.6236317157745361,1.9164493209792262
pilot,b2_h1_w2_n10_a1.5,fr_uniform,2.0,1.0,100,0.9974842667579651,-1.180973380804062,-0.29255154728889465,0.7427458465099335,0.714285671710968,83056248.0,-1.2162169218063354,-0.35466521978378296,1.9362361304114482
pilot,b2_h1_w2_n10_a1.5,fr_uniform,2.0,1.0,100,1.0062893629074097,-1.182270109653473,-0.001994215403101407,0.7561690360307693,0.714285671710968,83200370.0,-1.2192258834838867,-0.07363758981227875,1.94792338226306
pilot,b2_h1_w2_n10_a1.5,fr_uniform,2.0,1.0,100,1.01509428024292,-1.1809434592723846,0.30334150046110153,0.7712910920381546,0.714285671710968,83345504.0,-1.2161815166473389,0.2416975051164627,1.9360990297694711
pilot,b2_h1_w2_n10_a1.5,fr_uniform,2.0,1.0,100,1.0238993167877197,-1.1768614649772644,0.6238587498664856,0.7881301790475845,0.714285671710968,83491842.0,-1.2131370306015015,0.557040274143219,1.924345995073142
pilot,b2_h1_w2_n10_a1.5,fr_uniform,2.0,1.0,100,1.0327043533325195,-1.16988867521286,0.9599559307098389,0.8066614717245102,0.714285671710968,83639114.0,-1.2093242406845093,0.8767970204353333,1.9097275489612775
pilot,b2_h1_w2_n10_a1.5,fr_uniform,2.0,1.0,100,1.0415093898773193,-1.1598865687847137,1.3119423985481262,0.8268164545297623,0.714285671710968,83788902.0,-1.1966774463653564,1.2473485469818115,1.8620294568267863
pilot,b2_h1_w2_n10_a1.5,fr_uniform,2.0,1.0,100,1.0503144264221191,-1.1467143595218658,1.6800291240215302,0.8484834432601929,0.714285671710968,83941456.0,-1.184030294418335,1.617904782295227,1.8155213920832798
pilot,b2_h1_w2_n10_a1.5,fr_uniform,2.0,1.0,100,1.059119462966919,-1.130229502916336,2.0643816590309143,0.8715085983276367,0.714285671710968,84095442.0,-1.1713835000991821,1.98845636844635,1.7701762292725798
pilot,b2_h1_w2_n10_a1.5,fr_uniform,2.0,1.0,100,1.0679244995117188,-1.1102885007858276,2.4650763273239136,0.8956979215145111,0.714285671710968,84254726.0,-1.1487687826156616,2.4039900302886963,1.6918957929954508
pilot,b2_h1_w2_n10_a1.5,fr_uniform,2.0,1.0,100,1.0767295360565186,-1.086746335029602,2.8823567032814026,0.9208189100027084,0.714285671710968,84416028.0,-1.125046730041504,2.8245208263397217,1.613499731457246
pilot,b2_h1_w2_n10_a1.5,fr_uniform,2.0,1.0,100,1.0855345726013184,-1.0594556033611298,3.3165311217308044,0.9466025084257126,0.714285671710968,84579134.0,-1.101324439048767,3.245056629180908,1.5387355136185505
pilot,b2_h1_w2_n10_a1.5,fr_uniform,2.0,1.0,100,1.0943396091461182,-1.0282665491104126,3.7679339051246643,0.9727448523044586,0.714285671710968,84742836.0,-1.068570613861084,3.7051334381103516,1.4411671897581793
pilot,b2_h1_w2_n10_a1.5,fr_uniform,2.0,1.0,100,1.103144645690918,-0.9930247664451599,4.236981272697449,0.998911127448082,0.714285671710968,84906238.0,-1.0323047637939453,4.1805877685546875,1.340337748844662
pilot,b2_h1_w2_n10_a1.5,fr_uniform,2.0,1.0,100,1.1119496822357178,-0.9535739570856094,4.723986506462097,1.024736762046814,0.714285671710968,85071146.0,-0.9960390329360962,4.656042098999023,1.2465630095282065
pilot,b2_h1_w2_n10_a1.5,fr_uniform,2.0,1.0,100,1.1207547187805176,-0.9097538590431213,5.2294299602508545,1.0498339384794235,0.714285671710968,85235976.0,-0.952183723449707,5.160065174102783,1.1418840262620455
pilot,b2_h1_w2_n10_a1.5,fr_uniform,2.0,1.0,100,1.1295597553253174,-0.8614003360271454,5.753700494766235,1.0737976431846619,0.714285671710968,85403160.0,-0.9018646478652954,5.688410758972168,1.0325602541933048
pilot,b2_h1_w2_n10_a1.5,fr_uniform,2.0,1.0,100,1.1383647918701172,-0.8083450496196747,6.297420978546143,1.0962144136428833,0.714285671710968,85565440.0,-0.8515456914901733,6.216756820678711,0.933703343085721
pilot,b2_h1_w2_n10_a1.5,fr_uniform,2.0,1.0,100,1.147169828414917,-0.7504145503044128,6.861067891120911,1.116672843694687,0.714285671710968,85710734.0,-0.7958475351333618,6.748851299285889,0.8352762055478634
pilot,b2_h1_w2_n10_a1.5,fr_uniform,2.0,1.0,100,1.1559748649597168,-0.6874320656061172,7.444942116737366,1.1347764134407043,0.714285671710968,85806548.0,-0.7305892705917358,7.287590980529785,0.7330734680721417
pilot,b2_h1_w2_n10_a1.5,fr_uniform,2.0,1.0,100,1.1647799015045166,-0.6192200183868408,8.048927783966064,1.1501567661762238,0.714285671710968,85795600.0,-0.6653311252593994,7.82633113861084,0.6433762079505307
pilot,b2_h1_w2_n10_a1.5,fr_uniform,2.0,1.0,100,1.1735849380493164,-0.5456044375896454,8.672316312789917,1.1624881029129028,0.714285671710968,85587380.0,-0.5976565480232239,8.343700408935547,0.5619317948323516
pilot,b2_h1_w2_n10_a1.5,fr_uniform,2.0,1.0,100,1.1823899745941162,-0.4664188101887703,9.314126253128052,1.1715005040168762,0.714285671710968,85053712.0,-0.5189746618270874,8.763736724853516,0.48011070303245773
pilot,b2_h1_w2_n10_a1.5,fr_uniform,2.0,1.0,100,1.191195011138916,-0.3815077394247055,9.972806215286255,1.1769916117191315,0.714285671710968,84039070.0,-0.44029366970062256,9.183767318725586,0.4102040522779466
pilot,b2_h1_w2_n10_a1.5,fr_uniform,2.0,1.0,100,1.2000000476837158,-0.29105033725500107,10.573933601379395,1.1788361370563507,0.714285671710968,82375124.0,-0.16850900650024414,0.0,0.23819398339489647
pilot,b2_h2_w2_n10_a1.5,abf,2.0,2.0,100,-0.20000000298023224,-0.1909739077091217,-22.89562463760376,0.8785020112991333,nan,50937186.0,-0.21101705729961395,-21.358619689941406,0.05350665665810853
pilot,b2_h2_w2_n10_a1.5,abf,2.0,2.0,100,-0.19119496643543243,-0.3856630399823189,-21.32659673690796,0.8770449459552765,nan,53798491.0,-0.3829563856124878,-20.206899642944336,0.07546618886176147
pilot,b2_h2_w2_n10_a1.5,abf,2.0,2.0,100,-0.18238992989063263,-0.5660224407911301,-19.640795707702637,0.8727233409881592,nan,55899444.0,-0.5548957586288452,-19.055179595947266,0.10643808688879683
pilot,b2_h2_w2_n10_a1.5,abf,2.0,2.0,100,-0.17358490824699402,-0.7318588197231293,-18.02773666381836,0.8656826913356781,nan,57389306.0,-0.7268348336219788,-17.90346336364746,0.15012099800947723
pilot,b2_h2_w2_n10_a1.5,abf,2.0,2.0,100,-0.1647798717021942,-0.8838009089231491,-16.484798908233643,0.8561560213565826,nan,58430312.0,-0.869683027267456,-16.562618255615234,0.19976426764675415
pilot,b2_h2_w2_n10_a1.5,abf,2.0,2.0,100,-0.1559748500585556,-1.022463172674179,-15.011375188827515,0.8444495648145676,nan,59166811.0,-1.0061451196670532,-15.180262565612793,0.2624504216825893
pilot,b2_h2_w2_n10_a1.5,abf,2.0,2.0,100,-0.1471698135137558,-1.1484582722187042,-13.60749888420105,0.8309256434440613,nan,59710458.0,-1.142607569694519,-13.797903060913086,0.34480777728559425
pilot,b2_h2_w2_n10_a1.5,abf,2.0,2.0,100,-0.138364776968956,-1.2623946070671082,-12.27230954170227,0.8159826844930649,nan,60137223.0,-1.255441665649414,-12.497251510620117,0.4320992409909858
pilot,b2_h2_w2_n10_a1.5,abf,2.0,2.0,100,-0.12955975532531738,-1.3648682832717896,-11.003880500793457,0.8000349998474121,nan,60493354.0,-1.3549851179122925,-11.242560386657715,0.527285522843448
pilot,b2_h2_w2_n10_a1.5,abf,2.0,2.0,100,-0.12075471878051758,-1.4564543962478638,-9.799238920211792,0.7834930121898651,nan,60803021.0,-1.454528570175171,-9.98786735534668,0.6434402012895191
pilot,b2_h2_w2_n10_a1.5,abf,2.0,2.0,100,-0.11194968223571777,-1.5376996099948883,-8.65502142906189,0.7667465060949326,nan,61077038.0,-1.5390979051589966,-8.81790828704834,0.7620161619705393
pilot,b2_h2_w2_n10_a1.5,abf,2.0,2.0,100,-0.10314465314149857,-1.6091199815273285,-7.567605018615723,0.7501501888036728,nan,61320005.0,-1.6060888767242432,-7.747419834136963,0.8712680755343021
pilot,b2_h2_w2_n10_a1.5,abf,2.0,2.0,100,-0.09433962404727936,-1.671202003955841,-6.53388524055481,0.7340136170387268,nan,61533955.0,-1.6730798482894897,-6.676931381225586,0.9961836734305307
pilot,b2_h2_w2_n10_a1.5,abf,2.0,2.0,100,-0.08553458750247955,-1.7244063317775726,-5.551092743873596,0.7185947299003601,nan,61719715.0,-1.7323201894760132,-5.652304649353027,1.1214887627054542
pilot,b2_h2_w2_n10_a1.5,abf,2.0,2.0,100,-0.07672955840826035,-1.7691716253757477,-4.617029190063477,0.7040970325469971,nan,61878869.0,-1.7716307640075684,-4.745610237121582,1.2132202694408458
pilot,b2_h2_w2_n10_a1.5,abf,2.0,2.0,100,-0.06792452931404114,-1.805918663740158,-3.729792058467865,0.6906695514917374,nan,62013657.0,-1.8109411001205444,-3.8389153480529785,1.3124542744175662
pilot,b2_h2_w2_n10_a1.5,abf,2.0,2.0,100,-0.05911949649453163,-1.8350525498390198,-2.8877641558647156,0.6784093528985977,nan,62125013.0,-1.8479148149490356,-2.9466609954833984,1.4131854010013576
pilot,b2_h2_w2_n10_a1.5,abf,2.0,2.0,100,-0.050314463675022125,-1.856964886188507,-2.089459538459778,0.6673653870820999,nan,62213661.0,-1.8638594150543213,-2.184368133544922,1.458977001475026
pilot,b2_h2_w2_n10_a1.5,abf,2.0,2.0,100,-0.04150943458080292,-1.872034639120102,-1.333522379398346,0.6575432866811752,nan,62280687.0,-1.8798038959503174,-1.4220738410949707,1.5062520330479796
pilot,b2_h2_w2_n10_a1.5,abf,2.0,2.0,100,-0.03270440176129341,-1.8806295990943909,-0.6187612116336823,0.6489107459783554,nan,62326267.0,-1.8957483768463135,-0.6597796678543091,1.5550589109817492
pilot,b2_h2_w2_n10_a1.5,abf,2.0,2.0,100,-0.023899370804429054,-1.883107841014862,0.05584649741649628,0.6414027661085129,nan,62353148.0,-1.8937662839889526,-0.01962733268737793,1.5489065712268495
pilot,b2_h2_w2_n10_a1.5,abf,2.0,2.0,100,-0.015094339847564697,-1.8798191845417023,0.6911501586437225,0.6349271088838577,nan,62364068.0,-1.8902251720428467,0.6099063158035278,1.5379756215073512
pilot,b2_h2_w2_n10_a1.5,abf,2.0,2.0,100,-0.006289307959377766,-1.8711064159870148,1.2878880500793457,0.6293698698282242,nan,62364763.0,-1.8866841793060303,1.2394390106201172,1.527122177824683
pilot,b2_h2_w2_n10_a1.5,abf,2.0,2.0,100,0.002515723230317235,-1.8573059439659119,1.8467832505702972,0.624601423740387,nan,62359350.0,-1.871309757232666,1.7825074195861816,1.4808795333640032
pilot,b2_h2_w2_n10_a1.5,abf,2.0,2.0,100,0.011320754885673523,-1.8387475609779358,2.368622303009033,0.6204820722341537,nan,62353202.0,-1.8517775535583496,2.2951979637145996,1.4241452130019745
pilot,b2_h2_w2_n10_a1.5,abf,2.0,2.0,100,0.02012578584253788,-1.8157536685466766,2.854277491569519,0.6168690621852875,nan,62349219.0,-1.8322454690933228,2.8078887462615967,1.369584780922246
pilot,b2_h2_w2_n10_a1.5,abf,2.0,2.0,100,0.028930816799402237,-1.7886391580104828,3.3045905232429504,0.6136229038238525,nan,62349951.0,-1.8055362701416016,3.259007453918457,1.2983434937730793
pilot,b2_h2_w2_n10_a1.5,abf,2.0,2.0,100,0.03773584961891174,-1.7577119767665863,3.7203060388565063,0.6106140315532684,nan,62356221.0,-1.7731881141662598,3.6617488861083984,1.2170049780559566
pilot,b2_h2_w2_n10_a1.5,abf,2.0,2.0,100,0.04654087871313095,-1.7232746481895447,4.10188615322113,0.6077293455600739,nan,62369238.0,-1.740839958190918,4.064488887786865,1.140762150938034
pilot,b2_h2_w2_n10_a1.5,abf,2.0,2.0,100,0.05534591153264046,-1.685625970363617,4.44973623752594,0.6048774421215057,nan,62388710.0,-1.7047604322433472,4.427677154541016,1.0613456037647977
pilot,b2_h2_w2_n10_a1.5,abf,2.0,2.0,100,0.06415094435214996,-1.645061582326889,4.764177441596985,0.6019930243492126,nan,62414355.0,-1.6625924110412598,4.7263336181640625,0.9755064550006218
pilot,b2_h2_w2_n10_a1.5,abf,2.0,2.0,100,0.07295597344636917,-1.6018747091293335,5.0453972816467285,0.5990395247936249,nan,62447199.0,-1.6204246282577515,5.024989128112793,0.89661020325217
pilot,b2_h2_w2_n10_a1.5,abf,2.0,2.0,100,0.08176100999116898,-1.5563569962978363,5.293630242347717,0.5960098057985306,nan,62485737.0,-1.5768866539001465,5.302060127258301,0.8218396169988992
pilot,b2_h2_w2_n10_a1.5,abf,2.0,2.0,100,0.09056603908538818,-1.508798986673355,5.508837103843689,0.5929249823093414,nan,62530109.0,-1.5278675556182861,5.492795944213867,0.7450915273340498
pilot,b2_h2_w2_n10_a1.5,abf,2.0,2.0,100,0.09937106817960739,-1.4594922959804535,5.690821170806885,0.5898314714431763,nan,62577910.0,-1.4788483381271362,5.68353271484375,0.6755104527225025
pilot,b2_h2_w2_n10_a1.5,abf,2.0,2.0,100,0.1081760972738266,-1.4087315499782562,5.839118003845215,0.5867960453033447,nan,62627554.0,-1.4297547340393066,5.871955871582031,0.6123361663676639
pilot,b2_h2_w2_n10_a1.5,abf,2.0,2.0,100,0.1169811338186264,-1.356816589832306,5.952989935874939,0.5838999301195145,nan,62675478.0,-1.3770136833190918,5.947054386138916,0.5510355475694314
pilot,b2_h2_w2_n10_a1.5,abf,2.0,2.0,100,0.1257861703634262,-1.3040535151958466,6.031779050827026,0.581232100725174,nan,62718541.0,-1.324272871017456,6.022152423858643,0.49587193464869
pilot,b2_h2_w2_n10_a1.5,abf,2.0,2.0,100,0.13459119200706482,-1.250753939151764,6.074830174446106,0.578882485628128,nan,62751789.0,-1.2715317010879517,6.097250938415527,0.44623037621327816
pilot,b2_h2_w2_n10_a1.5,abf,2.0,2.0,100,0.14339622855186462,-1.1972368657588959,6.0811861753463745,0.5769354403018951,nan,62773000.0,-1.2182998657226562,6.081257343292236,0.4011645476975384
pilot,b2_h2_w2_n10_a1.5,abf,2.0,2.0,100,0.15220126509666443,-1.143829107284546,6.050014615058899,0.5754641890525818,nan,62779012.0,-1.1649742126464844,6.047913551330566,0.3605823561303505
pilot,b2_h2_w2_n10_a1.5,abf,2.0,2.0,100,0.16100628674030304,-1.0908666849136353,5.980015158653259,0.5745267122983932,nan,62770089.0,-1.1116490364074707,6.014570236206055,0.32410580719358745
pilot,b2_h2_w2_n10_a1.5,abf,2.0,2.0,100,0.16981132328510284,-1.0386983454227448,5.869645476341248,0.5741629898548126,nan,62749107.0,-1.0600104331970215,5.904735565185547,0.2923035512782321
pilot,b2_h2_w2_n10_a1.5,abf,2.0,2.0,100,0.17861634492874146,-0.9876852482557297,5.717606544494629,0.5743939876556396,nan,62721584.0,-1.0092413425445557,5.755496978759766,0.26408067409753966
pilot,b2_h2_w2_n10_a1.5,abf,2.0,2.0,100,0.18742138147354126,-0.938195675611496,5.523609519004822,0.5752222537994385,nan,62697397.0,-0.958471953868866,5.606258392333984,0.23858266709184026
pilot,b2_h2_w2_n10_a1.5,abf,2.0,2.0,100,0.19622641801834106,-0.8905887305736542,5.28996205329895,0.576633632183075,nan,62689457.0,-0.9104708433151245,5.402559757232666,0.2167432864999662
pilot,b2_h2_w2_n10_a1.5,abf,2.0,2.0,100,0.20503143966197968,-0.8451855629682541,5.023044943809509,0.5786001980304718,nan,62715666.0,-0.8654685616493225,5.139863014221191,0.1980875447892795
pilot,b2_h2_w2_n10_a1.5,abf,2.0,2.0,100,0.21383647620677948,-0.8022264838218689,4.734810948371887,0.5810834318399429,nan,62794874.0,-0.8204662799835205,4.877166748046875,0.1810375584604367
pilot,b2_h2_w2_n10_a1.5,abf,2.0,2.0,100,0.22264151275157928,-0.7618223875761032,4.442685961723328,0.5840378701686859,nan,62947319.0,-0.7776234745979309,4.617844104766846,0.16617125351835182
pilot,b2_h2_w2_n10_a1.5,abf,2.0,2.0,100,0.2314465343952179,-0.7239135503768921,4.1680285930633545,0.5874140858650208,nan,63188369.0,-0.7398192882537842,4.366394996643066,0.1540705372419022
pilot,b2_h2_w2_n10_a1.5,abf,2.0,2.0,100,0.2402515709400177,-0.6882514208555222,3.932377338409424,0.5911612957715988,nan,63526038.0,-0.7020150423049927,4.114945411682129,0.1428509872414785
pilot,b2_h2_w2_n10_a1.5,abf,2.0,2.0,100,0.2490566074848175,-0.654417097568512,3.752847909927368,0.5952291190624237,nan,63956192.0,-0.6647517681121826,3.8852031230926514,0.13259183388838175
pilot,b2_h2_w2_n10_a1.5,abf,2.0,2.0,100,0.2578616440296173,-0.6218787878751755,3.6380048394203186,0.5995682775974274,nan,64462441.0,-0.6314558386802673,3.8146376609802246,0.12404986631157824
pilot,b2_h2_w2_n10_a1.5,abf,2.0,2.0,100,0.2666666805744171,-0.5900750607252121,3.5859851837158203,0.6041308343410492,nan,65018971.0,-0.5981597304344177,3.7440719604492188,0.11605815665515194
pilot,b2_h2_w2_n10_a1.5,abf,2.0,2.0,100,0.27547168731689453,-0.5585023760795593,3.585516035556793,0.6088691353797913,nan,65595369.0,-0.5648640394210815,3.673506736755371,0.10858139042397667
pilot,b2_h2_w2_n10_a1.5,abf,2.0,2.0,100,0.28427672386169434,-0.5267828404903412,3.619349956512451,0.6137349903583527,nan,66163468.0,-0.5319480895996094,3.708451271057129,0.1016634790944092
pilot,b2_h2_w2_n10_a1.5,abf,2.0,2.0,100,0.29308176040649414,-0.4946977347135544,3.668545365333557,0.6186782121658325,nan,66701229.0,-0.4990566074848175,3.7501299381256104,0.09519097815702243
pilot,b2_h2_w2_n10_a1.5,abf,2.0,2.0,100,0.30188679695129395,-0.4621863216161728,3.7161847352981567,0.623645469546318,nan,67197136.0,-0.4661649167537689,3.791808843612671,0.0891305178863541
pilot,b2_h2_w2_n10_a1.5,abf,2.0,2.0,100,0.31069183349609375,-0.4293182045221329,3.749596118927002,0.6285797208547592,nan,67647934.0,-0.43281394243240356,3.8029561042785645,0.08337928022450407
pilot,b2_h2_w2_n10_a1.5,abf,2.0,2.0,100,0.31949687004089355,-0.39625343680381775,3.760826051235199,0.6334201097488403,nan,68058048.0,-0.3993176817893982,3.80446195602417,0.077976485918526
pilot,b2_h2_w2_n10_a1.5,abf,2.0,2.0,100,0.32830187678337097,-0.3632040470838547,3.746101498603821,0.6381024122238159,nan,68434788.0,-0.3658214211463928,3.8059678077697754,0.07292378082217069
pilot,b2_h2_w2_n10_a1.5,abf,2.0,2.0,100,0.3371069133281708,-0.3304029405117035,3.7044228315353394,0.6425606310367584,nan,68784708.0,-0.3329432010650635,3.761594295501709,0.06828283089850612
pilot,b2_h2_w2_n10_a1.5,abf,2.0,2.0,100,0.3459119498729706,-0.2980847507715225,3.6364181637763977,0.6467290073633194,nan,69115734.0,-0.3005121946334839,3.6839985847473145,0.06399444894386126
pilot,b2_h2_w2_n10_a1.5,abf,2.0,2.0,100,0.3547169864177704,-0.26647554337978363,3.543382406234741,0.6505443006753922,nan,69431432.0,-0.268081396818161,3.606403112411499,0.0599754162273074
pilot,b2_h2_w2_n10_a1.5,abf,2.0,2.0,100,0.3635220229625702,-0.23578935116529465,3.4267629981040955,0.6539485603570938,nan,69735398.0,-0.23695890605449677,3.4974217414855957,0.056356059455429895
pilot,b2_h2_w2_n10_a1.5,abf,2.0,2.0,100,0.3723270297050476,-0.2062276005744934,3.2879961133003235,0.656891718506813,nan,70030238.0,-0.20779938995838165,3.3413658142089844,0.05316342899174823
pilot,b2_h2_w2_n10_a1.5,abf,2.0,2.0,100,0.3811320662498474,-0.1779794953763485,3.1283551454544067,0.6593338251113892,nan,70318260.0,-0.17863954603672028,3.1853079795837402,0.05015163154366643
pilot,b2_h2_w2_n10_a1.5,abf,2.0,2.0,100,0.3899371027946472,-0.1512238346040249,2.948999345302582,0.6612467467784882,nan,70601740.0,-0.15066124498844147,3.0135316848754883,0.04742238834086562
pilot,b2_h2_w2_n10_a1.5,abf,2.0,2.0,100,0.398742139339447,-0.126129861921072,2.750913381576538,0.6626154184341431,nan,70880618.0,-0.12687131762504578,2.786022663116455,0.045218875097716084
pilot,b2_h2_w2_n10_a1.5,abf,2.0,2.0,100,0.4075471758842468,-0.10285905562341213,2.5348816514015198,0.6634381711483002,nan,71152464.0,-0.10308150202035904,2.5585148334503174,0.0431177592204347
pilot,b2_h2_w2_n10_a1.5,abf,2.0,2.0,100,0.41635221242904663,-0.08156675286591053,2.301510453224182,0.6637267172336578,nan,71414554.0,-0.07957425713539124,2.329017162322998,0.04113751460711189
pilot,b2_h2_w2_n10_a1.5,abf,2.0,2.0,100,0.42515721917152405,-0.062402741983532906,2.0514696836471558,0.6635055989027023,nan,71664242.0,-0.06285040825605392,2.051807165145874,0.03978431629115821
pilot,b2_h2_w2_n10_a1.5,abf,2.0,2.0,100,0.43396225571632385,-0.04550962522625923,1.7856780290603638,0.6628114283084869,nan,71900114.0,-0.04612665995955467,1.7745988368988037,0.03847563850842612
pilot,b2_h2_w2_n10_a1.5,abf,2.0,2.0,100,0.44276729226112366,-0.031020287424325943,1.5054690837860107,0.6616919040679932,nan,72122156.0,-0.029402807354927063,1.4973887205123901,0.037210001020675516
pilot,b2_h2_w2_n10_a1.5,abf,2.0,2.0,100,0.45157232880592346,-0.019053786993026733,1.212634027004242,0.6602053791284561,nan,72331956.0,-0.019672898575663567,1.1974248886108398,0.036492901135338617
pilot,b2_h2_w2_n10_a1.5,abf,2.0,2.0,100,0.46037736535072327,-0.00971226766705513,0.9092237055301666,0.6584196984767914,nan,72532466.0,-0.011081365868449211,0.8937554359436035,0.03587119790839169
pilot,b2_h2_w2_n10_a1.5,abf,2.0,2.0,100,0.46918240189552307,-0.0030796192586421967,0.5973439961671829,0.6564120650291443,nan,72727754.0,-0.0024898857809603214,0.5900877714157104,0.03526008990151453
pilot,b2_h2_w2_n10_a1.5,abf,2.0,2.0,100,0.4779874086380005,0.0007787495851516724,0.27905962616205215,0.6542682349681854,nan,72919556.0,0.000193518353626132,0.2774076759815216,0.035071362643949146
pilot,b2_h2_w2_n10_a1.5,abf,2.0,2.0,100,0.4867924451828003,0.0018151886761188507,-0.0436389846727252,0.6520815044641495,nan,73113098.0,9.675946785137057e-05,-0.03951340913772583,0.03507815023263154
pilot,b2_h2_w2_n10_a1.5,abf,2.0,2.0,100,0.4955974817276001,0.0,-0.3686681240797043,0.6499513983726501,nan,73312324.0,0.0,-0.3564364016056061,0.035084939175804325
pilot,b2_h2_w2_n10_a1.5,abf,2.0,2.0,100,0.5044025182723999,-0.004677172750234604,-0.6937220692634583,0.6479812413454056,nan,73520336.0,-0.004542456939816475,-0.6739820241928101,0.03540513510059386
pilot,b2_h2_w2_n10_a1.5,abf,2.0,2.0,100,0.5132075548171997,-0.01220523938536644,-1.0162240713834763,0.6462754011154175,nan,73742208.0,-0.013530557975172997,-0.9921542406082153,0.03604733987125053
pilot,b2_h2_w2_n10_a1.5,abf,2.0,2.0,100,0.5220125913619995,-0.022549722343683243,-1.3334498405456543,0.6449350267648697,nan,73979888.0,-0.02251860499382019,-1.3103244304656982,0.03670118946649292
pilot,b2_h2_w2_n10_a1.5,abf,2.0,2.0,100,0.5308176279067993,-0.035652730613946915,-1.642802745103836,0.6440534293651581,nan,74235454.0,-0.03423841670155525,-1.6199840307235718,0.03757161287324377
pilot,b2_h2_w2_n10_a1.5,abf,2.0,2.0,100,0.5396226644515991,-0.05143551900982857,-1.9421424269676208,0.6437110602855682,nan,74507232.0,-0.051762908697128296,-1.9115548133850098,0.03891180879193589
pilot,b2_h2_w2_n10_a1.5,abf,2.0,2.0,100,0.5484277009963989,-0.06980394944548607,-2.2301132678985596,0.6439704596996307,nan,74792454.0,-0.06928729265928268,-2.2031238079071045,0.04029980137971267
pilot,b2_h2_w2_n10_a1.5,abf,2.0,2.0,100,0.557232677936554,-0.09065603464841843,-2.5062862038612366,0.6448717564344406,nan,75085266.0,-0.0878918468952179,-2.4902045726776123,0.041827568217343986
pilot,b2_h2_w2_n10_a1.5,abf,2.0,2.0,100,0.5660377144813538,-0.11388943158090115,-2.771010994911194,0.6464292258024216,nan,75379626.0,-0.11313135176897049,-2.7497153282165527,0.04399318161508812
pilot,b2_h2_w2_n10_a1.5,abf,2.0,2.0,100,0.5748427510261536,-0.13940639421343803,-3.0249825716018677,0.6486299633979797,nan,75671860.0,-0.13837100565433502,-3.009227752685547,0.04627093297309708
pilot,b2_h2_w2_n10_a1.5,abf,2.0,2.0,100,0.5836477875709534,-0.16711532324552536,-3.268940567970276,0.6514338999986649,nan,75959534.0,-0.16361050307750702,-3.2687385082244873,0.04866659990546785
pilot,b2_h2_w2_n10_a1.5,abf,2.0,2.0,100,0.5924528241157532,-0.19693103432655334,-3.5034818053245544,0.6547765135765076,nan,76242160.0,-0.19545377790927887,-3.5016708374023438,0.051866832008589416
pilot,b2_h2_w2_n10_a1.5,abf,2.0,2.0,100,0.601257860660553,-0.2287721075117588,-3.728987157344818,0.6585729569196701,nan,76521548.0,-0.22757196426391602,-3.733494281768799,0.055307907087078015
pilot,b2_h2_w2_n10_a1.5,abf,2.0,2.0,100,0.6100628972053528,-0.26256075501441956,-3.9458560943603516,0.6627245247364044,nan,76799558.0,-0.2596903443336487,-3.9653191566467285,0.05897730115812235
pilot,b2_h2_w2_n10_a1.5,abf,2.0,2.0,100,0.6188679337501526,-0.2982233390212059,-4.154641032218933,0.6671256124973297,nan,77077486.0,-0.29653200507164,-4.172887802124023,0.06348705108748899
pilot,b2_h2_w2_n10_a1.5,abf,2.0,2.0,100,0.6276729702949524,-0.33569085597991943,-4.35583233833313,0.6716710925102234,nan,77355698.0,-0.3347061574459076,-4.373616695404053,0.06852401515082389
pilot,b2_h2_w2_n10_a1.5,abf,2.0,2.0,100,0.6364780068397522,-0.374898724257946,-4.5499502420425415,0.6762634217739105,nan,77632404.0,-0.37288030982017517,-4.574345588684082,0.07396060412255727
pilot,b2_h2_w2_n10_a1.5,abf,2.0,2.0,100,0.645283043384552,-0.41578544676303864,-4.73716926574707,0.6808185428380966,nan,77906920.0,-0.41415923833847046,-4.755984783172607,0.08032576524014695
pilot,b2_h2_w2_n10_a1.5,abf,2.0,2.0,100,0.6540880799293518,-0.45828960835933685,-4.917340874671936,0.6852695494890213,nan,78178178.0,-0.457508385181427,-4.924899101257324,0.08760067693155635
pilot,b2_h2_w2_n10_a1.5,abf,2.0,2.0,100,0.6628930568695068,-0.5023473799228668,-5.090058445930481,0.6895686686038971,nan,78448108.0,-0.5008570551872253,-5.093811511993408,0.09553436879869348
pilot,b2_h2_w2_n10_a1.5,abf,2.0,2.0,100,0.6716980934143066,-0.5478911846876144,-5.254887700080872,0.6936865746974945,nan,78717992.0,-0.5460676550865173,-5.25379753112793,0.10457528736450417
pilot,b2_h2_w2_n10_a1.5,abf,2.0,2.0,100,0.6805031299591064,-0.5948504358530045,-5.411564588546753,0.6976099759340286,nan,78987940.0,-0.5938485264778137,-5.401453971862793,0.1150617577389412
pilot,b2_h2_w2_n10_a1.5,abf,2.0,2.0,100,0.6893081665039062,-0.6431524902582169,-5.559896349906921,0.7013373523950577,nan,79258684.0,-0.641629695892334,-5.549110412597656,0.12659985278370714
pilot,b2_h2_w2_n10_a1.5,abf,2.0,2.0,100,0.698113203048706,-0.6927234530448914,-5.699865102767944,0.7048737704753876,nan,79528402.0,-0.6903326511383057,-5.691756725311279,0.13955199521267878
pilot,b2_h2_w2_n10_a1.5,abf,2.0,2.0,100,0.7069182395935059,-0.7434888035058975,-5.831114649772644,0.7082259207963943,nan,79796400.0,-0.7419556379318237,-5.818536758422852,0.15473024268504815
pilot,b2_h2_w2_n10_a1.5,abf,2.0,2.0,100,0.7157232761383057,-0.7953698635101318,-5.953289747238159,0.7113969773054123,nan,80060878.0,-0.7935791611671448,-5.945319175720215,0.17155952268032904
pilot,b2_h2_w2_n10_a1.5,abf,2.0,2.0,100,0.7245283126831055,-0.8482826352119446,-6.065462112426758,0.7143836319446564,nan,80323564.0,-0.8453841209411621,-6.06988525390625,0.19028828219279417
pilot,b2_h2_w2_n10_a1.5,abf,2.0,2.0,100,0.7333333492279053,-0.9021343290805817,-6.166560649871826,0.7171737849712372,nan,80585186.0,-0.9000403881072998,-6.15976619720459,0.21226865889024404
pilot,b2_h2_w2_n10_a1.5,abf,2.0,2.0,100,0.7421383857727051,-0.9568221718072891,-6.255384683609009,0.719746857881546,nan,80849514.0,-0.9546972513198853,-6.249648094177246,0.23678829164449272
pilot,b2_h2_w2_n10_a1.5,abf,2.0,2.0,100,0.7509434223175049,-1.0122339129447937,-6.330983757972717,0.7220754325389862,nan,81117628.0,-1.009353518486023,-6.339528560638428,0.26413992774060474
pilot,b2_h2_w2_n10_a1.5,abf,2.0,2.0,100,0.7597483992576599,-1.0682493448257446,-6.392515063285828,0.7241283804178238,nan,81391984.0,-1.0656609535217285,-6.389153480529785,0.2956256216633937
pilot,b2_h2_w2_n10_a1.5,abf,2.0,2.0,100,0.7685534358024597,-1.124742329120636,-6.439460635185242,0.7258751839399338,nan,81671154.0,-1.1221935749053955,-6.433289527893066,0.3310134817432029
pilot,b2_h2_w2_n10_a1.5,abf,2.0,2.0,100,0.7773584723472595,-1.1815824508666992,-6.471365690231323,0.7272902727127075,nan,81954480.0,-1.178726077079773,-6.477425575256348,0.370637356653118
pilot,b2_h2_w2_n10_a1.5,abf,2.0,2.0,100,0.7861635088920593,-1.238633930683136,-6.487458229064941,0.7283576726913452,nan,82243790.0,-1.2356252670288086,-6.485959529876709,0.4153088619734865
pilot,b2_h2_w2_n10_a1.5,abf,2.0,2.0,100,0.7949685454368591,-1.2957540154457092,-6.486950516700745,0.7290744930505753,nan,82538290.0,-1.29268217086792,-6.479236125946045,0.4655112652817123
pilot,b2_h2_w2_n10_a1.5,abf,2.0,2.0,100,0.8037735819816589,-1.3527915477752686,-6.468713998794556,0.7294536083936691,nan,82838932.0,-1.349738359451294,-6.472512722015381,0.5217813727397523
pilot,b2_h2_w2_n10_a1.5,abf,2.0,2.0,100,0.8125786185264587,-1.4095847606658936,-6.43153989315033,0.7295248061418533,nan,83145936.0,-1.4062265157699585,-6.432201385498047,0.584189248870676
pilot,b2_h2_w2_n10_a1.5,abf,2.0,2.0,100,0.8213836550712585,-1.4659632444381714,-6.374420523643494,0.7293348461389542,nan,83457588.0,-1.4621901512145996,-6.3608856201171875,0.6533756667531476
pilot,b2_h2_w2_n10_a1.5,abf,2.0,2.0,100,0.8301886916160583,-1.521748274564743,-6.296738266944885,0.7289458513259888,nan,83770124.0,-1.5181546211242676,-6.28956937789917,0.7307571565153225
pilot,b2_h2_w2_n10_a1.5,abf,2.0,2.0,100,0.8389937281608582,-1.5767574608325958,-6.198200583457947,0.728432759642601,nan,84081752.0,-1.5731145143508911,-6.195045471191406,0.815662758821952
pilot,b2_h2_w2_n10_a1.5,abf,2.0,2.0,100,0.847798764705658,-1.6308075487613678,-6.078890681266785,0.7278799712657928,nan,84391050.0,-1.6261258125305176,-6.055474281311035,0.9068921913401501
pilot,b2_h2_w2_n10_a1.5,abf,2.0,2.0,100,0.8566038012504578,-1.6837159395217896,-5.93886923789978,0.7273772954940796,nan,84698768.0,-1.6791377067565918,-5.915901184082031,1.0083265642078492
pilot,b2_h2_w2_n10_a1.5,abf,2.0,2.0,100,0.8654087781906128,-1.7352997064590454,-5.7779752016067505,0.7270158678293228,nan,85005662.0,-1.731362223625183,-5.764812469482422,1.119342123895261
pilot,b2_h2_w2_n10_a1.5,abf,2.0,2.0,100,0.8742138147354126,-1.7853723764419556,-5.595668911933899,0.7268839925527573,nan,85315004.0,-1.7794578075408936,-5.553259372711182,1.2323615539567987
pilot,b2_h2_w2_n10_a1.5,abf,2.0,2.0,100,0.8830188512802124,-1.833741545677185,-5.3910439014434814,0.7270635962486267,nan,85628970.0,-1.8275535106658936,-5.341706275939941,1.3567928244098137
pilot,b2_h2_w2_n10_a1.5,abf,2.0,2.0,100,0.8918238878250122,-1.880205750465393,-5.162966251373291,0.7276271730661392,nan,85950734.0,-1.8756496906280518,-5.130151271820068,1.4937893169959768
pilot,b2_h2_w2_n10_a1.5,abf,2.0,2.0,100,0.900628924369812,-1.9245546162128448,-4.910550117492676,0.7286355048418045,nan,86279006.0,-1.9169042110443115,-4.844610691070557,1.6222678832410005
pilot,b2_h2_w2_n10_a1.5,abf,2.0,2.0,100,0.9094339609146118,-1.9665703773498535,-4.633028268814087,0.7301367521286011,nan,86614856.0,-1.9580192565917969,-4.557561874389648,1.7613053130120173
pilot,b2_h2_w2_n10_a1.5,abf,2.0,2.0,100,0.9182389974594116,-2.0060296654701233,-4.329920530319214,0.732166051864624,nan,86956024.0,-1.99913489818573,-4.270509243011475,1.9122613076424966
pilot,b2_h2_w2_n10_a1.5,abf,2.0,2.0,100,0.9270440340042114,-2.0427058935165405,-4.00081992149353,0.7347468733787537,nan,87301488.0,-2.0329530239105225,-3.921541452407837,2.0460737727004217
pilot,b2_h2_w2_n10_a1.5,abf,2.0,2.0,100,0.9358490705490112,-2.07636821269989,-3.645321786403656,0.7378929257392883,nan,87649082.0,-2.0649473667144775,-3.557096004486084,2.181279016395527
pilot,b2_h2_w2_n10_a1.5,abf,2.0,2.0,100,0.944654107093811,-2.1067816615104675,-3.262860894203186,0.7416115403175354,nan,87998608.0,-2.0969412326812744,-3.192650318145752,2.3254164504188135
pilot,b2_h2_w2_n10_a1.5,abf,2.0,2.0,100,0.9534591436386108,-2.13370543718338,-2.8526976704597473,0.7459073513746262,nan,88351968.0,-2.121851682662964,-2.7741053104400635,2.4442053048995005
pilot,b2_h2_w2_n10_a1.5,abf,2.0,2.0,100,0.9622641801834106,-2.156894266605377,-2.41447514295578,0.7507868111133575,nan,88706588.0,-2.1424198150634766,-2.322413444519043,2.5468474653140984
pilot,b2_h2_w2_n10_a1.5,abf,2.0,2.0,100,0.9710691571235657,-2.1761003136634827,-1.948034018278122,0.7562625408172607,nan,89061578.0,-2.1629879474639893,-1.8707269430160522,2.6537999891312536
pilot,b2_h2_w2_n10_a1.5,abf,2.0,2.0,100,0.9798741936683655,-2.1910760402679443,-1.4535739719867706,0.7623573541641235,nan,89413842.0,-2.177436351776123,-1.3793991804122925,2.731605084998675
pilot,b2_h2_w2_n10_a1.5,abf,2.0,2.0,100,0.9886792302131653,-2.201575517654419,-0.9313103705644608,0.7691075652837753,nan,89760896.0,-2.184096097946167,-0.8376205563545227,2.7682320628858497
pilot,b2_h2_w2_n10_a1.5,abf,2.0,2.0,100,0.9974842667579651,-2.207353711128235,-0.38119372725486755,0.7765649259090424,nan,90104176.0,-2.19075608253479,-0.2958485186100006,2.8053514946685048
pilot,b2_h2_w2_n10_a1.5,abf,2.0,2.0,100,1.0062893629074097,-2.2081637382507324,0.19720791280269623,0.7847966253757477,nan,90447384.0,-2.19315505027771,0.2685253322124481,2.8188437317136734
pilot,b2_h2_w2_n10_a1.5,abf,2.0,2.0,100,1.01509428024292,-2.203753173351288,0.8046141117811203,0.7938839048147202,nan,90796056.0,-2.1834287643432617,0.8971868753433228,2.7645398588133774
pilot,b2_h2_w2_n10_a1.5,abf,2.0,2.0,100,1.0238993167877197,-2.1938631534576416,1.441841721534729,0.8039174675941467,nan,91156662.0,-2.1737022399902344,1.5258636474609375,2.711280834999815
pilot,b2_h2_w2_n10_a1.5,abf,2.0,2.0,100,1.0327043533325195,-2.1782276034355164,2.109652101993561,0.8149916976690292,nan,91533526.0,-2.162458658218384,2.1623053550720215,2.6509922199270237
pilot,b2_h2_w2_n10_a1.5,abf,2.0,2.0,100,1.0415093898773193,-2.156574308872223,2.808721899986267,0.8271957784891129,nan,91926240.0,-2.1337695121765137,2.8881139755249023,2.503164422464407
pilot,b2_h2_w2_n10_a1.5,abf,2.0,2.0,100,1.0503144264221191,-2.1286256909370422,3.539622724056244,0.8406038880348206,nan,92332648.0,-2.1050801277160645,3.613931179046631,2.3635788483314304
pilot,b2_h2_w2_n10_a1.5,abf,2.0,2.0,100,1.059119462966919,-2.0940985679626465,4.302954435348511,0.8552636057138443,nan,92747976.0,-2.0763909816741943,4.339739799499512,2.2317781389020825
pilot,b2_h2_w2_n10_a1.5,abf,2.0,2.0,100,1.0679244995117188,-2.05270516872406,5.099262595176697,0.8711844980716705,nan,93168662.0,-2.0280308723449707,5.164138317108154,2.0260304205376034
pilot,b2_h2_w2_n10_a1.5,abf,2.0,2.0,100,1.0767295360565186,-2.004151999950409,5.929233074188232,0.888327106833458,nan,93590440.0,-1.9774856567382812,5.9994893074035645,1.831230214897322
pilot,b2_h2_w2_n10_a1.5,abf,2.0,2.0,100,1.0855345726013184,-1.9481392800807953,6.793647885322571,0.9065930396318436,nan,94012568.0,-1.9269397258758545,6.834850311279297,1.6551574294641942
pilot,b2_h2_w2_n10_a1.5,abf,2.0,2.0,100,1.0943396091461182,-1.8843600749969482,7.693532586097717,0.92581807076931,nan,94434504.0,-1.8584883213043213,7.746270179748535,1.4433882753805594
pilot,b2_h2_w2_n10_a1.5,abf,2.0,2.0,100,1.103144645690918,-1.812494933605194,8.630104541778564,0.9457695186138153,nan,94857778.0,-1.7830740213394165,8.68726921081543,1.2413068287027165
pilot,b2_h2_w2_n10_a1.5,abf,2.0,2.0,100,1.1119496822357178,-1.7322162687778473,9.604615211486816,0.9661455303430557,nan,95283348.0,-1.7076598405838013,9.62826919555664,1.0675180314481207
pilot,b2_h2_w2_n10_a1.5,abf,2.0,2.0,100,1.1207547187805176,-1.643186777830124,10.617787837982178,0.9865812063217163,nan,95712156.0,-1.6171590089797974,10.630501747131348,0.8907733099431016
pilot,b2_h2_w2_n10_a1.5,abf,2.0,2.0,100,1.1295597553253174,-1.5450651347637177,11.669849634170532,1.0066584944725037,nan,96136108.0,-1.5138096809387207,11.684869766235352,0.7244344757023659
pilot,b2_h2_w2_n10_a1.5,abf,2.0,2.0,100,1.1383647918701172,-1.4375122487545013,12.760010004043579,1.0259205400943756,nan,96541102.0,-1.4104602336883545,12.739237785339355,0.5891568355324459
pilot,b2_h2_w2_n10_a1.5,abf,2.0,2.0,100,1.147169828414917,-1.320200800895691,13.886437892913818,1.043889731168747,nan,96893612.0,-1.2962450981140137,13.81045150756836,0.4688402777652145
pilot,b2_h2_w2_n10_a1.5,abf,2.0,2.0,100,1.1559748649597168,-1.1928226053714752,15.04659104347229,1.060088872909546,nan,97130686.0,-1.1627188920974731,14.91157341003418,0.35895956120973055
pilot,b2_h2_w2_n10_a1.5,abf,2.0,2.0,100,1.1647799015045166,-1.0550950467586517,16.237226486206055,1.0740633457899094,nan,97149500.0,-1.0291926860809326,16.0126953125,0.2748312649204783
pilot,b2_h2_w2_n10_a1.5,abf,2.0,2.0,100,1.1735849380493164,-0.9067696183919907,17.453806400299072,1.0854035764932632,nan,96799722.0,-0.8907105922698975,17.07135772705078,0.2083445374992525
pilot,b2_h2_w2_n10_a1.5,abf,2.0,2.0,100,1.1823899745941162,-0.747638538479805,18.691660404205322,1.0937661081552505,nan,95880108.0,-0.7296529412269592,17.93663787841797,0.15096950118886213
pilot,b2_h2_w2_n10_a1.5,abf,2.0,2.0,100,1.191195011138916,-0.5775343328714371,19.946271419525146,1.0988914966583252,nan,94153544.0,-0.5685973167419434,18.801910400390625,0.10939515353143912
pilot,b2_h2_w2_n10_a1.5,abf,2.0,2.0,100,1.2000000476837158,-0.3969225063920021,21.078392028808594,1.100618228316307,nan,91382630.0,-0.21101705729961395,0.0,0.05350665665810853
pilot,b2_h2_w2_n10_a1.5,fr_estimated,2.0,2.0,100,-0.20000000298023224,-0.21641258522868156,-22.92132568359375,0.8890885263681412,0.7143229991197586,54665954.0,-0.21101705729961395,-21.358619689941406,0.05350665665810853
pilot,b2_h2_w2_n10_a1.5,fr_estimated,2.0,2.0,100,-0.19119496643543243,-0.41131873428821564,-21.3501877784729,0.8871543258428574,0.7143188267946243,57723423.0,-0.3829563856124878,-20.206899642944336,0.07546618886176147
pilot,b2_h2_w2_n10_a1.5,fr_estimated,2.0,2.0,100,-0.18238992989063263,-0.5918705016374588,-19.660903453826904,0.8814242780208588,0.7143150866031647,59965958.0,-0.5548957586288452,-19.055179595947266,0.10643808688879683
pilot,b2_h2_w2_n10_a1.5,fr_estimated,2.0,2.0,100,-0.17358490824699402,-0.7578665316104889,-18.043888568878174,0.8721119910478592,0.7143127471208572,61553705.0,-0.7268348336219788,-17.90346336364746,0.15012099800947723
pilot,b2_h2_w2_n10_a1.5,fr_estimated,2.0,2.0,100,-0.1647798717021942,-0.9099340438842773,-16.497136116027832,0.8595595806837082,0.7143106758594513,62661782.0,-0.869683027267456,-16.562618255615234,0.19976426764675415
pilot,b2_h2_w2_n10_a1.5,fr_estimated,2.0,2.0,100,-0.1559748500585556,-1.0486928820610046,-15.020975589752197,0.844217836856842,0.7143093645572662,63444792.0,-1.0061451196670532,-15.180262565612793,0.2624504216825893
pilot,b2_h2_w2_n10_a1.5,fr_estimated,2.0,2.0,100,-0.1471698135137558,-1.1747660338878632,-13.61561894416809,0.8266213238239288,0.7143067568540573,64022227.0,-1.142607569694519,-13.797903060913086,0.34480777728559425
pilot,b2_h2_w2_n10_a1.5,fr_estimated,2.0,2.0,100,-0.138364776968956,-1.2887723743915558,-12.28010368347168,0.8073595017194748,0.7143057137727737,64474407.0,-1.255441665649414,-12.497251510620117,0.4320992409909858
pilot,b2_h2_w2_n10_a1.5,fr_estimated,2.0,2.0,100,-0.12955975532531738,-1.3913156986236572,-11.011902809143066,0.7870472222566605,0.7143058776855469,64849930.0,-1.3549851179122925,-11.242560386657715,0.527285522843448
pilot,b2_h2_w2_n10_a1.5,fr_estimated,2.0,2.0,100,-0.12075471878051758,-1.482973724603653,-9.80754542350769,0.7662952244281769,0.7143058776855469,65174282.0,-1.454528570175171,-9.98786735534668,0.6434402012895191
pilot,b2_h2_w2_n10_a1.5,fr_estimated,2.0,2.0,100,-0.11194968223571777,-1.5642899870872498,-8.66285252571106,0.7456843703985214,0.7143071293830872,65460469.0,-1.5390979051589966,-8.81790828704834,0.7620161619705393
pilot,b2_h2_w2_n10_a1.5,fr_estimated,2.0,2.0,100,-0.10314465314149857,-1.635774403810501,-7.5743231773376465,0.7257433533668518,0.7143049091100693,65713653.0,-1.6060888767242432,-7.747419834136963,0.8712680755343021
pilot,b2_h2_w2_n10_a1.5,fr_estimated,2.0,2.0,100,-0.09433962404727936,-1.6979088485240936,-6.539069294929504,0.7069317996501923,0.7143057435750961,65934552.0,-1.6730798482894897,-6.676931381225586,0.9961836734305307
pilot,b2_h2_w2_n10_a1.5,fr_estimated,2.0,2.0,100,-0.08553458750247955,-1.7511517703533173,-5.554665923118591,0.689629003405571,0.7143063247203827,66122978.0,-1.7323201894760132,-5.652304649353027,1.1214887627054542
pilot,b2_h2_w2_n10_a1.5,fr_estimated,2.0,2.0,100,-0.07672955840826035,-1.7959422171115875,-4.6191712617874146,0.6741278320550919,0.7143073976039886,66278469.0,-1.7716307640075684,-4.745610237121582,1.2132202694408458
pilot,b2_h2_w2_n10_a1.5,fr_estimated,2.0,2.0,100,-0.06792452931404114,-1.8327029943466187,-3.7307708859443665,0.6606334894895554,0.7143072634935379,66400758.0,-1.8109411001205444,-3.8389153480529785,1.3124542744175662
pilot,b2_h2_w2_n10_a1.5,fr_estimated,2.0,2.0,100,-0.05911949649453163,-1.861841082572937,-2.8877474665641785,0.6492666453123093,0.7143067717552185,66489519.0,-1.8479148149490356,-2.9466609954833984,1.4131854010013576
pilot,b2_h2_w2_n10_a1.5,fr_estimated,2.0,2.0,100,-0.050314463675022125,-1.8837485313415527,-2.088365375995636,0.6400691270828247,0.7143064886331558,66547357.0,-1.8638594150543213,-2.184368133544922,1.458977001475026
pilot,b2_h2_w2_n10_a1.5,fr_estimated,2.0,2.0,100,-0.04150943458080292,-1.8988027274608612,-1.3310866951942444,0.6330123543739319,0.7143078446388245,66577870.0,-1.8798038959503174,-1.4220738410949707,1.5062520330479796
pilot,b2_h2_w2_n10_a1.5,fr_estimated,2.0,2.0,100,-0.03270440176129341,-1.9073685705661774,-0.6145802736282349,0.6280064731836319,0.7143062353134155,66584318.0,-1.8957483768463135,-0.6597796678543091,1.5550589109817492
pilot,b2_h2_w2_n10_a1.5,fr_estimated,2.0,2.0,100,-0.023899370804429054,-1.9098004400730133,0.06220273766666651,0.6249105036258698,0.7143070697784424,66572241.0,-1.8937662839889526,-0.01962733268737793,1.5489065712268495
pilot,b2_h2_w2_n10_a1.5,fr_estimated,2.0,2.0,100,-0.015094339847564697,-1.9064445197582245,0.7000669538974762,0.6235422044992447,0.7143053710460663,66545370.0,-1.8902251720428467,0.6099063158035278,1.5379756215073512
pilot,b2_h2_w2_n10_a1.5,fr_estimated,2.0,2.0,100,-0.006289307959377766,-1.8976406157016754,1.2996740937232971,0.623688131570816,0.7143033295869827,66506682.0,-1.8866841793060303,1.2394390106201172,1.527122177824683
pilot,b2_h2_w2_n10_a1.5,fr_estimated,2.0,2.0,100,0.002515723230317235,-1.883723109960556,1.8615846633911133,0.625112995505333,0.7143024653196335,66459772.0,-1.871309757232666,1.7825074195861816,1.4808795333640032
pilot,b2_h2_w2_n10_a1.5,fr_estimated,2.0,2.0,100,0.011320754885673523,-1.8650215864181519,2.386330008506775,0.627568706870079,0.7143009305000305,66407332.0,-1.8517775535583496,2.2951979637145996,1.4241452130019745
pilot,b2_h2_w2_n10_a1.5,fr_estimated,2.0,2.0,100,0.02012578584253788,-1.8418610990047455,2.8744112253189087,0.6308030188083649,0.7142983078956604,66351938.0,-1.8322454690933228,2.8078887462615967,1.369584780922246
pilot,b2_h2_w2_n10_a1.5,fr_estimated,2.0,2.0,100,0.028930816799402237,-1.8145624101161957,3.32628470659256,0.634567990899086,0.7142945826053619,66297512.0,-1.8055362701416016,3.259007453918457,1.2983434937730793
pilot,b2_h2_w2_n10_a1.5,fr_estimated,2.0,2.0,100,0.03773584961891174,-1.7834419012069702,3.7425177097320557,0.6386274099349976,0.7142942398786545,66246495.0,-1.7731881141662598,3.6617488861083984,1.2170049780559566
pilot,b2_h2_w2_n10_a1.5,fr_estimated,2.0,2.0,100,0.04654087871313095,-1.7488104104995728,4.123779773712158,0.642764076590538,0.7142913639545441,66201629.0,-1.740839958190918,4.064488887786865,1.140762150938034
pilot,b2_h2_w2_n10_a1.5,fr_estimated,2.0,2.0,100,0.05534591153264046,-1.710972398519516,4.470847964286804,0.6467859745025635,0.7142880111932755,66164389.0,-1.7047604322433472,4.427677154541016,1.0613456037647977
pilot,b2_h2_w2_n10_a1.5,fr_estimated,2.0,2.0,100,0.06415094435214996,-1.6702251136302948,4.784614443778992,0.650531530380249,0.7142828553915024,66133166.0,-1.6625924110412598,4.7263336181640625,0.9755064550006218
pilot,b2_h2_w2_n10_a1.5,fr_estimated,2.0,2.0,100,0.07295597344636917,-1.6268587112426758,5.065750479698181,0.6538735330104828,0.7142788022756577,66108449.0,-1.6204246282577515,5.024989128112793,0.89661020325217
pilot,b2_h2_w2_n10_a1.5,fr_estimated,2.0,2.0,100,0.08176100999116898,-1.5811591148376465,5.314589500427246,0.6567213982343674,0.7142748087644577,66087430.0,-1.5768866539001465,5.302060127258301,0.8218396169988992
pilot,b2_h2_w2_n10_a1.5,fr_estimated,2.0,2.0,100,0.09056603908538818,-1.5334105491638184,5.531158924102783,0.6590218544006348,0.7142721116542816,66069315.0,-1.5278675556182861,5.492795944213867,0.7450915273340498
pilot,b2_h2_w2_n10_a1.5,fr_estimated,2.0,2.0,100,0.09937106817960739,-1.4838992953300476,5.714962482452393,0.6607580184936523,0.7142680883407593,66053051.0,-1.4788483381271362,5.68353271484375,0.6755104527225025
pilot,b2_h2_w2_n10_a1.5,fr_estimated,2.0,2.0,100,0.1081760972738266,-1.4329161942005157,5.865491628646851,0.6619463711977005,0.7142676711082458,66037589.0,-1.4297547340393066,5.871955871582031,0.6123361663676639
pilot,b2_h2_w2_n10_a1.5,fr_estimated,2.0,2.0,100,0.1169811338186264,-1.38075652718544,5.98219096660614,0.662632554769516,0.7142621129751205,66022178.0,-1.3770136833190918,5.947054386138916,0.5510355475694314
pilot,b2_h2_w2_n10_a1.5,fr_estimated,2.0,2.0,100,0.1257861703634262,-1.3277207911014557,6.064514636993408,0.6628856360912323,0.7142648249864578,66004651.0,-1.324272871017456,6.022152423858643,0.49587193464869
pilot,b2_h2_w2_n10_a1.5,fr_estimated,2.0,2.0,100,0.13459119200706482,-1.274114727973938,6.111713409423828,0.6627916842699051,0.7142654061317444,65983691.0,-1.2715317010879517,6.097250938415527,0.44623037621327816
pilot,b2_h2_w2_n10_a1.5,fr_estimated,2.0,2.0,100,0.14339622855186462,-1.2202524244785309,6.122722148895264,0.6624463498592377,0.7142627835273743,65957603.0,-1.2182998657226562,6.081257343292236,0.4011645476975384
pilot,b2_h2_w2_n10_a1.5,fr_estimated,2.0,2.0,100,0.15220126509666443,-1.166459083557129,6.0960657596588135,0.661948025226593,0.7142661511898041,65924878.0,-1.1649742126464844,6.047913551330566,0.3605823561303505
pilot,b2_h2_w2_n10_a1.5,fr_estimated,2.0,2.0,100,0.16100628674030304,-1.113073468208313,6.030098915100098,0.6613907217979431,0.7142658829689026,65884412.0,-1.1116490364074707,6.014570236206055,0.32410580719358745
pilot,b2_h2_w2_n10_a1.5,fr_estimated,2.0,2.0,100,0.16981132328510284,-1.0604485273361206,5.923264861106873,0.660858154296875,0.7142692357301712,65837496.0,-1.0600104331970215,5.904735565185547,0.2923035512782321
pilot,b2_h2_w2_n10_a1.5,fr_estimated,2.0,2.0,100,0.17861634492874146,-1.0089490115642548,5.77447783946991,0.6604191213846207,0.7142701894044876,65788820.0,-1.0092413425445557,5.755496978759766,0.26408067409753966
pilot,b2_h2_w2_n10_a1.5,fr_estimated,2.0,2.0,100,0.18742138147354126,-0.9589428305625916,5.584085583686829,0.6601241528987885,0.7142720967531204,65746443.0,-0.958471953868866,5.606258392333984,0.23858266709184026
pilot,b2_h2_w2_n10_a1.5,fr_estimated,2.0,2.0,100,0.19622641801834106,-0.9107843935489655,5.354750275611877,0.6600037068128586,0.7142758518457413,65724070.0,-0.9104708433151245,5.402559757232666,0.2167432864999662
pilot,b2_h2_w2_n10_a1.5,fr_estimated,2.0,2.0,100,0.20503143966197968,-0.864788368344307,5.09290874004364,0.6600683033466339,0.7142786383628845,65738930.0,-0.8654685616493225,5.139863014221191,0.1980875447892795
pilot,b2_h2_w2_n10_a1.5,fr_estimated,2.0,2.0,100,0.21383647620677948,-0.8211898505687714,4.810199022293091,0.6603100746870041,0.7142809331417084,65810559.0,-0.8204662799835205,4.877166748046875,0.1810375584604367
pilot,b2_h2_w2_n10_a1.5,fr_estimated,2.0,2.0,100,0.22264151275157928,-0.7800977975130081,4.523560285568237,0.6607053130865097,0.7142811417579651,65959399.0,-0.7776234745979309,4.617844104766846,0.16617125351835182
pilot,b2_h2_w2_n10_a1.5,fr_estimated,2.0,2.0,100,0.2314465343952179,-0.7414552420377731,4.253809452056885,0.6612181663513184,0.7142799943685532,66199848.0,-0.7398192882537842,4.366394996643066,0.1540705372419022
pilot,b2_h2_w2_n10_a1.5,fr_estimated,2.0,2.0,100,0.2402515709400177,-0.7050210535526276,4.021966755390167,0.6618047058582306,0.7142782360315323,66538840.0,-0.7020150423049927,4.114945411682129,0.1428509872414785
pilot,b2_h2_w2_n10_a1.5,fr_estimated,2.0,2.0,100,0.2490566074848175,-0.6703874617815018,3.844801962375641,0.6624167859554291,0.714274451136589,66968212.0,-0.6647517681121826,3.8852031230926514,0.13259183388838175
pilot,b2_h2_w2_n10_a1.5,fr_estimated,2.0,2.0,100,0.2578616440296173,-0.6370365917682648,3.7306180596351624,0.6630059778690338,0.7142705470323563,67470642.0,-0.6314558386802673,3.8146376609802246,0.12404986631157824
pilot,b2_h2_w2_n10_a1.5,fr_estimated,2.0,2.0,100,0.2666666805744171,-0.6044221371412277,3.6775193214416504,0.6635262817144394,0.7142664790153503,68017332.0,-0.5981597304344177,3.7440719604492188,0.11605815665515194
pilot,b2_h2_w2_n10_a1.5,fr_estimated,2.0,2.0,100,0.27547168731689453,-0.5720547139644623,3.674501657485962,0.6639363914728165,0.7142645120620728,68578130.0,-0.5648640394210815,3.673506736755371,0.10858139042397667
pilot,b2_h2_w2_n10_a1.5,fr_estimated,2.0,2.0,100,0.28427672386169434,-0.5395671725273132,3.7048067450523376,0.6642010360956192,0.7142624706029892,69124922.0,-0.5319480895996094,3.708451271057129,0.1016634790944092
pilot,b2_h2_w2_n10_a1.5,fr_estimated,2.0,2.0,100,0.29308176040649414,-0.5067468583583832,3.750091016292572,0.6642915457487106,0.7142629772424698,69636688.0,-0.4990566074848175,3.7501299381256104,0.09519097815702243
pilot,b2_h2_w2_n10_a1.5,fr_estimated,2.0,2.0,100,0.30188679695129395,-0.4735340103507042,3.793964445590973,0.6641858071088791,0.7142651379108429,70100976.0,-0.4661649167537689,3.791808843612671,0.0891305178863541
pilot,b2_h2_w2_n10_a1.5,fr_estimated,2.0,2.0,100,0.31069183349609375,-0.4399963691830635,3.8238898515701294,0.6638681143522263,0.7142685651779175,70516294.0,-0.43281394243240356,3.8029561042785645,0.08337928022450407
pilot,b2_h2_w2_n10_a1.5,fr_estimated,2.0,2.0,100,0.31949687004089355,-0.4062911719083786,3.8320040106773376,0.663329005241394,0.7142728567123413,70884208.0,-0.3993176817893982,3.80446195602417,0.077976485918526
pilot,b2_h2_w2_n10_a1.5,fr_estimated,2.0,2.0,100,0.32830187678337097,-0.3726281002163887,3.8143134117126465,0.6625649482011795,0.7142771482467651,71211204.0,-0.3658214211463928,3.8059678077697754,0.07292378082217069
pilot,b2_h2_w2_n10_a1.5,fr_estimated,2.0,2.0,100,0.3371069133281708,-0.3392389714717865,3.7697898149490356,0.6615784466266632,0.7142808884382248,71505742.0,-0.3329432010650635,3.761594295501709,0.06828283089850612
pilot,b2_h2_w2_n10_a1.5,fr_estimated,2.0,2.0,100,0.3459119498729706,-0.30635634809732437,3.699260652065277,0.6603786498308182,0.7142837345600128,71775748.0,-0.3005121946334839,3.6839985847473145,0.06399444894386126
pilot,b2_h2_w2_n10_a1.5,fr_estimated,2.0,2.0,100,0.3547169864177704,-0.2742020934820175,3.6043447852134705,0.6589814275503159,0.7142866104841232,72026684.0,-0.268081396818161,3.606403112411499,0.0599754162273074
pilot,b2_h2_w2_n10_a1.5,fr_estimated,2.0,2.0,100,0.3635220229625702,-0.2429829128086567,3.486864924430847,0.6574098020792007,0.7142881453037262,72262622.0,-0.23695890605449677,3.4974217414855957,0.056356059455429895
pilot,b2_h2_w2_n10_a1.5,fr_estimated,2.0,2.0,100,0.3723270297050476,-0.2128918468952179,3.348125457763672,0.6556939333677292,0.7142894566059113,72485548.0,-0.20779938995838165,3.3413658142089844,0.05316342899174823
pilot,b2_h2_w2_n10_a1.5,fr_estimated,2.0,2.0,100,0.3811320662498474,-0.18411238864064217,3.188918650150299,0.6538704037666321,0.7142899036407471,72697340.0,-0.17863954603672028,3.1853079795837402,0.05015163154366643
pilot,b2_h2_w2_n10_a1.5,fr_estimated,2.0,2.0,100,0.3899371027946472,-0.1568232960999012,3.009600341320038,0.6519809663295746,0.7142899185419083,72897890.0,-0.15066124498844147,3.0135316848754883,0.04742238834086562
pilot,b2_h2_w2_n10_a1.5,fr_estimated,2.0,2.0,100,0.398742139339447,-0.13120046630501747,2.810438632965088,0.6500705480575562,0.7142894566059113,73088758.0,-0.12687131762504578,2.786022663116455,0.045218875097716084
pilot,b2_h2_w2_n10_a1.5,fr_estimated,2.0,2.0,100,0.4075471758842468,-0.10741635411977768,2.591949462890625,0.6481845825910568,0.714288592338562,73270980.0,-0.10308150202035904,2.5585148334503174,0.0431177592204347
pilot,b2_h2_w2_n10_a1.5,fr_estimated,2.0,2.0,100,0.41635221242904663,-0.0856365766376257,2.355169117450714,0.646366074681282,0.7142878770828247,73444846.0,-0.07957425713539124,2.329017162322998,0.04113751460711189
pilot,b2_h2_w2_n10_a1.5,fr_estimated,2.0,2.0,100,0.42515721917152405,-0.06601522490382195,2.1016921997070312,0.6446525454521179,0.7142875045537949,73609722.0,-0.06285040825605392,2.051807165145874,0.03978431629115821
pilot,b2_h2_w2_n10_a1.5,fr_estimated,2.0,2.0,100,0.43396225571632385,-0.048691004514694214,1.8333779871463776,0.6430732607841492,0.7142876535654068,73765842.0,-0.04612665995955467,1.7745988368988037,0.03847563850842612
pilot,b2_h2_w2_n10_a1.5,fr_estimated,2.0,2.0,100,0.44276729226112366,-0.03378582000732422,1.552225649356842,0.6416473239660263,0.7142886370420456,73910312.0,-0.029402807354927063,1.4973887205123901,0.037210001020675516
pilot,b2_h2_w2_n10_a1.5,fr_estimated,2.0,2.0,100,0.45157232880592346,-0.02140478789806366,1.260035514831543,0.6403825432062149,0.7142904698848724,74043364.0,-0.019672898575663567,1.1974248886108398,0.036492901135338617
pilot,b2_h2_w2_n10_a1.5,fr_estimated,2.0,2.0,100,0.46037736535072327,-0.011637892574071884,0.9584434330463409,0.6392755210399628,0.7142931073904037,74165472.0,-0.011081365868449211,0.8937554359436035,0.03587119790839169
pilot,b2_h2_w2_n10_a1.5,fr_estimated,2.0,2.0,100,0.46918240189552307,-0.004560977220535278,0.6490430533885956,0.6383128017187119,0.714296281337738,74278698.0,-0.0024898857809603214,0.5900877714157104,0.03526008990151453
pilot,b2_h2_w2_n10_a1.5,fr_estimated,2.0,2.0,100,0.4779874086380005,-0.00023519620299339294,0.33353009819984436,0.6374732702970505,0.7142994701862335,74386580.0,0.000193518353626132,0.2774076759815216,0.035071362643949146
pilot,b2_h2_w2_n10_a1.5,fr_estimated,2.0,2.0,100,0.4867924451828003,0.0012941323220729828,0.01384588610380888,0.6367309987545013,0.714302271604538,74491996.0,9.675946785137057e-05,-0.03951340913772583,0.03507815023263154
pilot,b2_h2_w2_n10_a1.5,fr_estimated,2.0,2.0,100,0.4955974817276001,0.0,-0.3077989034354687,0.6360587030649185,0.7143042385578156,74598414.0,0.0,-0.3564364016056061,0.035084939175804325
pilot,b2_h2_w2_n10_a1.5,fr_estimated,2.0,2.0,100,0.5044025182723999,-0.004124190658330917,-0.6289848834276199,0.6354310661554337,0.7143051326274872,74709402.0,-0.004542456939816475,-0.6739820241928101,0.03540513510059386
pilot,b2_h2_w2_n10_a1.5,fr_estimated,2.0,2.0,100,0.5132075548171997,-0.011063449084758759,-0.947217121720314,0.6348275989294052,0.7143048942089081,74826644.0,-0.013530557975172997,-0.9921542406082153,0.03604733987125053
pilot,b2_h2_w2_n10_a1.5,fr_estimated,2.0,2.0,100,0.5220125913619995,-0.020781226456165314,-1.2601058781147003,0.6342347115278244,0.7143037915229797,74952364.0,-0.02251860499382019,-1.3103244304656982,0.03670118946649292
pilot,b2_h2_w2_n10_a1.5,fr_estimated,2.0,2.0,100,0.5308176279067993,-0.033221110701560974,-1.5655233561992645,0.633647084236145,0.714302197098732,75087766.0,-0.03423841670155525,-1.6199840307235718,0.03757161287324377
pilot,b2_h2_w2_n10_a1.5,fr_estimated,2.0,2.0,100,0.5396226644515991,-0.04831026867032051,-1.8618693351745605,0.6330676972866058,0.7143005728721619,75233252.0,-0.051762908697128296,-1.9115548133850098,0.03891180879193589
pilot,b2_h2_w2_n10_a1.5,fr_estimated,2.0,2.0,100,0.5484277009963989,-0.06596428528428078,-2.1481133699417114,0.6325070559978485,0.7142994999885559,75388818.0,-0.06928729265928268,-2.2031238079071045,0.04029980137971267
pilot,b2_h2_w2_n10_a1.5,fr_estimated,2.0,2.0,100,0.557232677936554,-0.08609245344996452,-2.423853874206543,0.6319815516471863,0.7142990529537201,75554596.0,-0.0878918468952179,-2.4902045726776123,0.041827568217343986
pilot,b2_h2_w2_n10_a1.5,fr_estimated,2.0,2.0,100,0.5660377144813538,-0.10860339738428593,-2.689343571662903,0.6315118372440338,0.714299663901329,75727656.0,-0.11313135176897049,-2.7497153282165527,0.04399318161508812
pilot,b2_h2_w2_n10_a1.5,fr_estimated,2.0,2.0,100,0.5748427510261536,-0.13340895250439644,-2.9450578689575195,0.6311204433441162,0.7143012583255768,75908628.0,-0.13837100565433502,-3.009227752685547,0.04627093297309708
pilot,b2_h2_w2_n10_a1.5,fr_estimated,2.0,2.0,100,0.5836477875709534,-0.16042544320225716,-3.1915823221206665,0.6308301836252213,0.7143034934997559,76096296.0,-0.16361050307750702,-3.2687385082244873,0.04866659990546785
pilot,b2_h2_w2_n10_a1.5,fr_estimated,2.0,2.0,100,0.5924528241157532,-0.18957389518618584,-3.4292770624160767,0.6306627690792084,0.7143058776855469,76290210.0,-0.19545377790927887,-3.5016708374023438,0.051866832008589416
pilot,b2_h2_w2_n10_a1.5,fr_estimated,2.0,2.0,100,0.601257860660553,-0.2207765094935894,-3.6581773161888123,0.6306379586458206,0.7143082618713379,76491160.0,-0.22757196426391602,-3.733494281768799,0.055307907087078015
pilot,b2_h2_w2_n10_a1.5,fr_estimated,2.0,2.0,100,0.6100628972053528,-0.25395526736974716,-3.878136456012726,0.6307734996080399,0.7143097519874573,76700092.0,-0.2596903443336487,-3.9653191566467285,0.05897730115812235
pilot,b2_h2_w2_n10_a1.5,fr_estimated,2.0,2.0,100,0.6188679337501526,-0.28903109580278397,-4.089081287384033,0.6310853511095047,0.7143112868070602,76915880.0,-0.29653200507164,-4.172887802124023,0.06348705108748899
pilot,b2_h2_w2_n10_a1.5,fr_estimated,2.0,2.0,100,0.6276729702949524,-0.3259250372648239,-4.2911094427108765,0.6315884292125702,0.7143112570047379,77139354.0,-0.3347061574459076,-4.373616695404053,0.06852401515082389
pilot,b2_h2_w2_n10_a1.5,fr_estimated,2.0,2.0,100,0.6364780068397522,-0.3645607978105545,-4.48472273349762,0.6322968900203705,0.7143104821443558,77365250.0,-0.37288030982017517,-4.574345588684082,0.07396060412255727
pilot,b2_h2_w2_n10_a1.5,fr_estimated,2.0,2.0,100,0.645283043384552,-0.4048668146133423,-4.670494198799133,0.6332249343395233,0.7143080532550812,77592006.0,-0.41415923833847046,-4.755984783172607,0.08032576524014695
pilot,b2_h2_w2_n10_a1.5,fr_estimated,2.0,2.0,100,0.6540880799293518,-0.4467768892645836,-4.849075675010681,0.6343861818313599,0.7143057137727737,77815254.0,-0.457508385181427,-4.924899101257324,0.08760067693155635
pilot,b2_h2_w2_n10_a1.5,fr_estimated,2.0,2.0,100,0.6628930568695068,-0.49022937566041946,-5.020838618278503,0.6357934325933456,0.7143024802207947,78032600.0,-0.5008570551872253,-5.093811511993408,0.09553436879869348
pilot,b2_h2_w2_n10_a1.5,fr_estimated,2.0,2.0,100,0.6716980934143066,-0.5351644903421402,-5.185847163200378,0.637457087635994,0.7142986059188843,78241722.0,-0.5460676550865173,-5.25379753112793,0.10457528736450417
pilot,b2_h2_w2_n10_a1.5,fr_estimated,2.0,2.0,100,0.6805031299591064,-0.5815214067697525,-5.343786358833313,0.6393837034702301,0.7142951041460037,78440694.0,-0.5938485264778137,-5.401453971862793,0.1150617577389412
pilot,b2_h2_w2_n10_a1.5,fr_estimated,2.0,2.0,100,0.6893081665039062,-0.6292352378368378,-5.494065999984741,0.6415737718343735,0.7142926752567291,78627750.0,-0.641629695892334,-5.549110412597656,0.12659985278370714
pilot,b2_h2_w2_n10_a1.5,fr_estimated,2.0,2.0,100,0.698113203048706,-0.6782342344522476,-5.635770082473755,0.6440199911594391,0.7142891436815262,78803758.0,-0.6903326511383057,-5.691756725311279,0.13955199521267878
pilot,b2_h2_w2_n10_a1.5,fr_estimated,2.0,2.0,100,0.7069182395935059,-0.7284398376941681,-5.768070936203003,0.6467057019472122,0.7142859995365143,78970286.0,-0.7419556379318237,-5.818536758422852,0.15473024268504815
pilot,b2_h2_w2_n10_a1.5,fr_estimated,2.0,2.0,100,0.7157232761383057,-0.7797650396823883,-5.890075325965881,0.6496038883924484,0.7142845243215561,79130962.0,-0.7935791611671448,-5.945319175720215,0.17155952268032904
pilot,b2_h2_w2_n10_a1.5,fr_estimated,2.0,2.0,100,0.7245283126831055,-0.8321156054735184,-6.000974655151367,0.6526771485805511,0.7142825871706009,79290472.0,-0.8453841209411621,-6.06988525390625,0.19028828219279417
pilot,b2_h2_w2_n10_a1.5,fr_estimated,2.0,2.0,100,0.7333333492279053,-0.8853909373283386,-6.10011613368988,0.6558785289525986,0.7142804563045502,79453844.0,-0.9000403881072998,-6.15976619720459,0.21226865889024404
pilot,b2_h2_w2_n10_a1.5,fr_estimated,2.0,2.0,100,0.7421383857727051,-0.9394844025373459,-6.186826467514038,0.6591535657644272,0.7142780721187592,79624562.0,-0.9546972513198853,-6.249648094177246,0.23678829164449272
pilot,b2_h2_w2_n10_a1.5,fr_estimated,2.0,2.0,100,0.7509434223175049,-0.994282990694046,-6.2602702379226685,0.6624430567026138,0.7142763137817383,79805306.0,-1.009353518486023,-6.339528560638428,0.26413992774060474
pilot,b2_h2_w2_n10_a1.5,fr_estimated,2.0,2.0,100,0.7597483992576599,-1.0496672093868256,-6.3198559284210205,0.6656865030527115,0.7142751514911652,79992628.0,-1.0656609535217285,-6.389153480529785,0.2956256216633937
pilot,b2_h2_w2_n10_a1.5,fr_estimated,2.0,2.0,100,0.7685534358024597,-1.105511635541916,-6.364792704582214,0.6688262373209,0.7142718434333801,80184884.0,-1.1221935749053955,-6.433289527893066,0.3310134817432029
pilot,b2_h2_w2_n10_a1.5,fr_estimated,2.0,2.0,100,0.7773584723472595,-1.1616832315921783,-6.394175410270691,0.6718113273382187,0.7142716348171234,80378876.0,-1.178726077079773,-6.477425575256348,0.370637356653118
pilot,b2_h2_w2_n10_a1.5,fr_estimated,2.0,2.0,100,0.7861635088920593,-1.2180418074131012,-6.40727436542511,0.6746012270450592,0.7142695933580399,80571838.0,-1.2356252670288086,-6.485959529876709,0.4153088619734865
pilot,b2_h2_w2_n10_a1.5,fr_estimated,2.0,2.0,100,0.7949685454368591,-1.2744406759738922,-6.403325319290161,0.6771692633628845,0.7142684012651443,80762580.0,-1.29268217086792,-6.479236125946045,0.4655112652817123
pilot,b2_h2_w2_n10_a1.5,fr_estimated,2.0,2.0,100,0.8037735819816589,-1.3307267427444458,-6.381638288497925,0.6795046627521515,0.7142667472362518,80950860.0,-1.349738359451294,-6.472512722015381,0.5217813727397523
pilot,b2_h2_w2_n10_a1.5,fr_estimated,2.0,2.0,100,0.8125786185264587,-1.3867407441139221,-6.341616153717041,0.6816138476133347,0.7142679244279861,81137726.0,-1.4062265157699585,-6.432201385498047,0.584189248870676
pilot,b2_h2_w2_n10_a1.5,fr_estimated,2.0,2.0,100,0.8213836550712585,-1.442319095134735,-6.282601475715637,0.6835201531648636,0.7142682820558548,81325910.0,-1.4621901512145996,-6.3608856201171875,0.6533756667531476
pilot,b2_h2_w2_n10_a1.5,fr_estimated,2.0,2.0,100,0.8301886916160583,-1.4972923398017883,-6.2041696310043335,0.6852622330188751,0.7142680585384369,81516844.0,-1.5181546211242676,-6.28956937789917,0.7307571565153225
pilot,b2_h2_w2_n10_a1.5,fr_estimated,2.0,2.0,100,0.8389937281608582,-1.5514869093894958,-6.105733394622803,0.6868918985128403,0.7142684608697891,81711880.0,-1.5731145143508911,-6.195045471191406,0.815662758821952
pilot,b2_h2_w2_n10_a1.5,fr_estimated,2.0,2.0,100,0.847798764705658,-1.6047244369983673,-5.986780285835266,0.6884696781635284,0.7142671197652817,81911060.0,-1.6261258125305176,-6.055474281311035,0.9068921913401501
pilot,b2_h2_w2_n10_a1.5,fr_estimated,2.0,2.0,100,0.8566038012504578,-1.6568216383457184,-5.846725106239319,0.6900605261325836,0.7142682671546936,82111548.0,-1.6791377067565918,-5.915901184082031,1.0083265642078492
pilot,b2_h2_w2_n10_a1.5,fr_estimated,2.0,2.0,100,0.8654087781906128,-1.7075901627540588,-5.684991836547852,0.6917287558317184,0.7142660021781921,82311648.0,-1.731362223625183,-5.764812469482422,1.119342123895261
pilot,b2_h2_w2_n10_a1.5,fr_estimated,2.0,2.0,100,0.8742138147354126,-1.7568362653255463,-5.500900626182556,0.6935333162546158,0.7142657488584518,82508854.0,-1.7794578075408936,-5.553259372711182,1.2323615539567987
pilot,b2_h2_w2_n10_a1.5,fr_estimated,2.0,2.0,100,0.8830188512802124,-1.804359883069992,-5.293745160102844,0.6955232471227646,0.714264914393425,82702292.0,-1.8275535106658936,-5.341706275939941,1.3567928244098137
pilot,b2_h2_w2_n10_a1.5,fr_estimated,2.0,2.0,100,0.8918238878250122,-1.8499550521373749,-5.062868118286133,0.6977346390485764,0.7142632007598877,82892516.0,-1.8756496906280518,-5.130151271820068,1.4937893169959768
pilot,b2_h2_w2_n10_a1.5,fr_estimated,2.0,2.0,100,0.900628924369812,-1.8934105038642883,-4.807720303535461,0.700189009308815,0.7142640948295593,83080556.0,-1.9169042110443115,-4.844610691070557,1.6222678832410005
pilot,b2_h2_w2_n10_a1.5,fr_estimated,2.0,2.0,100,0.9094339609146118,-1.9345107674598694,-4.527909278869629,0.702893540263176,0.7142644822597504,83269912.0,-1.9580192565917969,-4.557561874389648,1.7613053130120173
pilot,b2_h2_w2_n10_a1.5,fr_estimated,2.0,2.0,100,0.9182389974594116,-1.9730374217033386,-4.223199963569641,0.7058435082435608,0.7142629325389862,83460790.0,-1.99913489818573,-4.270509243011475,1.9122613076424966
pilot,b2_h2_w2_n10_a1.5,fr_estimated,2.0,2.0,100,0.9270440340042114,-2.008769989013672,-3.893178880214691,0.7090269774198532,0.7142632454633713,83657434.0,-2.0329530239105225,-3.921541452407837,2.0460737727004217
pilot,b2_h2_w2_n10_a1.5,fr_estimated,2.0,2.0,100,0.9358490705490112,-2.041483700275421,-3.5375070571899414,0.7124309986829758,0.7142678052186966,83860168.0,-2.0649473667144775,-3.557096004486084,2.181279016395527
pilot,b2_h2_w2_n10_a1.5,fr_estimated,2.0,2.0,100,0.944654107093811,-2.070950746536255,-3.1557193994522095,0.7160496115684509,0.7142608165740967,84069180.0,-2.0969412326812744,-3.192650318145752,2.3254164504188135
pilot,b2_h2_w2_n10_a1.5,fr_estimated,2.0,2.0,100,0.9534591436386108,-2.096939265727997,-2.7473878860473633,0.7198923975229263,0.7142626196146011,84284096.0,-2.121851682662964,-2.7741053104400635,2.4442053048995005
pilot,b2_h2_w2_n10_a1.5,fr_estimated,2.0,2.0,100,0.9622641801834106,-2.1192137598991394,-2.3120993971824646,0.7239930480718613,0.7142675369977951,84505768.0,-2.1424198150634766,-2.322413444519043,2.5468474653140984
pilot,b2_h2_w2_n10_a1.5,fr_estimated,2.0,2.0,100,0.9710691571235657,-2.137535512447357,-1.8495616912841797,0.7284170687198639,0.7142650634050369,84732652.0,-2.1629879474639893,-1.8707269430160522,2.6537999891312536
pilot,b2_h2_w2_n10_a1.5,fr_estimated,2.0,2.0,100,0.9798741936683655,-2.1516634225845337,-1.3594873249530792,0.7332675904035568,0.7142753899097443,84964268.0,-2.177436351776123,-1.3793991804122925,2.731605084998675
pilot,b2_h2_w2_n10_a1.5,fr_estimated,2.0,2.0,100,0.9886792302131653,-2.1613535284996033,-0.8415524661540985,0.7386884987354279,0.7142733186483383,85198214.0,-2.184096097946167,-0.8376205563545227,2.7682320628858497
pilot,b2_h2_w2_n10_a1.5,fr_estimated,2.0,2.0,100,0.9974842667579651,-2.1663586497306824,-0.2952805906534195,0.7448641359806061,0.7142756432294846,85431110.0,-2.19075608253479,-0.2958485186100006,2.8053514946685048
pilot,b2_h2_w2_n10_a1.5,fr_estimated,2.0,2.0,100,1.0062893629074097,-2.1664260029792786,0.27997810393571854,0.7520154118537903,0.7142786979675293,85662232.0,-2.19315505027771,0.2685253322124481,2.8188437317136734
pilot,b2_h2_w2_n10_a1.5,fr_estimated,2.0,2.0,100,1.01509428024292,-2.1612972021102905,0.8849834501743317,0.7603915482759476,0.7142796367406845,85889190.0,-2.1834287643432617,0.8971868753433228,2.7645398588133774
pilot,b2_h2_w2_n10_a1.5,fr_estimated,2.0,2.0,100,1.0238993167877197,-2.1507070064544678,1.5205106437206268,0.7702582776546478,0.7142828702926636,86115108.0,-2.1737022399902344,1.5258636474609375,2.711280834999815
pilot,b2_h2_w2_n10_a1.5,fr_estimated,2.0,2.0,100,1.0327043533325195,-2.134383738040924,2.1872079372406006,0.7818820029497147,0.7142786234617233,86341966.0,-2.162458658218384,2.1623053550720215,2.6509922199270237
pilot,b2_h2_w2_n10_a1.5,fr_estimated,2.0,2.0,100,1.0415093898773193,-2.112050771713257,2.8855653405189514,0.7955116182565689,0.7142781168222427,86575724.0,-2.1337695121765137,2.8881139755249023,2.503164422464407
pilot,b2_h2_w2_n10_a1.5,fr_estimated,2.0,2.0,100,1.0503144264221191,-2.0834274888038635,3.6160107851028442,0.8113583028316498,0.7142854332923889,86818730.0,-2.1050801277160645,3.613931179046631,2.3635788483314304
pilot,b2_h2_w2_n10_a1.5,fr_estimated,2.0,2.0,100,1.059119462966919,-2.048229217529297,4.3790203332901,0.82957424223423,0.7142848372459412,87073432.0,-2.0763909816741943,4.339739799499512,2.2317781389020825
pilot,b2_h2_w2_n10_a1.5,fr_estimated,2.0,2.0,100,1.0679244995117188,-2.006167232990265,5.17505669593811,0.8502326160669327,0.7142806351184845,87341402.0,-2.0280308723449707,5.164138317108154,2.0260304205376034
pilot,b2_h2_w2_n10_a1.5,fr_estimated,2.0,2.0,100,1.0767295360565186,-1.9569481015205383,6.004711151123047,0.8733094483613968,0.7142824977636337,87620584.0,-1.9774856567382812,5.9994893074035645,1.831230214897322
pilot,b2_h2_w2_n10_a1.5,fr_estimated,2.0,2.0,100,1.0855345726013184,-1.9002735912799835,6.868487358093262,0.8986687362194061,0.7142833471298218,87909246.0,-1.9269397258758545,6.834850311279297,1.6551574294641942
pilot,b2_h2_w2_n10_a1.5,fr_estimated,2.0,2.0,100,1.0943396091461182,-1.8358419239521027,7.766903400421143,0.9260526299476624,0.7142847180366516,88205394.0,-1.8584883213043213,7.746270179748535,1.4433882753805594
pilot,b2_h2_w2_n10_a1.5,fr_estimated,2.0,2.0,100,1.103144645690918,-1.7633424699306488,8.700828790664673,0.9550793170928955,0.7142879664897919,88504808.0,-1.7830740213394165,8.68726921081543,1.2413068287027165
pilot,b2_h2_w2_n10_a1.5,fr_estimated,2.0,2.0,100,1.1119496822357178,-1.6824599206447601,9.671055555343628,0.98524409532547,0.7142859995365143,88806392.0,-1.7076598405838013,9.62826919555664,1.0675180314481207
pilot,b2_h2_w2_n10_a1.5,fr_estimated,2.0,2.0,100,1.1207547187805176,-1.5928698182106018,10.678686380386353,1.0159316211938858,0.7142878621816635,89106948.0,-1.6171590089797974,10.630501747131348,0.8907733099431016
pilot,b2_h2_w2_n10_a1.5,fr_estimated,2.0,2.0,100,1.1295597553253174,-1.4942400455474854,11.724293947219849,1.0464341938495636,0.7142867147922516,89401146.0,-1.5138096809387207,11.684869766235352,0.7244344757023659
pilot,b2_h2_w2_n10_a1.5,fr_estimated,2.0,2.0,100,1.1383647918701172,-1.3862362504005432,12.807985782623291,1.0759769678115845,0.7142860442399979,89674126.0,-1.4104602336883545,12.739237785339355,0.5891568355324459
pilot,b2_h2_w2_n10_a1.5,fr_estimated,2.0,2.0,100,1.147169828414917,-1.2685268223285675,13.928854942321777,1.1037491858005524,0.7142848074436188,89893016.0,-1.2962450981140137,13.81045150756836,0.4688402777652145
pilot,b2_h2_w2_n10_a1.5,fr_estimated,2.0,2.0,100,1.1559748649597168,-1.140794038772583,15.084715127944946,1.12894007563591,0.7142830342054367,90003160.0,-1.1627188920974731,14.91157341003418,0.35895956120973055
pilot,b2_h2_w2_n10_a1.5,fr_estimated,2.0,2.0,100,1.1647799015045166,-1.0027447640895844,16.272174835205078,1.1507769227027893,0.7142807394266129,89909370.0,-1.0291926860809326,16.0126953125,0.2748312649204783
pilot,b2_h2_w2_n10_a1.5,fr_estimated,2.0,2.0,100,1.1735849380493164,-0.8541194051504135,17.486992835998535,1.1685632467269897,0.7142775803804398,89474162.0,-0.8907105922698975,17.07135772705078,0.2083445374992525
pilot,b2_h2_w2_n10_a1.5,fr_estimated,2.0,2.0,100,1.1823899745941162,-0.6946977078914642,18.7244873046875,1.181714504957199,0.7142745554447174,88514444.0,-0.7296529412269592,17.93663787841797,0.15096950118886213
pilot,b2_h2_w2_n10_a1.5,fr_estimated,2.0,2.0,100,1.191195011138916,-0.5243027210235596,19.979499340057373,1.1897889077663422,0.7142717838287354,86817512.0,-0.5685973167419434,18.801910400390625,0.10939515353143912
pilot,b2_h2_w2_n10_a1.5,fr_estimated,2.0,2.0,100,1.2000000476837158,-0.34339551627635956,21.11225700378418,1.1925115883350372,0.7142678052186966,84171392.0,-0.21101705729961395,0.0,0.05350665665810853
pilot,b2_h2_w2_n10_a1.5,fr_uniform,2.0,2.0,100,-0.20000000298023224,-0.22143692523241043,-22.883522987365723,0.7994060665369034,0.714285671710968,53676832.0,-0.21101705729961395,-21.358619689941406,0.05350665665810853
pilot,b2_h2_w2_n10_a1.5,fr_uniform,2.0,2.0,100,-0.19119496643543243,-0.4160231277346611,-21.315316200256348,0.7981896698474884,0.714285671710968,56711358.0,-0.3829563856124878,-20.206899642944336,0.07546618886176147
pilot,b2_h2_w2_n10_a1.5,fr_uniform,2.0,2.0,100,-0.18238992989063263,-0.5962855517864227,-19.63005018234253,0.7945939153432846,0.714285671710968,58948391.0,-0.5548957586288452,-19.055179595947266,0.10643808688879683
pilot,b2_h2_w2_n10_a1.5,fr_uniform,2.0,2.0,100,-0.17358490824699402,-0.7620288580656052,-18.017340660095215,0.7887755483388901,0.714285671710968,60544283.0,-0.7268348336219788,-17.90346336364746,0.15012099800947723
pilot,b2_h2_w2_n10_a1.5,fr_uniform,2.0,2.0,100,-0.1647798717021942,-0.9138800352811813,-16.4745512008667,0.7809843868017197,0.714285671710968,61669099.0,-0.869683027267456,-16.562618255615234,0.19976426764675415
pilot,b2_h2_w2_n10_a1.5,fr_uniform,2.0,2.0,100,-0.1559748500585556,-1.0524537861347198,-15.001514673233032,0.7715473622083664,0.714285671710968,62474015.0,-1.0061451196670532,-15.180262565612793,0.2624504216825893
pilot,b2_h2_w2_n10_a1.5,fr_uniform,2.0,2.0,100,-0.1471698135137558,-1.1783646047115326,-13.598215341567993,0.76084765791893,0.714285671710968,63075865.0,-1.142607569694519,-13.797903060913086,0.34480777728559425
pilot,b2_h2_w2_n10_a1.5,fr_uniform,2.0,2.0,100,-0.138364776968956,-1.292222797870636,-12.263848543167114,0.7493014484643936,0.714285671710968,63552913.0,-1.255441665649414,-12.497251510620117,0.4320992409909858
pilot,b2_h2_w2_n10_a1.5,fr_uniform,2.0,2.0,100,-0.12955975532531738,-1.3946252167224884,-10.996164083480835,0.7373330146074295,0.714285671710968,63952649.0,-1.3549851179122925,-11.242560386657715,0.527285522843448
pilot,b2_h2_w2_n10_a1.5,fr_uniform,2.0,2.0,100,-0.12075471878051758,-1.486146867275238,-9.792300939559937,0.7253507822751999,0.714285671710968,64299305.0,-1.454528570175171,-9.98786735534668,0.6434402012895191
pilot,b2_h2_w2_n10_a1.5,fr_uniform,2.0,2.0,100,-0.11194968223571777,-1.5673342049121857,-8.648814678192139,0.7137258946895599,0.714285671710968,64603935.0,-1.5390979051589966,-8.81790828704834,0.7620161619705393
pilot,b2_h2_w2_n10_a1.5,fr_uniform,2.0,2.0,100,-0.10314465314149857,-1.6387036740779877,-7.562261700630188,0.7027743309736252,0.714285671710968,64870093.0,-1.6060888767242432,-7.747419834136963,0.8712680755343021
pilot,b2_h2_w2_n10_a1.5,fr_uniform,2.0,2.0,100,-0.09433962404727936,-1.7007428705692291,-6.5294941663742065,0.6927437335252762,0.714285671710968,65097335.0,-1.6730798482894897,-6.676931381225586,0.9961836734305307
pilot,b2_h2_w2_n10_a1.5,fr_uniform,2.0,2.0,100,-0.08553458750247955,-1.7539127469062805,-5.547666430473328,0.6838058978319168,0.714285671710968,65286558.0,-1.7323201894760132,-5.652304649353027,1.1214887627054542
pilot,b2_h2_w2_n10_a1.5,fr_uniform,2.0,2.0,100,-0.07672955840826035,-1.7986507415771484,-4.614244103431702,0.6760546714067459,0.714285671710968,65438288.0,-1.7716307640075684,-4.745610237121582,1.2132202694408458
pilot,b2_h2_w2_n10_a1.5,fr_uniform,2.0,2.0,100,-0.06792452931404114,-1.83537358045578,-3.7270857095718384,0.6695090979337692,0.714285671710968,65556207.0,-1.8109411001205444,-3.8389153480529785,1.3124542744175662
pilot,b2_h2_w2_n10_a1.5,fr_uniform,2.0,2.0,100,-0.05911949649453163,-1.8644809424877167,-2.8844472765922546,0.6641214787960052,0.714285671710968,65645928.0,-1.8479148149490356,-2.9466609954833984,1.4131854010013576
pilot,b2_h2_w2_n10_a1.5,fr_uniform,2.0,2.0,100,-0.050314463675022125,-1.8863585591316223,-2.084904968738556,0.6597890704870224,0.714285671710968,65713856.0,-1.8638594150543213,-2.184368133544922,1.458977001475026
pilot,b2_h2_w2_n10_a1.5,fr_uniform,2.0,2.0,100,-0.04150943458080292,-1.9013811349868774,-1.3273614048957825,0.6563687026500702,0.714285671710968,65766433.0,-1.8798038959503174,-1.4220738410949707,1.5062520330479796
pilot,b2_h2_w2_n10_a1.5,fr_uniform,2.0,2.0,100,-0.03270440176129341,-1.9099144339561462,-0.610917717218399,0.6536927372217178,0.714285671710968,65809014.0,-1.8957483768463135,-0.6597796678543091,1.5550589109817492
pilot,b2_h2_w2_n10_a1.5,fr_uniform,2.0,2.0,100,-0.023899370804429054,-1.9123166501522064,0.06527536734938622,0.6515855044126511,0.714285671710968,65845581.0,-1.8937662839889526,-0.01962733268737793,1.5489065712268495
pilot,b2_h2_w2_n10_a1.5,fr_uniform,2.0,2.0,100,-0.015094339847564697,-1.9089381396770477,0.7021306604146957,0.6498783677816391,0.714285671710968,65877408.0,-1.8902251720428467,0.6099063158035278,1.5379756215073512
pilot,b2_h2_w2_n10_a1.5,fr_uniform,2.0,2.0,100,-0.006289307959377766,-1.9001210033893585,1.3006225228309631,0.6484231501817703,0.714285671710968,65906334.0,-1.8866841793060303,1.2394390106201172,1.527122177824683
pilot,b2_h2_w2_n10_a1.5,fr_uniform,2.0,2.0,100,0.002515723230317235,-1.8861987590789795,1.86171093583107,0.6471022665500641,0.714285671710968,65931403.0,-1.871309757232666,1.7825074195861816,1.4808795333640032
pilot,b2_h2_w2_n10_a1.5,fr_uniform,2.0,2.0,100,0.011320754885673523,-1.867496907711029,2.386285662651062,0.6458353251218796,0.714285671710968,65952422.0,-1.8517775535583496,2.2951979637145996,1.4241452130019745
pilot,b2_h2_w2_n10_a1.5,fr_uniform,2.0,2.0,100,0.02012578584253788,-1.8443337976932526,2.875054121017456,0.6445819288492203,0.714285671710968,65969321.0,-1.8322454690933228,2.8078887462615967,1.369584780922246
pilot,b2_h2_w2_n10_a1.5,fr_uniform,2.0,2.0,100,0.028930816799402237,-1.8170222342014313,3.328572690486908,0.6433406323194504,0.714285671710968,65981087.0,-1.8055362701416016,3.259007453918457,1.2983434937730793
pilot,b2_h2_w2_n10_a1.5,fr_uniform,2.0,2.0,100,0.03773584961891174,-1.7858702540397644,3.7473671436309814,0.6421441435813904,0.714285671710968,65985885.0,-1.7731881141662598,3.6617488861083984,1.2170049780559566
pilot,b2_h2_w2_n10_a1.5,fr_uniform,2.0,2.0,100,0.04654087871313095,-1.7511819005012512,4.13183856010437,0.6410519182682037,0.714285671710968,65983623.0,-1.740839958190918,4.064488887786865,1.140762150938034
pilot,b2_h2_w2_n10_a1.5,fr_uniform,2.0,2.0,100,0.05534591153264046,-1.7132579982280731,4.4823020696640015,0.6401404738426208,0.714285671710968,65974414.0,-1.7047604322433472,4.427677154541016,1.0613456037647977
pilot,b2_h2_w2_n10_a1.5,fr_uniform,2.0,2.0,100,0.06415094435214996,-1.672397255897522,4.798935651779175,0.6394925564527512,0.714285671710968,65960669.0,-1.6625924110412598,4.7263336181640625,0.9755064550006218
pilot,b2_h2_w2_n10_a1.5,fr_uniform,2.0,2.0,100,0.07295597344636917,-1.6288969218730927,5.081842541694641,0.6391863077878952,0.714285671710968,65945138.0,-1.6204246282577515,5.024989128112793,0.89661020325217
pilot,b2_h2_w2_n10_a1.5,fr_uniform,2.0,2.0,100,0.08176100999116898,-1.5830544829368591,5.330939531326294,0.6392854601144791,0.714285671710968,65931174.0,-1.5768866539001465,5.302060127258301,0.8218396169988992
pilot,b2_h2_w2_n10_a1.5,fr_uniform,2.0,2.0,100,0.09056603908538818,-1.5351676642894745,5.5462257862091064,0.6398309916257858,0.714285671710968,65921284.0,-1.5278675556182861,5.492795944213867,0.7450915273340498
pilot,b2_h2_w2_n10_a1.5,fr_uniform,2.0,2.0,100,0.09937106817960739,-1.4855337738990784,5.727745175361633,0.6408355683088303,0.714285671710968,65917278.0,-1.4788483381271362,5.68353271484375,0.6755104527225025
pilot,b2_h2_w2_n10_a1.5,fr_uniform,2.0,2.0,100,0.1081760972738266,-1.4344505965709686,5.875433325767517,0.6422805935144424,0.714285671710968,65918227.0,-1.4297547340393066,5.871955871582031,0.6123361663676639
pilot,b2_h2_w2_n10_a1.5,fr_uniform,2.0,2.0,100,0.1169811338186264,-1.3822154700756073,5.989395022392273,0.6441165208816528,0.714285671710968,65921871.0,-1.3770136833190918,5.947054386138916,0.5510355475694314
pilot,b2_h2_w2_n10_a1.5,fr_uniform,2.0,2.0,100,0.1257861703634262,-1.3291262686252594,6.069451451301575,0.6462661474943161,0.714285671710968,65924925.0,-1.324272871017456,6.022152423858643,0.49587193464869
pilot,b2_h2_w2_n10_a1.5,fr_uniform,2.0,2.0,100,0.13459119200706482,-1.2754837274551392,6.115060806274414,0.6486302763223648,0.714285671710968,65923147.0,-1.2715317010879517,6.097250938415527,0.44623037621327816
pilot,b2_h2_w2_n10_a1.5,fr_uniform,2.0,2.0,100,0.14339622855186462,-1.221595674753189,6.1252219676971436,0.6510957628488541,0.714285671710968,65912512.0,-1.2182998657226562,6.081257343292236,0.4011645476975384
pilot,b2_h2_w2_n10_a1.5,fr_uniform,2.0,2.0,100,0.15220126509666443,-1.1677812337875366,6.0983641147613525,0.6535445004701614,0.714285671710968,65891271.0,-1.1649742126464844,6.047913551330566,0.3605823561303505
pilot,b2_h2_w2_n10_a1.5,fr_uniform,2.0,2.0,100,0.16100628674030304,-1.1143738627433777,6.03272557258606,0.6558626592159271,0.714285671710968,65857778.0,-1.1116490364074707,6.014570236206055,0.32410580719358745
pilot,b2_h2_w2_n10_a1.5,fr_uniform,2.0,2.0,100,0.16981132328510284,-1.0617225766181946,5.926630973815918,0.6579497307538986,0.714285671710968,65812763.0,-1.0600104331970215,5.904735565185547,0.2923035512782321
pilot,b2_h2_w2_n10_a1.5,fr_uniform,2.0,2.0,100,0.17861634492874146,-1.0101885795593262,5.778949856758118,0.6597258746623993,0.714285671710968,65760108.0,-1.0092413425445557,5.755496978759766,0.26408067409753966
pilot,b2_h2_w2_n10_a1.5,fr_uniform,2.0,2.0,100,0.18742138147354126,-0.960137665271759,5.589764833450317,0.6611371636390686,0.714285671710968,65709282.0,-0.958471953868866,5.606258392333984,0.23858266709184026
pilot,b2_h2_w2_n10_a1.5,fr_uniform,2.0,2.0,100,0.19622641801834106,-0.9119235873222351,5.361709356307983,0.662158340215683,0.714285671710968,65672910.0,-0.9104708433151245,5.402559757232666,0.2167432864999662
pilot,b2_h2_w2_n10_a1.5,fr_uniform,2.0,2.0,100,0.20503143966197968,-0.8658611625432968,5.101034641265869,0.6627929508686066,0.714285671710968,65671034.0,-0.8654685616493225,5.139863014221191,0.1980875447892795
pilot,b2_h2_w2_n10_a1.5,fr_uniform,2.0,2.0,100,0.21383647620677948,-0.8221868276596069,4.819286465644836,0.6630702465772629,0.714285671710968,65726391.0,-0.8204662799835205,4.877166748046875,0.1810375584604367
pilot,b2_h2_w2_n10_a1.5,fr_uniform,2.0,2.0,100,0.22264151275157928,-0.7810112833976746,4.533439040184021,0.6630406379699707,0.714285671710968,65859577.0,-0.7776234745979309,4.617844104766846,0.16617125351835182
pilot,b2_h2_w2_n10_a1.5,fr_uniform,2.0,2.0,100,0.2314465343952179,-0.7422789335250854,4.264332413673401,0.6627687364816666,0.714285671710968,66087503.0,-0.7398192882537842,4.366394996643066,0.1540705372419022
pilot,b2_h2_w2_n10_a1.5,fr_uniform,2.0,2.0,100,0.2402515709400177,-0.7057492882013321,4.033124923706055,0.662325918674469,0.714285671710968,66414941.0,-0.7020150423049927,4.114945411682129,0.1428509872414785
pilot,b2_h2_w2_n10_a1.5,fr_uniform,2.0,2.0,100,0.2490566074848175,-0.6710152477025986,3.8564606308937073,0.6617828011512756,0.714285671710968,66834557.0,-0.6647517681121826,3.8852031230926514,0.13259183388838175
pilot,b2_h2_w2_n10_a1.5,fr_uniform,2.0,2.0,100,0.2578616440296173,-0.6375610083341599,3.7424336671829224,0.6612025201320648,0.714285671710968,67327265.0,-0.6314558386802673,3.8146376609802246,0.12404986631157824
pilot,b2_h2_w2_n10_a1.5,fr_uniform,2.0,2.0,100,0.2666666805744171,-0.6048449873924255,3.688776671886444,0.6606355607509613,0.714285671710968,67865164.0,-0.5981597304344177,3.7440719604492188,0.11605815665515194
pilot,b2_h2_w2_n10_a1.5,fr_uniform,2.0,2.0,100,0.27547168731689453,-0.5723854750394821,3.6841638684272766,0.6601165235042572,0.714285671710968,68418514.0,-0.5648640394210815,3.673506736755371,0.10858139042397667
pilot,b2_h2_w2_n10_a1.5,fr_uniform,2.0,2.0,100,0.28427672386169434,-0.539824903011322,3.7117366194725037,0.6596634089946747,0.714285671710968,68961864.0,-0.5319480895996094,3.708451271057129,0.1016634790944092
pilot,b2_h2_w2_n10_a1.5,fr_uniform,2.0,2.0,100,0.29308176040649414,-0.5069597661495209,3.753343105316162,0.6592790633440018,0.714285671710968,69477062.0,-0.4990566074848175,3.7501299381256104,0.09519097815702243
pilot,b2_h2_w2_n10_a1.5,fr_uniform,2.0,2.0,100,0.30188679695129395,-0.47373632341623306,3.7931160926818848,0.6589548289775848,0.714285671710968,69953476.0,-0.4661649167537689,3.791808843612671,0.0891305178863541
pilot,b2_h2_w2_n10_a1.5,fr_uniform,2.0,2.0,100,0.31069183349609375,-0.4402228221297264,3.8192591667175293,0.6586753278970718,0.714285671710968,70386948.0,-0.43281394243240356,3.8029561042785645,0.08337928022450407
pilot,b2_h2_w2_n10_a1.5,fr_uniform,2.0,2.0,100,0.31949687004089355,-0.4065712094306946,3.8244561553001404,0.6584246009588242,0.714285671710968,70777774.0,-0.3993176817893982,3.80446195602417,0.077976485918526
pilot,b2_h2_w2_n10_a1.5,fr_uniform,2.0,2.0,100,0.32830187678337097,-0.37298155575990677,3.8051918148994446,0.6581918895244598,0.714285671710968,71127186.0,-0.3658214211463928,3.8059678077697754,0.07292378082217069
pilot,b2_h2_w2_n10_a1.5,fr_uniform,2.0,2.0,100,0.3371069133281708,-0.33967361599206924,3.7604569792747498,0.6579768806695938,0.714285671710968,71439608.0,-0.3329432010650635,3.761594295501709,0.06828283089850612
pilot,b2_h2_w2_n10_a1.5,fr_uniform,2.0,2.0,100,0.3459119498729706,-0.30686966329813004,3.690721571445465,0.6577935367822647,0.714285671710968,71718750.0,-0.3005121946334839,3.6839985847473145,0.06399444894386126
pilot,b2_h2_w2_n10_a1.5,fr_uniform,2.0,2.0,100,0.3547169864177704,-0.27478569746017456,3.5969164967536926,0.6576717495918274,0.714285671710968,71971400.0,-0.268081396818161,3.606403112411499,0.0599754162273074
pilot,b2_h2_w2_n10_a1.5,fr_uniform,2.0,2.0,100,0.3635220229625702,-0.24362926557660103,3.4800420999526978,0.6576568484306335,0.714285671710968,72205420.0,-0.23695890605449677,3.4974217414855957,0.056356059455429895
pilot,b2_h2_w2_n10_a1.5,fr_uniform,2.0,2.0,100,0.3723270297050476,-0.21359933167696,3.341062605381012,0.6578065454959869,0.714285671710968,72427382.0,-0.20779938995838165,3.3413658142089844,0.05316342899174823
pilot,b2_h2_w2_n10_a1.5,fr_uniform,2.0,2.0,100,0.3811320662498474,-0.18488621339201927,3.180913031101227,0.6581857055425644,0.714285671710968,72646028.0,-0.17863954603672028,3.1853079795837402,0.05015163154366643
pilot,b2_h2_w2_n10_a1.5,fr_uniform,2.0,2.0,100,0.3899371027946472,-0.15767154842615128,3.0007006525993347,0.658859372138977,0.714285671710968,72864646.0,-0.15066124498844147,3.0135316848754883,0.04742238834086562
pilot,b2_h2_w2_n10_a1.5,fr_uniform,2.0,2.0,100,0.398742139339447,-0.13212691992521286,2.8015753030776978,0.6598847508430481,0.714285671710968,73085516.0,-0.12687131762504578,2.786022663116455,0.045218875097716084
pilot,b2_h2_w2_n10_a1.5,fr_uniform,2.0,2.0,100,0.4075471758842468,-0.10841409489512444,2.584620773792267,0.6613030731678009,0.714285671710968,73308160.0,-0.10308150202035904,2.5585148334503174,0.0431177592204347
pilot,b2_h2_w2_n10_a1.5,fr_uniform,2.0,2.0,100,0.41635221242904663,-0.08668522909283638,2.350933313369751,0.6631320714950562,0.714285671710968,73528582.0,-0.07957425713539124,2.329017162322998,0.04113751460711189
pilot,b2_h2_w2_n10_a1.5,fr_uniform,2.0,2.0,100,0.42515721917152405,-0.06708259880542755,2.1016762256622314,0.6653602570295334,0.714285671710968,73741530.0,-0.06285040825605392,2.051807165145874,0.03978431629115821
pilot,b2_h2_w2_n10_a1.5,fr_uniform,2.0,2.0,100,0.43396225571632385,-0.04973766207695007,1.8381004333496094,0.6679437458515167,0.714285671710968,73942900.0,-0.04612665995955467,1.7745988368988037,0.03847563850842612
pilot,b2_h2_w2_n10_a1.5,fr_uniform,2.0,2.0,100,0.44276729226112366,-0.034770164638757706,1.561657726764679,0.6708057969808578,0.714285671710968,74128326.0,-0.029402807354927063,1.4973887205123901,0.037210001020675516
pilot,b2_h2_w2_n10_a1.5,fr_uniform,2.0,2.0,100,0.45157232880592346,-0.022287026047706604,1.2737960815429688,0.6738395839929581,0.714285671710968,74297668.0,-0.019672898575663567,1.1974248886108398,0.036492901135338617
pilot,b2_h2_w2_n10_a1.5,fr_uniform,2.0,2.0,100,0.46037736535072327,-0.012382656335830688,0.9759093225002289,0.6769142299890518,0.714285671710968,74451454.0,-0.011081365868449211,0.8937554359436035,0.03587119790839169
pilot,b2_h2_w2_n10_a1.5,fr_uniform,2.0,2.0,100,0.46918240189552307,-0.005139339715242386,0.6693517118692398,0.679883286356926,0.714285671710968,74592810.0,-0.0024898857809603214,0.5900877714157104,0.03526008990151453
pilot,b2_h2_w2_n10_a1.5,fr_uniform,2.0,2.0,100,0.4779874086380005,-0.0006270743906497955,0.3555809333920479,0.6825951635837555,0.714285671710968,74726136.0,0.000193518353626132,0.2774076759815216,0.035071362643949146
pilot,b2_h2_w2_n10_a1.5,fr_uniform,2.0,2.0,100,0.4867924451828003,0.0010986067354679108,0.036395310424268246,0.6849044412374496,0.714285671710968,74855930.0,9.675946785137057e-05,-0.03951340913772583,0.03507815023263154
pilot,b2_h2_w2_n10_a1.5,fr_uniform,2.0,2.0,100,0.4955974817276001,0.0,-0.28593626618385315,0.6866829097270966,0.714285671710968,74987316.0,0.0,-0.3564364016056061,0.035084939175804325
pilot,b2_h2_w2_n10_a1.5,fr_uniform,2.0,2.0,100,0.5044025182723999,-0.003938719630241394,-0.6087179481983185,0.6878296881914139,0.714285671710968,75124044.0,-0.004542456939816475,-0.6739820241928101,0.03540513510059386
pilot,b2_h2_w2_n10_a1.5,fr_uniform,2.0,2.0,100,0.5132075548171997,-0.010708950459957123,-0.9290904551744461,0.6882788091897964,0.714285671710968,75269464.0,-0.013530557975172997,-0.9921542406082153,0.03604733987125053
pilot,b2_h2_w2_n10_a1.5,fr_uniform,2.0,2.0,100,0.5220125913619995,-0.020277634263038635,-1.2443656027317047,0.6880042999982834,0.714285671710968,75425268.0,-0.02251860499382019,-1.3103244304656982,0.03670118946649292
pilot,b2_h2_w2_n10_a1.5,fr_uniform,2.0,2.0,100,0.5308176279067993,-0.03259002044796944,-1.552303969860077,0.6870216280221939,0.714285671710968,75590392.0,-0.03423841670155525,-1.6199840307235718,0.03757161287324377
pilot,b2_h2_w2_n10_a1.5,fr_uniform,2.0,2.0,100,0.5396226644515991,-0.04757421463727951,-1.851246327161789,0.6853860914707184,0.714285671710968,75762220.0,-0.051762908697128296,-1.9115548133850098,0.03891180879193589
pilot,b2_h2_w2_n10_a1.5,fr_uniform,2.0,2.0,100,0.5484277009963989,-0.06514612585306168,-2.1400851607322693,0.6831878274679184,0.714285671710968,75937844.0,-0.06928729265928268,-2.2031238079071045,0.04029980137971267
pilot,b2_h2_w2_n10_a1.5,fr_uniform,2.0,2.0,100,0.557232677936554,-0.08521432429552078,-2.41826069355011,0.680544450879097,0.714285671710968,76112830.0,-0.0878918468952179,-2.4902045726776123,0.041827568217343986
pilot,b2_h2_w2_n10_a1.5,fr_uniform,2.0,2.0,100,0.5660377144813538,-0.10768446885049343,-2.6856691241264343,0.6775917857885361,0.714285671710968,76286046.0,-0.11313135176897049,-2.7497153282165527,0.04399318161508812
pilot,b2_h2_w2_n10_a1.5,fr_uniform,2.0,2.0,100,0.5748427510261536,-0.13246330246329308,-2.942662835121155,0.6744738072156906,0.714285671710968,76457658.0,-0.13837100565433502,-3.009227752685547,0.04627093297309708
pilot,b2_h2_w2_n10_a1.5,fr_uniform,2.0,2.0,100,0.5836477875709534,-0.15946197509765625,-3.189929962158203,0.6713327616453171,0.714285671710968,76629284.0,-0.16361050307750702,-3.2687385082244873,0.04866659990546785
pilot,b2_h2_w2_n10_a1.5,fr_uniform,2.0,2.0,100,0.5924528241157532,-0.18859849497675896,-3.4282195568084717,0.6682999283075333,0.714285671710968,76802504.0,-0.19545377790927887,-3.5016708374023438,0.051866832008589416
pilot,b2_h2_w2_n10_a1.5,fr_uniform,2.0,2.0,100,0.601257860660553,-0.21979650482535362,-3.6581754088401794,0.6654888093471527,0.714285671710968,76978186.0,-0.22757196426391602,-3.733494281768799,0.055307907087078015
pilot,b2_h2_w2_n10_a1.5,fr_uniform,2.0,2.0,100,0.6100628972053528,-0.25298357009887695,-3.8800241947174072,0.6629899591207504,0.714285671710968,77157090.0,-0.2596903443336487,-3.9653191566467285,0.05897730115812235
pilot,b2_h2_w2_n10_a1.5,fr_uniform,2.0,2.0,100,0.6188679337501526,-0.288087897002697,-4.093669176101685,0.6608685553073883,0.714285671710968,77340650.0,-0.29653200507164,-4.172887802124023,0.06348705108748899
pilot,b2_h2_w2_n10_a1.5,fr_uniform,2.0,2.0,100,0.6276729702949524,-0.32503627985715866,-4.298884749412537,0.6591644883155823,0.714285671710968,77529954.0,-0.3347061574459076,-4.373616695404053,0.06852401515082389
pilot,b2_h2_w2_n10_a1.5,fr_uniform,2.0,2.0,100,0.6364780068397522,-0.3637535199522972,-4.4954551458358765,0.6578947007656097,0.714285671710968,77725452.0,-0.37288030982017517,-4.574345588684082,0.07396060412255727
pilot,b2_h2_w2_n10_a1.5,fr_uniform,2.0,2.0,100,0.645283043384552,-0.40416319668293,-4.683309435844421,0.6570572406053543,0.714285671710968,77927684.0,-0.41415923833847046,-4.755984783172607,0.08032576524014695
pilot,b2_h2_w2_n10_a1.5,fr_uniform,2.0,2.0,100,0.6540880799293518,-0.44618823379278183,-4.862373352050781,0.6566361486911774,0.714285671710968,78134414.0,-0.457508385181427,-4.924899101257324,0.08760067693155635
pilot,b2_h2_w2_n10_a1.5,fr_uniform,2.0,2.0,100,0.6628930568695068,-0.489751435816288,-5.0326902866363525,0.656606987118721,0.714285671710968,78341454.0,-0.5008570551872253,-5.093811511993408,0.09553436879869348
pilot,b2_h2_w2_n10_a1.5,fr_uniform,2.0,2.0,100,0.6716980934143066,-0.534776046872139,-5.1943241357803345,0.6569419354200363,0.714285671710968,78545720.0,-0.5460676550865173,-5.25379753112793,0.10457528736450417
pilot,b2_h2_w2_n10_a1.5,fr_uniform,2.0,2.0,100,0.6805031299591064,-0.5811863988637924,-5.347447752952576,0.6576139181852341,0.714285671710968,78745188.0,-0.5938485264778137,-5.401453971862793,0.1150617577389412
pilot,b2_h2_w2_n10_a1.5,fr_uniform,2.0,2.0,100,0.6893081665039062,-0.6289080679416656,-5.492185950279236,0.6585993319749832,0.714285671710968,78939406.0,-0.641629695892334,-5.549110412597656,0.12659985278370714
pilot,b2_h2_w2_n10_a1.5,fr_uniform,2.0,2.0,100,0.698113203048706,-0.6778672635555267,-5.628612160682678,0.6598791778087616,0.714285671710968,79129200.0,-0.6903326511383057,-5.691756725311279,0.13955199521267878
pilot,b2_h2_w2_n10_a1.5,fr_uniform,2.0,2.0,100,0.7069182395935059,-0.7279906719923019,-5.7565553188323975,0.6614386737346649,0.714285671710968,79315876.0,-0.7419556379318237,-5.818536758422852,0.15473024268504815
pilot,b2_h2_w2_n10_a1.5,fr_uniform,2.0,2.0,100,0.7157232761383057,-0.7792006283998489,-5.875416159629822,0.6632650047540665,0.714285671710968,79501846.0,-0.7935791611671448,-5.945319175720215,0.17155952268032904
pilot,b2_h2_w2_n10_a1.5,fr_uniform,2.0,2.0,100,0.7245283126831055,-0.8314133137464523,-5.984312415122986,0.6653444021940231,0.714285671710968,79686494.0,-0.8453841209411621,-6.06988525390625,0.19028828219279417
pilot,b2_h2_w2_n10_a1.5,fr_uniform,2.0,2.0,100,0.7333333492279053,-0.8845363110303879,-6.082200765609741,0.6676585525274277,0.714285671710968,79872224.0,-0.9000403881072998,-6.15976619720459,0.21226865889024404
pilot,b2_h2_w2_n10_a1.5,fr_uniform,2.0,2.0,100,0.7421383857727051,-0.9384684562683105,-6.168093323707581,0.6701807528734207,0.714285671710968,80058052.0,-0.9546972513198853,-6.249648094177246,0.23678829164449272
pilot,b2_h2_w2_n10_a1.5,fr_uniform,2.0,2.0,100,0.7509434223175049,-0.993100106716156,-6.241085529327393,0.6728733628988266,0.714285671710968,80245158.0,-1.009353518486023,-6.339528560638428,0.26413992774060474
pilot,b2_h2_w2_n10_a1.5,fr_uniform,2.0,2.0,100,0.7597483992576599,-1.048313707113266,-6.3002849817276,0.6756855845451355,0.714285671710968,80433672.0,-1.0656609535217285,-6.389153480529785,0.2956256216633937
pilot,b2_h2_w2_n10_a1.5,fr_uniform,2.0,2.0,100,0.7685534358024597,-1.1039843261241913,-6.3448944091796875,0.6785537451505661,0.714285671710968,80623412.0,-1.1221935749053955,-6.433289527893066,0.3310134817432029
pilot,b2_h2_w2_n10_a1.5,fr_uniform,2.0,2.0,100,0.7773584723472595,-1.1599801778793335,-6.374161124229431,0.6814027726650238,0.714285671710968,80811030.0,-1.178726077079773,-6.477425575256348,0.370637356653118
pilot,b2_h2_w2_n10_a1.5,fr_uniform,2.0,2.0,100,0.7861635088920593,-1.2161631286144257,-6.387377500534058,0.6841499507427216,0.714285671710968,80995210.0,-1.2356252670288086,-6.485959529876709,0.4153088619734865
pilot,b2_h2_w2_n10_a1.5,fr_uniform,2.0,2.0,100,0.7949685454368591,-1.272389531135559,-6.384051084518433,0.6867101341485977,0.714285671710968,81172604.0,-1.29268217086792,-6.479236125946045,0.4655112652817123
pilot,b2_h2_w2_n10_a1.5,fr_uniform,2.0,2.0,100,0.8037735819816589,-1.3285119533538818,-6.36374568939209,0.6890023052692413,0.714285671710968,81342388.0,-1.349738359451294,-6.472512722015381,0.5217813727397523
pilot,b2_h2_w2_n10_a1.5,fr_uniform,2.0,2.0,100,0.8125786185264587,-1.384379118680954,-6.326157331466675,0.6909566670656204,0.714285671710968,81505542.0,-1.4062265157699585,-6.432201385498047,0.584189248870676
pilot,b2_h2_w2_n10_a1.5,fr_uniform,2.0,2.0,100,0.8213836550712585,-1.4398373067378998,-6.270774602890015,0.6925218254327774,0.714285671710968,81662602.0,-1.4621901512145996,-6.3608856201171875,0.6533756667531476
pilot,b2_h2_w2_n10_a1.5,fr_uniform,2.0,2.0,100,0.8301886916160583,-1.494726538658142,-6.196908235549927,0.6936709731817245,0.714285671710968,81817474.0,-1.5181546211242676,-6.28956937789917,0.7307571565153225
pilot,b2_h2_w2_n10_a1.5,fr_uniform,2.0,2.0,100,0.8389937281608582,-1.548878937959671,-6.103419184684753,0.6944065988063812,0.714285671710968,81974802.0,-1.5731145143508911,-6.195045471191406,0.815662758821952
pilot,b2_h2_w2_n10_a1.5,fr_uniform,2.0,2.0,100,0.847798764705658,-1.602117508649826,-5.989335298538208,0.6947630941867828,0.714285671710968,82137676.0,-1.6261258125305176,-6.055474281311035,0.9068921913401501
pilot,b2_h2_w2_n10_a1.5,fr_uniform,2.0,2.0,100,0.8566038012504578,-1.6542564630508423,-5.853639125823975,0.6948066502809525,0.714285671710968,82309058.0,-1.6791377067565918,-5.915901184082031,1.0083265642078492
pilot,b2_h2_w2_n10_a1.5,fr_uniform,2.0,2.0,100,0.8654087781906128,-1.7051019966602325,-5.695539593696594,0.6946326196193695,0.714285671710968,82489320.0,-1.731362223625183,-5.764812469482422,1.119342123895261
pilot,b2_h2_w2_n10_a1.5,fr_uniform,2.0,2.0,100,0.8742138147354126,-1.7544534802436829,-5.514301657676697,0.6943605989217758,0.714285671710968,82678288.0,-1.7794578075408936,-5.553259372711182,1.2323615539567987
pilot,b2_h2_w2_n10_a1.5,fr_uniform,2.0,2.0,100,0.8830188512802124,-1.8021048605442047,-5.309352993965149,0.6941267549991608,0.714285671710968,82875758.0,-1.8275535106658936,-5.341706275939941,1.3567928244098137
pilot,b2_h2_w2_n10_a1.5,fr_uniform,2.0,2.0,100,0.8918238878250122,-1.8478455245494843,-5.080311298370361,0.6940754950046539,0.714285671710968,83079064.0,-1.8756496906280518,-5.130151271820068,1.4937893169959768
pilot,b2_h2_w2_n10_a1.5,fr_uniform,2.0,2.0,100,0.900628924369812,-1.8914619386196136,-4.826837182044983,0.6943500488996506,0.714285671710968,83285376.0,-1.9169042110443115,-4.844610691070557,1.6222678832410005
pilot,b2_h2_w2_n10_a1.5,fr_uniform,2.0,2.0,100,0.9094339609146118,-1.932737559080124,-4.548623323440552,0.6950838714838028,0.714285671710968,83493046.0,-1.9580192565917969,-4.557561874389648,1.7613053130120173
pilot,b2_h2_w2_n10_a1.5,fr_uniform,2.0,2.0,100,0.9182389974594116,-1.9714522957801819,-4.245203256607056,0.6963928937911987,0.714285671710968,83700432.0,-1.99913489818573,-4.270509243011475,1.9122613076424966
pilot,b2_h2_w2_n10_a1.5,fr_uniform,2.0,2.0,100,0.9270440340042114,-2.007382869720459,-3.916143476963043,0.6983704417943954,0.714285671710968,83908148.0,-2.0329530239105225,-3.921541452407837,2.0460737727004217
pilot,b2_h2_w2_n10_a1.5,fr_uniform,2.0,2.0,100,0.9358490705490112,-2.0403013825416565,-3.561065673828125,0.7010844200849533,0.714285671710968,84115642.0,-2.0649473667144775,-3.557096004486084,2.181279016395527
pilot,b2_h2_w2_n10_a1.5,fr_uniform,2.0,2.0,100,0.944654107093811,-2.0699774026870728,-3.1796337962150574,0.704577773809433,0.714285671710968,84326572.0,-2.0969412326812744,-3.192650318145752,2.3254164504188135
pilot,b2_h2_w2_n10_a1.5,fr_uniform,2.0,2.0,100,0.9534591436386108,-2.0961779952049255,-2.7716236114501953,0.7088720351457596,0.714285671710968,84542304.0,-2.121851682662964,-2.7741053104400635,2.4442053048995005
pilot,b2_h2_w2_n10_a1.5,fr_uniform,2.0,2.0,100,0.9622641801834106,-2.118668019771576,-2.336831271648407,0.7139729112386703,0.714285671710968,84762938.0,-2.1424198150634766,-2.322413444519043,2.5468474653140984
pilot,b2_h2_w2_n10_a1.5,fr_uniform,2.0,2.0,100,0.9710691571235657,-2.1372103095054626,-1.8749121725559235,0.7198782116174698,0.714285671710968,84988404.0,-2.1629879474639893,-1.8707269430160522,2.6537999891312536
pilot,b2_h2_w2_n10_a1.5,fr_uniform,2.0,2.0,100,0.9798741936683655,-2.151563823223114,-1.385375291109085,0.7265865802764893,0.714285671710968,85215986.0,-2.177436351776123,-1.3793991804122925,2.731605084998675
pilot,b2_h2_w2_n10_a1.5,fr_uniform,2.0,2.0,100,0.9886792302131653,-2.161482512950897,-0.8675796985626221,0.7341061532497406,0.714285671710968,85444512.0,-2.184096097946167,-0.8376205563545227,2.7682320628858497
pilot,b2_h2_w2_n10_a1.5,fr_uniform,2.0,2.0,100,0.9974842667579651,-2.166714310646057,-0.32081735879182816,0.7424617260694504,0.714285671710968,85673698.0,-2.19075608253479,-0.2958485186100006,2.8053514946685048
pilot,b2_h2_w2_n10_a1.5,fr_uniform,2.0,2.0,100,1.0062893629074097,-2.1670013070106506,0.2556274086236954,0.7517001181840897,0.714285671710968,85903680.0,-2.19315505027771,0.2685253322124481,2.8188437317136734
pilot,b2_h2_w2_n10_a1.5,fr_uniform,2.0,2.0,100,1.01509428024292,-2.1620792150497437,0.8623944222927094,0.7618922889232635,0.714285671710968,86135760.0,-2.1834287643432617,0.8971868753433228,2.7645398588133774
pilot,b2_h2_w2_n10_a1.5,fr_uniform,2.0,2.0,100,1.0238993167877197,-2.15167897939682,1.4999693632125854,0.7731316089630127,0.714285671710968,86373200.0,-2.1737022399902344,1.5258636474609375,2.711280834999815
pilot,b2_h2_w2_n10_a1.5,fr_uniform,2.0,2.0,100,1.0327043533325195,-2.1355273127555847,2.168748915195465,0.7855288684368134,0.714285671710968,86614028.0,-2.162458658218384,2.1623053550720215,2.6509922199270237
pilot,b2_h2_w2_n10_a1.5,fr_uniform,2.0,2.0,100,1.0415093898773193,-2.113348364830017,2.8690457344055176,0.7992029637098312,0.714285671710968,86859284.0,-2.1337695121765137,2.8881139755249023,2.503164422464407
pilot,b2_h2_w2_n10_a1.5,fr_uniform,2.0,2.0,100,1.0503144264221191,-2.084862530231476,3.6013147234916687,0.814268171787262,0.714285671710968,87107490.0,-2.1050801277160645,3.613931179046631,2.3635788483314304
pilot,b2_h2_w2_n10_a1.5,fr_uniform,2.0,2.0,100,1.059119462966919,-2.049786388874054,4.365967273712158,0.8308193981647491,0.714285671710968,87359426.0,-2.0763909816741943,4.339739799499512,2.2317781389020825
pilot,b2_h2_w2_n10_a1.5,fr_uniform,2.0,2.0,100,1.0679244995117188,-2.007832109928131,5.163661599159241,0.8489150851964951,0.714285671710968,87614982.0,-2.0280308723449707,5.164138317108154,2.0260304205376034
pilot,b2_h2_w2_n10_a1.5,fr_uniform,2.0,2.0,100,1.0767295360565186,-1.958706021308899,5.994951963424683,0.8685600310564041,0.714285671710968,87877150.0,-1.9774856567382812,5.9994893074035645,1.831230214897322
pilot,b2_h2_w2_n10_a1.5,fr_uniform,2.0,2.0,100,1.0855345726013184,-1.9021108448505402,6.8602293729782104,0.8896894305944443,0.714285671710968,88150002.0,-1.9269397258758545,6.834850311279297,1.6551574294641942
pilot,b2_h2_w2_n10_a1.5,fr_uniform,2.0,2.0,100,1.0943396091461182,-1.8377456665039062,7.76005232334137,0.912155032157898,0.714285671710968,88435382.0,-1.8584883213043213,7.746270179748535,1.4433882753805594
pilot,b2_h2_w2_n10_a1.5,fr_uniform,2.0,2.0,100,1.103144645690918,-1.765301376581192,8.695143938064575,0.9357167631387711,0.714285671710968,88733260.0,-1.7830740213394165,8.68726921081543,1.2413068287027165
pilot,b2_h2_w2_n10_a1.5,fr_uniform,2.0,2.0,100,1.1119496822357178,-1.6844651103019714,9.666222095489502,0.9600369930267334,0.714285671710968,89041400.0,-1.7076598405838013,9.62826919555664,1.0675180314481207
pilot,b2_h2_w2_n10_a1.5,fr_uniform,2.0,2.0,100,1.1207547187805176,-1.5949162244796753,10.674160242080688,0.9846842736005783,0.714285671710968,89351914.0,-1.6171590089797974,10.630501747131348,0.8907733099431016
pilot,b2_h2_w2_n10_a1.5,fr_uniform,2.0,2.0,100,1.1295597553253174,-1.4963264167308807,11.719783782958984,1.0091426521539688,0.714285671710968,89652916.0,-1.5138096809387207,11.684869766235352,0.7244344757023659
pilot,b2_h2_w2_n10_a1.5,fr_uniform,2.0,2.0,100,1.1383647918701172,-1.3883637189865112,12.803149700164795,1.0328285545110703,0.714285671710968,89926100.0,-1.4104602336883545,12.739237785339355,0.5891568355324459
pilot,b2_h2_w2_n10_a1.5,fr_uniform,2.0,2.0,100,1.147169828414917,-1.2706992626190186,13.923482656478882,1.0551146268844604,0.714285671710968,90141802.0,-1.2962450981140137,13.81045150756836,0.4688402777652145
pilot,b2_h2_w2_n10_a1.5,fr_uniform,2.0,2.0,100,1.1559748649597168,-1.1430169641971588,15.07862138748169,1.0753586888313293,0.714285671710968,90246548.0,-1.1627188920974731,14.91157341003418,0.35895956120973055
pilot,b2_h2_w2_n10_a1.5,fr_uniform,2.0,2.0,100,1.1647799015045166,-1.0050252079963684,16.265209197998047,1.0929368436336517,0.714285671710968,90152478.0,-1.0291926860809326,16.0126953125,0.2748312649204783
pilot,b2_h2_w2_n10_a1.5,fr_uniform,2.0,2.0,100,1.1735849380493164,-0.8564658164978027,17.47897243499756,1.107277899980545,0.714285671710968,89726244.0,-0.8907105922698975,17.07135772705078,0.2083445374992525
pilot,b2_h2_w2_n10_a1.5,fr_uniform,2.0,2.0,100,1.1823899745941162,-0.6971215754747391,18.71491813659668,1.1178965866565704,0.714285671710968,88786506.0,-0.7296529412269592,17.93663787841797,0.15096950118886213
pilot,b2_h2_w2_n10_a1.5,fr_uniform,2.0,2.0,100,1.191195011138916,-0.5268168151378632,19.968568325042725,1.1244226396083832,0.714285671710968,87115570.0,-0.5685973167419434,18.801910400390625,0.10939515353143912
pilot,b2_h2_w2_n10_a1.5,fr_uniform,2.0,2.0,100,1.2000000476837158,-0.3460104987025261,21.10026741027832,1.126624345779419,0.714285671710968,84494890.0,-0.21101705729961395,0.0,0.05350665665810853
pilot,b2_h4_w2_n10_a1.5,abf,2.0,4.0,100,-0.20000000298023224,-0.35518280416727066,-42.478333473205566,0.8406945914030075,nan,40535359.0,-0.28965553641319275,-41.4669303894043,0.0018639202120810053
pilot,b2_h4_w2_n10_a1.5,abf,2.0,4.0,100,-0.19119496643543243,-0.718808501958847,-40.11659908294678,0.8393144756555557,nan,44682058.0,-0.6264054179191589,-39.44064712524414,0.0036553128100389556
pilot,b2_h4_w2_n10_a1.5,abf,2.0,4.0,100,-0.18238992989063263,-1.0604760944843292,-37.490840911865234,0.835237130522728,nan,48154133.0,-0.9631553292274475,-37.41436767578125,0.007168392965015216
pilot,b2_h4_w2_n10_a1.5,abf,2.0,4.0,100,-0.17358490824699402,-1.3791231215000153,-34.88750171661377,0.8286464512348175,nan,50989325.0,-1.2999048233032227,-35.38808822631836,0.014057843334247715
pilot,b2_h4_w2_n10_a1.5,abf,2.0,4.0,100,-0.1647798717021942,-1.6749965846538544,-32.31800556182861,0.8198337256908417,nan,53286549.0,-1.5848124027252197,-32.98188018798828,0.024853426821422824
pilot,b2_h4_w2_n10_a1.5,abf,2.0,4.0,100,-0.1559748500585556,-1.9484570622444153,-29.796674251556396,0.8091764897108078,nan,55170853.0,-1.858339548110962,-30.492279052734375,0.04295057062181184
pilot,b2_h4_w2_n10_a1.5,abf,2.0,4.0,100,-0.1471698135137558,-2.199998199939728,-27.339077472686768,0.7971115559339523,nan,56757537.0,-2.1318671703338623,-28.002670288085938,0.0742253086178889
pilot,b2_h4_w2_n10_a1.5,abf,2.0,4.0,100,-0.138364776968956,-2.4302371740341187,-24.958024978637695,0.7841054648160934,nan,58138283.0,-2.3623642921447754,-25.626155853271484,0.11769534009814893
pilot,b2_h4_w2_n10_a1.5,abf,2.0,4.0,100,-0.12955975532531738,-2.639887809753418,-22.66265106201172,0.7706245630979538,nan,59372599.0,-2.5686564445495605,-23.313255310058594,0.17780433905971715
pilot,b2_h4_w2_n10_a1.5,abf,2.0,4.0,100,-0.12075471878051758,-2.8297236561775208,-20.457175254821777,0.7571073770523071,nan,60495387.0,-2.7749485969543457,-21.00035285949707,0.2686120194911614
pilot,b2_h4_w2_n10_a1.5,abf,2.0,4.0,100,-0.11194968223571777,-3.0005409121513367,-18.34271240234375,0.7439416944980621,nan,61521584.0,-2.953352451324463,-18.82326316833496,0.3837824058286555
pilot,b2_h4_w2_n10_a1.5,abf,2.0,4.0,100,-0.10314465314149857,-3.153136134147644,-16.318212509155273,0.7314480841159821,nan,62455736.0,-3.0990166664123535,-16.80560874938965,0.5135791576578118
pilot,b2_h4_w2_n10_a1.5,abf,2.0,4.0,100,-0.09433962404727936,-3.2882899045944214,-14.381001472473145,0.7198697328567505,nan,63297283.0,-3.2446811199188232,-14.787954330444336,0.6872740202440659
pilot,b2_h4_w2_n10_a1.5,abf,2.0,4.0,100,-0.08553458750247955,-3.406758189201355,-12.52820086479187,0.7093700170516968,nan,64043205.0,-3.3756113052368164,-12.847731590270996,0.893006132645361
pilot,b2_h4_w2_n10_a1.5,abf,2.0,4.0,100,-0.07672955840826035,-3.5092700123786926,-10.756639957427979,0.7000361531972885,nan,64690323.0,-3.4686532020568848,-11.106622695922852,1.0756465933792176
pilot,b2_h4_w2_n10_a1.5,abf,2.0,4.0,100,-0.06792452931404114,-3.596528649330139,-9.063519716262817,0.691887691617012,nan,65236799.0,-3.561694622039795,-9.365514755249023,1.2956400276953883
pilot,b2_h4_w2_n10_a1.5,abf,2.0,4.0,100,-0.05911949649453163,-3.669213891029358,-7.446414351463318,0.684889018535614,nan,65680602.0,-3.6502130031585693,-7.649540424346924,1.5465730769991113
pilot,b2_h4_w2_n10_a1.5,abf,2.0,4.0,100,-0.050314463675022125,-3.72798615694046,-5.903295278549194,0.6789631992578506,nan,66023436.0,-3.6980223655700684,-6.159762859344482,1.7017553718467566
pilot,b2_h4_w2_n10_a1.5,abf,2.0,4.0,100,-0.04150943458080292,-3.7734906673431396,-4.432729959487915,0.6740059107542038,nan,66267023.0,-3.7458317279815674,-4.66998291015625,1.872508573101817
pilot,b2_h4_w2_n10_a1.5,abf,2.0,4.0,100,-0.03270440176129341,-3.806360602378845,-3.0334407687187195,0.6698983013629913,nan,66415155.0,-3.7936408519744873,-3.1802027225494385,2.060394074505891
pilot,b2_h4_w2_n10_a1.5,abf,2.0,4.0,100,-0.023899370804429054,-3.8272184133529663,-1.7042560279369354,0.6665171831846237,nan,66473658.0,-3.8059892654418945,-1.8987054824829102,2.1119128266778686
pilot,b2_h4_w2_n10_a1.5,abf,2.0,4.0,100,-0.015094339847564697,-3.8366758823394775,-0.44394057244062424,0.6637427806854248,nan,66451551.0,-3.8152542114257812,-0.63531494140625,2.151411162991585
pilot,b2_h4_w2_n10_a1.5,abf,2.0,4.0,100,-0.006289307959377766,-3.8353338837623596,0.7487562298774719,0.6614631563425064,nan,66360018.0,-3.824519157409668,0.6280735731124878,2.191648222301745
pilot,b2_h4_w2_n10_a1.5,abf,2.0,4.0,100,0.002515723230317235,-3.8237825632095337,1.8750531673431396,0.659576416015625,nan,66211076.0,-3.809847831726074,1.7313939332962036,2.1282737865856167
pilot,b2_h4_w2_n10_a1.5,abf,2.0,4.0,100,0.011320754885673523,-3.8026010990142822,2.936158061027527,0.6579911261796951,nan,66017583.0,-3.7867660522460938,2.778477430343628,2.032258351972873
pilot,b2_h4_w2_n10_a1.5,abf,2.0,4.0,100,0.02012578584253788,-3.772358238697052,3.933284342288971,0.656625360250473,nan,65791992.0,-3.7636842727661133,3.8255605697631836,1.9405745798285494
pilot,b2_h4_w2_n10_a1.5,abf,2.0,4.0,100,0.028930816799402237,-3.733611822128296,4.8676793575286865,0.6554054617881775,nan,65546352.0,-3.725759267807007,4.760152339935303,1.798825756411486
pilot,b2_h4_w2_n10_a1.5,abf,2.0,4.0,100,0.03773584961891174,-3.6869090795516968,5.7405160665512085,0.6542651504278183,nan,65291664.0,-3.6761717796325684,5.606359004974365,1.6289882525192627
pilot,b2_h4_w2_n10_a1.5,abf,2.0,4.0,100,0.04654087871313095,-3.63278728723526,6.552869558334351,0.6531454175710678,nan,65037540.0,-3.626584053039551,6.4525628089904785,1.4751853824927452
pilot,b2_h4_w2_n10_a1.5,abf,2.0,4.0,100,0.05534591153264046,-3.5717756748199463,7.305477261543274,0.6519947350025177,nan,64792279.0,-3.5689809322357178,7.2281694412231445,1.3146591405637695
pilot,b2_h4_w2_n10_a1.5,abf,2.0,4.0,100,0.06415094435214996,-3.504397749900818,7.998948335647583,0.6507706344127655,nan,64560698.0,-3.498300552368164,7.888588905334473,1.1413555826863329
pilot,b2_h4_w2_n10_a1.5,abf,2.0,4.0,100,0.07295597344636917,-3.4311723709106445,8.633688926696777,0.6494411826133728,nan,64346219.0,-3.4276199340820312,8.549006462097168,0.9908971114737375
pilot,b2_h4_w2_n10_a1.5,abf,2.0,4.0,100,0.08176100999116898,-3.35261607170105,9.209810733795166,0.6479865461587906,nan,64150610.0,-3.3537678718566895,9.171798706054688,0.8548333875258881
pilot,b2_h4_w2_n10_a1.5,abf,2.0,4.0,100,0.09056603908538818,-3.269244909286499,9.727372646331787,0.64640012383461,nan,63975450.0,-3.2672300338745117,9.644094467163086,0.7189781052528171
pilot,b2_h4_w2_n10_a1.5,abf,2.0,4.0,100,0.09937106817960739,-3.181573987007141,10.186449527740479,0.6446890830993652,nan,63820258.0,-3.1806912422180176,10.1163911819458,0.6047126111501011
pilot,b2_h4_w2_n10_a1.5,abf,2.0,4.0,100,0.1081760972738266,-3.090118885040283,10.586921215057373,0.6428732872009277,nan,63684657.0,-3.0939407348632812,10.584959030151367,0.5083917478475913
pilot,b2_h4_w2_n10_a1.5,abf,2.0,4.0,100,0.1169811338186264,-2.9953962564468384,10.92862582206726,0.6409836560487747,nan,63567403.0,-2.9967880249023438,10.870823860168457,0.4186130093006126
pilot,b2_h4_w2_n10_a1.5,abf,2.0,4.0,100,0.1257861703634262,-2.8979228734970093,11.211775302886963,0.6390594094991684,nan,63464806.0,-2.899635076522827,11.156688690185547,0.3446884587293222
pilot,b2_h4_w2_n10_a1.5,abf,2.0,4.0,100,0.13459119200706482,-2.798214852809906,11.43618893623352,0.6371443569660187,nan,63374976.0,-2.8024823665618896,11.442553520202637,0.2838186764257393
pilot,b2_h4_w2_n10_a1.5,abf,2.0,4.0,100,0.14339622855186462,-2.6967896819114685,11.601792335510254,0.6352831423282623,nan,63294305.0,-2.700812816619873,11.570798873901367,0.23159646242599863
pilot,b2_h4_w2_n10_a1.5,abf,2.0,4.0,100,0.15220126509666443,-2.594166576862335,11.708334684371948,0.6335175335407257,nan,63219890.0,-2.5982825756073,11.669021606445312,0.18865802584118416
pilot,b2_h4_w2_n10_a1.5,abf,2.0,4.0,100,0.16100628674030304,-2.4908671379089355,11.755377292633057,0.6318828165531158,nan,63148732.0,-2.495753288269043,11.767244338989258,0.15368075240699344
pilot,b2_h4_w2_n10_a1.5,abf,2.0,4.0,100,0.16981132328510284,-2.387419819831848,11.741933584213257,0.6304054111242294,nan,63079623.0,-2.39313006401062,11.742449760437012,0.12516476206110264
pilot,b2_h4_w2_n10_a1.5,abf,2.0,4.0,100,0.17861634492874146,-2.284359037876129,11.667560815811157,0.6291009932756424,nan,63012192.0,-2.290459632873535,11.65428352355957,0.1019303873765319
pilot,b2_h4_w2_n10_a1.5,abf,2.0,4.0,100,0.18742138147354126,-2.1822206377983093,11.532472848892212,0.6279740929603577,nan,62951991.0,-2.187788963317871,11.566116333007812,0.08300897749012151
pilot,b2_h4_w2_n10_a1.5,abf,2.0,4.0,100,0.19622641801834106,-2.081526756286621,11.33940863609314,0.6270183026790619,nan,62909182.0,-2.0873987674713135,11.399700164794922,0.06790898635983068
pilot,b2_h4_w2_n10_a1.5,abf,2.0,4.0,100,0.20503143966197968,-1.9827599227428436,11.094748973846436,0.6262176334857941,nan,62901223.0,-1.9894788265228271,11.148518562316895,0.055830956463560615
pilot,b2_h4_w2_n10_a1.5,abf,2.0,4.0,100,0.21383647620677948,-1.8863218426704407,10.810493469238281,0.6255486458539963,nan,62948795.0,-1.8915590047836304,10.89733600616455,0.04590108923571612
pilot,b2_h4_w2_n10_a1.5,abf,2.0,4.0,100,0.22264151275157928,-1.7924829721450806,10.504335880279541,0.6249825656414032,nan,63072315.0,-1.795915126800537,10.634291648864746,0.03790947540187006
pilot,b2_h4_w2_n10_a1.5,abf,2.0,4.0,100,0.2314465343952179,-1.7013392448425293,10.198295593261719,0.6244881898164749,nan,63287742.0,-1.7055820226669312,10.3435697555542,0.03164356730347218
pilot,b2_h4_w2_n10_a1.5,abf,2.0,4.0,100,0.2402515709400177,-1.6127906739711761,9.914895057678223,0.6240341365337372,nan,63601252.0,-1.6152489185333252,10.052847862243652,0.02641332651203027
pilot,b2_h4_w2_n10_a1.5,abf,2.0,4.0,100,0.2490566074848175,-1.5265555679798126,9.67279601097107,0.6235909014940262,nan,64005904.0,-1.5256679058074951,9.77815055847168,0.022080760184416313
pilot,b2_h4_w2_n10_a1.5,abf,2.0,4.0,100,0.2578616440296173,-1.4422268569469452,9.481877326965332,0.623132586479187,nan,64484115.0,-1.441605806350708,9.62096118927002,0.018663737134819797
pilot,b2_h4_w2_n10_a1.5,abf,2.0,4.0,100,0.2666666805744171,-1.3593575954437256,9.341290950775146,0.6226374953985214,nan,65010297.0,-1.3575431108474731,9.46377182006836,0.015775483528685776
pilot,b2_h4_w2_n10_a1.5,abf,2.0,4.0,100,0.27547168731689453,-1.2775518596172333,9.240281343460083,0.6220884919166565,nan,65554751.0,-1.2734814882278442,9.306583404541016,0.01333422201432322
pilot,b2_h4_w2_n10_a1.5,abf,2.0,4.0,100,0.28427672386169434,-1.1965369582176208,9.161664962768555,0.6214725524187088,nan,66089784.0,-1.1925655603408813,9.220146179199219,0.011341878742568787
pilot,b2_h4_w2_n10_a1.5,abf,2.0,4.0,100,0.29308176040649414,-1.1161993145942688,9.086444854736328,0.6207798719406128,nan,66594254.0,-1.1118509769439697,9.138225555419922,0.009651108620746232
pilot,b2_h4_w2_n10_a1.5,abf,2.0,4.0,100,0.30188679695129395,-1.036583423614502,8.997722625732422,0.6200030893087387,nan,67054681.0,-1.0311359167099,9.056303024291992,0.008212379174091388
pilot,b2_h4_w2_n10_a1.5,abf,2.0,4.0,100,0.31069183349609375,-0.9578639268875122,8.882910966873169,0.6191363632678986,nan,67466600.0,-0.9529981017112732,8.914838790893555,0.00702424011907378
pilot,b2_h4_w2_n10_a1.5,abf,2.0,4.0,100,0.31949687004089355,-0.8803037703037262,8.73430609703064,0.618175208568573,nan,67831872.0,-0.8756737112998962,8.754570960998535,0.006017779036548307
pilot,b2_h4_w2_n10_a1.5,abf,2.0,4.0,100,0.32830187678337097,-0.8042167723178864,8.54831075668335,0.6171166598796844,nan,68156714.0,-0.7983492016792297,8.594303131103516,0.0051555264747250714
pilot,b2_h4_w2_n10_a1.5,abf,2.0,4.0,100,0.3371069133281708,-0.7299347817897797,8.324276208877563,0.6159607470035553,nan,68449480.0,-0.7246459722518921,8.36133098602295,0.004448926283008333
pilot,b2_h4_w2_n10_a1.5,abf,2.0,4.0,100,0.3459119498729706,-0.6577878445386887,8.063377618789673,0.6147121489048004,nan,68719070.0,-0.653563916683197,8.075711250305176,0.0038593495974511296
pilot,b2_h4_w2_n10_a1.5,abf,2.0,4.0,100,0.3547169864177704,-0.5880908221006393,7.767791986465454,0.6133825182914734,nan,68972594.0,-0.5824823975563049,7.790092468261719,0.003347907865408171
pilot,b2_h4_w2_n10_a1.5,abf,2.0,4.0,100,0.3635220229625702,-0.5211380869150162,7.440035104751587,0.611993283033371,nan,69215852.0,-0.515206515789032,7.4611077308654785,0.0029264318123851537
pilot,b2_h4_w2_n10_a1.5,abf,2.0,4.0,100,0.3723270297050476,-0.4572042152285576,7.082131266593933,0.6105774790048599,nan,69455370.0,-0.45364031195640564,7.067083358764648,0.002587394699081174
pilot,b2_h4_w2_n10_a1.5,abf,2.0,4.0,100,0.3811320662498474,-0.39654573798179626,6.696000576019287,0.6091813147068024,nan,69693728.0,-0.392073392868042,6.673053741455078,0.002287632919991232
pilot,b2_h4_w2_n10_a1.5,abf,2.0,4.0,100,0.3899371027946472,-0.3394055590033531,6.282976746559143,0.6078639924526215,nan,69933360.0,-0.33317404985427856,6.261887550354004,0.0020334196604152466
pilot,b2_h4_w2_n10_a1.5,abf,2.0,4.0,100,0.398742139339447,-0.2860153689980507,5.8442161083221436,0.6066959500312805,nan,70173176.0,-0.28373056650161743,5.789953231811523,0.0018419632211778931
pilot,b2_h4_w2_n10_a1.5,abf,2.0,4.0,100,0.4075471758842468,-0.23659752681851387,5.380686163902283,0.605755627155304,nan,70411990.0,-0.23428739607334137,5.318022727966309,0.0016685343894419708
pilot,b2_h4_w2_n10_a1.5,abf,2.0,4.0,100,0.41635221242904663,-0.1913646124303341,4.893640756607056,0.6051243096590042,nan,70645102.0,-0.1854037046432495,4.843864917755127,0.0015131268133597568
pilot,b2_h4_w2_n10_a1.5,abf,2.0,4.0,100,0.42515721917152405,-0.15051770582795143,4.384468674659729,0.6048796325922012,nan,70869094.0,-0.14995256066322327,4.31635046005249,0.001409557688629495
pilot,b2_h4_w2_n10_a1.5,abf,2.0,4.0,100,0.43396225571632385,-0.11424378305673599,3.8548901081085205,0.6050886511802673,nan,71083072.0,-0.11450164020061493,3.7888388633728027,0.0013130781559250477
pilot,b2_h4_w2_n10_a1.5,abf,2.0,4.0,100,0.44276729226112366,-0.08271362632513046,3.30695503950119,0.6058007478713989,nan,71286442.0,-0.07905049622058868,3.261324167251587,0.0012232017793313236
pilot,b2_h4_w2_n10_a1.5,abf,2.0,4.0,100,0.45157232880592346,-0.056078389286994934,2.743046224117279,0.6070415526628494,nan,71479278.0,-0.05681343376636505,2.697296142578125,0.0011699929292040081
pilot,b2_h4_w2_n10_a1.5,abf,2.0,4.0,100,0.46037736535072327,-0.03446735441684723,2.165741801261902,0.6088083833456039,nan,71662336.0,-0.03672715649008751,2.1273207664489746,0.0011239228955163545
pilot,b2_h4_w2_n10_a1.5,abf,2.0,4.0,100,0.46918240189552307,-0.017986007034778595,1.5778540670871735,0.6110680997371674,nan,71838542.0,-0.01664099656045437,1.5573488473892212,0.0010796671843055477
pilot,b2_h4_w2_n10_a1.5,abf,2.0,4.0,100,0.4779874086380005,-0.006715059280395508,0.9822685569524765,0.6137573719024658,nan,72010138.0,-0.007622068282216787,0.9720320701599121,0.0010603668937418935
pilot,b2_h4_w2_n10_a1.5,abf,2.0,4.0,100,0.4867924451828003,-0.0007095411419868469,0.3818405494093895,0.6167860329151154,nan,72181750.0,-0.0038110455498099327,0.37949472665786743,0.001052315452274262
pilot,b2_h4_w2_n10_a1.5,abf,2.0,4.0,100,0.4955974817276001,0.0,-0.22067344188690186,0.6200427711009979,nan,72356746.0,0.0,-0.21304626762866974,0.0010443250983184853
pilot,b2_h4_w2_n10_a1.5,abf,2.0,4.0,100,0.5044025182723999,-0.004593268036842346,-0.8226576596498489,0.6234026700258255,nan,72541850.0,-0.004455422982573509,-0.8034994602203369,0.0010536725031986146
pilot,b2_h4_w2_n10_a1.5,abf,2.0,4.0,100,0.5132075548171997,-0.014473393559455872,-1.4215409457683563,0.6267367452383041,nan,72740386.0,-0.017177168279886246,-1.3918719291687012,0.0010808255793144327
pilot,b2_h4_w2_n10_a1.5,abf,2.0,4.0,100,0.5220125913619995,-0.029601633548736572,-2.0147297382354736,0.6299208849668503,nan,72956108.0,-0.029898839071393013,-1.980240821838379,0.0011086782233390234
pilot,b2_h4_w2_n10_a1.5,abf,2.0,4.0,100,0.5308176279067993,-0.049916788935661316,-2.599711060523987,0.6328450590372086,nan,73187816.0,-0.04778308793902397,-2.5607962608337402,0.0011490517232322268
pilot,b2_h4_w2_n10_a1.5,abf,2.0,4.0,100,0.5396226644515991,-0.07533702999353409,-3.1743123531341553,0.635420560836792,nan,73435050.0,-0.07663727551698685,-3.124742031097412,0.0012173122916804625
pilot,b2_h4_w2_n10_a1.5,abf,2.0,4.0,100,0.5484277009963989,-0.10576394572854042,-3.736940860748291,0.6375853419303894,nan,73693578.0,-0.1054912805557251,-3.6886837482452393,0.0012896274767482667
pilot,b2_h4_w2_n10_a1.5,abf,2.0,4.0,100,0.557232677936554,-0.1410880796611309,-4.286679267883301,0.6393068432807922,nan,73961648.0,-0.1364833116531372,-4.247430324554443,0.0013720932056583226
pilot,b2_h4_w2_n10_a1.5,abf,2.0,4.0,100,0.5660377144813538,-0.1811930537223816,-4.82287323474884,0.6405818909406662,nan,74239012.0,-0.18060816824436188,-4.774263858795166,0.0014986836772424349
pilot,b2_h4_w2_n10_a1.5,abf,2.0,4.0,100,0.5748427510261536,-0.22595810890197754,-5.345182657241821,0.6414341777563095,nan,74525264.0,-0.22473329305648804,-5.301100730895996,0.0016369543701895823
pilot,b2_h4_w2_n10_a1.5,abf,2.0,4.0,100,0.5836477875709534,-0.27525870501995087,-5.853164196014404,0.6419100314378738,nan,74820642.0,-0.2688581347465515,-5.827934265136719,0.0017879811019859864
pilot,b2_h4_w2_n10_a1.5,abf,2.0,4.0,100,0.5924528241157532,-0.32896698266267776,-6.346282005310059,0.6420720666646957,nan,75126164.0,-0.32652199268341064,-6.3102922439575195,0.002006545974428411
pilot,b2_h4_w2_n10_a1.5,abf,2.0,4.0,100,0.601257860660553,-0.38694994896650314,-6.824079632759094,0.6419929563999176,nan,75443314.0,-0.3847495913505554,-6.790794372558594,0.0022543687956726277
pilot,b2_h4_w2_n10_a1.5,abf,2.0,4.0,100,0.6100628972053528,-0.449072040617466,-7.286502003669739,0.6417487561702728,nan,75769054.0,-0.4429774880409241,-7.271299839019775,0.00253280102269554
pilot,b2_h4_w2_n10_a1.5,abf,2.0,4.0,100,0.6188679337501526,-0.5151979327201843,-7.733513951301575,0.6414133757352829,nan,76105058.0,-0.5111061334609985,-7.709429740905762,0.0029025309703492783
pilot,b2_h4_w2_n10_a1.5,abf,2.0,4.0,100,0.6276729702949524,-0.5851919651031494,-8.165123701095581,0.6410541236400604,nan,76450268.0,-0.5820276737213135,-8.135612487792969,0.0033448645025000736
pilot,b2_h4_w2_n10_a1.5,abf,2.0,4.0,100,0.6364780068397522,-0.6589183807373047,-8.58129096031189,0.6407288461923599,nan,76803196.0,-0.6529492139816284,-8.561795234680176,0.0038546078075917083
pilot,b2_h4_w2_n10_a1.5,abf,2.0,4.0,100,0.645283043384552,-0.7362397462129593,-8.98169755935669,0.6404850780963898,nan,77162626.0,-0.7306009531021118,-8.957308769226074,0.004502229614891839
pilot,b2_h4_w2_n10_a1.5,abf,2.0,4.0,100,0.6540880799293518,-0.8170154988765717,-9.365922451019287,0.6403601318597794,nan,77527328.0,-0.8127401471138,-9.332382202148438,0.005306068322381345
pilot,b2_h4_w2_n10_a1.5,abf,2.0,4.0,100,0.6628930568695068,-0.9011009186506271,-9.7334725856781,0.6403830498456955,nan,77893970.0,-0.8948782682418823,-9.707450866699219,0.006253412872594055
pilot,b2_h4_w2_n10_a1.5,abf,2.0,4.0,100,0.6716980934143066,-0.9883463382720947,-10.083685398101807,0.6405772268772125,nan,78260556.0,-0.9811076521873474,-10.059616088867188,0.007430447919819185
pilot,b2_h4_w2_n10_a1.5,abf,2.0,4.0,100,0.6805031299591064,-1.07859468460083,-10.415576457977295,0.6409635096788406,nan,78628142.0,-1.0729846954345703,-10.380145072937012,0.008929319861950658
pilot,b2_h4_w2_n10_a1.5,abf,2.0,4.0,100,0.6893081665039062,-1.171679973602295,-10.72806978225708,0.641563355922699,nan,78995828.0,-1.1648622751235962,-10.700675964355469,0.010730556165849075
pilot,b2_h4_w2_n10_a1.5,abf,2.0,4.0,100,0.698113203048706,-1.2674253582954407,-11.019949197769165,0.6424019187688828,nan,79365116.0,-1.2586647272109985,-11.004874229431152,0.012944879341017217
pilot,b2_h4_w2_n10_a1.5,abf,2.0,4.0,100,0.7069182395935059,-1.3656456470489502,-11.290061950683594,0.6435099244117737,nan,79736862.0,-1.3585638999938965,-11.25736141204834,0.015807723312240174
pilot,b2_h4_w2_n10_a1.5,abf,2.0,4.0,100,0.7157232761383057,-1.466143637895584,-11.537325859069824,0.6449252665042877,nan,80110386.0,-1.45846426486969,-11.50985050201416,0.019303749807495312
pilot,b2_h4_w2_n10_a1.5,abf,2.0,4.0,100,0.7245283126831055,-1.568713366985321,-11.76064395904541,0.6466930508613586,nan,80484476.0,-1.5587191581726074,-11.757439613342285,0.023589675893765465
pilot,b2_h4_w2_n10_a1.5,abf,2.0,4.0,100,0.7333333492279053,-1.673140436410904,-11.959243774414062,0.648864284157753,nan,80856342.0,-1.6645452976226807,-11.928300857543945,0.029150190067135973
pilot,b2_h4_w2_n10_a1.5,abf,2.0,4.0,100,0.7421383857727051,-1.7792032361030579,-12.13213562965393,0.6514937728643417,nan,81225664.0,-1.7703726291656494,-12.099163055419922,0.036021504097895424
pilot,b2_h4_w2_n10_a1.5,abf,2.0,4.0,100,0.7509434223175049,-1.8866719007492065,-12.278594732284546,0.6546365767717361,nan,81591764.0,-1.8761988878250122,-12.270025253295898,0.044512436119686305
pilot,b2_h4_w2_n10_a1.5,abf,2.0,4.0,100,0.7597483992576599,-1.9953075349330902,-12.397205352783203,0.6583434343338013,nan,81958220.0,-1.9851057529449463,-12.360207557678223,0.055344779887594724
pilot,b2_h4_w2_n10_a1.5,abf,2.0,4.0,100,0.7685534358024597,-2.1048606634140015,-12.486981868743896,0.6626556515693665,nan,82327246.0,-2.094432830810547,-12.43939208984375,0.06887109021437794
pilot,b2_h4_w2_n10_a1.5,abf,2.0,4.0,100,0.7773584723472595,-2.215070962905884,-12.546498775482178,0.6675999462604523,nan,82701978.0,-2.2037596702575684,-12.518575668334961,0.08570320119086389
pilot,b2_h4_w2_n10_a1.5,abf,2.0,4.0,100,0.7861635088920593,-2.325665593147278,-12.574268817901611,0.6731833815574646,nan,83083330.0,-2.3136165142059326,-12.524758338928223,0.10676219305642755
pilot,b2_h4_w2_n10_a1.5,abf,2.0,4.0,100,0.7949685454368591,-2.436356544494629,-12.568357944488525,0.6793891340494156,nan,83475430.0,-2.423701763153076,-12.499656677246094,0.13305656840498994
pilot,b2_h4_w2_n10_a1.5,abf,2.0,4.0,100,0.8037735819816589,-2.546839118003845,-12.52695894241333,0.6861737966537476,nan,83880822.0,-2.533785820007324,-12.474555969238281,0.16582656911758553
pilot,b2_h4_w2_n10_a1.5,abf,2.0,4.0,100,0.8125786185264587,-2.6567925810813904,-12.448348045349121,0.6934661567211151,nan,84303680.0,-2.642615556716919,-12.385980606079102,0.2061495654618668
pilot,b2_h4_w2_n10_a1.5,abf,2.0,4.0,100,0.8213836550712585,-2.7658838629722595,-12.330941915512085,0.7011685222387314,nan,84747054.0,-2.7502875328063965,-12.238815307617188,0.2556849195550608
pilot,b2_h4_w2_n10_a1.5,abf,2.0,4.0,100,0.8301886916160583,-2.87376469373703,-12.173417568206787,0.7091595530509949,nan,85210102.0,-2.8579609394073486,-12.091649055480957,0.31712395308918967
pilot,b2_h4_w2_n10_a1.5,abf,2.0,4.0,100,0.8389937281608582,-2.980077803134918,-11.974825143814087,0.7172995954751968,nan,85690964.0,-2.963625907897949,-11.901169776916504,0.39174951908919536
pilot,b2_h4_w2_n10_a1.5,abf,2.0,4.0,100,0.847798764705658,-3.0844579935073853,-11.734375715255737,0.7254379540681839,nan,86185366.0,-3.0653939247131348,-11.626615524291992,0.48017887333700743
pilot,b2_h4_w2_n10_a1.5,abf,2.0,4.0,100,0.8566038012504578,-3.1865347027778625,-11.451608657836914,0.7334210127592087,nan,86688580.0,-3.167163372039795,-11.352056503295898,0.5885710098822433
pilot,b2_h4_w2_n10_a1.5,abf,2.0,4.0,100,0.8654087781906128,-3.2859333157539368,-11.126008987426758,0.74110147356987,nan,87199412.0,-3.267402172088623,-11.056147575378418,0.7192256750806467
pilot,b2_h4_w2_n10_a1.5,abf,2.0,4.0,100,0.8742138147354126,-3.3822743892669678,-10.757161617279053,0.7483473718166351,nan,87716514.0,-3.359614372253418,-10.648141860961914,0.8648876225372434
pilot,b2_h4_w2_n10_a1.5,abf,2.0,4.0,100,0.8830188512802124,-3.475173592567444,-10.344207286834717,0.7550504356622696,nan,88240614.0,-3.451826810836792,-10.240137100219727,1.0400504072982644
pilot,b2_h4_w2_n10_a1.5,abf,2.0,4.0,100,0.8918238878250122,-3.56423681974411,-9.885860443115234,0.7611334323883057,nan,88774108.0,-3.5440402030944824,-9.832127571105957,1.250690707930601
pilot,b2_h4_w2_n10_a1.5,abf,2.0,4.0,100,0.900628924369812,-3.6490581035614014,-9.380679368972778,0.7665551751852036,nan,89315668.0,-3.6230838298797607,-9.283220291137695,1.4648944888618707
pilot,b2_h4_w2_n10_a1.5,abf,2.0,4.0,100,0.9094339609146118,-3.7292177081108093,-8.82699704170227,0.7713137716054916,nan,89865184.0,-3.7018589973449707,-8.731441497802734,1.7148636165035935
pilot,b2_h4_w2_n10_a1.5,abf,2.0,4.0,100,0.9182389974594116,-3.804281532764435,-8.223312377929688,0.7754473686218262,nan,90421500.0,-3.780635356903076,-8.179654121398926,2.0074921824659975
pilot,b2_h4_w2_n10_a1.5,abf,2.0,4.0,100,0.9270440340042114,-3.873804450035095,-7.56830358505249,0.7790328413248062,nan,90984132.0,-3.8451828956604004,-7.494491100311279,2.284121188573645
pilot,b2_h4_w2_n10_a1.5,abf,2.0,4.0,100,0.9358490705490112,-3.9373300075531006,-6.861053824424744,0.782181978225708,nan,91551962.0,-3.9061741828918457,-6.775986194610596,2.5804503156298995
pilot,b2_h4_w2_n10_a1.5,abf,2.0,4.0,100,0.944654107093811,-3.994394361972809,-6.100707411766052,0.7850362211465836,nan,92127380.0,-3.967165470123291,-6.057481288909912,2.91522352874481
pilot,b2_h4_w2_n10_a1.5,abf,2.0,4.0,100,0.9534591436386108,-4.044527053833008,-5.286620140075684,0.7877605557441711,nan,92711412.0,-4.014128684997559,-5.227910041809082,3.2023116154922446
pilot,b2_h4_w2_n10_a1.5,abf,2.0,4.0,100,0.9622641801834106,-4.087252497673035,-4.418108940124512,0.7905362695455551,nan,93306276.0,-4.052494049072266,-4.330287933349609,3.457700099782194
pilot,b2_h4_w2_n10_a1.5,abf,2.0,4.0,100,0.9710691571235657,-4.122087478637695,-3.494403600692749,0.7935538589954376,nan,93914654.0,-4.090859413146973,-3.432676315307617,3.733456145302718
pilot,b2_h4_w2_n10_a1.5,abf,2.0,4.0,100,0.9798741936683655,-4.148542881011963,-2.5147685408592224,0.7970065921545029,nan,94538448.0,-4.117080211639404,-2.4575061798095703,3.9344692053676433
pilot,b2_h4_w2_n10_a1.5,abf,2.0,4.0,100,0.9886792302131653,-4.166123032569885,-1.4784250855445862,0.8010846972465515,nan,95176610.0,-4.12784481048584,-1.3836290836334229,4.020093575440755
pilot,b2_h4_w2_n10_a1.5,abf,2.0,4.0,100,0.9974842667579651,-4.1743245124816895,-0.3845236375927925,0.8059703409671783,nan,95829144.0,-4.138609886169434,-0.30976492166519165,4.107585273697212
pilot,b2_h4_w2_n10_a1.5,abf,2.0,4.0,100,1.0062893629074097,-4.172636866569519,0.7678592503070831,0.8118343949317932,nan,96491332.0,-4.1408843994140625,0.8120958805084229,4.1263133528822955
pilot,b2_h4_w2_n10_a1.5,abf,2.0,4.0,100,1.01509428024292,-4.160540342330933,1.9797623455524445,0.8188330084085464,nan,97163892.0,-4.118997573852539,2.0704805850982666,3.9495857759508675
pilot,b2_h4_w2_n10_a1.5,abf,2.0,4.0,100,1.0238993167877197,-4.137505769729614,3.2523942589759827,0.8271054625511169,nan,97843562.0,-4.097110748291016,3.3288960456848145,3.7804273373220925
pilot,b2_h4_w2_n10_a1.5,abf,2.0,4.0,100,1.0327043533325195,-4.102992415428162,4.587055802345276,0.8367716372013092,nan,98531750.0,-4.07218074798584,4.6032562255859375,3.59655720101633
pilot,b2_h4_w2_n10_a1.5,abf,2.0,4.0,100,1.0415093898773193,-4.056447982788086,5.985157251358032,0.8479286879301071,nan,99228144.0,-4.012266159057617,6.061124801635742,3.190405028683763
pilot,b2_h4_w2_n10_a1.5,abf,2.0,4.0,100,1.0503144264221191,-3.9973079562187195,7.448103070259094,0.8606468737125397,nan,99933278.0,-3.952350616455078,7.519011497497559,2.8301134290018646
pilot,b2_h4_w2_n10_a1.5,abf,2.0,4.0,100,1.059119462966919,-3.924994945526123,8.977244853973389,0.8749640136957169,nan,100646390.0,-3.8924357891082764,8.976880073547363,2.510513056102813
pilot,b2_h4_w2_n10_a1.5,abf,2.0,4.0,100,1.0679244995117188,-3.838921070098877,10.57380485534668,0.8908780962228775,nan,101365058.0,-3.7931196689605713,10.624919891357422,2.0582475086666916
pilot,b2_h4_w2_n10_a1.5,abf,2.0,4.0,100,1.0767295360565186,-3.7384892106056213,12.238573551177979,0.9083388298749924,nan,102088016.0,-3.6894266605377197,12.294087409973145,1.672749834825662
pilot,b2_h4_w2_n10_a1.5,abf,2.0,4.0,100,1.0855345726013184,-3.623095154762268,13.972350597381592,0.9272387325763702,nan,102812658.0,-3.5857319831848145,13.963274002075195,1.3594490742747134
pilot,b2_h4_w2_n10_a1.5,abf,2.0,4.0,100,1.0943396091461182,-3.492131233215332,15.77555513381958,0.9474043250083923,nan,103537000.0,-3.4461114406585693,15.79500961303711,1.028229550418661
pilot,b2_h4_w2_n10_a1.5,abf,2.0,4.0,100,1.103144645690918,-3.3449795246124268,17.648880004882812,0.9685898423194885,nan,104256394.0,-3.292520523071289,17.689960479736328,0.7562801557983436
pilot,b2_h4_w2_n10_a1.5,abf,2.0,4.0,100,1.1119496822357178,-3.181023120880127,19.592630863189697,0.9904725253582001,nan,104960634.0,-3.138929605484009,19.584911346435547,0.5562567948192929
pilot,b2_h4_w2_n10_a1.5,abf,2.0,4.0,100,1.1207547187805176,-2.9996434450149536,21.60644292831421,1.012653723359108,nan,105629998.0,-2.955003023147583,21.599960327148438,0.38505142012600935
pilot,b2_h4_w2_n10_a1.5,abf,2.0,4.0,100,1.1295597553253174,-2.800230324268341,23.688834190368652,1.0346653759479523,nan,106230362.0,-2.7452404499053955,23.717260360717773,0.2531169760123564
pilot,b2_h4_w2_n10_a1.5,abf,2.0,4.0,100,1.1383647918701172,-2.5821956396102905,25.836156845092773,1.0559824705123901,nan,106700682.0,-2.535478115081787,25.834562301635742,0.16638877497135487
pilot,b2_h4_w2_n10_a1.5,abf,2.0,4.0,100,1.147169828414917,-2.344996452331543,28.041903495788574,1.0760420560836792,nan,106944324.0,-2.303964376449585,27.980796813964844,0.10472099161312161
pilot,b2_h4_w2_n10_a1.5,abf,2.0,4.0,100,1.1559748649597168,-2.0881611108779907,30.296374320983887,1.0942674726247787,nan,106812214.0,-2.0337932109832764,30.178396224975586,0.061005087345957026
pilot,b2_h4_w2_n10_a1.5,abf,2.0,4.0,100,1.1647799015045166,-1.8113200068473816,32.586066246032715,1.1100973039865494,nan,106093064.0,-1.7636221647262573,32.37599182128906,0.03553844851985861
pilot,b2_h4_w2_n10_a1.5,abf,2.0,4.0,100,1.1735849380493164,-1.5142249763011932,34.89692306518555,1.1230158805847168,nan,104511016.0,-1.4835397005081177,34.49033737182617,0.0202965361576352
pilot,b2_h4_w2_n10_a1.5,abf,2.0,4.0,100,1.1823899745941162,-1.196756511926651,37.21372604370117,1.132584124803543,nan,101758226.0,-1.15830659866333,36.22548294067383,0.010590782371043515
pilot,b2_h4_w2_n10_a1.5,abf,2.0,4.0,100,1.191195011138916,-0.8589150160551071,39.52451133728027,1.138465791940689,nan,97539878.0,-0.8330773711204529,37.960609436035156,0.005526339050300396
pilot,b2_h4_w2_n10_a1.5,abf,2.0,4.0,100,1.2000000476837158,-0.5018530339002609,41.57951736450195,1.1404502987861633,nan,91657248.0,-0.28965553641319275,0.0,0.0018639202120810053
pilot,b2_h4_w2_n10_a1.5,fr_estimated,2.0,4.0,100,-0.20000000298023224,-0.39059027284383774,-42.48948669433594,0.7750671058893204,0.7144315242767334,44042292.0,-0.28965553641319275,-41.4669303894043,0.0018639202120810053
pilot,b2_h4_w2_n10_a1.5,fr_estimated,2.0,4.0,100,-0.19119496643543243,-0.7543312311172485,-40.13162899017334,0.7741465270519257,0.7144201099872589,48513739.0,-0.6264054179191589,-39.44064712524414,0.0036553128100389556
pilot,b2_h4_w2_n10_a1.5,fr_estimated,2.0,4.0,100,-0.18238992989063263,-1.0961433351039886,-37.50863552093506,0.7714266330003738,0.7144088000059128,52239208.0,-0.9631553292274475,-37.41436767578125,0.007168392965015216
pilot,b2_h4_w2_n10_a1.5,fr_estimated,2.0,4.0,100,-0.17358490824699402,-1.4149542450904846,-34.90694618225098,0.7670301795005798,0.7144016474485397,55260988.0,-1.2999048233032227,-35.38808822631836,0.014057843334247715
pilot,b2_h4_w2_n10_a1.5,fr_estimated,2.0,4.0,100,-0.1647798717021942,-1.7110010385513306,-32.337934494018555,0.7611526399850845,0.7143924683332443,57689531.0,-1.5848124027252197,-32.98188018798828,0.024853426821422824
pilot,b2_h4_w2_n10_a1.5,fr_estimated,2.0,4.0,100,-0.1559748500585556,-1.9846379458904266,-29.81679630279541,0.7540487945079803,0.7143897861242294,59660613.0,-1.858339548110962,-30.492279052734375,0.04295057062181184
pilot,b2_h4_w2_n10_a1.5,fr_estimated,2.0,4.0,100,-0.1471698135137558,-2.2363560795783997,-27.35916042327881,0.7460165172815323,0.7143815457820892,61301543.0,-2.1318671703338623,-28.002670288085938,0.0742253086178889
pilot,b2_h4_w2_n10_a1.5,fr_estimated,2.0,4.0,100,-0.138364776968956,-2.466770112514496,-24.97772455215454,0.7373779565095901,0.714376762509346,62712584.0,-2.3623642921447754,-25.626155853271484,0.11769534009814893
pilot,b2_h4_w2_n10_a1.5,fr_estimated,2.0,4.0,100,-0.12955975532531738,-2.6765891313552856,-22.681179523468018,0.7284604907035828,0.7143701314926147,63960712.0,-2.5686564445495605,-23.313255310058594,0.17780433905971715
pilot,b2_h4_w2_n10_a1.5,fr_estimated,2.0,4.0,100,-0.12075471878051758,-2.8665791749954224,-20.473684310913086,0.7195783853530884,0.7143629789352417,65086667.0,-2.7749485969543457,-21.00035285949707,0.2686120194911614
pilot,b2_h4_w2_n10_a1.5,fr_estimated,2.0,4.0,100,-0.11194968223571777,-3.037528395652771,-18.35616397857666,0.7110171914100647,0.7143548727035522,66110769.0,-2.953352451324463,-18.82326316833496,0.3837824058286555
pilot,b2_h4_w2_n10_a1.5,fr_estimated,2.0,4.0,100,-0.10314465314149857,-3.190224766731262,-16.327754020690918,0.7030209451913834,0.7143447250127792,67040730.0,-3.0990166664123535,-16.80560874938965,0.5135791576578118
pilot,b2_h4_w2_n10_a1.5,fr_estimated,2.0,4.0,100,-0.09433962404727936,-3.32544481754303,-14.386522054672241,0.6957833021879196,0.7143417745828629,67876998.0,-3.2446811199188232,-14.787954330444336,0.6872740202440659
pilot,b2_h4_w2_n10_a1.5,fr_estimated,2.0,4.0,100,-0.08553458750247955,-3.4439446926116943,-12.529860973358154,0.6894429475069046,0.7143369019031525,68617764.0,-3.3756113052368164,-12.847731590270996,0.893006132645361
pilot,b2_h4_w2_n10_a1.5,fr_estimated,2.0,4.0,100,-0.07672955840826035,-3.546458065509796,-10.755301475524902,0.6840825080871582,0.7143306136131287,69259340.0,-3.4686532020568848,-11.106622695922852,1.0756465933792176
pilot,b2_h4_w2_n10_a1.5,fr_estimated,2.0,4.0,100,-0.06792452931404114,-3.633696973323822,-9.060359954833984,0.6797306537628174,0.7143255025148392,69797808.0,-3.561694622039795,-9.365514755249023,1.2956400276953883
pilot,b2_h4_w2_n10_a1.5,fr_estimated,2.0,4.0,100,-0.05911949649453163,-3.7063516974449158,-7.442657828330994,0.6763673275709152,0.7143242359161377,70230826.0,-3.6502130031585693,-7.649540424346924,1.5465730769991113
pilot,b2_h4_w2_n10_a1.5,fr_estimated,2.0,4.0,100,-0.050314463675022125,-3.7650917172431946,-5.899725675582886,0.6739303767681122,0.7143204063177109,70558690.0,-3.6980223655700684,-6.159762859344482,1.7017553718467566
pilot,b2_h4_w2_n10_a1.5,fr_estimated,2.0,4.0,100,-0.04150943458080292,-3.8105661273002625,-4.429452180862427,0.6723233759403229,0.7143162339925766,70783832.0,-3.7458317279815674,-4.66998291015625,1.872508573101817
pilot,b2_h4_w2_n10_a1.5,fr_estimated,2.0,4.0,100,-0.03270440176129341,-3.8434067964553833,-3.030070126056671,0.671424075961113,0.7143083959817886,70912026.0,-3.7936408519744873,-3.1802027225494385,2.060394074505891
pilot,b2_h4_w2_n10_a1.5,fr_estimated,2.0,4.0,100,-0.023899370804429054,-3.864231288433075,-1.7000862061977386,0.6710925102233887,0.7143009901046753,70951064.0,-3.8059892654418945,-1.8987054824829102,2.1119128266778686
pilot,b2_h4_w2_n10_a1.5,fr_estimated,2.0,4.0,100,-0.015094339847564697,-3.8736456632614136,-0.43830154091119766,0.671178936958313,0.7142996191978455,70910934.0,-3.8152542114257812,-0.63531494140625,2.151411162991585
pilot,b2_h4_w2_n10_a1.5,fr_estimated,2.0,4.0,100,-0.006289307959377766,-3.8722456097602844,0.7563399970531464,0.6715305298566818,0.7142962664365768,70802686.0,-3.824519157409668,0.6280735731124878,2.191648222301745
pilot,b2_h4_w2_n10_a1.5,fr_estimated,2.0,4.0,100,0.002515723230317235,-3.860617458820343,1.8848722577095032,0.6719980239868164,0.7142956852912903,70635634.0,-3.809847831726074,1.7313939332962036,2.1282737865856167
pilot,b2_h4_w2_n10_a1.5,fr_estimated,2.0,4.0,100,0.011320754885673523,-3.8393388986587524,2.94840931892395,0.6724408268928528,0.7142922878265381,70420074.0,-3.7867660522460938,2.778477430343628,2.032258351972873
pilot,b2_h4_w2_n10_a1.5,fr_estimated,2.0,4.0,100,0.02012578584253788,-3.8089768290519714,3.948122501373291,0.6727316826581955,0.7142937332391739,70165670.0,-3.7636842727661133,3.8255605697631836,1.9405745798285494
pilot,b2_h4_w2_n10_a1.5,fr_estimated,2.0,4.0,100,0.028930816799402237,-3.7700878977775574,4.885226011276245,0.6727602779865265,0.7142906934022903,69882038.0,-3.725759267807007,4.760152339935303,1.798825756411486
pilot,b2_h4_w2_n10_a1.5,fr_estimated,2.0,4.0,100,0.03773584961891174,-3.7232182025909424,5.7608866691589355,0.6724364906549454,0.7142916172742844,69579520.0,-3.6761717796325684,5.606359004974365,1.6289882525192627
pilot,b2_h4_w2_n10_a1.5,fr_estimated,2.0,4.0,100,0.04654087871313095,-3.668904662132263,6.576058864593506,0.6716923713684082,0.7142877876758575,69268644.0,-3.626584053039551,6.4525628089904785,1.4751853824927452
pilot,b2_h4_w2_n10_a1.5,fr_estimated,2.0,4.0,100,0.05534591153264046,-3.607676863670349,7.3313963413238525,0.6704835742712021,0.7142893522977829,68959714.0,-3.5689809322357178,7.2281694412231445,1.3146591405637695
pilot,b2_h4_w2_n10_a1.5,fr_estimated,2.0,4.0,100,0.06415094435214996,-3.5400604605674744,8.027208805084229,0.6687899529933929,0.7142852991819382,68661708.0,-3.498300552368164,7.888588905334473,1.1413555826863329
pilot,b2_h4_w2_n10_a1.5,fr_estimated,2.0,4.0,100,0.07295597344636917,-3.4665780067443848,8.663744688034058,0.666615292429924,0.7142855674028397,68379604.0,-3.4276199340820312,8.549006462097168,0.9908971114737375
pilot,b2_h4_w2_n10_a1.5,fr_estimated,2.0,4.0,100,0.08176100999116898,-3.3877517580986023,9.241087913513184,0.6639860719442368,0.7142861485481262,68117724.0,-3.3537678718566895,9.171798706054688,0.8548333875258881
pilot,b2_h4_w2_n10_a1.5,fr_estimated,2.0,4.0,100,0.09056603908538818,-3.3041017651557922,9.759421348571777,0.6609496027231216,0.71428282558918,67877374.0,-3.2672300338745117,9.644094467163086,0.7189781052528171
pilot,b2_h4_w2_n10_a1.5,fr_estimated,2.0,4.0,100,0.09937106817960739,-3.216145932674408,10.219098806381226,0.6575711220502853,0.7142765522003174,67657176.0,-3.1806912422180176,10.1163911819458,0.6047126111501011
pilot,b2_h4_w2_n10_a1.5,fr_estimated,2.0,4.0,100,0.1081760972738266,-3.124398708343506,10.620605945587158,0.6539304852485657,0.7142734825611115,67455663.0,-3.0939407348632812,10.584959030151367,0.5083917478475913
pilot,b2_h4_w2_n10_a1.5,fr_estimated,2.0,4.0,100,0.1169811338186264,-3.0293705463409424,10.96437120437622,0.650118038058281,0.7142707407474518,67269846.0,-2.9967880249023438,10.870823860168457,0.4186130093006126
pilot,b2_h4_w2_n10_a1.5,fr_estimated,2.0,4.0,100,0.1257861703634262,-2.9315678477287292,11.25078821182251,0.6462305635213852,0.7142632305622101,67097196.0,-2.899635076522827,11.156688690185547,0.3446884587293222
pilot,b2_h4_w2_n10_a1.5,fr_estimated,2.0,4.0,100,0.13459119200706482,-2.8314948081970215,11.480089902877808,0.6423669159412384,0.7142625749111176,66933838.0,-2.8024823665618896,11.442553520202637,0.2838186764257393
pilot,b2_h4_w2_n10_a1.5,fr_estimated,2.0,4.0,100,0.14339622855186462,-2.7296547293663025,11.65213131904602,0.6386236995458603,0.7142495512962341,66776746.0,-2.700812816619873,11.570798873901367,0.23159646242599863
pilot,b2_h4_w2_n10_a1.5,fr_estimated,2.0,4.0,100,0.15220126509666443,-2.626554012298584,11.766483545303345,0.6350917518138885,0.7142378687858582,66623330.0,-2.5982825756073,11.669021606445312,0.18865802584118416
pilot,b2_h4_w2_n10_a1.5,fr_estimated,2.0,4.0,100,0.16100628674030304,-2.5227049589157104,11.82207703590393,0.6318530291318893,0.7142273336648941,66473146.0,-2.495753288269043,11.767244338989258,0.15368075240699344
pilot,b2_h4_w2_n10_a1.5,fr_estimated,2.0,4.0,100,0.16981132328510284,-2.4186304807662964,11.817678213119507,0.6289784461259842,0.7142219543457031,66328069.0,-2.39313006401062,11.742449760437012,0.12516476206110264
pilot,b2_h4_w2_n10_a1.5,fr_estimated,2.0,4.0,100,0.17861634492874146,-2.314864218235016,11.752082347869873,0.6265265196561813,0.7142129242420197,66191765.0,-2.290459632873535,11.65428352355957,0.1019303873765319
pilot,b2_h4_w2_n10_a1.5,fr_estimated,2.0,4.0,100,0.18742138147354126,-2.2119444012641907,11.62542724609375,0.6245429366827011,0.7141974419355392,66071701.0,-2.187788963317871,11.566116333007812,0.08300897749012151
pilot,b2_h4_w2_n10_a1.5,fr_estimated,2.0,4.0,100,0.19622641801834106,-2.110397756099701,11.440183401107788,0.6230609118938446,0.7141942232847214,65978492.0,-2.0873987674713135,11.399700164794922,0.06790898635983068
pilot,b2_h4_w2_n10_a1.5,fr_estimated,2.0,4.0,100,0.20503143966197968,-2.010709583759308,11.20331335067749,0.6221018433570862,0.7141813486814499,65926400.0,-1.9894788265228271,11.148518562316895,0.055830956463560615
pilot,b2_h4_w2_n10_a1.5,fr_estimated,2.0,4.0,100,0.21383647620677948,-1.9132796227931976,10.927235841751099,0.6216766089200974,0.7141745984554291,65931653.0,-1.8915590047836304,10.89733600616455,0.04590108923571612
pilot,b2_h4_w2_n10_a1.5,fr_estimated,2.0,4.0,100,0.22264151275157928,-1.8183744847774506,10.629772663116455,0.6217863857746124,0.7141703069210052,66011832.0,-1.795915126800537,10.634291648864746,0.03790947540187006
pilot,b2_h4_w2_n10_a1.5,fr_estimated,2.0,4.0,100,0.2314465343952179,-1.7260880172252655,10.332420587539673,0.6224231868982315,0.7141652554273605,66179417.0,-1.7055820226669312,10.3435697555542,0.03164356730347218
pilot,b2_h4_w2_n10_a1.5,fr_estimated,2.0,4.0,100,0.2402515709400177,-1.6363255977630615,10.05649733543396,0.623570442199707,0.7141629010438919,66440633.0,-1.6152489185333252,10.052847862243652,0.02641332651203027
pilot,b2_h4_w2_n10_a1.5,fr_estimated,2.0,4.0,100,0.2490566074848175,-1.5488235354423523,9.818953275680542,0.6252024620771408,0.7141646295785904,66789687.0,-1.5256679058074951,9.77815055847168,0.022080760184416313
pilot,b2_h4_w2_n10_a1.5,fr_estimated,2.0,4.0,100,0.2578616440296173,-1.463205873966217,9.628506898880005,0.6272838860750198,0.714162603020668,67211013.0,-1.441605806350708,9.62096118927002,0.018663737134819797
pilot,b2_h4_w2_n10_a1.5,fr_estimated,2.0,4.0,100,0.2666666805744171,-1.3790623843669891,9.484073638916016,0.6297689527273178,0.7141654193401337,67679926.0,-1.3575431108474731,9.46377182006836,0.015775483528685776
pilot,b2_h4_w2_n10_a1.5,fr_estimated,2.0,4.0,100,0.27547168731689453,-1.2960310876369476,9.37588357925415,0.63260118663311,0.7141658365726471,68167038.0,-1.2734814882278442,9.306583404541016,0.01333422201432322
pilot,b2_h4_w2_n10_a1.5,fr_estimated,2.0,4.0,100,0.28427672386169434,-1.2138620615005493,9.288209676742554,0.6357131898403168,0.7141695320606232,68646606.0,-1.1925655603408813,9.220146179199219,0.011341878742568787
pilot,b2_h4_w2_n10_a1.5,fr_estimated,2.0,4.0,100,0.29308176040649414,-1.132450819015503,9.203763723373413,0.639027938246727,0.714168906211853,69096516.0,-1.1118509769439697,9.138225555419922,0.009651108620746232
pilot,b2_h4_w2_n10_a1.5,fr_estimated,2.0,4.0,100,0.30188679695129395,-1.0518395900726318,9.10648798942566,0.6424604952335358,0.714170828461647,69504708.0,-1.0311359167099,9.056303024291992,0.008212379174091388
pilot,b2_h4_w2_n10_a1.5,fr_estimated,2.0,4.0,100,0.31069183349609375,-0.9721945971250534,8.984354972839355,0.6459212154150009,0.7141718715429306,69866134.0,-0.9529981017112732,8.914838790893555,0.00702424011907378
pilot,b2_h4_w2_n10_a1.5,fr_estimated,2.0,4.0,100,0.31949687004089355,-0.8937685191631317,8.829554796218872,0.6493198722600937,0.7141732275485992,70185324.0,-0.8756737112998962,8.754570960998535,0.006017779036548307
pilot,b2_h4_w2_n10_a1.5,fr_estimated,2.0,4.0,100,0.32830187678337097,-0.8168647736310959,8.638574361801147,0.6525697857141495,0.7141760140657425,70467900.0,-0.7983492016792297,8.594303131103516,0.0051555264747250714
pilot,b2_h4_w2_n10_a1.5,fr_estimated,2.0,4.0,100,0.3371069133281708,-0.7418054789304733,8.410590648651123,0.6555928587913513,0.7141806036233902,70723144.0,-0.7246459722518921,8.36133098602295,0.004448926283008333
pilot,b2_h4_w2_n10_a1.5,fr_estimated,2.0,4.0,100,0.3459119498729706,-0.6689113527536392,8.146777868270874,0.6583232432603836,0.7141836732625961,70958620.0,-0.653563916683197,8.075711250305176,0.0038593495974511296
pilot,b2_h4_w2_n10_a1.5,fr_estimated,2.0,4.0,100,0.3547169864177704,-0.5984894782304764,7.849042296409607,0.6607106626033783,0.714189350605011,71179378.0,-0.5824823975563049,7.790092468261719,0.003347907865408171
pilot,b2_h4_w2_n10_a1.5,fr_estimated,2.0,4.0,100,0.3635220229625702,-0.5308292955160141,7.51947808265686,0.6627220958471298,0.7141946405172348,71388416.0,-0.515206515789032,7.4611077308654785,0.0029264318123851537
pilot,b2_h4_w2_n10_a1.5,fr_estimated,2.0,4.0,100,0.3723270297050476,-0.46620362251996994,7.159819960594177,0.6643418520689011,0.714199960231781,71587826.0,-0.45364031195640564,7.067083358764648,0.002587394699081174
pilot,b2_h4_w2_n10_a1.5,fr_estimated,2.0,4.0,100,0.3811320662498474,-0.4048702344298363,6.771613240242004,0.665570080280304,0.714205875992775,71778626.0,-0.392073392868042,6.673053741455078,0.002287632919991232
pilot,b2_h4_w2_n10_a1.5,fr_estimated,2.0,4.0,100,0.3899371027946472,-0.34707512706518173,6.3561248779296875,0.6664201617240906,0.7142125070095062,71961072.0,-0.33317404985427856,6.261887550354004,0.0020334196604152466
pilot,b2_h4_w2_n10_a1.5,fr_estimated,2.0,4.0,100,0.398742139339447,-0.2930528372526169,5.914645671844482,0.6669145077466965,0.7142193019390106,72134488.0,-0.28373056650161743,5.789953231811523,0.0018419632211778931
pilot,b2_h4_w2_n10_a1.5,fr_estimated,2.0,4.0,100,0.4075471758842468,-0.24302604421973228,5.448575377464294,0.6670806109905243,0.7142267674207687,72299874.0,-0.23428739607334137,5.318022727966309,0.0016685343894419708
pilot,b2_h4_w2_n10_a1.5,fr_estimated,2.0,4.0,100,0.41635221242904663,-0.19720343127846718,4.959698438644409,0.6669465899467468,0.7142341434955597,72456464.0,-0.1854037046432495,4.843864917755127,0.0015131268133597568
pilot,b2_h4_w2_n10_a1.5,fr_estimated,2.0,4.0,100,0.42515721917152405,-0.1557777374982834,4.449878454208374,0.666537806391716,0.7142411172389984,72606224.0,-0.14995256066322327,4.31635046005249,0.001409557688629495
pilot,b2_h4_w2_n10_a1.5,fr_estimated,2.0,4.0,100,0.43396225571632385,-0.11892419308423996,3.921134054660797,0.6658743321895599,0.7142474949359894,72750342.0,-0.11450164020061493,3.7888388633728027,0.0013130781559250477
pilot,b2_h4_w2_n10_a1.5,fr_estimated,2.0,4.0,100,0.44276729226112366,-0.08680084347724915,3.375450372695923,0.6649696379899979,0.7142529338598251,72891260.0,-0.07905049622058868,3.261324167251587,0.0012232017793313236
pilot,b2_h4_w2_n10_a1.5,fr_estimated,2.0,4.0,100,0.45157232880592346,-0.05954844504594803,2.8147336840629578,0.6638309061527252,0.7142572700977325,73031906.0,-0.05681343376636505,2.697296142578125,0.0011699929292040081
pilot,b2_h4_w2_n10_a1.5,fr_estimated,2.0,4.0,100,0.46037736535072327,-0.03729056566953659,2.240980863571167,0.662460446357727,0.7142606228590012,73173714.0,-0.03672715649008751,2.1273207664489746,0.0011239228955163545
pilot,b2_h4_w2_n10_a1.5,fr_estimated,2.0,4.0,100,0.46918240189552307,-0.020132973790168762,1.6562758684158325,0.6608580350875854,0.7142631560564041,73319476.0,-0.01664099656045437,1.5573488473892212,0.0010796671843055477
pilot,b2_h4_w2_n10_a1.5,fr_estimated,2.0,4.0,100,0.4779874086380005,-0.008161075413227081,1.0630636513233185,0.6590241342782974,0.7142652273178101,73469056.0,-0.007622068282216787,0.9720320701599121,0.0010603668937418935
pilot,b2_h4_w2_n10_a1.5,fr_estimated,2.0,4.0,100,0.4867924451828003,-0.0014376938343048096,0.46410223841667175,0.6569632291793823,0.7142670601606369,73624430.0,-0.0038110455498099327,0.37949472665786743,0.001052315452274262
pilot,b2_h4_w2_n10_a1.5,fr_estimated,2.0,4.0,100,0.4955974817276001,0.0,-0.13754111528396606,0.6546865999698639,0.7142688035964966,73785412.0,0.0,-0.21304626762866974,0.0010443250983184853
pilot,b2_h4_w2_n10_a1.5,fr_estimated,2.0,4.0,100,0.5044025182723999,-0.003857433795928955,-0.7386495769023895,0.6522150486707687,0.7142705768346786,73954378.0,-0.004455422982573509,-0.8034994602203369,0.0010536725031986146
pilot,b2_h4_w2_n10_a1.5,fr_estimated,2.0,4.0,100,0.5132075548171997,-0.012991547584533691,-1.336098074913025,0.6495802849531174,0.7142725437879562,74131004.0,-0.017177168279886246,-1.3918719291687012,0.0010808255793144327
pilot,b2_h4_w2_n10_a1.5,fr_estimated,2.0,4.0,100,0.5220125913619995,-0.0273578017950058,-1.927093356847763,0.64682537317276,0.7142747789621353,74316658.0,-0.029898839071393013,-1.980240821838379,0.0011086782233390234
pilot,b2_h4_w2_n10_a1.5,fr_estimated,2.0,4.0,100,0.5308176279067993,-0.04688945412635803,-2.509377419948578,0.644003838300705,0.7142774611711502,74510058.0,-0.04778308793902397,-2.5607962608337402,0.0011490517232322268
pilot,b2_h4_w2_n10_a1.5,fr_estimated,2.0,4.0,100,0.5396226644515991,-0.07150203734636307,-3.081192374229431,0.641178086400032,0.7142803966999054,74711284.0,-0.07663727551698685,-3.124742031097412,0.0012173122916804625
pilot,b2_h4_w2_n10_a1.5,fr_estimated,2.0,4.0,100,0.5484277009963989,-0.10109782218933105,-3.6412748098373413,0.6384161114692688,0.7142837792634964,74918446.0,-0.1054912805557251,-3.6886837482452393,0.0012896274767482667
pilot,b2_h4_w2_n10_a1.5,fr_estimated,2.0,4.0,100,0.557232677936554,-0.1355697177350521,-4.188764929771423,0.6357880681753159,0.7142873555421829,75131830.0,-0.1364833116531372,-4.247430324554443,0.0013720932056583226
pilot,b2_h4_w2_n10_a1.5,fr_estimated,2.0,4.0,100,0.5660377144813538,-0.17480401322245598,-4.72301971912384,0.6333621740341187,0.714291051030159,75351796.0,-0.18060816824436188,-4.774263858795166,0.0014986836772424349
pilot,b2_h4_w2_n10_a1.5,fr_estimated,2.0,4.0,100,0.5748427510261536,-0.21868297085165977,-5.243767023086548,0.6312004774808884,0.7142941951751709,75577552.0,-0.22473329305648804,-5.301100730895996,0.0016369543701895823
pilot,b2_h4_w2_n10_a1.5,fr_estimated,2.0,4.0,100,0.5836477875709534,-0.26708632707595825,-5.750777721405029,0.6293551921844482,0.7142972201108932,75810298.0,-0.2688581347465515,-5.827934265136719,0.0017879811019859864
pilot,b2_h4_w2_n10_a1.5,fr_estimated,2.0,4.0,100,0.5924528241157532,-0.3198927715420723,-6.243823289871216,0.627865731716156,0.7142990827560425,76051584.0,-0.32652199268341064,-6.3102922439575195,0.002006545974428411
pilot,b2_h4_w2_n10_a1.5,fr_estimated,2.0,4.0,100,0.601257860660553,-0.37697792798280716,-6.722678184509277,0.6267568022012711,0.714301347732544,76299964.0,-0.3847495913505554,-6.790794372558594,0.0022543687956726277
pilot,b2_h4_w2_n10_a1.5,fr_estimated,2.0,4.0,100,0.6100628972053528,-0.4382144659757614,-7.186758041381836,0.6260377913713455,0.7143023908138275,76556190.0,-0.4429774880409241,-7.271299839019775,0.00253280102269554
pilot,b2_h4_w2_n10_a1.5,fr_estimated,2.0,4.0,100,0.6188679337501526,-0.5034705698490143,-7.63568902015686,0.6257038116455078,0.7143040299415588,76816100.0,-0.5111061334609985,-7.709429740905762,0.0029025309703492783
pilot,b2_h4_w2_n10_a1.5,fr_estimated,2.0,4.0,100,0.6276729702949524,-0.5726098567247391,-8.068799018859863,0.6257380545139313,0.7143046706914902,77078646.0,-0.5820276737213135,-8.135612487792969,0.0033448645025000736
pilot,b2_h4_w2_n10_a1.5,fr_estimated,2.0,4.0,100,0.6364780068397522,-0.645491361618042,-8.485705852508545,0.6261150687932968,0.7143051326274872,77342124.0,-0.6529492139816284,-8.561795234680176,0.0038546078075917083
pilot,b2_h4_w2_n10_a1.5,fr_estimated,2.0,4.0,100,0.645283043384552,-0.7219707667827606,-8.886032104492188,0.6268052160739899,0.7143059968948364,77606034.0,-0.7306009531021118,-8.957308769226074,0.004502229614891839
pilot,b2_h4_w2_n10_a1.5,fr_estimated,2.0,4.0,100,0.6540880799293518,-0.8019007593393326,-9.269488096237183,0.6277791112661362,0.7143069356679916,77871268.0,-0.8127401471138,-9.332382202148438,0.005306068322381345
pilot,b2_h4_w2_n10_a1.5,fr_estimated,2.0,4.0,100,0.6628930568695068,-0.8851321786642075,-9.635914325714111,0.6290118992328644,0.714308962225914,78138698.0,-0.8948782682418823,-9.707450866699219,0.006253412872594055
pilot,b2_h4_w2_n10_a1.5,fr_estimated,2.0,4.0,100,0.6716980934143066,-0.9715130776166916,-9.984882354736328,0.6304865032434464,0.7143103927373886,78408418.0,-0.9811076521873474,-10.059616088867188,0.007430447919819185
pilot,b2_h4_w2_n10_a1.5,fr_estimated,2.0,4.0,100,0.6805031299591064,-1.060887336730957,-10.31583571434021,0.6321957856416702,0.7143119126558304,78679098.0,-1.0729846954345703,-10.380145072937012,0.008929319861950658
pilot,b2_h4_w2_n10_a1.5,fr_estimated,2.0,4.0,100,0.6893081665039062,-1.1530925333499908,-10.627909183502197,0.6341430842876434,0.7143123000860214,78950284.0,-1.1648622751235962,-10.700675964355469,0.010730556165849075
pilot,b2_h4_w2_n10_a1.5,fr_estimated,2.0,4.0,100,0.698113203048706,-1.2479577660560608,-10.920180320739746,0.6363409906625748,0.7143150717020035,79220356.0,-1.2586647272109985,-11.004874229431152,0.012944879341017217
pilot,b2_h4_w2_n10_a1.5,fr_estimated,2.0,4.0,100,0.7069182395935059,-1.3453054130077362,-11.191634893417358,0.6388089805841446,0.7143141478300095,79488760.0,-1.3585638999938965,-11.25736141204834,0.015807723312240174
pilot,b2_h4_w2_n10_a1.5,fr_estimated,2.0,4.0,100,0.7157232761383057,-1.444945901632309,-11.440961837768555,0.6415695995092392,0.714315876364708,79755724.0,-1.45846426486969,-11.50985050201416,0.019303749807495312
pilot,b2_h4_w2_n10_a1.5,fr_estimated,2.0,4.0,100,0.7245283126831055,-1.5466775596141815,-11.66663908958435,0.6446443647146225,0.7143137753009796,80022662.0,-1.5587191581726074,-11.757439613342285,0.023589675893765465
pilot,b2_h4_w2_n10_a1.5,fr_estimated,2.0,4.0,100,0.7333333492279053,-1.6502859592437744,-11.867250680923462,0.6480495035648346,0.7143130600452423,80289650.0,-1.6645452976226807,-11.928300857543945,0.029150190067135973
pilot,b2_h4_w2_n10_a1.5,fr_estimated,2.0,4.0,100,0.7421383857727051,-1.7555446326732635,-12.041491985321045,0.6517920643091202,0.714309886097908,80555602.0,-1.7703726291656494,-12.099163055419922,0.036021504097895424
pilot,b2_h4_w2_n10_a1.5,fr_estimated,2.0,4.0,100,0.7509434223175049,-1.862216979265213,-12.18835973739624,0.6558674275875092,0.7143097668886185,80817662.0,-1.8761988878250122,-12.270025253295898,0.044512436119686305
pilot,b2_h4_w2_n10_a1.5,fr_estimated,2.0,4.0,100,0.7597483992576599,-1.9700580537319183,-12.306949615478516,0.660257562994957,0.7143082320690155,81074718.0,-1.9851057529449463,-12.360207557678223,0.055344779887594724
pilot,b2_h4_w2_n10_a1.5,fr_estimated,2.0,4.0,100,0.7685534358024597,-2.0788131952285767,-12.395988941192627,0.6649310886859894,0.714309886097908,81325968.0,-2.094432830810547,-12.43939208984375,0.06887109021437794
pilot,b2_h4_w2_n10_a1.5,fr_estimated,2.0,4.0,100,0.7773584723472595,-2.1882172226905823,-12.454330682754517,0.6698444783687592,0.7143036872148514,81571670.0,-2.2037596702575684,-12.518575668334961,0.08570320119086389
pilot,b2_h4_w2_n10_a1.5,fr_estimated,2.0,4.0,100,0.7861635088920593,-2.2979933619499207,-12.480507373809814,0.6749445497989655,0.7143030911684036,81814110.0,-2.3136165142059326,-12.524758338928223,0.10676219305642755
pilot,b2_h4_w2_n10_a1.5,fr_estimated,2.0,4.0,100,0.7949685454368591,-2.407852292060852,-12.473154783248901,0.6801717728376389,0.7143000364303589,82057104.0,-2.423701763153076,-12.499656677246094,0.13305656840498994
pilot,b2_h4_w2_n10_a1.5,fr_estimated,2.0,4.0,100,0.8037735819816589,-2.517492413520813,-12.430812358856201,0.685464158654213,0.714293047785759,82304902.0,-2.533785820007324,-12.474555969238281,0.16582656911758553
pilot,b2_h4_w2_n10_a1.5,fr_estimated,2.0,4.0,100,0.8125786185264587,-2.6266003251075745,-12.35239553451538,0.6907611787319183,0.7142937332391739,82560502.0,-2.642615556716919,-12.385980606079102,0.2061495654618668
pilot,b2_h4_w2_n10_a1.5,fr_estimated,2.0,4.0,100,0.8213836550712585,-2.734854221343994,-12.23669719696045,0.6960078924894333,0.714292973279953,82827396.0,-2.7502875328063965,-12.238815307617188,0.2556849195550608
pilot,b2_h4_w2_n10_a1.5,fr_estimated,2.0,4.0,100,0.8301886916160583,-2.841920018196106,-12.082510709762573,0.7011579722166061,0.7142898142337799,83106064.0,-2.8579609394073486,-12.091649055480957,0.31712395308918967
pilot,b2_h4_w2_n10_a1.5,fr_estimated,2.0,4.0,100,0.8389937281608582,-2.9474531412124634,-11.888575077056885,0.7061767429113388,0.7142934650182724,83397088.0,-2.963625907897949,-11.901169776916504,0.39174951908919536
pilot,b2_h4_w2_n10_a1.5,fr_estimated,2.0,4.0,100,0.847798764705658,-3.0510973930358887,-11.653444528579712,0.7110429406166077,0.7142929583787918,83700204.0,-3.0653939247131348,-11.626615524291992,0.48017887333700743
pilot,b2_h4_w2_n10_a1.5,fr_estimated,2.0,4.0,100,0.8566038012504578,-3.1524850130081177,-11.376025438308716,0.715749591588974,0.7142918556928635,84014304.0,-3.167163372039795,-11.352056503295898,0.5885710098822433
pilot,b2_h4_w2_n10_a1.5,fr_estimated,2.0,4.0,100,0.8654087781906128,-3.2512378692626953,-11.055020809173584,0.7203041017055511,0.7142943739891052,84338436.0,-3.267402172088623,-11.056147575378418,0.7192256750806467
pilot,b2_h4_w2_n10_a1.5,fr_estimated,2.0,4.0,100,0.8742138147354126,-3.346966803073883,-10.689155101776123,0.724727138876915,0.7142952680587769,84673868.0,-3.359614372253418,-10.648141860961914,0.8648876225372434
pilot,b2_h4_w2_n10_a1.5,fr_estimated,2.0,4.0,100,0.8830188512802124,-3.4392719864845276,-10.27726411819458,0.7290507256984711,0.7143017649650574,85019856.0,-3.451826810836792,-10.240137100219727,1.0400504072982644
pilot,b2_h4_w2_n10_a1.5,fr_estimated,2.0,4.0,100,0.8918238878250122,-3.5277422666549683,-9.818124532699585,0.7333158552646637,0.7143068462610245,85375420.0,-3.5440402030944824,-9.832127571105957,1.250690707930601
pilot,b2_h4_w2_n10_a1.5,fr_estimated,2.0,4.0,100,0.900628924369812,-3.611957609653473,-9.310769319534302,0.7375693321228027,0.7143076062202454,85741000.0,-3.6230838298797607,-9.283220291137695,1.4648944888618707
pilot,b2_h4_w2_n10_a1.5,fr_estimated,2.0,4.0,100,0.9094339609146118,-3.6914896965026855,-8.754379987716675,0.7418607622385025,0.7143078744411469,86115870.0,-3.7018589973449707,-8.731441497802734,1.7148636165035935
pilot,b2_h4_w2_n10_a1.5,fr_estimated,2.0,4.0,100,0.9182389974594116,-3.7659032344818115,-8.14821720123291,0.7462397217750549,0.7143131494522095,86501694.0,-3.780635356903076,-8.179654121398926,2.0074921824659975
pilot,b2_h4_w2_n10_a1.5,fr_estimated,2.0,4.0,100,0.9270440340042114,-3.8347585797309875,-7.491774082183838,0.7507536262273788,0.7143122255802155,86898006.0,-3.8451828956604004,-7.494491100311279,2.284121188573645
pilot,b2_h4_w2_n10_a1.5,fr_estimated,2.0,4.0,100,0.9358490705490112,-3.8976105451583862,-6.784592032432556,0.7554461359977722,0.7143166363239288,87305660.0,-3.9061741828918457,-6.775986194610596,2.5804503156298995
pilot,b2_h4_w2_n10_a1.5,fr_estimated,2.0,4.0,100,0.944654107093811,-3.9540100693702698,-6.026143550872803,0.7603573054075241,0.7143143713474274,87722996.0,-3.967165470123291,-6.057481288909912,2.91522352874481
pilot,b2_h4_w2_n10_a1.5,fr_estimated,2.0,4.0,100,0.9534591436386108,-4.003501772880554,-5.2155643701553345,0.765524372458458,0.7143156081438065,88150818.0,-4.014128684997559,-5.227910041809082,3.2023116154922446
pilot,b2_h4_w2_n10_a1.5,fr_estimated,2.0,4.0,100,0.9622641801834106,-4.04562246799469,-4.351837396621704,0.7709843516349792,0.7143312990665436,88586884.0,-4.052494049072266,-4.330287933349609,3.457700099782194
pilot,b2_h4_w2_n10_a1.5,fr_estimated,2.0,4.0,100,0.9710691571235657,-4.079897880554199,-3.4335615634918213,0.7767769247293472,0.714331790804863,89031694.0,-4.090859413146973,-3.432676315307617,3.733456145302718
pilot,b2_h4_w2_n10_a1.5,fr_estimated,2.0,4.0,100,0.9798741936683655,-4.105841398239136,-2.4593288898468018,0.7829486429691315,0.7143342047929764,89485878.0,-4.117080211639404,-2.4575061798095703,3.9344692053676433
pilot,b2_h4_w2_n10_a1.5,fr_estimated,2.0,4.0,100,0.9886792302131653,-4.122954249382019,-1.4277550280094147,0.7895567268133163,0.7143249809741974,89949590.0,-4.12784481048584,-1.3836290836334229,4.020093575440755
pilot,b2_h4_w2_n10_a1.5,fr_estimated,2.0,4.0,100,0.9974842667579651,-4.130726456642151,-0.3375796154141426,0.7966722846031189,0.7143302708864212,90422628.0,-4.138609886169434,-0.30976492166519165,4.107585273697212
pilot,b2_h4_w2_n10_a1.5,fr_estimated,2.0,4.0,100,1.0062893629074097,-4.128636837005615,0.8122469037771225,0.8043830096721649,0.7143270522356033,90905554.0,-4.1408843994140625,0.8120958805084229,4.1263133528822955
pilot,b2_h4_w2_n10_a1.5,fr_estimated,2.0,4.0,100,1.01509428024292,-4.116156339645386,2.0226014852523804,0.8127932697534561,0.7143256515264511,91396416.0,-4.118997573852539,2.0704805850982666,3.9495857759508675
pilot,b2_h4_w2_n10_a1.5,fr_estimated,2.0,4.0,100,1.0238993167877197,-4.092748641967773,3.294303596019745,0.8220225423574448,0.7143295854330063,91893554.0,-4.097110748291016,3.3288960456848145,3.7804273373220925
pilot,b2_h4_w2_n10_a1.5,fr_estimated,2.0,4.0,100,1.0327043533325195,-4.057869553565979,4.628256559371948,0.8322008103132248,0.7143391221761703,92395532.0,-4.07218074798584,4.6032562255859375,3.59655720101633
pilot,b2_h4_w2_n10_a1.5,fr_estimated,2.0,4.0,100,1.0415093898773193,-4.010965704917908,6.025557041168213,0.8434615135192871,0.7143243253231049,92901116.0,-4.012266159057617,6.061124801635742,3.190405028683763
pilot,b2_h4_w2_n10_a1.5,fr_estimated,2.0,4.0,100,1.0503144264221191,-3.95147442817688,7.487449407577515,0.855930969119072,0.7143241316080093,93409796.0,-3.952350616455078,7.519011497497559,2.8301134290018646
pilot,b2_h4_w2_n10_a1.5,fr_estimated,2.0,4.0,100,1.059119462966919,-3.8788208961486816,9.01527714729309,0.8697167038917542,0.7143243104219437,93922546.0,-3.8924357891082764,8.976880073547363,2.510513056102813
pilot,b2_h4_w2_n10_a1.5,fr_estimated,2.0,4.0,100,1.0679244995117188,-3.7924187779426575,10.610326051712036,0.8848924934864044,0.714326798915863,94441164.0,-3.7931196689605713,10.624919891357422,2.0582475086666916
pilot,b2_h4_w2_n10_a1.5,fr_estimated,2.0,4.0,100,1.0767295360565186,-3.6916717290878296,12.273624897003174,0.9014840573072433,0.714321568608284,94968832.0,-3.6894266605377197,12.294087409973145,1.672749834825662
pilot,b2_h4_w2_n10_a1.5,fr_estimated,2.0,4.0,100,1.0855345726013184,-3.575974762439728,14.006109476089478,0.9194539934396744,0.7143227905035019,95503802.0,-3.5857319831848145,13.963274002075195,1.3594490742747134
pilot,b2_h4_w2_n10_a1.5,fr_estimated,2.0,4.0,100,1.0943396091461182,-3.444718599319458,15.808189630508423,0.9386889785528183,0.714325338602066,96045340.0,-3.4461114406585693,15.79500961303711,1.028229550418661
pilot,b2_h4_w2_n10_a1.5,fr_estimated,2.0,4.0,100,1.103144645690918,-3.2972843647003174,17.68043041229248,0.9589914530515671,0.7143180817365646,96585642.0,-3.292520523071289,17.689960479736328,0.7562801557983436
pilot,b2_h4_w2_n10_a1.5,fr_estimated,2.0,4.0,100,1.1119496822357178,-3.1330526471138,19.62355327606201,0.980072632431984,0.714319258928299,97111486.0,-3.138929605484009,19.584911346435547,0.5562567948192929
pilot,b2_h4_w2_n10_a1.5,fr_estimated,2.0,4.0,100,1.1207547187805176,-2.9514015913009644,21.637197017669678,1.0015552043914795,0.7143163830041885,97606096.0,-2.955003023147583,21.599960327148438,0.38505142012600935
pilot,b2_h4_w2_n10_a1.5,fr_estimated,2.0,4.0,100,1.1295597553253174,-2.751715898513794,23.719950675964355,1.0229803621768951,0.7143189460039139,98039784.0,-2.7452404499053955,23.717260360717773,0.2531169760123564
pilot,b2_h4_w2_n10_a1.5,fr_estimated,2.0,4.0,100,1.1383647918701172,-2.53340220451355,25.868408679962158,1.0438225865364075,0.7143162041902542,98362676.0,-2.535478115081787,25.834562301635742,0.16638877497135487
pilot,b2_h4_w2_n10_a1.5,fr_estimated,2.0,4.0,100,1.147169828414917,-2.295913517475128,28.07540273666382,1.063511222600937,0.7143163084983826,98490788.0,-2.303964376449585,27.980796813964844,0.10472099161312161
pilot,b2_h4_w2_n10_a1.5,fr_estimated,2.0,4.0,100,1.1559748649597168,-2.0387765169143677,30.331387996673584,1.0814574360847473,0.7143154591321945,98290216.0,-2.0337932109832764,30.178396224975586,0.061005087345957026
pilot,b2_h4_w2_n10_a1.5,fr_estimated,2.0,4.0,100,1.1647799015045166,-1.7616227567195892,32.622090339660645,1.0970853865146637,0.7143134027719498,97567130.0,-1.7636221647262573,32.37599182128906,0.03553844851985861
pilot,b2_h4_w2_n10_a1.5,fr_estimated,2.0,4.0,100,1.1735849380493164,-1.4642094671726227,34.9331693649292,1.109864890575409,0.7143124490976334,96065728.0,-1.4835397005081177,34.49033737182617,0.0202965361576352
pilot,b2_h4_w2_n10_a1.5,fr_estimated,2.0,4.0,100,1.1823899745941162,-1.1464196145534515,37.25048542022705,1.119343876838684,0.7143112421035767,93497066.0,-1.15830659866333,36.22548294067383,0.010590782371043515
pilot,b2_h4_w2_n10_a1.5,fr_estimated,2.0,4.0,100,1.191195011138916,-0.8082529455423355,39.561612129211426,1.1251763105392456,0.7143113613128662,89587576.0,-0.8330773711204529,37.960609436035156,0.005526339050300396
pilot,b2_h4_w2_n10_a1.5,fr_estimated,2.0,4.0,100,1.2000000476837158,-0.450861319899559,41.617292404174805,1.1271451711654663,0.7143117487430573,84153806.0,-0.28965553641319275,0.0,0.0018639202120810053
pilot,b2_h4_w2_n10_a1.5,fr_uniform,2.0,4.0,100,-0.20000000298023224,-0.39000238478183746,-42.477171897888184,0.7534773945808411,0.714285671710968,43743715.0,-0.28965553641319275,-41.4669303894043,0.0018639202120810053
pilot,b2_h4_w2_n10_a1.5,fr_uniform,2.0,4.0,100,-0.19119496643543243,-0.7536368072032928,-40.119736671447754,0.75274758040905,0.714285671710968,48214603.0,-0.6264054179191589,-39.44064712524414,0.0036553128100389556
pilot,b2_h4_w2_n10_a1.5,fr_uniform,2.0,4.0,100,-0.18238992989063263,-1.0953471660614014,-37.497416496276855,0.7505896687507629,0.714285671710968,51950603.0,-0.9631553292274475,-37.41436767578125,0.007168392965015216
pilot,b2_h4_w2_n10_a1.5,fr_uniform,2.0,4.0,100,-0.17358490824699402,-1.4140650928020477,-34.89704418182373,0.7470956146717072,0.714285671710968,54990074.0,-1.2999048233032227,-35.38808822631836,0.014057843334247715
pilot,b2_h4_w2_n10_a1.5,fr_uniform,2.0,4.0,100,-0.1647798717021942,-1.7100296318531036,-32.329142570495605,0.7424115389585495,0.714285671710968,57440142.0,-1.5848124027252197,-32.98188018798828,0.024853426821422824
pilot,b2_h4_w2_n10_a1.5,fr_uniform,2.0,4.0,100,-0.1559748500585556,-1.9835933446884155,-29.80898094177246,0.7367274016141891,0.714285671710968,59434477.0,-1.858339548110962,-30.492279052734375,0.04295057062181184
pilot,b2_h4_w2_n10_a1.5,fr_uniform,2.0,4.0,100,-0.1471698135137558,-2.235244393348694,-27.35172462463379,0.7302642315626144,0.714285671710968,61101070.0,-2.1318671703338623,-28.002670288085938,0.0742253086178889
pilot,b2_h4_w2_n10_a1.5,fr_uniform,2.0,4.0,100,-0.138364776968956,-2.46559339761734,-24.97038698196411,0.7232594788074493,0.714285671710968,62541769.0,-2.3623642921447754,-25.626155853271484,0.11769534009814893
pilot,b2_h4_w2_n10_a1.5,fr_uniform,2.0,4.0,100,-0.12955975532531738,-2.675349533557892,-22.674283981323242,0.7159527689218521,0.714285671710968,63825826.0,-2.5686564445495605,-23.313255310058594,0.17780433905971715
pilot,b2_h4_w2_n10_a1.5,fr_uniform,2.0,4.0,100,-0.12075471878051758,-2.865285038948059,-20.468175411224365,0.7085720002651215,0.714285671710968,64993164.0,-2.7749485969543457,-21.00035285949707,0.2686120194911614
pilot,b2_h4_w2_n10_a1.5,fr_uniform,2.0,4.0,100,-0.11194968223571777,-3.0361958146095276,-18.352972507476807,0.7013216614723206,0.714285671710968,66063453.0,-2.953352451324463,-18.82326316833496,0.3837824058286555
pilot,b2_h4_w2_n10_a1.5,fr_uniform,2.0,4.0,100,-0.10314465314149857,-3.1888768076896667,-16.327447414398193,0.6943743973970413,0.714285671710968,67041948.0,-3.0990166664123535,-16.80560874938965,0.5135791576578118
pilot,b2_h4_w2_n10_a1.5,fr_uniform,2.0,4.0,100,-0.09433962404727936,-3.3241074681282043,-14.389248609542847,0.6878652423620224,0.714285671710968,67925889.0,-3.2446811199188232,-14.787954330444336,0.6872740202440659
pilot,b2_h4_w2_n10_a1.5,fr_uniform,2.0,4.0,100,-0.08553458750247955,-3.4426433444023132,-12.535310983657837,0.6818892955780029,0.714285671710968,68710240.0,-3.3756113052368164,-12.847731590270996,0.893006132645361
pilot,b2_h4_w2_n10_a1.5,fr_uniform,2.0,4.0,100,-0.07672955840826035,-3.5452138781547546,-10.762863159179688,0.6765025854110718,0.714285671710968,69388706.0,-3.4686532020568848,-11.106622695922852,1.0756465933792176
pilot,b2_h4_w2_n10_a1.5,fr_uniform,2.0,4.0,100,-0.06792452931404114,-3.6325249075889587,-9.069199800491333,0.6717253774404526,0.714285671710968,69958084.0,-3.561694622039795,-9.365514755249023,1.2956400276953883
pilot,b2_h4_w2_n10_a1.5,fr_uniform,2.0,4.0,100,-0.05911949649453163,-3.705259680747986,-7.451987981796265,0.6675471216440201,0.714285671710968,70416122.0,-3.6502130031585693,-7.649540424346924,1.5465730769991113
pilot,b2_h4_w2_n10_a1.5,fr_uniform,2.0,4.0,100,-0.050314463675022125,-3.7640823125839233,-5.9091514348983765,0.6639321595430374,0.714285671710968,70764834.0,-3.6980223655700684,-6.159762859344482,1.7017553718467566
pilot,b2_h4_w2_n10_a1.5,fr_uniform,2.0,4.0,100,-0.04150943458080292,-3.809639096260071,-4.438734769821167,0.6608266979455948,0.714285671710968,71008466.0,-3.7458317279815674,-4.66998291015625,1.872508573101817
pilot,b2_h4_w2_n10_a1.5,fr_uniform,2.0,4.0,100,-0.03270440176129341,-3.8425593972206116,-3.038877546787262,0.6581638604402542,0.714285671710968,71153368.0,-3.7936408519744873,-3.1802027225494385,2.060394074505891
pilot,b2_h4_w2_n10_a1.5,fr_uniform,2.0,4.0,100,-0.023899370804429054,-3.8634573817253113,-1.7079325020313263,0.6558693945407867,0.714285671710968,71207698.0,-3.8059892654418945,-1.8987054824829102,2.1119128266778686
pilot,b2_h4_w2_n10_a1.5,fr_uniform,2.0,4.0,100,-0.015094339847564697,-3.8729333877563477,-0.44446755945682526,0.6538654714822769,0.714285671710968,71180460.0,-3.8152542114257812,-0.63531494140625,2.151411162991585
pilot,b2_h4_w2_n10_a1.5,fr_uniform,2.0,4.0,100,-0.006289307959377766,-3.8715766072273254,0.7526499927043915,0.6520739644765854,0.714285671710968,71081248.0,-3.824519157409668,0.6280735731124878,2.191648222301745
pilot,b2_h4_w2_n10_a1.5,fr_uniform,2.0,4.0,100,0.002515723230317235,-3.859967589378357,1.8842494785785675,0.650418683886528,0.714285671710968,70921802.0,-3.809847831726074,1.7313939332962036,2.1282737865856167
pilot,b2_h4_w2_n10_a1.5,fr_uniform,2.0,4.0,100,0.011320754885673523,-3.8386802673339844,2.9510077834129333,0.6488270461559296,0.714285671710968,70713632.0,-3.7867660522460938,2.778477430343628,2.032258351972873
pilot,b2_h4_w2_n10_a1.5,fr_uniform,2.0,4.0,100,0.02012578584253788,-3.8082826733589172,3.953595221042633,0.6472319215536118,0.714285671710968,70469384.0,-3.7636842727661133,3.8255605697631836,1.9405745798285494
pilot,b2_h4_w2_n10_a1.5,fr_uniform,2.0,4.0,100,0.028930816799402237,-3.7693364024162292,4.89277720451355,0.6455730497837067,0.714285671710968,70201992.0,-3.725759267807007,4.760152339935303,1.798825756411486
pilot,b2_h4_w2_n10_a1.5,fr_uniform,2.0,4.0,100,0.03773584961891174,-3.7223961353302,5.7693705558776855,0.6437987834215164,0.714285671710968,69923698.0,-3.6761717796325684,5.606359004974365,1.6289882525192627
pilot,b2_h4_w2_n10_a1.5,fr_uniform,2.0,4.0,100,0.04654087871313095,-3.6680091619491577,6.584230661392212,0.6418684273958206,0.714285671710968,69642444.0,-3.626584053039551,6.4525628089904785,1.4751853824927452
pilot,b2_h4_w2_n10_a1.5,fr_uniform,2.0,4.0,100,0.05534591153264046,-3.6067163348197937,7.3380045890808105,0.6397540420293808,0.714285671710968,69367438.0,-3.5689809322357178,7.2281694412231445,1.3146591405637695
pilot,b2_h4_w2_n10_a1.5,fr_uniform,2.0,4.0,100,0.06415094435214996,-3.53905189037323,8.03148078918457,0.6374427676200867,0.714285671710968,69101916.0,-3.498300552368164,7.888588905334473,1.1413555826863329
pilot,b2_h4_w2_n10_a1.5,fr_uniform,2.0,4.0,100,0.07295597344636917,-3.4655444025993347,8.66519832611084,0.6349378526210785,0.714285671710968,68850014.0,-3.4276199340820312,8.549006462097168,0.9908971114737375
pilot,b2_h4_w2_n10_a1.5,fr_uniform,2.0,4.0,100,0.08176100999116898,-3.3867169618606567,9.239900588989258,0.6322596520185471,0.714285671710968,68612206.0,-3.3537678718566895,9.171798706054688,0.8548333875258881
pilot,b2_h4_w2_n10_a1.5,fr_uniform,2.0,4.0,100,0.09056603908538818,-3.303085207939148,9.75644326210022,0.6294449120759964,0.714285671710968,68388474.0,-3.2672300338745117,9.644094467163086,0.7189781052528171
pilot,b2_h4_w2_n10_a1.5,fr_uniform,2.0,4.0,100,0.09937106817960739,-3.21515816450119,10.215532302856445,0.6265449374914169,0.714285671710968,68179311.0,-3.1806912422180176,10.1163911819458,0.6047126111501011
pilot,b2_h4_w2_n10_a1.5,fr_uniform,2.0,4.0,100,0.1081760972738266,-3.123439073562622,10.617791175842285,0.6236226707696915,0.714285671710968,67983296.0,-3.0939407348632812,10.584959030151367,0.5083917478475913
pilot,b2_h4_w2_n10_a1.5,fr_uniform,2.0,4.0,100,0.1169811338186264,-3.0284277200698853,10.963352918624878,0.6207485049962997,0.714285671710968,67799717.0,-2.9967880249023438,10.870823860168457,0.4186130093006126
pilot,b2_h4_w2_n10_a1.5,fr_uniform,2.0,4.0,100,0.1257861703634262,-2.9306240677833557,11.252075672149658,0.6179955452680588,0.714285671710968,67627168.0,-2.899635076522827,11.156688690185547,0.3446884587293222
pilot,b2_h4_w2_n10_a1.5,fr_uniform,2.0,4.0,100,0.13459119200706482,-2.8305302262306213,11.483506441116333,0.6154347807168961,0.714285671710968,67463322.0,-2.8024823665618896,11.442553520202637,0.2838186764257393
pilot,b2_h4_w2_n10_a1.5,fr_uniform,2.0,4.0,100,0.14339622855186462,-2.7286539673805237,11.656938076019287,0.6131304949522018,0.714285671710968,67305631.0,-2.700812816619873,11.570798873901367,0.23159646242599863
pilot,b2_h4_w2_n10_a1.5,fr_uniform,2.0,4.0,100,0.15220126509666443,-2.6255093216896057,11.771653413772583,0.6111365556716919,0.714285671710968,67152380.0,-2.5982825756073,11.669021606445312,0.18865802584118416
pilot,b2_h4_w2_n10_a1.5,fr_uniform,2.0,4.0,100,0.16100628674030304,-2.5216152667999268,11.827116250991821,0.6094939708709717,0.714285671710968,67002058.0,-2.495753288269043,11.767244338989258,0.15368075240699344
pilot,b2_h4_w2_n10_a1.5,fr_uniform,2.0,4.0,100,0.16981132328510284,-2.4174964427948,11.822723865509033,0.6082297116518021,0.714285671710968,66854836.0,-2.39313006401062,11.742449760437012,0.12516476206110264
pilot,b2_h4_w2_n10_a1.5,fr_uniform,2.0,4.0,100,0.17861634492874146,-2.3136810064315796,11.758201360702515,0.6073571592569351,0.714285671710968,66712647.0,-2.290459632873535,11.65428352355957,0.1019303873765319
pilot,b2_h4_w2_n10_a1.5,fr_uniform,2.0,4.0,100,0.18742138147354126,-2.210697650909424,11.633766651153564,0.606877401471138,0.714285671710968,66582218.0,-2.187788963317871,11.566116333007812,0.08300897749012151
pilot,b2_h4_w2_n10_a1.5,fr_uniform,2.0,4.0,100,0.19622641801834106,-2.109064757823944,11.451393127441406,0.6067817956209183,0.714285671710968,66475500.0,-2.0873987674713135,11.399700164794922,0.06790898635983068
pilot,b2_h4_w2_n10_a1.5,fr_uniform,2.0,4.0,100,0.20503143966197968,-2.0092665553092957,11.217064619064331,0.6070544421672821,0.714285671710968,66408071.0,-1.9894788265228271,11.148518562316895,0.055830956463560615
pilot,b2_h4_w2_n10_a1.5,fr_uniform,2.0,4.0,100,0.21383647620677948,-1.9117113947868347,10.94193148612976,0.6076750755310059,0.714285671710968,66401604.0,-1.8915590047836304,10.89733600616455,0.04590108923571612
pilot,b2_h4_w2_n10_a1.5,fr_uniform,2.0,4.0,100,0.22264151275157928,-1.816681981086731,10.643300771713257,0.6086209863424301,0.714285671710968,66475342.0,-1.795915126800537,10.634291648864746,0.03790947540187006
pilot,b2_h4_w2_n10_a1.5,fr_uniform,2.0,4.0,100,0.2314465343952179,-1.7242901921272278,10.342824220657349,0.6098687499761581,0.714285671710968,66645293.0,-1.7055820226669312,10.3435697555542,0.03164356730347218
pilot,b2_h4_w2_n10_a1.5,fr_uniform,2.0,4.0,100,0.2402515709400177,-1.6344545185565948,10.062732934951782,0.6113944798707962,0.714285671710968,66916836.0,-1.6152489185333252,10.052847862243652,0.02641332651203027
pilot,b2_h4_w2_n10_a1.5,fr_uniform,2.0,4.0,100,0.2490566074848175,-1.546915590763092,9.82109522819519,0.6131737232208252,0.714285671710968,67281318.0,-1.5256679058074951,9.77815055847168,0.022080760184416313
pilot,b2_h4_w2_n10_a1.5,fr_uniform,2.0,4.0,100,0.2578616440296173,-1.4612942039966583,9.627210855484009,0.6151805818080902,0.714285671710968,67717774.0,-1.441605806350708,9.62096118927002,0.018663737134819797
pilot,b2_h4_w2_n10_a1.5,fr_uniform,2.0,4.0,100,0.2666666805744171,-1.377173662185669,9.480148077011108,0.61738620698452,0.714285671710968,68196762.0,-1.3575431108474731,9.46377182006836,0.015775483528685776
pilot,b2_h4_w2_n10_a1.5,fr_uniform,2.0,4.0,100,0.27547168731689453,-1.2941871285438538,9.369636297225952,0.6197575181722641,0.714285671710968,68686302.0,-1.2734814882278442,9.306583404541016,0.01333422201432322
pilot,b2_h4_w2_n10_a1.5,fr_uniform,2.0,4.0,100,0.28427672386169434,-1.2120826542377472,9.279811143875122,0.6222562342882156,0.714285671710968,69159672.0,-1.1925655603408813,9.220146179199219,0.011341878742568787
pilot,b2_h4_w2_n10_a1.5,fr_uniform,2.0,4.0,100,0.29308176040649414,-1.1307548582553864,9.193200588226318,0.6248383074998856,0.714285671710968,69596770.0,-1.1118509769439697,9.138225555419922,0.009651108620746232
pilot,b2_h4_w2_n10_a1.5,fr_uniform,2.0,4.0,100,0.30188679695129395,-1.0502447187900543,9.094098329544067,0.6274545192718506,0.714285671710968,69989256.0,-1.0311359167099,9.056303024291992,0.008212379174091388
pilot,b2_h4_w2_n10_a1.5,fr_uniform,2.0,4.0,100,0.31069183349609375,-0.9707148969173431,8.970579862594604,0.6300515681505203,0.714285671710968,70336156.0,-0.9529981017112732,8.914838790893555,0.00702424011907378
pilot,b2_h4_w2_n10_a1.5,fr_uniform,2.0,4.0,100,0.31949687004089355,-0.8924127221107483,8.815190315246582,0.6325743794441223,0.714285671710968,70640226.0,-0.8756737112998962,8.754570960998535,0.006017779036548307
pilot,b2_h4_w2_n10_a1.5,fr_uniform,2.0,4.0,100,0.32830187678337097,-0.8156347572803497,8.624367475509644,0.6349689960479736,0.714285671710968,70907216.0,-0.7983492016792297,8.594303131103516,0.0051555264747250714
pilot,b2_h4_w2_n10_a1.5,fr_uniform,2.0,4.0,100,0.3371069133281708,-0.7406960427761078,8.397438287734985,0.6371859461069107,0.714285671710968,71143652.0,-0.7246459722518921,8.36133098602295,0.004448926283008333
pilot,b2_h4_w2_n10_a1.5,fr_uniform,2.0,4.0,100,0.3459119498729706,-0.6679111123085022,8.1351318359375,0.6391837149858475,0.714285671710968,71355714.0,-0.653563916683197,8.075711250305176,0.0038593495974511296
pilot,b2_h4_w2_n10_a1.5,fr_uniform,2.0,4.0,100,0.3547169864177704,-0.5975855588912964,7.838804125785828,0.6409322619438171,0.714285671710968,71549438.0,-0.5824823975563049,7.790092468261719,0.003347907865408171
pilot,b2_h4_w2_n10_a1.5,fr_uniform,2.0,4.0,100,0.3635220229625702,-0.5300124138593674,7.509943604469299,0.6424155682325363,0.714285671710968,71729862.0,-0.515206515789032,7.4611077308654785,0.0029264318123851537
pilot,b2_h4_w2_n10_a1.5,fr_uniform,2.0,4.0,100,0.3723270297050476,-0.4654717668890953,7.150044560432434,0.6436336785554886,0.714285671710968,71902524.0,-0.45364031195640564,7.067083358764648,0.002587394699081174
pilot,b2_h4_w2_n10_a1.5,fr_uniform,2.0,4.0,100,0.3811320662498474,-0.4042290449142456,6.76079523563385,0.6446033120155334,0.714285671710968,72070648.0,-0.392073392868042,6.673053741455078,0.002287632919991232
pilot,b2_h4_w2_n10_a1.5,fr_uniform,2.0,4.0,100,0.3899371027946472,-0.3465343043208122,6.344144105911255,0.6453572809696198,0.714285671710968,72235864.0,-0.33317404985427856,6.261887550354004,0.0020334196604152466
pilot,b2_h4_w2_n10_a1.5,fr_uniform,2.0,4.0,100,0.398742139339447,-0.29261912405490875,5.902295112609863,0.6459424048662186,0.714285671710968,72396144.0,-0.28373056650161743,5.789953231811523,0.0018419632211778931
pilot,b2_h4_w2_n10_a1.5,fr_uniform,2.0,4.0,100,0.4075471758842468,-0.2426968291401863,5.437191367149353,0.6464160680770874,0.714285671710968,72548142.0,-0.23428739607334137,5.318022727966309,0.0016685343894419708
pilot,b2_h4_w2_n10_a1.5,fr_uniform,2.0,4.0,100,0.41635221242904663,-0.19696548953652382,4.950349569320679,0.6468417942523956,0.714285671710968,72690490.0,-0.1854037046432495,4.843864917755127,0.0015131268133597568
pilot,b2_h4_w2_n10_a1.5,fr_uniform,2.0,4.0,100,0.42515721917152405,-0.15561110898852348,4.443029046058655,0.647283747792244,0.714285671710968,72820686.0,-0.14995256066322327,4.31635046005249,0.001409557688629495
pilot,b2_h4_w2_n10_a1.5,fr_uniform,2.0,4.0,100,0.43396225571632385,-0.11880868673324585,3.91637259721756,0.6478010714054108,0.714285671710968,72941564.0,-0.11450164020061493,3.7888388633728027,0.0013130781559250477
pilot,b2_h4_w2_n10_a1.5,fr_uniform,2.0,4.0,100,0.44276729226112366,-0.08672168850898743,3.371954381465912,0.6484424322843552,0.714285671710968,73055174.0,-0.07905049622058868,3.261324167251587,0.0012232017793313236
pilot,b2_h4_w2_n10_a1.5,fr_uniform,2.0,4.0,100,0.45157232880592346,-0.0594978928565979,2.8117318749427795,0.6492409408092499,0.714285671710968,73167078.0,-0.05681343376636505,2.697296142578125,0.0011699929292040081
pilot,b2_h4_w2_n10_a1.5,fr_uniform,2.0,4.0,100,0.46037736535072327,-0.03726547211408615,2.2382019758224487,0.6502108573913574,0.714285671710968,73281236.0,-0.03672715649008751,2.1273207664489746,0.0011239228955163545
pilot,b2_h4_w2_n10_a1.5,fr_uniform,2.0,4.0,100,0.46918240189552307,-0.020129770040512085,1.6540405750274658,0.6513455510139465,0.714285671710968,73400648.0,-0.01664099656045437,1.5573488473892212,0.0010796671843055477
pilot,b2_h4_w2_n10_a1.5,fr_uniform,2.0,4.0,100,0.4779874086380005,-0.008172474801540375,1.0619817674160004,0.6526176929473877,0.714285671710968,73528010.0,-0.007622068282216787,0.9720320701599121,0.0010603668937418935
pilot,b2_h4_w2_n10_a1.5,fr_uniform,2.0,4.0,100,0.4867924451828003,-0.0014512166380882263,0.46470192074775696,0.6539816111326218,0.714285671710968,73664636.0,-0.0038110455498099327,0.37949472665786743,0.001052315452274262
pilot,b2_h4_w2_n10_a1.5,fr_uniform,2.0,4.0,100,0.4955974817276001,0.0,-0.13506966643035412,0.6553775072097778,0.714285671710968,73811014.0,0.0,-0.21304626762866974,0.0010443250983184853
pilot,b2_h4_w2_n10_a1.5,fr_uniform,2.0,4.0,100,0.5044025182723999,-0.0038285255432128906,-0.7345572113990784,0.6567376106977463,0.714285671710968,73966286.0,-0.004455422982573509,-0.8034994602203369,0.0010536725031986146
pilot,b2_h4_w2_n10_a1.5,fr_uniform,2.0,4.0,100,0.5132075548171997,-0.012922331690788269,-1.3310357630252838,0.6579928696155548,0.714285671710968,74129584.0,-0.017177168279886246,-1.3918719291687012,0.0010808255793144327
pilot,b2_h4_w2_n10_a1.5,fr_uniform,2.0,4.0,100,0.5220125913619995,-0.02724379301071167,-1.9219791293144226,0.6590806096792221,0.714285671710968,74299856.0,-0.029898839071393013,-1.980240821838379,0.0011086782233390234
pilot,b2_h4_w2_n10_a1.5,fr_uniform,2.0,4.0,100,0.5308176279067993,-0.046734459698200226,-2.505183160305023,0.6599511653184891,0.714285671710968,74476346.0,-0.04778308793902397,-2.5607962608337402,0.0011490517232322268
pilot,b2_h4_w2_n10_a1.5,fr_uniform,2.0,4.0,100,0.5396226644515991,-0.07131773233413696,-3.078729510307312,0.6605736017227173,0.714285671710968,74658688.0,-0.07663727551698685,-3.124742031097412,0.0012173122916804625
pilot,b2_h4_w2_n10_a1.5,fr_uniform,2.0,4.0,100,0.5484277009963989,-0.10090146958827972,-3.6409996151924133,0.6609389185905457,0.714285671710968,74846376.0,-0.1054912805557251,-3.6886837482452393,0.0012896274767482667
pilot,b2_h4_w2_n10_a1.5,fr_uniform,2.0,4.0,100,0.557232677936554,-0.13538028299808502,-4.190612435340881,0.6610617935657501,0.714285671710968,75040126.0,-0.1364833116531372,-4.247430324554443,0.0013720932056583226
pilot,b2_h4_w2_n10_a1.5,fr_uniform,2.0,4.0,100,0.5660377144813538,-0.17463791742920876,-4.726474046707153,0.660978689789772,0.714285671710968,75240724.0,-0.18060816824436188,-4.774263858795166,0.0014986836772424349
pilot,b2_h4_w2_n10_a1.5,fr_uniform,2.0,4.0,100,0.5748427510261536,-0.21855055913329124,-5.247964024543762,0.6607445031404495,0.714285671710968,75448596.0,-0.22473329305648804,-5.301100730895996,0.0016369543701895823
pilot,b2_h4_w2_n10_a1.5,fr_uniform,2.0,4.0,100,0.5836477875709534,-0.26699043065309525,-5.754873037338257,0.6604265570640564,0.714285671710968,75663850.0,-0.2688581347465515,-5.827934265136719,0.0017879811019859864
pilot,b2_h4_w2_n10_a1.5,fr_uniform,2.0,4.0,100,0.5924528241157532,-0.319830484688282,-6.247363328933716,0.6600979417562485,0.714285671710968,75886378.0,-0.32652199268341064,-6.3102922439575195,0.002006545974428411
pilot,b2_h4_w2_n10_a1.5,fr_uniform,2.0,4.0,100,0.601257860660553,-0.3769441917538643,-6.725584626197815,0.6598298698663712,0.714285671710968,76116292.0,-0.3847495913505554,-6.790794372558594,0.0022543687956726277
pilot,b2_h4_w2_n10_a1.5,fr_uniform,2.0,4.0,100,0.6100628972053528,-0.4382055625319481,-7.189489960670471,0.6596850901842117,0.714285671710968,76352646.0,-0.4429774880409241,-7.271299839019775,0.00253280102269554
pilot,b2_h4_w2_n10_a1.5,fr_uniform,2.0,4.0,100,0.6188679337501526,-0.5034864246845245,-7.638583660125732,0.6597116738557816,0.714285671710968,76595544.0,-0.5111061334609985,-7.709429740905762,0.0029025309703492783
pilot,b2_h4_w2_n10_a1.5,fr_uniform,2.0,4.0,100,0.6276729702949524,-0.5726539939641953,-8.07232666015625,0.659939631819725,0.714285671710968,76842210.0,-0.5820276737213135,-8.135612487792969,0.0033448645025000736
pilot,b2_h4_w2_n10_a1.5,fr_uniform,2.0,4.0,100,0.6364780068397522,-0.6455685049295425,-8.489675998687744,0.6603786796331406,0.714285671710968,77093638.0,-0.6529492139816284,-8.561795234680176,0.0038546078075917083
pilot,b2_h4_w2_n10_a1.5,fr_uniform,2.0,4.0,100,0.645283043384552,-0.7220826148986816,-8.889944553375244,0.6610186994075775,0.714285671710968,77346894.0,-0.7306009531021118,-8.957308769226074,0.004502229614891839
pilot,b2_h4_w2_n10_a1.5,fr_uniform,2.0,4.0,100,0.6540880799293518,-0.8020430505275726,-9.27248740196228,0.6618320941925049,0.714285671710968,77600888.0,-0.8127401471138,-9.332382202148438,0.005306068322381345
pilot,b2_h4_w2_n10_a1.5,fr_uniform,2.0,4.0,100,0.6628930568695068,-0.8852919042110443,-9.636884689331055,0.6627778708934784,0.714285671710968,77852610.0,-0.8948782682418823,-9.707450866699219,0.006253412872594055
pilot,b2_h4_w2_n10_a1.5,fr_uniform,2.0,4.0,100,0.6716980934143066,-0.9716678112745285,-9.982774019241333,0.6638066321611404,0.714285671710968,78100776.0,-0.9811076521873474,-10.059616088867188,0.007430447919819185
pilot,b2_h4_w2_n10_a1.5,fr_uniform,2.0,4.0,100,0.6805031299591064,-1.0610068440437317,-10.309938669204712,0.6648660898208618,0.714285671710968,78344766.0,-1.0729846954345703,-10.380145072937012,0.008929319861950658
pilot,b2_h4_w2_n10_a1.5,fr_uniform,2.0,4.0,100,0.6893081665039062,-1.1531427800655365,-10.618062257766724,0.6659069508314133,0.714285671710968,78584416.0,-1.1648622751235962,-10.700675964355469,0.010730556165849075
pilot,b2_h4_w2_n10_a1.5,fr_uniform,2.0,4.0,100,0.698113203048706,-1.2479050755500793,-10.906649589538574,0.6668878644704819,0.714285671710968,78821428.0,-1.2586647272109985,-11.004874229431152,0.012944879341017217
pilot,b2_h4_w2_n10_a1.5,fr_uniform,2.0,4.0,100,0.7069182395935059,-1.3451194167137146,-11.174885511398315,0.6677797585725784,0.714285671710968,79057994.0,-1.3585638999938965,-11.25736141204834,0.015807723312240174
pilot,b2_h4_w2_n10_a1.5,fr_uniform,2.0,4.0,100,0.7157232761383057,-1.4446002542972565,-11.421458959579468,0.6685692667961121,0.714285671710968,79295956.0,-1.45846426486969,-11.50985050201416,0.019303749807495312
pilot,b2_h4_w2_n10_a1.5,fr_uniform,2.0,4.0,100,0.7245283126831055,-1.5461506247520447,-11.644970655441284,0.6692606061697006,0.714285671710968,79536128.0,-1.5587191581726074,-11.757439613342285,0.023589675893765465
pilot,b2_h4_w2_n10_a1.5,fr_uniform,2.0,4.0,100,0.7333333492279053,-1.6495614647865295,-11.844075202941895,0.6698765307664871,0.714285671710968,79778524.0,-1.6645452976226807,-11.928300857543945,0.029150190067135973
pilot,b2_h4_w2_n10_a1.5,fr_uniform,2.0,4.0,100,0.7421383857727051,-1.7546131908893585,-12.01765489578247,0.6704578101634979,0.714285671710968,80022136.0,-1.7703726291656494,-12.099163055419922,0.036021504097895424
pilot,b2_h4_w2_n10_a1.5,fr_uniform,2.0,4.0,100,0.7509434223175049,-1.861075073480606,-12.16437578201294,0.6710615754127502,0.714285671710968,80269462.0,-1.8761988878250122,-12.270025253295898,0.044512436119686305
pilot,b2_h4_w2_n10_a1.5,fr_uniform,2.0,4.0,100,0.7597483992576599,-1.968706876039505,-12.283409833908081,0.6717584133148193,0.714285671710968,80521250.0,-1.9851057529449463,-12.360207557678223,0.055344779887594724
pilot,b2_h4_w2_n10_a1.5,fr_uniform,2.0,4.0,100,0.7685534358024597,-2.0772595405578613,-12.373524188995361,0.6726285964250565,0.714285671710968,80781008.0,-2.094432830810547,-12.43939208984375,0.06887109021437794
pilot,b2_h4_w2_n10_a1.5,fr_uniform,2.0,4.0,100,0.7773584723472595,-2.18647301197052,-12.433548927307129,0.6737572997808456,0.714285671710968,81049838.0,-2.2037596702575684,-12.518575668334961,0.08570320119086389
pilot,b2_h4_w2_n10_a1.5,fr_uniform,2.0,4.0,100,0.7861635088920593,-2.296076476573944,-12.462080001831055,0.6752291768789291,0.714285671710968,81329674.0,-2.3136165142059326,-12.524758338928223,0.10676219305642755
pilot,b2_h4_w2_n10_a1.5,fr_uniform,2.0,4.0,100,0.7949685454368591,-2.4057862758636475,-12.457680463790894,0.6771228313446045,0.714285671710968,81620254.0,-2.423701763153076,-12.499656677246094,0.13305656840498994
pilot,b2_h4_w2_n10_a1.5,fr_uniform,2.0,4.0,100,0.8037735819816589,-2.515304923057556,-12.418678045272827,0.6795052736997604,0.714285671710968,81920726.0,-2.533785820007324,-12.474555969238281,0.16582656911758553
pilot,b2_h4_w2_n10_a1.5,fr_uniform,2.0,4.0,100,0.8125786185264587,-2.624320387840271,-12.343549013137817,0.6824268698692322,0.714285671710968,82228872.0,-2.642615556716919,-12.385980606079102,0.2061495654618668
pilot,b2_h4_w2_n10_a1.5,fr_uniform,2.0,4.0,100,0.8213836550712585,-2.7325087189674377,-12.230640649795532,0.6859176158905029,0.714285671710968,82542854.0,-2.7502875328063965,-12.238815307617188,0.2556849195550608
pilot,b2_h4_w2_n10_a1.5,fr_uniform,2.0,4.0,100,0.8301886916160583,-2.8395294547080994,-12.078360080718994,0.6899845749139786,0.714285671710968,82859300.0,-2.8579609394073486,-12.091649055480957,0.31712395308918967
pilot,b2_h4_w2_n10_a1.5,fr_uniform,2.0,4.0,100,0.8389937281608582,-2.9450289011001587,-11.885068416595459,0.6946111023426056,0.714285671710968,83176882.0,-2.963625907897949,-11.901169776916504,0.39174951908919536
pilot,b2_h4_w2_n10_a1.5,fr_uniform,2.0,4.0,100,0.847798764705658,-3.048640251159668,-11.649485349655151,0.6997580528259277,0.714285671710968,83494612.0,-3.0653939247131348,-11.626615524291992,0.48017887333700743
pilot,b2_h4_w2_n10_a1.5,fr_uniform,2.0,4.0,100,0.8566038012504578,-3.1499862670898438,-11.370524406433105,0.7053665965795517,0.714285671710968,83812822.0,-3.167163372039795,-11.352056503295898,0.5885710098822433
pilot,b2_h4_w2_n10_a1.5,fr_uniform,2.0,4.0,100,0.8654087781906128,-3.2486814856529236,-11.047374963760376,0.7113626897335052,0.714285671710968,84131590.0,-3.267402172088623,-11.056147575378418,0.7192256750806467
pilot,b2_h4_w2_n10_a1.5,fr_uniform,2.0,4.0,100,0.8742138147354126,-3.344333231449127,-10.679228782653809,0.717662587761879,0.714285671710968,84452346.0,-3.359614372253418,-10.648141860961914,0.8648876225372434
pilot,b2_h4_w2_n10_a1.5,fr_uniform,2.0,4.0,100,0.8830188512802124,-3.436542272567749,-10.265385866165161,0.724178746342659,0.714285671710968,84776602.0,-3.451826810836792,-10.240137100219727,1.0400504072982644
pilot,b2_h4_w2_n10_a1.5,fr_uniform,2.0,4.0,100,0.8918238878250122,-3.524902045726776,-9.804905414581299,0.7308260202407837,0.714285671710968,85105412.0,-3.5440402030944824,-9.832127571105957,1.250690707930601
pilot,b2_h4_w2_n10_a1.5,fr_uniform,2.0,4.0,100,0.900628924369812,-3.608999013900757,-9.297101259231567,0.7375270575284958,0.714285671710968,85437922.0,-3.6230838298797607,-9.283220291137695,1.4648944888618707
pilot,b2_h4_w2_n10_a1.5,fr_uniform,2.0,4.0,100,0.9094339609146118,-3.6884118914604187,-8.740950584411621,0.7442169487476349,0.714285671710968,85776716.0,-3.7018589973449707,-8.731441497802734,1.7148636165035935
pilot,b2_h4_w2_n10_a1.5,fr_uniform,2.0,4.0,100,0.9182389974594116,-3.7627112865448,-8.135725021362305,0.7508468478918076,0.714285671710968,86121234.0,-3.780635356903076,-8.179654121398926,2.0074921824659975
pilot,b2_h4_w2_n10_a1.5,fr_uniform,2.0,4.0,100,0.9270440340042114,-3.8314622044563293,-7.480554580688477,0.7573865503072739,0.714285671710968,86474144.0,-3.8451828956604004,-7.494491100311279,2.284121188573645
pilot,b2_h4_w2_n10_a1.5,fr_uniform,2.0,4.0,100,0.9358490705490112,-3.894220471382141,-6.77453076839447,0.7638258337974548,0.714285671710968,86836958.0,-3.9061741828918457,-6.775986194610596,2.5804503156298995
pilot,b2_h4_w2_n10_a1.5,fr_uniform,2.0,4.0,100,0.944654107093811,-3.950532555580139,-6.016345381736755,0.7701759040355682,0.714285671710968,87214360.0,-3.967165470123291,-6.057481288909912,2.91522352874481
pilot,b2_h4_w2_n10_a1.5,fr_uniform,2.0,4.0,100,0.9534591436386108,-3.9999337196350098,-5.204774737358093,0.7764697670936584,0.714285671710968,87608416.0,-4.014128684997559,-5.227910041809082,3.2023116154922446
pilot,b2_h4_w2_n10_a1.5,fr_uniform,2.0,4.0,100,0.9622641801834106,-4.041948556900024,-4.33855140209198,0.7827630043029785,0.714285671710968,88023426.0,-4.052494049072266,-4.330287933349609,3.457700099782194
pilot,b2_h4_w2_n10_a1.5,fr_uniform,2.0,4.0,100,0.9710691571235657,-4.076091408729553,-3.4167507886886597,0.7891343235969543,0.714285671710968,88458498.0,-4.090859413146973,-3.432676315307617,3.733456145302718
pilot,b2_h4_w2_n10_a1.5,fr_uniform,2.0,4.0,100,0.9798741936683655,-4.101870179176331,-2.4386979937553406,0.7956859469413757,0.714285671710968,88912004.0,-4.117080211639404,-2.4575061798095703,3.9344692053676433
pilot,b2_h4_w2_n10_a1.5,fr_uniform,2.0,4.0,100,0.9886792302131653,-4.118787050247192,-1.4038223922252655,0.802543580532074,0.714285671710968,89383570.0,-4.12784481048584,-1.3836290836334229,4.020093575440755
pilot,b2_h4_w2_n10_a1.5,fr_uniform,2.0,4.0,100,0.9974842667579651,-4.126338243484497,-0.3114936798810959,0.809855118393898,0.714285671710968,89870744.0,-4.138609886169434,-0.30976492166519165,4.107585273697212
pilot,b2_h4_w2_n10_a1.5,fr_uniform,2.0,4.0,100,1.0062893629074097,-4.1240150928497314,0.8391884863376617,0.8177881985902786,0.714285671710968,90370890.0,-4.1408843994140625,0.8120958805084229,4.1263133528822955
pilot,b2_h4_w2_n10_a1.5,fr_uniform,2.0,4.0,100,1.01509428024292,-4.111298322677612,2.0493553280830383,0.8265252560377121,0.714285671710968,90884958.0,-4.118997573852539,2.0704805850982666,3.9495857759508675
pilot,b2_h4_w2_n10_a1.5,fr_uniform,2.0,4.0,100,1.0238993167877197,-4.087658643722534,3.320218324661255,0.8362565636634827,0.714285671710968,91409474.0,-4.097110748291016,3.3288960456848145,3.7804273373220925
pilot,b2_h4_w2_n10_a1.5,fr_uniform,2.0,4.0,100,1.0327043533325195,-4.052556753158569,4.652929902076721,0.8471702337265015,0.714285671710968,91944362.0,-4.07218074798584,4.6032562255859375,3.59655720101633
pilot,b2_h4_w2_n10_a1.5,fr_uniform,2.0,4.0,100,1.0415093898773193,-4.0054426193237305,6.048679828643799,0.8594401776790619,0.714285671710968,92486268.0,-4.012266159057617,6.061124801635742,3.190405028683763
pilot,b2_h4_w2_n10_a1.5,fr_uniform,2.0,4.0,100,1.0503144264221191,-3.945756256580353,7.508637428283691,0.8732121735811234,0.714285671710968,93032134.0,-3.952350616455078,7.519011497497559,2.8301134290018646
pilot,b2_h4_w2_n10_a1.5,fr_uniform,2.0,4.0,100,1.059119462966919,-3.8729273080825806,9.033937931060791,0.8885889947414398,0.714285671710968,93581588.0,-3.8924357891082764,8.976880073547363,2.510513056102813
pilot,b2_h4_w2_n10_a1.5,fr_uniform,2.0,4.0,100,1.0679244995117188,-3.7863746881484985,10.625860452651978,0.9056155532598495,0.714285671710968,94134070.0,-3.7931196689605713,10.624919891357422,2.0582475086666916
pilot,b2_h4_w2_n10_a1.5,fr_uniform,2.0,4.0,100,1.0767295360565186,-3.6855053901672363,12.285857439041138,0.9242658019065857,0.714285671710968,94690216.0,-3.6894266605377197,12.294087409973145,1.672749834825662
pilot,b2_h4_w2_n10_a1.5,fr_uniform,2.0,4.0,100,1.0855345726013184,-3.5697142481803894,14.01526403427124,0.9444320201873779,0.714285671710968,95251252.0,-3.5857319831848145,13.963274002075195,1.3594490742747134
pilot,b2_h4_w2_n10_a1.5,fr_uniform,2.0,4.0,100,1.0943396091461182,-3.4383877515792847,15.814985990524292,0.9659178256988525,0.714285671710968,95819244.0,-3.4461114406585693,15.79500961303711,1.028229550418661
pilot,b2_h4_w2_n10_a1.5,fr_uniform,2.0,4.0,100,1.103144645690918,-3.290899634361267,17.68586301803589,0.9884376525878906,0.714285671710968,96391914.0,-3.292520523071289,17.689960479736328,0.7562801557983436
pilot,b2_h4_w2_n10_a1.5,fr_uniform,2.0,4.0,100,1.1119496822357178,-3.126623213291168,19.62834072113037,1.0116182416677475,0.714285671710968,96960350.0,-3.138929605484009,19.584911346435547,0.5562567948192929
pilot,b2_h4_w2_n10_a1.5,fr_uniform,2.0,4.0,100,1.1207547187805176,-2.9449310302734375,21.641722202301025,1.0350088775157928,0.714285671710968,97508066.0,-2.955003023147583,21.599960327148438,0.38505142012600935
pilot,b2_h4_w2_n10_a1.5,fr_uniform,2.0,4.0,100,1.1295597553253174,-2.7452075481414795,23.72404909133911,1.0580958425998688,0.714285671710968,98004014.0,-2.7452404499053955,23.717260360717773,0.2531169760123564
pilot,b2_h4_w2_n10_a1.5,fr_uniform,2.0,4.0,100,1.1383647918701172,-2.526863932609558,25.871119022369385,1.080321341753006,0.714285671710968,98393546.0,-2.535478115081787,25.834562301635742,0.16638877497135487
pilot,b2_h4_w2_n10_a1.5,fr_uniform,2.0,4.0,100,1.147169828414917,-2.289359986782074,28.076179027557373,1.1011063754558563,0.714285671710968,98586162.0,-2.303964376449585,27.980796813964844,0.10472099161312161
pilot,b2_h4_w2_n10_a1.5,fr_uniform,2.0,4.0,100,1.1559748649597168,-2.0322318077087402,30.328611850738525,1.1198765337467194,0.714285671710968,98442090.0,-2.0337932109832764,30.178396224975586,0.061005087345957026
pilot,b2_h4_w2_n10_a1.5,fr_uniform,2.0,4.0,100,1.1647799015045166,-1.7551207542419434,32.61514186859131,1.1360879838466644,0.714285671710968,97763552.0,-1.7636221647262573,32.37599182128906,0.03553844851985861
pilot,b2_h4_w2_n10_a1.5,fr_uniform,2.0,4.0,100,1.1735849380493164,-1.4577893316745758,34.921536445617676,1.1492536962032318,0.714285671710968,96292512.0,-1.4835397005081177,34.49033737182617,0.0202965361576352
pilot,b2_h4_w2_n10_a1.5,fr_uniform,2.0,4.0,100,1.1823899745941162,-1.140125960111618,37.23338508605957,1.1589671075344086,0.714285671710968,93740392.0,-1.15830659866333,36.22548294067383,0.010590782371043515
pilot,b2_h4_w2_n10_a1.5,fr_uniform,2.0,4.0,100,1.191195011138916,-0.8021325170993805,39.539363861083984,1.164922058582306,0.714285671710968,89835806.0,-0.8330773711204529,37.960609436035156,0.005526339050300396
pilot,b2_h4_w2_n10_a1.5,fr_uniform,2.0,4.0,100,1.2000000476837158,-0.4449557960033417,41.59073448181152,1.166928470134735,0.714285671710968,84396502.0,-0.28965553641319275,0.0,0.0018639202120810053
pilot,b4_h1_w2_n10_a1.5,abf,4.0,1.0,100,-0.20000000298023224,-0.07141043059527874,-11.437832593917847,0.9038732200860977,nan,52083983.0,-0.06258098781108856,-10.76894760131836,0.04610724988566079
pilot,b4_h1_w2_n10_a1.5,abf,4.0,1.0,100,-0.19119496643543243,-0.16883710771799088,-10.691927671432495,0.9021563082933426,nan,55186823.0,-0.14934056997299194,-10.193134307861328,0.06523580865147038
pilot,b4_h1_w2_n10_a1.5,abf,4.0,1.0,100,-0.18238992989063263,-0.2594052329659462,-9.879999876022339,0.897073358297348,nan,57404342.0,-0.23610016703605652,-9.61732292175293,0.09230025635068087
pilot,b4_h1_w2_n10_a1.5,abf,4.0,1.0,100,-0.17358490824699402,-0.3429367318749428,-9.093570232391357,0.8888228386640549,nan,58912005.0,-0.32285961508750916,-9.041510581970215,0.13059288174072706
pilot,b4_h1_w2_n10_a1.5,abf,4.0,1.0,100,-0.1647798717021942,-0.41966327279806137,-8.334304809570312,0.8777206391096115,nan,59905337.0,-0.39507102966308594,-8.370872497558594,0.17432656828179
pilot,b4_h1_w2_n10_a1.5,abf,4.0,1.0,100,-0.1559748500585556,-0.4898344725370407,-7.604600429534912,0.8641789108514786,nan,60557138.0,-0.4640888571739197,-7.679421424865723,0.2297522787141729
pilot,b4_h1_w2_n10_a1.5,abf,4.0,1.0,100,-0.1471698135137558,-0.5537200421094894,-6.906544804573059,0.848679393529892,nan,60996737.0,-0.533106803894043,-6.987968444824219,0.3028002860666274
pilot,b4_h1_w2_n10_a1.5,abf,4.0,1.0,100,-0.138364776968956,-0.6116024702787399,-6.241022348403931,0.8317438662052155,nan,61308847.0,-0.5903167128562927,-6.338150978088379,0.3806624795854736
pilot,b4_h1_w2_n10_a1.5,abf,4.0,1.0,100,-0.12955975532531738,-0.6637670695781708,-5.607807993888855,0.8139040619134903,nan,61541946.0,-0.6408846378326416,-5.711752891540527,0.465999612255293
pilot,b4_h1_w2_n10_a1.5,abf,4.0,1.0,100,-0.12075471878051758,-0.7104934304952621,-5.005740761756897,0.7956733554601669,nan,61720461.0,-0.6914526224136353,-5.085354804992676,0.5704678082076868
pilot,b4_h1_w2_n10_a1.5,abf,4.0,1.0,100,-0.11194968223571777,-0.7520493119955063,-4.433382272720337,0.7775227427482605,nan,61854334.0,-0.7345433831214905,-4.501156806945801,0.6777779881500865
pilot,b4_h1_w2_n10_a1.5,abf,4.0,1.0,100,-0.10314465314149857,-0.7886894345283508,-3.8891565799713135,0.7598622888326645,nan,61947627.0,-0.7688565254211426,-3.9665002822875977,0.7774912207961443
pilot,b4_h1_w2_n10_a1.5,abf,4.0,1.0,100,-0.09433962404727936,-0.8206555545330048,-3.3717164993286133,0.7430286854505539,nan,62001318.0,-0.8031696677207947,-3.4318437576293945,0.8918740487057844
pilot,b4_h1_w2_n10_a1.5,abf,4.0,1.0,100,-0.08553458750247955,-0.8481781631708145,-2.87984961271286,0.7272796779870987,nan,62016643.0,-0.833609402179718,-2.9199206829071045,1.0073555002281152
pilot,b4_h1_w2_n10_a1.5,abf,4.0,1.0,100,-0.07672955840826035,-0.8714774698019028,-2.412426710128784,0.7127939164638519,nan,61995888.0,-0.8540889024734497,-2.466456651687622,1.0933502231768266
pilot,b4_h1_w2_n10_a1.5,abf,4.0,1.0,100,-0.06792452931404114,-0.890764132142067,-1.968399316072464,0.6996762156486511,nan,61941678.0,-0.8745684027671814,-2.0129923820495605,1.1866860410749884
pilot,b4_h1_w2_n10_a1.5,abf,4.0,1.0,100,-0.05911949649453163,-0.906239777803421,-1.546776831150055,0.6879661083221436,nan,61856570.0,-0.8938795924186707,-1.5667724609375,1.2819845941942298
pilot,b4_h1_w2_n10_a1.5,abf,4.0,1.0,100,-0.050314463675022125,-0.9180974811315536,-1.146624594926834,0.6776490956544876,nan,61744293.0,-0.9026762247085571,-1.1857491731643677,1.3278961803841285
pilot,b4_h1_w2_n10_a1.5,abf,4.0,1.0,100,-0.04150943458080292,-0.9265230000019073,-0.7671696841716766,0.6686687171459198,nan,61607634.0,-0.9114729166030884,-0.8047255277633667,1.375452321556608
pilot,b4_h1_w2_n10_a1.5,abf,4.0,1.0,100,-0.03270440176129341,-0.9316958039999008,-0.40779028832912445,0.6609382778406143,nan,61449185.0,-0.9202695488929749,-0.42370176315307617,1.424711258128255
pilot,b4_h1_w2_n10_a1.5,abf,4.0,1.0,100,-0.023899370804429054,-0.9337904453277588,-0.06799698434770107,0.6543520539999008,nan,61271389.0,-0.9200822710990906,-0.1020566076040268,1.4236443906539427
pilot,b4_h1_w2_n10_a1.5,abf,4.0,1.0,100,-0.015094339847564697,-0.9329776614904404,0.25262635573744774,0.6487942188978195,nan,61079192.0,-0.9191138744354248,0.21442639827728271,1.4181404476235255
pilot,b4_h1_w2_n10_a1.5,abf,4.0,1.0,100,-0.006289307959377766,-0.9294243901968002,0.5544682145118713,0.6441464871168137,nan,60874971.0,-0.9181454181671143,0.5309088230133057,1.4126574465503885
pilot,b4_h1_w2_n10_a1.5,abf,4.0,1.0,100,0.002515723230317235,-0.9232944399118423,0.8379042595624924,0.6402931809425354,nan,60664335.0,-0.911205530166626,0.8055294752120972,1.3739819988063513
pilot,b4_h1_w2_n10_a1.5,abf,4.0,1.0,100,0.011320754885673523,-0.9147483557462692,1.1032828092575073,0.6371248066425323,nan,60451945.0,-0.902167558670044,1.0654425621032715,1.3251971044133102
pilot,b4_h1_w2_n10_a1.5,abf,4.0,1.0,100,0.02012578584253788,-0.9039438664913177,1.3508752286434174,0.634539857506752,nan,60243820.0,-0.8931295871734619,1.3253557682037354,1.2781443767611778
pilot,b4_h1_w2_n10_a1.5,abf,4.0,1.0,100,0.028930816799402237,-0.8910370022058487,1.580828845500946,0.6324454694986343,nan,60044860.0,-0.8804468512535095,1.5545032024383545,1.2149201770783953
pilot,b4_h1_w2_n10_a1.5,abf,4.0,1.0,100,0.03773584961891174,-0.8761827349662781,1.7932127714157104,0.6307570934295654,nan,59860554.0,-0.8649004697799683,1.7594780921936035,1.1416708540978453
pilot,b4_h1_w2_n10_a1.5,abf,4.0,1.0,100,0.04654087871313095,-0.859535425901413,1.988105595111847,0.6293977946043015,nan,59694533.0,-0.8493541479110718,1.9644521474838257,1.0728380962349868
pilot,b4_h1_w2_n10_a1.5,abf,4.0,1.0,100,0.05534591153264046,-0.8412484973669052,2.165632426738739,0.6282970756292343,nan,59550071.0,-0.8319168090820312,2.148707628250122,1.000558363897653
pilot,b4_h1_w2_n10_a1.5,abf,4.0,1.0,100,0.06415094435214996,-0.8214739561080933,2.3260186910629272,0.627390444278717,nan,59428262.0,-0.811394453048706,2.2991585731506348,0.921703937436846
pilot,b4_h1_w2_n10_a1.5,abf,4.0,1.0,100,0.07295597344636917,-0.8003611266613007,2.46959787607193,0.6266184002161026,nan,59328514.0,-0.7908720970153809,2.4496090412139893,0.8490640615678112
pilot,b4_h1_w2_n10_a1.5,abf,4.0,1.0,100,0.08176100999116898,-0.7780565172433853,2.5967333912849426,0.6259266436100006,nan,59247032.0,-0.7696557641029358,2.589444637298584,0.7799808024493202
pilot,b4_h1_w2_n10_a1.5,abf,4.0,1.0,100,0.09056603908538818,-0.7547035813331604,2.7077178359031677,0.6252662837505341,nan,59179546.0,-0.7456638813018799,2.6868224143981934,0.7086074995082777
pilot,b4_h1_w2_n10_a1.5,abf,4.0,1.0,100,0.09937106817960739,-0.7304435819387436,2.8027666211128235,0.6245946288108826,nan,59121072.0,-0.7216719388961792,2.7842001914978027,0.6437651632793655
pilot,b4_h1_w2_n10_a1.5,abf,4.0,1.0,100,0.1081760972738266,-0.7054165601730347,2.881942927837372,0.6238764524459839,nan,59068552.0,-0.6976401209831238,2.8805313110351562,0.5847630571412398
pilot,b4_h1_w2_n10_a1.5,abf,4.0,1.0,100,0.1169811338186264,-0.679762527346611,2.945188045501709,0.6230851709842682,nan,59021194.0,-0.6716541051864624,2.925584554672241,0.5270327398005366
pilot,b4_h1_w2_n10_a1.5,abf,4.0,1.0,100,0.1257861703634262,-0.6536232829093933,2.9921611547470093,0.6222041696310043,nan,58980841.0,-0.645668089389801,2.970637798309326,0.47500180702176426
pilot,b4_h1_w2_n10_a1.5,abf,4.0,1.0,100,0.13459119200706482,-0.6271440982818604,3.022393226623535,0.6212275475263596,nan,58950759.0,-0.6196821331977844,3.015691041946411,0.4281076931822885
pilot,b4_h1_w2_n10_a1.5,abf,4.0,1.0,100,0.14339622855186462,-0.6004753261804581,3.035219669342041,0.6201609820127487,nan,58935420.0,-0.5932547450065613,3.0165820121765137,0.38516246440742746
pilot,b4_h1_w2_n10_a1.5,abf,4.0,1.0,100,0.15220126509666443,-0.5737732201814651,3.029985189437866,0.6190209984779358,nan,58936490.0,-0.5667432546615601,3.009061336517334,0.3464086922142754
pilot,b4_h1_w2_n10_a1.5,abf,4.0,1.0,100,0.16100628674030304,-0.5471999794244766,3.0059332847595215,0.6178340911865234,nan,58957680.0,-0.5402319431304932,3.0015411376953125,0.31155441913638765
pilot,b4_h1_w2_n10_a1.5,abf,4.0,1.0,100,0.16981132328510284,-0.5209245681762695,2.962334394454956,0.6166349351406097,nan,59000140.0,-0.5144352316856384,2.952887535095215,0.2810091349339517
pilot,b4_h1_w2_n10_a1.5,abf,4.0,1.0,100,0.17861634492874146,-0.49512285739183426,2.8983389735221863,0.6154633164405823,nan,59067178.0,-0.4890069365501404,2.883045196533203,0.2538323467505733
pilot,b4_h1_w2_n10_a1.5,abf,4.0,1.0,100,0.18742138147354126,-0.4699780344963074,2.81313419342041,0.6143610924482346,nan,59163921.0,-0.46357858180999756,2.813202381134033,0.22928380926312156
pilot,b4_h1_w2_n10_a1.5,abf,4.0,1.0,100,0.19622641801834106,-0.4456784278154373,2.706343412399292,0.6133680939674377,nan,59299001.0,-0.43952903151512146,2.711920976638794,0.20825480974299734
pilot,b4_h1_w2_n10_a1.5,abf,4.0,1.0,100,0.20503143966197968,-0.4224104583263397,2.5788062810897827,0.6125183552503586,nan,59487584.0,-0.41697320342063904,2.5765814781188965,0.19028806668115383
pilot,b4_h1_w2_n10_a1.5,abf,4.0,1.0,100,0.21383647620677948,-0.4003416895866394,2.433962821960449,0.6118361502885818,nan,59747641.0,-0.394417405128479,2.441241979598999,0.17387138708801703
pilot,b4_h1_w2_n10_a1.5,abf,4.0,1.0,100,0.22264151275157928,-0.37959305197000504,2.2789369225502014,0.6113327741622925,nan,60100143.0,-0.37301793694496155,2.3045101165771484,0.15960755141143443
pilot,b4_h1_w2_n10_a1.5,abf,4.0,1.0,100,0.2314465343952179,-0.36020568013191223,2.1247618794441223,0.6110039800405502,nan,60561039.0,-0.3543165922164917,2.1645305156707764,0.14810368748661812
pilot,b4_h1_w2_n10_a1.5,abf,4.0,1.0,100,0.2402515709400177,-0.3421120196580887,1.985088974237442,0.6108288615942001,nan,61134124.0,-0.33561524748802185,2.024550676345825,0.1374289753408398
pilot,b4_h1_w2_n10_a1.5,abf,4.0,1.0,100,0.2490566074848175,-0.3251263499259949,1.8730819523334503,0.6107698380947113,nan,61806931.0,-0.31723207235336304,1.895437479019165,0.12768605299728672
pilot,b4_h1_w2_n10_a1.5,abf,4.0,1.0,100,0.2578616440296173,-0.308965340256691,1.797778695821762,0.6107743084430695,nan,62550515.0,-0.30118250846862793,1.8460109233856201,0.1197464133386006
pilot,b4_h1_w2_n10_a1.5,abf,4.0,1.0,100,0.2666666805744171,-0.2932957112789154,1.7614625990390778,0.6107780486345291,nan,63322910.0,-0.2851327657699585,1.796584129333496,0.11230038766700524
pilot,b4_h1_w2_n10_a1.5,abf,4.0,1.0,100,0.27547168731689453,-0.2777956426143646,1.7592659294605255,0.6107100546360016,nan,64079240.0,-0.26908329129219055,1.7471578121185303,0.10531748090897775
pilot,b4_h1_w2_n10_a1.5,abf,4.0,1.0,100,0.28427672386169434,-0.26220955699682236,1.781001091003418,0.610498383641243,nan,64781692.0,-0.2533971667289734,1.7646821737289429,0.09891243043537049
pilot,b4_h1_w2_n10_a1.5,abf,4.0,1.0,100,0.29308176040649414,-0.24638082459568977,1.8143808841705322,0.6100773811340332,nan,65407265.0,-0.2377343773841858,1.7864799499511719,0.09290558479947696
pilot,b4_h1_w2_n10_a1.5,abf,4.0,1.0,100,0.30188679695129395,-0.2302568107843399,1.8480706810951233,0.6093944162130356,nan,65947492.0,-0.22207149863243103,1.8082776069641113,0.08726349723786143
pilot,b4_h1_w2_n10_a1.5,abf,4.0,1.0,100,0.31069183349609375,-0.21387208253145218,1.8736140429973602,0.6084168404340744,nan,66408040.0,-0.20609232783317566,1.8195409774780273,0.08186041674974719
pilot,b4_h1_w2_n10_a1.5,abf,4.0,1.0,100,0.31949687004089355,-0.19732043147087097,1.885971337556839,0.6071371287107468,nan,66800689.0,-0.19001317024230957,1.8274779319763184,0.07676117140908513
pilot,b4_h1_w2_n10_a1.5,abf,4.0,1.0,100,0.32830187678337097,-0.18072760105133057,1.8829704821109772,0.6055767089128494,nan,67141326.0,-0.1739339977502823,1.8354147672653198,0.07197956373592555
pilot,b4_h1_w2_n10_a1.5,abf,4.0,1.0,100,0.3371069133281708,-0.1642300859093666,1.864321917295456,0.6037870347499847,nan,67444399.0,-0.15810337662696838,1.8163989782333374,0.06756295009159081
pilot,b4_h1_w2_n10_a1.5,abf,4.0,1.0,100,0.3459119498729706,-0.14796268939971924,1.8307010531425476,0.6018481403589249,nan,67721996.0,-0.14245253801345825,1.7778663635253906,0.06346295835987037
pilot,b4_h1_w2_n10_a1.5,abf,4.0,1.0,100,0.3547169864177704,-0.13205263391137123,1.7831507623195648,0.5998644679784775,nan,67982885.0,-0.12680178880691528,1.7393338680267334,0.059611791946474875
pilot,b4_h1_w2_n10_a1.5,abf,4.0,1.0,100,0.3635220229625702,-0.1166178472340107,1.7227501273155212,0.5979584157466888,nan,68232184.0,-0.11181118339300156,1.6844700574874878,0.05614238113668417
pilot,b4_h1_w2_n10_a1.5,abf,4.0,1.0,100,0.3723270297050476,-0.10176722891628742,1.6504713296890259,0.5962617695331573,nan,68471810.0,-0.0978110134601593,1.6051117181777954,0.053084782463405505
pilot,b4_h1_w2_n10_a1.5,abf,4.0,1.0,100,0.3811320662498474,-0.0876016914844513,1.5671270489692688,0.5949067324399948,nan,68703128.0,-0.08381066471338272,1.525752305984497,0.050193669319807746
pilot,b4_h1_w2_n10_a1.5,abf,4.0,1.0,100,0.3899371027946472,-0.07421560026705265,1.4734264016151428,0.5940164625644684,nan,68926138.0,-0.07039370387792587,1.4396471977233887,0.04757089222139543
pilot,b4_h1_w2_n10_a1.5,abf,4.0,1.0,100,0.398742139339447,-0.06169728562235832,1.3700177371501923,0.5936965495347977,nan,69143890.0,-0.059044718742370605,1.3296235799789429,0.04545965028982259
pilot,b4_h1_w2_n10_a1.5,abf,4.0,1.0,100,0.4075471758842468,-0.050129225477576256,1.2575829327106476,0.5940283536911011,nan,69361230.0,-0.047695793211460114,1.2196006774902344,0.0434421176623335
pilot,b4_h1_w2_n10_a1.5,abf,4.0,1.0,100,0.41635221242904663,-0.03958762809634209,1.1368644535541534,0.5950646996498108,nan,69584170.0,-0.03648313879966736,1.1086424589157104,0.04153675948612386
pilot,b4_h1_w2_n10_a1.5,abf,4.0,1.0,100,0.42515721917152405,-0.03014193382114172,1.0086635649204254,0.5968278050422668,nan,69818980.0,-0.028541868552565575,0.9752579927444458,0.0402380765394993
pilot,b4_h1_w2_n10_a1.5,abf,4.0,1.0,100,0.43396225571632385,-0.021854220889508724,0.8738299459218979,0.5993099063634872,nan,70069560.0,-0.02060064673423767,0.841874361038208,0.038980005596829986
pilot,b4_h1_w2_n10_a1.5,abf,4.0,1.0,100,0.44276729226112366,-0.014779296703636646,0.7331877797842026,0.602476105093956,nan,70339212.0,-0.012659379281103611,0.7084898948669434,0.03776126220844146
pilot,b4_h1_w2_n10_a1.5,abf,4.0,1.0,100,0.45157232880592346,-0.008964679203927517,0.587560385465622,0.6062687933444977,nan,70627638.0,-0.008143709972500801,0.559846818447113,0.03708531579591884
pilot,b4_h1_w2_n10_a1.5,abf,4.0,1.0,100,0.46037736535072327,-0.004450855776667595,0.43772150576114655,0.6106128692626953,nan,70933416.0,-0.004185614641755819,0.40871891379356384,0.03650279048432713
pilot,b4_h1_w2_n10_a1.5,abf,4.0,1.0,100,0.46918240189552307,-0.001271883025765419,0.28436262160539627,0.6154216378927231,nan,71254616.0,-0.00022754285600967705,0.2575919032096863,0.035929418694064554
pilot,b4_h1_w2_n10_a1.5,abf,4.0,1.0,100,0.4779874086380005,0.0005439762026071548,0.12809814512729645,0.6206018477678299,nan,71588176.0,0.0007753761019557714,0.1009177640080452,0.03578557024303317
pilot,b4_h1_w2_n10_a1.5,abf,4.0,1.0,100,0.4867924451828003,0.0009737275540828705,-0.030483489390462637,0.6260584890842438,nan,71932314.0,0.00038768924423493445,-0.05836673825979233,0.03584110767528566
pilot,b4_h1_w2_n10_a1.5,abf,4.0,1.0,100,0.4955974817276001,0.0,-0.19069204851984978,0.6316981017589569,nan,72284670.0,0.0,-0.21765220165252686,0.03589673164155398
pilot,b4_h1_w2_n10_a1.5,abf,4.0,1.0,100,0.5044025182723999,-0.002387475222349167,-0.35160743445158005,0.6374312490224838,nan,72643646.0,-0.0025812697131186724,-0.37433451414108276,0.03626928825473934
pilot,b4_h1_w2_n10_a1.5,abf,4.0,1.0,100,0.5132075548171997,-0.0061895521357655525,-0.5120066478848457,0.6431738883256912,nan,73009734.0,-0.007356098387390375,-0.5284156799316406,0.036968664347034066
pilot,b4_h1_w2_n10_a1.5,abf,4.0,1.0,100,0.5220125913619995,-0.011395256035029888,-0.6704312115907669,0.648847758769989,nan,73384724.0,-0.012130897492170334,-0.6824958920478821,0.03768152196305387
pilot,b4_h1_w2_n10_a1.5,abf,4.0,1.0,100,0.5308176279067993,-0.01798071898519993,-0.8254085928201675,0.6543806046247482,nan,73768242.0,-0.018230291083455086,-0.8325745463371277,0.038612166266409974
pilot,b4_h1_w2_n10_a1.5,abf,4.0,1.0,100,0.5396226644515991,-0.02591003756970167,-0.9756786078214645,0.6597058922052383,nan,74160814.0,-0.027144281193614006,-0.9741482734680176,0.040013759221312256
pilot,b4_h1_w2_n10_a1.5,abf,4.0,1.0,100,0.5484277009963989,-0.0351382726803422,-1.1204476952552795,0.6647628247737885,nan,74559394.0,-0.0360582210123539,-1.1157211065292358,0.04146622061781302
pilot,b4_h1_w2_n10_a1.5,abf,4.0,1.0,100,0.557232677936554,-0.04561574384570122,-1.2594337463378906,0.6694963127374649,nan,74960600.0,-0.04550120234489441,-1.2554407119750977,0.043062435894206476
pilot,b4_h1_w2_n10_a1.5,abf,4.0,1.0,100,0.5660377144813538,-0.05729231610894203,-1.3928146362304688,0.673857644200325,nan,75360416.0,-0.0581938736140728,-1.383777379989624,0.045305196783003564
pilot,b4_h1_w2_n10_a1.5,abf,4.0,1.0,100,0.5748427510261536,-0.07012037560343742,-1.5209862291812897,0.677805483341217,nan,75755026.0,-0.07088661938905716,-1.5121148824691772,0.047664778469573725
pilot,b4_h1_w2_n10_a1.5,abf,4.0,1.0,100,0.5836477875709534,-0.08405589871108532,-1.6443870961666107,0.6813070476055145,nan,76142834.0,-0.08357928693294525,-1.6404515504837036,0.05014723601119705
pilot,b4_h1_w2_n10_a1.5,abf,4.0,1.0,100,0.5924528241157532,-0.09905839525163174,-1.763321429491043,0.6843398958444595,nan,76521756.0,-0.0995236411690712,-1.754637598991394,0.05344968881125248
pilot,b4_h1_w2_n10_a1.5,abf,4.0,1.0,100,0.601257860660553,-0.1150890439748764,-1.8779254257678986,0.686893492937088,nan,76891952.0,-0.11560336500406265,-1.8682334423065186,0.05700048124768765
pilot,b4_h1_w2_n10_a1.5,abf,4.0,1.0,100,0.6100628972053528,-0.13210991024971008,-1.9882407486438751,0.6889708042144775,nan,77255058.0,-0.13168318569660187,-1.9818298816680908,0.060787184986681814
pilot,b4_h1_w2_n10_a1.5,abf,4.0,1.0,100,0.6188679337501526,-0.15008337050676346,-2.0943007469177246,0.6905896812677383,nan,77610424.0,-0.15008775889873505,-2.084275722503662,0.06543107420177563
pilot,b4_h1_w2_n10_a1.5,abf,4.0,1.0,100,0.6276729702949524,-0.16897182539105415,-2.196073055267334,0.6917833983898163,nan,77960658.0,-0.16914816200733185,-2.183577537536621,0.07061473958880266
pilot,b4_h1_w2_n10_a1.5,abf,4.0,1.0,100,0.6364780068397522,-0.18873804435133934,-2.2936801314353943,0.6926006823778152,nan,78305638.0,-0.18820855021476746,-2.28287935256958,0.07620906749295019
pilot,b4_h1_w2_n10_a1.5,abf,4.0,1.0,100,0.645283043384552,-0.2093455120921135,-2.38715797662735,0.6931047141551971,nan,78647016.0,-0.2088322788476944,-2.374691963195801,0.08276252531410296
pilot,b4_h1_w2_n10_a1.5,abf,4.0,1.0,100,0.6540880799293518,-0.2307584248483181,-2.4766281843185425,0.6933711171150208,nan,78987744.0,-0.23049838840961456,-2.461512804031372,0.09025507283785238
pilot,b4_h1_w2_n10_a1.5,abf,4.0,1.0,100,0.6628930568695068,-0.25294218957424164,-2.562254011631012,0.6934849619865417,nan,79330740.0,-0.25216424465179443,-2.548332452774048,0.09842582603546804
pilot,b4_h1_w2_n10_a1.5,abf,4.0,1.0,100,0.6716980934143066,-0.27586331218481064,-2.6441105604171753,0.6935367435216904,nan,79680434.0,-0.27478182315826416,-2.630185604095459,0.10774567008577189
pilot,b4_h1_w2_n10_a1.5,abf,4.0,1.0,100,0.6805031299591064,-0.29948828369379044,-2.7221308946609497,0.6936178356409073,nan,80040224.0,-0.29871317744255066,-2.7051777839660645,0.11856946134065055
pilot,b4_h1_w2_n10_a1.5,abf,4.0,1.0,100,0.6893081665039062,-0.32378192991018295,-2.795994818210602,0.6938152015209198,nan,80411866.0,-0.3226447105407715,-2.7801706790924072,0.13048066996104957
pilot,b4_h1_w2_n10_a1.5,abf,4.0,1.0,100,0.698113203048706,-0.34870556741952896,-2.8652661442756653,0.6942060589790344,nan,80794746.0,-0.34702974557876587,-2.8515725135803223,0.14384915747906668
pilot,b4_h1_w2_n10_a1.5,abf,4.0,1.0,100,0.7069182395935059,-0.37421733886003494,-2.929547607898712,0.694853201508522,nan,81184598.0,-0.3728514611721039,-2.9116053581237793,0.15950130362882345
pilot,b4_h1_w2_n10_a1.5,abf,4.0,1.0,100,0.7157232761383057,-0.40027181059122086,-2.9885377287864685,0.6958005279302597,nan,81578302.0,-0.39867350459098816,-2.9716391563415527,0.1768567829354088
pilot,b4_h1_w2_n10_a1.5,abf,4.0,1.0,100,0.7245283126831055,-0.4268217086791992,-3.0420778393745422,0.6970702260732651,nan,81974780.0,-0.42458057403564453,-3.030564069747925,0.19616743345127877
pilot,b4_h1_w2_n10_a1.5,abf,4.0,1.0,100,0.7333333492279053,-0.4538189023733139,-3.0901392102241516,0.6986608356237411,nan,82372586.0,-0.45182475447654724,-3.072136402130127,0.21875344389433057
pilot,b4_h1_w2_n10_a1.5,abf,4.0,1.0,100,0.7421383857727051,-0.4812144786119461,-3.1325647830963135,0.700547605752945,nan,82774436.0,-0.4790692925453186,-3.1137094497680664,0.24394027504024346
pilot,b4_h1_w2_n10_a1.5,abf,4.0,1.0,100,0.7509434223175049,-0.5089575499296188,-3.1690697073936462,0.7026839703321457,nan,83181376.0,-0.5063135027885437,-3.1552815437316895,0.27202671050990657
pilot,b4_h1_w2_n10_a1.5,abf,4.0,1.0,100,0.7597483992576599,-0.5369942337274551,-3.199258863925934,0.7050047665834427,nan,83592182.0,-0.5343466997146606,-3.1800386905670166,0.3043057795274885
pilot,b4_h1_w2_n10_a1.5,abf,4.0,1.0,100,0.7685534358024597,-0.5652663558721542,-3.222547769546509,0.7074311524629593,nan,84005068.0,-0.5624874234199524,-3.202503204345703,0.34056157437317053
pilot,b4_h1_w2_n10_a1.5,abf,4.0,1.0,100,0.7773584723472595,-0.5937101989984512,-3.2382683753967285,0.7098758369684219,nan,84418274.0,-0.5906281471252441,-3.2249679565429688,0.38113698043995153
pilot,b4_h1_w2_n10_a1.5,abf,4.0,1.0,100,0.7861635088920593,-0.6222566962242126,-3.2458600401878357,0.7122495472431183,nan,84827758.0,-0.6189639568328857,-3.2299139499664307,0.4268796306503016
pilot,b4_h1_w2_n10_a1.5,abf,4.0,1.0,100,0.7949685454368591,-0.6508316546678543,-3.244729518890381,0.7144668996334076,nan,85232876.0,-0.6473836898803711,-3.2273526191711426,0.4782726705082598
pilot,b4_h1_w2_n10_a1.5,abf,4.0,1.0,100,0.8037735819816589,-0.6793563961982727,-3.2344614267349243,0.7164524048566818,nan,85631860.0,-0.675803005695343,-3.2247912883758545,0.535852144661885
pilot,b4_h1_w2_n10_a1.5,abf,4.0,1.0,100,0.8125786185264587,-0.7077485173940659,-3.2146437764167786,0.7181452959775925,nan,86026326.0,-0.7039587497711182,-3.2060675621032715,0.5997310170669315
pilot,b4_h1_w2_n10_a1.5,abf,4.0,1.0,100,0.8213836550712585,-0.7359233647584915,-3.1850661635398865,0.7195034027099609,nan,86414670.0,-0.7318712472915649,-3.1724259853363037,0.6705721075489149
pilot,b4_h1_w2_n10_a1.5,abf,4.0,1.0,100,0.8301886916160583,-0.7637936919927597,-3.1454752683639526,0.7205056995153427,nan,86798542.0,-0.7597841024398804,-3.1387839317321777,0.7497821221185953
pilot,b4_h1_w2_n10_a1.5,abf,4.0,1.0,100,0.8389937281608582,-0.7912702560424805,-3.0956263542175293,0.7211534678936005,nan,87177870.0,-0.7872194051742554,-3.093935251235962,0.8367487710913906
pilot,b4_h1_w2_n10_a1.5,abf,4.0,1.0,100,0.847798764705658,-0.8182617425918579,-3.0352954864501953,0.7214702665805817,nan,87552322.0,-0.8137285113334656,-3.027332305908203,0.9303494758639919
pilot,b4_h1_w2_n10_a1.5,abf,4.0,1.0,100,0.8566038012504578,-0.8446749746799469,-2.964273989200592,0.7215006798505783,nan,87923498.0,-0.8402379155158997,-2.960728645324707,1.034421810895811
pilot,b4_h1_w2_n10_a1.5,abf,4.0,1.0,100,0.8654087781906128,-0.8704151809215546,-2.882439076900482,0.7213082015514374,nan,88292046.0,-0.8663736581802368,-2.8887743949890137,1.1484183001278627
pilot,b4_h1_w2_n10_a1.5,abf,4.0,1.0,100,0.8742138147354126,-0.895386815071106,-2.789683520793915,0.7209726870059967,nan,88661750.0,-0.8905496597290039,-2.788729190826416,1.2650221231193106
pilot,b4_h1_w2_n10_a1.5,abf,4.0,1.0,100,0.8830188512802124,-0.9194933027029037,-2.68592631816864,0.7205870598554611,nan,89035380.0,-0.914725661277771,-2.68868350982666,1.3934652310949032
pilot,b4_h1_w2_n10_a1.5,abf,4.0,1.0,100,0.8918238878250122,-0.9426373094320297,-2.571066200733185,0.7202542722225189,nan,89416662.0,-0.9389020204544067,-2.588636875152588,1.5349519130727698
pilot,b4_h1_w2_n10_a1.5,abf,4.0,1.0,100,0.900628924369812,-0.9647196978330612,-2.444791615009308,0.7200839221477509,nan,89807678.0,-0.9597910642623901,-2.449901580810547,1.6687172688336342
pilot,b4_h1_w2_n10_a1.5,abf,4.0,1.0,100,0.9094339609146118,-0.9856378734111786,-2.3066221475601196,0.720189243555069,nan,90210626.0,-0.980613112449646,-2.310378074645996,1.8136536857663272
pilot,b4_h1_w2_n10_a1.5,abf,4.0,1.0,100,0.9182389974594116,-1.0052845478057861,-2.1560046672821045,0.7206843048334122,nan,90622916.0,-1.001435399055481,-2.1708524227142334,1.9711804331917646
pilot,b4_h1_w2_n10_a1.5,abf,4.0,1.0,100,0.9270440340042114,-1.0235477089881897,-1.9923389852046967,0.7216812372207642,nan,91044076.0,-1.0186344385147095,-1.9957921504974365,2.1115636213178823
pilot,b4_h1_w2_n10_a1.5,abf,4.0,1.0,100,0.9358490705490112,-1.040310651063919,-1.8152397274971008,0.723288044333458,nan,91470854.0,-1.0349279642105103,-1.8118493556976318,2.2537665269199167
pilot,b4_h1_w2_n10_a1.5,abf,4.0,1.0,100,0.944654107093811,-1.055454432964325,-1.6245569288730621,0.7256063669919968,nan,91900958.0,-1.051221489906311,-1.627906322479248,2.4055460638663764
pilot,b4_h1_w2_n10_a1.5,abf,4.0,1.0,100,0.9534591436386108,-1.0688595175743103,-1.4203122556209564,0.7287299931049347,nan,92333188.0,-1.063952922821045,-1.4176205396652222,2.5312231971251578
pilot,b4_h1_w2_n10_a1.5,abf,4.0,1.0,100,0.9622641801834106,-1.0804069638252258,-1.2026117146015167,0.7327434718608856,nan,92766902.0,-1.0745012760162354,-1.1911946535110474,2.6403093169529175
pilot,b4_h1_w2_n10_a1.5,abf,4.0,1.0,100,0.9710691571235657,-1.0899782180786133,-0.9714337736368179,0.737721398472786,nan,93201378.0,-1.0850495100021362,-0.9647715091705322,2.7540953215677284
pilot,b4_h1_w2_n10_a1.5,abf,4.0,1.0,100,0.9798741936683655,-1.0974537134170532,-0.7265626490116119,0.7437283843755722,nan,93636080.0,-1.0925495624542236,-0.7198728322982788,2.8379706064795016
pilot,b4_h1_w2_n10_a1.5,abf,4.0,1.0,100,0.9886792302131653,-1.1027111411094666,-0.4676230177283287,0.7508192509412766,nan,94070326.0,-1.09617018699646,-0.45146098732948303,2.8793705744622042
pilot,b4_h1_w2_n10_a1.5,abf,4.0,1.0,100,0.9974842667579651,-1.1056247651576996,-0.1941809430718422,0.7590400576591492,nan,94502506.0,-1.0997909307479858,-0.18305236101150513,2.9213758731328054
pilot,b4_h1_w2_n10_a1.5,abf,4.0,1.0,100,1.0062893629074097,-1.1060651242733002,0.09415633603930473,0.7684291154146194,nan,94932852.0,-1.1012924909591675,0.0971451848745346,2.9389751600951897
pilot,b4_h1_w2_n10_a1.5,abf,4.0,1.0,100,1.01509428024292,-1.103899747133255,0.39768918603658676,0.7790181040763855,nan,95359832.0,-1.0967631340026855,0.410875529050827,2.886207936291195
pilot,b4_h1_w2_n10_a1.5,abf,4.0,1.0,100,1.0238993167877197,-1.0989940166473389,0.716616153717041,0.7908325046300888,nan,95784310.0,-1.092233657836914,0.7246134281158447,2.8343867591906813
pilot,b4_h1_w2_n10_a1.5,abf,4.0,1.0,100,1.0327043533325195,-1.0912117660045624,1.0510686933994293,0.8038912713527679,nan,96207574.0,-1.0869406461715698,1.0426931381225586,2.7750077956250077
pilot,b4_h1_w2_n10_a1.5,abf,4.0,1.0,100,1.0415093898773193,-1.0804158449172974,1.4011483490467072,0.818204790353775,nan,96628674.0,-1.072866439819336,1.4107375144958496,2.6230997549409842
pilot,b4_h1_w2_n10_a1.5,abf,4.0,1.0,100,1.0503144264221191,-1.0664681494235992,1.7669673562049866,0.8337711542844772,nan,97047680.0,-1.058791995048523,1.7787861824035645,2.479505020966425
pilot,b4_h1_w2_n10_a1.5,abf,4.0,1.0,100,1.059119462966919,-1.0492291748523712,2.1487404108047485,0.8505707830190659,nan,97462414.0,-1.044717788696289,2.1468307971954346,2.3437732402503366
pilot,b4_h1_w2_n10_a1.5,abf,4.0,1.0,100,1.0679244995117188,-1.0285572409629822,2.546732246875763,0.868558794260025,nan,97869972.0,-1.0206353664398193,2.5672569274902344,2.1285317813297073
pilot,b4_h1_w2_n10_a1.5,abf,4.0,1.0,100,1.0767295360565186,-1.0043079257011414,2.9613322615623474,0.8876567184925079,nan,98268664.0,-0.9954410791397095,2.993502616882324,1.9244790125943578
pilot,b4_h1_w2_n10_a1.5,abf,4.0,1.0,100,1.0855345726013184,-0.9763327240943909,3.3930277228355408,0.9077433198690414,nan,98654280.0,-0.9702464938163757,3.419753074645996,1.7399857908377838
pilot,b4_h1_w2_n10_a1.5,abf,4.0,1.0,100,1.0943396091461182,-0.9444798827171326,3.842216432094574,0.9286457598209381,nan,99029356.0,-0.9359403848648071,3.8830313682556152,1.5168753241606352
pilot,b4_h1_w2_n10_a1.5,abf,4.0,1.0,100,1.103144645690918,-0.9085923433303833,4.309370040893555,0.9501345306634903,nan,99393478.0,-0.8980911374092102,4.360709190368652,1.3037640728139521
pilot,b4_h1_w2_n10_a1.5,abf,4.0,1.0,100,1.1119496822357178,-0.8685108870267868,4.79483950138092,0.9719178974628448,nan,99748176.0,-0.8602419495582581,4.838387489318848,1.120593852210722
pilot,b4_h1_w2_n10_a1.5,abf,4.0,1.0,100,1.1207547187805176,-0.8240738213062286,5.298719048500061,0.9936441034078598,nan,100093600.0,-0.8148000240325928,5.3424553871154785,0.934345558565361
pilot,b4_h1_w2_n10_a1.5,abf,4.0,1.0,100,1.1295597553253174,-0.7751195132732391,5.820889711380005,1.0149064660072327,nan,100425340.0,-0.7628918886184692,5.868989944458008,0.7591609461642483
pilot,b4_h1_w2_n10_a1.5,abf,4.0,1.0,100,1.1383647918701172,-0.7214896380901337,6.360745549201965,1.0352546274662018,nan,100726796.0,-0.7109836339950562,6.395524978637695,0.6168221832751483
pilot,b4_h1_w2_n10_a1.5,abf,4.0,1.0,100,1.147169828414917,-0.6630333811044693,6.917168736457825,1.0542106926441193,nan,100958078.0,-0.6536750793457031,6.9286274909973145,0.4904613938238856
pilot,b4_h1_w2_n10_a1.5,abf,4.0,1.0,100,1.1559748649597168,-0.599613606929779,7.488166928291321,1.0712893307209015,nan,101045730.0,-0.5867686867713928,7.473387718200684,0.3752982329675892
pilot,b4_h1_w2_n10_a1.5,abf,4.0,1.0,100,1.1647799015045166,-0.5311132073402405,8.071202993392944,1.0860217809677124,nan,100859812.0,-0.5198623538017273,8.018147468566895,0.2871761142124406
pilot,b4_h1_w2_n10_a1.5,abf,4.0,1.0,100,1.1735849380493164,-0.45744138211011887,8.66281509399414,1.097980111837387,nan,100207066.0,-0.4504997134208679,8.542221069335938,0.2175970818787147
pilot,b4_h1_w2_n10_a1.5,abf,4.0,1.0,100,1.1823899745941162,-0.3785386309027672,9.259372472763062,1.1068016290664673,nan,98824306.0,-0.3699479401111603,8.972071647644043,0.1576595578490505
pilot,b4_h1_w2_n10_a1.5,abf,4.0,1.0,100,1.191195011138916,-0.29437845945358276,9.856998205184937,1.1122100353240967,nan,96408934.0,-0.28939712047576904,9.401917457580566,0.11423237291093029
pilot,b4_h1_w2_n10_a1.5,abf,4.0,1.0,100,1.2000000476837158,-0.20524034276604652,10.390077590942383,1.1140324175357819,nan,92666530.0,-0.06258098781108856,0.0,0.04610724988566079
pilot,b4_h1_w2_n10_a1.5,fr_estimated,4.0,1.0,100,-0.20000000298023224,-0.09417321532964706,-11.440160751342773,0.8349120020866394,0.7145209014415741,58066776.0,-0.06258098781108856,-10.76894760131836,0.04610724988566079
pilot,b4_h1_w2_n10_a1.5,fr_estimated,4.0,1.0,100,-0.19119496643543243,-0.19161944836378098,-10.694042444229126,0.8334288746118546,0.7145155519247055,61546826.0,-0.14934056997299194,-10.193134307861328,0.06523580865147038
pilot,b4_h1_w2_n10_a1.5,fr_estimated,4.0,1.0,100,-0.18238992989063263,-0.28220656514167786,-9.882197618484497,0.8290362358093262,0.7145097255706787,64048449.0,-0.23610016703605652,-9.61732292175293,0.09230025635068087
pilot,b4_h1_w2_n10_a1.5,fr_estimated,4.0,1.0,100,-0.17358490824699402,-0.36575741320848465,-9.095768928527832,0.8219012767076492,0.7145035415887833,65767120.0,-0.32285961508750916,-9.041510581970215,0.13059288174072706
pilot,b4_h1_w2_n10_a1.5,fr_estimated,4.0,1.0,100,-0.1647798717021942,-0.44250382483005524,-8.33661675453186,0.8122930228710175,0.7144969403743744,66917976.0,-0.39507102966308594,-8.370872497558594,0.17432656828179
pilot,b4_h1_w2_n10_a1.5,fr_estimated,4.0,1.0,100,-0.1559748500585556,-0.5126966834068298,-7.607209086418152,0.8005684018135071,0.7144895642995834,67690418.0,-0.4640888571739197,-7.679421424865723,0.2297522787141729
pilot,b4_h1_w2_n10_a1.5,fr_estimated,4.0,1.0,100,-0.1471698135137558,-0.5766070038080215,-6.909555554389954,0.7871539741754532,0.7144833952188492,68226210.0,-0.533106803894043,-6.987968444824219,0.3028002860666274
pilot,b4_h1_w2_n10_a1.5,fr_estimated,4.0,1.0,100,-0.138364776968956,-0.6345181465148926,-6.244536399841309,0.7725249379873276,0.7144759744405746,68619204.0,-0.5903167128562927,-6.338150978088379,0.3806624795854736
pilot,b4_h1_w2_n10_a1.5,fr_estimated,4.0,1.0,100,-0.12955975532531738,-0.6867164820432663,-5.611958026885986,0.7571820765733719,0.7144694030284882,68921640.0,-0.6408846378326416,-5.711752891540527,0.465999612255293
pilot,b4_h1_w2_n10_a1.5,fr_estimated,4.0,1.0,100,-0.12075471878051758,-0.7334827780723572,-5.010663390159607,0.7416286170482635,0.714463010430336,69160884.0,-0.6914526224136353,-5.085354804992676,0.5704678082076868
pilot,b4_h1_w2_n10_a1.5,fr_estimated,4.0,1.0,100,-0.11194968223571777,-0.7750853598117828,-4.43906307220459,0.7263479977846146,0.7144603282213211,69348738.0,-0.7345433831214905,-4.501156806945801,0.6777779881500865
pilot,b4_h1_w2_n10_a1.5,fr_estimated,4.0,1.0,100,-0.10314465314149857,-0.8117784261703491,-3.8955077528953552,0.7117839306592941,0.7144558727741241,69490278.0,-0.7688565254211426,-3.9665002822875977,0.7774912207961443
pilot,b4_h1_w2_n10_a1.5,fr_estimated,4.0,1.0,100,-0.09433962404727936,-0.8438021242618561,-3.3784484267234802,0.6983234882354736,0.7144531756639481,69588588.0,-0.8031696677207947,-3.4318437576293945,0.8918740487057844
pilot,b4_h1_w2_n10_a1.5,fr_estimated,4.0,1.0,100,-0.08553458750247955,-0.8713835030794144,-2.8864626288414,0.6862844377756119,0.7144510298967361,69648518.0,-0.833609402179718,-2.9199206829071045,1.0073555002281152
pilot,b4_h1_w2_n10_a1.5,fr_estimated,4.0,1.0,100,-0.07672955840826035,-0.8947381526231766,-2.41838002204895,0.6759066730737686,0.7144499272108078,69674180.0,-0.8540889024734497,-2.466456651687622,1.0933502231768266
pilot,b4_h1_w2_n10_a1.5,fr_estimated,4.0,1.0,100,-0.06792452931404114,-0.9140721261501312,-1.9731898307800293,0.667348101735115,0.7144480049610138,69668204.0,-0.8745684027671814,-2.0129923820495605,1.1866860410749884
pilot,b4_h1_w2_n10_a1.5,fr_estimated,4.0,1.0,100,-0.05911949649453163,-0.9295833557844162,-1.5500739216804504,0.6606850624084473,0.7144459336996078,69632668.0,-0.8938795924186707,-1.5667724609375,1.2819845941942298
pilot,b4_h1_w2_n10_a1.5,fr_estimated,4.0,1.0,100,-0.050314463675022125,-0.9414632469415665,-1.1483571529388428,0.6559163928031921,0.7144443988800049,69567792.0,-0.9026762247085571,-1.1857491731643677,1.3278961803841285
pilot,b4_h1_w2_n10_a1.5,fr_estimated,4.0,1.0,100,-0.04150943458080292,-0.9498977065086365,-0.7674703299999237,0.6529712080955505,0.7144420742988586,69474034.0,-0.9114729166030884,-0.8047255277633667,1.375452321556608
pilot,b4_h1_w2_n10_a1.5,fr_estimated,4.0,1.0,100,-0.03270440176129341,-0.9550679177045822,-0.4069030284881592,0.6517191082239151,0.7144397646188736,69352702.0,-0.9202695488929749,-0.42370176315307617,1.424711258128255
pilot,b4_h1_w2_n10_a1.5,fr_estimated,4.0,1.0,100,-0.023899370804429054,-0.9571507424116135,-0.06619136035442352,0.6519822776317596,0.7144375145435333,69206072.0,-0.9200822710990906,-0.1020566076040268,1.4236443906539427
pilot,b4_h1_w2_n10_a1.5,fr_estimated,4.0,1.0,100,-0.015094339847564697,-0.9563190788030624,0.2550957724452019,0.6535485088825226,0.7144355624914169,69038292.0,-0.9191138744354248,0.21442639827728271,1.4181404476235255
pilot,b4_h1_w2_n10_a1.5,fr_estimated,4.0,1.0,100,-0.006289307959377766,-0.9527422189712524,0.5573588311672211,0.656184509396553,0.7144348174333572,68853900.0,-0.9181454181671143,0.5309088230133057,1.4126574465503885
pilot,b4_h1_w2_n10_a1.5,fr_estimated,4.0,1.0,100,0.002515723230317235,-0.9465859234333038,0.8410001546144485,0.6596487760543823,0.7144324481487274,68656764.0,-0.911205530166626,0.8055294752120972,1.3739819988063513
pilot,b4_h1_w2_n10_a1.5,fr_estimated,4.0,1.0,100,0.011320754885673523,-0.9380120784044266,1.1064859330654144,0.663703054189682,0.7144303619861603,68450144.0,-0.902167558670044,1.0654425621032715,1.3251971044133102
pilot,b4_h1_w2_n10_a1.5,fr_estimated,4.0,1.0,100,0.02012578584253788,-0.9271783232688904,1.3543246686458588,0.6681219786405563,0.7144278585910797,68238222.0,-0.8931295871734619,1.3253557682037354,1.2781443767611778
pilot,b4_h1_w2_n10_a1.5,fr_estimated,4.0,1.0,100,0.028930816799402237,-0.9142378121614456,1.5850188732147217,0.6727012395858765,0.714426726102829,68025468.0,-0.8804468512535095,1.5545032024383545,1.2149201770783953
pilot,b4_h1_w2_n10_a1.5,fr_estimated,4.0,1.0,100,0.03773584961891174,-0.8993398547172546,1.7989442646503448,0.6772628277540207,0.7144251316785812,67818829.0,-0.8649004697799683,1.7594780921936035,1.1416708540978453
pilot,b4_h1_w2_n10_a1.5,fr_estimated,4.0,1.0,100,0.04654087871313095,-0.8826313316822052,1.996273159980774,0.681658536195755,0.714421734213829,67624829.0,-0.8493541479110718,1.9644521474838257,1.0728380962349868
pilot,b4_h1_w2_n10_a1.5,fr_estimated,4.0,1.0,100,0.05534591153264046,-0.8642584830522537,2.1769896149635315,0.6857709139585495,0.7144188284873962,67448315.0,-0.8319168090820312,2.148707628250122,1.000558363897653
pilot,b4_h1_w2_n10_a1.5,fr_estimated,4.0,1.0,100,0.06415094435214996,-0.8443679511547089,2.3410078287124634,0.6895127296447754,0.714415580034256,67291632.0,-0.811394453048706,2.2991585731506348,0.921703937436846
pilot,b4_h1_w2_n10_a1.5,fr_estimated,4.0,1.0,100,0.07295597344636917,-0.8231068402528763,2.4882906079292297,0.6928244233131409,0.714411661028862,67151918.0,-0.7908720970153809,2.4496090412139893,0.8490640615678112
pilot,b4_h1_w2_n10_a1.5,fr_estimated,4.0,1.0,100,0.08176100999116898,-0.8006221652030945,2.618943989276886,0.6956706345081329,0.7144057899713516,67025925.0,-0.7696557641029358,2.589444637298584,0.7799808024493202
pilot,b4_h1_w2_n10_a1.5,fr_estimated,4.0,1.0,100,0.09056603908538818,-0.7770596891641617,2.733105480670929,0.6980356574058533,0.7144020050764084,66909905.0,-0.7456638813018799,2.6868224143981934,0.7086074995082777
pilot,b4_h1_w2_n10_a1.5,fr_estimated,4.0,1.0,100,0.09937106817960739,-0.7525636851787567,2.8309819102287292,0.6999186873435974,0.7143978178501129,66801666.0,-0.7216719388961792,2.7842001914978027,0.6437651632793655
pilot,b4_h1_w2_n10_a1.5,fr_estimated,4.0,1.0,100,0.1081760972738266,-0.7272773087024689,2.9126387238502502,0.7013286054134369,0.7143923789262772,66700818.0,-0.6976401209831238,2.8805313110351562,0.5847630571412398
pilot,b4_h1_w2_n10_a1.5,fr_estimated,4.0,1.0,100,0.1169811338186264,-0.7013436257839203,2.9780085682868958,0.7022794932126999,0.7143875807523727,66608889.0,-0.6716541051864624,2.925584554672241,0.5270327398005366
pilot,b4_h1_w2_n10_a1.5,fr_estimated,4.0,1.0,100,0.1257861703634262,-0.6749069094657898,3.026909351348877,0.702786311507225,0.714385598897934,66526931.0,-0.645668089389801,2.970637798309326,0.47500180702176426
pilot,b4_h1_w2_n10_a1.5,fr_estimated,4.0,1.0,100,0.13459119200706482,-0.6481132805347443,3.059071123600006,0.7028616517782211,0.7143828868865967,66456994.0,-0.6196821331977844,3.015691041946411,0.4281076931822885
pilot,b4_h1_w2_n10_a1.5,fr_estimated,4.0,1.0,100,0.14339622855186462,-0.6211112439632416,3.0742459297180176,0.7025133222341537,0.7143827527761459,66399696.0,-0.5932547450065613,3.0165820121765137,0.38516246440742746
pilot,b4_h1_w2_n10_a1.5,fr_estimated,4.0,1.0,100,0.15220126509666443,-0.594051793217659,3.072120487689972,0.7017433494329453,0.7143826186656952,66354926.0,-0.5667432546615601,3.009061336517334,0.3464086922142754
pilot,b4_h1_w2_n10_a1.5,fr_estimated,4.0,1.0,100,0.16100628674030304,-0.5670886784791946,3.0523577332496643,0.7005480378866196,0.7143804579973221,66321241.0,-0.5402319431304932,3.0015411376953125,0.31155441913638765
pilot,b4_h1_w2_n10_a1.5,fr_estimated,4.0,1.0,100,0.16981132328510284,-0.5403803139925003,3.014254152774811,0.698919340968132,0.7143770605325699,66298598.0,-0.5144352316856384,2.952887535095215,0.2810091349339517
pilot,b4_h1_w2_n10_a1.5,fr_estimated,4.0,1.0,100,0.17861634492874146,-0.5140927284955978,2.9567744731903076,0.6968475729227066,0.7143780887126923,66287058.0,-0.4890069365501404,2.883045196533203,0.2538323467505733
pilot,b4_h1_w2_n10_a1.5,fr_estimated,4.0,1.0,100,0.18742138147354126,-0.4884025454521179,2.878577768802643,0.6943246424198151,0.7143762409687042,66291227.0,-0.46357858180999756,2.813202381134033,0.22928380926312156
pilot,b4_h1_w2_n10_a1.5,fr_estimated,4.0,1.0,100,0.19622641801834106,-0.4634966030716896,2.778625726699829,0.6913484483957291,0.7143716514110565,66322189.0,-0.43952903151512146,2.711920976638794,0.20825480974299734
pilot,b4_h1_w2_n10_a1.5,fr_estimated,4.0,1.0,100,0.20503143966197968,-0.43956559896469116,2.657134175300598,0.6879272162914276,0.7143664360046387,66397856.0,-0.41697320342063904,2.5765814781188965,0.19028806668115383
pilot,b4_h1_w2_n10_a1.5,fr_estimated,4.0,1.0,100,0.21383647620677948,-0.4167866036295891,2.5169548988342285,0.684083491563797,0.7143601626157761,66541627.0,-0.394417405128479,2.441241979598999,0.17387138708801703
pilot,b4_h1_w2_n10_a1.5,fr_estimated,4.0,1.0,100,0.22264151275157928,-0.39529451727867126,2.3648160099983215,0.6798576861619949,0.7143518626689911,66779273.0,-0.37301793694496155,2.3045101165771484,0.15960755141143443
pilot,b4_h1_w2_n10_a1.5,fr_estimated,4.0,1.0,100,0.2314465343952179,-0.3751472532749176,2.211492121219635,0.6753102689981461,0.7143430560827255,67129210.0,-0.3543165922164917,2.1645305156707764,0.14810368748661812
pilot,b4_h1_w2_n10_a1.5,fr_estimated,4.0,1.0,100,0.2402515709400177,-0.35629624128341675,2.0703839659690857,0.6705224812030792,0.7143331617116928,67600618.0,-0.33561524748802185,2.024550676345825,0.1374289753408398
pilot,b4_h1_w2_n10_a1.5,fr_estimated,4.0,1.0,100,0.2490566074848175,-0.3385755270719528,1.95474573969841,0.6655947268009186,0.7143238335847855,68182836.0,-0.31723207235336304,1.895437479019165,0.12768605299728672
pilot,b4_h1_w2_n10_a1.5,fr_estimated,4.0,1.0,100,0.2578616440296173,-0.3217191696166992,1.8740581572055817,0.6606436669826508,0.7143155336380005,68847624.0,-0.30118250846862793,1.8460109233856201,0.1197464133386006
pilot,b4_h1_w2_n10_a1.5,fr_estimated,4.0,1.0,100,0.2666666805744171,-0.3054059371352196,1.8313783705234528,0.6557969152927399,0.7143068760633469,69551004.0,-0.2851327657699585,1.796584129333496,0.11230038766700524
pilot,b4_h1_w2_n10_a1.5,fr_estimated,4.0,1.0,100,0.27547168731689453,-0.28931861370801926,1.8227386176586151,0.6511864364147186,0.714301273226738,70245718.0,-0.26908329129219055,1.7471578121185303,0.10531748090897775
pilot,b4_h1_w2_n10_a1.5,fr_estimated,4.0,1.0,100,0.28427672386169434,-0.2731984630227089,1.8388345837593079,0.6469407975673676,0.7142972350120544,70887890.0,-0.2533971667289734,1.7646821737289429,0.09891243043537049
pilot,b4_h1_w2_n10_a1.5,fr_estimated,4.0,1.0,100,0.29308176040649414,-0.25687917321920395,1.8679757118225098,0.6431769579648972,0.7142944484949112,71447834.0,-0.2377343773841858,1.7864799499511719,0.09290558479947696
pilot,b4_h1_w2_n10_a1.5,fr_estimated,4.0,1.0,100,0.30188679695129395,-0.24029495939612389,1.8990067541599274,0.6399925649166107,0.7142934501171112,71912048.0,-0.22207149863243103,1.8082776069641113,0.08726349723786143
pilot,b4_h1_w2_n10_a1.5,fr_estimated,4.0,1.0,100,0.31069183349609375,-0.2234673984348774,1.9232641160488129,0.6374592483043671,0.7142931222915649,72284110.0,-0.20609232783317566,1.8195409774780273,0.08186041674974719
pilot,b4_h1_w2_n10_a1.5,fr_estimated,4.0,1.0,100,0.31949687004089355,-0.20648035407066345,1.935218632221222,0.6356178522109985,0.7142932415008545,72576282.0,-0.19001317024230957,1.8274779319763184,0.07676117140908513
pilot,b4_h1_w2_n10_a1.5,fr_estimated,4.0,1.0,100,0.32830187678337097,-0.18945470079779625,1.9320341050624847,0.6344756931066513,0.7142933309078217,72808446.0,-0.1739339977502823,1.8354147672653198,0.07197956373592555
pilot,b4_h1_w2_n10_a1.5,fr_estimated,4.0,1.0,100,0.3371069133281708,-0.17252741008996964,1.912875086069107,0.6340068280696869,0.7142934501171112,73001208.0,-0.15810337662696838,1.8163989782333374,0.06756295009159081
pilot,b4_h1_w2_n10_a1.5,fr_estimated,4.0,1.0,100,0.3459119498729706,-0.15583740919828415,1.8781381845474243,0.6341549605131149,0.7142934501171112,73171726.0,-0.14245253801345825,1.7778663635253906,0.06346295835987037
pilot,b4_h1_w2_n10_a1.5,fr_estimated,4.0,1.0,100,0.3547169864177704,-0.13951711356639862,1.8288976550102234,0.6348383575677872,0.7142929285764694,73331382.0,-0.12680178880691528,1.7393338680267334,0.059611791946474875
pilot,b4_h1_w2_n10_a1.5,fr_estimated,4.0,1.0,100,0.3635220229625702,-0.12368828430771828,1.7665058970451355,0.6359574645757675,0.7142924219369888,73487774.0,-0.11181118339300156,1.6844700574874878,0.05614238113668417
pilot,b4_h1_w2_n10_a1.5,fr_estimated,4.0,1.0,100,0.3723270297050476,-0.10846054181456566,1.6923764944076538,0.637403205037117,0.7142917960882187,73643494.0,-0.0978110134601593,1.6051117181777954,0.053084782463405505
pilot,b4_h1_w2_n10_a1.5,fr_estimated,4.0,1.0,100,0.3811320662498474,-0.09393139369785786,1.6078138053417206,0.6390662342309952,0.7142907232046127,73798162.0,-0.08381066471338272,1.525752305984497,0.050193669319807746
pilot,b4_h1_w2_n10_a1.5,fr_estimated,4.0,1.0,100,0.3899371027946472,-0.08018773980438709,1.5139568150043488,0.640845537185669,0.7142891138792038,73949186.0,-0.07039370387792587,1.4396471977233887,0.04757089222139543
pilot,b4_h1_w2_n10_a1.5,fr_estimated,4.0,1.0,100,0.398742139339447,-0.0673072412610054,1.4117550551891327,0.6426560133695602,0.714286744594574,74094052.0,-0.059044718742370605,1.3296235799789429,0.04545965028982259
pilot,b4_h1_w2_n10_a1.5,fr_estimated,4.0,1.0,100,0.4075471758842468,-0.05536026135087013,1.3019144535064697,0.6444341987371445,0.7142835408449173,74230402.0,-0.047695793211460114,1.2196006774902344,0.0434421176623335
pilot,b4_h1_w2_n10_a1.5,fr_estimated,4.0,1.0,100,0.41635221242904663,-0.044411979615688324,1.1849081218242645,0.646141767501831,0.7142798155546188,74355430.0,-0.03648313879966736,1.1086424589157104,0.04153675948612386
pilot,b4_h1_w2_n10_a1.5,fr_estimated,4.0,1.0,100,0.42515721917152405,-0.03452433738857508,1.06100532412529,0.6477666348218918,0.7142755389213562,74468278.0,-0.028541868552565575,0.9752579927444458,0.0402380765394993
pilot,b4_h1_w2_n10_a1.5,fr_estimated,4.0,1.0,100,0.43396225571632385,-0.025757331401109695,0.9303562045097351,0.6493214517831802,0.7142708450555801,74567918.0,-0.02060064673423767,0.841874361038208,0.038980005596829986
pilot,b4_h1_w2_n10_a1.5,fr_estimated,4.0,1.0,100,0.44276729226112366,-0.01816946268081665,0.7931729555130005,0.6508401036262512,0.7142664194107056,74656728.0,-0.012659379281103611,0.7084898948669434,0.03776126220844146
pilot,b4_h1_w2_n10_a1.5,fr_estimated,4.0,1.0,100,0.45157232880592346,-0.011816293001174927,0.6499032378196716,0.6523726433515549,0.714262530207634,74737200.0,-0.008143709972500801,0.559846818447113,0.03708531579591884
pilot,b4_h1_w2_n10_a1.5,fr_estimated,4.0,1.0,100,0.46037736535072327,-0.006747990846633911,0.5013247206807137,0.653979018330574,0.714259535074234,74812710.0,-0.004185614641755819,0.40871891379356384,0.03650279048432713
pilot,b4_h1_w2_n10_a1.5,fr_estimated,4.0,1.0,100,0.46918240189552307,-0.0030065085738897324,0.3485311195254326,0.6557224690914154,0.714257687330246,74888236.0,-0.00022754285600967705,0.2575919032096863,0.035929418694064554
pilot,b4_h1_w2_n10_a1.5,fr_estimated,4.0,1.0,100,0.4779874086380005,-0.0006232224404811859,0.1928170695900917,0.6576630771160126,0.7142568379640579,74967652.0,0.0007753761019557714,0.1009177640080452,0.03578557024303317
pilot,b4_h1_w2_n10_a1.5,fr_estimated,4.0,1.0,100,0.4867924451828003,0.00038194097578525543,0.03549850173294544,0.659852147102356,0.7142567038536072,75053978.0,0.00038768924423493445,-0.05836673825979233,0.03584110767528566
pilot,b4_h1_w2_n10_a1.5,fr_estimated,4.0,1.0,100,0.4955974817276001,0.0,-0.12225382588803768,0.662327766418457,0.7142568230628967,75148888.0,0.0,-0.21765220165252686,0.03589673164155398
pilot,b4_h1_w2_n10_a1.5,fr_estimated,4.0,1.0,100,0.5044025182723999,-0.0017686542123556137,-0.2794839069247246,0.665111631155014,0.7142568230628967,75254662.0,-0.0025812697131186724,-0.37433451414108276,0.03626928825473934
pilot,b4_h1_w2_n10_a1.5,fr_estimated,4.0,1.0,100,0.5132075548171997,-0.004916047677397728,-0.4354235827922821,0.6682070940732956,0.7142564058303833,75372732.0,-0.007356098387390375,-0.5284156799316406,0.036968664347034066
pilot,b4_h1_w2_n10_a1.5,fr_estimated,4.0,1.0,100,0.5220125913619995,-0.009427886456251144,-0.5894076526165009,0.6715992540121078,0.7142553627490997,75504502.0,-0.012130897492170334,-0.6824958920478821,0.03768152196305387
pilot,b4_h1_w2_n10_a1.5,fr_estimated,4.0,1.0,100,0.5308176279067993,-0.01528414897620678,-0.7407997250556946,0.675255686044693,0.714253693819046,75652344.0,-0.018230291083455086,-0.8325745463371277,0.038612166266409974
pilot,b4_h1_w2_n10_a1.5,fr_estimated,4.0,1.0,100,0.5396226644515991,-0.02245919778943062,-0.888960674405098,0.6791284084320068,0.7142514139413834,75817942.0,-0.027144281193614006,-0.9741482734680176,0.040013759221312256
pilot,b4_h1_w2_n10_a1.5,fr_estimated,4.0,1.0,100,0.5484277009963989,-0.030921858735382557,-1.0332712233066559,0.6831566840410233,0.7142485231161118,76001604.0,-0.0360582210123539,-1.1157211065292358,0.04146622061781302
pilot,b4_h1_w2_n10_a1.5,fr_estimated,4.0,1.0,100,0.557232677936554,-0.04063582140952349,-1.1731846630573273,0.6872703731060028,0.714245155453682,76200628.0,-0.04550120234489441,-1.2554407119750977,0.043062435894206476
pilot,b4_h1_w2_n10_a1.5,fr_estimated,4.0,1.0,100,0.5660377144813538,-0.05156036280095577,-1.3082453608512878,0.6913934797048569,0.7142414003610611,76410622.0,-0.0581938736140728,-1.383777379989624,0.045305196783003564
pilot,b4_h1_w2_n10_a1.5,fr_estimated,4.0,1.0,100,0.5748427510261536,-0.0636514239013195,-1.4381511211395264,0.6954479664564133,0.7142372876405716,76625964.0,-0.07088661938905716,-1.5121148824691772,0.047664778469573725
pilot,b4_h1_w2_n10_a1.5,fr_estimated,4.0,1.0,100,0.5836477875709534,-0.07686310261487961,-1.5628059804439545,0.6993570625782013,0.7142329812049866,76841750.0,-0.08357928693294525,-1.6404515504837036,0.05014723601119705
pilot,b4_h1_w2_n10_a1.5,fr_estimated,4.0,1.0,100,0.5924528241157532,-0.09115005098283291,-1.682370364665985,0.7030486166477203,0.7142284512519836,77053274.0,-0.0995236411690712,-1.754637598991394,0.05344968881125248
pilot,b4_h1_w2_n10_a1.5,fr_estimated,4.0,1.0,100,0.601257860660553,-0.10646878741681576,-1.797175794839859,0.7064573168754578,0.7142235338687897,77259070.0,-0.11560336500406265,-1.8682334423065186,0.05700048124768765
pilot,b4_h1_w2_n10_a1.5,fr_estimated,4.0,1.0,100,0.6100628972053528,-0.12277907691895962,-1.9075877666473389,0.7095266282558441,0.7142187058925629,77459424.0,-0.13168318569660187,-1.9818298816680908,0.060787184986681814
pilot,b4_h1_w2_n10_a1.5,fr_estimated,4.0,1.0,100,0.6188679337501526,-0.14004367217421532,-2.013940393924713,0.7122093737125397,0.7142141312360764,77654116.0,-0.15008775889873505,-2.084275722503662,0.06543107420177563
pilot,b4_h1_w2_n10_a1.5,fr_estimated,4.0,1.0,100,0.6276729702949524,-0.1582275964319706,-2.116405189037323,0.7144679129123688,0.7142096310853958,77843202.0,-0.16914816200733185,-2.183577537536621,0.07061473958880266
pilot,b4_h1_w2_n10_a1.5,fr_estimated,4.0,1.0,100,0.6364780068397522,-0.17729679495096207,-2.2150224447250366,0.7162728160619736,0.7142054289579391,78026374.0,-0.18820855021476746,-2.28287935256958,0.07620906749295019
pilot,b4_h1_w2_n10_a1.5,fr_estimated,4.0,1.0,100,0.645283043384552,-0.1972171515226364,-2.3097422122955322,0.7176015079021454,0.7142029106616974,78200224.0,-0.2088322788476944,-2.374691963195801,0.08276252531410296
pilot,b4_h1_w2_n10_a1.5,fr_estimated,4.0,1.0,100,0.6540880799293518,-0.21795421838760376,-2.4005313515663147,0.7184359133243561,0.7142011821269989,78361260.0,-0.23049838840961456,-2.461512804031372,0.09025507283785238
pilot,b4_h1_w2_n10_a1.5,fr_estimated,4.0,1.0,100,0.6628930568695068,-0.23947319015860558,-2.4873470664024353,0.7187609970569611,0.714200958609581,78507630.0,-0.25216424465179443,-2.548332452774048,0.09842582603546804
pilot,b4_h1_w2_n10_a1.5,fr_estimated,4.0,1.0,100,0.6716980934143066,-0.2617386728525162,-2.570092499256134,0.7185630649328232,0.714202031493187,78639292.0,-0.27478182315826416,-2.630185604095459,0.10774567008577189
pilot,b4_h1_w2_n10_a1.5,fr_estimated,4.0,1.0,100,0.6805031299591064,-0.28471406549215317,-2.6486045122146606,0.7178292572498322,0.7142038494348526,78759568.0,-0.29871317744255066,-2.7051777839660645,0.11856946134065055
pilot,b4_h1_w2_n10_a1.5,fr_estimated,4.0,1.0,100,0.6893081665039062,-0.30836107581853867,-2.722637951374054,0.7165485769510269,0.7142077386379242,78871366.0,-0.3226447105407715,-2.7801706790924072,0.13048066996104957
pilot,b4_h1_w2_n10_a1.5,fr_estimated,4.0,1.0,100,0.698113203048706,-0.3326389193534851,-2.7919357419013977,0.7147134989500046,0.7142132222652435,78980520.0,-0.34702974557876587,-2.8515725135803223,0.14384915747906668
pilot,b4_h1_w2_n10_a1.5,fr_estimated,4.0,1.0,100,0.7069182395935059,-0.3575054705142975,-2.856320858001709,0.7123235762119293,0.7142186164855957,79089004.0,-0.3728514611721039,-2.9116053581237793,0.15950130362882345
pilot,b4_h1_w2_n10_a1.5,fr_estimated,4.0,1.0,100,0.7157232761383057,-0.38291677087545395,-2.9156736731529236,0.7093895375728607,0.7142247408628464,79198478.0,-0.39867350459098816,-2.9716391563415527,0.1768567829354088
pilot,b4_h1_w2_n10_a1.5,fr_estimated,4.0,1.0,100,0.7245283126831055,-0.40882763266563416,-2.969789206981659,0.7059377878904343,0.7142310589551926,79311750.0,-0.42458057403564453,-3.030564069747925,0.19616743345127877
pilot,b4_h1_w2_n10_a1.5,fr_estimated,4.0,1.0,100,0.7333333492279053,-0.4351909011602402,-3.0184367299079895,0.7020148187875748,0.7142374962568283,79426510.0,-0.45182475447654724,-3.072136402130127,0.21875344389433057
pilot,b4_h1_w2_n10_a1.5,fr_estimated,4.0,1.0,100,0.7421383857727051,-0.4619562700390816,-3.061120569705963,0.6976906210184097,0.7142448276281357,79545720.0,-0.4790692925453186,-3.1137094497680664,0.24394027504024346
pilot,b4_h1_w2_n10_a1.5,fr_estimated,4.0,1.0,100,0.7509434223175049,-0.4890689104795456,-3.0973178148269653,0.6930602192878723,0.7142514288425446,79668360.0,-0.5063135027885437,-3.1552815437316895,0.27202671050990657
pilot,b4_h1_w2_n10_a1.5,fr_estimated,4.0,1.0,100,0.7597483992576599,-0.5164692252874374,-3.1264703273773193,0.6882434189319611,0.7142577171325684,79797068.0,-0.5343466997146606,-3.1800386905670166,0.3043057795274885
pilot,b4_h1_w2_n10_a1.5,fr_estimated,4.0,1.0,100,0.7685534358024597,-0.5440936386585236,-3.148212969303131,0.6833820044994354,0.7142638117074966,79930276.0,-0.5624874234199524,-3.202503204345703,0.34056157437317053
pilot,b4_h1_w2_n10_a1.5,fr_estimated,4.0,1.0,100,0.7773584723472595,-0.5718753188848495,-3.162192940711975,0.6786343157291412,0.7142678797245026,80068444.0,-0.5906281471252441,-3.2249679565429688,0.38113698043995153
pilot,b4_h1_w2_n10_a1.5,fr_estimated,4.0,1.0,100,0.7861635088920593,-0.5997444987297058,-3.168092429637909,0.6741681843996048,0.7142718732357025,80210178.0,-0.6189639568328857,-3.2299139499664307,0.4268796306503016
pilot,b4_h1_w2_n10_a1.5,fr_estimated,4.0,1.0,100,0.7949685454368591,-0.6276286244392395,-3.1655824780464172,0.6701519191265106,0.7142734080553055,80354364.0,-0.6473836898803711,-3.2273526191711426,0.4782726705082598
pilot,b4_h1_w2_n10_a1.5,fr_estimated,4.0,1.0,100,0.8037735819816589,-0.6554519087076187,-3.1542739272117615,0.6667447090148926,0.7142763584852219,80501734.0,-0.675803005695343,-3.2247912883758545,0.535852144661885
pilot,b4_h1_w2_n10_a1.5,fr_estimated,4.0,1.0,100,0.8125786185264587,-0.6831352263689041,-3.133834660053253,0.6640871465206146,0.7142755091190338,80652192.0,-0.7039587497711182,-3.2060675621032715,0.5997310170669315
pilot,b4_h1_w2_n10_a1.5,fr_estimated,4.0,1.0,100,0.8213836550712585,-0.7105971574783325,-3.103948414325714,0.6622926145792007,0.7142765820026398,80806582.0,-0.7318712472915649,-3.1724259853363037,0.6705721075489149
pilot,b4_h1_w2_n10_a1.5,fr_estimated,4.0,1.0,100,0.8301886916160583,-0.7377529442310333,-3.064290463924408,0.661440297961235,0.7142744064331055,80966462.0,-0.7597841024398804,-3.1387839317321777,0.7497821221185953
pilot,b4_h1_w2_n10_a1.5,fr_estimated,4.0,1.0,100,0.8389937281608582,-0.7645153552293777,-3.0145968794822693,0.6615704894065857,0.7142727971076965,81131236.0,-0.7872194051742554,-3.093935251235962,0.8367487710913906
pilot,b4_h1_w2_n10_a1.5,fr_estimated,4.0,1.0,100,0.847798764705658,-0.7907949239015579,-2.954612612724304,0.6626820266246796,0.714273139834404,81300282.0,-0.8137285113334656,-3.027332305908203,0.9303494758639919
pilot,b4_h1_w2_n10_a1.5,fr_estimated,4.0,1.0,100,0.8566038012504578,-0.8165000528097153,-2.8841233253479004,0.6647329777479172,0.7142691761255264,81473420.0,-0.8402379155158997,-2.960728645324707,1.034421810895811
pilot,b4_h1_w2_n10_a1.5,fr_estimated,4.0,1.0,100,0.8654087781906128,-0.8415378332138062,-2.803019344806671,0.667642816901207,0.7142640799283981,81649752.0,-0.8663736581802368,-2.8887743949890137,1.1484183001278627
pilot,b4_h1_w2_n10_a1.5,fr_estimated,4.0,1.0,100,0.8742138147354126,-0.8658138513565063,-2.7111003398895264,0.6712973564863205,0.7142591774463654,81830160.0,-0.8905496597290039,-2.788729190826416,1.2650221231193106
pilot,b4_h1_w2_n10_a1.5,fr_estimated,4.0,1.0,100,0.8830188512802124,-0.8892321437597275,-2.6081950664520264,0.6755551695823669,0.7142557948827744,82014692.0,-0.914725661277771,-2.68868350982666,1.3934652310949032
pilot,b4_h1_w2_n10_a1.5,fr_estimated,4.0,1.0,100,0.8918238878250122,-0.9116949737071991,-2.4940698742866516,0.6802551746368408,0.7142515331506729,82201754.0,-0.9389020204544067,-2.588636875152588,1.5349519130727698
pilot,b4_h1_w2_n10_a1.5,fr_estimated,4.0,1.0,100,0.900628924369812,-0.9331018030643463,-2.368336856365204,0.6852252334356308,0.7142443060874939,82390410.0,-0.9597910642623901,-2.449901580810547,1.6687172688336342
pilot,b4_h1_w2_n10_a1.5,fr_estimated,4.0,1.0,100,0.9094339609146118,-0.9533488899469376,-2.230646252632141,0.6902913302183151,0.714240700006485,82579380.0,-0.980613112449646,-2.310378074645996,1.8136536857663272
pilot,b4_h1_w2_n10_a1.5,fr_estimated,4.0,1.0,100,0.9182389974594116,-0.9723292142152786,-2.0806246399879456,0.6952868402004242,0.7142339646816254,82765350.0,-1.001435399055481,-2.1708524227142334,1.9711804331917646
pilot,b4_h1_w2_n10_a1.5,fr_estimated,4.0,1.0,100,0.9270440340042114,-0.9899329543113708,-1.9179359078407288,0.7000621408224106,0.714226171374321,82949068.0,-1.0186344385147095,-1.9957921504974365,2.1115636213178823
pilot,b4_h1_w2_n10_a1.5,fr_estimated,4.0,1.0,100,0.9358490705490112,-1.0060472190380096,-1.742296278476715,0.7044935822486877,0.7142202258110046,83130470.0,-1.0349279642105103,-1.8118493556976318,2.2537665269199167
pilot,b4_h1_w2_n10_a1.5,fr_estimated,4.0,1.0,100,0.944654107093811,-1.0205568075180054,-1.5534505546092987,0.7084922641515732,0.7142140120267868,83311352.0,-1.051221489906311,-1.627906322479248,2.4055460638663764
pilot,b4_h1_w2_n10_a1.5,fr_estimated,4.0,1.0,100,0.9534591436386108,-1.0333444774150848,-1.3511768281459808,0.7120121270418167,0.7142093777656555,83495620.0,-1.063952922821045,-1.4176205396652222,2.5312231971251578
pilot,b4_h1_w2_n10_a1.5,fr_estimated,4.0,1.0,100,0.9622641801834106,-1.0442911088466644,-1.1352629661560059,0.7150563597679138,0.7141985893249512,83685596.0,-1.0745012760162354,-1.1911946535110474,2.6403093169529175
pilot,b4_h1_w2_n10_a1.5,fr_estimated,4.0,1.0,100,0.9710691571235657,-1.0532754957675934,-0.9054722189903259,0.7176827639341354,0.7141933143138885,83881820.0,-1.0850495100021362,-0.9647715091705322,2.7540953215677284
pilot,b4_h1_w2_n10_a1.5,fr_estimated,4.0,1.0,100,0.9798741936683655,-1.0601743161678314,-0.6615472733974457,0.7200061082839966,0.7141934782266617,84082446.0,-1.0925495624542236,-0.7198728322982788,2.8379706064795016
pilot,b4_h1_w2_n10_a1.5,fr_estimated,4.0,1.0,100,0.9886792302131653,-1.0648621022701263,-0.4032447710633278,0.7221985757350922,0.7141829282045364,84282624.0,-1.09617018699646,-0.45146098732948303,2.8793705744622042
pilot,b4_h1_w2_n10_a1.5,fr_estimated,4.0,1.0,100,0.9974842667579651,-1.0672111213207245,-0.13033903576433659,0.7244863957166672,0.7141778916120529,84478334.0,-1.0997909307479858,-0.18305236101150513,2.9213758731328054
pilot,b4_h1_w2_n10_a1.5,fr_estimated,4.0,1.0,100,1.0062893629074097,-1.0670921802520752,0.15736307948827744,0.7271430492401123,0.7141704857349396,84667586.0,-1.1012924909591675,0.0971451848745346,2.9389751600951897
pilot,b4_h1_w2_n10_a1.5,fr_estimated,4.0,1.0,100,1.01509428024292,-1.0643741488456726,0.4600166007876396,0.730479046702385,0.7141661643981934,84850766.0,-1.0967631340026855,0.410875529050827,2.886207936291195
pilot,b4_h1_w2_n10_a1.5,fr_estimated,4.0,1.0,100,1.0238993167877197,-1.0589247643947601,0.7777676433324814,0.7348275482654572,0.7141587287187576,85031982.0,-1.092233657836914,0.7246134281158447,2.8343867591906813
pilot,b4_h1_w2_n10_a1.5,fr_estimated,4.0,1.0,100,1.0327043533325195,-1.050610363483429,1.1107894778251648,0.7405272424221039,0.7141510546207428,85216676.0,-1.0869406461715698,1.0426931381225586,2.7750077956250077
pilot,b4_h1_w2_n10_a1.5,fr_estimated,4.0,1.0,100,1.0415093898773193,-1.0392953157424927,1.459336668252945,0.7479022443294525,0.7141465693712234,85407560.0,-1.072866439819336,1.4107375144958496,2.6230997549409842
pilot,b4_h1_w2_n10_a1.5,fr_estimated,4.0,1.0,100,1.0503144264221191,-1.0248413980007172,1.823763221502304,0.7572403699159622,0.7141383737325668,85606270.0,-1.058791995048523,1.7787861824035645,2.479505020966425
pilot,b4_h1_w2_n10_a1.5,fr_estimated,4.0,1.0,100,1.059119462966919,-1.0071068108081818,2.204522132873535,0.7687712162733078,0.7141286581754684,85810582.0,-1.044717788696289,2.1468307971954346,2.3437732402503366
pilot,b4_h1_w2_n10_a1.5,fr_estimated,4.0,1.0,100,1.0679244995117188,-0.9859455823898315,2.602099299430847,0.7826445549726486,0.7141218185424805,86019138.0,-1.0206353664398193,2.5672569274902344,2.1285317813297073
pilot,b4_h1_w2_n10_a1.5,fr_estimated,4.0,1.0,100,1.0767295360565186,-0.9612080305814743,3.016859471797943,0.7989116162061691,0.7141136229038239,86229836.0,-0.9954410791397095,2.993502616882324,1.9244790125943578
pilot,b4_h1_w2_n10_a1.5,fr_estimated,4.0,1.0,100,1.0855345726013184,-0.9327419996261597,3.448992073535919,0.8175099939107895,0.7141068279743195,86443698.0,-0.9702464938163757,3.419753074645996,1.7399857908377838
pilot,b4_h1_w2_n10_a1.5,fr_estimated,4.0,1.0,100,1.0943396091461182,-0.9003945589065552,3.898593485355377,0.8382533639669418,0.7141015082597733,86660934.0,-0.9359403848648071,3.8830313682556152,1.5168753241606352
pilot,b4_h1_w2_n10_a1.5,fr_estimated,4.0,1.0,100,1.103144645690918,-0.8640110343694687,4.365661978721619,0.8608293235301971,0.7140942066907883,86879728.0,-0.8980911374092102,4.360709190368652,1.3037640728139521
pilot,b4_h1_w2_n10_a1.5,fr_estimated,4.0,1.0,100,1.1119496822357178,-0.8234380334615707,4.850198268890381,0.8848011791706085,0.7140896618366241,87098794.0,-0.8602419495582581,4.838387489318848,1.120593852210722
pilot,b4_h1_w2_n10_a1.5,fr_estimated,4.0,1.0,100,1.1207547187805176,-0.778521865606308,5.352182388305664,0.9096201360225677,0.7140834331512451,87312986.0,-0.8148000240325928,5.3424553871154785,0.934345558565361
pilot,b4_h1_w2_n10_a1.5,fr_estimated,4.0,1.0,100,1.1295597553253174,-0.7291078716516495,5.871840000152588,0.9346437454223633,0.7140779197216034,87512422.0,-0.7628918886184692,5.868989944458008,0.7591609461642483
pilot,b4_h1_w2_n10_a1.5,fr_estimated,4.0,1.0,100,1.1383647918701172,-0.6750415712594986,6.408926010131836,0.9591610878705978,0.714071199297905,87680756.0,-0.7109836339950562,6.395524978637695,0.6168221832751483
pilot,b4_h1_w2_n10_a1.5,fr_estimated,4.0,1.0,100,1.147169828414917,-0.6161720752716064,6.962853908538818,0.9824235588312149,0.714069053530693,87784598.0,-0.6536750793457031,6.9286274909973145,0.4904613938238856
pilot,b4_h1_w2_n10_a1.5,fr_estimated,4.0,1.0,100,1.1559748649597168,-0.5523575693368912,7.5321502685546875,1.003679409623146,0.7140628695487976,87761578.0,-0.5867686867713928,7.473387718200684,0.3752982329675892
pilot,b4_h1_w2_n10_a1.5,fr_estimated,4.0,1.0,100,1.1647799015045166,-0.4834742397069931,8.114195585250854,1.022211104631424,0.7140588015317917,87507084.0,-0.5198623538017273,8.018147468566895,0.2871761142124406
pilot,b4_h1_w2_n10_a1.5,fr_estimated,4.0,1.0,100,1.1735849380493164,-0.40942494571208954,8.70556354522705,1.0373708605766296,0.7140548378229141,86857238.0,-0.4504997134208679,8.542221069335938,0.2175970818787147
pilot,b4_h1_w2_n10_a1.5,fr_estimated,4.0,1.0,100,1.1823899745941162,-0.33014559745788574,9.30216360092163,1.0486149042844772,0.7140503376722336,85591912.0,-0.3699479401111603,8.972071647644043,0.1576595578490505
pilot,b4_h1_w2_n10_a1.5,fr_estimated,4.0,1.0,100,1.191195011138916,-0.24560793861746788,9.899950981140137,1.0555321723222733,0.7140470296144485,83450370.0,-0.28939712047576904,9.401917457580566,0.11423237291093029
pilot,b4_h1_w2_n10_a1.5,fr_estimated,4.0,1.0,100,1.2000000476837158,-0.15609105676412582,10.433156251907349,1.0578669607639313,0.7140428572893143,80178478.0,-0.06258098781108856,0.0,0.04610724988566079
pilot,b4_h1_w2_n10_a1.5,fr_uniform,4.0,1.0,100,-0.20000000298023224,-0.09552539885044098,-11.441171646118164,0.8328465819358826,0.714285671710968,58340729.0,-0.06258098781108856,-10.76894760131836,0.04610724988566079
pilot,b4_h1_w2_n10_a1.5,fr_uniform,4.0,1.0,100,-0.19119496643543243,-0.19298337399959564,-10.695698499679565,0.8314480781555176,0.714285671710968,61794199.0,-0.14934056997299194,-10.193134307861328,0.06523580865147038
pilot,b4_h1_w2_n10_a1.5,fr_uniform,4.0,1.0,100,-0.18238992989063263,-0.28358903527259827,-9.884753465652466,0.8273031115531921,0.714285671710968,64259143.0,-0.23610016703605652,-9.61732292175293,0.09230025635068087
pilot,b4_h1_w2_n10_a1.5,fr_uniform,4.0,1.0,100,-0.17358490824699402,-0.36716698110103607,-9.099367141723633,0.8205607384443283,0.714285671710968,65932014.0,-0.32285961508750916,-9.041510581970215,0.13059288174072706
pilot,b4_h1_w2_n10_a1.5,fr_uniform,4.0,1.0,100,-0.1647798717021942,-0.4439482167363167,-8.340932607650757,0.8114606589078903,0.714285671710968,67031909.0,-0.39507102966308594,-8.370872497558594,0.17432656828179
pilot,b4_h1_w2_n10_a1.5,fr_uniform,4.0,1.0,100,-0.1559748500585556,-0.5141798406839371,-7.611693501472473,0.8003206998109818,0.714285671710968,67752606.0,-0.4640888571739197,-7.679421424865723,0.2297522787141729
pilot,b4_h1_w2_n10_a1.5,fr_uniform,4.0,1.0,100,-0.1471698135137558,-0.5781275033950806,-6.913555979728699,0.7875205427408218,0.714285671710968,68241978.0,-0.533106803894043,-6.987968444824219,0.3028002860666274
pilot,b4_h1_w2_n10_a1.5,fr_uniform,4.0,1.0,100,-0.138364776968956,-0.6360695213079453,-6.247552394866943,0.7734825015068054,0.714285671710968,68598210.0,-0.5903167128562927,-6.338150978088379,0.3806624795854736
pilot,b4_h1_w2_n10_a1.5,fr_uniform,4.0,1.0,100,-0.12955975532531738,-0.6882889717817307,-5.613734722137451,0.7586511671543121,0.714285671710968,68878126.0,-0.6408846378326416,-5.711752891540527,0.465999612255293
pilot,b4_h1_w2_n10_a1.5,fr_uniform,4.0,1.0,100,-0.12075471878051758,-0.735066145658493,-5.011361241340637,0.7434719502925873,0.714285671710968,69109604.0,-0.6914526224136353,-5.085354804992676,0.5704678082076868
pilot,b4_h1_w2_n10_a1.5,fr_uniform,4.0,1.0,100,-0.11194968223571777,-0.7766723185777664,-4.439180135726929,0.7283715307712555,0.714285671710968,69302178.0,-0.7345433831214905,-4.501156806945801,0.6777779881500865
pilot,b4_h1_w2_n10_a1.5,fr_uniform,4.0,1.0,100,-0.10314465314149857,-0.8133659660816193,-3.8955188393592834,0.713739424943924,0.714285671710968,69458550.0,-0.7688565254211426,-3.9665002822875977,0.7774912207961443
pilot,b4_h1_w2_n10_a1.5,fr_uniform,4.0,1.0,100,-0.09433962404727936,-0.8453909456729889,-3.37872850894928,0.6999132335186005,0.714285671710968,69577246.0,-0.8031696677207947,-3.4318437576293945,0.8918740487057844
pilot,b4_h1_w2_n10_a1.5,fr_uniform,4.0,1.0,100,-0.08553458750247955,-0.8729769885540009,-2.887242376804352,0.6871673315763474,0.714285671710968,69657170.0,-0.833609402179718,-2.9199206829071045,1.0073555002281152
pilot,b4_h1_w2_n10_a1.5,fr_uniform,4.0,1.0,100,-0.07672955840826035,-0.896340861916542,-2.419694185256958,0.6757057011127472,0.714285671710968,69698512.0,-0.8540889024734497,-2.466456651687622,1.0933502231768266
pilot,b4_h1_w2_n10_a1.5,fr_uniform,4.0,1.0,100,-0.06792452931404114,-0.9156885743141174,-1.9750012457370758,0.6656593382358551,0.714285671710968,69704176.0,-0.8745684027671814,-2.0129923820495605,1.1866860410749884
pilot,b4_h1_w2_n10_a1.5,fr_uniform,4.0,1.0,100,-0.05911949649453163,-0.931217759847641,-1.5523466169834137,0.6570877432823181,0.714285671710968,69673382.0,-0.8938795924186707,-1.5667724609375,1.2819845941942298
pilot,b4_h1_w2_n10_a1.5,fr_uniform,4.0,1.0,100,-0.050314463675022125,-0.9431194067001343,-1.151028573513031,0.6499842703342438,0.714285671710968,69609420.0,-0.9026762247085571,-1.1857491731643677,1.3278961803841285
pilot,b4_h1_w2_n10_a1.5,fr_uniform,4.0,1.0,100,-0.04150943458080292,-0.951578751206398,-0.7704546451568604,0.644285187125206,0.714285671710968,69513530.0,-0.9114729166030884,-0.8047255277633667,1.375452321556608
pilot,b4_h1_w2_n10_a1.5,fr_uniform,4.0,1.0,100,-0.03270440176129341,-0.9567760229110718,-0.4100678190588951,0.6398806273937225,0.714285671710968,69389692.0,-0.9202695488929749,-0.42370176315307617,1.424711258128255
pilot,b4_h1_w2_n10_a1.5,fr_uniform,4.0,1.0,100,-0.023899370804429054,-0.9588867425918579,-0.06936304643750191,0.6366277784109116,0.714285671710968,69241988.0,-0.9200822710990906,-0.1020566076040268,1.4236443906539427
pilot,b4_h1_w2_n10_a1.5,fr_uniform,4.0,1.0,100,-0.015094339847564697,-0.9580821394920349,0.2521258816123009,0.6343642175197601,0.714285671710968,69077044.0,-0.9191138744354248,0.21442639827728271,1.4181404476235255
pilot,b4_h1_w2_n10_a1.5,fr_uniform,4.0,1.0,100,-0.006289307959377766,-0.9545295387506485,0.5548221170902252,0.6329211294651031,0.714285671710968,68899910.0,-0.9181454181671143,0.5309088230133057,1.4126574465503885
pilot,b4_h1_w2_n10_a1.5,fr_uniform,4.0,1.0,100,0.002515723230317235,-0.948392778635025,0.8390985131263733,0.6321352571249008,0.714285671710968,68715582.0,-0.911205530166626,0.8055294752120972,1.3739819988063513
pilot,b4_h1_w2_n10_a1.5,fr_uniform,4.0,1.0,100,0.011320754885673523,-0.9398325681686401,1.1052955389022827,0.6318586617708206,0.714285671710968,68527654.0,-0.902167558670044,1.0654425621032715,1.3251971044133102
pilot,b4_h1_w2_n10_a1.5,fr_uniform,4.0,1.0,100,0.02012578584253788,-0.9290066808462143,1.353729397058487,0.6319658011198044,0.714285671710968,68337626.0,-0.8931295871734619,1.3253557682037354,1.2781443767611778
pilot,b4_h1_w2_n10_a1.5,fr_uniform,4.0,1.0,100,0.028930816799402237,-0.9160702973604202,1.5846762955188751,0.6323577761650085,0.714285671710968,68146962.0,-0.8804468512535095,1.5545032024383545,1.2149201770783953
pilot,b4_h1_w2_n10_a1.5,fr_uniform,4.0,1.0,100,0.03773584961891174,-0.9011761099100113,1.7984290719032288,0.6329632997512817,0.714285671710968,67956186.0,-0.8649004697799683,1.7594780921936035,1.1416708540978453
pilot,b4_h1_w2_n10_a1.5,fr_uniform,4.0,1.0,100,0.04654087871313095,-0.8844744861125946,1.9952240288257599,0.6337369382381439,0.714285671710968,67766950.0,-0.8493541479110718,1.9644521474838257,1.0728380962349868
pilot,b4_h1_w2_n10_a1.5,fr_uniform,4.0,1.0,100,0.05534591153264046,-0.8661137968301773,2.1752736568450928,0.6346549242734909,0.714285671710968,67581496.0,-0.8319168090820312,2.148707628250122,1.000558363897653
pilot,b4_h1_w2_n10_a1.5,fr_uniform,4.0,1.0,100,0.06415094435214996,-0.8462407439947128,2.3387473225593567,0.6357089281082153,0.714285671710968,67403695.0,-0.811394453048706,2.2991585731506348,0.921703937436846
pilot,b4_h1_w2_n10_a1.5,fr_uniform,4.0,1.0,100,0.07295597344636917,-0.8250007927417755,2.48576021194458,0.6368996053934097,0.714285671710968,67238166.0,-0.7908720970153809,2.4496090412139893,0.8490640615678112
pilot,b4_h1_w2_n10_a1.5,fr_uniform,4.0,1.0,100,0.08176100999116898,-0.8025383651256561,2.61642187833786,0.6382291615009308,0.714285671710968,67088671.0,-0.7696557641029358,2.589444637298584,0.7799808024493202
pilot,b4_h1_w2_n10_a1.5,fr_uniform,4.0,1.0,100,0.09056603908538818,-0.7789971083402634,2.7308099269866943,0.6396956443786621,0.714285671710968,66957974.0,-0.7456638813018799,2.6868224143981934,0.7086074995082777
pilot,b4_h1_w2_n10_a1.5,fr_uniform,4.0,1.0,100,0.09937106817960739,-0.7545199543237686,2.828997313976288,0.6412877887487411,0.714285671710968,66846349.0,-0.7216719388961792,2.7842001914978027,0.6437651632793655
pilot,b4_h1_w2_n10_a1.5,fr_uniform,4.0,1.0,100,0.1081760972738266,-0.7292499095201492,2.9109105467796326,0.6429827213287354,0.714285671710968,66753026.0,-0.6976401209831238,2.8805313110351562,0.5847630571412398
pilot,b4_h1_w2_n10_a1.5,fr_uniform,4.0,1.0,100,0.1169811338186264,-0.7033307254314423,2.9764461517333984,0.6447449922561646,0.714285671710968,66674178.0,-0.6716541051864624,2.925584554672241,0.5270327398005366
pilot,b4_h1_w2_n10_a1.5,fr_uniform,4.0,1.0,100,0.1257861703634262,-0.6769073903560638,3.025431990623474,0.6465283781290054,0.714285671710968,66606290.0,-0.645668089389801,2.970637798309326,0.47500180702176426
pilot,b4_h1_w2_n10_a1.5,fr_uniform,4.0,1.0,100,0.13459119200706482,-0.6501270085573196,3.0575377345085144,0.6482792347669601,0.714285671710968,66546099.0,-0.6196821331977844,3.015691041946411,0.4281076931822885
pilot,b4_h1_w2_n10_a1.5,fr_uniform,4.0,1.0,100,0.14339622855186462,-0.6231396794319153,3.0724390745162964,0.64994116127491,0.714285671710968,66492799.0,-0.5932547450065613,3.0165820121765137,0.38516246440742746
pilot,b4_h1_w2_n10_a1.5,fr_uniform,4.0,1.0,100,0.15220126509666443,-0.5960988253355026,3.0697067379951477,0.6514600813388824,0.714285671710968,66446183.0,-0.5667432546615601,3.009061336517334,0.3464086922142754
pilot,b4_h1_w2_n10_a1.5,fr_uniform,4.0,1.0,100,0.16100628674030304,-0.569161906838417,3.0488186478614807,0.6527896374464035,0.714285671710968,66406031.0,-0.5402319431304932,3.0015411376953125,0.31155441913638765
pilot,b4_h1_w2_n10_a1.5,fr_uniform,4.0,1.0,100,0.16981132328510284,-0.542492002248764,3.0090548396110535,0.6538953185081482,0.714285671710968,66374100.0,-0.5144352316856384,2.952887535095215,0.2810091349339517
pilot,b4_h1_w2_n10_a1.5,fr_uniform,4.0,1.0,100,0.17861634492874146,-0.516258955001831,2.9495899081230164,0.6547574549913406,0.714285671710968,66352924.0,-0.4890069365501404,2.883045196533203,0.2538323467505733
pilot,b4_h1_w2_n10_a1.5,fr_uniform,4.0,1.0,100,0.18742138147354126,-0.49064014852046967,2.869542956352234,0.6553727388381958,0.714285671710968,66350307.0,-0.46357858180999756,2.813202381134033,0.22928380926312156
pilot,b4_h1_w2_n10_a1.5,fr_uniform,4.0,1.0,100,0.19622641801834106,-0.46581854671239853,2.768504023551941,0.6557538211345673,0.714285671710968,66377534.0,-0.43952903151512146,2.711920976638794,0.20825480974299734
pilot,b4_h1_w2_n10_a1.5,fr_uniform,4.0,1.0,100,0.20503143966197968,-0.44197554886341095,2.6472522020339966,0.6559276282787323,0.714285671710968,66453948.0,-0.41697320342063904,2.5765814781188965,0.19028806668115383
pilot,b4_h1_w2_n10_a1.5,fr_uniform,4.0,1.0,100,0.21383647620677948,-0.419275239109993,2.50896555185318,0.655932292342186,0.714285671710968,66602389.0,-0.394417405128479,2.441241979598999,0.17387138708801703
pilot,b4_h1_w2_n10_a1.5,fr_uniform,4.0,1.0,100,0.22264151275157928,-0.39783813059329987,2.3603200912475586,0.6558135747909546,0.714285671710968,66846417.0,-0.37301793694496155,2.3045101165771484,0.15960755141143443
pilot,b4_h1_w2_n10_a1.5,fr_uniform,4.0,1.0,100,0.2314465343952179,-0.3777095004916191,2.211752712726593,0.6556212604045868,0.714285671710968,67202563.0,-0.3543165922164917,2.1645305156707764,0.14810368748661812
pilot,b4_h1_w2_n10_a1.5,fr_uniform,4.0,1.0,100,0.2402515709400177,-0.35883209854364395,2.0761168003082275,0.6554054617881775,0.714285671710968,67675710.0,-0.33561524748802185,2.024550676345825,0.1374289753408398
pilot,b4_h1_w2_n10_a1.5,fr_uniform,4.0,1.0,100,0.2490566074848175,-0.3410368785262108,1.9659385979175568,0.6552142351865768,0.714285671710968,68250104.0,-0.31723207235336304,1.895437479019165,0.12768605299728672
pilot,b4_h1_w2_n10_a1.5,fr_uniform,4.0,1.0,100,0.2578616440296173,-0.3240615800023079,1.8898859024047852,0.655091404914856,0.714285671710968,68893496.0,-0.30118250846862793,1.8460109233856201,0.1197464133386006
pilot,b4_h1_w2_n10_a1.5,fr_uniform,4.0,1.0,100,0.2666666805744171,-0.3075950965285301,1.8503559529781342,0.6550756096839905,0.714285671710968,69559338.0,-0.2851327657699585,1.796584129333496,0.11230038766700524
pilot,b4_h1_w2_n10_a1.5,fr_uniform,4.0,1.0,100,0.27547168731689453,-0.2913348525762558,1.8430383503437042,0.6552000343799591,0.714285671710968,70198728.0,-0.26908329129219055,1.7471578121185303,0.10531748090897775
pilot,b4_h1_w2_n10_a1.5,fr_uniform,4.0,1.0,100,0.28427672386169434,-0.2750382199883461,1.8586261868476868,0.6554927080869675,0.714285671710968,70770788.0,-0.2533971667289734,1.7646821737289429,0.09891243043537049
pilot,b4_h1_w2_n10_a1.5,fr_uniform,4.0,1.0,100,0.29308176040649414,-0.2585538476705551,1.8856790959835052,0.6559767723083496,0.714285671710968,71252212.0,-0.2377343773841858,1.7864799499511719,0.09290558479947696
pilot,b4_h1_w2_n10_a1.5,fr_uniform,4.0,1.0,100,0.30188679695129395,-0.2418280690908432,1.9134596288204193,0.656670942902565,0.714285671710968,71635610.0,-0.22207149863243103,1.8082776069641113,0.08726349723786143
pilot,b4_h1_w2_n10_a1.5,fr_uniform,4.0,1.0,100,0.31069183349609375,-0.22489042952656746,1.933816522359848,0.6575896739959717,0.714285671710968,71929242.0,-0.20609232783317566,1.8195409774780273,0.08186041674974719
pilot,b4_h1_w2_n10_a1.5,fr_uniform,4.0,1.0,100,0.31949687004089355,-0.20782814174890518,1.9417570531368256,0.6587428450584412,0.714285671710968,72149532.0,-0.19001317024230957,1.8274779319763184,0.07676117140908513
pilot,b4_h1_w2_n10_a1.5,fr_uniform,4.0,1.0,100,0.32830187678337097,-0.19076019525527954,1.9351029992103577,0.6601356863975525,0.714285671710968,72316038.0,-0.1739339977502823,1.8354147672653198,0.07197956373592555
pilot,b4_h1_w2_n10_a1.5,fr_uniform,4.0,1.0,100,0.3371069133281708,-0.17381622269749641,1.9135944545269012,0.6617678552865982,0.714285671710968,72449078.0,-0.15810337662696838,1.8163989782333374,0.06756295009159081
pilot,b4_h1_w2_n10_a1.5,fr_uniform,4.0,1.0,100,0.3459119498729706,-0.15712347626686096,1.8780418038368225,0.6636331081390381,0.714285671710968,72563212.0,-0.14245253801345825,1.7778663635253906,0.06346295835987037
pilot,b4_h1_w2_n10_a1.5,fr_uniform,4.0,1.0,100,0.3547169864177704,-0.1408008560538292,1.8295215964317322,0.6657188534736633,0.714285671710968,72668980.0,-0.12680178880691528,1.7393338680267334,0.059611791946474875
pilot,b4_h1_w2_n10_a1.5,fr_uniform,4.0,1.0,100,0.3635220229625702,-0.1249585710465908,1.7689385116100311,0.6680059432983398,0.714285671710968,72774162.0,-0.11181118339300156,1.6844700574874878,0.05614238113668417
pilot,b4_h1_w2_n10_a1.5,fr_uniform,4.0,1.0,100,0.3723270297050476,-0.10969975776970387,1.6970019340515137,0.6704689264297485,0.714285671710968,72880994.0,-0.0978110134601593,1.6051117181777954,0.053084782463405505
pilot,b4_h1_w2_n10_a1.5,fr_uniform,4.0,1.0,100,0.3811320662498474,-0.09512194991111755,1.614240825176239,0.6730764657258987,0.714285671710968,72989708.0,-0.08381066471338272,1.525752305984497,0.050193669319807746
pilot,b4_h1_w2_n10_a1.5,fr_uniform,4.0,1.0,100,0.3899371027946472,-0.0813177041709423,1.521293193101883,0.6757918745279312,0.714285671710968,73099916.0,-0.07039370387792587,1.4396471977233887,0.04757089222139543
pilot,b4_h1_w2_n10_a1.5,fr_uniform,4.0,1.0,100,0.398742139339447,-0.06837303191423416,1.4189949333667755,0.6785736978054047,0.714285671710968,73211272.0,-0.059044718742370605,1.3296235799789429,0.04545965028982259
pilot,b4_h1_w2_n10_a1.5,fr_uniform,4.0,1.0,100,0.4075471758842468,-0.056365600787103176,1.308405488729477,0.681376501917839,0.714285671710968,73324260.0,-0.047695793211460114,1.2196006774902344,0.0434421176623335
pilot,b4_h1_w2_n10_a1.5,fr_uniform,4.0,1.0,100,0.41635221242904663,-0.04536338709294796,1.19066721200943,0.6841510683298111,0.714285671710968,73439908.0,-0.03648313879966736,1.1086424589157104,0.04153675948612386
pilot,b4_h1_w2_n10_a1.5,fr_uniform,4.0,1.0,100,0.42515721917152405,-0.03542528860270977,1.0667076408863068,0.6868451833724976,0.714285671710968,73559102.0,-0.028541868552565575,0.9752579927444458,0.0402380765394993
pilot,b4_h1_w2_n10_a1.5,fr_uniform,4.0,1.0,100,0.43396225571632385,-0.026603388600051403,0.9371224790811539,0.6894039809703827,0.714285671710968,73682236.0,-0.02060064673423767,0.841874361038208,0.038980005596829986
pilot,b4_h1_w2_n10_a1.5,fr_uniform,4.0,1.0,100,0.44276729226112366,-0.018946215510368347,0.8021483570337296,0.6917710900306702,0.714285671710968,73807982.0,-0.012659379281103611,0.7084898948669434,0.03776126220844146
pilot,b4_h1_w2_n10_a1.5,fr_uniform,4.0,1.0,100,0.45157232880592346,-0.012501124292612076,0.6618072092533112,0.693889856338501,0.714285671710968,73934360.0,-0.008143709972500801,0.559846818447113,0.03708531579591884
pilot,b4_h1_w2_n10_a1.5,fr_uniform,4.0,1.0,100,0.46037736535072327,-0.007315199822187424,0.5161375999450684,0.6957056224346161,0.714285671710968,74060226.0,-0.004185614641755819,0.40871891379356384,0.03650279048432713
pilot,b4_h1_w2_n10_a1.5,fr_uniform,4.0,1.0,100,0.46918240189552307,-0.003434170037508011,0.3654046431183815,0.6971685588359833,0.714285671710968,74184484.0,-0.00022754285600967705,0.2575919032096863,0.035929418694064554
pilot,b4_h1_w2_n10_a1.5,fr_uniform,4.0,1.0,100,0.4779874086380005,-0.0008999276906251907,0.2102319858968258,0.6982371658086777,0.714285671710968,74309142.0,0.0007753761019557714,0.1009177640080452,0.03578557024303317
pilot,b4_h1_w2_n10_a1.5,fr_uniform,4.0,1.0,100,0.4867924451828003,0.00025292113423347473,0.05162963457405567,0.698882132768631,0.714285671710968,74436042.0,0.00038768924423493445,-0.05836673825979233,0.03584110767528566
pilot,b4_h1_w2_n10_a1.5,fr_uniform,4.0,1.0,100,0.4955974817276001,0.0,-0.10907887294888496,0.6990900635719299,0.714285671710968,74569242.0,0.0,-0.21765220165252686,0.03589673164155398
pilot,b4_h1_w2_n10_a1.5,fr_uniform,4.0,1.0,100,0.5044025182723999,-0.0016706734895706177,-0.2704034745693207,0.6988667696714401,0.714285671710968,74709034.0,-0.0025812697131186724,-0.37433451414108276,0.03626928825473934
pilot,b4_h1_w2_n10_a1.5,fr_uniform,4.0,1.0,100,0.5132075548171997,-0.004757974296808243,-0.43085435032844543,0.6982389837503433,0.714285671710968,74855190.0,-0.007356098387390375,-0.5284156799316406,0.036968664347034066
pilot,b4_h1_w2_n10_a1.5,fr_uniform,4.0,1.0,100,0.5220125913619995,-0.009248198941349983,-0.5890671610832214,0.6972546130418777,0.714285671710968,75006576.0,-0.012130897492170334,-0.6824958920478821,0.03768152196305387
pilot,b4_h1_w2_n10_a1.5,fr_uniform,4.0,1.0,100,0.5308176279067993,-0.015116510912775993,-0.7438773512840271,0.6959811002016068,0.714285671710968,75161174.0,-0.018230291083455086,-0.8325745463371277,0.038612166266409974
pilot,b4_h1_w2_n10_a1.5,fr_uniform,4.0,1.0,100,0.5396226644515991,-0.022328803315758705,-0.8943420946598053,0.6945011019706726,0.714285671710968,75321500.0,-0.027144281193614006,-0.9741482734680176,0.040013759221312256
pilot,b4_h1_w2_n10_a1.5,fr_uniform,4.0,1.0,100,0.5484277009963989,-0.030843730084598064,-1.039761334657669,0.6929070949554443,0.714285671710968,75489100.0,-0.0360582210123539,-1.1157211065292358,0.04146622061781302
pilot,b4_h1_w2_n10_a1.5,fr_uniform,4.0,1.0,100,0.557232677936554,-0.04061488341540098,-1.1796851754188538,0.6912937164306641,0.714285671710968,75667552.0,-0.04550120234489441,-1.2554407119750977,0.043062435894206476
pilot,b4_h1_w2_n10_a1.5,fr_uniform,4.0,1.0,100,0.5660377144813538,-0.051593003794550896,-1.3139149844646454,0.6897500902414322,0.714285671710968,75858592.0,-0.0581938736140728,-1.383777379989624,0.045305196783003564
pilot,b4_h1_w2_n10_a1.5,fr_uniform,4.0,1.0,100,0.5748427510261536,-0.06372811459004879,-1.4424869418144226,0.6883523017168045,0.714285671710968,76061396.0,-0.07088661938905716,-1.5121148824691772,0.047664778469573725
pilot,b4_h1_w2_n10_a1.5,fr_uniform,4.0,1.0,100,0.5836477875709534,-0.0769712682813406,-1.5656200051307678,0.687156543135643,0.714285671710968,76273060.0,-0.08357928693294525,-1.6404515504837036,0.05014723601119705
pilot,b4_h1_w2_n10_a1.5,fr_uniform,4.0,1.0,100,0.5924528241157532,-0.09127632714807987,-1.6836696565151215,0.6861949265003204,0.714285671710968,76487710.0,-0.0995236411690712,-1.754637598991394,0.05344968881125248
pilot,b4_h1_w2_n10_a1.5,fr_uniform,4.0,1.0,100,0.601257860660553,-0.1066003292798996,-1.7970613837242126,0.6854732036590576,0.714285671710968,76698584.0,-0.11560336500406265,-1.8682334423065186,0.05700048124768765
pilot,b4_h1_w2_n10_a1.5,fr_uniform,4.0,1.0,100,0.6100628972053528,-0.12290414981544018,-1.9062329530715942,0.6849715709686279,0.714285671710968,76902700.0,-0.13168318569660187,-1.9818298816680908,0.060787184986681814
pilot,b4_h1_w2_n10_a1.5,fr_uniform,4.0,1.0,100,0.6188679337501526,-0.14015287533402443,-2.0116901993751526,0.6846479624509811,0.714285671710968,77096366.0,-0.15008775889873505,-2.084275722503662,0.06543107420177563
pilot,b4_h1_w2_n10_a1.5,fr_uniform,4.0,1.0,100,0.6276729702949524,-0.15831558778882027,-2.1138365268707275,0.6844437122344971,0.714285671710968,77280548.0,-0.16914816200733185,-2.183577537536621,0.07061473958880266
pilot,b4_h1_w2_n10_a1.5,fr_uniform,4.0,1.0,100,0.6364780068397522,-0.17736461013555527,-2.2130114436149597,0.6842907518148422,0.714285671710968,77456080.0,-0.18820855021476746,-2.28287935256958,0.07620906749295019
pilot,b4_h1_w2_n10_a1.5,fr_uniform,4.0,1.0,100,0.645283043384552,-0.1972740963101387,-2.309282600879669,0.6841192543506622,0.714285671710968,77626650.0,-0.2088322788476944,-2.374691963195801,0.08276252531410296
pilot,b4_h1_w2_n10_a1.5,fr_uniform,4.0,1.0,100,0.6540880799293518,-0.21801766380667686,-2.4024675488471985,0.6838655322790146,0.714285671710968,77793602.0,-0.23049838840961456,-2.461512804031372,0.09025507283785238
pilot,b4_h1_w2_n10_a1.5,fr_uniform,4.0,1.0,100,0.6628930568695068,-0.23956603184342384,-2.492087244987488,0.6834783554077148,0.714285671710968,77960230.0,-0.25216424465179443,-2.548332452774048,0.09842582603546804
pilot,b4_h1_w2_n10_a1.5,fr_uniform,4.0,1.0,100,0.6716980934143066,-0.26188530027866364,-2.5775734186172485,0.6829238831996918,0.714285671710968,78125254.0,-0.27478182315826416,-2.630185604095459,0.10774567008577189
pilot,b4_h1_w2_n10_a1.5,fr_uniform,4.0,1.0,100,0.6805031299591064,-0.2849365249276161,-2.6583433151245117,0.6821886003017426,0.714285671710968,78288706.0,-0.29871317744255066,-2.7051777839660645,0.11856946134065055
pilot,b4_h1_w2_n10_a1.5,fr_uniform,4.0,1.0,100,0.6893081665039062,-0.3086760938167572,-2.7339274883270264,0.6812798231840134,0.714285671710968,78450288.0,-0.3226447105407715,-2.7801706790924072,0.13048066996104957
pilot,b4_h1_w2_n10_a1.5,fr_uniform,4.0,1.0,100,0.698113203048706,-0.33305723965168,-2.8041093349456787,0.6802243590354919,0.714285671710968,78607752.0,-0.34702974557876587,-2.8515725135803223,0.14384915747906668
pilot,b4_h1_w2_n10_a1.5,fr_uniform,4.0,1.0,100,0.7069182395935059,-0.35803214460611343,-2.8687596321105957,0.6790653169155121,0.714285671710968,78759854.0,-0.3728514611721039,-2.9116053581237793,0.15950130362882345
pilot,b4_h1_w2_n10_a1.5,fr_uniform,4.0,1.0,100,0.7157232761383057,-0.3835517689585686,-2.9278358817100525,0.6778579503297806,0.714285671710968,78904078.0,-0.39867350459098816,-2.9716391563415527,0.1768567829354088
pilot,b4_h1_w2_n10_a1.5,fr_uniform,4.0,1.0,100,0.7245283126831055,-0.409566305577755,-2.9811776280403137,0.6766645908355713,0.714285671710968,79042190.0,-0.42458057403564453,-3.030564069747925,0.19616743345127877
pilot,b4_h1_w2_n10_a1.5,fr_uniform,4.0,1.0,100,0.7333333492279053,-0.43602415919303894,-3.0285346508026123,0.6755497306585312,0.714285671710968,79175720.0,-0.45182475447654724,-3.072136402130127,0.21875344389433057
pilot,b4_h1_w2_n10_a1.5,fr_uniform,4.0,1.0,100,0.7421383857727051,-0.4628715142607689,-3.069645643234253,0.6745752394199371,0.714285671710968,79306334.0,-0.4790692925453186,-3.1137094497680664,0.24394027504024346
pilot,b4_h1_w2_n10_a1.5,fr_uniform,4.0,1.0,100,0.7509434223175049,-0.4900513142347336,-3.104048490524292,0.6737963110208511,0.714285671710968,79439718.0,-0.5063135027885437,-3.1552815437316895,0.27202671050990657
pilot,b4_h1_w2_n10_a1.5,fr_uniform,4.0,1.0,100,0.7597483992576599,-0.5175031274557114,-3.1314306259155273,0.6732584536075592,0.714285671710968,79577358.0,-0.5343466997146606,-3.1800386905670166,0.3043057795274885
pilot,b4_h1_w2_n10_a1.5,fr_uniform,4.0,1.0,100,0.7685534358024597,-0.5451636612415314,-3.151458978652954,0.6729954481124878,0.714285671710968,79720622.0,-0.5624874234199524,-3.202503204345703,0.34056157437317053
pilot,b4_h1_w2_n10_a1.5,fr_uniform,4.0,1.0,100,0.7773584723472595,-0.5729672312736511,-3.163917362689972,0.6730281114578247,0.714285671710968,79869920.0,-0.5906281471252441,-3.2249679565429688,0.38113698043995153
pilot,b4_h1_w2_n10_a1.5,fr_uniform,4.0,1.0,100,0.7861635088920593,-0.6008465588092804,-3.168669283390045,0.6733644902706146,0.714285671710968,80020398.0,-0.6189639568328857,-3.2299139499664307,0.4268796306503016
pilot,b4_h1_w2_n10_a1.5,fr_uniform,4.0,1.0,100,0.7949685454368591,-0.6287330538034439,-3.165544629096985,0.6740004867315292,0.714285671710968,80170060.0,-0.6473836898803711,-3.2273526191711426,0.4782726705082598
pilot,b4_h1_w2_n10_a1.5,fr_uniform,4.0,1.0,100,0.8037735819816589,-0.6565565317869186,-3.1543572545051575,0.674921527504921,0.714285671710968,80316316.0,-0.675803005695343,-3.2247912883758545,0.535852144661885
pilot,b4_h1_w2_n10_a1.5,fr_uniform,4.0,1.0,100,0.8125786185264587,-0.6842442750930786,-3.1347551345825195,0.6761049330234528,0.714285671710968,80460368.0,-0.7039587497711182,-3.2060675621032715,0.5997310170669315
pilot,b4_h1_w2_n10_a1.5,fr_uniform,4.0,1.0,100,0.8213836550712585,-0.7117205858230591,-3.1062910556793213,0.6775224059820175,0.714285671710968,80606788.0,-0.7318712472915649,-3.1724259853363037,0.6705721075489149
pilot,b4_h1_w2_n10_a1.5,fr_uniform,4.0,1.0,100,0.8301886916160583,-0.7389051020145416,-3.0684733986854553,0.6791432499885559,0.714285671710968,80762112.0,-0.7597841024398804,-3.1387839317321777,0.7497821221185953
pilot,b4_h1_w2_n10_a1.5,fr_uniform,4.0,1.0,100,0.8389937281608582,-0.7657131403684616,-3.0207765698432922,0.6809374690055847,0.714285671710968,80932384.0,-0.7872194051742554,-3.093935251235962,0.8367487710913906
pilot,b4_h1_w2_n10_a1.5,fr_uniform,4.0,1.0,100,0.847798764705658,-0.7920556962490082,-2.962741494178772,0.6828788667917252,0.714285671710968,81121212.0,-0.8137285113334656,-3.027332305908203,0.9303494758639919
pilot,b4_h1_w2_n10_a1.5,fr_uniform,4.0,1.0,100,0.8566038012504578,-0.8178398907184601,-2.8939489126205444,0.6849475353956223,0.714285671710968,81328232.0,-0.8402379155158997,-2.960728645324707,1.034421810895811
pilot,b4_h1_w2_n10_a1.5,fr_uniform,4.0,1.0,100,0.8654087781906128,-0.8429694622755051,-2.81404972076416,0.6871321797370911,0.714285671710968,81549354.0,-0.8663736581802368,-2.8887743949890137,1.1484183001278627
pilot,b4_h1_w2_n10_a1.5,fr_uniform,4.0,1.0,100,0.8742138147354126,-0.8673449754714966,-2.722672700881958,0.6894311904907227,0.714285671710968,81778668.0,-0.8905496597290039,-2.788729190826416,1.2650221231193106
pilot,b4_h1_w2_n10_a1.5,fr_uniform,4.0,1.0,100,0.8830188512802124,-0.8908639848232269,-2.6194955706596375,0.6918532699346542,0.714285671710968,82010614.0,-0.914725661277771,-2.68868350982666,1.3934652310949032
pilot,b4_h1_w2_n10_a1.5,fr_uniform,4.0,1.0,100,0.8918238878250122,-0.9134208559989929,-2.5041338205337524,0.6944166421890259,0.714285671710968,82242264.0,-0.9389020204544067,-2.588636875152588,1.5349519130727698
pilot,b4_h1_w2_n10_a1.5,fr_uniform,4.0,1.0,100,0.900628924369812,-0.9349071234464645,-2.3763174414634705,0.6971476376056671,0.714285671710968,82473736.0,-0.9597910642623901,-2.449901580810547,1.6687172688336342
pilot,b4_h1_w2_n10_a1.5,fr_uniform,4.0,1.0,100,0.9094339609146118,-0.9552124589681625,-2.235894501209259,0.700078621506691,0.714285671710968,82706546.0,-0.980613112449646,-2.310378074645996,1.8136536857663272
pilot,b4_h1_w2_n10_a1.5,fr_uniform,4.0,1.0,100,0.9182389974594116,-0.9742257744073868,-2.0828746557235718,0.7032454013824463,0.714285671710968,82941060.0,-1.001435399055481,-2.1708524227142334,1.9711804331917646
pilot,b4_h1_w2_n10_a1.5,fr_uniform,4.0,1.0,100,0.9270440340042114,-0.9918366223573685,-1.9173029661178589,0.7066847234964371,0.714285671710968,83178236.0,-1.0186344385147095,-1.9957921504974365,2.1115636213178823
pilot,b4_h1_w2_n10_a1.5,fr_uniform,4.0,1.0,100,0.9358490705490112,-1.0079347491264343,-1.7392694056034088,0.7104320526123047,0.714285671710968,83415524.0,-1.0349279642105103,-1.8118493556976318,2.2537665269199167
pilot,b4_h1_w2_n10_a1.5,fr_uniform,4.0,1.0,100,0.944654107093811,-1.0224100649356842,-1.5487013459205627,0.714520275592804,0.714285671710968,83651784.0,-1.051221489906311,-1.627906322479248,2.4055460638663764
pilot,b4_h1_w2_n10_a1.5,fr_uniform,4.0,1.0,100,0.9534591436386108,-1.0351514220237732,-1.3454009294509888,0.7189793288707733,0.714285671710968,83883402.0,-1.063952922821045,-1.4176205396652222,2.5312231971251578
pilot,b4_h1_w2_n10_a1.5,fr_uniform,4.0,1.0,100,0.9622641801834106,-1.0460450053215027,-1.128996580839157,0.7238371670246124,0.714285671710968,84111322.0,-1.0745012760162354,-1.1911946535110474,2.6403093169529175
pilot,b4_h1_w2_n10_a1.5,fr_uniform,4.0,1.0,100,0.9710691571235657,-1.0549736618995667,-0.8990835845470428,0.7291216850280762,0.714285671710968,84334200.0,-1.0850495100021362,-0.9647715091705322,2.7540953215677284
pilot,b4_h1_w2_n10_a1.5,fr_uniform,4.0,1.0,100,0.9798741936683655,-1.0618169009685516,-0.6553121954202652,0.7348639070987701,0.714285671710968,84553340.0,-1.0925495624542236,-0.7198728322982788,2.8379706064795016
pilot,b4_h1_w2_n10_a1.5,fr_uniform,4.0,1.0,100,0.9886792302131653,-1.0664514303207397,-0.39739636331796646,0.7411015778779984,0.714285671710968,84768766.0,-1.09617018699646,-0.45146098732948303,2.8793705744622042
pilot,b4_h1_w2_n10_a1.5,fr_uniform,4.0,1.0,100,0.9974842667579651,-1.068751871585846,-0.12511590495705605,0.7478829324245453,0.714285671710968,84979948.0,-1.0997909307479858,-0.18305236101150513,2.9213758731328054
pilot,b4_h1_w2_n10_a1.5,fr_uniform,4.0,1.0,100,1.0062893629074097,-1.0685904324054718,0.16179639473557472,0.7552697360515594,0.714285671710968,85188956.0,-1.1012924909591675,0.0971451848745346,2.9389751600951897
pilot,b4_h1_w2_n10_a1.5,fr_uniform,4.0,1.0,100,1.01509428024292,-1.065836876630783,0.4636475071310997,0.7633390873670578,0.714285671710968,85397428.0,-1.0967631340026855,0.410875529050827,2.886207936291195
pilot,b4_h1_w2_n10_a1.5,fr_uniform,4.0,1.0,100,1.0238993167877197,-1.0603585243225098,0.7807233482599258,0.7721834033727646,0.714285671710968,85612508.0,-1.092233657836914,0.7246134281158447,2.8343867591906813
pilot,b4_h1_w2_n10_a1.5,fr_uniform,4.0,1.0,100,1.0327043533325195,-1.0520201921463013,1.1132630109786987,0.7819074988365173,0.714285671710968,85835070.0,-1.0869406461715698,1.0426931381225586,2.7750077956250077
pilot,b4_h1_w2_n10_a1.5,fr_uniform,4.0,1.0,100,1.0415093898773193,-1.0406852960586548,1.4613687694072723,0.7926231324672699,0.714285671710968,86067106.0,-1.072866439819336,1.4107375144958496,2.6230997549409842
pilot,b4_h1_w2_n10_a1.5,fr_uniform,4.0,1.0,100,1.0503144264221191,-1.0262163877487183,1.825140357017517,0.804440513253212,0.714285671710968,86305542.0,-1.058791995048523,1.7787861824035645,2.479505020966425
pilot,b4_h1_w2_n10_a1.5,fr_uniform,4.0,1.0,100,1.059119462966919,-1.0084748268127441,2.204721689224243,0.8174566477537155,0.714285671710968,86544602.0,-1.044717788696289,2.1468307971954346,2.3437732402503366
pilot,b4_h1_w2_n10_a1.5,fr_uniform,4.0,1.0,100,1.0679244995117188,-0.9873205572366714,2.6003224849700928,0.8317420333623886,0.714285671710968,86780704.0,-1.0206353664398193,2.5672569274902344,2.1285317813297073
pilot,b4_h1_w2_n10_a1.5,fr_uniform,4.0,1.0,100,1.0767295360565186,-0.9626109451055527,3.012289345264435,0.8473255336284637,0.714285671710968,87010294.0,-0.9954410791397095,2.993502616882324,1.9244790125943578
pilot,b4_h1_w2_n10_a1.5,fr_uniform,4.0,1.0,100,1.0855345726013184,-0.9341999143362045,3.441067695617676,0.8641799092292786,0.714285671710968,87234260.0,-0.9702464938163757,3.419753074645996,1.7399857908377838
pilot,b4_h1_w2_n10_a1.5,fr_uniform,4.0,1.0,100,1.0943396091461182,-0.9019376635551453,3.8871660828590393,0.8822076767683029,0.714285671710968,87454060.0,-0.9359403848648071,3.8830313682556152,1.5168753241606352
pilot,b4_h1_w2_n10_a1.5,fr_uniform,4.0,1.0,100,1.103144645690918,-0.8656690269708633,4.350991368293762,0.9012322127819061,0.714285671710968,87673322.0,-0.8980911374092102,4.360709190368652,1.3037640728139521
pilot,b4_h1_w2_n10_a1.5,fr_uniform,4.0,1.0,100,1.1119496822357178,-0.8252363204956055,4.833005785942078,0.9209904223680496,0.714285671710968,87890600.0,-0.8602419495582581,4.838387489318848,1.120593852210722
pilot,b4_h1_w2_n10_a1.5,fr_uniform,4.0,1.0,100,1.1207547187805176,-0.7804784029722214,5.333431243896484,0.9411335736513138,0.714285671710968,88105484.0,-0.8148000240325928,5.3424553871154785,0.934345558565361
pilot,b4_h1_w2_n10_a1.5,fr_uniform,4.0,1.0,100,1.1295597553253174,-0.7312333136796951,5.852245926856995,0.9612343460321426,0.714285671710968,88309290.0,-0.7628918886184692,5.868989944458008,0.7591609461642483
pilot,b4_h1_w2_n10_a1.5,fr_uniform,4.0,1.0,100,1.1383647918701172,-0.6773413419723511,6.388920426368713,0.9808001667261124,0.714285671710968,88487984.0,-0.7109836339950562,6.395524978637695,0.6168221832751483
pilot,b4_h1_w2_n10_a1.5,fr_uniform,4.0,1.0,100,1.147169828414917,-0.6186486184597015,6.942705988883972,0.999293863773346,0.714285671710968,88607306.0,-0.6536750793457031,6.9286274909973145,0.4904613938238856
pilot,b4_h1_w2_n10_a1.5,fr_uniform,4.0,1.0,100,1.1559748649597168,-0.5550116896629333,7.511959910392761,1.0161598324775696,0.714285671710968,88604268.0,-0.5867686867713928,7.473387718200684,0.3752982329675892
pilot,b4_h1_w2_n10_a1.5,fr_uniform,4.0,1.0,100,1.1647799015045166,-0.4863060936331749,8.09401559829712,1.0308536440134048,0.714285671710968,88373198.0,-0.5198623538017273,8.018147468566895,0.2871761142124406
pilot,b4_h1_w2_n10_a1.5,fr_uniform,4.0,1.0,100,1.1735849380493164,-0.4124337434768677,8.685548543930054,1.042873576283455,0.714285671710968,87748154.0,-0.4504997134208679,8.542221069335938,0.2175970818787147
pilot,b4_h1_w2_n10_a1.5,fr_uniform,4.0,1.0,100,1.1823899745941162,-0.3333281874656677,9.282704830169678,1.0517915338277817,0.714285671710968,86502214.0,-0.3699479401111603,8.972071647644043,0.1576595578490505
pilot,b4_h1_w2_n10_a1.5,fr_uniform,4.0,1.0,100,1.191195011138916,-0.24895889684557915,9.881165027618408,1.0572797507047653,0.714285671710968,84371396.0,-0.28939712047576904,9.401917457580566,0.11423237291093029
pilot,b4_h1_w2_n10_a1.5,fr_uniform,4.0,1.0,100,1.2000000476837158,-0.15960465371608734,10.41500210762024,1.0591325461864471,0.714285671710968,81096152.0,-0.06258098781108856,0.0,0.04610724988566079
pilot,b4_h2_w2_n10_a1.5,abf,4.0,2.0,100,-0.20000000298023224,-0.15217896923422813,-21.358776092529297,0.7913503646850586,nan,43767181.0,-0.11444064974784851,-20.759286880493164,0.001664661821760549
pilot,b4_h2_w2_n10_a1.5,abf,4.0,2.0,100,-0.19119496643543243,-0.335106685757637,-20.19192361831665,0.7901079654693604,nan,47864550.0,-0.2831096053123474,-19.750905990600586,0.003268391000403121
pilot,b4_h2_w2_n10_a1.5,abf,4.0,2.0,100,-0.18238992989063263,-0.5071366876363754,-18.883512020111084,0.7864394187927246,nan,51195844.0,-0.4517785310745239,-18.74252700805664,0.006417146304694841
pilot,b4_h2_w2_n10_a1.5,abf,4.0,2.0,100,-0.17358490824699402,-0.6676602065563202,-17.57823657989502,0.780516043305397,nan,53853598.0,-0.6204472184181213,-17.734148025512695,0.01259938832860342
pilot,b4_h2_w2_n10_a1.5,abf,4.0,2.0,100,-0.1647798717021942,-0.8167495131492615,-16.286316394805908,0.772608071565628,nan,55979745.0,-0.7632948160171509,-16.535125732421875,0.022310081417856762
pilot,b4_h2_w2_n10_a1.5,abf,4.0,2.0,100,-0.1559748500585556,-0.9545702487230301,-15.018713474273682,0.763063833117485,nan,57720426.0,-0.9004741311073303,-15.294258117675781,0.038619445466607775
pilot,b4_h2_w2_n10_a1.5,abf,4.0,2.0,100,-0.1471698135137558,-1.0813792049884796,-13.785014390945435,0.7522830814123154,nan,59195760.0,-1.0376536846160889,-14.053386688232422,0.06685152611427987
pilot,b4_h2_w2_n10_a1.5,abf,4.0,2.0,100,-0.138364776968956,-1.1975038945674896,-12.591878890991211,0.7406877875328064,nan,60490131.0,-1.1533972024917603,-12.86970043182373,0.10621317969791941
pilot,b4_h2_w2_n10_a1.5,abf,4.0,2.0,100,-0.12955975532531738,-1.3033186495304108,-11.443210124969482,0.7286934405565262,nan,61655105.0,-1.2570830583572388,-11.718180656433105,0.1608048675607026
pilot,b4_h2_w2_n10_a1.5,abf,4.0,2.0,100,-0.12075471878051758,-1.3992222547531128,-10.340595006942749,0.7166823297739029,nan,62717181.0,-1.3607689142227173,-10.566658973693848,0.2434557133564625
pilot,b4_h2_w2_n10_a1.5,abf,4.0,2.0,100,-0.11194968223571777,-1.4856193959712982,-9.283888816833496,0.7049824893474579,nan,63686702.0,-1.4505808353424072,-9.483526229858398,0.3486898116389511
pilot,b4_h2_w2_n10_a1.5,abf,4.0,2.0,100,-0.10314465314149857,-1.562909722328186,-8.272059679031372,0.6938529312610626,nan,64565386.0,-1.524105429649353,-8.480676651000977,0.46791240629101666
pilot,b4_h2_w2_n10_a1.5,abf,4.0,2.0,100,-0.09433962404727936,-1.6314829587936401,-7.303862929344177,0.6834762841463089,nan,65348968.0,-1.5976301431655884,-7.477827072143555,0.6278994024278155
pilot,b4_h2_w2_n10_a1.5,abf,4.0,2.0,100,-0.08553458750247955,-1.6917166709899902,-6.377794981002808,0.67395880818367,nan,66030759.0,-1.6638137102127075,-6.512210845947266,0.818206078522983
pilot,b4_h2_w2_n10_a1.5,abf,4.0,2.0,100,-0.07672955840826035,-1.7439750730991364,-5.492328405380249,0.6653367877006531,nan,66602372.0,-1.7111204862594604,-5.642340183258057,0.9886509517032744
pilot,b4_h2_w2_n10_a1.5,abf,4.0,2.0,100,-0.06792452931404114,-1.7886092066764832,-4.645981431007385,0.657588541507721,nan,67056220.0,-1.7584270238876343,-4.772469520568848,1.194600966443713
pilot,b4_h2_w2_n10_a1.5,abf,4.0,2.0,100,-0.05911949649453163,-1.8259567320346832,-3.837238132953644,0.6506493240594864,nan,67386386.0,-1.8034695386886597,-3.914851188659668,1.4304402578771886
pilot,b4_h2_w2_n10_a1.5,abf,4.0,2.0,100,-0.050314463675022125,-1.8563433587551117,-3.064874827861786,0.6444281041622162,nan,67592109.0,-1.8281351327896118,-3.167504072189331,1.5787677630130674
pilot,b4_h2_w2_n10_a1.5,abf,4.0,2.0,100,-0.04150943458080292,-1.8800853192806244,-2.3279327750205994,0.6388238817453384,nan,67677681.0,-1.852800726890564,-2.4201560020446777,1.74247588167592
pilot,b4_h2_w2_n10_a1.5,abf,4.0,2.0,100,-0.03270440176129341,-1.8974917232990265,-1.6258137822151184,0.6337402164936066,nan,67652317.0,-1.8774663209915161,-1.6728079319000244,1.9231594851086051
pilot,b4_h2_w2_n10_a1.5,abf,4.0,2.0,100,-0.023899370804429054,-1.908867359161377,-0.9580739587545395,0.6290966868400574,nan,67527796.0,-1.8843638896942139,-1.0314445495605469,1.9769587391829757
pilot,b4_h2_w2_n10_a1.5,abf,4.0,2.0,100,-0.015094339847564697,-1.914512813091278,-0.32425864040851593,0.6248366087675095,nan,67318031.0,-1.8897165060043335,-0.39929476380348206,2.019742723692385
pilot,b4_h2_w2_n10_a1.5,abf,4.0,2.0,100,-0.006289307959377766,-1.914724588394165,0.27616116404533386,0.620931088924408,nan,67035661.0,-1.8950691223144531,0.23285403847694397,2.0634526098375856
pilot,b4_h2_w2_n10_a1.5,abf,4.0,2.0,100,0.002515723230317235,-1.909793883562088,0.843803808093071,0.6173790693283081,nan,66694015.0,-1.8883930444717407,0.7886189222335815,2.0090787680649336
pilot,b4_h2_w2_n10_a1.5,abf,4.0,2.0,100,0.011320754885673523,-1.900006741285324,1.379278540611267,0.6142045855522156,nan,66304390.0,-1.8774906396865845,1.3175477981567383,1.9233465691240805
pilot,b4_h2_w2_n10_a1.5,abf,4.0,2.0,100,0.02012578584253788,-1.8856441676616669,1.8830666542053223,0.6114514023065567,nan,65879092.0,-1.8665882349014282,1.8464765548706055,1.8412727682769534
pilot,b4_h2_w2_n10_a1.5,abf,4.0,2.0,100,0.028930816799402237,-1.8669835925102234,2.355553984642029,0.60917629301548,nan,65429653.0,-1.8481762409210205,2.319394588470459,1.7105399458140995
pilot,b4_h2_w2_n10_a1.5,abf,4.0,2.0,100,0.03773584961891174,-1.8442989885807037,2.797092020511627,0.6074413657188416,nan,64966895.0,-1.8238639831542969,2.748304605484009,1.5520242511698241
pilot,b4_h2_w2_n10_a1.5,abf,4.0,2.0,100,0.04654087871313095,-1.8178613185882568,3.2080239057540894,0.6063068807125092,nan,64501663.0,-1.7995518445968628,3.177213430404663,1.4081988735250364
pilot,b4_h2_w2_n10_a1.5,abf,4.0,2.0,100,0.05534591153264046,-1.7879381775856018,3.588802456855774,0.6058240085840225,nan,64043534.0,-1.7712202072143555,3.5672590732574463,1.2573231081490865
pilot,b4_h2_w2_n10_a1.5,abf,4.0,2.0,100,0.06415094435214996,-1.7547931671142578,3.939857006072998,0.6060296148061752,nan,63600258.0,-1.7363301515579224,3.893895387649536,1.0935450092468766
pilot,b4_h2_w2_n10_a1.5,abf,4.0,2.0,100,0.07295597344636917,-1.7186859250068665,4.261650800704956,0.6069416254758835,nan,63176958.0,-1.7014403343200684,4.220530986785889,0.9511014471469084
pilot,b4_h2_w2_n10_a1.5,abf,4.0,2.0,100,0.08176100999116898,-1.6798731088638306,4.5544129610061646,0.608556717634201,nan,62778317.0,-1.6649824380874634,4.528520584106445,0.8220400743410119
pilot,b4_h2_w2_n10_a1.5,abf,4.0,2.0,100,0.09056603908538818,-1.638610154390335,4.818177938461304,0.610849142074585,nan,62407913.0,-1.622252106666565,4.761928081512451,0.6928876192282992
pilot,b4_h2_w2_n10_a1.5,abf,4.0,2.0,100,0.09937106817960739,-1.5951521396636963,5.0529948472976685,0.6137715578079224,nan,62066209.0,-1.5795215368270874,4.995336532592773,0.5840260225906142
pilot,b4_h2_w2_n10_a1.5,abf,4.0,2.0,100,0.1081760972738266,-1.5497541427612305,5.258835673332214,0.6172572076320648,nan,61753813.0,-1.5366840362548828,5.227057456970215,0.49205747992155924
pilot,b4_h2_w2_n10_a1.5,abf,4.0,2.0,100,0.1169811338186264,-1.5026705265045166,5.435871720314026,0.6212232708930969,nan,61468498.0,-1.488599419593811,5.376084327697754,0.4059609903618496
pilot,b4_h2_w2_n10_a1.5,abf,4.0,2.0,100,0.1257861703634262,-1.4541542828083038,5.5842626094818115,0.6255749464035034,nan,61209962.0,-1.4405149221420288,5.525111198425293,0.33492917190627997
pilot,b4_h2_w2_n10_a1.5,abf,4.0,2.0,100,0.13459119200706482,-1.4044557809829712,5.704395055770874,0.6302105337381363,nan,60977900.0,-1.392430305480957,5.674138069152832,0.2763258031354848
pilot,b4_h2_w2_n10_a1.5,abf,4.0,2.0,100,0.14339622855186462,-1.3538225889205933,5.796570301055908,0.635025829076767,nan,60773818.0,-1.3418632745742798,5.750111103057861,0.22572388218124273
pilot,b4_h2_w2_n10_a1.5,abf,4.0,2.0,100,0.15220126509666443,-1.3025006651878357,5.860856771469116,0.639918714761734,nan,60601623.0,-1.2908235788345337,5.812170028686523,0.18404010744415053
pilot,b4_h2_w2_n10_a1.5,abf,4.0,2.0,100,0.16100628674030304,-1.2507355511188507,5.897210121154785,0.6447928845882416,nan,60462345.0,-1.2397841215133667,5.8742289543151855,0.15005409761005548
pilot,b4_h2_w2_n10_a1.5,abf,4.0,2.0,100,0.16981132328510284,-1.198775976896286,5.905031681060791,0.6495604813098907,nan,60358507.0,-1.1885087490081787,5.871189594268799,0.12222876230543213
pilot,b4_h2_w2_n10_a1.5,abf,4.0,2.0,100,0.17861634492874146,-1.146876573562622,5.883526802062988,0.654143676161766,nan,60290376.0,-1.1371123790740967,5.834615230560303,0.09951505209440958
pilot,b4_h2_w2_n10_a1.5,abf,4.0,2.0,100,0.18742138147354126,-1.0953006744384766,5.8315876722335815,0.6584753394126892,nan,60261005.0,-1.085715889930725,5.798040390014648,0.08102218073984842
pilot,b4_h2_w2_n10_a1.5,abf,4.0,2.0,100,0.19622641801834106,-1.0443176925182343,5.748824715614319,0.6624987125396729,nan,60275066.0,-1.0354418754577637,5.716399669647217,0.0662626834993241
pilot,b4_h2_w2_n10_a1.5,abf,4.0,2.0,100,0.20503143966197968,-0.9941947311162949,5.636214852333069,0.6661663502454758,nan,60343244.0,-0.9863837361335754,5.5859375,0.05445607090972507
pilot,b4_h2_w2_n10_a1.5,abf,4.0,2.0,100,0.21383647620677948,-0.9451790899038315,5.497349262237549,0.669438973069191,nan,60480564.0,-0.937325656414032,5.455475330352783,0.04475315832895555
pilot,b4_h2_w2_n10_a1.5,abf,4.0,2.0,100,0.22264151275157928,-0.8974698930978775,5.339447498321533,0.6722843497991562,nan,60703752.0,-0.8894739747047424,5.317124843597412,0.036957008053990784
pilot,b4_h2_w2_n10_a1.5,abf,4.0,2.0,100,0.2314465343952179,-0.85118567943573,5.173673510551453,0.6746766567230225,nan,61024496.0,-0.8444370031356812,5.160369873046875,0.03086452315346211
pilot,b4_h2_w2_n10_a1.5,abf,4.0,2.0,100,0.2402515709400177,-0.8063369691371918,5.013401985168457,0.6765961796045303,nan,61446587.0,-0.7994000315666199,5.003614902496338,0.02577640452113738
pilot,b4_h2_w2_n10_a1.5,abf,4.0,2.0,100,0.2490566074848175,-0.7628174871206284,4.87173330783844,0.6780300885438919,nan,61958747.0,-0.7547804713249207,4.854660987854004,0.021563051667787263
pilot,b4_h2_w2_n10_a1.5,abf,4.0,2.0,100,0.2578616440296173,-0.7204223722219467,4.7580320835113525,0.6789731979370117,nan,62534224.0,-0.7132225632667542,4.762916564941406,0.018260671462817527
pilot,b4_h2_w2_n10_a1.5,abf,4.0,2.0,100,0.2666666805744171,-0.6788929551839828,4.675074458122253,0.6794293820858002,nan,63138575.0,-0.6716644167900085,4.671171188354492,0.01546403586123778
pilot,b4_h2_w2_n10_a1.5,abf,4.0,2.0,100,0.27547168731689453,-0.6379759907722473,4.618918418884277,0.6794130653142929,nan,63730449.0,-0.6301068067550659,4.579427242279053,0.013095735210843023
pilot,b4_h2_w2_n10_a1.5,abf,4.0,2.0,100,0.28427672386169434,-0.5974765121936798,4.580238699913025,0.6789500564336777,nan,64277274.0,-0.5903586149215698,4.530884265899658,0.011170695246488654
pilot,b4_h2_w2_n10_a1.5,abf,4.0,2.0,100,0.29308176040649414,-0.5572924613952637,4.547281265258789,0.6780779659748077,nan,64757238.0,-0.5507261753082275,4.485098838806152,0.009533044151992671
pilot,b4_h2_w2_n10_a1.5,abf,4.0,2.0,100,0.30188679695129395,-0.5174220353364944,4.508991599082947,0.6768459379673004,nan,65161646.0,-0.5110935568809509,4.4393134117126465,0.008135470872393078
pilot,b4_h2_w2_n10_a1.5,abf,4.0,2.0,100,0.31069183349609375,-0.47794991731643677,4.4568445682525635,0.6753132045269012,nan,65494481.0,-0.47275641560554504,4.370600700378418,0.00697885634675313
pilot,b4_h2_w2_n10_a1.5,abf,4.0,2.0,100,0.31949687004089355,-0.439020499587059,4.385688781738281,0.6735472977161407,nan,65766634.0,-0.43482810258865356,4.294648170471191,0.0059964750451531905
pilot,b4_h2_w2_n10_a1.5,abf,4.0,2.0,100,0.32830187678337097,-0.40081073343753815,4.293379902839661,0.6716213524341583,nan,65991642.0,-0.3968997597694397,4.218695163726807,0.0051523783975551945
pilot,b4_h2_w2_n10_a1.5,abf,4.0,2.0,100,0.3371069133281708,-0.36350662261247635,4.179968357086182,0.6696112900972366,nan,66184648.0,-0.36067646741867065,4.109075546264648,0.004457398337517826
pilot,b4_h2_w2_n10_a1.5,abf,4.0,2.0,100,0.3459119498729706,-0.3272887095808983,4.046666502952576,0.6675930768251419,nan,66357399.0,-0.3256874680519104,3.9750759601593018,0.003875246470082976
pilot,b4_h2_w2_n10_a1.5,abf,4.0,2.0,100,0.3547169864177704,-0.29232583194971085,3.8948978781700134,0.6656404286623001,nan,66523045.0,-0.29069870710372925,3.8410773277282715,0.0033691288928190746
pilot,b4_h2_w2_n10_a1.5,abf,4.0,2.0,100,0.3635220229625702,-0.2587736174464226,3.7262412905693054,0.663822665810585,nan,66689232.0,-0.25749313831329346,3.6868932247161865,0.0029500789922018954
pilot,b4_h2_w2_n10_a1.5,abf,4.0,2.0,100,0.3723270297050476,-0.22677520662546158,3.5419914722442627,0.662203460931778,nan,66862850.0,-0.22696292400360107,3.5024352073669434,0.0026109420365871584
pilot,b4_h2_w2_n10_a1.5,abf,4.0,2.0,100,0.3811320662498474,-0.1964622139930725,3.343384861946106,0.6608402132987976,nan,67046440.0,-0.19643236696720123,3.3179750442504883,0.0023107886232697854
pilot,b4_h2_w2_n10_a1.5,abf,4.0,2.0,100,0.3899371027946472,-0.16795611754059792,3.131567060947418,0.6597834676504135,nan,67238599.0,-0.16717609763145447,3.1236703395843506,0.002055591794364438
pilot,b4_h2_w2_n10_a1.5,abf,4.0,2.0,100,0.398742139339447,-0.1413685418665409,2.907607316970825,0.6590767800807953,nan,67438317.0,-0.1424369364976883,2.8944571018218994,0.0018619180009893405
pilot,b4_h2_w2_n10_a1.5,abf,4.0,2.0,100,0.4075471758842468,-0.116802167147398,2.672465980052948,0.658756285905838,nan,67641210.0,-0.11769792437553406,2.665245532989502,0.0016864927746113533
pilot,b4_h2_w2_n10_a1.5,abf,4.0,2.0,100,0.41635221242904663,-0.09435201808810234,2.426921546459198,0.6588506698608398,nan,67846842.0,-0.09323494881391525,2.434645414352417,0.0015292832919403163
pilot,b4_h2_w2_n10_a1.5,abf,4.0,2.0,100,0.42515721917152405,-0.0741069708019495,2.1716095209121704,0.6593798696994781,nan,68055134.0,-0.07539906352758408,2.1707687377929688,0.0014239798290094203
pilot,b4_h2_w2_n10_a1.5,abf,4.0,2.0,100,0.43396225571632385,-0.056150222197175026,1.9071350693702698,0.6603542566299438,nan,68268708.0,-0.05756328999996185,1.9068934917449951,0.0013259279497613628
pilot,b4_h2_w2_n10_a1.5,abf,4.0,2.0,100,0.44276729226112366,-0.04055948555469513,1.6341869831085205,0.661773145198822,nan,68491772.0,-0.039727408438920975,1.6430168151855469,0.001234627157221624
pilot,b4_h2_w2_n10_a1.5,abf,4.0,2.0,100,0.45157232880592346,-0.027405424043536186,1.3536624014377594,0.6636233478784561,nan,68726374.0,-0.02852104790508747,1.3594834804534912,0.0011805065020166132
pilot,b4_h2_w2_n10_a1.5,abf,4.0,2.0,100,0.46037736535072327,-0.01675025001168251,1.066583126783371,0.6658778637647629,nan,68974718.0,-0.018393727019429207,1.0727486610412598,0.001133640688401352
pilot,b4_h2_w2_n10_a1.5,abf,4.0,2.0,100,0.46918240189552307,-0.008646409958600998,0.7741439640522003,0.6684945374727249,nan,69236160.0,-0.008266470395028591,0.7860154509544373,0.0010886357157228175
pilot,b4_h2_w2_n10_a1.5,abf,4.0,2.0,100,0.4779874086380005,-0.0031355097889900208,0.4776221141219139,0.6714154332876205,nan,69509338.0,-0.003750614356249571,0.4884302020072937,0.0010691477664722226
pilot,b4_h2_w2_n10_a1.5,abf,4.0,2.0,100,0.4867924451828003,-0.00024747103452682495,0.17837528139352798,0.6745668649673462,nan,69793168.0,-0.0018753129988908768,0.18573826551437378,0.0010611578738191944
pilot,b4_h2_w2_n10_a1.5,abf,4.0,2.0,100,0.4955974817276001,0.0,-0.12216433137655258,0.6778595149517059,nan,70088482.0,0.0,-0.11695550382137299,0.0010532276417206175
pilot,b4_h2_w2_n10_a1.5,abf,4.0,2.0,100,0.5044025182723999,-0.002397838979959488,-0.422489732503891,0.6811899393796921,nan,70397950.0,-0.002352767391130328,-0.4189566671848297,0.0010631864282379068
pilot,b4_h2_w2_n10_a1.5,abf,4.0,2.0,100,0.5132075548171997,-0.007432367652654648,-0.7210666090250015,0.6844422668218613,nan,70724706.0,-0.008933540433645248,-0.7202689051628113,0.0010915443796378856
pilot,b4_h2_w2_n10_a1.5,abf,4.0,2.0,100,0.5220125913619995,-0.015081651508808136,-1.0164125263690948,0.6874909996986389,nan,71070864.0,-0.015514274127781391,-1.0215792655944824,0.0011206585350833167
pilot,b4_h2_w2_n10_a1.5,abf,4.0,2.0,100,0.5308176279067993,-0.025311453267931938,-1.3072124123573303,0.6902046650648117,nan,71435034.0,-0.024699890986084938,-1.3161075115203857,0.0011626000946552628
pilot,b4_h2_w2_n10_a1.5,abf,4.0,2.0,100,0.5396226644515991,-0.038076963275671005,-1.5923801064491272,0.6924502700567245,nan,71815258.0,-0.03942060098052025,-1.5962200164794922,0.00123311291529239
pilot,b4_h2_w2_n10_a1.5,abf,4.0,2.0,100,0.5484277009963989,-0.053325315937399864,-1.8711721003055573,0.6940986812114716,nan,72205166.0,-0.054141219705343246,-1.876330852508545,0.0013079019292403119
pilot,b4_h2_w2_n10_a1.5,abf,4.0,2.0,100,0.557232677936554,-0.07099860906600952,-2.1431880593299866,0.6950308829545975,nan,72598642.0,-0.06991619616746902,-2.153317928314209,0.001393089828592595
pilot,b4_h2_w2_n10_a1.5,abf,4.0,2.0,100,0.5660377144813538,-0.09103680215775967,-2.4083418250083923,0.6951447576284409,nan,72990678.0,-0.09216755628585815,-2.411116600036621,0.0015227678287150972
pilot,b4_h2_w2_n10_a1.5,abf,4.0,2.0,100,0.5748427510261536,-0.11338005773723125,-2.6667659878730774,0.6943619698286057,nan,73378792.0,-0.11441904306411743,-2.668916702270508,0.0016645179566915247
pilot,b4_h2_w2_n10_a1.5,abf,4.0,2.0,100,0.5836477875709534,-0.13797016069293022,-2.918735384941101,0.6926346570253372,nan,73763150.0,-0.13667039573192596,-2.92671537399292,0.0018194622250526239
pilot,b4_h2_w2_n10_a1.5,abf,4.0,2.0,100,0.5924528241157532,-0.16475168243050575,-3.164492189884186,0.6899509429931641,nan,74144808.0,-0.16560250520706177,-3.1667237281799316,0.0020426937746994395
pilot,b4_h2_w2_n10_a1.5,abf,4.0,2.0,100,0.601257860660553,-0.19366946816444397,-3.403974235057831,0.6863390058279037,nan,74527440.0,-0.19481275975704193,-3.405989170074463,0.0022958667310061086
pilot,b4_h2_w2_n10_a1.5,abf,4.0,2.0,100,0.6100628972053528,-0.2246669866144657,-3.63688588142395,0.6818686425685883,nan,74912592.0,-0.22402319312095642,-3.6452560424804688,0.0025804199738325836
pilot,b4_h2_w2_n10_a1.5,abf,4.0,2.0,100,0.6188679337501526,-0.2576836124062538,-3.862602114677429,0.6766502857208252,nan,75301692.0,-0.2582147717475891,-3.867072105407715,0.0029586067967167654
pilot,b4_h2_w2_n10_a1.5,abf,4.0,2.0,100,0.6276729702949524,-0.29265296459198,-4.080429792404175,0.6708306819200516,nan,75692060.0,-0.29381147027015686,-4.083968162536621,0.0034113403372291063
pilot,b4_h2_w2_n10_a1.5,abf,4.0,2.0,100,0.6364780068397522,-0.32950276881456375,-4.2897374629974365,0.6645862758159637,nan,76082480.0,-0.3294081687927246,-4.300863742828369,0.003933352316137621
pilot,b4_h2_w2_n10_a1.5,abf,4.0,2.0,100,0.645283043384552,-0.368156760931015,-4.490233659744263,0.6581137180328369,nan,76468496.0,-0.36838817596435547,-4.499157905578613,0.00459703760724996
pilot,b4_h2_w2_n10_a1.5,abf,4.0,2.0,100,0.6540880799293518,-0.408536434173584,-4.681716799736023,0.6516187787055969,nan,76849958.0,-0.40962398052215576,-4.685053825378418,0.005421406674647783
pilot,b4_h2_w2_n10_a1.5,abf,4.0,2.0,100,0.6628930568695068,-0.450562447309494,-4.86418616771698,0.6453048288822174,nan,77224894.0,-0.4508592486381531,-4.87094783782959,0.006393592956035496
pilot,b4_h2_w2_n10_a1.5,abf,4.0,2.0,100,0.6716980934143066,-0.4941551759839058,-5.037586808204651,0.6393613964319229,nan,77593716.0,-0.4940970838069916,-5.043692111968994,0.007600756098477657
pilot,b4_h2_w2_n10_a1.5,abf,4.0,2.0,100,0.6805031299591064,-0.5392339825630188,-5.201739311218262,0.6339547038078308,nan,77958672.0,-0.5400992631912231,-5.198273658752441,0.009136308743627537
pilot,b4_h2_w2_n10_a1.5,abf,4.0,2.0,100,0.6893081665039062,-0.5857168287038803,-5.35649847984314,0.6292197406291962,nan,78320994.0,-0.5861017107963562,-5.352855682373047,0.010982095193337331
pilot,b4_h2_w2_n10_a1.5,abf,4.0,2.0,100,0.698113203048706,-0.6335189342498779,-5.50147819519043,0.625256136059761,nan,78685552.0,-0.6330353021621704,-5.499764442443848,0.013250040412218436
pilot,b4_h2_w2_n10_a1.5,abf,4.0,2.0,100,0.7069182395935059,-0.6825536787509918,-5.6364065408706665,0.6221267879009247,nan,79054880.0,-0.6829182505607605,-5.622375965118408,0.016176060396809123
pilot,b4_h2_w2_n10_a1.5,abf,4.0,2.0,100,0.7157232761383057,-0.73273004591465,-5.760789275169373,0.6198600679636002,nan,79433478.0,-0.7328017950057983,-5.744988918304443,0.019748283452665927
pilot,b4_h2_w2_n10_a1.5,abf,4.0,2.0,100,0.7245283126831055,-0.783951997756958,-5.873903274536133,0.6184540390968323,nan,79826780.0,-0.7828591465950012,-5.86534309387207,0.02412614193354187
pilot,b4_h2_w2_n10_a1.5,abf,4.0,2.0,100,0.7333333492279053,-0.8361170887947083,-5.9750155210494995,0.6178832203149796,nan,80238362.0,-0.8356486558914185,-5.9503493309021,0.029798379633651582
pilot,b4_h2_w2_n10_a1.5,abf,4.0,2.0,100,0.7421383857727051,-0.8891159445047379,-6.0632898807525635,0.6181060820817947,nan,80669802.0,-0.888438880443573,-6.035356521606445,0.03680430844133009
pilot,b4_h2_w2_n10_a1.5,abf,4.0,2.0,100,0.7509434223175049,-0.9428322464227676,-6.137975335121155,0.6190728545188904,nan,81120004.0,-0.941228449344635,-6.120362758636475,0.045457289424290975
pilot,b4_h2_w2_n10_a1.5,abf,4.0,2.0,100,0.7597483992576599,-0.9971428662538528,-6.198284149169922,0.620731920003891,nan,81587710.0,-0.9955719709396362,-6.166746616363525,0.05649472537027981
pilot,b4_h2_w2_n10_a1.5,abf,4.0,2.0,100,0.7685534358024597,-1.0519180595874786,-6.243497967720032,0.623035654425621,nan,82071492.0,-1.0501275062561035,-6.207864761352539,0.07027171837393308
pilot,b4_h2_w2_n10_a1.5,abf,4.0,2.0,100,0.7773584723472595,-1.1070225238800049,-6.273079872131348,0.625943124294281,nan,82566720.0,-1.1046829223632812,-6.2489824295043945,0.08740837336908766
pilot,b4_h2_w2_n10_a1.5,abf,4.0,2.0,100,0.7861635088920593,-1.1623154282569885,-6.286296010017395,0.6294216513633728,nan,83072904.0,-1.1595503091812134,-6.254827499389648,0.10885977982830877
pilot,b4_h2_w2_n10_a1.5,abf,4.0,2.0,100,0.7949685454368591,-1.2176496088504791,-6.28245735168457,0.6334452927112579,nan,83586954.0,-1.2145520448684692,-6.245556831359863,0.13564858031170035
pilot,b4_h2_w2_n10_a1.5,abf,4.0,2.0,100,0.8037735819816589,-1.272872269153595,-6.260980486869812,0.6379925310611725,nan,84104508.0,-1.269553303718567,-6.236285209655762,0.16902939059213984
pilot,b4_h2_w2_n10_a1.5,abf,4.0,2.0,100,0.8125786185264587,-1.3278244137763977,-6.221084833145142,0.6430422961711884,nan,84622342.0,-1.3239976167678833,-6.1968817710876465,0.21015594719844904
pilot,b4_h2_w2_n10_a1.5,abf,4.0,2.0,100,0.8213836550712585,-1.3823411166667938,-6.161983251571655,0.6485698074102402,nan,85137234.0,-1.3779278993606567,-6.129664897918701,0.2607523199863527
pilot,b4_h2_w2_n10_a1.5,abf,4.0,2.0,100,0.8301886916160583,-1.4362499713897705,-6.083014130592346,0.6545424908399582,nan,85646166.0,-1.4318588972091675,-6.062447547912598,0.32353101499602216
pilot,b4_h2_w2_n10_a1.5,abf,4.0,2.0,100,0.8389937281608582,-1.4893729984760284,-5.983493447303772,0.6609174609184265,nan,86150892.0,-1.4848343133926392,-5.972735404968262,0.39989285444086586
pilot,b4_h2_w2_n10_a1.5,abf,4.0,2.0,100,0.847798764705658,-1.5415268242359161,-5.862866759300232,0.6676401197910309,nan,86655376.0,-1.5359563827514648,-5.839359760284424,0.4906273727795285
pilot,b4_h2_w2_n10_a1.5,abf,4.0,2.0,100,0.8566038012504578,-1.5925242602825165,-5.720837712287903,0.6746447086334229,nan,87162424.0,-1.5870790481567383,-5.705982685089111,0.6019507229445307
pilot,b4_h2_w2_n10_a1.5,abf,4.0,2.0,100,0.8654087781906128,-1.6421754658222198,-5.5570796728134155,0.6818569451570511,nan,87679232.0,-1.6374413967132568,-5.561031818389893,0.7362906757296105
pilot,b4_h2_w2_n10_a1.5,abf,4.0,2.0,100,0.8742138147354126,-1.6902876496315002,-5.371251463890076,0.6891984790563583,nan,88210996.0,-1.6838161945343018,-5.355317115783691,0.8863608715350392
pilot,b4_h2_w2_n10_a1.5,abf,4.0,2.0,100,0.8830188512802124,-1.7366651594638824,-5.163069128990173,0.6965923756361008,nan,88760904.0,-1.7301908731460571,-5.14960241317749,1.0670177497354452
pilot,b4_h2_w2_n10_a1.5,abf,4.0,2.0,100,0.8918238878250122,-1.7811095118522644,-4.932127237319946,0.7039695382118225,nan,89332116.0,-1.7765662670135498,-4.943885803222656,1.2844995443390035
pilot,b4_h2_w2_n10_a1.5,abf,4.0,2.0,100,0.900628924369812,-1.8234184682369232,-4.678037762641907,0.7112749814987183,nan,89924844.0,-1.8162285089492798,-4.66192626953125,1.505339043003233
pilot,b4_h2_w2_n10_a1.5,abf,4.0,2.0,100,0.9094339609146118,-1.8633862137794495,-4.400352120399475,0.718473270535469,nan,90537002.0,-1.8557542562484741,-4.378413200378418,1.7631837782695503
pilot,b4_h2_w2_n10_a1.5,abf,4.0,2.0,100,0.9182389974594116,-1.9008023142814636,-4.098502159118652,0.7255525887012482,nan,91168202.0,-1.895280361175537,-4.09489631652832,2.065196872162595
pilot,b4_h2_w2_n10_a1.5,abf,4.0,2.0,100,0.9270440340042114,-1.935452163219452,-3.7719582319259644,0.7325270920991898,nan,91814700.0,-1.9275665283203125,-3.7479217052459717,2.3498940171565668
pilot,b4_h2_w2_n10_a1.5,abf,4.0,2.0,100,0.9358490705490112,-1.9671150743961334,-3.4200398325920105,0.7394362390041351,nan,92474020.0,-1.9580432176589966,-3.3850841522216797,2.654554875373122
pilot,b4_h2_w2_n10_a1.5,abf,4.0,2.0,100,0.944654107093811,-1.9955646395683289,-3.042076289653778,0.7463433146476746,nan,93143186.0,-1.9885197877883911,-3.022246837615967,2.9987132078341854
pilot,b4_h2_w2_n10_a1.5,abf,4.0,2.0,100,0.9534591436386108,-2.0205684304237366,-2.6373642683029175,0.753331184387207,nan,93820182.0,-2.01198148727417,-2.608255386352539,3.2937609700656023
pilot,b4_h2_w2_n10_a1.5,abf,4.0,2.0,100,0.9622641801834106,-2.041888177394867,-2.205246925354004,0.7604976743459702,nan,94503962.0,-2.0311439037323,-2.1629223823547363,3.5561543766115324
pilot,b4_h2_w2_n10_a1.5,abf,4.0,2.0,100,0.9710691571235657,-2.0592798590660095,-1.7451741993427277,0.7679498046636581,nan,95194236.0,-2.0503058433532715,-1.7175945043563843,3.8394437071999947
pilot,b4_h2_w2_n10_a1.5,abf,4.0,2.0,100,0.9798741936683655,-2.0724955201148987,-1.2566685676574707,0.7757987827062607,nan,95891482.0,-2.0634405612945557,-1.2336201667785645,4.0465568537248595
pilot,b4_h2_w2_n10_a1.5,abf,4.0,2.0,100,0.9886792302131653,-2.081282913684845,-0.7393222004175186,0.7841560542583466,nan,96598926.0,-2.068904161453247,-0.7004614472389221,4.135965354454595
pilot,b4_h2_w2_n10_a1.5,abf,4.0,2.0,100,0.9974842667579651,-2.085386335849762,-0.19276288524270058,0.793130174279213,nan,97314254.0,-2.0743677616119385,-0.16730906069278717,4.2273493321865585
pilot,b4_h2_w2_n10_a1.5,abf,4.0,2.0,100,1.0062893629074097,-2.0845470428466797,0.38341543823480606,0.8028255999088287,nan,98038556.0,-2.0756096839904785,0.39012205600738525,4.248401738752277
pilot,b4_h2_w2_n10_a1.5,abf,4.0,2.0,100,1.01509428024292,-2.0785019993782043,0.9896678030490875,0.8133420348167419,nan,98770148.0,-2.064838171005249,1.016613483428955,4.06924223387242
pilot,b4_h2_w2_n10_a1.5,abf,4.0,2.0,100,1.0238993167877197,-2.0669842958450317,1.6265154778957367,0.8247749507427216,nan,99510438.0,-2.0540664196014404,1.6431201696395874,3.8976343539403473
pilot,b4_h2_w2_n10_a1.5,abf,4.0,2.0,100,1.0327043533325195,-2.0497217774391174,2.2945279479026794,0.837215006351471,nan,100260242.0,-2.041774272918701,2.277968645095825,3.710628266863567
pilot,b4_h2_w2_n10_a1.5,abf,4.0,2.0,100,1.0415093898773193,-2.0264376997947693,2.9942919611930847,0.8507470339536667,nan,101023036.0,-2.0119998455047607,3.0088140964508057,3.2940028494400466
pilot,b4_h2_w2_n10_a1.5,abf,4.0,2.0,100,1.0503144264221191,-1.9968500137329102,3.726332426071167,0.8654461055994034,nan,101803630.0,-1.9822250604629517,3.739668369293213,2.9241515102243314
pilot,b4_h2_w2_n10_a1.5,abf,4.0,2.0,100,1.059119462966919,-1.9606723487377167,4.491147994995117,0.8813713490962982,nan,102604408.0,-1.9524505138397217,4.470513820648193,2.5958296334660003
pilot,b4_h2_w2_n10_a1.5,abf,4.0,2.0,100,1.0679244995117188,-1.9176146984100342,5.289086580276489,0.8985569179058075,nan,103428010.0,-1.9029031991958618,5.298164367675781,2.1291373795359787
pilot,b4_h2_w2_n10_a1.5,abf,4.0,2.0,100,1.0767295360565186,-1.8673833310604095,6.120610475540161,0.9170001894235611,nan,104271632.0,-1.8511592149734497,6.136568069458008,1.7310721815655572
pilot,b4_h2_w2_n10_a1.5,abf,4.0,2.0,100,1.0855345726013184,-1.8096805810928345,6.986133813858032,0.936648353934288,nan,105131376.0,-1.7994146347045898,6.974982738494873,1.4074262103155624
pilot,b4_h2_w2_n10_a1.5,abf,4.0,2.0,100,1.0943396091461182,-1.7442066073417664,7.886013150215149,0.9573850482702255,nan,105999732.0,-1.7296924591064453,7.890204429626465,1.0648926023380065
pilot,b4_h2_w2_n10_a1.5,abf,4.0,2.0,100,1.103144645690918,-1.6706556379795074,8.82054877281189,0.9790195822715759,nan,106865004.0,-1.6529794931411743,8.835295677185059,0.7835049396119036
pilot,b4_h2_w2_n10_a1.5,abf,4.0,2.0,100,1.1119496822357178,-1.5887221097946167,9.790056943893433,1.0012770891189575,nan,107709528.0,-1.5762666463851929,9.780387878417969,0.5764715444255302
pilot,b4_h2_w2_n10_a1.5,abf,4.0,2.0,100,1.1207547187805176,-1.4980992078781128,10.794269800186157,1.0237970501184464,nan,108512984.0,-1.4844400882720947,10.784225463867188,0.3992627601344533
pilot,b4_h2_w2_n10_a1.5,abf,4.0,2.0,100,1.1295597553253174,-1.3984844386577606,11.832536935806274,1.0461372882127762,nan,109241030.0,-1.379741907119751,11.838081359863281,0.2626512278487244
pilot,b4_h2_w2_n10_a1.5,abf,4.0,2.0,100,1.1383647918701172,-1.289585828781128,12.902985572814941,1.0677859783172607,nan,109843556.0,-1.2750437259674072,12.891937255859375,0.172782624322918
pilot,b4_h2_w2_n10_a1.5,abf,4.0,2.0,100,1.147169828414917,-1.1711347997188568,14.002302885055542,1.0881812274456024,nan,110238208.0,-1.1594865322113037,13.962519645690918,0.10883201238269652
pilot,b4_h2_w2_n10_a1.5,abf,4.0,2.0,100,1.1559748649597168,-1.042902797460556,15.124663829803467,1.1067375242710114,nan,110290924.0,-1.0246305465698242,15.062797546386719,0.06345821006498878
pilot,b4_h2_w2_n10_a1.5,abf,4.0,2.0,100,1.1647799015045166,-0.904719889163971,16.262569904327393,1.1228776276111603,nan,109795116.0,-0.8897745013237,16.163074493408203,0.03700146102594942
pilot,b4_h2_w2_n10_a1.5,abf,4.0,2.0,100,1.1735849380493164,-0.7564928531646729,17.406121730804443,1.1360663175582886,nan,108466802.0,-0.7499493360519409,17.222148895263672,0.021150356009802848
pilot,b4_h2_w2_n10_a1.5,abf,4.0,2.0,100,1.1823899745941162,-0.5982156544923782,18.545391082763672,1.1458445489406586,nan,105951742.0,-0.5874879360198975,18.093551635742188,0.011043158962614008
pilot,b4_h2_w2_n10_a1.5,abf,4.0,2.0,100,1.191195011138916,-0.4299672245979309,19.67101812362671,1.1518597900867462,nan,101884868.0,-0.42502856254577637,18.964942932128906,0.0057659714279525084
pilot,b4_h2_w2_n10_a1.5,abf,4.0,2.0,100,1.2000000476837158,-0.2524031214416027,20.661376953125,1.1538901329040527,nan,95974182.0,-0.11444064974784851,0.0,0.001664661821760549
pilot,b4_h2_w2_n10_a1.5,fr_estimated,4.0,2.0,100,-0.20000000298023224,-0.18131978809833527,-21.374979972839355,0.8107648640871048,0.7145956307649612,50062222.0,-0.11444064974784851,-20.759286880493164,0.001664661821760549
pilot,b4_h2_w2_n10_a1.5,fr_estimated,4.0,2.0,100,-0.19119496643543243,-0.3643958047032356,-20.2094087600708,0.8100230395793915,0.7145890891551971,54667062.0,-0.2831096053123474,-19.750905990600586,0.003268391000403121
pilot,b4_h2_w2_n10_a1.5,fr_estimated,4.0,2.0,100,-0.18238992989063263,-0.5365827977657318,-18.90167760848999,0.8078287094831467,0.7145823985338211,58378082.0,-0.4517785310745239,-18.74252700805664,0.006417146304694841
pilot,b4_h2_w2_n10_a1.5,fr_estimated,4.0,2.0,100,-0.17358490824699402,-0.6972641795873642,-17.595930576324463,0.8042733520269394,0.7145760953426361,61308481.0,-0.6204472184181213,-17.734148025512695,0.01259938832860342
pilot,b4_h2_w2_n10_a1.5,fr_estimated,4.0,2.0,100,-0.1647798717021942,-0.846501812338829,-16.30231761932373,0.7995032221078873,0.7145665436983109,63630905.0,-0.7632948160171509,-16.535125732421875,0.022310081417856762
pilot,b4_h2_w2_n10_a1.5,fr_estimated,4.0,2.0,100,-0.1559748500585556,-0.9844499826431274,-15.03166151046753,0.7937106937170029,0.7145562916994095,65521270.0,-0.9004741311073303,-15.294258117675781,0.038619445466607775
pilot,b4_h2_w2_n10_a1.5,fr_estimated,4.0,2.0,100,-0.1471698135137558,-1.1113550662994385,-13.793902397155762,0.7871226966381073,0.7145508378744125,67125310.0,-1.0376536846160889,-14.053386688232422,0.06685152611427987
pilot,b4_h2_w2_n10_a1.5,fr_estimated,4.0,2.0,100,-0.138364776968956,-1.227538526058197,-12.596312522888184,0.7799877822399139,0.7145384848117828,68543268.0,-1.1533972024917603,-12.86970043182373,0.10621317969791941
pilot,b4_h2_w2_n10_a1.5,fr_estimated,4.0,2.0,100,-0.12955975532531738,-1.3333731293678284,-11.443292617797852,0.7725619226694107,0.7145290225744247,69834222.0,-1.2570830583572388,-11.718180656433105,0.1608048675607026
pilot,b4_h2_w2_n10_a1.5,fr_estimated,4.0,2.0,100,-0.12075471878051758,-1.4292596876621246,-10.33664083480835,0.7650948911905289,0.7145149558782578,71026510.0,-1.3607689142227173,-10.566658973693848,0.2434557133564625
pilot,b4_h2_w2_n10_a1.5,fr_estimated,4.0,2.0,100,-0.11194968223571777,-1.5156067907810211,-9.27647614479065,0.7578168213367462,0.7145083397626877,72126178.0,-1.4505808353424072,-9.483526229858398,0.3486898116389511
pilot,b4_h2_w2_n10_a1.5,fr_estimated,4.0,2.0,100,-0.10314465314149857,-1.5928198099136353,-8.261913061141968,0.7509267032146454,0.7144916355609894,73128522.0,-1.524105429649353,-8.480676651000977,0.46791240629101666
pilot,b4_h2_w2_n10_a1.5,fr_estimated,4.0,2.0,100,-0.09433962404727936,-1.6612942814826965,-7.2915791273117065,0.7445831000804901,0.7144876271486282,74022794.0,-1.5976301431655884,-7.477827072143555,0.6278994024278155
pilot,b4_h2_w2_n10_a1.5,fr_estimated,4.0,2.0,100,-0.08553458750247955,-1.7214121222496033,-6.363758683204651,0.7388970106840134,0.7144797891378403,74797708.0,-1.6638137102127075,-6.512210845947266,0.818206078522983
pilot,b4_h2_w2_n10_a1.5,fr_estimated,4.0,2.0,100,-0.07672955840826035,-1.7735404670238495,-5.476829767227173,0.7339279800653458,0.7144682109355927,75443070.0,-1.7111204862594604,-5.642340183258057,0.9886509517032744
pilot,b4_h2_w2_n10_a1.5,fr_estimated,4.0,2.0,100,-0.06792452931404114,-1.8180331587791443,-4.62936544418335,0.7296830713748932,0.7144584953784943,75952426.0,-1.7584270238876343,-4.772469520568848,1.194600966443713
pilot,b4_h2_w2_n10_a1.5,fr_estimated,4.0,2.0,100,-0.05911949649453163,-1.8552320301532745,-3.820091187953949,0.7261187583208084,0.7144559621810913,76322986.0,-1.8034695386886597,-3.914851188659668,1.4304402578771886
pilot,b4_h2_w2_n10_a1.5,fr_estimated,4.0,2.0,100,-0.050314463675022125,-1.8854687213897705,-3.047956943511963,0.7231457531452179,0.7144531458616257,76556462.0,-1.8281351327896118,-3.167504072189331,1.5787677630130674
pilot,b4_h2_w2_n10_a1.5,fr_estimated,4.0,2.0,100,-0.04150943458080292,-1.9090663194656372,-2.3120648860931396,0.7206370234489441,0.7144422084093094,76657014.0,-1.852800726890564,-2.4201560020446777,1.74247588167592
pilot,b4_h2_w2_n10_a1.5,fr_estimated,4.0,2.0,100,-0.03270440176129341,-1.9263404607772827,-1.6116329729557037,0.718437135219574,0.7144389152526855,76631882.0,-1.8774663209915161,-1.6728079319000244,1.9231594851086051
pilot,b4_h2_w2_n10_a1.5,fr_estimated,4.0,2.0,100,-0.023899370804429054,-1.937599927186966,-0.9458759278059006,0.7163740396499634,0.7144338935613632,76489522.0,-1.8843638896942139,-1.0314445495605469,1.9769587391829757
pilot,b4_h2_w2_n10_a1.5,fr_estimated,4.0,2.0,100,-0.015094339847564697,-1.943146824836731,-0.31406112760305405,0.7142717838287354,0.7144292145967484,76241490.0,-1.8897165060043335,-0.39929476380348206,2.019742723692385
pilot,b4_h2_w2_n10_a1.5,fr_estimated,4.0,2.0,100,-0.006289307959377766,-1.9432770609855652,0.2844850420951843,0.7119629234075546,0.7144247740507126,75898526.0,-1.8950691223144531,0.23285403847694397,2.0634526098375856
pilot,b4_h2_w2_n10_a1.5,fr_estimated,4.0,2.0,100,0.002515723230317235,-1.9382807612419128,0.8503885120153427,0.7093008011579514,0.7144213616847992,75474482.0,-1.8883930444717407,0.7886189222335815,2.0090787680649336
pilot,b4_h2_w2_n10_a1.5,fr_estimated,4.0,2.0,100,0.011320754885673523,-1.9284427762031555,1.3842301070690155,0.7061695754528046,0.7144162654876709,74982622.0,-1.8774906396865845,1.3175477981567383,1.9233465691240805
pilot,b4_h2_w2_n10_a1.5,fr_estimated,4.0,2.0,100,0.02012578584253788,-1.9140429198741913,1.8865925669670105,0.7024924457073212,0.7144141346216202,74438976.0,-1.8665882349014282,1.8464765548706055,1.8412727682769534
pilot,b4_h2_w2_n10_a1.5,fr_estimated,4.0,2.0,100,0.028930816799402237,-1.8953557908535004,2.3580591678619385,0.6982364356517792,0.7144054174423218,73858768.0,-1.8481762409210205,2.319394588470459,1.7105399458140995
pilot,b4_h2_w2_n10_a1.5,fr_estimated,4.0,2.0,100,0.03773584961891174,-1.8726509809494019,2.7991819977760315,0.6934140473604202,0.7144018709659576,73259884.0,-1.8238639831542969,2.748304605484009,1.5520242511698241
pilot,b4_h2_w2_n10_a1.5,fr_estimated,4.0,2.0,100,0.04654087871313095,-1.8461935222148895,3.2104493379592896,0.6880810111761093,0.714394211769104,72657266.0,-1.7995518445968628,3.177213430404663,1.4081988735250364
pilot,b4_h2_w2_n10_a1.5,fr_estimated,4.0,2.0,100,0.05534591153264046,-1.8162445425987244,3.5922473073005676,0.6823315173387527,0.714392751455307,72064408.0,-1.7712202072143555,3.5672590732574463,1.2573231081490865
pilot,b4_h2_w2_n10_a1.5,fr_estimated,4.0,2.0,100,0.06415094435214996,-1.7830626666545868,3.944778323173523,0.6762900501489639,0.7143870443105698,71491836.0,-1.7363301515579224,3.893895387649536,1.0935450092468766
pilot,b4_h2_w2_n10_a1.5,fr_estimated,4.0,2.0,100,0.07295597344636917,-1.7469047904014587,4.268194556236267,0.670101597905159,0.714387983083725,70946682.0,-1.7014403343200684,4.220530986785889,0.9511014471469084
pilot,b4_h2_w2_n10_a1.5,fr_estimated,4.0,2.0,100,0.08176100999116898,-1.70802703499794,4.562615752220154,0.6639208048582077,0.7143887430429459,70433374.0,-1.6649824380874634,4.528520584106445,0.8220400743410119
pilot,b4_h2_w2_n10_a1.5,fr_estimated,4.0,2.0,100,0.09056603908538818,-1.6666839122772217,4.828179836273193,0.6579012125730515,0.714385524392128,69956052.0,-1.622252106666565,4.761928081512451,0.6928876192282992
pilot,b4_h2_w2_n10_a1.5,fr_estimated,4.0,2.0,100,0.09937106817960739,-1.6231282353401184,5.065176606178284,0.6521848738193512,0.7143882364034653,69516676.0,-1.5795215368270874,4.995336532592773,0.5840260225906142
pilot,b4_h2_w2_n10_a1.5,fr_estimated,4.0,2.0,100,0.1081760972738266,-1.5776101052761078,5.273942947387695,0.6468942910432816,0.714390367269516,69115508.0,-1.5366840362548828,5.227057456970215,0.49205747992155924
pilot,b4_h2_w2_n10_a1.5,fr_estimated,4.0,2.0,100,0.1169811338186264,-1.5303761065006256,5.454917311668396,0.6421259790658951,0.7143889367580414,68750828.0,-1.488599419593811,5.376084327697754,0.4059609903618496
pilot,b4_h2_w2_n10_a1.5,fr_estimated,4.0,2.0,100,0.1257861703634262,-1.4816697239875793,5.608403325080872,0.6379469633102417,0.7143882513046265,68420596.0,-1.4405149221420288,5.525111198425293,0.33492917190627997
pilot,b4_h2_w2_n10_a1.5,fr_estimated,4.0,2.0,100,0.13459119200706482,-1.4317322373390198,5.734535336494446,0.6343936026096344,0.7143882215023041,68121802.0,-1.392430305480957,5.674138069152832,0.2763258031354848
pilot,b4_h2_w2_n10_a1.5,fr_estimated,4.0,2.0,100,0.14339622855186462,-1.3808048069477081,5.833256125450134,0.6314729005098343,0.7143870443105698,67850862.0,-1.3418632745742798,5.750111103057861,0.22572388218124273
pilot,b4_h2_w2_n10_a1.5,fr_estimated,4.0,2.0,100,0.15220126509666443,-1.3291301429271698,5.904284834861755,0.629165917634964,0.7143827676773071,67606190.0,-1.2908235788345337,5.812170028686523,0.18404010744415053
pilot,b4_h2_w2_n10_a1.5,fr_estimated,4.0,2.0,100,0.16100628674030304,-1.2769546210765839,5.947005033493042,0.6274322420358658,0.7143827080726624,67385913.0,-1.2397841215133667,5.8742289543151855,0.15005409761005548
pilot,b4_h2_w2_n10_a1.5,fr_estimated,4.0,2.0,100,0.16981132328510284,-1.2245311439037323,5.960608959197998,0.626215860247612,0.7143786698579788,67191652.0,-1.1885087490081787,5.871189594268799,0.12222876230543213
pilot,b4_h2_w2_n10_a1.5,fr_estimated,4.0,2.0,100,0.17861634492874146,-1.1721191108226776,5.944398522377014,0.6254508793354034,0.7143803238868713,67024415.0,-1.1371123790740967,5.834615230560303,0.09951505209440958
pilot,b4_h2_w2_n10_a1.5,fr_estimated,4.0,2.0,100,0.18742138147354126,-1.1199837923049927,5.897781729698181,0.6250668466091156,0.714378610253334,66889582.0,-1.085715889930725,5.798040390014648,0.08102218073984842
pilot,b4_h2_w2_n10_a1.5,fr_estimated,4.0,2.0,100,0.19622641801834106,-1.0683924853801727,5.820801854133606,0.6249938309192657,0.7143763154745102,66794466.0,-1.0354418754577637,5.716399669647217,0.0662626834993241
pilot,b4_h2_w2_n10_a1.5,fr_estimated,4.0,2.0,100,0.20503143966197968,-1.017607569694519,5.714637637138367,0.625166043639183,0.7143799513578415,66752267.0,-0.9863837361335754,5.5859375,0.05445607090972507
pilot,b4_h2_w2_n10_a1.5,fr_estimated,4.0,2.0,100,0.21383647620677948,-0.967870682477951,5.582744717597961,0.6255244463682175,0.7143833488225937,66779394.0,-0.937325656414032,5.455475330352783,0.04475315832895555
pilot,b4_h2_w2_n10_a1.5,fr_estimated,4.0,2.0,100,0.22264151275157928,-0.9193797558546066,5.431617856025696,0.6260183751583099,0.7143848985433578,66894749.0,-0.8894739747047424,5.317124843597412,0.036957008053990784
pilot,b4_h2_w2_n10_a1.5,fr_estimated,4.0,2.0,100,0.2314465343952179,-0.8722605109214783,5.271177530288696,0.6266061365604401,0.7143862694501877,67114299.0,-0.8444370031356812,5.160369873046875,0.03086452315346211
pilot,b4_h2_w2_n10_a1.5,fr_estimated,4.0,2.0,100,0.2402515709400177,-0.8265393227338791,5.114074349403381,0.6272548139095306,0.7143879681825638,67444335.0,-0.7994000315666199,5.003614902496338,0.02577640452113738
pilot,b4_h2_w2_n10_a1.5,fr_estimated,4.0,2.0,100,0.2490566074848175,-0.7821309119462967,4.9729684591293335,0.6279396861791611,0.7143876552581787,67875404.0,-0.7547804713249207,4.854660987854004,0.021563051667787263
pilot,b4_h2_w2_n10_a1.5,fr_estimated,4.0,2.0,100,0.2578616440296173,-0.7388530671596527,4.85729718208313,0.6286435276269913,0.7143860906362534,68381688.0,-0.7132225632667542,4.762916564941406,0.018260671462817527
pilot,b4_h2_w2_n10_a1.5,fr_estimated,4.0,2.0,100,0.2666666805744171,-0.6964663118124008,4.770544171333313,0.6293557286262512,0.7143832445144653,68924666.0,-0.6716644167900085,4.671171188354492,0.01546403586123778
pilot,b4_h2_w2_n10_a1.5,fr_estimated,4.0,2.0,100,0.27547168731689453,-0.6547303050756454,4.709486961364746,0.6300719380378723,0.7143795788288116,69460062.0,-0.6301068067550659,4.579427242279053,0.013095735210843023
pilot,b4_h2_w2_n10_a1.5,fr_estimated,4.0,2.0,100,0.28427672386169434,-0.6134565025568008,4.665556907653809,0.6307933479547501,0.7143772542476654,69951444.0,-0.5903586149215698,4.530884265899658,0.011170695246488654
pilot,b4_h2_w2_n10_a1.5,fr_estimated,4.0,2.0,100,0.29308176040649414,-0.57254259288311,4.627739429473877,0.6315267086029053,0.7143724411725998,70374378.0,-0.5507261753082275,4.485098838806152,0.009533044151992671
pilot,b4_h2_w2_n10_a1.5,fr_estimated,4.0,2.0,100,0.30188679695129395,-0.5319812297821045,4.585480451583862,0.6322841495275497,0.7143711894750595,70720498.0,-0.5110935568809509,4.4393134117126465,0.008135470872393078
pilot,b4_h2_w2_n10_a1.5,fr_estimated,4.0,2.0,100,0.31069183349609375,-0.4918474331498146,4.530648827552795,0.6330826729536057,0.7143650650978088,70993776.0,-0.47275641560554504,4.370600700378418,0.00697885634675313
pilot,b4_h2_w2_n10_a1.5,fr_estimated,4.0,2.0,100,0.31949687004089355,-0.4522741511464119,4.458131194114685,0.6339437663555145,0.7143616378307343,71205274.0,-0.43482810258865356,4.294648170471191,0.0059964750451531905
pilot,b4_h2_w2_n10_a1.5,fr_estimated,4.0,2.0,100,0.32830187678337097,-0.4134277403354645,4.36555016040802,0.6348924040794373,0.7143571823835373,71367548.0,-0.3968997597694397,4.218695163726807,0.0051523783975551945
pilot,b4_h2_w2_n10_a1.5,fr_estimated,4.0,2.0,100,0.3371069133281708,-0.3754871040582657,4.252414703369141,0.6359556168317795,0.7143540233373642,71493106.0,-0.36067646741867065,4.109075546264648,0.004457398337517826
pilot,b4_h2_w2_n10_a1.5,fr_estimated,4.0,2.0,100,0.3459119498729706,-0.33862996101379395,4.119414567947388,0.637160524725914,0.7143511772155762,71591022.0,-0.3256874680519104,3.9750759601593018,0.003875246470082976
pilot,b4_h2_w2_n10_a1.5,fr_estimated,4.0,2.0,100,0.3547169864177704,-0.3030257150530815,3.967830717563629,0.6385321617126465,0.7143492847681046,71668650.0,-0.29069870710372925,3.8410773277282715,0.0033691288928190746
pilot,b4_h2_w2_n10_a1.5,fr_estimated,4.0,2.0,100,0.3635220229625702,-0.26883189380168915,3.79904842376709,0.6400910913944244,0.7143458425998688,71732584.0,-0.25749313831329346,3.6868932247161865,0.0029500789922018954
pilot,b4_h2_w2_n10_a1.5,fr_estimated,4.0,2.0,100,0.3723270297050476,-0.2361941561102867,3.614401400089264,0.6418507695198059,0.7143441289663315,71789400.0,-0.22696292400360107,3.5024352073669434,0.0026109420365871584
pilot,b4_h2_w2_n10_a1.5,fr_estimated,4.0,2.0,100,0.3811320662498474,-0.20524642243981361,3.4151509404182434,0.6438154578208923,0.7143422216176987,71843956.0,-0.19643236696720123,3.3179750442504883,0.0023107886232697854
pilot,b4_h2_w2_n10_a1.5,fr_estimated,4.0,2.0,100,0.3899371027946472,-0.17611245438456535,3.2024174332618713,0.6459784954786301,0.7143407613039017,71899766.0,-0.16717609763145447,3.1236703395843506,0.002055591794364438
pilot,b4_h2_w2_n10_a1.5,fr_estimated,4.0,2.0,100,0.398742139339447,-0.14890585094690323,2.977365553379059,0.6483211070299149,0.714339092373848,71957520.0,-0.1424369364976883,2.8944571018218994,0.0018619180009893405
pilot,b4_h2_w2_n10_a1.5,fr_estimated,4.0,2.0,100,0.4075471758842468,-0.12372994795441628,2.741157114505768,0.6508123576641083,0.7143375724554062,72017384.0,-0.11769792437553406,2.665245532989502,0.0016864927746113533
pilot,b4_h2_w2_n10_a1.5,fr_estimated,4.0,2.0,100,0.41635221242904663,-0.10067803412675858,2.494917392730713,0.6534098237752914,0.7143358886241913,72080172.0,-0.09323494881391525,2.434645414352417,0.0015292832919403163
pilot,b4_h2_w2_n10_a1.5,fr_estimated,4.0,2.0,100,0.42515721917152405,-0.07983369939029217,2.2397379279136658,0.6560614109039307,0.7143338024616241,72146100.0,-0.07539906352758408,2.1707687377929688,0.0014239798290094203
pilot,b4_h2_w2_n10_a1.5,fr_estimated,4.0,2.0,100,0.43396225571632385,-0.061271220445632935,1.976593941450119,0.6587077975273132,0.7143313437700272,72216464.0,-0.05756328999996185,1.9068934917449951,0.0013259279497613628
pilot,b4_h2_w2_n10_a1.5,fr_estimated,4.0,2.0,100,0.44276729226112366,-0.045057427138090134,1.7062516510486603,0.6612860709428787,0.7143283784389496,72293672.0,-0.039727408438920975,1.6430168151855469,0.001234627157221624
pilot,b4_h2_w2_n10_a1.5,fr_estimated,4.0,2.0,100,0.45157232880592346,-0.03125259652733803,1.4294146299362183,0.6637335866689682,0.7143249958753586,72377332.0,-0.02852104790508747,1.3594834804534912,0.0011805065020166132
pilot,b4_h2_w2_n10_a1.5,fr_estimated,4.0,2.0,100,0.46037736535072327,-0.019910842180252075,1.1467823684215546,0.6659920364618301,0.7143212854862213,72468558.0,-0.018393727019429207,1.0727486610412598,0.001133640688401352
pilot,b4_h2_w2_n10_a1.5,fr_estimated,4.0,2.0,100,0.46918240189552307,-0.011079665273427963,0.8591517508029938,0.6680116355419159,0.7143173068761826,72566144.0,-0.008266470395028591,0.7860154509544373,0.0010886357157228175
pilot,b4_h2_w2_n10_a1.5,fr_estimated,4.0,2.0,100,0.4779874086380005,-0.004798859357833862,0.5674927830696106,0.6697547286748886,0.7143129259347916,72670460.0,-0.003750614356249571,0.4884302020072937,0.0010691477664722226
pilot,b4_h2_w2_n10_a1.5,fr_estimated,4.0,2.0,100,0.4867924451828003,-0.001098915934562683,0.27292244136333466,0.6711985766887665,0.7143082022666931,72784628.0,-0.0018753129988908768,0.18573826551437378,0.0010611578738191944
pilot,b4_h2_w2_n10_a1.5,fr_estimated,4.0,2.0,100,0.4955974817276001,0.0,-0.02331194083672017,0.6723368912935257,0.7143030017614365,72911366.0,0.0,-0.11695550382137299,0.0010532276417206175
pilot,b4_h2_w2_n10_a1.5,fr_estimated,4.0,2.0,100,0.5044025182723999,-0.0015110298991203308,-0.3199087381362915,0.6731805205345154,0.7142971009016037,73055510.0,-0.002352767391130328,-0.4189566671848297,0.0010631864282379068
pilot,b4_h2_w2_n10_a1.5,fr_estimated,4.0,2.0,100,0.5132075548171997,-0.005629483610391617,-0.6155683547258377,0.673755869269371,0.7142904698848724,73219450.0,-0.008933540433645248,-0.7202689051628113,0.0010915443796378856
pilot,b4_h2_w2_n10_a1.5,fr_estimated,4.0,2.0,100,0.5220125913619995,-0.012341715395450592,-0.9090668559074402,0.6741028428077698,0.7142830938100815,73403872.0,-0.015514274127781391,-1.0215792655944824,0.0011206585350833167
pilot,b4_h2_w2_n10_a1.5,fr_estimated,4.0,2.0,100,0.5308176279067993,-0.0216238871216774,-1.1993108689785004,0.6742706894874573,0.7142750471830368,73606578.0,-0.024699890986084938,-1.3161075115203857,0.0011626000946552628
pilot,b4_h2_w2_n10_a1.5,fr_estimated,4.0,2.0,100,0.5396226644515991,-0.03344329446554184,-1.4853807389736176,0.6743135899305344,0.7142665535211563,73824670.0,-0.03942060098052025,-1.5962200164794922,0.00123311291529239
pilot,b4_h2_w2_n10_a1.5,fr_estimated,4.0,2.0,100,0.5484277009963989,-0.04775979369878769,-1.7665082812309265,0.6742856353521347,0.7142578065395355,74053900.0,-0.054141219705343246,-1.876330852508545,0.0013079019292403119
pilot,b4_h2_w2_n10_a1.5,fr_estimated,4.0,2.0,100,0.557232677936554,-0.06452684476971626,-2.0420055985450745,0.6742358356714249,0.7142489850521088,74291478.0,-0.06991619616746902,-2.153317928314209,0.001393089828592595
pilot,b4_h2_w2_n10_a1.5,fr_estimated,4.0,2.0,100,0.5660377144813538,-0.08369213901460171,-2.311251401901245,0.6742040365934372,0.7142403572797775,74533346.0,-0.09216755628585815,-2.411116600036621,0.0015227678287150972
pilot,b4_h2_w2_n10_a1.5,fr_estimated,4.0,2.0,100,0.5748427510261536,-0.1051979698240757,-2.57364159822464,0.6742179542779922,0.7142318785190582,74777780.0,-0.11441904306411743,-2.668916702270508,0.0016645179566915247
pilot,b4_h2_w2_n10_a1.5,fr_estimated,4.0,2.0,100,0.5836477875709534,-0.12898185849189758,-2.8287327885627747,0.6742917001247406,0.7142237722873688,75020452.0,-0.13667039573192596,-2.92671537399292,0.0018194622250526239
pilot,b4_h2_w2_n10_a1.5,fr_estimated,4.0,2.0,100,0.5924528241157532,-0.1549786850810051,-3.0762563347816467,0.674426332116127,0.7142164409160614,75256864.0,-0.16560250520706177,-3.1667237281799316,0.0020426937746994395
pilot,b4_h2_w2_n10_a1.5,fr_estimated,4.0,2.0,100,0.601257860660553,-0.18312140926718712,-3.316161334514618,0.6746121495962143,0.7142094820737839,75481576.0,-0.19481275975704193,-3.405989170074463,0.0022958667310061086
pilot,b4_h2_w2_n10_a1.5,fr_estimated,4.0,2.0,100,0.6100628972053528,-0.21334362775087357,-3.548593759536743,0.6748320013284683,0.7142036408185959,75690944.0,-0.22402319312095642,-3.6452560424804688,0.0025804199738325836
pilot,b4_h2_w2_n10_a1.5,fr_estimated,4.0,2.0,100,0.6188679337501526,-0.2455803006887436,-3.7737327814102173,0.6750666052103043,0.7141988128423691,75882872.0,-0.2582147717475891,-3.867072105407715,0.0029586067967167654
pilot,b4_h2_w2_n10_a1.5,fr_estimated,4.0,2.0,100,0.6276729702949524,-0.2797674611210823,-3.9916338324546814,0.6752990484237671,0.7141946107149124,76057186.0,-0.29381147027015686,-4.083968162536621,0.0034113403372291063
pilot,b4_h2_w2_n10_a1.5,fr_estimated,4.0,2.0,100,0.6364780068397522,-0.31584037095308304,-4.202065825462341,0.6755199432373047,0.7141919732093811,76218228.0,-0.3294081687927246,-4.300863742828369,0.003933352316137621
pilot,b4_h2_w2_n10_a1.5,fr_estimated,4.0,2.0,100,0.645283043384552,-0.35373153537511826,-4.404635071754456,0.6757310926914215,0.7141901254653931,76371358.0,-0.36838817596435547,-4.499157905578613,0.00459703760724996
pilot,b4_h2_w2_n10_a1.5,fr_estimated,4.0,2.0,100,0.6540880799293518,-0.39336933195590973,-4.598801374435425,0.6759478151798248,0.7141887843608856,76522258.0,-0.40962398052215576,-4.685053825378418,0.005421406674647783
pilot,b4_h2_w2_n10_a1.5,fr_estimated,4.0,2.0,100,0.6628930568695068,-0.43467753380537033,-4.784055948257446,0.6761992424726486,0.7141870707273483,76675670.0,-0.4508592486381531,-4.87094783782959,0.006393592956035496
pilot,b4_h2_w2_n10_a1.5,fr_estimated,4.0,2.0,100,0.6716980934143066,-0.47757577896118164,-4.959969997406006,0.6765266954898834,0.7141869366168976,76835472.0,-0.4940970838069916,-5.043692111968994,0.007600756098477657
pilot,b4_h2_w2_n10_a1.5,fr_estimated,4.0,2.0,100,0.6805031299591064,-0.5219803750514984,-5.1262112855911255,0.6769802272319794,0.7141823917627335,77003392.0,-0.5400992631912231,-5.198273658752441,0.009136308743627537
pilot,b4_h2_w2_n10_a1.5,fr_estimated,4.0,2.0,100,0.6893081665039062,-0.5678047835826874,-5.282473206520081,0.6776136308908463,0.7141794264316559,77181912.0,-0.5861017107963562,-5.352855682373047,0.010982095193337331
pilot,b4_h2_w2_n10_a1.5,fr_estimated,4.0,2.0,100,0.698113203048706,-0.6149592250585556,-5.428383469581604,0.6784785389900208,0.7141766548156738,77371124.0,-0.6330353021621704,-5.499764442443848,0.013250040412218436
pilot,b4_h2_w2_n10_a1.5,fr_estimated,4.0,2.0,100,0.7069182395935059,-0.6633512675762177,-5.563511371612549,0.6796186119318008,0.7141716033220291,77572286.0,-0.6829182505607605,-5.622375965118408,0.016176060396809123
pilot,b4_h2_w2_n10_a1.5,fr_estimated,4.0,2.0,100,0.7157232761383057,-0.7128836959600449,-5.687426686286926,0.6810639947652817,0.7141683995723724,77783124.0,-0.7328017950057983,-5.744988918304443,0.019748283452665927
pilot,b4_h2_w2_n10_a1.5,fr_estimated,4.0,2.0,100,0.7245283126831055,-0.7634555697441101,-5.799605846405029,0.682827040553093,0.714159831404686,78000282.0,-0.7828591465950012,-5.86534309387207,0.02412614193354187
pilot,b4_h2_w2_n10_a1.5,fr_estimated,4.0,2.0,100,0.7333333492279053,-0.8149611800909042,-5.899524927139282,0.6848995089530945,0.7141556143760681,78217710.0,-0.8356486558914185,-5.9503493309021,0.029798379633651582
pilot,b4_h2_w2_n10_a1.5,fr_estimated,4.0,2.0,100,0.7421383857727051,-0.8672901540994644,-5.986617684364319,0.6872521489858627,0.7141492962837219,78431110.0,-0.888438880443573,-6.035356521606445,0.03680430844133009
pilot,b4_h2_w2_n10_a1.5,fr_estimated,4.0,2.0,100,0.7509434223175049,-0.9203269332647324,-6.060299634933472,0.6898358762264252,0.7141449451446533,78635834.0,-0.941228449344635,-6.120362758636475,0.045457289424290975
pilot,b4_h2_w2_n10_a1.5,fr_estimated,4.0,2.0,100,0.7597483992576599,-0.9739499241113663,-6.119774699211121,0.6925849467515945,0.7141392379999161,78834204.0,-0.9955719709396362,-6.166746616363525,0.05649472537027981
pilot,b4_h2_w2_n10_a1.5,fr_estimated,4.0,2.0,100,0.7685534358024597,-1.0280307531356812,-6.164281606674194,0.6954217851161957,0.7141315340995789,79029468.0,-1.0501275062561035,-6.207864761352539,0.07027171837393308
pilot,b4_h2_w2_n10_a1.5,fr_estimated,4.0,2.0,100,0.7773584723472595,-1.0824340879917145,-6.193045139312744,0.6982626616954803,0.7141245454549789,79226778.0,-1.1046829223632812,-6.2489824295043945,0.08740837336908766
pilot,b4_h2_w2_n10_a1.5,fr_estimated,4.0,2.0,100,0.7861635088920593,-1.1370174288749695,-6.2051743268966675,0.7010238617658615,0.7141216397285461,79432230.0,-1.1595503091812134,-6.254827499389648,0.10885977982830877
pilot,b4_h2_w2_n10_a1.5,fr_estimated,4.0,2.0,100,0.7949685454368591,-1.1916313171386719,-6.199960231781006,0.7036279290914536,0.7141180783510208,79647852.0,-1.2145520448684692,-6.245556831359863,0.13564858031170035
pilot,b4_h2_w2_n10_a1.5,fr_estimated,4.0,2.0,100,0.8037735819816589,-1.2461202442646027,-6.176801323890686,0.7060085833072662,0.7141103148460388,79872640.0,-1.269553303718567,-6.236285209655762,0.16902939059213984
pilot,b4_h2_w2_n10_a1.5,fr_estimated,4.0,2.0,100,0.8125786185264587,-1.3003232181072235,-6.1350942850112915,0.7081150263547897,0.7141059786081314,80106028.0,-1.3239976167678833,-6.1968817710876465,0.21015594719844904
pilot,b4_h2_w2_n10_a1.5,fr_estimated,4.0,2.0,100,0.8213836550712585,-1.354075700044632,-6.0743855237960815,0.7099140584468842,0.714104026556015,80345816.0,-1.3779278993606567,-6.129664897918701,0.2607523199863527
pilot,b4_h2_w2_n10_a1.5,fr_estimated,4.0,2.0,100,0.8301886916160583,-1.4072077870368958,-5.99418306350708,0.7113910466432571,0.7141069024801254,80593110.0,-1.4318588972091675,-6.062447547912598,0.32353101499602216
pilot,b4_h2_w2_n10_a1.5,fr_estimated,4.0,2.0,100,0.8389937281608582,-1.4595460891723633,-5.894078612327576,0.7125487774610519,0.714103490114212,80850700.0,-1.4848343133926392,-5.972735404968262,0.39989285444086586
pilot,b4_h2_w2_n10_a1.5,fr_estimated,4.0,2.0,100,0.847798764705658,-1.5109134912490845,-5.773649096488953,0.7134052515029907,0.7141040861606598,81124016.0,-1.5359563827514648,-5.839359760284424,0.4906273727795285
pilot,b4_h2_w2_n10_a1.5,fr_estimated,4.0,2.0,100,0.8566038012504578,-1.5611289739608765,-5.632433176040649,0.7139904499053955,0.71410171687603,81417440.0,-1.5870790481567383,-5.705982685089111,0.6019507229445307
pilot,b4_h2_w2_n10_a1.5,fr_estimated,4.0,2.0,100,0.8654087781906128,-1.6100073456764221,-5.469934463500977,0.7143425196409225,0.7141059637069702,81733094.0,-1.6374413967132568,-5.561031818389893,0.7362906757296105
pilot,b4_h2_w2_n10_a1.5,fr_estimated,4.0,2.0,100,0.8742138147354126,-1.6573589742183685,-5.285643219947815,0.7145044952630997,0.7141043543815613,82070470.0,-1.6838161945343018,-5.355317115783691,0.8863608715350392
pilot,b4_h2_w2_n10_a1.5,fr_estimated,4.0,2.0,100,0.8830188512802124,-1.7029899060726166,-5.079098105430603,0.7145213633775711,0.7141042947769165,82422634.0,-1.7301908731460571,-5.14960241317749,1.0670177497354452
pilot,b4_h2_w2_n10_a1.5,fr_estimated,4.0,2.0,100,0.8918238878250122,-1.746701717376709,-4.849716067314148,0.7144382447004318,0.7141070514917374,82784562.0,-1.7765662670135498,-4.943885803222656,1.2844995443390035
pilot,b4_h2_w2_n10_a1.5,fr_estimated,4.0,2.0,100,0.900628924369812,-1.7882913053035736,-4.59705126285553,0.7143000662326813,0.7141084522008896,83148560.0,-1.8162285089492798,-4.66192626953125,1.505339043003233
pilot,b4_h2_w2_n10_a1.5,fr_estimated,4.0,2.0,100,0.9094339609146118,-1.8275514543056488,-4.320613861083984,0.7141523659229279,0.7141085267066956,83508598.0,-1.8557542562484741,-4.378413200378418,1.7631837782695503
pilot,b4_h2_w2_n10_a1.5,fr_estimated,4.0,2.0,100,0.9182389974594116,-1.8642702400684357,-4.019850730895996,0.7140429466962814,0.7141080051660538,83862822.0,-1.895280361175537,-4.09489631652832,2.065196872162595
pilot,b4_h2_w2_n10_a1.5,fr_estimated,4.0,2.0,100,0.9270440340042114,-1.898231863975525,-3.694290339946747,0.7140245884656906,0.7141221612691879,84210506.0,-1.9275665283203125,-3.7479217052459717,2.3498940171565668
pilot,b4_h2_w2_n10_a1.5,fr_estimated,4.0,2.0,100,0.9358490705490112,-1.9292154610157013,-3.3434075713157654,0.7141578942537308,0.7141191810369492,84553790.0,-1.9580432176589966,-3.3850841522216797,2.654554875373122
pilot,b4_h2_w2_n10_a1.5,fr_estimated,4.0,2.0,100,0.944654107093811,-1.95699542760849,-2.9666149616241455,0.7145137190818787,0.7141256928443909,84897808.0,-1.9885197877883911,-3.022246837615967,2.9987132078341854
pilot,b4_h2_w2_n10_a1.5,fr_estimated,4.0,2.0,100,0.9534591436386108,-1.9813409745693207,-2.5632959604263306,0.7151750326156616,0.7141359448432922,85245710.0,-2.01198148727417,-2.608255386352539,3.2937609700656023
pilot,b4_h2_w2_n10_a1.5,fr_estimated,4.0,2.0,100,0.9622641801834106,-2.0020154416561127,-2.132746934890747,0.7162380516529083,0.71413354575634,85600310.0,-2.0311439037323,-2.1629223823547363,3.5561543766115324
pilot,b4_h2_w2_n10_a1.5,fr_estimated,4.0,2.0,100,0.9710691571235657,-2.018775999546051,-1.674303114414215,0.7178120911121368,0.7141376584768295,85962974.0,-2.0503058433532715,-1.7175945043563843,3.8394437071999947
pilot,b4_h2_w2_n10_a1.5,fr_estimated,4.0,2.0,100,0.9798741936683655,-2.0313743352890015,-1.1873213052749634,0.7200182527303696,0.7141448110342026,86333640.0,-2.0634405612945557,-1.2336201667785645,4.0465568537248595
pilot,b4_h2_w2_n10_a1.5,fr_estimated,4.0,2.0,100,0.9886792302131653,-2.0395570397377014,-0.6713059842586517,0.7229874730110168,0.714135617017746,86710390.0,-2.068904161453247,-0.7004614472389221,4.135965354454595
pilot,b4_h2_w2_n10_a1.5,fr_estimated,4.0,2.0,100,0.9974842667579651,-2.0430665016174316,-0.12587912939488888,0.7268578112125397,0.7141417413949966,87094340.0,-2.0743677616119385,-0.16730906069278717,4.2273493321865585
pilot,b4_h2_w2_n10_a1.5,fr_estimated,4.0,2.0,100,1.0062893629074097,-2.041642963886261,0.4492316022515297,0.7317707389593124,0.7141703367233276,87485354.0,-2.0756096839904785,0.39012205600738525,4.248401738752277
pilot,b4_h2_w2_n10_a1.5,fr_estimated,4.0,2.0,100,1.01509428024292,-2.0350236892700195,1.0542798042297363,0.7378673851490021,0.7141645699739456,87886272.0,-2.064838171005249,1.016613483428955,4.06924223387242
pilot,b4_h2_w2_n10_a1.5,fr_estimated,4.0,2.0,100,1.0238993167877197,-2.02294385433197,1.6895649135112762,0.7452841997146606,0.7141560465097427,88298340.0,-2.0540664196014404,1.6431201696395874,3.8976343539403473
pilot,b4_h2_w2_n10_a1.5,fr_estimated,4.0,2.0,100,1.0327043533325195,-2.005135476589203,2.355483114719391,0.7541475594043732,0.7141553610563278,88722760.0,-2.041774272918701,2.277968645095825,3.710628266863567
pilot,b4_h2_w2_n10_a1.5,fr_estimated,4.0,2.0,100,1.0415093898773193,-1.9813269674777985,3.052461564540863,0.764567956328392,0.714156374335289,89161744.0,-2.0119998455047607,3.0088140964508057,3.2940028494400466
pilot,b4_h2_w2_n10_a1.5,fr_estimated,4.0,2.0,100,1.0503144264221191,-1.951242059469223,3.7811115980148315,0.7766325324773788,0.7141604572534561,89612862.0,-1.9822250604629517,3.739668369293213,2.9241515102243314
pilot,b4_h2_w2_n10_a1.5,fr_estimated,4.0,2.0,100,1.059119462966919,-1.9145988821983337,4.542113184928894,0.7903968393802643,0.7141642272472382,90073806.0,-1.9524505138397217,4.470513820648193,2.5958296334660003
pilot,b4_h2_w2_n10_a1.5,fr_estimated,4.0,2.0,100,1.0679244995117188,-1.8711096942424774,5.336145401000977,0.8058748543262482,0.7141621559858322,90542876.0,-1.9029031991958618,5.298164367675781,2.1291373795359787
pilot,b4_h2_w2_n10_a1.5,fr_estimated,4.0,2.0,100,1.0767295360565186,-1.8204801380634308,6.163991928100586,0.8230288326740265,0.7141633480787277,91017442.0,-1.8511592149734497,6.136568069458008,1.7310721815655572
pilot,b4_h2_w2_n10_a1.5,fr_estimated,4.0,2.0,100,1.0855345726013184,-1.7624097168445587,7.026282548904419,0.8417583405971527,0.7141612470149994,91496998.0,-1.7994146347045898,6.974982738494873,1.4074262103155624
pilot,b4_h2_w2_n10_a1.5,fr_estimated,4.0,2.0,100,1.0943396091461182,-1.6965933442115784,7.923628926277161,0.8618906438350677,0.7141725420951843,91980330.0,-1.7296924591064453,7.890204429626465,1.0648926023380065
pilot,b4_h2_w2_n10_a1.5,fr_estimated,4.0,2.0,100,1.103144645690918,-1.6227192282676697,8.856333255767822,0.883174255490303,0.7141638696193695,92467026.0,-1.6529794931411743,8.835295677185059,0.7835049396119036
pilot,b4_h2_w2_n10_a1.5,fr_estimated,4.0,2.0,100,1.1119496822357178,-1.540477305650711,9.82432746887207,0.9052736610174179,0.714170292019844,92953552.0,-1.5762666463851929,9.780387878417969,0.5764715444255302
pilot,b4_h2_w2_n10_a1.5,fr_estimated,4.0,2.0,100,1.1207547187805176,-1.449558049440384,10.827320098876953,0.9277716428041458,0.7141676843166351,93427426.0,-1.4844400882720947,10.784225463867188,0.3992627601344533
pilot,b4_h2_w2_n10_a1.5,fr_estimated,4.0,2.0,100,1.1295597553253174,-1.3496586084365845,11.864139080047607,0.9501765817403793,0.7141775786876678,93865314.0,-1.379741907119751,11.838081359863281,0.2626512278487244
pilot,b4_h2_w2_n10_a1.5,fr_estimated,4.0,2.0,100,1.1383647918701172,-1.240489274263382,12.932879447937012,0.9719361066818237,0.7141701579093933,94222552.0,-1.2750437259674072,12.891937255859375,0.172782624322918
pilot,b4_h2_w2_n10_a1.5,fr_estimated,4.0,2.0,100,1.147169828414917,-1.1217846274375916,14.03000521659851,0.9924580156803131,0.7141775637865067,94423452.0,-1.1594865322113037,13.962519645690918,0.10883201238269652
pilot,b4_h2_w2_n10_a1.5,fr_estimated,4.0,2.0,100,1.1559748649597168,-0.9933179914951324,15.150260210037231,1.0111360847949982,0.7141782194375992,94345792.0,-1.0246305465698242,15.062797546386719,0.06345821006498878
pilot,b4_h2_w2_n10_a1.5,fr_estimated,4.0,2.0,100,1.1647799015045166,-0.8549194782972336,16.285955905914307,1.0273806303739548,0.7141761034727097,93808904.0,-0.8897745013237,16.163074493408203,0.03700146102594942
pilot,b4_h2_w2_n10_a1.5,fr_estimated,4.0,2.0,100,1.1735849380493164,-0.7064939439296722,17.427825450897217,1.040650725364685,0.714177131652832,92566180.0,-0.7499493360519409,17.222148895263672,0.021150356009802848
pilot,b4_h2_w2_n10_a1.5,fr_estimated,4.0,2.0,100,1.1823899745941162,-0.5480317920446396,18.5657000541687,1.0504859238862991,0.7141749560832977,90317924.0,-0.5874879360198975,18.093551635742188,0.011043158962614008
pilot,b4_h2_w2_n10_a1.5,fr_estimated,4.0,2.0,100,1.191195011138916,-0.3796086087822914,19.690401554107666,1.0565344542264938,0.7141713947057724,86754000.0,-0.42502856254577637,18.964942932128906,0.0057659714279525084
pilot,b4_h2_w2_n10_a1.5,fr_estimated,4.0,2.0,100,1.2000000476837158,-0.2018757350742817,20.680328369140625,1.0585757195949554,0.7141671478748322,81634198.0,-0.11444064974784851,0.0,0.001664661821760549
pilot,b4_h2_w2_n10_a1.5,fr_uniform,4.0,2.0,100,-0.20000000298023224,-0.1809772066771984,-21.37593698501587,0.8140986859798431,0.714285671710968,50557040.0,-0.11444064974784851,-20.759286880493164,0.001664661821760549
pilot,b4_h2_w2_n10_a1.5,fr_uniform,4.0,2.0,100,-0.19119496643543243,-0.36406247317790985,-20.210549354553223,0.8134027719497681,0.714285671710968,55193960.0,-0.2831096053123474,-19.750905990600586,0.003268391000403121
pilot,b4_h2_w2_n10_a1.5,fr_uniform,4.0,2.0,100,-0.18238992989063263,-0.5362608134746552,-18.903117179870605,0.8113400936126709,0.714285671710968,58920625.0,-0.4517785310745239,-18.74252700805664,0.006417146304694841
pilot,b4_h2_w2_n10_a1.5,fr_uniform,4.0,2.0,100,-0.17358490824699402,-0.6969562470912933,-17.597681045532227,0.8079840689897537,0.714285671710968,61849557.0,-0.6204472184181213,-17.734148025512695,0.01259938832860342
pilot,b4_h2_w2_n10_a1.5,fr_uniform,4.0,2.0,100,-0.1647798717021942,-0.8462116867303848,-16.304606914520264,0.8034518361091614,0.714285671710968,64152055.0,-0.7632948160171509,-16.535125732421875,0.022310081417856762
pilot,b4_h2_w2_n10_a1.5,fr_uniform,4.0,2.0,100,-0.1559748500585556,-0.9841850101947784,-15.035082578659058,0.7978965193033218,0.714285671710968,66002500.0,-0.9004741311073303,-15.294258117675781,0.038619445466607775
pilot,b4_h2_w2_n10_a1.5,fr_uniform,4.0,2.0,100,-0.1471698135137558,-1.1111270785331726,-13.798882007598877,0.7914977520704269,0.714285671710968,67544281.0,-1.0376536846160889,-14.053386688232422,0.06685152611427987
pilot,b4_h2_w2_n10_a1.5,fr_uniform,4.0,2.0,100,-0.138364776968956,-1.2273623645305634,-12.603114128112793,0.7844512760639191,0.714285671710968,68878404.0,-1.1533972024917603,-12.86970043182373,0.10621317969791941
pilot,b4_h2_w2_n10_a1.5,fr_uniform,4.0,2.0,100,-0.12955975532531738,-1.3332633674144745,-11.451568126678467,0.7769581228494644,0.714285671710968,70066142.0,-1.2570830583572388,-11.718180656433105,0.1608048675607026
pilot,b4_h2_w2_n10_a1.5,fr_uniform,4.0,2.0,100,-0.12075471878051758,-1.4292271137237549,-10.345902442932129,0.76921446621418,0.714285671710968,71140178.0,-1.3607689142227173,-10.566658973693848,0.2434557133564625
pilot,b4_h2_w2_n10_a1.5,fr_uniform,4.0,2.0,100,-0.11194968223571777,-1.5156564116477966,-9.28588581085205,0.7614032477140427,0.714285671710968,72115992.0,-1.4505808353424072,-9.483526229858398,0.3486898116389511
pilot,b4_h2_w2_n10_a1.5,fr_uniform,4.0,2.0,100,-0.10314465314149857,-1.5929493010044098,-8.270657777786255,0.7536868900060654,0.714285671710968,72997460.0,-1.524105429649353,-8.480676651000977,0.46791240629101666
pilot,b4_h2_w2_n10_a1.5,fr_uniform,4.0,2.0,100,-0.09433962404727936,-1.6614950299263,-7.299011707305908,0.7462021112442017,0.714285671710968,73785082.0,-1.5976301431655884,-7.477827072143555,0.6278994024278155
pilot,b4_h2_w2_n10_a1.5,fr_uniform,4.0,2.0,100,-0.08553458750247955,-1.721672147512436,-6.369788408279419,0.7390572428703308,0.714285671710968,74473556.0,-1.6638137102127075,-6.512210845947266,0.818206078522983
pilot,b4_h2_w2_n10_a1.5,fr_uniform,4.0,2.0,100,-0.07672955840826035,-1.7738489210605621,-5.481790781021118,0.7323305159807205,0.714285671710968,75057428.0,-1.7111204862594604,-5.642340183258057,0.9886509517032744
pilot,b4_h2_w2_n10_a1.5,fr_uniform,4.0,2.0,100,-0.06792452931404114,-1.8183825016021729,-4.63369357585907,0.7260702699422836,0.714285671710968,75531230.0,-1.7584270238876343,-4.772469520568848,1.194600966443713
pilot,b4_h2_w2_n10_a1.5,fr_uniform,4.0,2.0,100,-0.05911949649453163,-1.8556187748908997,-3.8242748975753784,0.7202964723110199,0.714285671710968,75889798.0,-1.8034695386886597,-3.914851188659668,1.4304402578771886
pilot,b4_h2_w2_n10_a1.5,fr_uniform,4.0,2.0,100,-0.050314463675022125,-1.8858932852745056,-3.0523468255996704,0.7150029838085175,0.714285671710968,76129732.0,-1.8281351327896118,-3.167504072189331,1.5787677630130674
pilot,b4_h2_w2_n10_a1.5,fr_uniform,4.0,2.0,100,-0.04150943458080292,-1.9095310270786285,-2.316807210445404,0.7101607024669647,0.714285671710968,76251620.0,-1.852800726890564,-2.4201560020446777,1.74247588167592
pilot,b4_h2_w2_n10_a1.5,fr_uniform,4.0,2.0,100,-0.03270440176129341,-1.9268482625484467,-1.6166726350784302,0.7057214677333832,0.714285671710968,76255448.0,-1.8774663209915161,-1.6728079319000244,1.9231594851086051
pilot,b4_h2_w2_n10_a1.5,fr_uniform,4.0,2.0,100,-0.023899370804429054,-1.9381525814533234,-0.9510284215211868,0.7016222327947617,0.714285671710968,76145664.0,-1.8843638896942139,-1.0314445495605469,1.9769587391829757
pilot,b4_h2_w2_n10_a1.5,fr_uniform,4.0,2.0,100,-0.015094339847564697,-1.9437440931797028,-0.3190317004919052,0.6977900117635727,0.714285671710968,75928630.0,-1.8897165060043335,-0.39929476380348206,2.019742723692385
pilot,b4_h2_w2_n10_a1.5,fr_uniform,4.0,2.0,100,-0.006289307959377766,-1.9439154267311096,0.2801109179854393,0.6941469311714172,0.714285671710968,75613212.0,-1.8950691223144531,0.23285403847694397,2.0634526098375856
pilot,b4_h2_w2_n10_a1.5,fr_uniform,4.0,2.0,100,0.002515723230317235,-1.9389528930187225,0.8471009880304337,0.6906155049800873,0.714285671710968,75213860.0,-1.8883930444717407,0.7886189222335815,2.0090787680649336
pilot,b4_h2_w2_n10_a1.5,fr_uniform,4.0,2.0,100,0.011320754885673523,-1.929137259721756,1.38245889544487,0.6871240139007568,0.714285671710968,74747738.0,-1.8774906396865845,1.3175477981567383,1.9233465691240805
pilot,b4_h2_w2_n10_a1.5,fr_uniform,4.0,2.0,100,0.02012578584253788,-1.9147455394268036,1.886516958475113,0.6836114674806595,0.714285671710968,74235114.0,-1.8665882349014282,1.8464765548706055,1.8412727682769534
pilot,b4_h2_w2_n10_a1.5,fr_uniform,4.0,2.0,100,0.028930816799402237,-1.8960524201393127,2.359481990337372,0.680032029747963,0.714285671710968,73693584.0,-1.8481762409210205,2.319394588470459,1.7105399458140995
pilot,b4_h2_w2_n10_a1.5,fr_uniform,4.0,2.0,100,0.03773584961891174,-1.8733308911323547,2.801551103591919,0.6763584911823273,0.714285671710968,73139436.0,-1.8238639831542969,2.748304605484009,1.5520242511698241
pilot,b4_h2_w2_n10_a1.5,fr_uniform,4.0,2.0,100,0.04654087871313095,-1.8468518555164337,3.212986469268799,0.6725844889879227,0.714285671710968,72585316.0,-1.7995518445968628,3.177213430404663,1.4081988735250364
pilot,b4_h2_w2_n10_a1.5,fr_uniform,4.0,2.0,100,0.05534591153264046,-1.8168829679489136,3.594238817691803,0.6687253266572952,0.714285671710968,72036310.0,-1.7712202072143555,3.5672590732574463,1.2573231081490865
pilot,b4_h2_w2_n10_a1.5,fr_uniform,4.0,2.0,100,0.06415094435214996,-1.7836880385875702,3.9457541704177856,0.6648170500993729,0.714285671710968,71498758.0,-1.7363301515579224,3.893895387649536,1.0935450092468766
pilot,b4_h2_w2_n10_a1.5,fr_uniform,4.0,2.0,100,0.07295597344636917,-1.7475265562534332,4.268028497695923,0.6609141081571579,0.714285671710968,70975610.0,-1.7014403343200684,4.220530986785889,0.9511014471469084
pilot,b4_h2_w2_n10_a1.5,fr_uniform,4.0,2.0,100,0.08176100999116898,-1.708654373884201,4.561521887779236,0.6570854038000107,0.714285671710968,70471200.0,-1.6649824380874634,4.528520584106445,0.8220400743410119
pilot,b4_h2_w2_n10_a1.5,fr_uniform,4.0,2.0,100,0.09056603908538818,-1.6673228740692139,4.826643466949463,0.6534094363451004,0.714285671710968,69989854.0,-1.622252106666565,4.761928081512451,0.6928876192282992
pilot,b4_h2_w2_n10_a1.5,fr_uniform,4.0,2.0,100,0.09937106817960739,-1.623780608177185,5.063664793968201,0.6499683111906052,0.714285671710968,69537968.0,-1.5795215368270874,4.995336532592773,0.5840260225906142
pilot,b4_h2_w2_n10_a1.5,fr_uniform,4.0,2.0,100,0.1081760972738266,-1.578273743391037,5.272892117500305,0.6468420475721359,0.714285671710968,69118830.0,-1.5366840362548828,5.227057456970215,0.49205747992155924
pilot,b4_h2_w2_n10_a1.5,fr_uniform,4.0,2.0,100,0.1169811338186264,-1.531046062707901,5.454519867897034,0.6441024243831635,0.714285671710968,68736838.0,-1.488599419593811,5.376084327697754,0.4059609903618496
pilot,b4_h2_w2_n10_a1.5,fr_uniform,4.0,2.0,100,0.1257861703634262,-1.4823400676250458,5.608721375465393,0.6418080627918243,0.714285671710968,68391782.0,-1.4405149221420288,5.525111198425293,0.33492917190627997
pilot,b4_h2_w2_n10_a1.5,fr_uniform,4.0,2.0,100,0.13459119200706482,-1.4323967099189758,5.735556125640869,0.640000119805336,0.714285671710968,68082504.0,-1.392430305480957,5.674138069152832,0.2763258031354848
pilot,b4_h2_w2_n10_a1.5,fr_uniform,4.0,2.0,100,0.14339622855186462,-1.381457895040512,5.834821581840515,0.638699546456337,0.714285671710968,67805945.0,-1.3418632745742798,5.750111103057861,0.22572388218124273
pilot,b4_h2_w2_n10_a1.5,fr_uniform,4.0,2.0,100,0.15220126509666443,-1.3297680616378784,5.906171917915344,0.6379057019948959,0.714285671710968,67558158.0,-1.2908235788345337,5.812170028686523,0.18404010744415053
pilot,b4_h2_w2_n10_a1.5,fr_uniform,4.0,2.0,100,0.16100628674030304,-1.2775757014751434,5.948937296867371,0.6375962942838669,0.714285671710968,67336485.0,-1.2397841215133667,5.8742289543151855,0.15005409761005548
pilot,b4_h2_w2_n10_a1.5,fr_uniform,4.0,2.0,100,0.16981132328510284,-1.2251359224319458,5.9623863697052,0.6377289891242981,0.714285671710968,67138724.0,-1.1885087490081787,5.871189594268799,0.12222876230543213
pilot,b4_h2_w2_n10_a1.5,fr_uniform,4.0,2.0,100,0.17861634492874146,-1.1727107763290405,5.945598244667053,0.6382438093423843,0.714285671710968,66967035.0,-1.1371123790740967,5.834615230560303,0.09951505209440958
pilot,b4_h2_w2_n10_a1.5,fr_uniform,4.0,2.0,100,0.18742138147354126,-1.1205686032772064,5.89813506603241,0.639067068696022,0.714285671710968,66824675.0,-1.085715889930725,5.798040390014648,0.08102218073984842
pilot,b4_h2_w2_n10_a1.5,fr_uniform,4.0,2.0,100,0.19622641801834106,-1.0689798593521118,5.819868326187134,0.6401153206825256,0.714285671710968,66721773.0,-1.0354418754577637,5.716399669647217,0.0662626834993241
pilot,b4_h2_w2_n10_a1.5,fr_uniform,4.0,2.0,100,0.20503143966197968,-1.018209457397461,5.712245345115662,0.6413000971078873,0.714285671710968,66672383.0,-0.9863837361335754,5.5859375,0.05445607090972507
pilot,b4_h2_w2_n10_a1.5,fr_uniform,4.0,2.0,100,0.21383647620677948,-0.9684996455907822,5.5789912939071655,0.6425322145223618,0.714285671710968,66695202.0,-0.937325656414032,5.455475330352783,0.04475315832895555
pilot,b4_h2_w2_n10_a1.5,fr_uniform,4.0,2.0,100,0.22264151275157928,-0.9200460463762283,5.426893353462219,0.643726259469986,0.714285671710968,66812783.0,-0.8894739747047424,5.317124843597412,0.036957008053990784
pilot,b4_h2_w2_n10_a1.5,fr_uniform,4.0,2.0,100,0.2314465343952179,-0.8729685693979263,5.266415119171143,0.6448041498661041,0.714285671710968,67040079.0,-0.8444370031356812,5.160369873046875,0.03086452315346211
pilot,b4_h2_w2_n10_a1.5,fr_uniform,4.0,2.0,100,0.2402515709400177,-0.8272854834794998,5.110178828239441,0.6456979066133499,0.714285671710968,67382945.0,-0.7994000315666199,5.003614902496338,0.02577640452113738
pilot,b4_h2_w2_n10_a1.5,fr_uniform,4.0,2.0,100,0.2490566074848175,-0.7829037010669708,4.970818519592285,0.6463518291711807,0.714285671710968,67827145.0,-0.7547804713249207,4.854660987854004,0.021563051667787263
pilot,b4_h2_w2_n10_a1.5,fr_uniform,4.0,2.0,100,0.2578616440296173,-0.7396351993083954,4.857324957847595,0.6467232704162598,0.714285671710968,68342454.0,-0.7132225632667542,4.762916564941406,0.018260671462817527
pilot,b4_h2_w2_n10_a1.5,fr_uniform,4.0,2.0,100,0.2666666805744171,-0.6972384005784988,4.772799849510193,0.646782785654068,0.714285671710968,68885270.0,-0.6716644167900085,4.671171188354492,0.01546403586123778
pilot,b4_h2_w2_n10_a1.5,fr_uniform,4.0,2.0,100,0.27547168731689453,-0.6554744392633438,4.713583588600159,0.6465134769678116,0.714285671710968,69408414.0,-0.6301068067550659,4.579427242279053,0.013095735210843023
pilot,b4_h2_w2_n10_a1.5,fr_uniform,4.0,2.0,100,0.28427672386169434,-0.6141586601734161,4.670995235443115,0.6459095180034637,0.714285671710968,69874430.0,-0.5903586149215698,4.530884265899658,0.011170695246488654
pilot,b4_h2_w2_n10_a1.5,fr_uniform,4.0,2.0,100,0.29308176040649414,-0.5731932073831558,4.634011626243591,0.6449744254350662,0.714285671710968,70258724.0,-0.5507261753082275,4.485098838806152,0.009533044151992671
pilot,b4_h2_w2_n10_a1.5,fr_uniform,4.0,2.0,100,0.30188679695129395,-0.5325756222009659,4.591973781585693,0.6437191814184189,0.714285671710968,70555954.0,-0.5110935568809509,4.4393134117126465,0.008135470872393078
pilot,b4_h2_w2_n10_a1.5,fr_uniform,4.0,2.0,100,0.31069183349609375,-0.4923863485455513,4.536757826805115,0.6421603560447693,0.714285671710968,70772542.0,-0.47275641560554504,4.370600700378418,0.00697885634675313
pilot,b4_h2_w2_n10_a1.5,fr_uniform,4.0,2.0,100,0.31949687004089355,-0.4527640789747238,4.463155508041382,0.6403186321258545,0.714285671710968,70925212.0,-0.43482810258865356,4.294648170471191,0.0059964750451531905
pilot,b4_h2_w2_n10_a1.5,fr_uniform,4.0,2.0,100,0.32830187678337097,-0.4138806313276291,4.36893892288208,0.6382176727056503,0.714285671710968,71030944.0,-0.3968997597694397,4.218695163726807,0.0051523783975551945
pilot,b4_h2_w2_n10_a1.5,fr_uniform,4.0,2.0,100,0.3371069133281708,-0.37591877579689026,4.253838300704956,0.6358836442232132,0.714285671710968,71104854.0,-0.36067646741867065,4.109075546264648,0.004457398337517826
pilot,b4_h2_w2_n10_a1.5,fr_uniform,4.0,2.0,100,0.3459119498729706,-0.33905816823244095,4.118784308433533,0.6333449929952621,0.714285671710968,71158752.0,-0.3256874680519104,3.9750759601593018,0.003875246470082976
pilot,b4_h2_w2_n10_a1.5,fr_uniform,4.0,2.0,100,0.3547169864177704,-0.3034680336713791,3.9652538895606995,0.6306330859661102,0.714285671710968,71201672.0,-0.29069870710372925,3.8410773277282715,0.0033691288928190746
pilot,b4_h2_w2_n10_a1.5,fr_uniform,4.0,2.0,100,0.3635220229625702,-0.2693042755126953,3.794794738292694,0.6277826428413391,0.714285671710968,71242034.0,-0.25749313831329346,3.6868932247161865,0.0029500789922018954
pilot,b4_h2_w2_n10_a1.5,fr_uniform,4.0,2.0,100,0.3723270297050476,-0.23670931532979012,3.6089388132095337,0.6248325854539871,0.714285671710968,71286362.0,-0.22696292400360107,3.5024352073669434,0.0026109420365871584
pilot,b4_h2_w2_n10_a1.5,fr_uniform,4.0,2.0,100,0.3811320662498474,-0.20581229031085968,3.4090956449508667,0.6218268126249313,0.714285671710968,71340892.0,-0.19643236696720123,3.3179750442504883,0.0023107886232697854
pilot,b4_h2_w2_n10_a1.5,fr_uniform,4.0,2.0,100,0.3899371027946472,-0.17673040926456451,3.1966419219970703,0.6188145726919174,0.714285671710968,71408622.0,-0.16717609763145447,3.1236703395843506,0.002055591794364438
pilot,b4_h2_w2_n10_a1.5,fr_uniform,4.0,2.0,100,0.398742139339447,-0.14956915751099586,2.9728391766548157,0.6158504486083984,0.714285671710968,71488976.0,-0.1424369364976883,2.8944571018218994,0.0018619180009893405
pilot,b4_h2_w2_n10_a1.5,fr_uniform,4.0,2.0,100,0.4075471758842468,-0.12442377954721451,2.7387503385543823,0.6129937022924423,0.714285671710968,71578276.0,-0.11769792437553406,2.665245532989502,0.0016864927746113533
pilot,b4_h2_w2_n10_a1.5,fr_uniform,4.0,2.0,100,0.41635221242904663,-0.101380605250597,2.495339572429657,0.6103074103593826,0.714285671710968,71669810.0,-0.09323494881391525,2.434645414352417,0.0015292832919403163
pilot,b4_h2_w2_n10_a1.5,fr_uniform,4.0,2.0,100,0.42515721917152405,-0.08051874861121178,2.243295669555664,0.6078566759824753,0.714285671710968,71758800.0,-0.07539906352758408,2.1707687377929688,0.0014239798290094203
pilot,b4_h2_w2_n10_a1.5,fr_uniform,4.0,2.0,100,0.43396225571632385,-0.061911504715681076,1.9832045137882233,0.6057062447071075,0.714285671710968,71838558.0,-0.05756328999996185,1.9068934917449951,0.0013259279497613628
pilot,b4_h2_w2_n10_a1.5,fr_uniform,4.0,2.0,100,0.44276729226112366,-0.04562782123684883,1.7155149579048157,0.6039187014102936,0.714285671710968,71908390.0,-0.039727408438920975,1.6430168151855469,0.001234627157221624
pilot,b4_h2_w2_n10_a1.5,fr_uniform,4.0,2.0,100,0.45157232880592346,-0.03173278644680977,1.4406421184539795,0.6025515347719193,0.714285671710968,71969532.0,-0.02852104790508747,1.3594834804534912,0.0011805065020166132
pilot,b4_h2_w2_n10_a1.5,fr_uniform,4.0,2.0,100,0.46037736535072327,-0.020287398248910904,1.1590944826602936,0.6016550213098526,0.714285671710968,72026508.0,-0.018393727019429207,1.0727486610412598,0.001133640688401352
pilot,b4_h2_w2_n10_a1.5,fr_uniform,4.0,2.0,100,0.46918240189552307,-0.011347468942403793,0.8715340495109558,0.6012700796127319,0.714285671710968,72086364.0,-0.008266470395028591,0.7860154509544373,0.0010886357157228175
pilot,b4_h2_w2_n10_a1.5,fr_uniform,4.0,2.0,100,0.4779874086380005,-0.0049619488418102264,0.5788954794406891,0.6014266014099121,0.714285671710968,72155066.0,-0.003750614356249571,0.4884302020072937,0.0010691477664722226
pilot,b4_h2_w2_n10_a1.5,fr_uniform,4.0,2.0,100,0.4867924451828003,-0.0011701993644237518,0.2823737859725952,0.6021421700716019,0.714285671710968,72239460.0,-0.0018753129988908768,0.18573826551437378,0.0010611578738191944
pilot,b4_h2_w2_n10_a1.5,fr_uniform,4.0,2.0,100,0.4955974817276001,0.0,-0.016571262385696173,0.6034213751554489,0.714285671710968,72344310.0,0.0,-0.11695550382137299,0.0010532276417206175
pilot,b4_h2_w2_n10_a1.5,fr_uniform,4.0,2.0,100,0.5044025182723999,-0.0014655515551567078,-0.3163187950849533,0.605255588889122,0.714285671710968,72471762.0,-0.002352767391130328,-0.4189566671848297,0.0010631864282379068
pilot,b4_h2_w2_n10_a1.5,fr_uniform,4.0,2.0,100,0.5132075548171997,-0.005566611886024475,-0.6152074933052063,0.6076229363679886,0.714285671710968,72623494.0,-0.008933540433645248,-0.7202689051628113,0.0010915443796378856
pilot,b4_h2_w2_n10_a1.5,fr_uniform,4.0,2.0,100,0.5220125913619995,-0.012288704514503479,-0.9116672277450562,0.6104887872934341,0.714285671710968,72798166.0,-0.015514274127781391,-1.0215792655944824,0.0011206585350833167
pilot,b4_h2_w2_n10_a1.5,fr_uniform,4.0,2.0,100,0.5308176279067993,-0.021604478359222412,-1.2043435275554657,0.6138063073158264,0.714285671710968,72993076.0,-0.024699890986084938,-1.3161075115203857,0.0011626000946552628
pilot,b4_h2_w2_n10_a1.5,fr_uniform,4.0,2.0,100,0.5396226644515991,-0.03347575291991234,-1.4921299517154694,0.6175176799297333,0.714285671710968,73203968.0,-0.03942060098052025,-1.5962200164794922,0.00123311291529239
pilot,b4_h2_w2_n10_a1.5,fr_uniform,4.0,2.0,100,0.5484277009963989,-0.04785595089197159,-1.774227797985077,0.6215550750494003,0.714285671710968,73426894.0,-0.054141219705343246,-1.876330852508545,0.0013079019292403119
pilot,b4_h2_w2_n10_a1.5,fr_uniform,4.0,2.0,100,0.557232677936554,-0.06469223462045193,-2.050011396408081,0.6258424669504166,0.714285671710968,73658434.0,-0.06991619616746902,-2.153317928314209,0.001393089828592595
pilot,b4_h2_w2_n10_a1.5,fr_uniform,4.0,2.0,100,0.5660377144813538,-0.08392701297998428,-2.319028377532959,0.63029745221138,0.714285671710968,73896812.0,-0.09216755628585815,-2.411116600036621,0.0015227678287150972
pilot,b4_h2_w2_n10_a1.5,fr_uniform,4.0,2.0,100,0.5748427510261536,-0.10549905151128769,-2.580903172492981,0.634834036231041,0.714285671710968,74140744.0,-0.11441904306411743,-2.668916702270508,0.0016645179566915247
pilot,b4_h2_w2_n10_a1.5,fr_uniform,4.0,2.0,100,0.5836477875709534,-0.12934432923793793,-2.835414469242096,0.6393651515245438,0.714285671710968,74386652.0,-0.13667039573192596,-2.92671537399292,0.0018194622250526239
pilot,b4_h2_w2_n10_a1.5,fr_uniform,4.0,2.0,100,0.5924528241157532,-0.1553974598646164,-3.0823652148246765,0.6438063383102417,0.714285671710968,74635962.0,-0.16560250520706177,-3.1667237281799316,0.0020426937746994395
pilot,b4_h2_w2_n10_a1.5,fr_uniform,4.0,2.0,100,0.601257860660553,-0.18359235301613808,-3.321886658668518,0.6480788737535477,0.714285671710968,74883568.0,-0.19481275975704193,-3.405989170074463,0.0022958667310061086
pilot,b4_h2_w2_n10_a1.5,fr_uniform,4.0,2.0,100,0.6100628972053528,-0.2138637825846672,-3.5540480613708496,0.6521131098270416,0.714285671710968,75130128.0,-0.22402319312095642,-3.6452560424804688,0.0025804199738325836
pilot,b4_h2_w2_n10_a1.5,fr_uniform,4.0,2.0,100,0.6188679337501526,-0.24614791944622993,-3.779059588909149,0.6558516323566437,0.714285671710968,75375520.0,-0.2582147717475891,-3.867072105407715,0.0029586067967167654
pilot,b4_h2_w2_n10_a1.5,fr_uniform,4.0,2.0,100,0.6276729702949524,-0.28038210421800613,-3.996985137462616,0.6592514663934708,0.714285671710968,75618984.0,-0.29381147027015686,-4.083968162536621,0.0034113403372291063
pilot,b4_h2_w2_n10_a1.5,fr_uniform,4.0,2.0,100,0.6364780068397522,-0.31650303304195404,-4.207619905471802,0.6622852683067322,0.714285671710968,75862610.0,-0.3294081687927246,-4.300863742828369,0.003933352316137621
pilot,b4_h2_w2_n10_a1.5,fr_uniform,4.0,2.0,100,0.645283043384552,-0.3544447794556618,-4.410573482513428,0.6649418920278549,0.714285671710968,76107344.0,-0.36838817596435547,-4.499157905578613,0.00459703760724996
pilot,b4_h2_w2_n10_a1.5,fr_uniform,4.0,2.0,100,0.6540880799293518,-0.3941376134753227,-4.605365514755249,0.6672253459692001,0.714285671710968,76352136.0,-0.40962398052215576,-4.685053825378418,0.005421406674647783
pilot,b4_h2_w2_n10_a1.5,fr_uniform,4.0,2.0,100,0.6628930568695068,-0.4355069324374199,-4.7913737297058105,0.669153019785881,0.714285671710968,76597660.0,-0.4508592486381531,-4.87094783782959,0.006393592956035496
pilot,b4_h2_w2_n10_a1.5,fr_uniform,4.0,2.0,100,0.6716980934143066,-0.4784731939435005,-4.968098402023315,0.67075315117836,0.714285671710968,76840946.0,-0.4940970838069916,-5.043692111968994,0.007600756098477657
pilot,b4_h2_w2_n10_a1.5,fr_uniform,4.0,2.0,100,0.6805031299591064,-0.522952064871788,-5.134949684143066,0.6720614731311798,0.714285671710968,77080978.0,-0.5400992631912231,-5.198273658752441,0.009136308743627537
pilot,b4_h2_w2_n10_a1.5,fr_uniform,4.0,2.0,100,0.6893081665039062,-0.5688543170690536,-5.291414976119995,0.6731181442737579,0.714285671710968,77314954.0,-0.5861017107963562,-5.352855682373047,0.010982095193337331
pilot,b4_h2_w2_n10_a1.5,fr_uniform,4.0,2.0,100,0.698113203048706,-0.6160858273506165,-5.436955213546753,0.6739648878574371,0.714285671710968,77541866.0,-0.6330353021621704,-5.499764442443848,0.013250040412218436
pilot,b4_h2_w2_n10_a1.5,fr_uniform,4.0,2.0,100,0.7069182395935059,-0.6645487844944,-5.571051001548767,0.6746423691511154,0.714285671710968,77759934.0,-0.6829182505607605,-5.622375965118408,0.016176060396809123
pilot,b4_h2_w2_n10_a1.5,fr_uniform,4.0,2.0,100,0.7157232761383057,-0.7141400873661041,-5.693252921104431,0.6751889139413834,0.714285671710968,77969514.0,-0.7328017950057983,-5.744988918304443,0.019748283452665927
pilot,b4_h2_w2_n10_a1.5,fr_uniform,4.0,2.0,100,0.7245283126831055,-0.7647534906864166,-5.80320680141449,0.6756396293640137,0.714285671710968,78171156.0,-0.7828591465950012,-5.86534309387207,0.02412614193354187
pilot,b4_h2_w2_n10_a1.5,fr_uniform,4.0,2.0,100,0.7333333492279053,-0.8162795007228851,-5.900582551956177,0.6760271340608597,0.714285671710968,78366374.0,-0.8356486558914185,-5.9503493309021,0.029798379633651582
pilot,b4_h2_w2_n10_a1.5,fr_uniform,4.0,2.0,100,0.7421383857727051,-0.8686061054468155,-5.985025405883789,0.6763823181390762,0.714285671710968,78557212.0,-0.888438880443573,-6.035356521606445,0.03680430844133009
pilot,b4_h2_w2_n10_a1.5,fr_uniform,4.0,2.0,100,0.7509434223175049,-0.9216171354055405,-6.056041359901428,0.6767364889383316,0.714285671710968,78748788.0,-0.941228449344635,-6.120362758636475,0.045457289424290975
pilot,b4_h2_w2_n10_a1.5,fr_uniform,4.0,2.0,100,0.7597483992576599,-0.9751919358968735,-6.113085985183716,0.6771232485771179,0.714285671710968,78944374.0,-0.9955719709396362,-6.166746616363525,0.05649472537027981
pilot,b4_h2_w2_n10_a1.5,fr_uniform,4.0,2.0,100,0.7685534358024597,-1.0292048454284668,-6.1555434465408325,0.677580714225769,0.714285671710968,79147848.0,-1.0501275062561035,-6.207864761352539,0.07027171837393308
pilot,b4_h2_w2_n10_a1.5,fr_uniform,4.0,2.0,100,0.7773584723472595,-1.0835247039794922,-6.182832717895508,0.6781529486179352,0.714285671710968,79362046.0,-1.1046829223632812,-6.2489824295043945,0.08740837336908766
pilot,b4_h2_w2_n10_a1.5,fr_uniform,4.0,2.0,100,0.7861635088920593,-1.1380150616168976,-6.194249272346497,0.678891122341156,0.714285671710968,79587666.0,-1.1595503091812134,-6.254827499389648,0.10885977982830877
pilot,b4_h2_w2_n10_a1.5,fr_uniform,4.0,2.0,100,0.7949685454368591,-1.192533016204834,-6.189106106758118,0.6798533499240875,0.714285671710968,79822576.0,-1.2145520448684692,-6.245556831359863,0.13564858031170035
pilot,b4_h2_w2_n10_a1.5,fr_uniform,4.0,2.0,100,0.8037735819816589,-1.2469294667243958,-6.166647672653198,0.6811033487319946,0.714285671710968,80064122.0,-1.269553303718567,-6.236285209655762,0.16902939059213984
pilot,b4_h2_w2_n10_a1.5,fr_uniform,4.0,2.0,100,0.8125786185264587,-1.3010481595993042,-6.126108169555664,0.6827078461647034,0.714285671710968,80310390.0,-1.3239976167678833,-6.1968817710876465,0.21015594719844904
pilot,b4_h2_w2_n10_a1.5,fr_uniform,4.0,2.0,100,0.8213836550712585,-1.354727417230606,-6.066728949546814,0.6847327947616577,0.714285671710968,80560750.0,-1.3779278993606567,-6.129664897918701,0.2607523199863527
pilot,b4_h2_w2_n10_a1.5,fr_uniform,4.0,2.0,100,0.8301886916160583,-1.4077978730201721,-5.987846493721008,0.6872387081384659,0.714285671710968,80815780.0,-1.4318588972091675,-6.062447547912598,0.32353101499602216
pilot,b4_h2_w2_n10_a1.5,fr_uniform,4.0,2.0,100,0.8389937281608582,-1.460085541009903,-5.8889113664627075,0.690275028347969,0.714285671710968,81076068.0,-1.4848343133926392,-5.972735404968262,0.39989285444086586
pilot,b4_h2_w2_n10_a1.5,fr_uniform,4.0,2.0,100,0.847798764705658,-1.5114115178585052,-5.769410848617554,0.6938751339912415,0.714285671710968,81342540.0,-1.5359563827514648,-5.839359760284424,0.4906273727795285
pilot,b4_h2_w2_n10_a1.5,fr_uniform,4.0,2.0,100,0.8566038012504578,-1.5615924894809723,-5.628823757171631,0.6980511397123337,0.714285671710968,81615084.0,-1.5870790481567383,-5.705982685089111,0.6019507229445307
pilot,b4_h2_w2_n10_a1.5,fr_uniform,4.0,2.0,100,0.8654087781906128,-1.6104410290718079,-5.4667723178863525,0.7027905881404877,0.714285671710968,81892942.0,-1.6374413967132568,-5.561031818389893,0.7362906757296105
pilot,b4_h2_w2_n10_a1.5,fr_uniform,4.0,2.0,100,0.8742138147354126,-1.657766193151474,-5.282787322998047,0.7080544531345367,0.714285671710968,82176126.0,-1.6838161945343018,-5.355317115783691,0.8863608715350392
pilot,b4_h2_w2_n10_a1.5,fr_uniform,4.0,2.0,100,0.8830188512802124,-1.7033723294734955,-5.076313614845276,0.7137776911258698,0.714285671710968,82464450.0,-1.7301908731460571,-5.14960241317749,1.0670177497354452
pilot,b4_h2_w2_n10_a1.5,fr_uniform,4.0,2.0,100,0.8918238878250122,-1.747059404850006,-4.8468886613845825,0.7198719680309296,0.714285671710968,82759754.0,-1.7765662670135498,-4.943885803222656,1.2844995443390035
pilot,b4_h2_w2_n10_a1.5,fr_uniform,4.0,2.0,100,0.900628924369812,-1.7886231541633606,-4.594022274017334,0.726231038570404,0.714285671710968,83063300.0,-1.8162285089492798,-4.66192626953125,1.505339043003233
pilot,b4_h2_w2_n10_a1.5,fr_uniform,4.0,2.0,100,0.9094339609146118,-1.8278550803661346,-4.317230701446533,0.7327380180358887,0.714285671710968,83377604.0,-1.8557542562484741,-4.378413200378418,1.7631837782695503
pilot,b4_h2_w2_n10_a1.5,fr_uniform,4.0,2.0,100,0.9182389974594116,-1.8645424842834473,-4.016094207763672,0.7392742484807968,0.714285671710968,83701986.0,-1.895280361175537,-4.09489631652832,2.065196872162595
pilot,b4_h2_w2_n10_a1.5,fr_uniform,4.0,2.0,100,0.9270440340042114,-1.898469477891922,-3.6901933550834656,0.7457290887832642,0.714285671710968,84034444.0,-1.9275665283203125,-3.7479217052459717,2.3498940171565668
pilot,b4_h2_w2_n10_a1.5,fr_uniform,4.0,2.0,100,0.9358490705490112,-1.9294158220291138,-3.339024066925049,0.7520091831684113,0.714285671710968,84373470.0,-1.9580432176589966,-3.3850841522216797,2.654554875373122
pilot,b4_h2_w2_n10_a1.5,fr_uniform,4.0,2.0,100,0.944654107093811,-1.9571566879749298,-2.9621152877807617,0.7580471932888031,0.714285671710968,84716276.0,-1.9885197877883911,-3.022246837615967,2.9987132078341854
pilot,b4_h2_w2_n10_a1.5,fr_uniform,4.0,2.0,100,0.9534591436386108,-1.9814631342887878,-2.5589171051979065,0.7638088017702103,0.714285671710968,85062842.0,-2.01198148727417,-2.608255386352539,3.2937609700656023
pilot,b4_h2_w2_n10_a1.5,fr_uniform,4.0,2.0,100,0.9622641801834106,-2.0021005272865295,-2.1287372708320618,0.7692974954843521,0.714285671710968,85419944.0,-2.0311439037323,-2.1629223823547363,3.5561543766115324
pilot,b4_h2_w2_n10_a1.5,fr_uniform,4.0,2.0,100,0.9710691571235657,-2.018828570842743,-1.6708975434303284,0.7745570689439774,0.714285671710968,85793956.0,-2.0503058433532715,-1.7175945043563843,3.8394437071999947
pilot,b4_h2_w2_n10_a1.5,fr_uniform,4.0,2.0,100,0.9798741936683655,-2.031400680541992,-1.1847774684429169,0.7796716094017029,0.714285671710968,86194730.0,-2.0634405612945557,-1.2336201667785645,4.0465568537248595
pilot,b4_h2_w2_n10_a1.5,fr_uniform,4.0,2.0,100,0.9886792302131653,-2.0395655632019043,-0.6698231250047684,0.7847632020711899,0.714285671710968,86628510.0,-2.068904161453247,-0.7004614472389221,4.135965354454595
pilot,b4_h2_w2_n10_a1.5,fr_uniform,4.0,2.0,100,0.9974842667579651,-2.0430672764778137,-0.1255712304264307,0.7899878621101379,0.714285671710968,87096648.0,-2.0743677616119385,-0.16730906069278717,4.2273493321865585
pilot,b4_h2_w2_n10_a1.5,fr_uniform,4.0,2.0,100,1.0062893629074097,-2.041646122932434,0.44838573783636093,0.7955296635627747,0.714285671710968,87595730.0,-2.0756096839904785,0.39012205600738525,4.248401738752277
pilot,b4_h2_w2_n10_a1.5,fr_uniform,4.0,2.0,100,1.01509428024292,-2.035038709640503,1.0524283349514008,0.8015938252210617,0.714285671710968,88118474.0,-2.064838171005249,1.016613483428955,4.06924223387242
pilot,b4_h2_w2_n10_a1.5,fr_uniform,4.0,2.0,100,1.0238993167877197,-2.0229786038398743,1.6869487166404724,0.8083984404802322,0.714285671710968,88656454.0,-2.0540664196014404,1.6431201696395874,3.8976343539403473
pilot,b4_h2_w2_n10_a1.5,fr_uniform,4.0,2.0,100,1.0327043533325195,-2.0051950812339783,2.3524293899536133,0.8161653876304626,0.714285671710968,89200930.0,-2.041774272918701,2.277968645095825,3.710628266863567
pilot,b4_h2_w2_n10_a1.5,fr_uniform,4.0,2.0,100,1.0415093898773193,-1.9814132750034332,3.0494516491889954,0.8251097202301025,0.714285671710968,89746694.0,-2.0119998455047607,3.0088140964508057,3.2940028494400466
pilot,b4_h2_w2_n10_a1.5,fr_uniform,4.0,2.0,100,1.0503144264221191,-1.9513525068759918,3.7786256074905396,0.8354282230138779,0.714285671710968,90291660.0,-1.9822250604629517,3.739668369293213,2.9241515102243314
pilot,b4_h2_w2_n10_a1.5,fr_uniform,4.0,2.0,100,1.059119462966919,-1.9147270619869232,4.540574312210083,0.8472863286733627,0.714285671710968,90834992.0,-1.9524505138397217,4.470513820648193,2.5958296334660003
pilot,b4_h2_w2_n10_a1.5,fr_uniform,4.0,2.0,100,1.0679244995117188,-1.8712462186813354,5.33577573299408,0.8608040660619736,0.714285671710968,91377208.0,-1.9029031991958618,5.298164367675781,2.1291373795359787
pilot,b4_h2_w2_n10_a1.5,fr_uniform,4.0,2.0,100,1.0767295360565186,-1.8206149637699127,6.16473913192749,0.8760412186384201,0.714285671710968,91915832.0,-1.8511592149734497,6.136568069458008,1.7310721815655572
pilot,b4_h2_w2_n10_a1.5,fr_uniform,4.0,2.0,100,1.0855345726013184,-1.7625338435173035,7.027962684631348,0.892983004450798,0.714285671710968,92446724.0,-1.7994146347045898,6.974982738494873,1.4074262103155624
pilot,b4_h2_w2_n10_a1.5,fr_uniform,4.0,2.0,100,1.0943396091461182,-1.6967004537582397,7.925813436508179,0.9115265011787415,0.714285671710968,92966688.0,-1.7296924591064453,7.890204429626465,1.0648926023380065
pilot,b4_h2_w2_n10_a1.5,fr_uniform,4.0,2.0,100,1.103144645690918,-1.6228067278862,8.858611583709717,0.931471511721611,0.714285671710968,93470736.0,-1.6529794931411743,8.835295677185059,0.7835049396119036
pilot,b4_h2_w2_n10_a1.5,fr_uniform,4.0,2.0,100,1.1119496822357178,-1.5405456721782684,9.82639455795288,0.9525136351585388,0.714285671710968,93952580.0,-1.5762666463851929,9.780387878417969,0.5764715444255302
pilot,b4_h2_w2_n10_a1.5,fr_uniform,4.0,2.0,100,1.1207547187805176,-1.4496107399463654,10.828810214996338,0.9742455184459686,0.714285671710968,94401114.0,-1.4844400882720947,10.784225463867188,0.3992627601344533
pilot,b4_h2_w2_n10_a1.5,fr_uniform,4.0,2.0,100,1.1295597553253174,-1.3497011065483093,11.864969730377197,0.9961648732423782,0.714285671710968,94795860.0,-1.379741907119751,11.838081359863281,0.2626512278487244
pilot,b4_h2_w2_n10_a1.5,fr_uniform,4.0,2.0,100,1.1383647918701172,-1.240527480840683,12.93302035331726,1.0176900178194046,0.714285671710968,95096066.0,-1.2750437259674072,12.891937255859375,0.172782624322918
pilot,b4_h2_w2_n10_a1.5,fr_uniform,4.0,2.0,100,1.147169828414917,-1.1218236684799194,14.029693365097046,1.0381839871406555,0.714285671710968,95233426.0,-1.1594865322113037,13.962519645690918,0.10883201238269652
pilot,b4_h2_w2_n10_a1.5,fr_uniform,4.0,2.0,100,1.1559748649597168,-0.9933601021766663,15.149866819381714,1.0569850504398346,0.714285671710968,95090070.0,-1.0246305465698242,15.062797546386719,0.06345821006498878
pilot,b4_h2_w2_n10_a1.5,fr_uniform,4.0,2.0,100,1.1647799015045166,-0.8549642711877823,16.285740852355957,1.0734426081180573,0.714285671710968,94490504.0,-0.8897745013237,16.163074493408203,0.03700146102594942
pilot,b4_h2_w2_n10_a1.5,fr_uniform,4.0,2.0,100,1.1735849380493164,-0.7065400928258896,17.42772912979126,1.0869551002979279,0.714285671710968,93188540.0,-0.7499493360519409,17.222148895263672,0.021150356009802848
pilot,b4_h2_w2_n10_a1.5,fr_uniform,4.0,2.0,100,1.1823899745941162,-0.5480787456035614,18.565612316131592,1.0970073640346527,0.714285671710968,90881360.0,-0.5874879360198975,18.093551635742188,0.011043158962614008
pilot,b4_h2_w2_n10_a1.5,fr_uniform,4.0,2.0,100,1.191195011138916,-0.3796575367450714,19.690041542053223,1.1032047271728516,0.714285671710968,87258632.0,-0.42502856254577637,18.964942932128906,0.0057659714279525084
pilot,b4_h2_w2_n10_a1.5,fr_uniform,4.0,2.0,100,1.2000000476837158,-0.20192861557006836,20.679790019989014,1.1052987575531006,0.714285671710968,82075438.0,-0.11444064974784851,0.0,0.001664661821760549
pilot,b4_h4_w2_n10_a1.5,abf,4.0,4.0,100,-0.20000000298023224,-0.44329531490802765,-39.63804817199707,0.5358925014734268,nan,18663592.5,-0.21360108256340027,-40.828311920166016,1.456931805000466e-06
pilot,b4_h4_w2_n10_a1.5,abf,4.0,4.0,100,-0.19119496643543243,-0.783738762140274,-37.691205978393555,0.5366401299834251,nan,22294209.5,-0.5467214584350586,-38.94442367553711,5.522409256204953e-06
pilot,b4_h4_w2_n10_a1.5,abf,4.0,4.0,100,-0.18238992989063263,-1.1058150827884674,-35.466209411621094,0.5388644337654114,nan,25939468.0,-0.8798418045043945,-37.06053924560547,2.093234580563119e-05
pilot,b4_h4_w2_n10_a1.5,abf,4.0,4.0,100,-0.17358490824699402,-1.4081455767154694,-33.20596408843994,0.5425103604793549,nan,29564221.5,-1.2129616737365723,-35.17665481567383,7.934259213136262e-05
pilot,b4_h4_w2_n10_a1.5,abf,4.0,4.0,100,-0.1647798717021942,-1.6905291676521301,-30.935412406921387,0.5474884063005447,nan,33168818.5,-1.4975340366363525,-32.91462707519531,0.00024766190687638897
pilot,b4_h4_w2_n10_a1.5,abf,4.0,4.0,100,-0.1559748500585556,-1.952984094619751,-28.67941951751709,0.5536779686808586,nan,36774298.0,-1.7714492082595825,-30.569597244262695,0.0007407959556073847
pilot,b4_h4_w2_n10_a1.5,abf,4.0,4.0,100,-0.1471698135137558,-2.1957374215126038,-26.460232257843018,0.5609317123889923,nan,40405780.0,-2.0453648567199707,-28.22456169128418,0.0022158421594943253
pilot,b4_h4_w2_n10_a1.5,abf,4.0,4.0,100,-0.138364776968956,-2.4191890358924866,-24.295172691345215,0.5690812095999718,nan,44079874.0,-2.2784481048583984,-25.96459197998047,0.0056291898398472115
pilot,b4_h4_w2_n10_a1.5,abf,4.0,4.0,100,-0.12955975532531738,-2.6238691806793213,-22.196523189544678,0.5779429078102112,nan,47797475.0,-2.488563060760498,-23.752471923828125,0.0130452665936918
pilot,b4_h4_w2_n10_a1.5,abf,4.0,4.0,100,-0.12075471878051758,-2.8103954195976257,-20.171539783477783,0.5873248726129532,nan,51541410.0,-2.698678493499756,-21.540348052978516,0.030231580375350366
pilot,b4_h4_w2_n10_a1.5,abf,4.0,4.0,100,-0.11194968223571777,-2.9794296622276306,-18.223358631134033,0.5970334708690643,nan,55276653.0,-2.881959915161133,-19.44668197631836,0.06292935653831419
pilot,b4_h4_w2_n10_a1.5,abf,4.0,4.0,100,-0.10314465314149857,-3.1316528916358948,-16.353055477142334,0.6068796515464783,nan,58950772.0,-3.033740997314453,-17.4920711517334,0.11548458999006149
pilot,b4_h4_w2_n10_a1.5,abf,4.0,4.0,100,-0.09433962404727936,-3.2677451372146606,-14.559346199035645,0.6166848540306091,nan,62500792.0,-3.1855216026306152,-15.537460327148438,0.21193073981868027
pilot,b4_h4_w2_n10_a1.5,abf,4.0,4.0,100,-0.08553458750247955,-3.3883710503578186,-12.83995270729065,0.626285657286644,nan,65857599.0,-3.322942018508911,-13.651662826538086,0.36721267856729223
pilot,b4_h4_w2_n10_a1.5,abf,4.0,4.0,100,-0.07672955840826035,-3.4941728711128235,-11.192185401916504,0.6355375051498413,nan,68951814.0,-3.4234344959259033,-11.942814826965332,0.548897156678522
pilot,b4_h4_w2_n10_a1.5,abf,4.0,4.0,100,-0.06792452931404114,-3.5857685208320618,-9.613094568252563,0.6443166881799698,nan,71718808.0,-3.5239272117614746,-10.233966827392578,0.8204737840646298
pilot,b4_h4_w2_n10_a1.5,abf,4.0,4.0,100,-0.05911949649453163,-3.663750112056732,-8.099886894226074,0.6525218933820724,nan,74104154.0,-3.6199588775634766,-8.548276901245117,1.2047274310715983
pilot,b4_h4_w2_n10_a1.5,abf,4.0,4.0,100,-0.050314463675022125,-3.7286861538887024,-6.649882078170776,0.6600736528635025,nan,76064944.0,-3.6758456230163574,-7.071008682250977,1.5065169411372965
pilot,b4_h4_w2_n10_a1.5,abf,4.0,4.0,100,-0.04150943458080292,-3.781122326850891,-5.260612487792969,0.6669136732816696,nan,77576438.0,-3.7317328453063965,-5.5937395095825195,1.8839096415565775
pilot,b4_h4_w2_n10_a1.5,abf,4.0,4.0,100,-0.03270440176129341,-3.8215840458869934,-3.9299973845481873,0.6730031818151474,nan,78628554.0,-3.7876195907592773,-4.116469383239746,2.3558372768621734
pilot,b4_h4_w2_n10_a1.5,abf,4.0,4.0,100,-0.023899370804429054,-3.850580096244812,-2.656244456768036,0.6783210635185242,nan,79231450.0,-3.808274745941162,-2.8408501148223877,2.558744776553833
pilot,b4_h4_w2_n10_a1.5,abf,4.0,4.0,100,-0.015094339847564697,-3.8686055541038513,-1.4381209015846252,0.6828622221946716,nan,79410836.0,-3.825866937637329,-1.5827609300613403,2.7452868905737198
pilot,b4_h4_w2_n10_a1.5,abf,4.0,4.0,100,-0.006289307959377766,-3.876147150993347,-0.2748953849077225,0.6866358369588852,nan,79205820.0,-3.843458652496338,-0.32467374205589294,2.945423008072002
pilot,b4_h4_w2_n10_a1.5,abf,4.0,4.0,100,0.002515723230317235,-3.8736865520477295,0.8338169753551483,0.6896641403436661,nan,78663746.0,-3.8370862007141113,0.7831583619117737,2.8712935303648504
pilot,b4_h4_w2_n10_a1.5,abf,4.0,4.0,100,0.011320754885673523,-3.8617026805877686,1.888236790895462,0.6919812858104706,nan,77836476.0,-3.8222944736480713,1.8382011651992798,2.7063360997521357
pilot,b4_h4_w2_n10_a1.5,abf,4.0,4.0,100,0.02012578584253788,-3.8406726717948914,2.8885695934295654,0.6936323642730713,nan,76778290.0,-3.8075027465820312,2.8932440280914307,2.5508555664425296
pilot,b4_h4_w2_n10_a1.5,abf,4.0,4.0,100,0.028930816799402237,-3.8110713362693787,3.835169553756714,0.6946724355220795,nan,75541462.0,-3.7776575088500977,3.8418660163879395,2.263806906876559
pilot,b4_h4_w2_n10_a1.5,abf,4.0,4.0,100,0.03773584961891174,-3.773370087146759,4.728377819061279,0.6951649636030197,nan,74178272.0,-3.7359848022460938,4.706872463226318,1.916224879280127
pilot,b4_h4_w2_n10_a1.5,abf,4.0,4.0,100,0.04654087871313095,-3.7280378341674805,5.568516969680786,0.6951800435781479,nan,72738128.0,-3.69431209564209,5.571876049041748,1.6220101532592246
pilot,b4_h4_w2_n10_a1.5,abf,4.0,4.0,100,0.05534591153264046,-3.6755414605140686,6.355673670768738,0.6947916448116302,nan,71268018.0,-3.644402027130127,6.367873191833496,1.328467392532366
pilot,b4_h4_w2_n10_a1.5,abf,4.0,4.0,100,0.06415094435214996,-3.616347014904022,7.089928507804871,0.6940743327140808,nan,69807718.0,-3.5810513496398926,7.051278591156006,1.0310969457203172
pilot,b4_h4_w2_n10_a1.5,abf,4.0,4.0,100,0.07295597344636917,-3.5509209632873535,7.771150231361389,0.6930993348360062,nan,68391990.0,-3.5177011489868164,7.734681606292725,0.8002928376492382
pilot,b4_h4_w2_n10_a1.5,abf,4.0,4.0,100,0.08176100999116898,-3.4797303676605225,8.399275541305542,0.6919305771589279,nan,67047421.0,-3.450998544692993,8.384145736694336,0.6128788553659936
pilot,b4_h4_w2_n10_a1.5,abf,4.0,4.0,100,0.09056603908538818,-3.4032431840896606,8.97423768043518,0.6906204074621201,nan,65793963.0,-3.3708887100219727,8.897855758666992,0.4448459097122216
pilot,b4_h4_w2_n10_a1.5,abf,4.0,4.0,100,0.09937106817960739,-3.321927547454834,9.496018409729004,0.6892061829566956,nan,64644023.0,-3.2907791137695312,9.411567687988281,0.3228828509513561
pilot,b4_h4_w2_n10_a1.5,abf,4.0,4.0,100,0.1081760972738266,-3.236250936985016,9.96481466293335,0.6877077370882034,nan,63601950.0,-3.210425853729248,9.922097206115723,0.2341300023579043
pilot,b4_h4_w2_n10_a1.5,abf,4.0,4.0,100,0.1169811338186264,-3.1466788053512573,10.380840301513672,0.686125859618187,nan,62668102.0,-3.118159770965576,10.276664733886719,0.16187301918203456
pilot,b4_h4_w2_n10_a1.5,abf,4.0,4.0,100,0.1257861703634262,-3.053673565387726,10.744673728942871,0.6844429969787598,nan,61835932.0,-3.0258939266204834,10.631233215332031,0.11191602555947652
pilot,b4_h4_w2_n10_a1.5,abf,4.0,4.0,100,0.13459119200706482,-2.9576920866966248,11.056853294372559,0.6826250851154327,nan,61098943.0,-2.9336280822753906,10.985801696777344,0.07737667982175692
pilot,b4_h4_w2_n10_a1.5,abf,4.0,4.0,100,0.14339622855186462,-2.859186351299286,11.31799054145813,0.6806252896785736,nan,60448550.0,-2.834869384765625,11.20845890045166,0.05212531122610934
pilot,b4_h4_w2_n10_a1.5,abf,4.0,4.0,100,0.15220126509666443,-2.758603513240814,11.52869725227356,0.6783890128135681,nan,59878677.0,-2.7348737716674805,11.405990600585938,0.03494125415073881
pilot,b4_h4_w2_n10_a1.5,abf,4.0,4.0,100,0.16100628674030304,-2.656386613845825,11.689122200012207,0.6758598536252975,nan,59384709.0,-2.6348791122436523,11.603521347045898,0.023422323440331703
pilot,b4_h4_w2_n10_a1.5,abf,4.0,4.0,100,0.16981132328510284,-2.5529778599739075,11.799424409866333,0.6729860752820969,nan,58962875.0,-2.532677412033081,11.697900772094727,0.015562789242811058
pilot,b4_h4_w2_n10_a1.5,abf,4.0,4.0,100,0.17861634492874146,-2.448819875717163,11.859311580657959,0.6697267591953278,nan,58611827.0,-2.429339647293091,11.739139556884766,0.010293696328855566
pilot,b4_h4_w2_n10_a1.5,abf,4.0,4.0,100,0.18742138147354126,-2.3443570137023926,11.868697166442871,0.6660574525594711,nan,58330757.0,-2.3260016441345215,11.780378341674805,0.006808553492953256
pilot,b4_h4_w2_n10_a1.5,abf,4.0,4.0,100,0.19622641801834106,-2.2400320172309875,11.82796573638916,0.6619744002819061,nan,58121509.0,-2.2231130599975586,11.74991226196289,0.004511480417160074
pilot,b4_h4_w2_n10_a1.5,abf,4.0,4.0,100,0.20503143966197968,-2.136279344558716,11.738736867904663,0.6574978083372116,nan,57991071.0,-2.1207115650177,11.641767501831055,0.0029952250536738104
pilot,b4_h4_w2_n10_a1.5,abf,4.0,4.0,100,0.21383647620677948,-2.03350692987442,11.605294942855835,0.6526723653078079,nan,57949691.0,-2.018310070037842,11.533622741699219,0.0019885652363759256
pilot,b4_h4_w2_n10_a1.5,abf,4.0,4.0,100,0.22264151275157928,-1.9320703446865082,11.435292482376099,0.6475669145584106,nan,58010754.0,-1.917165756225586,11.400562286376953,0.0013268877158096183
pilot,b4_h4_w2_n10_a1.5,abf,4.0,4.0,100,0.2314465343952179,-1.8322412967681885,11.24015498161316,0.6422718465328217,nan,58184795.0,-1.8189550638198853,11.209362983703613,0.0008958281933226523
pilot,b4_h4_w2_n10_a1.5,abf,4.0,4.0,100,0.2402515709400177,-1.734179675579071,11.033870935440063,0.6368949264287949,nan,58473785.0,-1.7207444906234741,11.01816463470459,0.0006048051580068053
pilot,b4_h4_w2_n10_a1.5,abf,4.0,4.0,100,0.2490566074848175,-1.637922465801239,10.830241918563843,0.6315559893846512,nan,58865311.0,-1.623158574104309,10.828215599060059,0.0004093467871801112
pilot,b4_h4_w2_n10_a1.5,abf,4.0,4.0,100,0.2578616440296173,-1.5434018671512604,10.639464855194092,0.6263806223869324,nan,59333450.0,-1.5301557779312134,10.647444725036621,0.0002821817882721216
pilot,b4_h4_w2_n10_a1.5,abf,4.0,4.0,100,0.2666666805744171,-1.4504863619804382,10.465621709823608,0.621493473649025,nan,59838169.0,-1.43715238571167,10.466670989990234,0.00019452057346458815
pilot,b4_h4_w2_n10_a1.5,abf,4.0,4.0,100,0.27547168731689453,-1.3590411841869354,10.305484533309937,0.6170112192630768,nan,60338292.0,-1.344150185585022,10.285900115966797,0.00013409240248979384
pilot,b4_h4_w2_n10_a1.5,abf,4.0,4.0,100,0.28427672386169434,-1.2689840495586395,10.150331020355225,0.613036260008812,nan,60799220.0,-1.2558772563934326,10.107098579406738,9.42016235299725e-05
pilot,b4_h4_w2_n10_a1.5,abf,4.0,4.0,100,0.29308176040649414,-1.1803202629089355,9.989010334014893,0.6096509844064713,nan,61198786.0,-1.1679067611694336,9.928423881530762,6.625794852882786e-05
pilot,b4_h4_w2_n10_a1.5,abf,4.0,4.0,100,0.30188679695129395,-1.093151032924652,9.810846090316772,0.6069133877754211,nan,61530415.0,-1.0799356698989868,9.749748229980469,4.6603286778946924e-05
pilot,b4_h4_w2_n10_a1.5,abf,4.0,4.0,100,0.31069183349609375,-1.0076614916324615,9.607546329498291,0.6048539280891418,nan,61800310.0,-0.996482253074646,9.52001953125,3.3376678349585034e-05
pilot,b4_h4_w2_n10_a1.5,abf,4.0,4.0,100,0.31949687004089355,-0.9240939319133759,9.374221801757812,0.6034743338823318,nan,62021025.0,-0.9144546389579773,9.274168014526367,2.4040669209601173e-05
pilot,b4_h4_w2_n10_a1.5,abf,4.0,4.0,100,0.32830187678337097,-0.8427215963602066,9.108912229537964,0.6027480810880661,nan,62208523.0,-0.8324270844459534,9.02831745147705,1.731610041559411e-05
pilot,b4_h4_w2_n10_a1.5,abf,4.0,4.0,100,0.3371069133281708,-0.7638244926929474,8.811991930007935,0.6026225239038467,nan,62375272.0,-0.7551339268684387,8.729512214660645,1.2710953451725587e-05
pilot,b4_h4_w2_n10_a1.5,abf,4.0,4.0,100,0.3459119498729706,-0.6876742094755173,8.484991073608398,0.6030229330062866,nan,62531014.0,-0.6812683939933777,8.392359733581543,9.459333885209435e-06
pilot,b4_h4_w2_n10_a1.5,abf,4.0,4.0,100,0.3547169864177704,-0.6145265102386475,8.129977941513062,0.6038572937250137,nan,62682020.0,-0.6074032187461853,8.05521011352539,7.039529008781666e-06
pilot,b4_h4_w2_n10_a1.5,abf,4.0,4.0,100,0.3635220229625702,-0.5446183830499649,7.749141335487366,0.6050226241350174,nan,62829671.0,-0.5377498865127563,7.686909198760986,5.327744281309127e-06
pilot,b4_h4_w2_n10_a1.5,abf,4.0,4.0,100,0.3723270297050476,-0.478169210255146,7.344356060028076,0.6064109355211258,nan,62977013.0,-0.47441545128822327,7.2718939781188965,4.135425378836726e-06
pilot,b4_h4_w2_n10_a1.5,abf,4.0,4.0,100,0.3811320662498474,-0.41538141667842865,6.917433500289917,0.6079155653715134,nan,63123953.0,-0.41108033061027527,6.856873512268066,3.2099318719546752e-06
pilot,b4_h4_w2_n10_a1.5,abf,4.0,4.0,100,0.3899371027946472,-0.3564426004886627,6.470090746879578,0.6094368547201157,nan,63270728.0,-0.35049769282341003,6.427882194519043,2.519144002016922e-06
pilot,b4_h4_w2_n10_a1.5,abf,4.0,4.0,100,0.398742139339447,-0.3015253618359566,6.003961682319641,0.6108864843845367,nan,63417319.0,-0.29967227578163147,5.949346542358398,2.055702202401073e-06
pilot,b4_h4_w2_n10_a1.5,abf,4.0,4.0,100,0.4075471758842468,-0.2507884278893471,5.520565152168274,0.6121909767389297,nan,63562667.0,-0.24884717166423798,5.470813751220703,1.6775209480440931e-06
pilot,b4_h4_w2_n10_a1.5,abf,4.0,4.0,100,0.41635221242904663,-0.20437830686569214,5.02115523815155,0.6132938116788864,nan,63707994.0,-0.19858714938163757,4.990180969238281,1.3720102337975848e-06
pilot,b4_h4_w2_n10_a1.5,abf,4.0,4.0,100,0.42515721917152405,-0.16243071109056473,4.506967186927795,0.61415596306324,nan,63854850.0,-0.16189482808113098,4.459211349487305,1.184721473037785e-06
pilot,b4_h4_w2_n10_a1.5,abf,4.0,4.0,100,0.43396225571632385,-0.12507089227437973,3.979042947292328,0.6147555261850357,nan,64007161.0,-0.1252027302980423,3.9282455444335938,1.022999820983348e-06
pilot,b4_h4_w2_n10_a1.5,abf,4.0,4.0,100,0.44276729226112366,-0.09241459518671036,3.4385960698127747,0.6150863170623779,nan,64170062.0,-0.0885104238986969,3.3972764015197754,8.833534161893296e-07
pilot,b4_h4_w2_n10_a1.5,abf,4.0,4.0,100,0.45157232880592346,-0.06456568837165833,2.8870816230773926,0.6151557266712189,nan,64350006.0,-0.0649334043264389,2.8427929878234863,8.03853699699513e-07
pilot,b4_h4_w2_n10_a1.5,abf,4.0,4.0,100,0.46037736535072327,-0.04161378741264343,2.32627409696579,0.6149824857711792,nan,64550885.0,-0.04349106177687645,2.284477710723877,7.377816524056443e-07
pilot,b4_h4_w2_n10_a1.5,abf,4.0,4.0,100,0.46918240189552307,-0.023632369935512543,1.758095532655716,0.6145939379930496,nan,64774826.0,-0.02204885333776474,1.726166009902954,6.771407021288864e-07
pilot,b4_h4_w2_n10_a1.5,abf,4.0,4.0,100,0.4779874086380005,-0.010677970945835114,1.1844139993190765,0.6140232682228088,nan,65019347.0,-0.0113339489325881,1.1609324216842651,6.487318553765787e-07
pilot,b4_h4_w2_n10_a1.5,abf,4.0,4.0,100,0.4867924451828003,-0.0027916133403778076,0.6069149374961853,0.6133069843053818,nan,65282569.0,-0.005666991695761681,0.5924418568611145,6.341919295052591e-07
pilot,b4_h4_w2_n10_a1.5,abf,4.0,4.0,100,0.4955974817276001,0.0,0.02718030009418726,0.6124824285507202,nan,65559926.0,0.0,0.023947715759277344,6.199777992691356e-07
pilot,b4_h4_w2_n10_a1.5,abf,4.0,4.0,100,0.5044025182723999,-0.0023158490657806396,-0.5532088279724121,0.6115851551294327,nan,65849089.0,-0.0023144891019910574,-0.5461490154266357,6.257441779637842e-07
pilot,b4_h4_w2_n10_a1.5,abf,4.0,4.0,100,0.5132075548171997,-0.009737186133861542,-1.132495403289795,0.6106467545032501,nan,66149558.0,-0.012610293924808502,-1.117855429649353,6.520523469694716e-07
pilot,b4_h4_w2_n10_a1.5,abf,4.0,4.0,100,0.5220125913619995,-0.022245749831199646,-1.7087338864803314,0.6096925139427185,nan,66461310.0,-0.02290603704750538,-1.6895581483840942,6.794664229066095e-07
pilot,b4_h4_w2_n10_a1.5,abf,4.0,4.0,100,0.5308176279067993,-0.039805710315704346,-2.2798834443092346,0.6087396740913391,nan,66785947.0,-0.03825751319527626,-2.2564830780029297,7.224973286060705e-07
pilot,b4_h4_w2_n10_a1.5,abf,4.0,4.0,100,0.5396226644515991,-0.06236383318901062,-2.8440287709236145,0.6077960729598999,nan,67123873.0,-0.06435190886259079,-2.813248634338379,8.019861233959151e-07
pilot,b4_h4_w2_n10_a1.5,abf,4.0,4.0,100,0.5484277009963989,-0.0898512527346611,-3.3995378017425537,0.6068593710660934,nan,67474968.0,-0.09044614434242249,-3.3700101375579834,8.902196652297474e-07
pilot,b4_h4_w2_n10_a1.5,abf,4.0,4.0,100,0.557232677936554,-0.12218625843524933,-3.945121943950653,0.6059175729751587,nan,67838971.0,-0.11865855753421783,-3.9221689701080322,9.965685219465097e-07
pilot,b4_h4_w2_n10_a1.5,abf,4.0,4.0,100,0.5660377144813538,-0.15927693247795105,-4.479754567146301,0.6049502044916153,nan,68215351.0,-0.1598818451166153,-4.446053504943848,1.1752204784784122e-06
pilot,b4_h4_w2_n10_a1.5,abf,4.0,4.0,100,0.5748427510261536,-0.2010239101946354,-5.002767086029053,0.6039312034845352,nan,68602432.0,-0.20110538601875305,-4.96994161605835,1.3859002588415982e-06
pilot,b4_h4_w2_n10_a1.5,abf,4.0,4.0,100,0.5836477875709534,-0.2473224252462387,-5.513674855232239,0.6028327196836472,nan,68999484.0,-0.2423286736011505,-5.493826389312744,1.6343465897737837e-06
pilot,b4_h4_w2_n10_a1.5,abf,4.0,4.0,100,0.5924528241157532,-0.2980649322271347,-6.012114644050598,0.6016301661729813,nan,69405418.0,-0.29710713028907776,-5.980053901672363,2.034717343982986e-06
pilot,b4_h4_w2_n10_a1.5,abf,4.0,4.0,100,0.601257860660553,-0.35314010083675385,-6.4978320598602295,0.6003076881170273,nan,69819548.0,-0.3524499535560608,-6.464709281921387,2.5388931161569154e-06
pilot,b4_h4_w2_n10_a1.5,abf,4.0,4.0,100,0.6100628972053528,-0.412434957921505,-6.970560669898987,0.5988638997077942,nan,70241050.0,-0.4077931344509125,-6.949367523193359,3.1680014402901403e-06
pilot,b4_h4_w2_n10_a1.5,abf,4.0,4.0,100,0.6188679337501526,-0.47583314776420593,-7.429877877235413,0.5973171144723892,nan,70670718.0,-0.4732641875743866,-7.401395320892334,4.11642529989701e-06
pilot,b4_h4_w2_n10_a1.5,abf,4.0,4.0,100,0.6276729702949524,-0.5432136952877045,-7.875123500823975,0.5957092493772507,nan,71109256.0,-0.5415922403335571,-7.844223499298096,5.410261088903581e-06
pilot,b4_h4_w2_n10_a1.5,abf,4.0,4.0,100,0.6364780068397522,-0.6144487857818604,-8.305408239364624,0.5941081643104553,nan,71557830.0,-0.6099202036857605,-8.2870512008667,7.110760538455497e-06
pilot,b4_h4_w2_n10_a1.5,abf,4.0,4.0,100,0.645283043384552,-0.6894021779298782,-8.719711780548096,0.5926074385643005,nan,72016748.0,-0.6852396130561829,-8.697890281677246,9.610794011269202e-06
pilot,b4_h4_w2_n10_a1.5,abf,4.0,4.0,100,0.6540880799293518,-0.7679286748170853,-9.117010593414307,0.5913237631320953,nan,72484604.0,-0.7652204632759094,-9.087409973144531,1.3234277497381392e-05
pilot,b4_h4_w2_n10_a1.5,abf,4.0,4.0,100,0.6628930568695068,-0.8498736470937729,-9.496199131011963,0.5903918147087097,nan,72961564.0,-0.8452003002166748,-9.476922988891602,1.8223821131358097e-05
pilot,b4_h4_w2_n10_a1.5,abf,4.0,4.0,100,0.6716980934143066,-0.935073971748352,-9.856431245803833,0.589956521987915,nan,73445484.0,-0.9293659925460815,-9.838155746459961,2.5518211174323364e-05
pilot,b4_h4_w2_n10_a1.5,abf,4.0,4.0,100,0.6805031299591064,-1.0233587324619293,-10.196805715560913,0.5901637375354767,nan,73936768.0,-1.0193098783493042,-10.160326957702637,3.656779387236859e-05
pilot,b4_h4_w2_n10_a1.5,abf,4.0,4.0,100,0.6893081665039062,-1.1145487129688263,-10.516341209411621,0.5911499708890915,nan,74437020.0,-1.1092543601989746,-10.482500076293945,5.240205622967207e-05
pilot,b4_h4_w2_n10_a1.5,abf,4.0,4.0,100,0.698113203048706,-1.2084559798240662,-10.814154148101807,0.5930317342281342,nan,74947302.0,-1.2011196613311768,-10.78725814819336,7.567191110053387e-05
pilot,b4_h4_w2_n10_a1.5,abf,4.0,4.0,100,0.7069182395935059,-1.3048874139785767,-11.0895357131958,0.595896378159523,nan,75468348.0,-1.2990686893463135,-11.03687858581543,0.00011196688390690855
pilot,b4_h4_w2_n10_a1.5,abf,4.0,4.0,100,0.7157232761383057,-1.4036406576633453,-11.341551542282104,0.5997941792011261,nan,76001312.0,-1.3970189094543457,-11.286502838134766,0.00016567102229513754
pilot,b4_h4_w2_n10_a1.5,abf,4.0,4.0,100,0.7245283126831055,-1.5045057237148285,-11.569220542907715,0.6047336906194687,nan,76547162.0,-1.4953231811523438,-11.53153133392334,0.0002454813839891972
pilot,b4_h4_w2_n10_a1.5,abf,4.0,4.0,100,0.7333333492279053,-1.6072639226913452,-11.77153468132019,0.6106796711683273,nan,77107470.0,-1.5991899967193604,-11.704608917236328,0.00037192357055349147
pilot,b4_h4_w2_n10_a1.5,abf,4.0,4.0,100,0.7421383857727051,-1.7116854190826416,-11.947051048278809,0.6175552010536194,nan,77684682.0,-1.703058123588562,-11.877689361572266,0.0005634963663720591
pilot,b4_h4_w2_n10_a1.5,abf,4.0,4.0,100,0.7509434223175049,-1.8175293803215027,-12.094637632369995,0.6252466291189194,nan,78280110.0,-1.8069249391555786,-12.05076789855957,0.0008537412376012899
pilot,b4_h4_w2_n10_a1.5,abf,4.0,4.0,100,0.7597483992576599,-1.9245432019233704,-12.212762832641602,0.6336113959550858,nan,78895458.0,-1.913955569267273,-12.145188331604004,0.0013099584103339664
pilot,b4_h4_w2_n10_a1.5,abf,4.0,4.0,100,0.7685534358024597,-2.0324615240097046,-12.300102710723877,0.6424883157014847,nan,79531446.0,-2.0214176177978516,-12.228883743286133,0.002013437746935863
pilot,b4_h4_w2_n10_a1.5,abf,4.0,4.0,100,0.7773584723472595,-2.1410083770751953,-12.355520009994507,0.6517090052366257,nan,80184740.0,-2.1288793087005615,-12.312580108642578,0.003094698067980014
pilot,b4_h4_w2_n10_a1.5,abf,4.0,4.0,100,0.7861635088920593,-2.2498958706855774,-12.377485990524292,0.6611094176769257,nan,80855552.0,-2.236948251724243,-12.322473526000977,0.004768186856514149
pilot,b4_h4_w2_n10_a1.5,abf,4.0,4.0,100,0.7949685454368591,-2.358824849128723,-12.364952325820923,0.6705406904220581,nan,81541174.0,-2.345278739929199,-12.300737380981445,0.007354321293284626
pilot,b4_h4_w2_n10_a1.5,abf,4.0,4.0,100,0.8037735819816589,-2.4674869179725647,-12.316846132278442,0.679877981543541,nan,82241068.0,-2.4536077976226807,-12.279001235961914,0.011343039572587608
pilot,b4_h4_w2_n10_a1.5,abf,4.0,4.0,100,0.8125786185264587,-2.57556289434433,-12.231981039047241,0.6890278160572052,nan,82958472.0,-2.560746669769287,-12.194842338562012,0.017412002911119932
pilot,b4_h4_w2_n10_a1.5,abf,4.0,4.0,100,0.8213836550712585,-2.6827264428138733,-12.109424114227295,0.6979316771030426,nan,83697036.0,-2.6667866706848145,-12.053065299987793,0.026610870415440392
pilot,b4_h4_w2_n10_a1.5,abf,4.0,4.0,100,0.8301886916160583,-2.788639187812805,-11.947904825210571,0.7065673321485519,nan,84463984.0,-2.772827625274658,-11.911286354064941,0.04066971095863872
pilot,b4_h4_w2_n10_a1.5,abf,4.0,4.0,100,0.8389937281608582,-2.8929551243782043,-11.746715068817139,0.7149470746517181,nan,85261886.0,-2.876904249191284,-11.72567367553711,0.061669538683302896
pilot,b4_h4_w2_n10_a1.5,abf,4.0,4.0,100,0.847798764705658,-2.995319664478302,-11.504650592803955,0.7231141477823257,nan,86095052.0,-2.9771695137023926,-11.454971313476562,0.092097810196719
pilot,b4_h4_w2_n10_a1.5,abf,4.0,4.0,100,0.8566038012504578,-3.0953677892684937,-11.220553874969482,0.7311365902423859,nan,86967568.0,-3.0774359703063965,-11.184267044067383,0.13754030384506943
pilot,b4_h4_w2_n10_a1.5,abf,4.0,4.0,100,0.8654087781906128,-3.1927237510681152,-10.893117427825928,0.7391005605459213,nan,87881676.0,-3.1761741638183594,-10.89112663269043,0.20415301109408332
pilot,b4_h4_w2_n10_a1.5,abf,4.0,4.0,100,0.8742138147354126,-3.287001311779022,-10.52133822441101,0.7471025139093399,nan,88840300.0,-3.2668967247009277,-10.480205535888672,0.2934654780183907
pilot,b4_h4_w2_n10_a1.5,abf,4.0,4.0,100,0.8830188512802124,-3.3778046369552612,-10.103981256484985,0.7552416771650314,nan,89846130.0,-3.357619285583496,-10.069284439086914,0.4218501913198502
pilot,b4_h4_w2_n10_a1.5,abf,4.0,4.0,100,0.8918238878250122,-3.4647292494773865,-9.640299797058105,0.7636126130819321,nan,90898760.0,-3.44834303855896,-9.658357620239258,0.6064032937984996
pilot,b4_h4_w2_n10_a1.5,abf,4.0,4.0,100,0.900628924369812,-3.5473626255989075,-9.129286527633667,0.7722989916801453,nan,92000064.0,-3.5257253646850586,-9.100008964538574,0.8263964074306027
pilot,b4_h4_w2_n10_a1.5,abf,4.0,4.0,100,0.9094339609146118,-3.625285506248474,-8.57031536102295,0.7813680022954941,nan,93147974.0,-3.6028361320495605,-8.538655281066895,1.1249767412738647
pilot,b4_h4_w2_n10_a1.5,abf,4.0,4.0,100,0.9182389974594116,-3.698071539402008,-7.96262264251709,0.790866494178772,nan,94341442.0,-3.6799476146698,-7.977294921875,1.5314397277931897
pilot,b4_h4_w2_n10_a1.5,abf,4.0,4.0,100,0.9270440340042114,-3.765289306640625,-7.305410981178284,0.8008190095424652,nan,95578242.0,-3.7426939010620117,-7.288084983825684,1.9683456868053562
pilot,b4_h4_w2_n10_a1.5,abf,4.0,4.0,100,0.9358490705490112,-3.826497972011566,-6.597695469856262,0.8112263828516006,nan,96855768.0,-3.801849126815796,-6.566916465759277,2.4938166798471215
pilot,b4_h4_w2_n10_a1.5,abf,4.0,4.0,100,0.944654107093811,-3.8812472820281982,-5.838213562965393,0.8220675438642502,nan,98174650.0,-3.86100435256958,-5.845747947692871,3.159567790542634
pilot,b4_h4_w2_n10_a1.5,abf,4.0,4.0,100,0.9534591436386108,-3.929076850414276,-5.0259130001068115,0.8333026766777039,nan,99533680.0,-3.9061737060546875,-5.019807815551758,3.7852527334571846
pilot,b4_h4_w2_n10_a1.5,abf,4.0,4.0,100,0.9622641801834106,-3.969515800476074,-4.159521222114563,0.8448783457279205,nan,100933550.0,-3.9427709579467773,-4.129673957824707,4.3819843275203105
pilot,b4_h4_w2_n10_a1.5,abf,4.0,4.0,100,0.9710691571235657,-4.002082467079163,-3.237730920314789,0.8567346632480621,nan,102375272.0,-3.97936749458313,-3.239551067352295,5.07277401591688
pilot,b4_h4_w2_n10_a1.5,abf,4.0,4.0,100,0.9798741936683655,-4.0262826681137085,-2.259189486503601,0.8688136786222458,nan,103862554.0,-4.003908634185791,-2.2715907096862793,5.596001750211504
pilot,b4_h4_w2_n10_a1.5,abf,4.0,4.0,100,0.9886792302131653,-4.041611075401306,-1.2225287556648254,0.8810690492391586,nan,105399682.0,-4.013105869293213,-1.2045689821243286,5.805706481557221
pilot,b4_h4_w2_n10_a1.5,abf,4.0,4.0,100,0.9974842667579651,-4.047549843788147,-0.12644522823393345,0.893475353717804,nan,106994032.0,-4.022303104400635,-0.13756006956100464,6.023269694067121
pilot,b4_h4_w2_n10_a1.5,abf,4.0,4.0,100,1.0062893629074097,-4.04357123374939,1.0301690995693207,0.9060370922088623,nan,108654632.0,-4.023045539855957,0.9784867763519287,6.041183837002282
pilot,b4_h4_w2_n10_a1.5,abf,4.0,4.0,100,1.01509428024292,-4.029137969017029,2.2482221126556396,0.9187953323125839,nan,110388010.0,-3.999727249145508,2.2340211868286133,5.503183975660038
pilot,b4_h4_w2_n10_a1.5,abf,4.0,4.0,100,1.0238993167877197,-4.003706336021423,3.528370678424835,0.9318314492702484,nan,112203130.0,-3.976408004760742,3.489586353302002,5.013076767578337
pilot,b4_h4_w2_n10_a1.5,abf,4.0,4.0,100,1.0327043533325195,-3.966726779937744,4.871277213096619,0.9452666491270065,nan,114102198.0,-3.9500503540039062,4.761285781860352,4.5114528838742425
pilot,b4_h4_w2_n10_a1.5,abf,4.0,4.0,100,1.0415093898773193,-3.917643666267395,6.277595162391663,0.9592564553022385,nan,116086870.0,-3.8887505531311035,6.218672275543213,3.5304313019799056
pilot,b4_h4_w2_n10_a1.5,abf,4.0,4.0,100,1.0503144264221191,-3.855895698070526,7.747995018959045,0.9739802479743958,nan,118154692.0,-3.8274497985839844,7.676076412200928,2.762723661919121
pilot,b4_h4_w2_n10_a1.5,abf,4.0,4.0,100,1.059119462966919,-3.7809149622917175,9.283302307128906,0.9896250069141388,nan,120300794.0,-3.7661499977111816,9.133462905883789,2.1619656340916578
pilot,b4_h4_w2_n10_a1.5,abf,4.0,4.0,100,1.0679244995117188,-3.6921273469924927,10.884177207946777,1.0063649713993073,nan,122515372.0,-3.665456533432007,10.781328201293945,1.4451945751020563
pilot,b4_h4_w2_n10_a1.5,abf,4.0,4.0,100,1.0767295360565186,-3.5889530181884766,12.55112361907959,1.024338260293007,nan,124783640.0,-3.560387134552002,12.450353622436523,0.9492969424269415
pilot,b4_h4_w2_n10_a1.5,abf,4.0,4.0,100,1.0855345726013184,-3.470809578895569,14.28429889678955,1.0436219573020935,nan,127085018.0,-3.4553163051605225,14.11939811706543,0.6235558477283698
pilot,b4_h4_w2_n10_a1.5,abf,4.0,4.0,100,1.0943396091461182,-3.3371185064315796,16.083064556121826,1.0642082393169403,nan,129388894.0,-3.3143372535705566,15.949905395507812,0.3547886024637365
pilot,b4_h4_w2_n10_a1.5,abf,4.0,4.0,100,1.103144645690918,-3.187303304672241,17.946343421936035,1.0859854519367218,nan,131648766.0,-3.159395217895508,17.843204498291016,0.19090081183330945
pilot,b4_h4_w2_n10_a1.5,abf,4.0,4.0,100,1.1119496822357178,-3.0208088159561157,19.87167453765869,1.10872283577919,nan,133799598.0,-3.004453420639038,19.73650360107422,0.10271794093843706
pilot,b4_h4_w2_n10_a1.5,abf,4.0,4.0,100,1.1207547187805176,-2.837105631828308,21.85516595840454,1.1320663690567017,nan,135742422.0,-2.8191986083984375,21.75000762939453,0.04895823292805914
pilot,b4_h4_w2_n10_a1.5,abf,4.0,4.0,100,1.1295597553253174,-2.6357081532478333,23.89087963104248,1.1555428802967072,nan,137339510.0,-2.608128547668457,23.86585235595703,0.02104551140507214
pilot,b4_h4_w2_n10_a1.5,abf,4.0,4.0,100,1.1383647918701172,-2.416192412376404,25.97052812576294,1.1785763204097748,nan,138395850.0,-2.3970584869384766,25.981698989868164,0.009046763410596405
pilot,b4_h4_w2_n10_a1.5,abf,4.0,4.0,100,1.147169828414917,-2.178221046924591,28.082951545715332,1.2005127370357513,nan,138650318.0,-2.1642236709594727,28.12847900390625,0.003564656855943215
pilot,b4_h4_w2_n10_a1.5,abf,4.0,4.0,100,1.1559748649597168,-1.921570360660553,30.213387489318848,1.220656305551529,nan,137771426.0,-1.8927077054977417,30.330181121826172,0.0012032231733508406
pilot,b4_h4_w2_n10_a1.5,abf,4.0,4.0,100,1.1647799015045166,-1.6461613476276398,32.343770027160645,1.2383104264736176,nan,135358686.0,-1.6211919784545898,32.531883239746094,0.0004061393407765276
pilot,b4_h4_w2_n10_a1.5,abf,4.0,4.0,100,1.1735849380493164,-1.352083534002304,34.45385265350342,1.2528229355812073,nan,130983472.0,-1.3397436141967773,34.65035629272461,0.0001317495599756426
pilot,b4_h4_w2_n10_a1.5,abf,4.0,4.0,100,1.1823899745941162,-1.0395998060703278,36.52455139160156,1.263630360364914,nan,124257186.0,-1.013048529624939,36.389774322509766,3.5663312855553625e-05
pilot,b4_h4_w2_n10_a1.5,abf,4.0,4.0,100,1.191195011138916,-0.7091299593448639,38.539273262023926,1.2702982425689697,nan,114952468.0,-0.6863575577735901,38.12916946411133,9.653867592837285e-06
pilot,b4_h4_w2_n10_a1.5,abf,4.0,4.0,100,1.2000000476837158,-0.3620920479297638,40.28786563873291,1.2725521326065063,nan,103126416.0,-0.21360108256340027,0.0,1.456931805000466e-06
pilot,b4_h4_w2_n10_a1.5,fr_estimated,4.0,4.0,100,-0.20000000298023224,-0.45977815985679626,-39.77419853210449,0.6650026142597198,0.7149863690137863,24358201.0,-0.21360108256340027,-40.828311920166016,1.456931805000466e-06
pilot,b4_h4_w2_n10_a1.5,fr_estimated,4.0,4.0,100,-0.19119496643543243,-0.8014472275972366,-37.83345031738281,0.6653559356927872,0.7149621397256851,28902339.0,-0.5467214584350586,-38.94442367553711,5.522409256204953e-06
pilot,b4_h4_w2_n10_a1.5,fr_estimated,4.0,4.0,100,-0.18238992989063263,-1.1247985363006592,-35.61356830596924,0.6664097756147385,0.7149356603622437,33388595.0,-0.8798418045043945,-37.06053924560547,2.093234580563119e-05
pilot,b4_h4_w2_n10_a1.5,fr_estimated,4.0,4.0,100,-0.17358490824699402,-1.4284379482269287,-33.35590744018555,0.6681458801031113,0.7149030268192291,37769451.0,-1.2129616737365723,-35.17665481567383,7.934259213136262e-05
pilot,b4_h4_w2_n10_a1.5,fr_estimated,4.0,4.0,100,-0.1647798717021942,-1.712137222290039,-31.084332942962646,0.6705339401960373,0.7148697078227997,42047436.0,-1.4975340366363525,-32.91462707519531,0.00024766190687638897
pilot,b4_h4_w2_n10_a1.5,fr_estimated,4.0,4.0,100,-0.1559748500585556,-1.9758840799331665,-28.82394552230835,0.6735319495201111,0.714833676815033,46253487.0,-1.7714492082595825,-30.569597244262695,0.0007407959556073847
pilot,b4_h4_w2_n10_a1.5,fr_estimated,4.0,4.0,100,-0.1471698135137558,-2.2198776602745056,-26.5974063873291,0.6770863234996796,0.714797705411911,50425644.0,-2.0453648567199707,-28.22456169128418,0.0022158421594943253
pilot,b4_h4_w2_n10_a1.5,fr_estimated,4.0,4.0,100,-0.138364776968956,-2.444494903087616,-24.422789096832275,0.6811322271823883,0.7147527039051056,54592019.0,-2.2784481048583984,-25.96459197998047,0.0056291898398472115
pilot,b4_h4_w2_n10_a1.5,fr_estimated,4.0,4.0,100,-0.12955975532531738,-2.6502504348754883,-22.313141345977783,0.6855937391519547,0.7147140204906464,58761841.0,-2.488563060760498,-23.752471923828125,0.0130452665936918
pilot,b4_h4_w2_n10_a1.5,fr_estimated,4.0,4.0,100,-0.12075471878051758,-2.8377501368522644,-20.276039600372314,0.69038425385952,0.7146703749895096,62923247.0,-2.698678493499756,-21.540348052978516,0.030231580375350366
pilot,b4_h4_w2_n10_a1.5,fr_estimated,4.0,4.0,100,-0.11194968223571777,-3.0076507925987244,-18.31566333770752,0.6954067349433899,0.7146342992782593,67043787.0,-2.881959915161133,-19.44668197631836,0.06292935653831419
pilot,b4_h4_w2_n10_a1.5,fr_estimated,4.0,4.0,100,-0.10314465314149857,-3.160632908344269,-16.43315315246582,0.7005547881126404,0.7145822942256927,71072912.0,-3.033740997314453,-17.4920711517334,0.11548458999006149
pilot,b4_h4_w2_n10_a1.5,fr_estimated,4.0,4.0,100,-0.09433962404727936,-3.2973785996437073,-14.627660274505615,0.7057133913040161,0.7145342528820038,74949630.0,-3.1855216026306152,-15.537460327148438,0.21193073981868027
pilot,b4_h4_w2_n10_a1.5,fr_estimated,4.0,4.0,100,-0.08553458750247955,-3.4185590147972107,-12.897617816925049,0.7107611745595932,0.7145187705755234,78601108.0,-3.322942018508911,-13.651662826538086,0.36721267856729223
pilot,b4_h4_w2_n10_a1.5,fr_estimated,4.0,4.0,100,-0.07672955840826035,-3.5248255133628845,-11.24007272720337,0.7155726850032806,0.7144821435213089,81955916.0,-3.4234344959259033,-11.942814826965332,0.548897156678522
pilot,b4_h4_w2_n10_a1.5,fr_estimated,4.0,4.0,100,-0.06792452931404114,-3.6168035864830017,-9.652093410491943,0.7200218737125397,0.714450791478157,84945076.0,-3.5239272117614746,-10.233966827392578,0.8204737840646298
pilot,b4_h4_w2_n10_a1.5,fr_estimated,4.0,4.0,100,-0.05911949649453163,-3.695093035697937,-8.130791664123535,0.7239860892295837,0.7144233733415604,87506894.0,-3.6199588775634766,-8.548276901245117,1.2047274310715983
pilot,b4_h4_w2_n10_a1.5,fr_estimated,4.0,4.0,100,-0.050314463675022125,-3.760267913341522,-6.6732224225997925,0.7273508012294769,0.7144055068492889,89597432.0,-3.6758456230163574,-7.071008682250977,1.5065169411372965
pilot,b4_h4_w2_n10_a1.5,fr_estimated,4.0,4.0,100,-0.04150943458080292,-3.8128788471221924,-5.276981353759766,0.7300140857696533,0.7143906801939011,91189110.0,-3.7317328453063965,-5.5937395095825195,1.8839096415565775
pilot,b4_h4_w2_n10_a1.5,fr_estimated,4.0,4.0,100,-0.03270440176129341,-3.853457748889923,-3.9402215480804443,0.7318916469812393,0.7143804728984833,92271316.0,-3.7876195907592773,-4.116469383239746,2.3558372768621734
pilot,b4_h4_w2_n10_a1.5,fr_estimated,4.0,4.0,100,-0.023899370804429054,-3.8825215697288513,-2.661431849002838,0.7329205125570297,0.7143867611885071,92850166.0,-3.808274745941162,-2.8408501148223877,2.558744776553833
pilot,b4_h4_w2_n10_a1.5,fr_estimated,4.0,4.0,100,-0.015094339847564697,-3.900576114654541,-1.4395244717597961,0.7330624312162399,0.714378610253334,92948222.0,-3.825866937637329,-1.5827609300613403,2.7452868905737198
pilot,b4_h4_w2_n10_a1.5,fr_estimated,4.0,4.0,100,-0.006289307959377766,-3.908118426799774,-0.27364082634449005,0.7323055416345596,0.7143695652484894,92601452.0,-3.843458652496338,-0.32467374205589294,2.945423008072002
pilot,b4_h4_w2_n10_a1.5,fr_estimated,4.0,4.0,100,0.002515723230317235,-3.905638575553894,0.8369256258010864,0.7306646853685379,0.7143581658601761,91856204.0,-3.8370862007141113,0.7831583619117737,2.8712935303648504
pilot,b4_h4_w2_n10_a1.5,fr_estimated,4.0,4.0,100,0.011320754885673523,-3.8936208486557007,1.8928196430206299,0.7281802892684937,0.7143649607896805,90769192.0,-3.8222944736480713,1.8382011651992798,2.7063360997521357
pilot,b4_h4_w2_n10_a1.5,fr_estimated,4.0,4.0,100,0.02012578584253788,-3.872544229030609,2.8945828676223755,0.7249159067869186,0.7143728137016296,89406158.0,-3.8075027465820312,2.8932440280914307,2.5508555664425296
pilot,b4_h4_w2_n10_a1.5,fr_estimated,4.0,4.0,100,0.028930816799402237,-3.842883050441742,3.8427281379699707,0.7209542095661163,0.714382991194725,87834834.0,-3.7776575088500977,3.8418660163879395,2.263806906876559
pilot,b4_h4_w2_n10_a1.5,fr_estimated,4.0,4.0,100,0.03773584961891174,-3.805108368396759,4.737513780593872,0.7163928002119064,0.7143842279911041,86126122.0,-3.7359848022460938,4.706872463226318,1.916224879280127
pilot,b4_h4_w2_n10_a1.5,fr_estimated,4.0,4.0,100,0.04654087871313095,-3.7596890926361084,5.579147100448608,0.7113392353057861,0.7143888175487518,84343454.0,-3.69431209564209,5.571876049041748,1.6220101532592246
pilot,b4_h4_w2_n10_a1.5,fr_estimated,4.0,4.0,100,0.05534591153264046,-3.70709365606308,6.367533445358276,0.7059062272310257,0.7143939286470413,82546196.0,-3.644402027130127,6.367873191833496,1.328467392532366
pilot,b4_h4_w2_n10_a1.5,fr_estimated,4.0,4.0,100,0.06415094435214996,-3.647790253162384,7.102797746658325,0.7002072930335999,0.7143976539373398,80778508.0,-3.5810513496398926,7.051278591156006,1.0310969457203172
pilot,b4_h4_w2_n10_a1.5,fr_estimated,4.0,4.0,100,0.07295597344636917,-3.5822474360466003,7.784795761108398,0.6943529397249222,0.7144083976745605,79078156.0,-3.5177011489868164,7.734681606292725,0.8002928376492382
pilot,b4_h4_w2_n10_a1.5,fr_estimated,4.0,4.0,100,0.08176100999116898,-3.5109325647354126,8.413879632949829,0.6884476691484451,0.7144041359424591,77468788.0,-3.450998544692993,8.384145736694336,0.6128788553659936
pilot,b4_h4_w2_n10_a1.5,fr_estimated,4.0,4.0,100,0.09056603908538818,-3.4343108534812927,8.990207195281982,0.6825875788927078,0.7144121527671814,75969170.0,-3.3708887100219727,8.897855758666992,0.4448459097122216
pilot,b4_h4_w2_n10_a1.5,fr_estimated,4.0,4.0,100,0.09937106817960739,-3.3528453707695007,9.514092445373535,0.6768587827682495,0.7144233882427216,74589548.0,-3.2907791137695312,9.411567687988281,0.3228828509513561
pilot,b4_h4_w2_n10_a1.5,fr_estimated,4.0,4.0,100,0.1081760972738266,-3.266996741294861,9.98582649230957,0.6713361144065857,0.7144117951393127,73336222.0,-3.210425853729248,9.922097206115723,0.2341300023579043
pilot,b4_h4_w2_n10_a1.5,fr_estimated,4.0,4.0,100,0.1169811338186264,-3.1772229075431824,10.405648946762085,0.6660824865102768,0.7144138514995575,72211488.0,-3.118159770965576,10.276664733886719,0.16187301918203456
pilot,b4_h4_w2_n10_a1.5,fr_estimated,4.0,4.0,100,0.1257861703634262,-3.0839787125587463,10.7741060256958,0.6611482053995132,0.7144107967615128,71211236.0,-3.0258939266204834,10.631233215332031,0.11191602555947652
pilot,b4_h4_w2_n10_a1.5,fr_estimated,4.0,4.0,100,0.13459119200706482,-2.9877161383628845,11.09124755859375,0.6565705388784409,0.714429184794426,70329366.0,-2.9336280822753906,10.985801696777344,0.07737667982175692
pilot,b4_h4_w2_n10_a1.5,fr_estimated,4.0,4.0,100,0.14339622855186462,-2.8888847827911377,11.357584238052368,0.652373656630516,0.7144249081611633,69553666.0,-2.834869384765625,11.20845890045166,0.05212531122610934
pilot,b4_h4_w2_n10_a1.5,fr_estimated,4.0,4.0,100,0.15220126509666443,-2.7879313230514526,11.573292970657349,0.6485684663057327,0.7144192904233932,68873196.0,-2.7348737716674805,11.405990600585938,0.03494125415073881
pilot,b4_h4_w2_n10_a1.5,fr_estimated,4.0,4.0,100,0.16100628674030304,-2.6852997541427612,11.738727331161499,0.6451533436775208,0.7144281417131424,68275908.0,-2.6348791122436523,11.603521347045898,0.023422323440331703
pilot,b4_h4_w2_n10_a1.5,fr_estimated,4.0,4.0,100,0.16981132328510284,-2.581432521343231,11.853959798812866,0.6421146839857101,0.7144242376089096,67752384.0,-2.532677412033081,11.697900772094727,0.015562789242811058
pilot,b4_h4_w2_n10_a1.5,fr_estimated,4.0,4.0,100,0.17861634492874146,-2.476770341396332,11.919288158416748,0.6394285261631012,0.7144175916910172,67294671.0,-2.429339647293091,11.739139556884766,0.010293696328855566
pilot,b4_h4_w2_n10_a1.5,fr_estimated,4.0,4.0,100,0.18742138147354126,-2.371752440929413,11.934802532196045,0.637062594294548,0.714411124587059,66898916.0,-2.3260016441345215,11.780378341674805,0.006808553492953256
pilot,b4_h4_w2_n10_a1.5,fr_estimated,4.0,4.0,100,0.19622641801834106,-2.266814649105072,11.901054859161377,0.6349788010120392,0.7143908441066742,66566539.0,-2.2231130599975586,11.74991226196289,0.004511480417160074
pilot,b4_h4_w2_n10_a1.5,fr_estimated,4.0,4.0,100,0.20503143966197968,-2.162383735179901,11.819653749465942,0.6331361085176468,0.7143896371126175,66303530.0,-2.1207115650177,11.641767501831055,0.0029952250536738104
pilot,b4_h4_w2_n10_a1.5,fr_estimated,4.0,4.0,100,0.21383647620677948,-2.058863401412964,11.69426965713501,0.6314935684204102,0.7143608778715134,66124520.0,-2.018310070037842,11.533622741699219,0.0019885652363759256
pilot,b4_h4_w2_n10_a1.5,fr_estimated,4.0,4.0,100,0.22264151275157928,-1.9566098749637604,11.5318763256073,0.6300134807825089,0.7143503278493881,66047258.0,-1.917165756225586,11.400562286376953,0.0013268877158096183
pilot,b4_h4_w2_n10_a1.5,fr_estimated,4.0,4.0,100,0.2314465343952179,-1.855902224779129,11.343132972717285,0.6286636292934418,0.7143277376890182,66087584.0,-1.8189550638198853,11.209362983703613,0.0008958281933226523
pilot,b4_h4_w2_n10_a1.5,fr_estimated,4.0,4.0,100,0.2402515709400177,-1.7569133639335632,11.141504049301147,0.6274196803569794,0.7143083214759827,66250761.0,-1.7207444906234741,11.01816463470459,0.0006048051580068053
pilot,b4_h4_w2_n10_a1.5,fr_estimated,4.0,4.0,100,0.2490566074848175,-1.6596982181072235,10.940212488174438,0.6262659728527069,0.7142981737852097,66526872.0,-1.623158574104309,10.828215599060059,0.0004093467871801112
pilot,b4_h4_w2_n10_a1.5,fr_estimated,4.0,4.0,100,0.2578616440296173,-1.564208835363388,10.749536514282227,0.6251958906650543,0.7142792195081711,66885563.0,-1.5301557779312134,10.647444725036621,0.0002821817882721216
pilot,b4_h4_w2_n10_a1.5,fr_estimated,4.0,4.0,100,0.2666666805744171,-1.4703344702720642,10.573339223861694,0.6242112666368484,0.714270606637001,67284989.0,-1.43715238571167,10.466670989990234,0.00019452057346458815
pilot,b4_h4_w2_n10_a1.5,fr_estimated,4.0,4.0,100,0.27547168731689453,-1.377959281206131,10.409008264541626,0.6233207583427429,0.7142632752656937,67678300.0,-1.344150185585022,10.285900115966797,0.00013409240248979384
pilot,b4_h4_w2_n10_a1.5,fr_estimated,4.0,4.0,100,0.28427672386169434,-1.2870150208473206,10.24831771850586,0.6225380897521973,0.7142616808414459,68027966.0,-1.2558772563934326,10.107098579406738,9.42016235299725e-05
pilot,b4_h4_w2_n10_a1.5,fr_estimated,4.0,4.0,100,0.29308176040649414,-1.1975157260894775,10.080806493759155,0.6218793839216232,0.7142539471387863,68311660.0,-1.1679067611694336,9.928423881530762,6.625794852882786e-05
pilot,b4_h4_w2_n10_a1.5,fr_estimated,4.0,4.0,100,0.30188679695129395,-1.109566479921341,9.896226167678833,0.62136110663414,0.7142524570226669,68523604.0,-1.0799356698989868,9.749748229980469,4.6603286778946924e-05
pilot,b4_h4_w2_n10_a1.5,fr_estimated,4.0,4.0,100,0.31069183349609375,-1.0233512818813324,9.686984300613403,0.6209978312253952,0.7142577469348907,68673478.0,-0.996482253074646,9.52001953125,3.3376678349585034e-05
pilot,b4_h4_w2_n10_a1.5,fr_estimated,4.0,4.0,100,0.31949687004089355,-0.9391059428453445,9.448737382888794,0.6208007782697678,0.7142578512430191,68774818.0,-0.9144546389579773,9.274168014526367,2.4040669209601173e-05
pilot,b4_h4_w2_n10_a1.5,fr_estimated,4.0,4.0,100,0.32830187678337097,-0.8570927977561951,9.17994999885559,0.6207768768072128,0.7142592221498489,68843102.0,-0.8324270844459534,9.02831745147705,1.731610041559411e-05
pilot,b4_h4_w2_n10_a1.5,fr_estimated,4.0,4.0,100,0.3371069133281708,-0.77757827937603,8.881213426589966,0.6209282875061035,0.7142621874809265,68888260.0,-0.7551339268684387,8.729512214660645,1.2710953451725587e-05
pilot,b4_h4_w2_n10_a1.5,fr_estimated,4.0,4.0,100,0.3459119498729706,-0.7008194178342819,8.55400538444519,0.6212528496980667,0.7142634093761444,68916696.0,-0.6812683939933777,8.392359733581543,9.459333885209435e-06
pilot,b4_h4_w2_n10_a1.5,fr_estimated,4.0,4.0,100,0.3547169864177704,-0.62705859541893,8.200227975845337,0.6217447221279144,0.7142662107944489,68930044.0,-0.6074032187461853,8.05521011352539,7.039529008781666e-06
pilot,b4_h4_w2_n10_a1.5,fr_estimated,4.0,4.0,100,0.3635220229625702,-0.5565221756696701,7.821606516838074,0.6223950237035751,0.7142665386199951,68928700.0,-0.5377498865127563,7.686909198760986,5.327744281309127e-06
pilot,b4_h4_w2_n10_a1.5,fr_estimated,4.0,4.0,100,0.3723270297050476,-0.4894222766160965,7.41969895362854,0.6231929957866669,0.7142680734395981,68914308.0,-0.47441545128822327,7.2718939781188965,4.135425378836726e-06
pilot,b4_h4_w2_n10_a1.5,fr_estimated,4.0,4.0,100,0.3811320662498474,-0.42595699429512024,6.995978832244873,0.6241265684366226,0.7142695635557175,68889294.0,-0.41108033061027527,6.856873512268066,3.2099318719546752e-06
pilot,b4_h4_w2_n10_a1.5,fr_estimated,4.0,4.0,100,0.3899371027946472,-0.3663134202361107,6.55162513256073,0.6251826286315918,0.714270830154419,68860140.0,-0.35049769282341003,6.427882194519043,2.519144002016922e-06
pilot,b4_h4_w2_n10_a1.5,fr_estimated,4.0,4.0,100,0.398742139339447,-0.3106667622923851,6.088108658790588,0.6263470947742462,0.7142729461193085,68831482.0,-0.29967227578163147,5.949346542358398,2.055702202401073e-06
pilot,b4_h4_w2_n10_a1.5,fr_estimated,4.0,4.0,100,0.4075471758842468,-0.2591802403330803,5.6066789627075195,0.6276044547557831,0.7142750173807144,68810190.0,-0.24884717166423798,5.470813751220703,1.6775209480440931e-06
pilot,b4_h4_w2_n10_a1.5,fr_estimated,4.0,4.0,100,0.41635221242904663,-0.2120056040585041,5.108697056770325,0.6289372146129608,0.7142772376537323,68802156.0,-0.19858714938163757,4.990180969238281,1.3720102337975848e-06
pilot,b4_h4_w2_n10_a1.5,fr_estimated,4.0,4.0,100,0.42515721917152405,-0.16928250342607498,4.59557569026947,0.6303253471851349,0.7142792195081711,68811926.0,-0.16189482808113098,4.459211349487305,1.184721473037785e-06
pilot,b4_h4_w2_n10_a1.5,fr_estimated,4.0,4.0,100,0.43396225571632385,-0.1311376765370369,4.0687432289123535,0.631745845079422,0.7142806649208069,68843756.0,-0.1252027302980423,3.9282455444335938,1.022999820983348e-06
pilot,b4_h4_w2_n10_a1.5,fr_estimated,4.0,4.0,100,0.44276729226112366,-0.09768421202898026,3.529967427253723,0.6331724673509598,0.7142804563045502,68898022.0,-0.0885104238986969,3.3972764015197754,8.833534161893296e-07
pilot,b4_h4_w2_n10_a1.5,fr_estimated,4.0,4.0,100,0.45157232880592346,-0.06901988387107849,2.9809255599975586,0.6345761120319366,0.7142785489559174,68971868.0,-0.0649334043264389,2.8427929878234863,8.03853699699513e-07
pilot,b4_h4_w2_n10_a1.5,fr_estimated,4.0,4.0,100,0.46037736535072327,-0.04522787779569626,2.423254609107971,0.6359258592128754,0.7142746597528458,69062050.0,-0.04349106177687645,2.284477710723877,7.377816524056443e-07
pilot,b4_h4_w2_n10_a1.5,fr_estimated,4.0,4.0,100,0.46918240189552307,-0.026377923786640167,1.85835599899292,0.6371899992227554,0.714269146323204,69164840.0,-0.02204885333776474,1.726166009902954,6.771407021288864e-07
pilot,b4_h4_w2_n10_a1.5,fr_estimated,4.0,4.0,100,0.4779874086380005,-0.012528032064437866,1.287555307149887,0.6383382976055145,0.7142622023820877,69276688.0,-0.0113339489325881,1.1609324216842651,6.487318553765787e-07
pilot,b4_h4_w2_n10_a1.5,fr_estimated,4.0,4.0,100,0.4867924451828003,-0.003724232316017151,0.712164506316185,0.6393436789512634,0.7142546623945236,69397104.0,-0.005666991695761681,0.5924418568611145,6.341919295052591e-07
pilot,b4_h4_w2_n10_a1.5,fr_estimated,4.0,4.0,100,0.4955974817276001,0.0,0.13376788794994354,0.6401842087507248,0.7142472714185715,69527054.0,0.0,0.023947715759277344,6.199777992691356e-07
pilot,b4_h4_w2_n10_a1.5,fr_estimated,4.0,4.0,100,0.5044025182723999,-0.0013732388615608215,-0.44568970799446106,0.6408451497554779,0.7142405658960342,69669530.0,-0.0023144891019910574,-0.5461490154266357,6.257441779637842e-07
pilot,b4_h4_w2_n10_a1.5,fr_estimated,4.0,4.0,100,0.5132075548171997,-0.00784342736005783,-1.0239653587341309,0.6413198858499527,0.7142348438501358,69825754.0,-0.012610293924808502,-1.117855429649353,6.520523469694716e-07
pilot,b4_h4_w2_n10_a1.5,fr_estimated,4.0,4.0,100,0.5220125913619995,-0.019389912486076355,-1.5987357795238495,0.6416105329990387,0.7142300605773926,69995312.0,-0.02290603704750538,-1.6895581483840942,6.794664229066095e-07
pilot,b4_h4_w2_n10_a1.5,fr_estimated,4.0,4.0,100,0.5308176279067993,-0.0359722375869751,-2.1678194403648376,0.6417274624109268,0.7142261862754822,70176614.0,-0.03825751319527626,-2.2564830780029297,7.224973286060705e-07
pilot,b4_h4_w2_n10_a1.5,fr_estimated,4.0,4.0,100,0.5396226644515991,-0.05753232538700104,-2.729398012161255,0.6416883319616318,0.7142231166362762,70365982.0,-0.06435190886259079,-2.813248634338379,8.019861233959151e-07
pilot,b4_h4_w2_n10_a1.5,fr_estimated,4.0,4.0,100,0.5484277009963989,-0.08399809896945953,-3.2821110486984253,0.6415159702301025,0.7142209112644196,70558010.0,-0.09044614434242249,-3.3700101375579834,8.902196652297474e-07
pilot,b4_h4_w2_n10_a1.5,fr_estimated,4.0,4.0,100,0.557232677936554,-0.11528731882572174,-3.8250067234039307,0.6412360817193985,0.7142197638750076,70748654.0,-0.11865855753421783,-3.9221689701080322,9.965685219465097e-07
pilot,b4_h4_w2_n10_a1.5,fr_estimated,4.0,4.0,100,0.5660377144813538,-0.1513110175728798,-4.357515096664429,0.6408744603395462,0.7142195701599121,70934426.0,-0.1598818451166153,-4.446053504943848,1.1752204784784122e-06
pilot,b4_h4_w2_n10_a1.5,fr_estimated,4.0,4.0,100,0.5748427510261536,-0.191975936293602,-4.879225373268127,0.64045450091362,0.7142205685377121,71114514.0,-0.20110538601875305,-4.96994161605835,1.3859002588415982e-06
pilot,b4_h4_w2_n10_a1.5,fr_estimated,4.0,4.0,100,0.5836477875709534,-0.2371850498020649,-5.389765977859497,0.639995202422142,0.7142218798398972,71291018.0,-0.2423286736011505,-5.493826389312744,1.6343465897737837e-06
pilot,b4_h4_w2_n10_a1.5,fr_estimated,4.0,4.0,100,0.5924528241157532,-0.2868385910987854,-5.88867461681366,0.6395096927881241,0.7142236232757568,71468376.0,-0.29710713028907776,-5.980053901672363,2.034717343982986e-06
pilot,b4_h4_w2_n10_a1.5,fr_estimated,4.0,4.0,100,0.601257860660553,-0.34083138406276703,-6.375361680984497,0.6390050798654556,0.7142233550548553,71651910.0,-0.3524499535560608,-6.464709281921387,2.5388931161569154e-06
pilot,b4_h4_w2_n10_a1.5,fr_estimated,4.0,4.0,100,0.6100628972053528,-0.3990524113178253,-6.849120616912842,0.638482853770256,0.7142231911420822,71845180.0,-0.4077931344509125,-6.949367523193359,3.1680014402901403e-06
pilot,b4_h4_w2_n10_a1.5,fr_estimated,4.0,4.0,100,0.6188679337501526,-0.46138446033000946,-7.3091500997543335,0.6379408538341522,0.7142221927642822,72051084.0,-0.4732641875743866,-7.401395320892334,4.11642529989701e-06
pilot,b4_h4_w2_n10_a1.5,fr_estimated,4.0,4.0,100,0.6276729702949524,-0.5277025401592255,-7.754519701004028,0.6373755037784576,0.7142199277877808,72269908.0,-0.5415922403335571,-7.844223499298096,5.410261088903581e-06
pilot,b4_h4_w2_n10_a1.5,fr_estimated,4.0,4.0,100,0.6364780068397522,-0.5978742390871048,-8.184468030929565,0.6367846131324768,0.7142181396484375,72499310.0,-0.6099202036857605,-8.2870512008667,7.110760538455497e-06
pilot,b4_h4_w2_n10_a1.5,fr_estimated,4.0,4.0,100,0.645283043384552,-0.6717599630355835,-8.598139524459839,0.636170893907547,0.7142151594161987,72737028.0,-0.6852396130561829,-8.697890281677246,9.610794011269202e-06
pilot,b4_h4_w2_n10_a1.5,fr_estimated,4.0,4.0,100,0.6540880799293518,-0.7492132931947708,-8.994822025299072,0.6355445384979248,0.7142136543989182,72979442.0,-0.7652204632759094,-9.087409973144531,1.3234277497381392e-05
pilot,b4_h4_w2_n10_a1.5,fr_estimated,4.0,4.0,100,0.6628930568695068,-0.8300810754299164,-9.37370491027832,0.6349257826805115,0.71421118080616,73223234.0,-0.8452003002166748,-9.476922988891602,1.8223821131358097e-05
pilot,b4_h4_w2_n10_a1.5,fr_estimated,4.0,4.0,100,0.6716980934143066,-0.9142031371593475,-9.734009981155396,0.6343464702367783,0.7142107784748077,73466894.0,-0.9293659925460815,-9.838155746459961,2.5518211174323364e-05
pilot,b4_h4_w2_n10_a1.5,fr_estimated,4.0,4.0,100,0.6805031299591064,-1.0014121234416962,-10.074885129928589,0.6338505148887634,0.714212954044342,73709766.0,-1.0193098783493042,-10.160326957702637,3.656779387236859e-05
pilot,b4_h4_w2_n10_a1.5,fr_estimated,4.0,4.0,100,0.6893081665039062,-1.0915332436561584,-10.39546799659729,0.6334937214851379,0.7142101675271988,73953310.0,-1.1092543601989746,-10.482500076293945,5.240205622967207e-05
pilot,b4_h4_w2_n10_a1.5,fr_estimated,4.0,4.0,100,0.698113203048706,-1.1843819916248322,-10.694597005844116,0.6333421021699905,0.714213639497757,74201032.0,-1.2011196613311768,-10.78725814819336,7.567191110053387e-05
pilot,b4_h4_w2_n10_a1.5,fr_estimated,4.0,4.0,100,0.7069182395935059,-1.279766708612442,-10.971338510513306,0.6334693282842636,0.714214414358139,74455766.0,-1.2990686893463135,-11.03687858581543,0.00011196688390690855
pilot,b4_h4_w2_n10_a1.5,fr_estimated,4.0,4.0,100,0.7157232761383057,-1.3774836957454681,-11.224365234375,0.6339535415172577,0.7142116129398346,74721904.0,-1.3970189094543457,-11.286502838134766,0.00016567102229513754
pilot,b4_h4_w2_n10_a1.5,fr_estimated,4.0,4.0,100,0.7245283126831055,-1.4773190915584564,-11.452515125274658,0.6348732709884644,0.7142112702131271,75001488.0,-1.4953231811523438,-11.53153133392334,0.0002454813839891972
pilot,b4_h4_w2_n10_a1.5,fr_estimated,4.0,4.0,100,0.7333333492279053,-1.5790484547615051,-11.654611825942993,0.6363031268119812,0.7142132222652435,75295584.0,-1.5991899967193604,-11.704608917236328,0.00037192357055349147
pilot,b4_h4_w2_n10_a1.5,fr_estimated,4.0,4.0,100,0.7421383857727051,-1.6824384033679962,-11.829665422439575,0.6383092105388641,0.7142136543989182,75603392.0,-1.703058123588562,-11.877689361572266,0.0005634963663720591
pilot,b4_h4_w2_n10_a1.5,fr_estimated,4.0,4.0,100,0.7509434223175049,-1.7872450053691864,-11.97638487815857,0.6409449875354767,0.7142111659049988,75924658.0,-1.8069249391555786,-12.05076789855957,0.0008537412376012899
pilot,b4_h4_w2_n10_a1.5,fr_estimated,4.0,4.0,100,0.7597483992576599,-1.8932136595249176,-12.093621969223022,0.6442471891641617,0.7142020016908646,76257722.0,-1.913955569267273,-12.145188331604004,0.0013099584103339664
pilot,b4_h4_w2_n10_a1.5,fr_estimated,4.0,4.0,100,0.7685534358024597,-2.0000797510147095,-12.180241584777832,0.6482330709695816,0.7141968756914139,76601814.0,-2.0214176177978516,-12.228883743286133,0.002013437746935863
pilot,b4_h4_w2_n10_a1.5,fr_estimated,4.0,4.0,100,0.7773584723472595,-2.1075693368911743,-12.235219478607178,0.6528980284929276,0.7141832858324051,76955710.0,-2.1288793087005615,-12.312580108642578,0.003094698067980014
pilot,b4_h4_w2_n10_a1.5,fr_estimated,4.0,4.0,100,0.7861635088920593,-2.215398609638214,-12.25741958618164,0.658215120434761,0.7141742259263992,77319466.0,-2.236948251724243,-12.322473526000977,0.004768186856514149
pilot,b4_h4_w2_n10_a1.5,fr_estimated,4.0,4.0,100,0.7949685454368591,-2.3232744336128235,-12.245779991149902,0.6641355603933334,0.7141810804605484,77694804.0,-2.345278739929199,-12.300737380981445,0.007354321293284626
pilot,b4_h4_w2_n10_a1.5,fr_estimated,4.0,4.0,100,0.8037735819816589,-2.43089359998703,-12.199126720428467,0.6705907583236694,0.7141609638929367,78082730.0,-2.4536077976226807,-12.279001235961914,0.011343039572587608
pilot,b4_h4_w2_n10_a1.5,fr_estimated,4.0,4.0,100,0.8125786185264587,-2.537941634654999,-12.116232872009277,0.6774953156709671,0.7141626477241516,78487578.0,-2.560746669769287,-12.194842338562012,0.017412002911119932
pilot,b4_h4_w2_n10_a1.5,fr_estimated,4.0,4.0,100,0.8213836550712585,-2.6440958976745605,-11.995938062667847,0.6847516745328903,0.7141648530960083,78912790.0,-2.6667866706848145,-12.053065299987793,0.026610870415440392
pilot,b4_h4_w2_n10_a1.5,fr_estimated,4.0,4.0,100,0.8301886916160583,-2.7490208745002747,-11.83700442314148,0.6922544538974762,0.71415975689888,79362038.0,-2.772827625274658,-11.911286354064941,0.04066971095863872
pilot,b4_h4_w2_n10_a1.5,fr_estimated,4.0,4.0,100,0.8389937281608582,-2.852370798587799,-11.63817024230957,0.6998957246541977,0.7141551822423935,79837954.0,-2.876904249191284,-11.72567367553711,0.061669538683302896
pilot,b4_h4_w2_n10_a1.5,fr_estimated,4.0,4.0,100,0.847798764705658,-2.953788936138153,-11.398226261138916,0.7075698673725128,0.7141664028167725,80342640.0,-2.9771695137023926,-11.454971313476562,0.092097810196719
pilot,b4_h4_w2_n10_a1.5,fr_estimated,4.0,4.0,100,0.8566038012504578,-3.0529099702835083,-11.116392612457275,0.7151774615049362,0.7141504138708115,80873610.0,-3.0774359703063965,-11.184267044067383,0.13754030384506943
pilot,b4_h4_w2_n10_a1.5,fr_estimated,4.0,4.0,100,0.8654087781906128,-3.149360716342926,-10.79168152809143,0.7226293534040451,0.7141503840684891,81428584.0,-3.1761741638183594,-10.89112663269043,0.20415301109408332
pilot,b4_h4_w2_n10_a1.5,fr_estimated,4.0,4.0,100,0.8742138147354126,-3.2427603006362915,-10.423359632492065,0.729848712682724,0.7141440957784653,82004316.0,-3.2668967247009277,-10.480205535888672,0.2934654780183907
pilot,b4_h4_w2_n10_a1.5,fr_estimated,4.0,4.0,100,0.8830188512802124,-3.3327207565307617,-10.010507822036743,0.7367731779813766,0.7141446024179459,82597796.0,-3.357619285583496,-10.069284439086914,0.4218501913198502
pilot,b4_h4_w2_n10_a1.5,fr_estimated,4.0,4.0,100,0.8918238878250122,-3.4188446402549744,-9.551882028579712,0.7433559149503708,0.7141532897949219,83209440.0,-3.44834303855896,-9.658357620239258,0.6064032937984996
pilot,b4_h4_w2_n10_a1.5,fr_estimated,4.0,4.0,100,0.900628924369812,-3.5007244348526,-9.046531677246094,0.7495664656162262,0.7141384780406952,83841446.0,-3.5257253646850586,-9.100008964538574,0.8263964074306027
pilot,b4_h4_w2_n10_a1.5,fr_estimated,4.0,4.0,100,0.9094339609146118,-3.5779433846473694,-8.493168354034424,0.7553917616605759,0.7141548097133636,84500000.0,-3.6028361320495605,-8.538655281066895,1.1249767412738647
pilot,b4_h4_w2_n10_a1.5,fr_estimated,4.0,4.0,100,0.9182389974594116,-3.65007221698761,-7.890493869781494,0.7608370333909988,0.714137613773346,85192546.0,-3.6799476146698,-7.977294921875,1.5314397277931897
pilot,b4_h4_w2_n10_a1.5,fr_estimated,4.0,4.0,100,0.9270440340042114,-3.716673254966736,-7.237439274787903,0.7659271508455276,0.7141211181879044,85925370.0,-3.7426939010620117,-7.288084983825684,1.9683456868053562
pilot,b4_h4_w2_n10_a1.5,fr_estimated,4.0,4.0,100,0.9358490705490112,-3.7772969007492065,-6.532776832580566,0.7707084864377975,0.714113637804985,86703046.0,-3.801849126815796,-6.566916465759277,2.4938166798471215
pilot,b4_h4_w2_n10_a1.5,fr_estimated,4.0,4.0,100,0.944654107093811,-3.831484079360962,-5.775469899177551,0.775250181555748,0.7141112238168716,87526734.0,-3.86100435256958,-5.845747947692871,3.159567790542634
pilot,b4_h4_w2_n10_a1.5,fr_estimated,4.0,4.0,100,0.9534591436386108,-3.878767430782318,-4.964614748954773,0.779646024107933,0.7141228169202805,88394920.0,-3.9061737060546875,-5.019807815551758,3.7852527334571846
pilot,b4_h4_w2_n10_a1.5,fr_estimated,4.0,4.0,100,0.9622641801834106,-3.9186717867851257,-4.099364519119263,0.7840148061513901,0.7141134142875671,89304704.0,-3.9427709579467773,-4.129673957824707,4.3819843275203105
pilot,b4_h4_w2_n10_a1.5,fr_estimated,4.0,4.0,100,0.9710691571235657,-3.9507145285606384,-3.1788991689682007,0.7884999811649323,0.7141076624393463,90251798.0,-3.97936749458313,-3.239551067352295,5.07277401591688
pilot,b4_h4_w2_n10_a1.5,fr_estimated,4.0,4.0,100,0.9798741936683655,-3.9744057059288025,-2.202363669872284,0.7932674139738083,0.7141124159097672,91232646.0,-4.003908634185791,-2.2715907096862793,5.596001750211504
pilot,b4_h4_w2_n10_a1.5,fr_estimated,4.0,4.0,100,0.9886792302131653,-3.9892472624778748,-1.1687931716442108,0.7985016703605652,0.714102566242218,92245264.0,-4.013105869293213,-1.2045689821243286,5.805706481557221
pilot,b4_h4_w2_n10_a1.5,fr_estimated,4.0,4.0,100,0.9974842667579651,-3.994731903076172,-0.07709126733243465,0.8044000566005707,0.7141146212816238,93287604.0,-4.022303104400635,-0.13756006956100464,6.023269694067121
pilot,b4_h4_w2_n10_a1.5,fr_estimated,4.0,4.0,100,1.0062893629074097,-3.9903433322906494,1.0739511847496033,0.811164915561676,0.7140773683786392,94361490.0,-4.023045539855957,0.9784867763519287,6.041183837002282
pilot,b4_h4_w2_n10_a1.5,fr_estimated,4.0,4.0,100,1.01509428024292,-3.9755526185035706,2.285648763179779,0.8189947456121445,0.7140901237726212,95470024.0,-3.999727249145508,2.2340211868286133,5.503183975660038
pilot,b4_h4_w2_n10_a1.5,fr_estimated,4.0,4.0,100,1.0238993167877197,-3.949819803237915,3.559371054172516,0.8280734121799469,0.7140894085168839,96621696.0,-3.976408004760742,3.489586353302002,5.013076767578337
pilot,b4_h4_w2_n10_a1.5,fr_estimated,4.0,4.0,100,1.0327043533325195,-3.9125930070877075,4.896398186683655,0.8385601341724396,0.7140853404998779,97825814.0,-3.9500503540039062,4.761285781860352,4.5114528838742425
pilot,b4_h4_w2_n10_a1.5,fr_estimated,4.0,4.0,100,1.0415093898773193,-3.8633100390434265,6.297867774963379,0.8505782932043076,0.7141017019748688,99095874.0,-3.8887505531311035,6.218672275543213,3.5304313019799056
pilot,b4_h4_w2_n10_a1.5,fr_estimated,4.0,4.0,100,1.0503144264221191,-3.8013997077941895,7.7646098136901855,0.8642056286334991,0.7140926569700241,100440010.0,-3.8274497985839844,7.676076412200928,2.762723661919121
pilot,b4_h4_w2_n10_a1.5,fr_estimated,4.0,4.0,100,1.059119462966919,-3.7262848615646362,9.297165393829346,0.8794659227132797,0.7140887379646301,101862362.0,-3.7661499977111816,9.133462905883789,2.1619656340916578
pilot,b4_h4_w2_n10_a1.5,fr_estimated,4.0,4.0,100,1.0679244995117188,-3.637385606765747,10.895675659179688,0.8963213413953781,0.7140916436910629,103357566.0,-3.665456533432007,10.781328201293945,1.4451945751020563
pilot,b4_h4_w2_n10_a1.5,fr_estimated,4.0,4.0,100,1.0767295360565186,-3.534120261669159,12.560282230377197,0.914668008685112,0.7140880525112152,104909134.0,-3.560387134552002,12.450353622436523,0.9492969424269415
pilot,b4_h4_w2_n10_a1.5,fr_estimated,4.0,4.0,100,1.0855345726013184,-3.4159082770347595,14.290695905685425,0.9343329966068268,0.7141067981719971,106492190.0,-3.4553163051605225,14.11939811706543,0.6235558477283698
pilot,b4_h4_w2_n10_a1.5,fr_estimated,4.0,4.0,100,1.0943396091461182,-3.2821744680404663,16.08637762069702,0.9550742954015732,0.7141035944223404,108072880.0,-3.3143372535705566,15.949905395507812,0.3547886024637365
pilot,b4_h4_w2_n10_a1.5,fr_estimated,4.0,4.0,100,1.103144645690918,-3.1323463320732117,17.945982456207275,0.97658471763134,0.7141098827123642,109605558.0,-3.159395217895508,17.843204498291016,0.19090081183330945
pilot,b4_h4_w2_n10_a1.5,fr_estimated,4.0,4.0,100,1.1119496822357178,-2.9658719301223755,19.86747407913208,0.9984956979751587,0.7141093611717224,111032746.0,-3.004453420639038,19.73650360107422,0.10271794093843706
pilot,b4_h4_w2_n10_a1.5,fr_estimated,4.0,4.0,100,1.1207547187805176,-2.7822218537330627,21.8472957611084,1.0203875303268433,0.7141040861606598,112275916.0,-2.8191986083984375,21.75000762939453,0.04895823292805914
pilot,b4_h4_w2_n10_a1.5,fr_estimated,4.0,4.0,100,1.1295597553253174,-2.58090740442276,23.87993288040161,1.04180046916008,0.7141097038984299,113225726.0,-2.608128547668457,23.86585235595703,0.02104551140507214
pilot,b4_h4_w2_n10_a1.5,fr_estimated,4.0,4.0,100,1.1383647918701172,-2.3614948987960815,25.958029747009277,1.0622495114803314,0.7141163349151611,113734852.0,-2.3970584869384766,25.981698989868164,0.009046763410596405
pilot,b4_h4_w2_n10_a1.5,fr_estimated,4.0,4.0,100,1.147169828414917,-2.123633623123169,28.070430278778076,1.0812410712242126,0.7141073197126389,113604934.0,-2.1642236709594727,28.12847900390625,0.003564656855943215
pilot,b4_h4_w2_n10_a1.5,fr_estimated,4.0,4.0,100,1.1559748649597168,-1.8670870661735535,30.202248096466064,1.0982922613620758,0.7141187191009521,112581296.0,-1.8927077054977417,30.330181121826172,0.0012032231733508406
pilot,b4_h4_w2_n10_a1.5,fr_estimated,4.0,4.0,100,1.1647799015045166,-1.5917640626430511,32.33537483215332,1.1129495799541473,0.714120164513588,110351232.0,-1.6211919784545898,32.531883239746094,0.0004061393407765276
pilot,b4_h4_w2_n10_a1.5,fr_estimated,4.0,4.0,100,1.1735849380493164,-1.2977460324764252,34.44868087768555,1.1248092949390411,0.7141177952289581,106572942.0,-1.3397436141967773,34.65035629272461,0.0001317495599756426
pilot,b4_h4_w2_n10_a1.5,fr_estimated,4.0,4.0,100,1.1823899745941162,-0.9852929711341858,36.5227575302124,1.1335355341434479,0.7141188085079193,100936346.0,-1.013048529624939,36.389774322509766,3.5663312855553625e-05
pilot,b4_h4_w2_n10_a1.5,fr_estimated,4.0,4.0,100,1.191195011138916,-0.6548264920711517,38.54030132293701,1.1388759016990662,0.7141142040491104,93254622.0,-0.6863575577735901,38.12916946411133,9.653867592837285e-06
pilot,b4_h4_w2_n10_a1.5,fr_estimated,4.0,4.0,100,1.2000000476837158,-0.30776869505643845,40.291348457336426,1.1406737267971039,0.7141112387180328,83572334.0,-0.21360108256340027,0.0,1.456931805000466e-06
pilot,b4_h4_w2_n10_a1.5,fr_uniform,4.0,4.0,100,-0.20000000298023224,-0.4662620946764946,-39.77168655395508,0.6408972293138504,0.714285671710968,24094735.0,-0.21360108256340027,-40.828311920166016,1.456931805000466e-06
pilot,b4_h4_w2_n10_a1.5,fr_uniform,4.0,4.0,100,-0.19119496643543243,-0.807917058467865,-37.832749366760254,0.6415568292140961,0.714285671710968,28599240.5,-0.5467214584350586,-38.94442367553711,5.522409256204953e-06
pilot,b4_h4_w2_n10_a1.5,fr_uniform,4.0,4.0,100,-0.18238992989063263,-1.1312690377235413,-35.614423751831055,0.6435205489397049,0.714285671710968,33047068.5,-0.8798418045043945,-37.06053924560547,2.093234580563119e-05
pilot,b4_h4_w2_n10_a1.5,fr_uniform,4.0,4.0,100,-0.17358490824699402,-1.4349193572998047,-33.357540130615234,0.6467436701059341,0.714285671710968,37390259.0,-1.2129616737365723,-35.17665481567383,7.934259213136262e-05
pilot,b4_h4_w2_n10_a1.5,fr_uniform,4.0,4.0,100,-0.1647798717021942,-1.7186327874660492,-31.08591079711914,0.6511524021625519,0.714285671710968,41631303.0,-1.4975340366363525,-32.91462707519531,0.00024766190687638897
pilot,b4_h4_w2_n10_a1.5,fr_uniform,4.0,4.0,100,-0.1559748500585556,-1.9823867976665497,-28.82399320602417,0.6566456854343414,0.714285671710968,45802735.0,-1.7714492082595825,-30.569597244262695,0.0007407959556073847
pilot,b4_h4_w2_n10_a1.5,fr_uniform,4.0,4.0,100,-0.1471698135137558,-2.226369857788086,-26.5949764251709,0.6630972921848297,0.714285671710968,49944027.0,-2.0453648567199707,-28.22456169128418,0.0022158421594943253
pilot,b4_h4_w2_n10_a1.5,fr_uniform,4.0,4.0,100,-0.138364776968956,-2.4509541392326355,-24.417726516723633,0.6703591197729111,0.714285671710968,54085647.0,-2.2784481048583984,-25.96459197998047,0.0056291898398472115
pilot,b4_h4_w2_n10_a1.5,fr_uniform,4.0,4.0,100,-0.12955975532531738,-2.6566534638404846,-22.305448055267334,0.678265243768692,0.714285671710968,58239545.0,-2.488563060760498,-23.752471923828125,0.0130452665936918
pilot,b4_h4_w2_n10_a1.5,fr_uniform,4.0,4.0,100,-0.12075471878051758,-2.844078242778778,-20.266733169555664,0.6866369545459747,0.714285671710968,62393441.0,-2.698678493499756,-21.540348052978516,0.030231580375350366
pilot,b4_h4_w2_n10_a1.5,fr_uniform,4.0,4.0,100,-0.11194968223571777,-3.0138933062553406,-18.305518627166748,0.6952883452177048,0.714285671710968,66514992.0,-2.881959915161133,-19.44668197631836,0.06292935653831419
pilot,b4_h4_w2_n10_a1.5,fr_uniform,4.0,4.0,100,-0.10314465314149857,-3.1667856574058533,-16.42289113998413,0.704032376408577,0.714285671710968,70552882.0,-3.033740997314453,-17.4920711517334,0.11548458999006149
pilot,b4_h4_w2_n10_a1.5,fr_uniform,4.0,4.0,100,-0.09433962404727936,-3.303442597389221,-14.617761135101318,0.7126867771148682,0.714285671710968,74442492.0,-3.1855216026306152,-15.537460327148438,0.21193073981868027
pilot,b4_h4_w2_n10_a1.5,fr_uniform,4.0,4.0,100,-0.08553458750247955,-3.4245370626449585,-12.887976169586182,0.7210794687271118,0.714285671710968,78110874.0,-3.322942018508911,-13.651662826538086,0.36721267856729223
pilot,b4_h4_w2_n10_a1.5,fr_uniform,4.0,4.0,100,-0.07672955840826035,-3.5307201147079468,-11.230762720108032,0.729053184390068,0.714285671710968,81483454.0,-3.4234344959259033,-11.942814826965332,0.548897156678522
pilot,b4_h4_w2_n10_a1.5,fr_uniform,4.0,4.0,100,-0.06792452931404114,-3.62261825799942,-9.643224239349365,0.7364688366651535,0.714285671710968,84488652.0,-3.5239272117614746,-10.233966827392578,0.8204737840646298
pilot,b4_h4_w2_n10_a1.5,fr_uniform,4.0,4.0,100,-0.05911949649453163,-3.7008315920829773,-8.122382402420044,0.7432077825069427,0.714285671710968,87066358.0,-3.6199588775634766,-8.548276901245117,1.2047274310715983
pilot,b4_h4_w2_n10_a1.5,fr_uniform,4.0,4.0,100,-0.050314463675022125,-3.765935719013214,-6.665547847747803,0.7491723150014877,0.714285671710968,89171102.0,-3.6758456230163574,-7.071008682250977,1.5065169411372965
pilot,b4_h4_w2_n10_a1.5,fr_uniform,4.0,4.0,100,-0.04150943458080292,-3.818483889102936,-5.270388841629028,0.7542853653430939,0.714285671710968,90774776.0,-3.7317328453063965,-5.5937395095825195,1.8839096415565775
pilot,b4_h4_w2_n10_a1.5,fr_uniform,4.0,4.0,100,-0.03270440176129341,-3.85901015996933,-3.934861421585083,0.7584892809391022,0.714285671710968,91869540.0,-3.7876195907592773,-4.116469383239746,2.3558372768621734
pilot,b4_h4_w2_n10_a1.5,fr_uniform,4.0,4.0,100,-0.023899370804429054,-3.888032376766205,-2.6573358178138733,0.7617436200380325,0.714285671710968,92463464.0,-3.808274745941162,-2.8408501148223877,2.558744776553833
pilot,b4_h4_w2_n10_a1.5,fr_uniform,4.0,4.0,100,-0.015094339847564697,-3.9060550928115845,-1.4363964200019836,0.7640234082937241,0.714285671710968,92585162.0,-3.825866937637329,-1.5827609300613403,2.7452868905737198
pilot,b4_h4_w2_n10_a1.5,fr_uniform,4.0,4.0,100,-0.006289307959377766,-3.9135719537734985,-0.2709932327270508,0.7653167098760605,0.714285671710968,92273038.0,-3.843458652496338,-0.32467374205589294,2.945423008072002
pilot,b4_h4_w2_n10_a1.5,fr_uniform,4.0,4.0,100,0.002515723230317235,-3.911068558692932,0.839634120464325,0.7656232267618179,0.714285671710968,91579268.0,-3.8370862007141113,0.7831583619117737,2.8712935303648504
pilot,b4_h4_w2_n10_a1.5,fr_uniform,4.0,4.0,100,0.011320754885673523,-3.899024784564972,1.896010309457779,0.7649528980255127,0.714285671710968,90563004.0,-3.8222944736480713,1.8382011651992798,2.7063360997521357
pilot,b4_h4_w2_n10_a1.5,fr_uniform,4.0,4.0,100,0.02012578584253788,-3.8779171109199524,2.8984574675559998,0.7633250504732132,0.714285671710968,89287756.0,-3.8075027465820312,2.8932440280914307,2.5508555664425296
pilot,b4_h4_w2_n10_a1.5,fr_uniform,4.0,4.0,100,0.028930816799402237,-3.8482189774513245,3.8472536206245422,0.7607681155204773,0.714285671710968,87816662.0,-3.7776575088500977,3.8418660163879395,2.263806906876559
pilot,b4_h4_w2_n10_a1.5,fr_uniform,4.0,4.0,100,0.03773584961891174,-3.81040221452713,4.742542266845703,0.7573192119598389,0.714285671710968,86210752.0,-3.7359848022460938,4.706872463226318,1.916224879280127
pilot,b4_h4_w2_n10_a1.5,fr_uniform,4.0,4.0,100,0.04654087871313095,-3.764937162399292,5.584521532058716,0.7530240565538406,0.714285671710968,84527734.0,-3.69431209564209,5.571876049041748,1.6220101532592246
pilot,b4_h4_w2_n10_a1.5,fr_uniform,4.0,4.0,100,0.05534591153264046,-3.712292730808258,6.373286128044128,0.7479368895292282,0.714285671710968,82818328.0,-3.644402027130127,6.367873191833496,1.328467392532366
pilot,b4_h4_w2_n10_a1.5,fr_uniform,4.0,4.0,100,0.06415094435214996,-3.652937114238739,7.108913540840149,0.7421198934316635,0.714285671710968,81127746.0,-3.5810513496398926,7.051278591156006,1.0310969457203172
pilot,b4_h4_w2_n10_a1.5,fr_uniform,4.0,4.0,100,0.07295597344636917,-3.5873383283615112,7.791390657424927,0.735642820596695,0.714285671710968,79492418.0,-3.5177011489868164,7.734681606292725,0.8002928376492382
pilot,b4_h4_w2_n10_a1.5,fr_uniform,4.0,4.0,100,0.08176100999116898,-3.5159648060798645,8.420605421066284,0.7285821735858917,0.714285671710968,77939632.0,-3.450998544692993,8.384145736694336,0.6128788553659936
pilot,b4_h4_w2_n10_a1.5,fr_uniform,4.0,4.0,100,0.09056603908538818,-3.439284920692444,8.996700763702393,0.721020445227623,0.714285671710968,76486676.0,-3.3708887100219727,8.897855758666992,0.4448459097122216
pilot,b4_h4_w2_n10_a1.5,fr_uniform,4.0,4.0,100,0.09937106817960739,-3.3577654361724854,9.519844770431519,0.7130452394485474,0.714285671710968,75143112.0,-3.2907791137695312,9.411567687988281,0.3228828509513561
pilot,b4_h4_w2_n10_a1.5,fr_uniform,4.0,4.0,100,0.1081760972738266,-3.271870970726013,9.990486860275269,0.7047483921051025,0.714285671710968,73911452.0,-3.210425853729248,9.922097206115723,0.2341300023579043
pilot,b4_h4_w2_n10_a1.5,fr_uniform,4.0,4.0,100,0.1169811338186264,-3.182060956954956,10.40919041633606,0.6962254047393799,0.714285671710968,72790670.0,-3.118159770965576,10.276664733886719,0.16187301918203456
pilot,b4_h4_w2_n10_a1.5,fr_uniform,4.0,4.0,100,0.1257861703634262,-3.0887911319732666,10.77640700340271,0.6875746846199036,0.714285671710968,71777904.0,-3.0258939266204834,10.631233215332031,0.11191602555947652
pilot,b4_h4_w2_n10_a1.5,fr_uniform,4.0,4.0,100,0.13459119200706482,-2.9925130009651184,11.092482328414917,0.6788971126079559,0.714285671710968,70868678.0,-2.9336280822753906,10.985801696777344,0.07737667982175692
pilot,b4_h4_w2_n10_a1.5,fr_uniform,4.0,4.0,100,0.14339622855186462,-2.893675148487091,11.35780382156372,0.6702952980995178,0.714285671710968,70057892.0,-2.834869384765625,11.20845890045166,0.05212531122610934
pilot,b4_h4_w2_n10_a1.5,fr_uniform,4.0,4.0,100,0.15220126509666443,-2.792722761631012,11.57283091545105,0.6618730127811432,0.714285671710968,69339024.0,-2.7348737716674805,11.405990600585938,0.03494125415073881
pilot,b4_h4_w2_n10_a1.5,fr_uniform,4.0,4.0,100,0.16100628674030304,-2.6900964975357056,11.73798418045044,0.6537340879440308,0.714285671710968,68704258.0,-2.6348791122436523,11.603521347045898,0.023422323440331703
pilot,b4_h4_w2_n10_a1.5,fr_uniform,4.0,4.0,100,0.16981132328510284,-2.5862333178520203,11.853751182556152,0.6459809839725494,0.714285671710968,68146130.0,-2.532677412033081,11.697900772094727,0.015562789242811058
pilot,b4_h4_w2_n10_a1.5,fr_uniform,4.0,4.0,100,0.17861634492874146,-2.4815675020217896,11.920340061187744,0.6387128978967667,0.714285671710968,67659417.0,-2.429339647293091,11.739139556884766,0.010293696328855566
pilot,b4_h4_w2_n10_a1.5,fr_uniform,4.0,4.0,100,0.18742138147354126,-2.376531660556793,11.937830448150635,0.6320232599973679,0.714285671710968,67240768.0,-2.3260016441345215,11.780378341674805,0.006808553492953256
pilot,b4_h4_w2_n10_a1.5,fr_uniform,4.0,4.0,100,0.19622641801834106,-2.271556258201599,11.906573295593262,0.6259964406490326,0.714285671710968,66892338.0,-2.2231130599975586,11.74991226196289,0.004511480417160074
pilot,b4_h4_w2_n10_a1.5,fr_uniform,4.0,4.0,100,0.20503143966197968,-2.167065382003784,11.827768325805664,0.6207045912742615,0.714285671710968,66620956.0,-2.1207115650177,11.641767501831055,0.0029952250536738104
pilot,b4_h4_w2_n10_a1.5,fr_uniform,4.0,4.0,100,0.21383647620677948,-2.063462972640991,11.704798936843872,0.6162036806344986,0.714285671710968,66438156.0,-2.018310070037842,11.533622741699219,0.0019885652363759256
pilot,b4_h4_w2_n10_a1.5,fr_uniform,4.0,4.0,100,0.22264151275157928,-1.961109071969986,11.544144630432129,0.6125299781560898,0.714285671710968,66358001.0,-1.917165756225586,11.400562286376953,0.0013268877158096183
pilot,b4_h4_w2_n10_a1.5,fr_uniform,4.0,4.0,100,0.2314465343952179,-1.8602891862392426,11.356363296508789,0.6096967905759811,0.714285671710968,66391429.0,-1.8189550638198853,11.209362983703613,0.0008958281933226523
pilot,b4_h4_w2_n10_a1.5,fr_uniform,4.0,4.0,100,0.2402515709400177,-1.7611843943595886,11.154614925384521,0.6076922118663788,0.714285671710968,66541901.0,-1.7207444906234741,11.01816463470459,0.0006048051580068053
pilot,b4_h4_w2_n10_a1.5,fr_uniform,4.0,4.0,100,0.2490566074848175,-1.663856863975525,10.952622652053833,0.606478288769722,0.714285671710968,66798087.0,-1.623158574104309,10.828215599060059,0.0004093467871801112
pilot,b4_h4_w2_n10_a1.5,fr_uniform,4.0,4.0,100,0.2578616440296173,-1.5682632625102997,10.76079249382019,0.6059914231300354,0.714285671710968,67132860.0,-1.5301557779312134,10.647444725036621,0.0002821817882721216
pilot,b4_h4_w2_n10_a1.5,fr_uniform,4.0,4.0,100,0.2666666805744171,-1.474294275045395,10.583585977554321,0.6061451882123947,0.714285671710968,67508669.0,-1.43715238571167,10.466670989990234,0.00019452057346458815
pilot,b4_h4_w2_n10_a1.5,fr_uniform,4.0,4.0,100,0.27547168731689453,-1.3818316459655762,10.418631315231323,0.6068344414234161,0.714285671710968,67881423.0,-1.344150185585022,10.285900115966797,0.00013409240248979384
pilot,b4_h4_w2_n10_a1.5,fr_uniform,4.0,4.0,100,0.28427672386169434,-1.2908025085926056,10.257978200912476,0.6079413592815399,0.714285671710968,68213676.0,-1.2558772563934326,10.107098579406738,9.42016235299725e-05
pilot,b4_h4_w2_n10_a1.5,fr_uniform,4.0,4.0,100,0.29308176040649414,-1.201215922832489,10.090964555740356,0.6093426644802094,0.714285671710968,68479870.0,-1.1679067611694336,9.928423881530762,6.625794852882786e-05
pilot,b4_h4_w2_n10_a1.5,fr_uniform,4.0,4.0,100,0.30188679695129395,-1.1131726205348969,9.90742564201355,0.6109171658754349,0.714285671710968,68669500.0,-1.0799356698989868,9.749748229980469,4.6603286778946924e-05
pilot,b4_h4_w2_n10_a1.5,fr_uniform,4.0,4.0,100,0.31069183349609375,-1.0268529057502747,9.699535369873047,0.6125531643629074,0.714285671710968,68785032.0,-0.996482253074646,9.52001953125,3.3376678349585034e-05
pilot,b4_h4_w2_n10_a1.5,fr_uniform,4.0,4.0,100,0.31949687004089355,-0.9424901753664017,9.462845802307129,0.6141546815633774,0.714285671710968,68838044.0,-0.9144546389579773,9.274168014526367,2.4040669209601173e-05
pilot,b4_h4_w2_n10_a1.5,fr_uniform,4.0,4.0,100,0.32830187678337097,-0.8603464812040329,9.195493459701538,0.615646243095398,0.714285671710968,68844080.0,-0.8324270844459534,9.02831745147705,1.731610041559411e-05
pilot,b4_h4_w2_n10_a1.5,fr_uniform,4.0,4.0,100,0.3371069133281708,-0.7806911021471024,8.897632837295532,0.6169751435518265,0.714285671710968,68820258.0,-0.7551339268684387,8.729512214660645,1.2710953451725587e-05
pilot,b4_h4_w2_n10_a1.5,fr_uniform,4.0,4.0,100,0.3459119498729706,-0.7037868499755859,8.570608854293823,0.6181112676858902,0.714285671710968,68782010.0,-0.6812683939933777,8.392359733581543,9.459333885209435e-06
pilot,b4_h4_w2_n10_a1.5,fr_uniform,4.0,4.0,100,0.3547169864177704,-0.6298820078372955,8.216336727142334,0.6190449744462967,0.714285671710968,68739300.0,-0.6074032187461853,8.05521011352539,7.039529008781666e-06
pilot,b4_h4_w2_n10_a1.5,fr_uniform,4.0,4.0,100,0.3635220229625702,-0.5592089742422104,7.836527109146118,0.6197826862335205,0.714285671710968,68700804.0,-0.5377498865127563,7.686909198760986,5.327744281309127e-06
pilot,b4_h4_w2_n10_a1.5,fr_uniform,4.0,4.0,100,0.3723270297050476,-0.491984061896801,7.433176636695862,0.6203417629003525,0.714285671710968,68668766.0,-0.47441545128822327,7.2718939781188965,4.135425378836726e-06
pilot,b4_h4_w2_n10_a1.5,fr_uniform,4.0,4.0,100,0.3811320662498474,-0.42840641736984253,7.008022308349609,0.620744988322258,0.714285671710968,68645230.0,-0.41108033061027527,6.856873512268066,3.2099318719546752e-06
pilot,b4_h4_w2_n10_a1.5,fr_uniform,4.0,4.0,100,0.3899371027946472,-0.36866143345832825,6.562620043754578,0.6210155636072159,0.714285671710968,68631804.0,-0.35049769282341003,6.427882194519043,2.519144002016922e-06
pilot,b4_h4_w2_n10_a1.5,fr_uniform,4.0,4.0,100,0.398742139339447,-0.31291935592889786,6.098785758018494,0.621173694729805,0.714285671710968,68626150.0,-0.29967227578163147,5.949346542358398,2.055702202401073e-06
pilot,b4_h4_w2_n10_a1.5,fr_uniform,4.0,4.0,100,0.4075471758842468,-0.2613353729248047,5.618138790130615,0.6212350130081177,0.714285671710968,68628068.0,-0.24884717166423798,5.470813751220703,1.6775209480440931e-06
pilot,b4_h4_w2_n10_a1.5,fr_uniform,4.0,4.0,100,0.41635221242904663,-0.21405067667365074,5.122236132621765,0.6212108731269836,0.714285671710968,68634728.0,-0.19858714938163757,4.990180969238281,1.3720102337975848e-06
pilot,b4_h4_w2_n10_a1.5,fr_uniform,4.0,4.0,100,0.42515721917152405,-0.17119400948286057,4.612377166748047,0.6211109012365341,0.714285671710968,68644026.0,-0.16189482808113098,4.459211349487305,1.184721473037785e-06
pilot,b4_h4_w2_n10_a1.5,fr_uniform,4.0,4.0,100,0.43396225571632385,-0.13288287073373795,4.089716792106628,0.6209463477134705,0.714285671710968,68653670.0,-0.1252027302980423,3.9282455444335938,1.022999820983348e-06
pilot,b4_h4_w2_n10_a1.5,fr_uniform,4.0,4.0,100,0.44276729226112366,-0.09922628104686737,3.55513197183609,0.6207344233989716,0.714285671710968,68664038.0,-0.0885104238986969,3.3972764015197754,8.833534161893296e-07
pilot,b4_h4_w2_n10_a1.5,fr_uniform,4.0,4.0,100,0.45157232880592346,-0.07032561302185059,3.0094457864761353,0.6205020844936371,0.714285671710968,68678216.0,-0.0649334043264389,2.8427929878234863,8.03853699699513e-07
pilot,b4_h4_w2_n10_a1.5,fr_uniform,4.0,4.0,100,0.46037736535072327,-0.046273939311504364,2.4537158012390137,0.620288610458374,0.714285671710968,68699988.0,-0.04349106177687645,2.284477710723877,7.377816524056443e-07
pilot,b4_h4_w2_n10_a1.5,fr_uniform,4.0,4.0,100,0.46918240189552307,-0.027154050767421722,1.8892424702644348,0.6201461404561996,0.714285671710968,68735542.0,-0.02204885333776474,1.726166009902954,6.771407021288864e-07
pilot,b4_h4_w2_n10_a1.5,fr_uniform,4.0,4.0,100,0.4779874086380005,-0.013035550713539124,1.3176817893981934,0.6201379895210266,0.714285671710968,68789480.0,-0.0113339489325881,1.1609324216842651,6.487318553765787e-07
pilot,b4_h4_w2_n10_a1.5,fr_uniform,4.0,4.0,100,0.4867924451828003,-0.003972262144088745,0.7409808188676834,0.620334267616272,0.714285671710968,68865640.0,-0.005666991695761681,0.5924418568611145,6.341919295052591e-07
pilot,b4_h4_w2_n10_a1.5,fr_uniform,4.0,4.0,100,0.4955974817276001,0.0,0.1612878330051899,0.6208056211471558,0.714285671710968,68966012.0,0.0,0.023947715759277344,6.199777992691356e-07
pilot,b4_h4_w2_n10_a1.5,fr_uniform,4.0,4.0,100,0.5044025182723999,-0.0011353269219398499,-0.419170580804348,0.6216150522232056,0.714285671710968,69088914.0,-0.0023144891019910574,-0.5461490154266357,6.257441779637842e-07
pilot,b4_h4_w2_n10_a1.5,fr_uniform,4.0,4.0,100,0.5132075548171997,-0.007375471293926239,-0.998233437538147,0.6228096783161163,0.714285671710968,69233684.0,-0.012610293924808502,-1.117855429649353,6.520523469694716e-07
pilot,b4_h4_w2_n10_a1.5,fr_uniform,4.0,4.0,100,0.5220125913619995,-0.01869940012693405,-1.5739145874977112,0.6244122833013535,0.714285671710968,69394792.0,-0.02290603704750538,-1.6895581483840942,6.794664229066095e-07
pilot,b4_h4_w2_n10_a1.5,fr_uniform,4.0,4.0,100,0.5308176279067993,-0.035069599747657776,-2.1444565653800964,0.626415342092514,0.714285671710968,69567248.0,-0.03825751319527626,-2.2564830780029297,7.224973286060705e-07
pilot,b4_h4_w2_n10_a1.5,fr_uniform,4.0,4.0,100,0.5396226644515991,-0.05643390119075775,-2.708289623260498,0.6287769675254822,0.714285671710968,69747150.0,-0.06435190886259079,-2.813248634338379,8.019861233959151e-07
pilot,b4_h4_w2_n10_a1.5,fr_uniform,4.0,4.0,100,0.5484277009963989,-0.08272676914930344,-3.2639445066452026,0.6314200013875961,0.714285671710968,69932346.0,-0.09044614434242249,-3.3700101375579834,8.902196652297474e-07
pilot,b4_h4_w2_n10_a1.5,fr_uniform,4.0,4.0,100,0.557232677936554,-0.113870769739151,-3.8101894855499268,0.6342355310916901,0.714285671710968,70120132.0,-0.11865855753421783,-3.9221689701080322,9.965685219465097e-07
pilot,b4_h4_w2_n10_a1.5,fr_uniform,4.0,4.0,100,0.5660377144813538,-0.14977838844060898,-4.345965266227722,0.637088879942894,0.714285671710968,70310728.0,-0.1598818451166153,-4.446053504943848,1.1752204784784122e-06
pilot,b4_h4_w2_n10_a1.5,fr_uniform,4.0,4.0,100,0.5748427510261536,-0.19035394489765167,-4.87047803401947,0.6398295313119888,0.714285671710968,70504820.0,-0.20110538601875305,-4.96994161605835,1.3859002588415982e-06
pilot,b4_h4_w2_n10_a1.5,fr_uniform,4.0,4.0,100,0.5836477875709534,-0.235496137291193,-5.383311867713928,0.6423026025295258,0.714285671710968,70703014.0,-0.2423286736011505,-5.493826389312744,1.6343465897737837e-06
pilot,b4_h4_w2_n10_a1.5,fr_uniform,4.0,4.0,100,0.5924528241157532,-0.2851008027791977,-5.884028911590576,0.6443618535995483,0.714285671710968,70908304.0,-0.29710713028907776,-5.980053901672363,2.034717343982986e-06
pilot,b4_h4_w2_n10_a1.5,fr_uniform,4.0,4.0,100,0.601257860660553,-0.33905884623527527,-6.372133493423462,0.6458822935819626,0.714285671710968,71123998.0,-0.3524499535560608,-6.464709281921387,2.5388931161569154e-06
pilot,b4_h4_w2_n10_a1.5,fr_uniform,4.0,4.0,100,0.6100628972053528,-0.39725666493177414,-6.847077012062073,0.6467713862657547,0.714285671710968,71351880.0,-0.4077931344509125,-6.949367523193359,3.1680014402901403e-06
pilot,b4_h4_w2_n10_a1.5,fr_uniform,4.0,4.0,100,0.6188679337501526,-0.45957448333501816,-7.307963609695435,0.6469779014587402,0.714285671710968,71593606.0,-0.4732641875743866,-7.401395320892334,4.11642529989701e-06
pilot,b4_h4_w2_n10_a1.5,fr_uniform,4.0,4.0,100,0.6276729702949524,-0.5258847773075104,-7.753936767578125,0.6464968472719193,0.714285671710968,71846172.0,-0.5415922403335571,-7.844223499298096,5.410261088903581e-06
pilot,b4_h4_w2_n10_a1.5,fr_uniform,4.0,4.0,100,0.6364780068397522,-0.5960529744625092,-8.184261322021484,0.6453710943460464,0.714285671710968,72105862.0,-0.6099202036857605,-8.2870512008667,7.110760538455497e-06
pilot,b4_h4_w2_n10_a1.5,fr_uniform,4.0,4.0,100,0.645283043384552,-0.6699383854866028,-8.598270654678345,0.6436884254217148,0.714285671710968,72368344.0,-0.6852396130561829,-8.697890281677246,9.610794011269202e-06
pilot,b4_h4_w2_n10_a1.5,fr_uniform,4.0,4.0,100,0.6540880799293518,-0.7473948448896408,-8.99539828300476,0.6415752917528152,0.714285671710968,72629660.0,-0.7652204632759094,-9.087409973144531,1.3234277497381392e-05
pilot,b4_h4_w2_n10_a1.5,fr_uniform,4.0,4.0,100,0.6628930568695068,-0.8282701224088669,-9.374836444854736,0.6391872316598892,0.714285671710968,72889446.0,-0.8452003002166748,-9.476922988891602,1.8223821131358097e-05
pilot,b4_h4_w2_n10_a1.5,fr_uniform,4.0,4.0,100,0.6716980934143066,-0.9124051183462143,-9.735813856124878,0.636697456240654,0.714285671710968,73149136.0,-0.9293659925460815,-9.838155746459961,2.5518211174323364e-05
pilot,b4_h4_w2_n10_a1.5,fr_uniform,4.0,4.0,100,0.6805031299591064,-0.9996327459812164,-10.077317953109741,0.6342846900224686,0.714285671710968,73412024.0,-1.0193098783493042,-10.160326957702637,3.656779387236859e-05
pilot,b4_h4_w2_n10_a1.5,fr_uniform,4.0,4.0,100,0.6893081665039062,-1.0897765159606934,-10.398175954818726,0.6321209073066711,0.714285671710968,73681996.0,-1.1092543601989746,-10.482500076293945,5.240205622967207e-05
pilot,b4_h4_w2_n10_a1.5,fr_uniform,4.0,4.0,100,0.698113203048706,-1.1826491057872772,-10.697303056716919,0.6303612142801285,0.714285671710968,73959208.0,-1.2011196613311768,-10.78725814819336,7.567191110053387e-05
pilot,b4_h4_w2_n10_a1.5,fr_uniform,4.0,4.0,100,0.7069182395935059,-1.2780548930168152,-10.97342562675476,0.6291352361440659,0.714285671710968,74245200.0,-1.2990686893463135,-11.03687858581543,0.00011196688390690855
pilot,b4_h4_w2_n10_a1.5,fr_uniform,4.0,4.0,100,0.7157232761383057,-1.3757852613925934,-11.225319862365723,0.6285417228937149,0.714285671710968,74538266.0,-1.3970189094543457,-11.286502838134766,0.00016567102229513754
pilot,b4_h4_w2_n10_a1.5,fr_uniform,4.0,4.0,100,0.7245283126831055,-1.475621521472931,-11.451773166656494,0.6286464780569077,0.714285671710968,74838024.0,-1.4953231811523438,-11.53153133392334,0.0002454813839891972
pilot,b4_h4_w2_n10_a1.5,fr_uniform,4.0,4.0,100,0.7333333492279053,-1.5773359537124634,-11.651917695999146,0.6294824928045273,0.714285671710968,75142112.0,-1.5991899967193604,-11.704608917236328,0.00037192357055349147
pilot,b4_h4_w2_n10_a1.5,fr_uniform,4.0,4.0,100,0.7421383857727051,-1.6806929409503937,-11.82486891746521,0.6310533136129379,0.714285671710968,75449170.0,-1.703058123588562,-11.877689361572266,0.0005634963663720591
pilot,b4_h4_w2_n10_a1.5,fr_uniform,4.0,4.0,100,0.7509434223175049,-1.785449206829071,-11.96976613998413,0.6333376169204712,0.714285671710968,75759300.0,-1.8069249391555786,-12.05076789855957,0.0008537412376012899
pilot,b4_h4_w2_n10_a1.5,fr_uniform,4.0,4.0,100,0.7597483992576599,-1.8913549184799194,-12.085948944091797,0.6362954378128052,0.714285671710968,76073602.0,-1.913955569267273,-12.145188331604004,0.0013099584103339664
pilot,b4_h4_w2_n10_a1.5,fr_uniform,4.0,4.0,100,0.7685534358024597,-1.9981517791748047,-12.17218017578125,0.639874130487442,0.714285671710968,76396544.0,-2.0214176177978516,-12.228883743286133,0.002013437746935863
pilot,b4_h4_w2_n10_a1.5,fr_uniform,4.0,4.0,100,0.7773584723472595,-2.1055713891983032,-12.227421998977661,0.6440146416425705,0.714285671710968,76733492.0,-2.1288793087005615,-12.312580108642578,0.003094698067980014
pilot,b4_h4_w2_n10_a1.5,fr_uniform,4.0,4.0,100,0.7861635088920593,-2.2133346796035767,-12.250203847885132,0.6486560106277466,0.714285671710968,77092172.0,-2.236948251724243,-12.322473526000977,0.004768186856514149
pilot,b4_h4_w2_n10_a1.5,fr_uniform,4.0,4.0,100,0.7949685454368591,-2.3211490511894226,-12.239045143127441,0.6537391841411591,0.714285671710968,77479448.0,-2.345278739929199,-12.300737380981445,0.007354321293284626
pilot,b4_h4_w2_n10_a1.5,fr_uniform,4.0,4.0,100,0.8037735819816589,-2.428709864616394,-12.192603826522827,0.6592088937759399,0.714285671710968,77898838.0,-2.4536077976226807,-12.279001235961914,0.011343039572587608
pilot,b4_h4_w2_n10_a1.5,fr_uniform,4.0,4.0,100,0.8125786185264587,-2.5356996655464172,-12.109532833099365,0.6650144904851913,0.714285671710968,78352218.0,-2.560746669769287,-12.194842338562012,0.017412002911119932
pilot,b4_h4_w2_n10_a1.5,fr_uniform,4.0,4.0,100,0.8213836550712585,-2.6417934894561768,-11.988912105560303,0.6711093187332153,0.714285671710968,78838486.0,-2.6667866706848145,-12.053065299987793,0.026610870415440392
pilot,b4_h4_w2_n10_a1.5,fr_uniform,4.0,4.0,100,0.8301886916160583,-2.7466560006141663,-11.829842329025269,0.6774491518735886,0.714285671710968,79355208.0,-2.772827625274658,-11.911286354064941,0.04066971095863872
pilot,b4_h4_w2_n10_a1.5,fr_uniform,4.0,4.0,100,0.8389937281608582,-2.849944829940796,-11.631454706192017,0.6839902251958847,0.714285671710968,79898324.0,-2.876904249191284,-11.72567367553711,0.061669538683302896
pilot,b4_h4_w2_n10_a1.5,fr_uniform,4.0,4.0,100,0.847798764705658,-2.9513095021247864,-11.392815351486206,0.6906876266002655,0.714285671710968,80465516.0,-2.9771695137023926,-11.454971313476562,0.092097810196719
pilot,b4_h4_w2_n10_a1.5,fr_uniform,4.0,4.0,100,0.8566038012504578,-3.0503904223442078,-11.11269497871399,0.6974937468767166,0.714285671710968,81052732.0,-3.0774359703063965,-11.184267044067383,0.13754030384506943
pilot,b4_h4_w2_n10_a1.5,fr_uniform,4.0,4.0,100,0.8654087781906128,-3.1468165516853333,-10.78974962234497,0.7043577134609222,0.714285671710968,81656156.0,-3.1761741638183594,-10.89112663269043,0.20415301109408332
pilot,b4_h4_w2_n10_a1.5,fr_uniform,4.0,4.0,100,0.8742138147354126,-3.2402048110961914,-10.422715902328491,0.7112259715795517,0.714285671710968,82274076.0,-3.2668967247009277,-10.480205535888672,0.2934654780183907
pilot,b4_h4_w2_n10_a1.5,fr_uniform,4.0,4.0,100,0.8830188512802124,-3.330161988735199,-10.010418891906738,0.7180440723896027,0.714285671710968,82905334.0,-3.357619285583496,-10.069284439086914,0.4218501913198502
pilot,b4_h4_w2_n10_a1.5,fr_uniform,4.0,4.0,100,0.8918238878250122,-3.4162850975990295,-9.551807403564453,0.7247594445943832,0.714285671710968,83552050.0,-3.44834303855896,-9.658357620239258,0.6064032937984996
pilot,b4_h4_w2_n10_a1.5,fr_uniform,4.0,4.0,100,0.900628924369812,-3.4981623888015747,-9.046016693115234,0.7313252091407776,0.714285671710968,84216656.0,-3.5257253646850586,-9.100008964538574,0.8263964074306027
pilot,b4_h4_w2_n10_a1.5,fr_uniform,4.0,4.0,100,0.9094339609146118,-3.575374484062195,-8.49212646484375,0.7377044558525085,0.714285671710968,84904636.0,-3.6028361320495605,-8.538655281066895,1.1249767412738647
pilot,b4_h4_w2_n10_a1.5,fr_uniform,4.0,4.0,100,0.9182389974594116,-3.6474936604499817,-7.889340400695801,0.7438749223947525,0.714285671710968,85618720.0,-3.6799476146698,-7.977294921875,1.5314397277931897
pilot,b4_h4_w2_n10_a1.5,fr_uniform,4.0,4.0,100,0.9270440340042114,-3.7140860557556152,-7.236638784408569,0.7498330324888229,0.714285671710968,86365226.0,-3.7426939010620117,-7.288084983825684,1.9683456868053562
pilot,b4_h4_w2_n10_a1.5,fr_uniform,4.0,4.0,100,0.9358490705490112,-3.77470725774765,-6.5330283641815186,0.7555974125862122,0.714285671710968,87147430.0,-3.801849126815796,-6.566916465759277,2.4938166798471215
pilot,b4_h4_w2_n10_a1.5,fr_uniform,4.0,4.0,100,0.944654107093811,-3.8289036750793457,-5.777287721633911,0.7612111866474152,0.714285671710968,87967574.0,-3.86100435256958,-5.845747947692871,3.159567790542634
pilot,b4_h4_w2_n10_a1.5,fr_uniform,4.0,4.0,100,0.9534591436386108,-3.876211106777191,-4.9682536125183105,0.7667430639266968,0.714285671710968,88828072.0,-3.9061737060546875,-5.019807815551758,3.7852527334571846
pilot,b4_h4_w2_n10_a1.5,fr_uniform,4.0,4.0,100,0.9622641801834106,-3.9161556363105774,-4.104857087135315,0.7722869664430618,0.714285671710968,89726980.0,-3.9427709579467773,-4.129673957824707,4.3819843275203105
pilot,b4_h4_w2_n10_a1.5,fr_uniform,4.0,4.0,100,0.9710691571235657,-3.9482531547546387,-3.1858654618263245,0.7779604196548462,0.714285671710968,90663734.0,-3.97936749458313,-3.239551067352295,5.07277401591688
pilot,b4_h4_w2_n10_a1.5,fr_uniform,4.0,4.0,100,0.9798741936683655,-3.9720088839530945,-2.210082709789276,0.7839016914367676,0.714285671710968,91635654.0,-4.003908634185791,-2.2715907096862793,5.596001750211504
pilot,b4_h4_w2_n10_a1.5,fr_uniform,4.0,4.0,100,0.9886792302131653,-3.9869173765182495,-1.1762923896312714,0.7902660071849823,0.714285671710968,92641302.0,-4.013105869293213,-1.2045689821243286,5.805706481557221
pilot,b4_h4_w2_n10_a1.5,fr_uniform,4.0,4.0,100,0.9974842667579651,-3.9924623370170593,-0.08321495167911053,0.7972212433815002,0.714285671710968,93683416.0,-4.022303104400635,-0.13756006956100464,6.023269694067121
pilot,b4_h4_w2_n10_a1.5,fr_uniform,4.0,4.0,100,1.0062893629074097,-3.988116443157196,1.0703656673431396,0.8049431294202805,0.714285671710968,94765390.0,-4.023045539855957,0.9784867763519287,6.041183837002282
pilot,b4_h4_w2_n10_a1.5,fr_uniform,4.0,4.0,100,1.01509428024292,-3.9733418822288513,2.285556435585022,0.8136097937822342,0.714285671710968,95893396.0,-3.999727249145508,2.2340211868286133,5.503183975660038
pilot,b4_h4_w2_n10_a1.5,fr_uniform,4.0,4.0,100,1.0238993167877197,-3.9475921392440796,3.563308298587799,0.8233961462974548,0.714285671710968,97074870.0,-3.976408004760742,3.489586353302002,5.013076767578337
pilot,b4_h4_w2_n10_a1.5,fr_uniform,4.0,4.0,100,1.0327043533325195,-3.91031277179718,4.904436826705933,0.834467276930809,0.714285671710968,98314388.0,-3.9500503540039062,4.761285781860352,4.5114528838742425
pilot,b4_h4_w2_n10_a1.5,fr_uniform,4.0,4.0,100,1.0415093898773193,-3.8609429001808167,6.30955708026886,0.8469711542129517,0.714285671710968,99617028.0,-3.8887505531311035,6.218672275543213,3.5304313019799056
pilot,b4_h4_w2_n10_a1.5,fr_uniform,4.0,4.0,100,1.0503144264221191,-3.7989169359207153,7.779189586639404,0.8610302358865738,0.714285671710968,100984008.0,-3.8274497985839844,7.676076412200928,2.762723661919121
pilot,b4_h4_w2_n10_a1.5,fr_uniform,4.0,4.0,100,1.059119462966919,-3.7236656546592712,9.313576221466064,0.8767314851284027,0.714285671710968,102414432.0,-3.7661499977111816,9.133462905883789,2.1619656340916578
pilot,b4_h4_w2_n10_a1.5,fr_uniform,4.0,4.0,100,1.0679244995117188,-3.6346179842948914,10.912966012954712,0.8941156268119812,0.714285671710968,103903584.0,-3.665456533432007,10.781328201293945,1.4451945751020563
pilot,b4_h4_w2_n10_a1.5,fr_uniform,4.0,4.0,100,1.0767295360565186,-3.5312018394470215,12.577262878417969,0.9131654798984528,0.714285671710968,105440826.0,-3.560387134552002,12.450353622436523,0.9492969424269415
pilot,b4_h4_w2_n10_a1.5,fr_uniform,4.0,4.0,100,1.0855345726013184,-3.412844181060791,14.306827068328857,0.9337944090366364,0.714285671710968,107003738.0,-3.4553163051605225,14.11939811706543,0.6235558477283698
pilot,b4_h4_w2_n10_a1.5,fr_uniform,4.0,4.0,100,1.0943396091461182,-3.2789734601974487,16.101356983184814,0.9558355808258057,0.714285671710968,108564262.0,-3.3143372535705566,15.949905395507812,0.3547886024637365
pilot,b4_h4_w2_n10_a1.5,fr_uniform,4.0,4.0,100,1.103144645690918,-3.1290162801742554,17.960312366485596,0.9790352582931519,0.714285671710968,110081276.0,-3.159395217895508,17.843204498291016,0.19090081183330945
pilot,b4_h4_w2_n10_a1.5,fr_uniform,4.0,4.0,100,1.1119496822357178,-2.9624152779579163,19.881897449493408,1.0030472874641418,0.714285671710968,111498022.0,-3.004453420639038,19.73650360107422,0.10271794093843706
pilot,b4_h4_w2_n10_a1.5,fr_uniform,4.0,4.0,100,1.1207547187805176,-2.778634011745453,21.862690925598145,1.0274354964494705,0.714285671710968,112738038.0,-2.8191986083984375,21.75000762939453,0.04895823292805914
pilot,b4_h4_w2_n10_a1.5,fr_uniform,4.0,4.0,100,1.1295597553253174,-2.57717627286911,23.896981716156006,1.0516816973686218,0.714285671710968,113695254.0,-2.608128547668457,23.86585235595703,0.02104551140507214
pilot,b4_h4_w2_n10_a1.5,fr_uniform,4.0,4.0,100,1.1383647918701172,-2.357606828212738,25.976611137390137,1.0752008110284805,0.714285671710968,114220482.0,-2.3970584869384766,25.981698989868164,0.009046763410596405
pilot,b4_h4_w2_n10_a1.5,fr_uniform,4.0,4.0,100,1.147169828414917,-2.11957985162735,28.089478969573975,1.0973628163337708,0.714285671710968,114111716.0,-2.1642236709594727,28.12847900390625,0.003564656855943215
pilot,b4_h4_w2_n10_a1.5,fr_uniform,4.0,4.0,100,1.1559748649597168,-1.8628676235675812,30.220849990844727,1.1175211668014526,0.714285671710968,113105914.0,-1.8927077054977417,30.330181121826172,0.0012032231733508406
pilot,b4_h4_w2_n10_a1.5,fr_uniform,4.0,4.0,100,1.1647799015045166,-1.587388426065445,32.35223388671875,1.1350454986095428,0.714285671710968,110885724.0,-1.6211919784545898,32.531883239746094,0.0004061393407765276
pilot,b4_h4_w2_n10_a1.5,fr_uniform,4.0,4.0,100,1.1735849380493164,-1.2932307720184326,34.46353626251221,1.1493569612503052,0.714285671710968,107103946.0,-1.3397436141967773,34.65035629272461,0.0001317495599756426
pilot,b4_h4_w2_n10_a1.5,fr_uniform,4.0,4.0,100,1.1823899745941162,-0.9806579947471619,36.53509521484375,1.1599620282649994,0.714285671710968,101448176.0,-1.013048529624939,36.389774322509766,3.5663312855553625e-05
pilot,b4_h4_w2_n10_a1.5,fr_uniform,4.0,4.0,100,1.191195011138916,-0.6500915288925171,38.550665855407715,1.1664832830429077,0.714285671710968,93729830.0,-0.6863575577735901,38.12916946411133,9.653867592837285e-06
pilot,b4_h4_w2_n10_a1.5,fr_uniform,4.0,4.0,100,1.2000000476837158,-0.3029494807124138,40.30012893676758,1.16868394613266,0.714285671710968,83995772.0,-0.21360108256340027,0.0,1.456931805000466e-06
