seed,t,e_F,e_F_full,e_Fprime
5100,0.0,2.9066038639870517,5.408116675855963,6.564657815288973
5100,1.0,0.49597195005624223,0.4872036482070908,1.2795001596941356
5100,2.0,0.4478283091199262,0.42339697919333247,1.158539496325975
5100,3.0,0.41359458298204466,0.3907195499462732,1.0523846809153283
5100,4.0,0.4017615064813865,0.3822369213279598,0.9894849562062542
5100,5.0,0.38682599357964736,0.3683853324626058,0.9473891853785944
5100,6.0,0.3761164978906082,0.36020500262415756,0.8955310807806435
5100,7.0,0.3591253122775056,0.3448232893013415,0.8485262405436534
5100,8.0,0.34956106506489426,0.3355899271887384,0.8176888050555561
5100,9.0,0.33684017805467686,0.3230881003011135,0.7849847948335785
5100,10.0,0.32117970455509637,0.3074018947068974,0.7560095982915904
5100,11.0,0.30950567761542697,0.2963953388074343,0.7276848561625283
5100,12.0,0.2995386751418267,0.2879212888208688,0.6965696773842783
5100,13.0,0.2805299330878116,0.27001213533822493,0.6510805733970121
5100,14.0,0.2705543395010554,0.26115267609746856,0.6216441824936055
5100,15.0,0.2583694554416764,0.2492832437512237,0.5952601267022921
5100,16.0,0.25054520114033707,0.24204014462503584,0.571997613753005
5100,17.0,0.23511292091212566,0.22698061644159254,0.5378430967664112
5100,18.0,0.22557844310912367,0.21847296810574032,0.5072006995226221
5100,19.0,0.2174566456183045,0.21121632872965818,0.48130911555522415
5100,20.0,0.21122469686292208,0.2051370437886756,0.4682955703768305
5100,21.0,0.20510398496939863,0.1993409664557046,0.4556475839890332
5100,22.0,0.20142358078231676,0.19610279768431507,0.43924461479859034
5100,23.0,0.20098086236054824,0.19585416486793825,0.43182581427866484
5100,24.0,0.19732095400259003,0.19250039765821936,0.4187696673724511
5100,25.0,0.1977402634226016,0.1935793815176067,0.41103825519314885
5100,26.0,0.19426047223467605,0.19046393205558132,0.39746535328923377
5100,27.0,0.18788869558029042,0.18433263717184623,0.38338326308432014
5100,28.0,0.18406202170617694,0.18088144057444752,0.37163847375644243
5100,29.0,0.18206709515994826,0.17931641922198988,0.3623276207697507
5100,30.0,0.18169705694346855,0.17962962929923612,0.3512962131670802
5100,31.0,0.17887988238115282,0.17715922029408832,0.34250954196121
5100,32.0,0.17744969705460817,0.1761912638255294,0.33338090259474773
5100,33.0,0.17468162551627184,0.17386668771215547,0.3217433231156833
5100,34.0,0.1733483406076049,0.1730409162097794,0.31110825402228254
5100,35.0,0.1722122258729608,0.17214572439282613,0.30370359405636865
5100,36.0,0.16865731795275452,0.16865618608639127,0.29551940711978353
5100,37.0,0.1637854427865158,0.16390317276328364,0.2862249529885888
5100,38.0,0.15894929363958143,0.15910495537084476,0.2754414922352582
5100,39.0,0.15652231140101638,0.15669274869338845,0.2690810253367299
5100,40.0,0.15301769258046027,0.15338181875701176,0.2596682154392799
5100,41.0,0.15082582101606504,0.15128478173930365,0.25385069013507877
5100,42.0,0.15012949586592225,0.1506295451281791,0.2501293542769718
5100,43.0,0.1467674635240593,0.14722048084365594,0.24290177674865657
5100,44.0,0.13964075010504026,0.14005992417490157,0.23186903345067797
5100,45.0,0.1341346539333759,0.1346199878690429,0.22144583623535882
5100,46.0,0.12964554648488213,0.13010153334913963,0.21408918459301493
5100,47.0,0.12739665210909998,0.1279257446048656,0.2083692662594375
5100,48.0,0.1235133877536167,0.12406434126343334,0.20068272049073527
5100,49.0,0.1225907177496797,0.12323871711633401,0.19639201012443364
5100,50.0,0.1208496742253891,0.12156737859481105,0.19155593837613924
5100,51.0,0.11775911999962772,0.11848911375851057,0.18656979651424926
5100,52.0,0.11619206355294852,0.11703509264607004,0.1823177902049838
5100,53.0,0.11478368533835466,0.11575878904280085,0.17743659793131458
5100,54.0,0.11293706675278736,0.11401173202816071,0.1724905318765124
5100,55.0,0.11245953967382616,0.11362910454911317,0.1699164568112353
5100,56.0,0.11103742597077047,0.11232662484329285,0.1664288705640532
5100,57.0,0.10935120414956859,0.11070818530592312,0.16239873899248436
5100,58.0,0.10577741616711617,0.10715949932865149,0.15742635812403005
5100,59.0,0.10283325467904779,0.10424802957626286,0.15373573039201516
5100,60.0,0.1034423424363164,0.10491066859286163,0.15226144819454954
5100,61.0,0.10152549223868054,0.10297508126600512,0.14953430769420814
5100,62.0,0.09951028278649357,0.10100667431323687,0.14652647828851312
5100,63.0,0.09763956470321572,0.09923379713393915,0.14379454092294996
5100,64.0,0.09471522587964469,0.09635100424856037,0.14003770149722858
5100,65.0,0.09225427234910792,0.09389689669386947,0.13594894924836784
5100,66.0,0.08912579884098622,0.09081088173189575,0.13169028906055516
5100,67.0,0.08875454259866732,0.09054679470434635,0.13021841135995876
5100,68.0,0.08683746585416956,0.0886499710222937,0.12750133905340705
5100,69.0,0.0834222711712569,0.08524155899088452,0.12412967347357101
5100,70.0,0.08268505963599523,0.0845341707713383,0.12244497452521552
5100,71.0,0.08103631120407181,0.08280755000788853,0.12077060739300512
5100,72.0,0.07876085074219748,0.08049276432669057,0.11836670837224984
5100,73.0,0.0793170157888085,0.08111333592977577,0.11812131715635822
5100,74.0,0.07829474503310928,0.08008908564351205,0.11667774130847189
5100,75.0,0.07730529726400674,0.07911838001478672,0.11586222217959849
5100,76.0,0.07679266582446567,0.07863279044190778,0.11502297934759573
5100,77.0,0.07630316342649035,0.07812835586863902,0.11422634236990836
5100,78.0,0.07546920537471598,0.07726338487511727,0.11365396261062614
5100,79.0,0.074296448229871,0.07612535077507528,0.11305066040070623
5100,80.0,0.07321076238750737,0.0750109447464513,0.1124049901978292
5100,81.0,0.07359346812245798,0.07543786471034115,0.1134498669598528
5100,82.0,0.07338085270760204,0.07526274162466315,0.11394558568038021
5100,83.0,0.07414165075909307,0.07604501736101542,0.11560149614545852
5100,84.0,0.07538758747980615,0.07736611641901904,0.11705472912425244
5100,85.0,0.07378161775659442,0.07574286920113907,0.11682416045464715
5100,86.0,0.07136955748748687,0.07328402078382035,0.11630506120884845
5100,87.0,0.06994060435035243,0.07184464606230251,0.11650594973766372
5100,88.0,0.06913853337132503,0.07105623136303142,0.11691565196268766
5100,89.0,0.0682549675306365,0.07018885378263781,0.11654106716291894
5100,90.0,0.0686633548888125,0.07059882834192789,0.11648547613351116
5100,91.0,0.070059708527052,0.07199483682105888,0.11813099757090763
5100,92.0,0.06969945688918579,0.07162330626884959,0.11819734654006246
5100,93.0,0.06879575764831833,0.070675710154624,0.11919441156903444
5100,94.0,0.06627418521093771,0.06809474924769092,0.11919747783404533
5100,95.0,0.0646115239284796,0.06638173061972956,0.1189867444773705
5100,96.0,0.06313275373843769,0.06485317320780773,0.11814979713517226
5100,97.0,0.06253793288171347,0.06428650028048807,0.11788005562109001
5100,98.0,0.060516116961888716,0.06217275766498337,0.11721796679334065
5100,99.0,0.05850268774537938,0.06010209818624297,0.11643675396958746
5100,100.0,0.05665876768111203,0.05822623030936038,0.1156077610444597
5101,0.0,2.9066038639870517,5.408116675855963,6.564657815288973
5101,1.0,0.61496811631428,0.5782121170304881,1.5638601041373323
5101,2.0,0.5515245429081752,0.5087989918153573,1.412014818016953
5101,3.0,0.5089224299870106,0.46566532030735164,1.3159348530502373
5101,4.0,0.4721032972911778,0.4313070036110699,1.2294510052904717
5101,5.0,0.4449346620039806,0.4071302860305864,1.160764061949787
5101,6.0,0.40766105515014955,0.37259362105370103,1.0807814918340086
5101,7.0,0.37252636890319,0.3400007134628724,1.006340582221144
5101,8.0,0.3532750948907249,0.32268492153689965,0.9577940404830033
5101,9.0,0.3356608502924162,0.30682418422543317,0.9141609674015543
5101,10.0,0.3210424072092547,0.2936974866924344,0.8775009154059779
5101,11.0,0.30962440405630887,0.283485455573804,0.8473576526264109
5101,12.0,0.30099441967346385,0.2763973049486586,0.8178270472823549
5101,13.0,0.2919488507850852,0.268832005917544,0.7906380868428242
5101,14.0,0.2808076717018994,0.2593386372660321,0.755410603863813
5101,15.0,0.2736731144151777,0.2527180858597186,0.7377034860339508
5101,16.0,0.264213436936402,0.2439736209969863,0.7142366741904704
5101,17.0,0.25322920067701044,0.23391716217995023,0.685325279572357
5101,18.0,0.244828941919918,0.22641352450878474,0.6628032043234714
5101,19.0,0.23624809174903488,0.2186590524646585,0.6379339294370635
5101,20.0,0.22812450006623874,0.2108558277343122,0.6190280978470488
5101,21.0,0.21861639136301725,0.20191003431880133,0.5964012329065277
5101,22.0,0.21265902261477845,0.19644378068605178,0.5808800629107513
5101,23.0,0.20717039686064107,0.19155752267693174,0.5633852603054743
5101,24.0,0.20243255979696373,0.18729553713329927,0.5497475881599087
5101,25.0,0.1953003980597533,0.18089729516936384,0.526801294450475
5101,26.0,0.18818035002527847,0.17421579736768486,0.5083086383816335
5101,27.0,0.18208991507559835,0.1683954935136809,0.494502365677929
5101,28.0,0.17646243714809626,0.16322832107909885,0.4788890435064431
5101,29.0,0.1724830875688498,0.15965244614140936,0.4660029247223961
5101,30.0,0.16623435631999284,0.15390752376855496,0.4487704941166671
5101,31.0,0.16157159810723212,0.14986729209612515,0.4329474205803962
5101,32.0,0.15841300065653077,0.1472389125128829,0.4208658969515809
5101,33.0,0.15356298031965096,0.14284751394874182,0.4065796292839507
5101,34.0,0.14870042649314008,0.13825974576606453,0.39401874095873674
5101,35.0,0.1456603967552699,0.1356447899347564,0.3829283242841407
5101,36.0,0.1424562262942057,0.13283014935216403,0.37102516882242115
5101,37.0,0.13931142349001588,0.13002366272252489,0.36083958133099614
5101,38.0,0.1367389395386329,0.12767866917702947,0.3539742282249482
5101,39.0,0.13416030418980954,0.12537452564066576,0.3452760461230924
5101,40.0,0.1293934058209519,0.12099114749177271,0.3319173220719322
5101,41.0,0.12391008387681149,0.115750880457127,0.3190061422935158
5101,42.0,0.12105795800669145,0.11322231429178249,0.30911996343008885
5101,43.0,0.11734078668749125,0.1099251735362441,0.2974428564959804
5101,44.0,0.11255241806970932,0.10550047025336491,0.2841337235197924
5101,45.0,0.10858981120825,0.10194604413201629,0.2715193595598206
5101,46.0,0.10539795628968321,0.09910251490827748,0.2605315312581445
5101,47.0,0.10293805763252233,0.09698372123243917,0.251469848504064
5101,48.0,0.09897314370054079,0.09339920830515414,0.23936458708358427
5101,49.0,0.0943645984494749,0.08910408378275123,0.22702480841325073
5101,50.0,0.09224281641717957,0.08729512321696017,0.21887934233195283
5101,51.0,0.08981030640726387,0.08510638006001568,0.20964748096874256
5101,52.0,0.08831273487307922,0.08392381790440928,0.2022226527167405
5101,53.0,0.08681708992707626,0.08268922364930825,0.19592442042247224
5101,54.0,0.08431910650160224,0.08030472919052838,0.1904470595489579
5101,55.0,0.08239617740619556,0.07861709158982355,0.18455489103431158
5101,56.0,0.08005917411948003,0.07651139829978706,0.1785614490360889
5101,57.0,0.07911277684793436,0.07586654334611838,0.1729793796005754
5101,58.0,0.07747684391378111,0.07447161374185939,0.1672919172628655
5101,59.0,0.07410542853663797,0.07115680884611005,0.1612375137011178
5101,60.0,0.0707414692501212,0.06795237951948607,0.1546877252021884
5101,61.0,0.06820868245662937,0.06550127846103677,0.1500013679700465
5101,62.0,0.06772985038393232,0.06523198782287584,0.1477187908114806
5101,63.0,0.0662970357812248,0.06394979869102801,0.14400033269238746
5101,64.0,0.06429596303446194,0.06198463651019467,0.14056305421997925
5101,65.0,0.0611905935431451,0.059001010549435656,0.13599768318936728
5101,66.0,0.05898660898033409,0.05689394136440455,0.13281483188035714
5101,67.0,0.05663085329403878,0.05458370683811862,0.13004386912040947
5101,68.0,0.055166414827335024,0.05319297500477321,0.12744987505213434
5101,69.0,0.054260124125354706,0.05239217091111756,0.12591459137319735
5101,70.0,0.05207123661705197,0.05028830905165765,0.12357076142613645
5101,71.0,0.04946076383590265,0.04764431363871165,0.12129183290575023
5101,72.0,0.04769610620640256,0.04591582203247894,0.12003260003456317
5101,73.0,0.046612069960270536,0.04494824136563936,0.11914113395745606
5101,74.0,0.04686497088321094,0.045268863446931026,0.11908006585986393
5101,75.0,0.04778741550820273,0.04623804988007846,0.11934717548641526
5101,76.0,0.0471212657938232,0.04558658819311966,0.11856463234473072
5101,77.0,0.04621153360558973,0.04475466242312545,0.11831103135005004
5101,78.0,0.04646417416691289,0.04511035598328417,0.11787318489445403
5101,79.0,0.04615809521786496,0.04491527770449022,0.11741387771322633
5101,80.0,0.044642780947064926,0.04344661366368008,0.11651184226635797
5101,81.0,0.0420123280689873,0.04079902899440965,0.11597981764892201
5101,82.0,0.03920329506475892,0.03797884507707819,0.11469843603573235
5101,83.0,0.03699162848610616,0.03568968551164333,0.11356123413127928
5101,84.0,0.035351935476235795,0.03403749245786788,0.11369470520790766
5101,85.0,0.033919493659448394,0.03263273697240323,0.1132579488353235
5101,86.0,0.03265219220030011,0.03138690336656715,0.11338968836809714
5101,87.0,0.03167026325509772,0.03034162279095448,0.11282614096344305
5101,88.0,0.03062160269367101,0.02920794444729544,0.11304405667773647
5101,89.0,0.029866587600795788,0.0284432560071526,0.11223788632884311
5101,90.0,0.030425214285002843,0.029061815939472966,0.11160634981426382
5101,91.0,0.028859560701787024,0.02747298607242925,0.11149614074331657
5101,92.0,0.028251842698509097,0.026845974969512423,0.11126089436315682
5101,93.0,0.02798819895521575,0.02665216091079718,0.1109570365010564
5101,94.0,0.027602374996890604,0.02632148463837742,0.11094984324469241
5101,95.0,0.027495596609380092,0.026259189376865895,0.11057591651515643
5101,96.0,0.02668480355110168,0.02543719233970043,0.11002931942786341
5101,97.0,0.026397376961939258,0.025178726942394973,0.10908986742022962
5101,98.0,0.02669031501454903,0.025530987934831193,0.10938424904052199
5101,99.0,0.02662597714009696,0.025511974213216704,0.10898142364928404
5101,100.0,0.026259491150142405,0.02517113158308414,0.10899726525288889
5102,0.0,2.9066038639870517,5.408116675855963,6.564657815288973
5102,1.0,0.49162895248961574,0.5089340901628473,1.3161446522747808
5102,2.0,0.42899243212943655,0.41136101662378943,1.1486770296314481
5102,3.0,0.383865536787947,0.36162612337235317,1.0308624221557323
5102,4.0,0.35565626300369896,0.33358928526803255,0.9489865380123396
5102,5.0,0.3377440774362133,0.31594169571864666,0.8914641401888116
5102,6.0,0.31144828805894753,0.2904257279788429,0.8330960875726573
5102,7.0,0.29839211650590286,0.27812793919959267,0.7897776620196928
5102,8.0,0.27472733761736157,0.2541850520681461,0.7464704387451639
5102,9.0,0.26316601997909367,0.2432059870168123,0.712774784844441
5102,10.0,0.2533776913802473,0.23514378401950936,0.6757065218571134
5102,11.0,0.23376327412878373,0.2166878271385619,0.6312792058842109
5102,12.0,0.2215500533944817,0.20592811710505532,0.5930470860332471
5102,13.0,0.214815649283832,0.2002419652388804,0.5736040418821393
5102,14.0,0.21178729386771508,0.1977836455585061,0.5622619481912743
5102,15.0,0.20841471308384152,0.19528161778126704,0.5474824435560692
5102,16.0,0.20596269352885604,0.19364413343714446,0.5346474687776891
5102,17.0,0.2030414707504794,0.19139346679347452,0.5213192670222905
5102,18.0,0.19714447687881745,0.18592705022705702,0.5029660062989034
5102,19.0,0.19599116878865092,0.18539366792611156,0.49526369226248673
5102,20.0,0.19040530104165812,0.17997185042237077,0.4837981698213265
5102,21.0,0.18512411001131684,0.17468135004277904,0.4722030513236948
5102,22.0,0.18044576586899524,0.17018634261459953,0.46037384809995474
5102,23.0,0.18005312244712546,0.17028224483763202,0.452787287054994
5102,24.0,0.17814257020806493,0.16925463996322637,0.43822016974499717
5102,25.0,0.17365649757600918,0.16523525897689864,0.4246940042651135
5102,26.0,0.16831854163411145,0.1602656041653143,0.40828862640517305
5102,27.0,0.16036849435256548,0.1526730810441146,0.3886601279530095
5102,28.0,0.15240391431267633,0.1450092277401878,0.36969060320166086
5102,29.0,0.1456837841580773,0.13847701271602386,0.35467109066938657
5102,30.0,0.14199455756985432,0.13534337879741407,0.3391518208763421
5102,31.0,0.1375484933805256,0.13116157282560723,0.3270929664894671
5102,32.0,0.13486936209011582,0.1287090754159991,0.3184132796044057
5102,33.0,0.13130144816711783,0.12545929573189946,0.3059649568872938
5102,34.0,0.12608784708506043,0.12055029188114022,0.29231836856048987
5102,35.0,0.12064756860603618,0.11535236665198147,0.2772329989334833
5102,36.0,0.11725224100844366,0.112492693941626,0.26450385013949185
5102,37.0,0.1126644818173206,0.10824488978018466,0.2506717500852602
5102,38.0,0.10872146898493311,0.10457232451688153,0.23824964936643991
5102,39.0,0.10659583840783922,0.10274005283706383,0.22998385679010375
5102,40.0,0.10250108702154835,0.09867974241956508,0.2206541008883925
5102,41.0,0.0981142345579243,0.09441103882987258,0.21087432005120968
5102,42.0,0.097576909925413,0.09424246914726545,0.20435273922900735
5102,43.0,0.09544332347437481,0.0923694945009783,0.19688968736142554
5102,44.0,0.09269903518799984,0.08979208797893727,0.18898576822954355
5102,45.0,0.08989071313454414,0.08714568696680253,0.18153084614567658
5102,46.0,0.08732641148314206,0.08475386361229886,0.17459319402037216
5102,47.0,0.08290697300206705,0.0804909957413043,0.16648072148462947
5102,48.0,0.07804657829591184,0.07574857740888892,0.1570065023857564
5102,49.0,0.07493316266041368,0.07282815511509781,0.1503461336807278
5102,50.0,0.07416019824392821,0.07212338836030888,0.14752850801399325
5102,51.0,0.07270070072963337,0.07088584467610953,0.14256002055299763
5102,52.0,0.06951720665585678,0.06768598765507554,0.13785653959766198
5102,53.0,0.06622890935636704,0.06437210008693925,0.13293121420967294
5102,54.0,0.06160145247411158,0.05980711694750062,0.12738958865959318
5102,55.0,0.05913549227215243,0.05744358573335769,0.12326473179999006
5102,56.0,0.05697514044477252,0.05550094666872869,0.11965194139283651
5102,57.0,0.05525822180822715,0.05381372398839583,0.11637221055821731
5102,58.0,0.054684575569483876,0.053366447683144254,0.11458015566297587
5102,59.0,0.05376659376546393,0.05252856931582512,0.1128296773586125
5102,60.0,0.05183620534385943,0.050632006274763615,0.11056673934562704
5102,61.0,0.05049054628600626,0.0492634789434268,0.10937100349451921
5102,62.0,0.04982490910567046,0.04871126405653091,0.10831487393988554
5102,63.0,0.04737277052328032,0.04621010856465234,0.10602946146434294
5102,64.0,0.04372379808823703,0.0425748340957512,0.10454412151429869
5102,65.0,0.04138928498886095,0.040296099998283263,0.10213499117573559
5102,66.0,0.040655974649458505,0.039689213591010325,0.10152219334721783
5102,67.0,0.03848921852557852,0.03752802904439985,0.10023832948421166
5102,68.0,0.03601260496249922,0.03507300586569236,0.09912626043097132
5102,69.0,0.03422474916982168,0.033229093095979274,0.09751026178890616
5102,70.0,0.03414202591460292,0.033307496233176255,0.097525553181088
5102,71.0,0.03487525790345166,0.034187103297811994,0.09781128185576725
5102,72.0,0.03409597292399536,0.03354579612078836,0.09854461968701156
5102,73.0,0.03425825510965325,0.03382345476982196,0.09871507895230075
5102,74.0,0.035645874643278085,0.03536032000235426,0.09961068765150932
5102,75.0,0.0360327663088051,0.035787650671369534,0.09948316923373367
5102,76.0,0.0360393784003956,0.03593559414389361,0.09961172324099697
5102,77.0,0.03570149165646674,0.03568814826072937,0.09999410987466523
5102,78.0,0.03711649595025202,0.037219226284111444,0.10088307209850403
5102,79.0,0.03543970847648148,0.03557207299829923,0.1000924665721569
5102,80.0,0.03368525394594134,0.033760883663792554,0.0997298333694886
5102,81.0,0.03311315657424595,0.03317212690717128,0.0996415225049977
5102,82.0,0.03373157160457261,0.03378783673740217,0.0993616765286909
5102,83.0,0.03356891719831113,0.033664893018069485,0.09952232595715382
5102,84.0,0.0325201488305519,0.03256324392687732,0.09899650164066835
5102,85.0,0.03101663789934386,0.030993688710525463,0.09859376258145891
5102,86.0,0.029661557290248837,0.02958470502575123,0.09879547504000415
5102,87.0,0.02971830085959932,0.029696583007449977,0.09908923442352174
5102,88.0,0.0289647670101507,0.028906974661517724,0.09953914286592967
5102,89.0,0.029483356847869836,0.029381623296876623,0.10019682482087906
5102,90.0,0.029013589038106635,0.028883471380649988,0.10045962233169259
5102,91.0,0.028615887731143638,0.028432359440759076,0.10066858772948263
5102,92.0,0.0286102531417454,0.02845424546269601,0.10012243967042
5102,93.0,0.02798948704758094,0.027835336943411577,0.10011633487959495
5102,94.0,0.027465808471640697,0.02732886872931772,0.10023775604725314
5102,95.0,0.02676636526599994,0.026592045162145653,0.10042447771829857
5102,96.0,0.026954443543662342,0.026773908589432696,0.10111294956691377
5102,97.0,0.027320488744778285,0.027167990282403878,0.10105657218576776
5102,98.0,0.028111638036428705,0.028004545020564445,0.10144286114400385
5102,99.0,0.027214951082983854,0.02706967764480641,0.10189046504070187
5102,100.0,0.026663958441749278,0.026496144001682743,0.1023480073107686
5103,0.0,2.9066038639870517,5.408116675855963,6.564657815288973
5103,1.0,0.5083174381854983,0.560329370845663,1.0250505347130956
5103,2.0,0.3914092998207225,0.41547896935778644,0.7679651764937315
5103,3.0,0.30083516971767965,0.3167142021780378,0.6208827620347613
5103,4.0,0.2805851595078084,0.2910929826879986,0.5642797215916526
5103,5.0,0.2720762835371313,0.2788964331183831,0.5305703643557893
5103,6.0,0.257546911219163,0.2622150664495258,0.4932078753305018
5103,7.0,0.25377267344033355,0.2568951472360434,0.46563196946057434
5103,8.0,0.24891551567702816,0.2513956608850619,0.44010032855478604
5103,9.0,0.23725599284505441,0.23907087039231273,0.41570052052417467
5103,10.0,0.2279228780343458,0.22929909124735817,0.4023392120839447
5103,11.0,0.2245499980299173,0.22588755660589097,0.39486000096720464
5103,12.0,0.22122305637355974,0.22234270863086522,0.3906170460373615
5103,13.0,0.21559847356391382,0.21701386543099146,0.38102171342130564
5103,14.0,0.20272981183808586,0.20431969302103678,0.35497638070118315
5103,15.0,0.19563575650237927,0.197458901331298,0.34127145804317777
5103,16.0,0.19090107280034943,0.19242739994631375,0.3306950179881336
5103,17.0,0.18423955614873297,0.18573806721760128,0.31649643884265605
5103,18.0,0.1789452051210346,0.1803387113030145,0.30234919042706965
5103,19.0,0.17044858385234463,0.17181917973174954,0.2896994442325249
5103,20.0,0.16261186223537452,0.16409985705828437,0.274351801699767
5103,21.0,0.1568884962623566,0.15832204084574675,0.2675132060001309
5103,22.0,0.15442527264583958,0.155556633759301,0.26491265536986996
5103,23.0,0.15319339063355503,0.1542109148123725,0.2613629337920649
5103,24.0,0.1502245409860477,0.1513556453507279,0.2567122869184432
5103,25.0,0.14517490957484575,0.14637479981114265,0.24986291226490273
5103,26.0,0.14425192410856766,0.14577672598887395,0.24636419919209
5103,27.0,0.1426628057864446,0.14450360302648904,0.24168398546745018
5103,28.0,0.13911253350617991,0.14092879115323165,0.23472683839047492
5103,29.0,0.1405716921511556,0.14242585272759453,0.2347999529222206
5103,30.0,0.13719691285482596,0.13882069034742506,0.22872580386824468
5103,31.0,0.13322438975505738,0.1346950161024243,0.22340784229418634
5103,32.0,0.13010379372809763,0.1313367025219196,0.2199564933928349
5103,33.0,0.12799317417676515,0.12930812584626383,0.21359944820521085
5103,34.0,0.124645286393286,0.1258828182436251,0.20785849844131535
5103,35.0,0.12124197539217624,0.12240602478954665,0.20343952766417484
5103,36.0,0.11663125977406531,0.11784156195007571,0.1968041751140226
5103,37.0,0.11289201630719747,0.1140888638740851,0.19095728980874685
5103,38.0,0.10990569138181469,0.11094434687593895,0.18622051055547867
5103,39.0,0.10701087143949903,0.10799909514956658,0.18132442376950814
5103,40.0,0.10425166591983859,0.1050683368257302,0.17893826763219833
5103,41.0,0.10229046893227342,0.10293343777345096,0.17619279142171962
5103,42.0,0.0986293696973298,0.09895212310922619,0.1720766631815212
5103,43.0,0.09583553477333982,0.0958903260267428,0.16873448088291104
5103,44.0,0.09292684677559523,0.09292123547583533,0.16542225463880053
5103,45.0,0.09083429517550907,0.09100943566375462,0.16098635982582768
5103,46.0,0.09131513639088157,0.0916822351334192,0.16007259339518237
5103,47.0,0.08919729579078725,0.08950570610740402,0.15652639418838113
5103,48.0,0.087788082956776,0.0880032724808539,0.15404970239176452
5103,49.0,0.08469156482429747,0.08476107857084157,0.1499756467966227
5103,50.0,0.08154405426016827,0.08159251810576147,0.14431578718043797
5103,51.0,0.07947544737033096,0.07963024692856709,0.14090109818870444
5103,52.0,0.07868852484978245,0.0788280630504284,0.13867241989939808
5103,53.0,0.07752599505020022,0.07769711431309814,0.13649191789061071
5103,54.0,0.07609726381126022,0.07635761386589908,0.13509412429375056
5103,55.0,0.07625155257500979,0.07653735632060367,0.1341155394789314
5103,56.0,0.07400392739898974,0.07424789149828187,0.1315387824448803
5103,57.0,0.07248885675074725,0.07274293548068371,0.12867778740018754
5103,58.0,0.07180707451893191,0.0720335604248437,0.12795073901202011
5103,59.0,0.06992087739951551,0.0700290296412794,0.1256480469298372
5103,60.0,0.06860641723184618,0.06881234023891684,0.12276864907643233
5103,61.0,0.06634716450861756,0.0664724492545438,0.1204707914332238
5103,62.0,0.06614376494933108,0.06639678222342812,0.11916855322814042
5103,63.0,0.0652926990887476,0.06560803080184768,0.11708514120125037
5103,64.0,0.06534155155435,0.06571301770086885,0.11599774995352032
5103,65.0,0.06319068075280111,0.06347925243510043,0.11430202600658458
5103,66.0,0.06060026375425118,0.060823705070971214,0.11096423066067036
5103,67.0,0.05926668377749538,0.05941733069954364,0.10853902409719679
5103,68.0,0.05868188951184478,0.058790935260410786,0.10670058805448714
5103,69.0,0.05810665617280314,0.058162764113999996,0.10432491653347845
5103,70.0,0.0575564061739696,0.05764882748674838,0.10253076644924443
5103,71.0,0.057075780245339415,0.0571970030877326,0.1014097041622023
5103,72.0,0.05707465336479223,0.057298727293495964,0.10051139998118234
5103,73.0,0.05714464743118184,0.05751260483043872,0.09969149907214873
5103,74.0,0.05696069445854866,0.057392909626948985,0.09885158496242745
5103,75.0,0.05540401784408938,0.05579343230578523,0.09648236895457499
5103,76.0,0.054840208040561035,0.05528462566863984,0.09555192986867556
5103,77.0,0.05399794800208607,0.05438431191871688,0.09480588188778029
5103,78.0,0.05310617721091647,0.053492194870877995,0.09374168313352568
5103,79.0,0.05296358907185024,0.053290536608368355,0.09350483954775372
5103,80.0,0.051242361757081245,0.05144997196718432,0.0914702544523077
5103,81.0,0.05009159953401349,0.05018274747162623,0.09111677332673322
5103,82.0,0.048976950668648704,0.04904039315925634,0.09034420660936612
5103,83.0,0.04893411946157216,0.0489650317400757,0.09043506627680865
5103,84.0,0.04847991909255044,0.04839659039602441,0.0903843306724064
5103,85.0,0.047551404020491836,0.04737174109092323,0.0899086000123831
5103,86.0,0.04695698771624402,0.04674808995383578,0.08926816713936336
5103,87.0,0.0473894953440198,0.04728072297352572,0.08947626529846776
5103,88.0,0.04704946582057648,0.047035658546865956,0.08862988306167713
5103,89.0,0.046023556242822346,0.046006193340808896,0.08814337994858569
5103,90.0,0.044750874091871694,0.0446959758437225,0.08704252475392245
5103,91.0,0.045520716690895566,0.04544020752724623,0.08816498335288976
5103,92.0,0.045392550151581126,0.04532900231934998,0.08809112039220837
5103,93.0,0.044574538673666106,0.04439218139882652,0.08745738374445246
5103,94.0,0.04403895149747773,0.043796184666435804,0.087211821615214
5103,95.0,0.043892288515825904,0.04359511812892329,0.08737383243005445
5103,96.0,0.04359158931197043,0.04328409646587106,0.08731166940484554
5103,97.0,0.04297629921906589,0.04262556083363416,0.08664737185555522
5103,98.0,0.04298305215088895,0.04265943845265908,0.08669075413190507
5103,99.0,0.04370225368891137,0.04347176860849737,0.08721480850775418
5103,100.0,0.043434713229523365,0.04315692115536036,0.0873472628356419
5104,0.0,2.9066038639870517,5.408116675855963,6.564657815288973
5104,1.0,0.5173333628599432,0.5164288172649185,1.3862125442390443
5104,2.0,0.42532430325164444,0.40911041014567245,1.1627517496817965
5104,3.0,0.3512308823871365,0.33316517643018834,0.9846455441184355
5104,4.0,0.3206405050282371,0.2994628326976883,0.900259262404368
5104,5.0,0.2914466678167529,0.2693312695032871,0.8249839372455486
5104,6.0,0.27380090388298656,0.25120180329227554,0.7795401785831001
5104,7.0,0.26334474399567814,0.2405727112278817,0.7497723822513239
5104,8.0,0.2494971865168154,0.22753012991436078,0.7103157121187454
5104,9.0,0.24043674601938314,0.21915508847623938,0.6850697560522412
5104,10.0,0.2292621250313873,0.20898172917210225,0.6536245438487918
5104,11.0,0.22315976372188537,0.2034807460946741,0.6360415648899027
5104,12.0,0.21587561437335423,0.196936369291796,0.6151515503565794
5104,13.0,0.20781837777221465,0.18973253816058938,0.5922706011139588
5104,14.0,0.19748642446346398,0.1803265288336521,0.563031379526715
5104,15.0,0.18954318097211958,0.17311329354258745,0.5410986719872143
5104,16.0,0.18284391690020946,0.16705209575449007,0.5230572744340083
5104,17.0,0.1742880638359278,0.15930924654899897,0.4976481672804612
5104,18.0,0.16863477043121158,0.15431476766821403,0.47932279394144744
5104,19.0,0.16236123681748438,0.14863706910684066,0.4604336246321705
5104,20.0,0.15549028845853288,0.1423560673681369,0.4405083971097299
5104,21.0,0.14997239822979294,0.13733904015437393,0.42508337307943933
5104,22.0,0.14479430347678926,0.13268401475415745,0.4094164623707615
5104,23.0,0.14003559599569138,0.12838307556136497,0.3956027766222079
5104,24.0,0.13478075447915686,0.12356745844737128,0.38036787873953365
5104,25.0,0.12882558947539283,0.11815678891042318,0.36273241052753735
5104,26.0,0.12313343771620448,0.11299925090130132,0.34540145474426376
5104,27.0,0.11732505660059316,0.10763500410632688,0.3289004241578263
5104,28.0,0.11316483230952509,0.10387401479953894,0.31742638885137253
5104,29.0,0.10876057059818978,0.09985778779125384,0.3051256181567395
5104,30.0,0.1040685269874681,0.09562467057564747,0.29064974833750873
5104,31.0,0.10024201330363486,0.0921007753763428,0.27965370720144356
5104,32.0,0.0960486617289405,0.08821409402540563,0.2675643211125635
5104,33.0,0.0931406143297465,0.08552071722420357,0.25866941188679626
5104,34.0,0.09125979969284673,0.08382361826358772,0.2527230657586599
5104,35.0,0.08944649196973185,0.08216634262795885,0.2470959071539871
5104,36.0,0.08774557025943919,0.08062956724393389,0.2422862609809207
5104,37.0,0.08661358511642016,0.07962978729440924,0.23918845512491205
5104,38.0,0.08431596007007797,0.07754213808020662,0.23189267949988324
5104,39.0,0.08146859560184211,0.07491279700794717,0.22409711260645265
5104,40.0,0.07941561851564227,0.07307317672370268,0.21868194843743938
5104,41.0,0.07770907382580361,0.07153765231060635,0.2138729846529856
5104,42.0,0.07627958617067615,0.07022238907675689,0.20997134642103985
5104,43.0,0.07443255756299637,0.06857284224899575,0.20471793614403785
5104,44.0,0.0726591799661398,0.06701417606315212,0.1990769468152445
5104,45.0,0.0710269466378484,0.06558639572142697,0.19379311941360894
5104,46.0,0.06939621502679628,0.06412970129391996,0.18840592482195564
5104,47.0,0.06847917414945617,0.06338537697266487,0.18522030278355903
5104,48.0,0.06722952705410462,0.062312737043108746,0.18106725052873296
5104,49.0,0.06579946299812577,0.060953250340185235,0.17706097991320688
5104,50.0,0.06352836982580275,0.05885939273368076,0.1708075280170838
5104,51.0,0.06186052838458927,0.05732117252431159,0.1660491403664694
5104,52.0,0.06050074054935081,0.05612009017628163,0.16218403441824186
5104,53.0,0.05877747332720606,0.05450286213045566,0.15780215549678459
5104,54.0,0.05641643168202053,0.052247999930102165,0.15211103573954934
5104,55.0,0.05489970286808594,0.050834947065236405,0.14804281633816244
5104,56.0,0.053702593063813725,0.04975248888798422,0.14462890981998844
5104,57.0,0.052115163437289856,0.04838457175347108,0.13997975383048344
5104,58.0,0.0505279286804525,0.046983002557646814,0.13551320451882357
5104,59.0,0.04961183281497282,0.04623648030386076,0.13262444755323208
5104,60.0,0.048832781364013714,0.0456343387134773,0.12970177360026683
5104,61.0,0.04753915338784683,0.044510694995255055,0.12640930077058982
5104,62.0,0.04611805879567001,0.043171170605340516,0.12294999109413593
5104,63.0,0.04452755089493853,0.041761731915603915,0.1189302564707187
5104,64.0,0.04311026451480128,0.04052261281681918,0.11534015283011652
5104,65.0,0.04224756197791037,0.03973598052757526,0.11360408457476112
5104,66.0,0.04086965008053703,0.03833366142886331,0.1117095504669946
5104,67.0,0.040088642228762114,0.03770280425322622,0.10946233498233983
5104,68.0,0.039769715527021736,0.03757379150830548,0.10808347544071194
5104,69.0,0.038936647896784304,0.03695252669144499,0.10539767420829299
5104,70.0,0.03745584341653588,0.03554133168701849,0.10290080603327356
5104,71.0,0.03629564318861103,0.03438396243088629,0.10127113934626834
5104,72.0,0.035087327324335664,0.03318505761748497,0.09942390565977921
5104,73.0,0.03363874210067142,0.03183008453165689,0.09692357770591084
5104,74.0,0.03256219328386407,0.030896712766571834,0.09453619060190703
5104,75.0,0.03262539812953071,0.031133718613494222,0.0938193692584083
5104,76.0,0.03210800212368188,0.030646461239401193,0.09315090962223949
5104,77.0,0.031008017380336303,0.02953679983291703,0.09152129003061484
5104,78.0,0.03016920704894431,0.028694344061407813,0.09002754651526727
5104,79.0,0.029305424077445706,0.027840362706092796,0.0886918517259997
5104,80.0,0.02901443836780686,0.027607739108774374,0.08828501146818613
5104,81.0,0.028222267207626283,0.026882624829461788,0.08772317907693138
5104,82.0,0.02785822777248219,0.02658169279414613,0.08708390285274056
5104,83.0,0.027532873435669698,0.026341964214683246,0.08680183799083463
5104,84.0,0.027308516530326378,0.026200943935761754,0.08639697080935217
5104,85.0,0.02691730592971387,0.025888536479642392,0.08634188900264507
5104,86.0,0.026045110343647145,0.025039114715590005,0.08585005688574088
5104,87.0,0.025630271871726402,0.024666345890357416,0.08493853859058782
5104,88.0,0.025741321015545493,0.02490411064972054,0.08454608080692866
5104,89.0,0.025384270513539472,0.024584388728628483,0.08406919276745252
5104,90.0,0.025388766739792738,0.02462642703927961,0.08413738444536831
5104,91.0,0.024532044171869487,0.02378792495244475,0.08436304954377581
5104,92.0,0.023647661177701614,0.022860188970222017,0.08358331634803248
5104,93.0,0.022474849130166893,0.021636185769929473,0.08314198511672204
5104,94.0,0.022338586402061714,0.02150649785828167,0.08266872564036261
5104,95.0,0.021865829273205795,0.021042602505167537,0.08281113252232934
5104,96.0,0.021636577677145805,0.02085455327566021,0.08267991381535014
5104,97.0,0.02069324556503902,0.019841108267029058,0.0818447662082572
5104,98.0,0.020661860321790928,0.01985367089475859,0.08116967157538742
5104,99.0,0.020465089656693206,0.019678762555180886,0.08034818770058534
5104,100.0,0.0207197207094412,0.01999229484376384,0.08036153487145743
5105,0.0,2.9066038639870517,5.408116675855963,6.564657815288973
5105,1.0,0.5683667740079208,0.5894984332756849,1.4185321910432878
5105,2.0,0.47460873734490655,0.47207578761592595,1.199935004796637
5105,3.0,0.42229927809235335,0.4094875545122185,1.0690907015848248
5105,4.0,0.3649402598400369,0.35097199298040943,0.9521730272329282
5105,5.0,0.33595615926533196,0.3217378047508293,0.8591719401560827
5105,6.0,0.31725997959092817,0.30297294882011144,0.7940519233202178
5105,7.0,0.2996630277567954,0.2862841155331734,0.7391861829887173
5105,8.0,0.2876012140247253,0.2744599101992891,0.7021517000992361
5105,9.0,0.2723704394921562,0.25962125588792645,0.6614652939974807
5105,10.0,0.2556309270591934,0.24174759072312507,0.6325135146040999
5105,11.0,0.24378186272662422,0.23013407326381227,0.6088071061341571
5105,12.0,0.2290804403993881,0.21593977566505682,0.5768429302780623
5105,13.0,0.22213976434211022,0.2099332217567572,0.551624862141957
5105,14.0,0.21422985470568426,0.20231114587928284,0.5324530072226425
5105,15.0,0.205795474849283,0.19431028482195895,0.5103082191359052
5105,16.0,0.1986359239177119,0.18757313263901437,0.49072769367302377
5105,17.0,0.19233313030113258,0.181885372786617,0.4687712672535905
5105,18.0,0.18857739009828609,0.17842936710259624,0.45839962384624117
5105,19.0,0.1787311571356652,0.16888840528659538,0.43643952781167655
5105,20.0,0.17018638455697843,0.16065500176989408,0.4184174579208647
5105,21.0,0.16181238490056168,0.15261921408717247,0.4021075922651685
5105,22.0,0.15194198404424034,0.14289929061832854,0.3825433698871191
5105,23.0,0.1449199330998706,0.13620077382446968,0.36633340684637666
5105,24.0,0.13585754140990178,0.12735569771821997,0.3468406514815854
5105,25.0,0.1324424903405674,0.12440342057526356,0.3351553017389053
5105,26.0,0.12672601920658177,0.11897279437646541,0.3216330443531064
5105,27.0,0.12330857492686771,0.11573017890666881,0.3132481390505513
5105,28.0,0.11864380635152204,0.1112588342708704,0.302303149606924
5105,29.0,0.11552397724973366,0.10839300886065133,0.2931691781806975
5105,30.0,0.1122463910807506,0.10558410346232067,0.2821965694627528
5105,31.0,0.11008788689765316,0.10393759488193773,0.271585530925553
5105,32.0,0.10615635851626753,0.10021956570219663,0.2621764203172767
5105,33.0,0.10216481153926235,0.09644118207223884,0.2520894494744022
5105,34.0,0.09914638642051234,0.09379735081559218,0.23986924043702545
5105,35.0,0.09732905250954436,0.09242046477620688,0.23016842095147988
5105,36.0,0.09247824954459079,0.08747994742744497,0.2203461890836367
5105,37.0,0.08933692409554105,0.08440856677710729,0.21264821885338422
5105,38.0,0.08606824198524361,0.08135859314506165,0.20385972304662126
5105,39.0,0.08425731709994236,0.07985380755756318,0.197197164434503
5105,40.0,0.08174374092641803,0.07753485710758377,0.19090669007747332
5105,41.0,0.0792523541531417,0.07517564052287122,0.1842547024934825
5105,42.0,0.07663476266444035,0.07249958111841102,0.1790525625440581
5105,43.0,0.07486064839697223,0.07091978424399523,0.17287164196179589
5105,44.0,0.07215621708784924,0.06829936574172044,0.1671208803603572
5105,45.0,0.06858053744135222,0.06480969832349093,0.16079636698818897
5105,46.0,0.06663126183344183,0.06304557016861982,0.1554484936234142
5105,47.0,0.0662279804900853,0.0630159227626839,0.1502815735038809
5105,48.0,0.06602831678770386,0.06306224924833846,0.1469379592361492
5105,49.0,0.06674047961224303,0.06400233108118722,0.14412712856437285
5105,50.0,0.0673724629506388,0.06490142389792755,0.14088717304650766
5105,51.0,0.06673846719034458,0.06443040524293987,0.13755743388567226
5105,52.0,0.06741427759668125,0.06533131329582761,0.13475758495922377
5105,53.0,0.06693202321780772,0.06503428074707332,0.13248005747819716
5105,54.0,0.06602116434899018,0.06421683979344828,0.1292689733121358
5105,55.0,0.06588824922564596,0.0641175600045848,0.1280614923605212
5105,56.0,0.06440739792139571,0.06266094472194408,0.12708955304125838
5105,57.0,0.06468498002129391,0.06316353081441313,0.12475489907276492
5105,58.0,0.06344063881426064,0.06190663426884141,0.12197663533265743
5105,59.0,0.060463228908170255,0.05892337435358482,0.11805874477932501
5105,60.0,0.061151384078669824,0.05977466829271135,0.11669877990026384
5105,61.0,0.060632118234285756,0.059323393757651804,0.11519757124431022
5105,62.0,0.05867383669513583,0.05739878049799038,0.11279395461264784
5105,63.0,0.057812256469917035,0.05663234445356185,0.11092980180037698
5105,64.0,0.05659435111725716,0.05536156989324992,0.1090997267357117
5105,65.0,0.05598914375280123,0.054760244915436115,0.10742305735787026
5105,66.0,0.055241377527534996,0.05401375769866846,0.10567733013662879
5105,67.0,0.05316214832101128,0.051889490628620416,0.10327251173140102
5105,68.0,0.05297081007058859,0.051813305415456215,0.10201853239468811
5105,69.0,0.052454945598482516,0.05141417833785075,0.10079087902801179
5105,70.0,0.051509983637884275,0.050481378512459776,0.09938684372822308
5105,71.0,0.050355334074833454,0.04928825590266748,0.09825855563778976
5105,72.0,0.04909244880763211,0.048026400634042295,0.0964223394313385
5105,73.0,0.04740496505991349,0.04632055302261062,0.09448785513285668
5105,74.0,0.046257675005806236,0.045248333289525065,0.09283768330783713
5105,75.0,0.04526595370973418,0.04430295433844315,0.0909952784809818
5105,76.0,0.043056583845436605,0.04200657458810784,0.08924650729966602
5105,77.0,0.04227829746452614,0.0411180355520989,0.08906465936497707
5105,78.0,0.04260736654440755,0.04151626246076203,0.08883421472052391
5105,79.0,0.043526180835949724,0.042556302405298264,0.08830897428301288
5105,80.0,0.043061886551972794,0.04220137376035241,0.08726551728752123
5105,81.0,0.041768496535028,0.04088660911333129,0.08584564707070076
5105,82.0,0.04113632564017076,0.04028773901751528,0.08523119035019934
5105,83.0,0.040420233447187696,0.03959205071413183,0.08481546662523429
5105,84.0,0.03971345602980775,0.03893180693731528,0.08345088733468005
5105,85.0,0.039447813508783,0.03868512270447114,0.08304186912299936
5105,86.0,0.03803670274935524,0.0372590331935954,0.08191315507116173
5105,87.0,0.036360351709388415,0.03557492665344424,0.0813444935174977
5105,88.0,0.034496975797777385,0.03374707411664831,0.0796638627118363
5105,89.0,0.033207715012383614,0.032515600738264455,0.0791256556943353
5105,90.0,0.03203147235190372,0.03136816634549793,0.07899106643555882
5105,91.0,0.0314512714901181,0.030848873878939823,0.07860146939349788
5105,92.0,0.030734267718997295,0.030162205409804743,0.07826156341553606
5105,93.0,0.030498544290106695,0.02997585422776646,0.07779236642926114
5105,94.0,0.028340506834623712,0.02776825512433333,0.07701333872946112
5105,95.0,0.02774363639000906,0.027133810067511505,0.07644612048919965
5105,96.0,0.027131092329110828,0.026534619628895546,0.07662061064051907
5105,97.0,0.02654391043370244,0.02593837157108167,0.07687833116683178
5105,98.0,0.025497190781305995,0.02486662423486639,0.07682255758800517
5105,99.0,0.025590887167553224,0.02496770544187764,0.07687547291840419
5105,100.0,0.025407058413288556,0.024805931041766812,0.07683976080683506
5106,0.0,2.9066038639870517,5.408116675855963,6.564657815288973
5106,1.0,0.4894945354639849,0.49114109493471414,1.3300425375982625
5106,2.0,0.4063657154776383,0.39121115062823136,1.1301821751854164
5106,3.0,0.3548946141324052,0.3340552666454592,1.0059257284657377
5106,4.0,0.3107996527823447,0.28959394806776945,0.8847512604294
5106,5.0,0.2876160030043262,0.26595481252098024,0.8189563599855996
5106,6.0,0.26241034603384367,0.24121087029722726,0.751314871907258
5106,7.0,0.24533408934202244,0.22463562538302653,0.7047707755677945
5106,8.0,0.22707923443047126,0.20779908661998991,0.6579739976122437
5106,9.0,0.21166361469581324,0.1933503151432407,0.6145700312145934
5106,10.0,0.19906794995755153,0.1816213747025165,0.5768486057943804
5106,11.0,0.18995537994007142,0.17320880018156123,0.5501496973059937
5106,12.0,0.18122982948665112,0.1651631809806826,0.5255576850974499
5106,13.0,0.17380087866499025,0.15837034826408908,0.5039056700241351
5106,14.0,0.16432703326085052,0.14974961213399043,0.4765777930943441
5106,15.0,0.1573118504564923,0.14336694683256,0.4560264525213792
5106,16.0,0.15229643009063723,0.1387842732313877,0.43994537588509597
5106,17.0,0.1499612039387248,0.13665989621450653,0.4331485057935393
5106,18.0,0.14660820218414347,0.13369052714843951,0.4221391195050803
5106,19.0,0.14353802222138146,0.1310691205136946,0.41097360170895514
5106,20.0,0.13783681437644546,0.12589895033053183,0.39382903753262055
5106,21.0,0.13126251810607173,0.11991111099632566,0.3747881172269111
5106,22.0,0.12137123672347011,0.11078899000249935,0.3467226519073623
5106,23.0,0.11457685229171703,0.10452805759529755,0.32683939036556664
5106,24.0,0.11050709736210146,0.10076280621778856,0.3152817797773788
5106,25.0,0.10530767768295407,0.09602361181507432,0.2995027274504285
5106,26.0,0.10149580379795703,0.09261841696407355,0.2875622358201583
5106,27.0,0.09818052132669862,0.0896884270764458,0.27786074536580435
5106,28.0,0.09475954877072289,0.08669796013311803,0.26664891915019145
5106,29.0,0.09166009560373385,0.0840255724770352,0.25666468212582366
5106,30.0,0.08945685130449191,0.08216047469341994,0.2495217567645571
5106,31.0,0.08642469230556059,0.0795090523861442,0.23986159794754588
5106,32.0,0.08423932814596213,0.07751599868128271,0.23314386265263373
5106,33.0,0.08170828272756109,0.07527268154946076,0.22448693809976494
5106,34.0,0.07926965768656204,0.07316906693095782,0.21602699682445003
5106,35.0,0.07810030289514375,0.07231866037926633,0.2095320829840589
5106,36.0,0.07600363983837588,0.07036645438866278,0.2032875919501327
5106,37.0,0.07312785535356314,0.06772551931014044,0.19452558570782497
5106,38.0,0.07243475692950377,0.06738493632883308,0.18949976604033061
5106,39.0,0.06950800482829762,0.06466894127182593,0.1815211433640029
5106,40.0,0.06700335426173418,0.06239194884026603,0.17334692863036283
5106,41.0,0.06541020329331455,0.06128132600657678,0.16637136198066782
5106,42.0,0.06171537309144859,0.057739518764983455,0.1581779009750308
5106,43.0,0.05830628164334454,0.05446308038678791,0.15093610594462709
5106,44.0,0.05501152582018292,0.05132992436780901,0.14367832462860164
5106,45.0,0.0553046750757504,0.05194899798896934,0.14115208740797813
5106,46.0,0.05313491117777113,0.049714934373436014,0.13786881615815413
5106,47.0,0.051847382018181606,0.048493567941638005,0.13511673340371003
5106,48.0,0.05186958039143555,0.048626471548712635,0.13354659298007027
5106,49.0,0.05144643781987651,0.04831397281645876,0.13113176331776857
5106,50.0,0.05042563756817078,0.047458255173641786,0.12768041425593082
5106,51.0,0.048679164520902915,0.04589187835113643,0.1233451517255171
5106,52.0,0.04721329408872231,0.04446337668110175,0.12042297774187317
5106,53.0,0.04720119728956842,0.044527722416610425,0.11894094419844313
5106,54.0,0.04606441211090914,0.04345387685874196,0.11615004447683439
5106,55.0,0.04605288243123106,0.04352286359797724,0.11413052857205633
5106,56.0,0.04488962328574097,0.042363741925941965,0.11270584341495185
5106,57.0,0.044854336683143106,0.04241800432520149,0.11101334374257231
5106,58.0,0.04384442291042552,0.041544266915566036,0.10809764710724482
5106,59.0,0.04351587277679662,0.04130380366561466,0.10689732159920592
5106,60.0,0.0429028374735392,0.0407417289118053,0.10584622078928346
5106,61.0,0.04315309271046699,0.041156691100180026,0.10522748404417805
5106,62.0,0.04218830638635025,0.04024662886663688,0.10323636408586168
5106,63.0,0.04238180951640703,0.04060452107543238,0.10147910320147518
5106,64.0,0.04217181882518466,0.04035455083618855,0.09996830395075232
5106,65.0,0.040616451975330856,0.038798819941426185,0.09799797490915248
5106,66.0,0.0404668874476813,0.038753436300647925,0.09710193093163215
5106,67.0,0.04081564912246484,0.03931673832876318,0.09627007705629734
5106,68.0,0.03971093776091144,0.038265587986552635,0.09532054426898942
5106,69.0,0.03903061080298741,0.03756570310576044,0.09423539012185755
5106,70.0,0.0381581223122362,0.036728793916949304,0.09287596785235241
5106,71.0,0.03689997147357381,0.03549074952550416,0.09104838559320856
5106,72.0,0.03656465497100559,0.035218293929058446,0.09000112603375232
5106,73.0,0.03622519754205705,0.03491072143308627,0.08885347296745114
5106,74.0,0.03744889971834876,0.03630786159832912,0.08901815236081498
5106,75.0,0.03645114730660578,0.03527921953771131,0.0877236902579354
5106,76.0,0.03653995887760617,0.035469963951764785,0.0867098228461462
5106,77.0,0.03629491998616851,0.035324251710727984,0.08576997179800817
5106,78.0,0.03672432150040728,0.035735183008936106,0.08604532241871715
5106,79.0,0.03664697498012775,0.03567557226525838,0.08565056287178141
5106,80.0,0.036070462873273514,0.035120286272064774,0.08485036273322347
5106,81.0,0.03620410383426005,0.03525807688315427,0.08469641215994986
5106,82.0,0.03678154329661567,0.035811525892704664,0.08485553461344637
5106,83.0,0.03677387417338704,0.035819994257420225,0.08486053439249523
5106,84.0,0.03591196326069553,0.03493479035746904,0.0846626612019622
5106,85.0,0.03458569976281677,0.0335867091237208,0.08411571988809483
5106,86.0,0.034605728746072886,0.03367076418069991,0.08351329504983322
5106,87.0,0.03391625011028464,0.033007623070838724,0.08274597353878167
5106,88.0,0.03245398358135154,0.03150238662071527,0.08211440034581416
5106,89.0,0.032017393734255224,0.031089830593709462,0.08163414822368757
5106,90.0,0.03265804649245148,0.0317931841712969,0.0819337114396036
5106,91.0,0.03221937546392429,0.03135224287779836,0.08208921079021984
5106,92.0,0.031112390687633842,0.030229567690901675,0.08120499119847431
5106,93.0,0.029864432058020543,0.02892149577973078,0.08038994458945684
5106,94.0,0.028765475310528647,0.027763527335554955,0.07962798165236804
5106,95.0,0.028130954104202736,0.027143719145205095,0.07917478453622992
5106,96.0,0.027487227807799476,0.026517861597907925,0.07859807385809958
5106,97.0,0.026777570996335886,0.02582964254388827,0.07810097586168455
5106,98.0,0.025835113765643836,0.024901544313530484,0.07804455338802167
5106,99.0,0.02630824213831527,0.025453422545532546,0.07751604157706891
5106,100.0,0.025765577094237834,0.024892871368673616,0.07752848454502013
5107,0.0,2.9066038639870517,5.408116675855963,6.564657815288973
5107,1.0,0.5837988583414033,0.5812108072357173,1.548896987476033
5107,2.0,0.5002153087169431,0.4752204353091143,1.3617549457314495
5107,3.0,0.4512697874166672,0.4195234276947991,1.2274556953330527
5107,4.0,0.4070502182936632,0.37612486513655985,1.118158858287714
5107,5.0,0.3700612721621199,0.34074594107959766,1.0249782358031365
5107,6.0,0.3407622857736817,0.3131348433996333,0.9476516529225474
5107,7.0,0.31951360117000466,0.2934299087500681,0.8827636383533614
5107,8.0,0.3045965823809882,0.28015536203556946,0.8342863972546076
5107,9.0,0.2924165593767298,0.2692037324668739,0.7978142575418117
5107,10.0,0.2805638029605248,0.2592515584014273,0.7528321236187285
5107,11.0,0.2618537384538886,0.24231295472507994,0.7011823284064923
5107,12.0,0.24644334351777672,0.2280911786217722,0.6592767522590992
5107,13.0,0.23573631473364898,0.21858261481771196,0.6290067607507539
5107,14.0,0.22271731465086797,0.20636053862410733,0.5987688115424831
5107,15.0,0.2139722797264522,0.19923682153163236,0.5658276170678781
5107,16.0,0.20000018258547247,0.18657839587868022,0.5264212399658322
5107,17.0,0.19026847388858503,0.17757027848122323,0.4980251430129544
5107,18.0,0.17549154439439194,0.16317078002763108,0.4633779091653718
5107,19.0,0.16909034414569796,0.15741067939141845,0.4443789488489413
5107,20.0,0.1623016706494332,0.1511055047541067,0.4280173904092468
5107,21.0,0.1586403923990034,0.1484120924103065,0.4099460818639479
5107,22.0,0.15387739170685258,0.14437019383549077,0.3939870080904315
5107,23.0,0.14948891811253387,0.1403684792616977,0.3805897023468332
5107,24.0,0.14338282885465364,0.13464073836528304,0.36404427463137784
5107,25.0,0.13693871230690788,0.1284827686116244,0.3460257524460647
5107,26.0,0.13278853786509898,0.12458276080981089,0.33335498075825215
5107,27.0,0.12482886059485063,0.11717961092022304,0.31167312560858507
5107,28.0,0.11904764701354681,0.11219696354075123,0.2914117638258276
5107,29.0,0.11388583588510261,0.10750675873219864,0.2752309088083203
5107,30.0,0.11100596282630901,0.10513909212366943,0.2638352693123887
5107,31.0,0.10577879812052768,0.10030276319308098,0.24932917678869265
5107,32.0,0.10245526430946675,0.0979902270879518,0.23103187925870466
5107,33.0,0.10075011898810686,0.09699064397543469,0.2190502532940575
5107,34.0,0.0968984922277401,0.09319871142364633,0.20906427546037476
5107,35.0,0.09361758727509775,0.0903337765331861,0.19699266844476174
5107,36.0,0.08994020814332641,0.08708712220465802,0.1858900738832482
5107,37.0,0.08796876032532037,0.08562213109353155,0.17636456765655056
5107,38.0,0.08717621265279711,0.08543503139354593,0.1695230450158681
5107,39.0,0.08778585073060582,0.08640636091789486,0.16682679513964419
5107,40.0,0.08543793523887876,0.08427345234716634,0.1610862812633441
5107,41.0,0.08264525005161555,0.08163504095823856,0.15568719438003342
5107,42.0,0.0795003775118691,0.07856497049403702,0.14944362599275032
5107,43.0,0.07793889138121225,0.07730952696896047,0.14439995112887996
5107,44.0,0.0778452356538519,0.0773427488077797,0.1411018114176854
5107,45.0,0.07645101742466127,0.07608802708341093,0.13859501516224676
5107,46.0,0.07481976677390069,0.07461622068336436,0.1347002599334983
5107,47.0,0.07359148471235817,0.07346502426665767,0.13283247959245648
5107,48.0,0.07208225772859843,0.0719302445437162,0.13114033917048612
5107,49.0,0.07138595412608836,0.07129086670847468,0.12954025392023258
5107,50.0,0.06932148476200332,0.06916908155229626,0.12693114434178493
5107,51.0,0.06550219782227573,0.06529916831225058,0.12461147094596602
5107,52.0,0.0630703404268655,0.0628418866187122,0.12308229635281875
5107,53.0,0.062043483314408544,0.06186839381774386,0.12158230132062002
5107,54.0,0.06276068548874066,0.06257437580560388,0.12028919139301587
5107,55.0,0.06369961220796214,0.0635878504910267,0.11943838895852121
5107,56.0,0.06540436133483374,0.06539566827599426,0.11988041278928141
5107,57.0,0.06476173738118758,0.06469048550041524,0.11816690135207072
5107,58.0,0.06285184427040763,0.06281690389813113,0.11623033978456279
5107,59.0,0.06344046167711481,0.06347040191698256,0.11503583980732121
5107,60.0,0.06258924668794441,0.06266287632959153,0.11328711467984466
5107,61.0,0.05986764814344697,0.059802147471049845,0.11068077889245886
5107,62.0,0.05710022298141381,0.05703415296474222,0.10753800493955491
5107,63.0,0.0534361888564285,0.05339829607923087,0.10515052140601995
5107,64.0,0.049427606863653606,0.04928884385493119,0.10272068825047756
5107,65.0,0.05011414714363673,0.04995291162024658,0.10286926769326522
5107,66.0,0.04912284528354272,0.04893044222935358,0.10152583676633442
5107,67.0,0.04716359289787066,0.04695249097321619,0.09909173714179699
5107,68.0,0.04712221481418513,0.04697185459747242,0.09877470849017095
5107,69.0,0.047265902588849974,0.047186996131699764,0.09812239264661943
5107,70.0,0.04882686473230458,0.04887382433933649,0.0980833834372352
5107,71.0,0.04806186023383322,0.04818965082280685,0.097273465973223
5107,72.0,0.04670180761196607,0.046855468161762406,0.09579550661344198
5107,73.0,0.04656281228022726,0.04675667923737323,0.09561274393240764
5107,74.0,0.047051487826105305,0.04732924933504488,0.09604335326407358
5107,75.0,0.044209559512088784,0.04447549069889512,0.09395676542040148
5107,76.0,0.04309144628606949,0.04344876675012138,0.09261542192426812
5107,77.0,0.042562726497369675,0.042962974278836864,0.09214365128750157
5107,78.0,0.04052514992547103,0.04082892124385407,0.09087476558893273
5107,79.0,0.040269952244418004,0.040541557677342424,0.09049501386484295
5107,80.0,0.039835100825455785,0.04003531627247697,0.09012238758055167
5107,81.0,0.0396193505347632,0.039839802370127894,0.08938403040673763
5107,82.0,0.03875675602473519,0.03892357772187828,0.08872515684968202
5107,83.0,0.03850752257652579,0.03859143695737996,0.0878125650476536
5107,84.0,0.03815180716174548,0.038268859353779404,0.08701609991470473
5107,85.0,0.036594649603576425,0.036650324957759134,0.08626260984380388
5107,86.0,0.035279971861500975,0.03528398079761194,0.08504114275155765
5107,87.0,0.03595659404309622,0.03599761094136294,0.0855368947892319
5107,88.0,0.035337509755381316,0.03532845147635424,0.08500438728778989
5107,89.0,0.035043313734144245,0.035010706783357805,0.08471718227257764
5107,90.0,0.0348473958939156,0.034794835756409945,0.08435526708981377
5107,91.0,0.03427521291798658,0.0341728003869419,0.0845142780504276
5107,92.0,0.03397019642242481,0.0338468193580536,0.08435262735225361
5107,93.0,0.034031662514702916,0.033914675794937565,0.08396429245865364
5107,94.0,0.03387056904372148,0.03376042318280014,0.08377455997287649
5107,95.0,0.03249839849882812,0.03231361498615124,0.08288457418441136
5107,96.0,0.03296204435250638,0.032833641126865,0.0830497184092803
5107,97.0,0.03267260817769844,0.03254112096374034,0.08255300228089377
5107,98.0,0.03213794292458119,0.03206738998308374,0.08197490034105806
5107,99.0,0.031137401800387016,0.031057036005855396,0.08097914932508872
5107,100.0,0.03133738503869698,0.03125767110836196,0.0809494151435738
5108,0.0,2.9066038639870517,5.408116675855963,6.564657815288973
5108,1.0,0.4937134493888449,0.512196040656259,1.1314969831834674
5108,2.0,0.48332757474006227,0.4875166946723875,1.0069171616049164
5108,3.0,0.44416679918006724,0.4487251992522771,0.9055061600090515
5108,4.0,0.4280188543979999,0.43168711109807884,0.8355844626497303
5108,5.0,0.40413583511988443,0.40277543780113134,0.8002471861790719
5108,6.0,0.38083521499944306,0.37727863052416216,0.7554984090000497
5108,7.0,0.3644831132108213,0.3622957148049189,0.708921225632185
5108,8.0,0.36351468208407944,0.36283557802758815,0.6850356920463625
5108,9.0,0.35678134072290374,0.35663631256042866,0.6619123153074624
5108,10.0,0.3381865730235751,0.33757429113339743,0.6366508725884674
5108,11.0,0.3237860986661102,0.3228295743785983,0.6113165392703473
5108,12.0,0.3146389955497904,0.31303413601763486,0.5877386837261235
5108,13.0,0.3061337066157479,0.30483246502508116,0.5659968076305298
5108,14.0,0.29510683439570407,0.29429638493910726,0.5405399041543886
5108,15.0,0.28442632664009093,0.28408449962758453,0.513383217282573
5108,16.0,0.282481283193453,0.28279121752274144,0.49948914228413943
5108,17.0,0.26784599085989613,0.26831771693717693,0.4727919499318459
5108,18.0,0.26157929223938636,0.26249528705492964,0.45716509987572235
5108,19.0,0.257470474383667,0.2590203649493731,0.4457617011868141
5108,20.0,0.2550042504730285,0.2568500257883074,0.4333526083202702
5108,21.0,0.253466298456318,0.2556840024817931,0.4221622351247643
5108,22.0,0.25432978632764736,0.25684669842141644,0.4144577261242046
5108,23.0,0.24925183253447633,0.2516982029973848,0.40324005494579185
5108,24.0,0.24330191556160916,0.2458183849532479,0.3919025895209534
5108,25.0,0.23633889194225452,0.23881347778340248,0.38150913011348797
5108,26.0,0.23264817381812788,0.23499184159255582,0.37257488490254487
5108,27.0,0.23065536261600833,0.2330981742941406,0.3651515682738397
5108,28.0,0.22772716089687955,0.23050486819605887,0.35538293746211413
5108,29.0,0.2228591148468546,0.22581542546586406,0.34549038962317347
5108,30.0,0.22109276466421393,0.22398880642328542,0.3395695512336149
5108,31.0,0.21573460378114703,0.21866914961507428,0.3293370027806036
5108,32.0,0.20829129709090985,0.21113272983009737,0.31885924826224366
5108,33.0,0.20378959398941301,0.2064225387126901,0.3124769981900564
5108,34.0,0.19873717171848895,0.20109499633803307,0.3069036554926474
5108,35.0,0.19341490321566362,0.19580804220088407,0.2983112176166872
5108,36.0,0.19143953086936605,0.19384371764995442,0.2924881411034029
5108,37.0,0.18616647826079114,0.1883913749010812,0.285859997097584
5108,38.0,0.18269788590051778,0.1848290468273971,0.27962268023194115
5108,39.0,0.17805813102035725,0.18023925297070278,0.2730607585141474
5108,40.0,0.17139106838248008,0.17355863827083834,0.26543152525791724
5108,41.0,0.16890397674708785,0.17095501916068698,0.2608637168829569
5108,42.0,0.16502514695209317,0.1669467641428295,0.25410283744318823
5108,43.0,0.1630142342050115,0.16487936908081285,0.24968371371564058
5108,44.0,0.16285924806105448,0.1648787102590172,0.24618979946721722
5108,45.0,0.16013393442990134,0.16233569066488782,0.23997649128473017
5108,46.0,0.15780430936124237,0.16017704212118664,0.23480969069724014
5108,47.0,0.1547482895076739,0.15691351353041838,0.22986561988324483
5108,48.0,0.15106397565554902,0.15316028612404656,0.22320878940281147
5108,49.0,0.14666488894903568,0.14867465076326822,0.2164616955257474
5108,50.0,0.14589486142722335,0.14790278416332886,0.21454350420619078
5108,51.0,0.14397220972495914,0.14597664056027107,0.2112877937435951
5108,52.0,0.14246039433886426,0.14443678691529208,0.20752116711959884
5108,53.0,0.14198677544985833,0.14393852442962038,0.20540366750358366
5108,54.0,0.13987108982725224,0.1418306285143228,0.20170203536905856
5108,55.0,0.13753125945196418,0.13945507897481757,0.1981895644292873
5108,56.0,0.1357769919639414,0.13769301558938332,0.19554923245537315
5108,57.0,0.13245949966369747,0.1343428105208032,0.19057298271523904
5108,58.0,0.12752170746555194,0.12940013675442436,0.1829621858529725
5108,59.0,0.12322301724643125,0.1250541232240859,0.1769282444134612
5108,60.0,0.12015029442906741,0.12194914479988973,0.17217143310793676
5108,61.0,0.11822845685629187,0.12004930272370279,0.16821573988793515
5108,62.0,0.11764021621524731,0.11944446721117545,0.16635110949937948
5108,63.0,0.11591993492452744,0.11769753345484937,0.16352198153798986
5108,64.0,0.11243382277584898,0.11414881628489505,0.15879900834346483
5108,65.0,0.11063598779918886,0.11231666756971694,0.15699709022412542
5108,66.0,0.10628778243188004,0.10782701058950105,0.15211565155753232
5108,67.0,0.10202549234363141,0.10352284161615015,0.14694162581805156
5108,68.0,0.09992127262160605,0.1014235621168998,0.14410041353619746
5108,69.0,0.09840160641033746,0.09994882939756745,0.14143939555790536
5108,70.0,0.09667307874075033,0.09831247341407637,0.13861635156209073
5108,71.0,0.09586536436070822,0.09754063890420467,0.13688531138947338
5108,72.0,0.09590911360795282,0.09763487392630919,0.13569122907188622
5108,73.0,0.09253308373427976,0.0941702249121117,0.13122577480935907
5108,74.0,0.09162669265771105,0.09333845918497598,0.12902397891759274
5108,75.0,0.08830609384366378,0.09004997060246424,0.12513564517901332
5108,76.0,0.0863487145023571,0.08809404419059869,0.12230157507328615
5108,77.0,0.0840875461545092,0.08581567316017279,0.11970252325035216
5108,78.0,0.08186554378070711,0.08356679940651338,0.11721576172946205
5108,79.0,0.07922261579727055,0.0809543511254756,0.11447361869195857
5108,80.0,0.07795007965854166,0.0797101306489993,0.11289861198049585
5108,81.0,0.07716198328186598,0.07890916806938914,0.11220173784412348
5108,82.0,0.07588686710120572,0.07766966860700511,0.11073776450631204
5108,83.0,0.07384165604282046,0.07565860134950644,0.10839734072453232
5108,84.0,0.07205402029501698,0.07388690336936718,0.10631247850191522
5108,85.0,0.07083992971822761,0.07263093925443367,0.10548808008962055
5108,86.0,0.06963577006008435,0.07143562174784424,0.10446769247915688
5108,87.0,0.06777509644037052,0.06958408434752927,0.10282895988493165
5108,88.0,0.06675798599455451,0.06855699772374008,0.10176788246165495
5108,89.0,0.06582569774358275,0.06763138802550162,0.10090170977596385
5108,90.0,0.0656233802148282,0.06747475484283032,0.10022598979657113
5108,91.0,0.0646159303878892,0.06648008028988948,0.09935837347203028
5108,92.0,0.06316228465887308,0.06504872921051946,0.0978189998861371
5108,93.0,0.062016776999094796,0.0640296379211158,0.09724905358138904
5108,94.0,0.061206876659780834,0.06324684895359117,0.09658757548538904
5108,95.0,0.0600785888921254,0.06206993404055706,0.09563512456367546
5108,96.0,0.05875219261985763,0.060654906905736085,0.09474173069928564
5108,97.0,0.05754128155643305,0.05937495699390676,0.0939695308740027
5108,98.0,0.056891945888864905,0.0587421133731959,0.09378448997580195
5108,99.0,0.05448980839113221,0.05629424764017301,0.09274169067331287
5108,100.0,0.052906600754154154,0.05467848385660556,0.09208343896405324
5109,0.0,2.9066038639870517,5.408116675855963,6.564657815288973
5109,1.0,0.43014343055059473,0.4416416995014997,1.1086235261732997
5109,2.0,0.3574862293162011,0.35453095817452046,0.932529857060793
5109,3.0,0.3274333690586107,0.3265863599716942,0.8359775493073099
5109,4.0,0.3083848178267102,0.3065115380344261,0.7795763997346066
5109,5.0,0.2928056879102559,0.2929255687215299,0.694183605486107
5109,6.0,0.2866402286668164,0.2885022603851339,0.6395190900094584
5109,7.0,0.26325569055327336,0.2653333470162679,0.5789633097397043
5109,8.0,0.24142834485912637,0.2428609543814704,0.5318955012049769
5109,9.0,0.22685233465527477,0.22848758774218472,0.4923233990760703
5109,10.0,0.21975790960467925,0.22252944622710222,0.4610899946700657
5109,11.0,0.2193246001026326,0.22303225392918255,0.4462544231755761
5109,12.0,0.20899313684816584,0.21244002258970052,0.4239386117856539
5109,13.0,0.19948529835256243,0.2025141616853383,0.40279581557009064
5109,14.0,0.19977311299315928,0.20339973466049097,0.38258579687824973
5109,15.0,0.19197207868361935,0.19546821796073374,0.3553361895000484
5109,16.0,0.18807068732949325,0.19128689165005147,0.3409753689081583
5109,17.0,0.18270229461968457,0.18593208042632073,0.3292282787221555
5109,18.0,0.18010208996659832,0.18344221190559107,0.31604119720466695
5109,19.0,0.1715260831950307,0.1749895040254519,0.3018693692704329
5109,20.0,0.166931836744988,0.17033512215462007,0.288449516388801
5109,21.0,0.1628395596731845,0.16596756559723363,0.2779314499430375
5109,22.0,0.16225948671038687,0.16565901296186408,0.2707243343775954
5109,23.0,0.16011131312566693,0.16363215454357632,0.2616099788327852
5109,24.0,0.15525939240618133,0.1588079100543817,0.252518827103406
5109,25.0,0.14850134609086316,0.15192364669060335,0.24276290860340569
5109,26.0,0.14414892564262577,0.14768540099600708,0.23249818278103176
5109,27.0,0.1423309663724805,0.14593903077507947,0.22694664654709076
5109,28.0,0.14465185111018297,0.14832961673532108,0.22446279956909035
5109,29.0,0.14399887079094106,0.14773381537154653,0.21969989887972202
5109,30.0,0.14348499408379944,0.1473100764170342,0.21395713843102265
5109,31.0,0.14053210723916137,0.14475981063559368,0.20494806943931226
5109,32.0,0.13859109274367656,0.14295981993846751,0.20001854453526471
5109,33.0,0.13788203851343797,0.14221602326536376,0.1955523883176838
5109,34.0,0.13406766214401086,0.1384309549772347,0.1883604609977949
5109,35.0,0.1333130720869742,0.13779583241313365,0.18505178337632044
5109,36.0,0.13239708596765515,0.1368287431945462,0.183334770192216
5109,37.0,0.13137159524154368,0.13567196213674032,0.1823661664657916
5109,38.0,0.12936790653763988,0.13351889440170533,0.1789940345408577
5109,39.0,0.126602007255233,0.13063576316601078,0.1756524340744399
5109,40.0,0.1247045435674276,0.12856097918751794,0.17274484974623547
5109,41.0,0.11851250504570869,0.12209918965004198,0.16544808443789744
5109,42.0,0.11525247413661138,0.11869074689900266,0.16079616530345833
5109,43.0,0.11297256170778522,0.11630928558593935,0.15610660337202872
5109,44.0,0.10904376880836013,0.11225777232161348,0.15084025091749867
5109,45.0,0.10889711705661481,0.11203674485604462,0.14924657654629564
5109,46.0,0.10679544762149706,0.10992015897517021,0.14577190444846466
5109,47.0,0.10356772241818667,0.10675837547957684,0.14140639145967301
5109,48.0,0.10204853150604054,0.10514168812715792,0.13905789081178135
5109,49.0,0.10142261910770115,0.10444138964496584,0.13737631839727865
5109,50.0,0.09861757003720924,0.10156973369005805,0.13433280945347437
5109,51.0,0.09628385539604624,0.09933311834808735,0.1313598972374402
5109,52.0,0.09371798430894185,0.09673484836465719,0.12773536315768616
5109,53.0,0.09274395281529361,0.09593875347081646,0.1251313885148138
5109,54.0,0.09166165633147423,0.09485448478906408,0.12315301168977556
5109,55.0,0.08989919034604255,0.09302296965219024,0.12068942355247954
5109,56.0,0.08773616778127777,0.09082194976132543,0.11850730200163283
5109,57.0,0.0868736730304216,0.089961129702906,0.11686130790407595
5109,58.0,0.08741671131666752,0.09057169299837438,0.11648426131114263
5109,59.0,0.0849398429625819,0.08821806822571748,0.11377466830099767
5109,60.0,0.08158671929180512,0.08481850367887332,0.11044730471417025
5109,61.0,0.07922050112424368,0.08245853551088689,0.10853658392361232
5109,62.0,0.0800613581437761,0.08329133529483349,0.10939416417072977
5109,63.0,0.07970871120996949,0.08288885791197106,0.1092762379545354
5109,64.0,0.0773002331524618,0.0804129875898913,0.10714592166259664
5109,65.0,0.07703987997237463,0.08023920281496519,0.10691535076178356
5109,66.0,0.07457871076932603,0.0777444846149286,0.10512443203101751
5109,67.0,0.07243177121198881,0.07560828791104114,0.10329082318807685
5109,68.0,0.07107889574783118,0.07415598849520097,0.10211475454420697
5109,69.0,0.06952667426019138,0.07255276308204058,0.10044397653746223
5109,70.0,0.06839608724398763,0.07140793888959292,0.09965379915607889
5109,71.0,0.06618421922035601,0.06922826576420227,0.09855924281224297
5109,72.0,0.0647965983343868,0.06787292540804538,0.09744867796504324
5109,73.0,0.06431080633209545,0.06745133307517236,0.09672548556876513
5109,74.0,0.06421109536110471,0.06734582286925529,0.09604754744429524
5109,75.0,0.06341678918790895,0.0664802726562185,0.09551374867166419
5109,76.0,0.06193093787411991,0.06494903034945965,0.09467901101952382
5109,77.0,0.0621214956230307,0.06510622759577546,0.09468940386536079
5109,78.0,0.06268694676410792,0.06565467851333032,0.09563342643921
5109,79.0,0.06270426293930546,0.06565590175696118,0.09555906729818542
5109,80.0,0.06268639805526482,0.06560839729734282,0.09551143701826563
5109,81.0,0.06152948655979278,0.064402230726275,0.09463137422706569
5109,82.0,0.06083973218023325,0.06362067305180362,0.09429910771235064
5109,83.0,0.059508435208676706,0.06220663267746524,0.09339514223942676
5109,84.0,0.05880886176176001,0.06150372447515103,0.09344795161443825
5109,85.0,0.05763983004482913,0.06027477721853213,0.09219983300379878
5109,86.0,0.057405963207534536,0.060060968972093426,0.09198524937464733
5109,87.0,0.055976932112991984,0.058548202073015906,0.09033849754663012
5109,88.0,0.05468849220566687,0.057232315953002946,0.08918722862250872
5109,89.0,0.05432861111499649,0.05679819034786106,0.08865408656667229
5109,90.0,0.05288652507864546,0.05522351013811348,0.0873394564458643
5109,91.0,0.05232202955517964,0.05464302155230083,0.08740509592776728
5109,92.0,0.051050482389733316,0.05329201588542515,0.08611222777470734
5109,93.0,0.05016686467488996,0.052435600057815425,0.0852334324904592
5109,94.0,0.049695966963794524,0.05200710522850347,0.08493637150298763
5109,95.0,0.04869748342604382,0.050953271564394303,0.08380233607397145
5109,96.0,0.047406551411974515,0.049626183589068514,0.08255845775024961
5109,97.0,0.04684905587606692,0.04900042827734646,0.0821315641893565
5109,98.0,0.04794441296826793,0.050023627364153805,0.08320141755161324
5109,99.0,0.04821150956612403,0.050179717686448105,0.08303655251883449
5109,100.0,0.04821862724965431,0.05017935593458659,0.08306328513752805
5110,0.0,2.9066038639870517,5.408116675855963,6.564657815288973
5110,1.0,0.5570470400484285,0.583231419458759,1.3038077774077925
5110,2.0,0.5033410493854781,0.5033083495595592,1.1857310478591556
5110,3.0,0.4580794996068526,0.45824823630484435,1.045790484047641
5110,4.0,0.42775231924448015,0.4255182287256944,0.9675656254694063
5110,5.0,0.3925666092612723,0.38818087546092267,0.8951498761952645
5110,6.0,0.36853273703736494,0.3610582104560135,0.8381733701983546
5110,7.0,0.35646560576836517,0.3498510822961067,0.8038565175669824
5110,8.0,0.335179804526384,0.3270942709058546,0.7630167783638027
5110,9.0,0.3149475033797387,0.30641537982956046,0.7210270355205637
5110,10.0,0.30366230297314756,0.29530440548741926,0.6856499296786803
5110,11.0,0.2928629640405799,0.28455433942926694,0.6593762850525748
5110,12.0,0.27614333652549533,0.26797777555455826,0.6234159553967595
5110,13.0,0.26388133223397653,0.25603776588505817,0.5907478516859767
5110,14.0,0.2591074537042206,0.2518667594832771,0.5742254379032368
5110,15.0,0.25663455090182047,0.25001802085857633,0.5594968758927942
5110,16.0,0.24876200580844568,0.24267134025645193,0.5355848823766768
5110,17.0,0.24140156855058936,0.23601216849484746,0.5117862028443527
5110,18.0,0.2342230054748382,0.22953082113371737,0.4899469103346394
5110,19.0,0.23035513992607742,0.22653798529813376,0.4741820644134011
5110,20.0,0.22552302336957447,0.22204512646656707,0.4583731583979398
5110,21.0,0.22036014059251852,0.2170934097538362,0.445532847299824
5110,22.0,0.21787337147467475,0.21505708734854642,0.4359545002523444
5110,23.0,0.21533637519189763,0.21312058973041664,0.42164367479796294
5110,24.0,0.2071344544777345,0.2049753309948835,0.4027826112389274
5110,25.0,0.20006946463347325,0.19813625715222283,0.3855709632598989
5110,26.0,0.1947570022806684,0.1932189221571378,0.3724839197316488
5110,27.0,0.18807316325683818,0.18649296389255218,0.35917391358416456
5110,28.0,0.18110551392285937,0.17912869066421463,0.3486819604055637
5110,29.0,0.1721914585664802,0.1700801861796662,0.33447975322453843
5110,30.0,0.16590964571232159,0.16388458639301037,0.3206578514089521
5110,31.0,0.16315771555420544,0.16126935584067556,0.3120720549205648
5110,32.0,0.15996805019103863,0.1582283014704989,0.30411755827271625
5110,33.0,0.1552509014613882,0.15381411102685202,0.2947829865013315
5110,34.0,0.14987809843136013,0.14854061564839807,0.28560490364474633
5110,35.0,0.14604537678979387,0.14475163525135973,0.27770570185810173
5110,36.0,0.142745415478738,0.14138000041040197,0.2703430795473224
5110,37.0,0.1409303679869661,0.13975307226867384,0.26426056949786275
5110,38.0,0.13839835096611047,0.13735634503615193,0.25732528815659034
5110,39.0,0.13448737270257238,0.13352223305954575,0.24912321585182398
5110,40.0,0.13055178888397861,0.1297594750454957,0.24085992311270973
5110,41.0,0.12796003736920583,0.12726372013257634,0.23362263389521998
5110,42.0,0.1250223034399315,0.12433458695776496,0.22735180550982992
5110,43.0,0.12391752171803765,0.12337476059683963,0.22369628095548508
5110,44.0,0.12282584446445109,0.12240710271103704,0.21888769814009404
5110,45.0,0.1213997458118144,0.1210126176403565,0.2152242738592654
5110,46.0,0.12104858700963265,0.12062174521865274,0.21520109489539702
5110,47.0,0.119012667058708,0.11872526360139947,0.21039903134738067
5110,48.0,0.11862577867488452,0.1185404445950202,0.20734016077248277
5110,49.0,0.11784683565090169,0.11792415287991735,0.20469306933567902
5110,50.0,0.11723462301822231,0.11751476007709351,0.20096262035124926
5110,51.0,0.11810670329934805,0.11860215906122969,0.19831216251277076
5110,52.0,0.11610516495455935,0.11655622146810433,0.1941951204735721
5110,53.0,0.11361317716299048,0.113966589931562,0.19034892399237385
5110,54.0,0.11222689801722731,0.11276509384166006,0.18618256422804136
5110,55.0,0.10960533552154215,0.1102629673278527,0.18154513014707746
5110,56.0,0.10618182911310228,0.10665719022964781,0.1771289335425268
5110,57.0,0.1029086703449544,0.10330315751945235,0.1725562939898576
5110,58.0,0.10172089592545988,0.10218805733705735,0.16957831781589958
5110,59.0,0.10122717853773437,0.10176240539221545,0.16680994236382757
5110,60.0,0.10070754932537206,0.10127650772488515,0.16418831119448674
5110,61.0,0.09894744694105866,0.0994400294408593,0.16144855504753236
5110,62.0,0.09790318161304226,0.09838026787374561,0.15992023763050334
5110,63.0,0.0963722993999556,0.096873049299648,0.15648489913220498
5110,64.0,0.09422927269581688,0.0947324226241769,0.15327351274887338
5110,65.0,0.0937393623344695,0.0942624574204742,0.15235207002585066
5110,66.0,0.0935214645692404,0.09413127307723951,0.15120471351904688
5110,67.0,0.0933044793901375,0.09401056029048312,0.14987471873876762
5110,68.0,0.08988535924408494,0.09051107400255787,0.1457492519794272
5110,69.0,0.08735940424704058,0.08801482373148417,0.1419127581162188
5110,70.0,0.08511529492622792,0.08587082038154364,0.13837446647912988
5110,71.0,0.08416717170653563,0.08508922321530514,0.13566779737293044
5110,72.0,0.08141741844886327,0.08230526969627487,0.13181313967847832
5110,73.0,0.07766316572604864,0.07855913328987742,0.127526603251689
5110,74.0,0.07535595264566894,0.07629603068288562,0.12411618857361911
5110,75.0,0.07376049618026556,0.07473716387460712,0.12109096461659243
5110,76.0,0.07325949481574619,0.07423125289622891,0.11974133562864671
5110,77.0,0.0713186710127876,0.07225602971524625,0.11733969037693431
5110,78.0,0.07012823538394548,0.07109856554034168,0.11540447600415077
5110,79.0,0.06725919810805131,0.06821110842691258,0.1126178724703893
5110,80.0,0.06557618466553192,0.0665505592616442,0.11058964563477583
5110,81.0,0.06381663184510089,0.06478838316332709,0.10866082175943048
5110,82.0,0.06110753790582767,0.06206590530722027,0.10673411568693611
5110,83.0,0.059691622910302035,0.06068097721775678,0.10539170277065482
5110,84.0,0.05827152657370953,0.059282236184402294,0.10396707228416763
5110,85.0,0.057043328064028884,0.05801771291966706,0.10298958632400773
5110,86.0,0.055488143969221825,0.056505820435947235,0.1016798714267003
5110,87.0,0.05474986073854847,0.05588001380324132,0.10134557266240231
5110,88.0,0.05474972567448096,0.05593378128377659,0.10131568982720428
5110,89.0,0.05226720619990283,0.05335910007149503,0.09950448741799538
5110,90.0,0.05162929067211128,0.052717313998418946,0.0991923849769883
5110,91.0,0.05025435224973651,0.051327272024128706,0.0981125042586501
5110,92.0,0.04922161066723417,0.050243443251079975,0.0975043148077892
5110,93.0,0.04865530426603253,0.049579394464609274,0.09723515178738798
5110,94.0,0.04660667872551578,0.04744607994824542,0.09562201274533884
5110,95.0,0.04504738290454651,0.045909544411186436,0.09486916437043282
5110,96.0,0.04414696351658487,0.04500347582808443,0.09439915605527079
5110,97.0,0.0438137070830994,0.04467553274318943,0.09411677222215274
5110,98.0,0.04284889626054808,0.04366220682692466,0.09377934808831917
5110,99.0,0.04209728574049669,0.042896243233659814,0.09352462237285643
5110,100.0,0.041839423208496894,0.042665844449289676,0.0926444263518965
5111,0.0,2.9066038639870517,5.408116675855963,6.564657815288973
5111,1.0,0.4647213254304772,0.47979484936388966,1.2537996787000114
5111,2.0,0.41988388214132016,0.4065426675532859,1.1150780008221108
5111,3.0,0.38912789511007223,0.3709112139933951,1.0267583731691687
5111,4.0,0.34892047544875443,0.33009160121066683,0.9247165996950293
5111,5.0,0.32840913628483515,0.3087976996621649,0.862911883988505
5111,6.0,0.3143022668364864,0.29529396409314085,0.8057238892581288
5111,7.0,0.2974415438010513,0.2790453160885897,0.7555222913110821
5111,8.0,0.28311490985153126,0.26601468722862853,0.7063545046377582
5111,9.0,0.27196211762839434,0.25611841229809107,0.6723088004732287
5111,10.0,0.2591342356580571,0.24381906658422267,0.6394203890645948
5111,11.0,0.24290595554241337,0.22733917191699182,0.6158003203356841
5111,12.0,0.2307331282306427,0.21601747193299123,0.5871084273405708
5111,13.0,0.22223029534836586,0.20808805437633657,0.5627176728486488
5111,14.0,0.20955407833172385,0.19603053239951407,0.5345317808540787
5111,15.0,0.19957955432888957,0.1866143072261233,0.5083305258028827
5111,16.0,0.19033529192640183,0.17794076277006518,0.4842146217260159
5111,17.0,0.18088199864954202,0.16926590471295305,0.45475586702979537
5111,18.0,0.17592508656143943,0.16500682249346135,0.43798264906368684
5111,19.0,0.16936351952798126,0.15912005157629688,0.41667205684403885
5111,20.0,0.1606273650383316,0.15081111644828663,0.3940157480875659
5111,21.0,0.1571514425551817,0.1479101530915328,0.37954151054736246
5111,22.0,0.151451970649095,0.14263045147259734,0.3646036221600374
5111,23.0,0.1437662259428011,0.13544564657670352,0.34523365810473716
5111,24.0,0.13841116328961953,0.13059370725165245,0.32868138485011483
5111,25.0,0.134815108004734,0.12752370720229192,0.3153471373529445
5111,26.0,0.12759990999196305,0.12063843473175796,0.2994928025931548
5111,27.0,0.12334345796080254,0.1169243766806925,0.28536760647543935
5111,28.0,0.12036488581301012,0.11448758048509358,0.2739252642403989
5111,29.0,0.11593614013800595,0.11030963574820113,0.26321943852838553
5111,30.0,0.11231957283281484,0.1069274500019605,0.2528594426563889
5111,31.0,0.10874734216866416,0.10355624009968194,0.24298965849059298
5111,32.0,0.104386011732638,0.09935823868871925,0.23409260706945403
5111,33.0,0.10101081946344594,0.09642930347134303,0.22374142188656065
5111,34.0,0.09969504514659515,0.09554533805145246,0.2168485646302791
5111,35.0,0.09608541272870864,0.09211061998033974,0.209532135454092
5111,36.0,0.09201015463460979,0.08812370526205089,0.20050188024970203
5111,37.0,0.08917162021324095,0.08544204110851757,0.19178078740658583
5111,38.0,0.08624040995438645,0.08261800060356737,0.18587057789194134
5111,39.0,0.08413231458743081,0.08046428603718256,0.18043495036338614
5111,40.0,0.08185961211595118,0.07842064884018346,0.172705804033271
5111,41.0,0.08008031708148027,0.07673834809848758,0.16729811778936035
5111,42.0,0.07562970135654742,0.07226281796254526,0.1603855610569267
5111,43.0,0.07329610851022912,0.07007044170994547,0.15496433886922215
5111,44.0,0.07050858222606073,0.0674488436039842,0.14965006591389252
5111,45.0,0.06989639917981776,0.06707204673953648,0.1449036520058062
5111,46.0,0.06786803017725014,0.06511181121321306,0.1399078741363269
5111,47.0,0.06687371557528958,0.06419163053081255,0.1361524153267055
5111,48.0,0.06445945248602082,0.06191453187262029,0.1312873851531423
5111,49.0,0.06340800639610089,0.06118416349984292,0.12621657990347004
5111,50.0,0.061199425016149146,0.05914467752096118,0.12195431590161153
5111,51.0,0.059554980068562205,0.05757847538965671,0.11936521212603765
5111,52.0,0.05849712462631227,0.05661050630884717,0.11641370042683508
5111,53.0,0.05868233909130584,0.05691907905844078,0.11538372453196014
5111,54.0,0.05855629977734434,0.05684621166511701,0.11420726482565037
5111,55.0,0.0570044907908047,0.05528363630374347,0.11177905728091635
5111,56.0,0.057358660335884167,0.05575499475899868,0.11047734903941615
5111,57.0,0.05653232250465058,0.05495564505060835,0.10874818143697598
5111,58.0,0.05601231606578766,0.054473387459194986,0.10765613133779568
5111,59.0,0.0539398597207598,0.052351485778301364,0.10539366843087616
5111,60.0,0.05165758831291933,0.05005932619148297,0.10326571841921309
5111,61.0,0.04954294888400932,0.047810443926187,0.1022091230035568
5111,62.0,0.048925706111590785,0.04713135560043599,0.10154002037547451
5111,63.0,0.048907574602929355,0.04712737061825518,0.10133284114351249
5111,64.0,0.050282762504410196,0.04860767219869741,0.101843709912626
5111,65.0,0.050030628102715705,0.04836926082932207,0.10046063605439001
5111,66.0,0.04940630792334393,0.04776713794188887,0.09893906617246673
5111,67.0,0.04897213158126788,0.047312200424267634,0.0979192329690604
5111,68.0,0.04824936890929913,0.04659071288479797,0.0971092310107213
5111,69.0,0.047773663765028423,0.046090426122350814,0.09685463804183693
5111,70.0,0.046721637560568643,0.0450619710607911,0.09535929678695891
5111,71.0,0.045574664770019535,0.04387677745607971,0.09463554653057005
5111,72.0,0.04507480693870425,0.043465453631559826,0.09331531737132663
5111,73.0,0.04420983953236066,0.0426015711748618,0.09273693841853768
5111,74.0,0.04474917483503019,0.04318717286338057,0.09269854049663592
5111,75.0,0.04452037796665069,0.043028025737996495,0.09175934798837822
5111,76.0,0.043176316470326784,0.041713148671655084,0.08974517571190141
5111,77.0,0.04248019346036054,0.041002464496643416,0.08935721952561615
5111,78.0,0.041433779958323855,0.03990230386542394,0.08853163381979186
5111,79.0,0.04159847333576138,0.04003711516616003,0.08802674662806555
5111,80.0,0.04246660225748295,0.04092594595835743,0.08889395119119714
5111,81.0,0.042570236335908104,0.041082199471221076,0.08857720060281671
5111,82.0,0.04369677016733324,0.04228831267203691,0.08878305051963702
5111,83.0,0.042781672002423804,0.04132369272941857,0.08802991207670767
5111,84.0,0.04139806052473399,0.03994072172359216,0.08650601421309416
5111,85.0,0.040481385637310484,0.03902824999824138,0.08557310072136493
5111,86.0,0.040072818695642096,0.038659797083624416,0.08460915587483547
5111,87.0,0.03903607363351016,0.03754906892150896,0.08348652676649675
5111,88.0,0.0390189941449436,0.03753758821263175,0.08303024593861573
5111,89.0,0.03914022026646661,0.03769664315479647,0.08285221066335832
5111,90.0,0.0384357659790752,0.037007531407041244,0.08207167638956243
5111,91.0,0.03666536193141793,0.03515868822620915,0.08085687628413896
5111,92.0,0.03594174910082384,0.03445020849344069,0.08007526368722535
5111,93.0,0.03487783163760839,0.03331767434451052,0.07972491091398376
5111,94.0,0.03346219669736482,0.03185857785259983,0.0788196350488383
5111,95.0,0.03229214884967339,0.03065748715315793,0.07810127653679909
5111,96.0,0.03224045434856809,0.03058604619470338,0.07809415834019053
5111,97.0,0.031538252115268124,0.029838448093734985,0.07759918337726059
5111,98.0,0.03145280699760637,0.029732896537521106,0.07769193741323348
5111,99.0,0.030966043756266916,0.029231027571147174,0.0773591278658866
5111,100.0,0.030618971850970064,0.02886222007587019,0.07709428454757598
5112,0.0,2.9066038639870517,5.408116675855963,6.564657815288973
5112,1.0,0.5384147682864047,0.5274190190974521,1.4148015647429384
5112,2.0,0.4782780213752838,0.4481284257836148,1.257513636795588
5112,3.0,0.4303785628955507,0.3987913217956404,1.155530224307144
5112,4.0,0.38305105479653734,0.3532589030017413,1.0389731807776479
5112,5.0,0.35736992281130725,0.32783203052608684,0.9778349909877726
5112,6.0,0.32809092115018,0.30048621956645793,0.9094291817703692
5112,7.0,0.30454064270319653,0.278255309957882,0.8481744137187964
5112,8.0,0.2807906201883736,0.2564781873240174,0.789366326055207
5112,9.0,0.2653286378297045,0.2419190715097299,0.7454234732100182
5112,10.0,0.24880390666851837,0.2269776888354377,0.7020155404752082
5112,11.0,0.2318269993379534,0.2113900048558825,0.6532803499299852
5112,12.0,0.21627125185643814,0.1972398306504001,0.6087516537373826
5112,13.0,0.20351741234442236,0.1856209757019017,0.5725917854170155
5112,14.0,0.19063678812764462,0.17397119988510862,0.5358485198540954
5112,15.0,0.17661103843389456,0.16098971177385166,0.49079388735024865
5112,16.0,0.1659441221096618,0.15134715405081292,0.4571463160964096
5112,17.0,0.15582346248575543,0.1422931874937213,0.42416229847089304
5112,18.0,0.1463563694136515,0.13366443806276823,0.3972967874838139
5112,19.0,0.13591938159225123,0.12400349509546864,0.370772728114724
5112,20.0,0.12939383414734323,0.11805320787317881,0.35305449934959104
5112,21.0,0.12292409879057012,0.11224613987848353,0.3328793556314242
5112,22.0,0.11448546355228309,0.10447591782591222,0.3113712307752414
5112,23.0,0.10780148315791871,0.09843985511444939,0.29062357906192626
5112,24.0,0.10290773121889842,0.09429391949449611,0.2707581592285064
5112,25.0,0.09700218657988087,0.08885502124564024,0.25281908566044803
5112,26.0,0.08999991955264648,0.08242304000891833,0.23239299714294007
5112,27.0,0.08363942232950106,0.07671572309702342,0.21427130659288124
5112,28.0,0.07826566377219109,0.07190453503075614,0.19834487720552477
5112,29.0,0.07461691033933779,0.0687199611116112,0.18684127152832644
5112,30.0,0.0690035700364216,0.06362336753216284,0.17392566604468132
5112,31.0,0.06179773610834596,0.05685702462230885,0.15907596332668
5112,32.0,0.057196628829670935,0.052586985195230425,0.1496131476932826
5112,33.0,0.05115304862755207,0.04695236453734473,0.13938732362437428
5112,34.0,0.04944511770049911,0.045648220374861936,0.13520633630373474
5112,35.0,0.04632471555143015,0.04277881616825014,0.13174382707461338
5112,36.0,0.04446457727470732,0.04116231902432617,0.1283148232212183
5112,37.0,0.0435795924456472,0.04070743897587646,0.12549152008451447
5112,38.0,0.04290030702412144,0.040410509221161746,0.12464467127127525
5112,39.0,0.04064442009424116,0.038358929194227655,0.12484083088517978
5112,40.0,0.04110021359286074,0.039145542556031566,0.12723851051762247
5112,41.0,0.04292949114935124,0.0413464241714122,0.13130791150564525
5112,42.0,0.04331635503826395,0.041892785067338956,0.13435271219143252
5112,43.0,0.04096959481869635,0.03961217823370296,0.13656856196236924
5112,44.0,0.03863946900669756,0.037228084750521744,0.13759866692506836
5112,45.0,0.03603657852452395,0.034626163602560434,0.13874414454172906
5112,46.0,0.0372039695584244,0.03586630164239967,0.14102640274346914
5112,47.0,0.03767769155648792,0.03638010798927258,0.1415148287936011
5112,48.0,0.04020445808420126,0.03897111080559308,0.1428583104981539
5112,49.0,0.03683896847186376,0.03561539722601525,0.14460963399558308
5112,50.0,0.03562429957848616,0.034386840588305455,0.14639828340143043
5112,51.0,0.035730206181137605,0.03458631026090603,0.14856565378112563
5112,52.0,0.0354487620324877,0.0342386306043758,0.14950482184514904
5112,53.0,0.03703784386098879,0.035828589585695576,0.15083667696665798
5112,54.0,0.03640699342891724,0.03516412222803138,0.15090153631290185
5112,55.0,0.03713089338926917,0.035883226869655144,0.15248685748108662
5112,56.0,0.03758705555754071,0.03624558409851325,0.15403931789390715
5112,57.0,0.038910600430118895,0.03757497907598059,0.15468552498950489
5112,58.0,0.03703925419518147,0.035607878815974485,0.1545540485765167
5112,59.0,0.03705653505905777,0.0356107971018023,0.1566667073300011
5112,60.0,0.03733135443912472,0.03583046486087905,0.15838701612148162
5112,61.0,0.039183079579711885,0.03772952162331606,0.1579222162230582
5112,62.0,0.03747774975009259,0.03601371827424395,0.15706867550584383
5112,63.0,0.038134285894028015,0.03667424087365628,0.15592629582115908
5112,64.0,0.03634638433070344,0.03482409496073639,0.15370417225056004
5112,65.0,0.036283030349655944,0.03478949164213706,0.1520428755882106
5112,66.0,0.035789222062075965,0.03431686466685788,0.15011344939461094
5112,67.0,0.03578275296885628,0.034355442123474626,0.14885525792833176
5112,68.0,0.03533198501071345,0.03398064153235094,0.14669833695090845
5112,69.0,0.03565855319900674,0.03441230820985319,0.1441277153276952
5112,70.0,0.035124850508623844,0.03399565793299737,0.14046550766013502
5112,71.0,0.03484996529013453,0.03375551675506934,0.13796698213276934
5112,72.0,0.0323579239667267,0.03122965468428059,0.13408917077769786
5112,73.0,0.03069910200025819,0.02958107848966817,0.12984281457372818
5112,74.0,0.029756216008438436,0.028622512420171543,0.12699852113461324
5112,75.0,0.030891281472644784,0.02980520237018179,0.1263821661441702
5112,76.0,0.030535688449609265,0.029445966812560193,0.1252536029390748
5112,77.0,0.03208061814655016,0.031077517218198045,0.12545736981989464
5112,78.0,0.03198569332093885,0.030961541305947013,0.12516449145366637
5112,79.0,0.0327366305369682,0.03174763528955913,0.12448945645080821
5112,80.0,0.03241270174228298,0.031425106925864275,0.12287245192914707
5112,81.0,0.03165384397096814,0.030627543726044763,0.12117966397327827
5112,82.0,0.029900584932058008,0.028825380249587154,0.12086517972178241
5112,83.0,0.029901172937037996,0.02886507045470571,0.12102080460237803
5112,84.0,0.029684073774460955,0.028656931701014392,0.11910151402198323
5112,85.0,0.029671715709002358,0.028668742426398417,0.1177992837708424
5112,86.0,0.029682146558855038,0.028669306366704762,0.11591206816061358
5112,87.0,0.029763852876223414,0.028776201428923703,0.11414049565085062
5112,88.0,0.029402898899643627,0.028455465841576044,0.11187550929729546
5112,89.0,0.030324982761839148,0.029480634461346966,0.11047552533447069
5112,90.0,0.03032862867201564,0.029511654507088904,0.10872435603966048
5112,91.0,0.03042917017039869,0.02961066450189116,0.10783439015606884
5112,92.0,0.03112119817978944,0.0303238599222566,0.10703449647205428
5112,93.0,0.03174061208121911,0.03098048186932589,0.10656519695174015
5112,94.0,0.03132702029988205,0.030551715031628103,0.10576332823700879
5112,95.0,0.030550179209566784,0.029762165471158283,0.1043680310877005
5112,96.0,0.02921654397132454,0.028406123504593185,0.10335507770002103
5112,97.0,0.02867691064878162,0.027814467165078988,0.10297124422654454
5112,98.0,0.027570072056700104,0.02660295956165032,0.10215595696738143
5112,99.0,0.02692697792636905,0.025930508333581636,0.1015240934986832
5112,100.0,0.02623684298210025,0.025211765294613282,0.10076054401899455
5113,0.0,2.9066038639870517,5.408116675855963,6.564657815288973
5113,1.0,0.5369896910695117,0.5494670868273763,1.3735867568307445
5113,2.0,0.4741232152371414,0.46434706903939377,1.239691427912657
5113,3.0,0.4202302744490633,0.3977943187683595,1.1234963878063917
5113,4.0,0.3727054257967434,0.3471371144754578,1.0025444849676477
5113,5.0,0.3333887410705233,0.3094999707783905,0.8960276851353308
5113,6.0,0.3135780660339409,0.29086379701939263,0.8446786935262762
5113,7.0,0.29096464476317946,0.2696165689319847,0.7897792028027792
5113,8.0,0.278112717687941,0.25894700908780255,0.7444438529826816
5113,9.0,0.25987594146604376,0.24287355842343902,0.68934830155277
5113,10.0,0.24905971431736884,0.2334623677536942,0.6513993275019391
5113,11.0,0.23837088538862022,0.22531496380014587,0.6065396074802607
5113,12.0,0.23175702323287503,0.22020182641217861,0.5764062301425282
5113,13.0,0.23388471996875548,0.22447644379319737,0.5539530254729644
5113,14.0,0.22804566952383448,0.22013301830973991,0.5234599437377554
5113,15.0,0.22158301009168557,0.21489901572154857,0.4911267166158668
5113,16.0,0.21689335827550757,0.21122585733282487,0.46740716453788084
5113,17.0,0.21191390830552503,0.2066394914817717,0.44719738285904886
5113,18.0,0.20280256307641312,0.19818201405310515,0.4167347946467726
5113,19.0,0.2009824698270602,0.19733668671912138,0.3955525171903746
5113,20.0,0.1880789338504821,0.18482054478672752,0.3689560969496513
5113,21.0,0.18082110445950136,0.17795482695257017,0.35111116091320677
5113,22.0,0.1776172823317916,0.17517500944356534,0.33741509064936626
5113,23.0,0.17524862821336668,0.17345326842841555,0.3230858614345837
5113,24.0,0.172512499151944,0.17101537045914195,0.31145161979102487
5113,25.0,0.16984291143432634,0.16873599845197526,0.2975210924305811
5113,26.0,0.16893633046824097,0.16833974832909507,0.28567894914345526
5113,27.0,0.16674610681663307,0.16636694868940086,0.2770674035792991
5113,28.0,0.16491777739340205,0.16482117702144586,0.2668225025453929
5113,29.0,0.16118372669920605,0.161267656075555,0.2565944400039296
5113,30.0,0.15380944923980153,0.15379980682400607,0.24469602948656302
5113,31.0,0.14613556416516338,0.14607109887880065,0.23126112895557724
5113,32.0,0.14249955025173408,0.1427280526144393,0.22247299020199038
5113,33.0,0.13552898597063115,0.1359666716528465,0.21040880473144877
5113,34.0,0.13189852599410884,0.1323769840368283,0.20214215145550987
5113,35.0,0.1299758093619458,0.13056958828329598,0.19750938823514963
5113,36.0,0.12762316836639354,0.1283565835225925,0.19196439528811762
5113,37.0,0.1219292450041374,0.12281058882381894,0.18345608364223157
5113,38.0,0.12030818277364212,0.12130865785958442,0.17924630436630334
5113,39.0,0.11983312048134424,0.12104813868606583,0.17638516339275512
5113,40.0,0.11651680047829144,0.11762494565872557,0.17178522853045913
5113,41.0,0.10979202557133602,0.11084915178104214,0.16407267765256178
5113,42.0,0.10458258332716829,0.10573689132188567,0.15699576849219887
5113,43.0,0.0988791413583641,0.10003064248185639,0.15072337468061864
5113,44.0,0.09551630685703048,0.09663764222188316,0.1470424608724331
5113,45.0,0.0912460076816638,0.09244599200195867,0.14222610264780156
5113,46.0,0.08976643996381688,0.09106664564585336,0.13943162591885902
5113,47.0,0.0896197171869992,0.09099524328374016,0.13824456793560536
5113,48.0,0.0886225139034339,0.09003718210526156,0.1370488908817065
5113,49.0,0.08935173809305702,0.09075731355605553,0.13666527125046762
5113,50.0,0.08577703057180161,0.08712929817988839,0.13272794231246735
5113,51.0,0.08382643451817832,0.08514201174113799,0.1307780092304411
5113,52.0,0.08196369934203762,0.08336723674233457,0.12818248797199172
5113,53.0,0.08059034955564355,0.08209233289561337,0.1275882600600713
5113,54.0,0.07899775818419262,0.08031552667914951,0.1253646634557177
5113,55.0,0.07860467104971314,0.07997338004072038,0.12408292632213075
5113,56.0,0.07691620210162572,0.07829804623456371,0.1222687327375045
5113,57.0,0.07493531925591335,0.07635343339276199,0.12062598013034258
5113,58.0,0.07318988440007626,0.0745382369518123,0.11952896628172863
5113,59.0,0.06858462405562571,0.06989459401599765,0.11750045691921517
5113,60.0,0.06759836475265447,0.06901065523851725,0.11669934400039333
5113,61.0,0.0658302919676845,0.06732676132242787,0.11648469852055637
5113,62.0,0.06620127068290982,0.06776747265566001,0.11715555580844
5113,63.0,0.0647711099692215,0.0663570468057339,0.11539087945503022
5113,64.0,0.0634915121973755,0.06508627634902243,0.11432100574267859
5113,65.0,0.06372198188305832,0.06531957400037133,0.11428201858578331
5113,66.0,0.06199154260437799,0.06353290664888919,0.11339938285915903
5113,67.0,0.05751613392871109,0.05890222762203264,0.11101106411096585
5113,68.0,0.05566234618511909,0.056949692319745185,0.10918164465810642
5113,69.0,0.05225547848914341,0.05344031669402325,0.10660214890329153
5113,70.0,0.05014855559651089,0.05133609588563023,0.10479788155184941
5113,71.0,0.04814047623403362,0.04935682621937494,0.10303038994972931
5113,72.0,0.04691893641559689,0.04805987910400386,0.10276949451910741
5113,73.0,0.047334761586111176,0.048401412313489434,0.10293848490293854
5113,74.0,0.0463862739942524,0.04735244481188836,0.1025658716286745
5113,75.0,0.04353174198878508,0.04434971242672805,0.10108441574847547
5113,76.0,0.040992202704747197,0.04170427504796758,0.099855871845611
5113,77.0,0.039768792122627815,0.04045371848992631,0.09972321715361364
5113,78.0,0.03990075226140305,0.04061741284258539,0.09842921208619745
5113,79.0,0.040122185075751805,0.040841631803479675,0.09812851870678437
5113,80.0,0.03975947429514706,0.04043946758162539,0.09719951666131926
5113,81.0,0.03797273550167439,0.03864899061774208,0.095871729268547
5113,82.0,0.037299217705493805,0.0379412198506207,0.0950686301800491
5113,83.0,0.036023437577883906,0.03661078108730417,0.09353483649939433
5113,84.0,0.03587988244808184,0.03650081341767547,0.09262866725610597
5113,85.0,0.03406323116576879,0.03462278150094577,0.09153162327182815
5113,86.0,0.03389127814143094,0.0344701708405897,0.09057522208493521
5113,87.0,0.03339456087594286,0.03383852758251803,0.0889131300785756
5113,88.0,0.033051676670814906,0.0334478618998759,0.08753464828903969
5113,89.0,0.032574760669105224,0.0329541946954012,0.08684666989146873
5113,90.0,0.03222502425141875,0.0325995789753556,0.08652896455346926
5113,91.0,0.03148096978041155,0.03183354587102259,0.08687808531380076
5113,92.0,0.030689205012248977,0.030992264387313638,0.08705559501437525
5113,93.0,0.030434521715433187,0.03076662075556285,0.08762853632332386
5113,94.0,0.028960425997668068,0.02922014365864858,0.0870235249777703
5113,95.0,0.02731070370523079,0.027437272590848397,0.08604053595022357
5113,96.0,0.026677895098154873,0.026794081583512902,0.08580787836529923
5113,97.0,0.02650128881590925,0.026624613386023187,0.08629852723392405
5113,98.0,0.025535340583411503,0.02557760084110021,0.08567745196611637
5113,99.0,0.024666999521503266,0.02464006690899984,0.08454799545722734
5113,100.0,0.023976151301341453,0.023912534127235208,0.08377150253552577
5114,0.0,2.9066038639870517,5.408116675855963,6.564657815288973
5114,1.0,0.5467905224339322,0.5354098300682647,1.3985081928974143
5114,2.0,0.475217387274316,0.4458414828501459,1.237327853216116
5114,3.0,0.42935063075464186,0.39756241148020505,1.1322833440070468
5114,4.0,0.3903209624044886,0.3584007074271909,1.0439822137083692
5114,5.0,0.37251664491510156,0.3406236717476585,1.0084272909980188
5114,6.0,0.34828856769925753,0.3177431290313573,0.9512804656996786
5114,7.0,0.3207174014087206,0.2928360416294189,0.8819167726002758
5114,8.0,0.29802766911661893,0.2726074237580831,0.8186137689284352
5114,9.0,0.281291929629492,0.25829528824514464,0.7664911277323935
5114,10.0,0.2697250954224759,0.24796086512985294,0.7341298051118783
5114,11.0,0.26282895180537935,0.24232338409348456,0.7120283470362551
5114,12.0,0.2448692720799793,0.225762401885183,0.6657408672281115
5114,13.0,0.23506659483194442,0.21737044542909,0.6358303744547702
5114,14.0,0.22341150103454294,0.20704298276801006,0.6042724198053205
5114,15.0,0.21299015592007428,0.19750056419987572,0.5770769739619459
5114,16.0,0.20299444928771548,0.18803318811265046,0.5519581065265697
5114,17.0,0.19164468817904787,0.17735145883796333,0.5234387139704392
5114,18.0,0.1821692061069916,0.16859344717205577,0.4977431609367062
5114,19.0,0.1719283847839766,0.15901455329407535,0.4701297104682486
5114,20.0,0.16387818953346142,0.15174274876837993,0.4458607301132846
5114,21.0,0.15671613970688444,0.14490495380563406,0.4291151840647614
5114,22.0,0.1508811185495935,0.13964172249536064,0.4118138158241444
5114,23.0,0.14633374745609268,0.13598549175023122,0.39354733247827134
5114,24.0,0.13833553838355991,0.12855818920341253,0.3705608596580407
5114,25.0,0.13068534265268525,0.1211118926397925,0.3518286151582602
5114,26.0,0.12161794829528033,0.11248527869555666,0.32732924281699677
5114,27.0,0.1158607458839251,0.10721695871251793,0.31089127713947706
5114,28.0,0.10950191571961722,0.10125186118777842,0.29374995218927835
5114,29.0,0.10417079690347561,0.096117924846923,0.28021797649897073
5114,30.0,0.09815558156649049,0.09037538787193906,0.26487321213348014
5114,31.0,0.09441487689439226,0.08715298842282916,0.2523588407877042
5114,32.0,0.09042730309421651,0.08351292345085672,0.2416662774983762
5114,33.0,0.085009862553943,0.07846759916693617,0.22707810835845416
5114,34.0,0.08187899173598226,0.07580295606315361,0.2161534661508803
5114,35.0,0.07920929804063738,0.0734839880151623,0.20789189350086573
5114,36.0,0.0782350233190235,0.07271599667954931,0.2045462476432731
5114,37.0,0.07445701903022885,0.06894801892680606,0.19668182182910357
5114,38.0,0.07067248072646713,0.06536597104803393,0.1860892110537896
5114,39.0,0.06616085453072075,0.061061519311990275,0.17455390250926045
5114,40.0,0.06380133003930152,0.058901141658194274,0.16762570582151734
5114,41.0,0.06153176455646679,0.056747451156077044,0.16167273691459755
5114,42.0,0.05917932324830932,0.05451241011250421,0.1556732382873618
5114,43.0,0.05683549313261948,0.05239360610658124,0.14906556914537042
5114,44.0,0.053389204947814635,0.04918345713594215,0.14113121914899
5114,45.0,0.050055424146578126,0.04596815992206269,0.13425832407461427
5114,46.0,0.047513847963350446,0.043509395579080234,0.12892151885771336
5114,47.0,0.04570858051497238,0.04182349178473623,0.1248434256288593
5114,48.0,0.043970121164205324,0.04016379547256065,0.12072306145058344
5114,49.0,0.04247217065369576,0.03879331706554505,0.11734846557592929
5114,50.0,0.04057576239035789,0.037068120992540525,0.11419181994504123
5114,51.0,0.03837235517538528,0.03506984118112448,0.10927255578502311
5114,52.0,0.03588397419273996,0.03279058777593773,0.10512555808797619
5114,53.0,0.03427519937558722,0.03136201482637597,0.10289755843301848
5114,54.0,0.032234146258682504,0.029477513521044996,0.1002004270389807
5114,55.0,0.03105908171352349,0.028380932283765797,0.09860155358029546
5114,56.0,0.029443334328862498,0.026908176119942888,0.09651553786784806
5114,57.0,0.027669672166658416,0.02528815993471925,0.09511790038026209
5114,58.0,0.02613869757757635,0.023895635971882812,0.0941433937200783
5114,59.0,0.02562828957812073,0.023435449481540364,0.09382762957757394
5114,60.0,0.024985816045763685,0.022886468466289923,0.09388638630492731
5114,61.0,0.023663348039049115,0.021653892801992865,0.09407512611254257
5114,62.0,0.022505644628808094,0.02063751072804555,0.09439133573915755
5114,63.0,0.02212424638678006,0.020344285146582514,0.09526988384147823
5114,64.0,0.021204036802462245,0.01949525677789019,0.0950122891604026
5114,65.0,0.020207093385080907,0.01856606870503208,0.09549987050099287
5114,66.0,0.01917085981718787,0.01760883211560974,0.09514734595995644
5114,67.0,0.018435556844615383,0.01695084761664765,0.09542552205945297
5114,68.0,0.01805095138301158,0.016623489291494667,0.09617276017353707
5114,69.0,0.017915089627793677,0.01652057627682336,0.09738502472254426
5114,70.0,0.01768520919609737,0.016362643526228914,0.09784424706783987
5114,71.0,0.017384688580576714,0.01606722482703221,0.09796993110235104
5114,72.0,0.017115729364420296,0.01581810600469531,0.09829653221220447
5114,73.0,0.016901524784340188,0.015590471040609474,0.09833439847206499
5114,74.0,0.017064007472068418,0.015721920283513883,0.10008215229381028
5114,75.0,0.017099759961324887,0.015758167849705938,0.10144288926546066
5114,76.0,0.0170387051278651,0.015699625448926016,0.10218155992812149
5114,77.0,0.01665957434830144,0.015382846220041659,0.10173303699946365
5114,78.0,0.016570517673379307,0.0153136883845381,0.10157264908190612
5114,79.0,0.016348834556233455,0.015179096199052916,0.1019777053133818
5114,80.0,0.01625329173400178,0.015181156923068399,0.10279584085582694
5114,81.0,0.01649982895254184,0.01562810626979175,0.10345553418693733
5114,82.0,0.01633946579822272,0.015415085308938285,0.10422518370518273
5114,83.0,0.016239212623924748,0.015356760447736633,0.10326567392716558
5114,84.0,0.016241433279485042,0.015436775005360571,0.10223991507754773
5114,85.0,0.016323584072191,0.015461112989373001,0.1035476837109173
5114,86.0,0.016249940906234626,0.015259723029525997,0.1050956489290029
5114,87.0,0.016397030763923275,0.01526873162850538,0.10698753898610877
5114,88.0,0.01661112150080967,0.015447239827348696,0.10830956501408273
5114,89.0,0.0168025749247766,0.015616138461779415,0.1095391078632587
5114,90.0,0.01692353149254596,0.015780630967139917,0.11049968576605357
5114,91.0,0.017014637107377672,0.015848980935427068,0.11101932341268718
5114,92.0,0.01726904871002371,0.016057793631823546,0.11212415444345818
5114,93.0,0.017536023080295414,0.016268529083792112,0.11277659358731948
5114,94.0,0.018008926582865507,0.01671285904184346,0.11452536338715054
5114,95.0,0.01840345675996112,0.017093128672494167,0.11614833549776972
5114,96.0,0.018571616770332776,0.01725245321611633,0.11711880872984863
5114,97.0,0.018571216459819222,0.01724695381599002,0.11721195793908627
5114,98.0,0.018924172358648593,0.017589743000836443,0.11790163819577995
5114,99.0,0.018756832777393137,0.017424474216847518,0.11772063207628815
5114,100.0,0.018756966849517206,0.01741180765270125,0.11753417898691552
5115,0.0,2.9066038639870517,5.408116675855963,6.564657815288973
5115,1.0,0.6551331740764919,0.6411337557352929,1.602770503417169
5115,2.0,0.5627250766378349,0.5304352929524161,1.4006673380698609
5115,3.0,0.5013274882999624,0.46931786821681337,1.2467026081388524
5115,4.0,0.447566288461584,0.41831155315067303,1.1248038658403994
5115,5.0,0.398886849113737,0.37121068761289544,1.0236656407236449
5115,6.0,0.36804295076445487,0.3441563301348082,0.929562596449983
5115,7.0,0.3368580675405423,0.3150144883278906,0.85695979199021
5115,8.0,0.3119691245215894,0.29362761981175317,0.7841013089173678
5115,9.0,0.28933590404806736,0.27350421428872335,0.7212042708981276
5115,10.0,0.27701406772800974,0.2626621344207972,0.6755975340086086
5115,11.0,0.26020993137526266,0.24834688130339783,0.6122583486225863
5115,12.0,0.24722011858705908,0.23717466270563614,0.5647159044171525
5115,13.0,0.2281474301358688,0.21908538124725094,0.5159481620120239
5115,14.0,0.2072879019435953,0.19932424042268124,0.4656339473642429
5115,15.0,0.1961246794343966,0.18939965570573158,0.4334500277887166
5115,16.0,0.18044946131215361,0.17460150029174132,0.3974927656018568
5115,17.0,0.17396509755109493,0.16900064108198465,0.3722130957260185
5115,18.0,0.16430632353418995,0.15931241601433388,0.346879606272419
5115,19.0,0.14770124872031018,0.14263430181682724,0.3161939618241138
5115,20.0,0.14159938028190333,0.1370790867218414,0.29586026253880604
5115,21.0,0.1293800456310516,0.12477668392961404,0.27143548493968345
5115,22.0,0.11929852236281652,0.114960817644505,0.24722612143935216
5115,23.0,0.11254060332801337,0.10833433592614873,0.22984790871916824
5115,24.0,0.10832465685252626,0.10438591612585497,0.21777950161914672
5115,25.0,0.10299173611228951,0.09911182764975758,0.20667219195488257
5115,26.0,0.09900846180377526,0.09538360453763878,0.19596866123543485
5115,27.0,0.09272179583456439,0.08916185470597685,0.18530316821637044
5115,28.0,0.08737159336016151,0.08401359756041869,0.17477110413010397
5115,29.0,0.08440335861372383,0.08132039667384086,0.16698416800539442
5115,30.0,0.07551960610745896,0.07243473562776728,0.15632885721313056
5115,31.0,0.07203443394327665,0.06910606464411183,0.15116643766251875
5115,32.0,0.06897287693975801,0.06616687818016792,0.14565949431520658
5115,33.0,0.06468209849442302,0.06201135015415027,0.13909653969953797
5115,34.0,0.0541936728700156,0.05126319496471159,0.12950402841672157
5115,35.0,0.05063994961145199,0.047715815570703354,0.12543057599196242
5115,36.0,0.0449362865570411,0.04198430650628533,0.11980949841900633
5115,37.0,0.04077300061024811,0.03789631931286088,0.11625462346405077
5115,38.0,0.0381155310848896,0.03531992789069518,0.11361319235452057
5115,39.0,0.03705649102317724,0.03426967980272807,0.11147792895924707
5115,40.0,0.035740603329037175,0.033157224712184505,0.10925312410284065
5115,41.0,0.03355240256990771,0.031205020843199253,0.10766489260790112
5115,42.0,0.03324146319437241,0.03102065411326059,0.10696711284008918
5115,43.0,0.03249782430311579,0.030290857863859644,0.10572031356001622
5115,44.0,0.031266091335630034,0.02902235854673423,0.10597989949672153
5115,45.0,0.030105159366755424,0.028007910067254796,0.10439295726396859
5115,46.0,0.02889242353907935,0.02677994242982977,0.10484203499271094
5115,47.0,0.027964218716738588,0.02588891856087104,0.10515942773198597
5115,48.0,0.027005338072344814,0.024926472245956274,0.10392609790633392
5115,49.0,0.026150695770535543,0.024096849206654822,0.10249147366187937
5115,50.0,0.02560352396594081,0.023584843162076877,0.10112055702615767
5115,51.0,0.024767113573741985,0.02279860845695122,0.10085991127614868
5115,52.0,0.02399603071643171,0.022109469118852542,0.10073526901526182
5115,53.0,0.023711019754501232,0.021897553323049844,0.10158663968373395
5115,54.0,0.023139822569164463,0.021429846768631845,0.10093362639578704
5115,55.0,0.02300371611882031,0.021390859744686967,0.10000999450237942
5115,56.0,0.02346596520738848,0.02194135862189965,0.09899326532612818
5115,57.0,0.023528722534984146,0.022015621402050465,0.09750043891496997
5115,58.0,0.023558829486833608,0.02213885899932388,0.09730806714530699
5115,59.0,0.023674429349938474,0.022317013195045907,0.0968098720551137
5115,60.0,0.023156006139204814,0.021863926796288635,0.09562102255414645
5115,61.0,0.0234245656996713,0.022247232974280558,0.09606319665860957
5115,62.0,0.024521098953469374,0.023541357646395217,0.09793706883992653
5115,63.0,0.02460211595379117,0.023639556961405617,0.09775605840278714
5115,64.0,0.024502496509071336,0.023580472583194755,0.09702583741592738
5115,65.0,0.024606464032110607,0.023726524396065717,0.09707147926271607
5115,66.0,0.024004870535258523,0.02311901380688741,0.09611701735141245
5115,67.0,0.025062507069516963,0.02423050842060075,0.095976247932029
5115,68.0,0.02622761557943708,0.02543021444565694,0.09662937780452968
5115,69.0,0.026420300045460438,0.025612544677107486,0.09587949842559282
5115,70.0,0.024909169443321527,0.024034005892253154,0.09426194574351705
5115,71.0,0.026081619173350928,0.025228677905082042,0.09553496792296991
5115,72.0,0.026169186773526937,0.02527609386770167,0.09644994449668884
5115,73.0,0.02674606121816607,0.025901628142929137,0.09759281016396637
5115,74.0,0.027410932464321355,0.026581384097687042,0.09856151085659852
5115,75.0,0.026742365058116176,0.025821592160536932,0.09854563061340978
5115,76.0,0.027522066256843017,0.026670442724732728,0.09873072134827508
5115,77.0,0.026283001012025256,0.025403352356326844,0.0997783180460523
5115,78.0,0.024822717802581242,0.02386302181925655,0.09937020668409714
5115,79.0,0.02366058592684432,0.022669294457165645,0.09845513461944488
5115,80.0,0.022741052345400206,0.021726541399096702,0.09849822053039074
5115,81.0,0.02301821987716278,0.021991633296332348,0.09951945664997369
5115,82.0,0.022192055126751594,0.021150308716558618,0.0988802473530181
5115,83.0,0.02133375372234229,0.020289329026289358,0.09814173846830823
5115,84.0,0.021589631777998778,0.020563395286977173,0.09793714339766582
5115,85.0,0.021290528064715566,0.020275781731474356,0.09725313658738614
5115,86.0,0.021986782364634583,0.021005071100549708,0.09699200469336057
5115,87.0,0.02182423070743874,0.020894436534104985,0.09620963395558411
5115,88.0,0.021378369685920946,0.020416925121348947,0.09582737592095955
5115,89.0,0.02162233825433341,0.020685771157811114,0.09453974631801206
5115,90.0,0.021582485953878666,0.020654583497431753,0.0933870252267401
5115,91.0,0.021731109351691053,0.02083906452561787,0.09292294791224145
5115,92.0,0.02161750748019169,0.020750173431579606,0.0922753048259696
5115,93.0,0.021517242245907373,0.02063453486317807,0.09159840677692743
5115,94.0,0.021241230323509865,0.02035063218627011,0.09087493260365105
5115,95.0,0.020791938273642185,0.019922829909974824,0.09123775294478007
5115,96.0,0.021106522779469238,0.02029160402887812,0.09160216644006526
5115,97.0,0.020288009583596802,0.019434950988810772,0.09177444715767118
5115,98.0,0.02012584578266544,0.01923084265226656,0.09176020180360549
5115,99.0,0.01938828459167464,0.01848236138326662,0.09097474084094669
5115,100.0,0.01958567571830091,0.018721596633576452,0.09151382554172667
