method,target_type,seed,t,x_bin_center,conditional_l2_y,conditional_kl_y,n_samples_in_bin
abf_only,none,0,100.0,-1.5,0.3104952211748404,0.1009649887075679,30
abf_only,none,0,100.0,-0.5,0.4676243677295824,0.4513620194487991,24
abf_only,none,0,100.0,0.0,0.4348173459522851,0.5438070144606602,16
abf_only,none,0,100.0,0.5,0.6051734832528755,0.3945227311370862,14
abf_only,none,0,100.0,1.5,0.1918613289448457,0.0356358380371713,21
abf_only,none,1,100.0,-1.5,0.3753387719915055,0.1093917478981155,25
abf_only,none,1,100.0,-0.5,0.7223253616051675,0.8092468068527247,16
abf_only,none,1,100.0,0.0,0.554397310253981,0.3976163236852579,14
abf_only,none,1,100.0,0.5,0.4154179542924074,0.2971167356073636,19
abf_only,none,1,100.0,1.5,0.4416365443226494,0.1144371821010041,18
abf_only,none,2,100.0,-1.5,0.3838260559517943,0.1101049246873356,24
abf_only,none,2,100.0,-0.5,0.6215561205875146,0.659956645526257,17
abf_only,none,2,100.0,0.0,0.2548272924752015,0.1944995415419118,21
abf_only,none,2,100.0,0.5,0.5242282844346706,0.4287883296745259,21
abf_only,none,2,100.0,1.5,0.3509164770145379,0.0976200361849439,20
abf_only,none,3,100.0,-1.5,0.4523593307334695,0.1630307947834715,21
abf_only,none,3,100.0,-0.5,0.5277160880708704,0.3894397871427766,24
abf_only,none,3,100.0,0.0,0.873305572847338,0.5413394402619857,16
abf_only,none,3,100.0,0.5,0.5743155605763749,0.4780620821143799,17
abf_only,none,3,100.0,1.5,0.8817130629868136,0.4128115303503694,17
abf_only,none,4,100.0,-1.5,0.3500955970562227,0.1136247747118438,21
abf_only,none,4,100.0,-0.5,0.9015566928802236,1.084982269568996,17
abf_only,none,4,100.0,0.0,0.4503377871285419,0.460253123967988,16
abf_only,none,4,100.0,0.5,0.6010531962498503,0.6598473993319468,17
abf_only,none,4,100.0,1.5,0.3634266372600434,0.078569638696608,21
abf_only,none,5,100.0,-1.5,0.5675567399461664,0.1521498570868709,26
abf_only,none,5,100.0,-0.5,0.4747907785194488,0.5932525459108255,20
abf_only,none,5,100.0,0.0,0.4164728051845817,0.5427925578348971,13
abf_only,none,5,100.0,0.5,0.7309942566732479,0.7793111120329663,15
abf_only,none,5,100.0,1.5,0.9436414976705728,0.4771005259564956,16
abf_only,none,6,100.0,-1.5,0.5678983958199734,0.329640054789091,21
abf_only,none,6,100.0,-0.5,0.423854878588348,0.319292693912312,20
abf_only,none,6,100.0,0.0,0.4986817044627848,0.4587153501029848,15
abf_only,none,6,100.0,0.5,0.4320518811805717,0.3324527558338565,19
abf_only,none,6,100.0,1.5,0.5609896277816364,0.1572069230321913,26
abf_only,none,7,100.0,-1.5,0.2762931711060857,0.0694306788086199,21
abf_only,none,7,100.0,-0.5,0.8465041908032556,0.6200554436774443,14
abf_only,none,7,100.0,0.0,0.8498015685716721,0.6168451375080092,14
abf_only,none,7,100.0,0.5,0.5226493813247528,0.5147179786631179,14
abf_only,none,7,100.0,1.5,0.5408971419027302,0.3501827093837567,19
abf_fr_physical,physical,0,100.0,-1.5,0.4942224215701151,0.1478847831122775,33
abf_fr_physical,physical,0,100.0,-0.5,0.4758608880831668,0.4690880552979694,26
abf_fr_physical,physical,0,100.0,0.0,0.6496616261389608,0.4580966642854588,16
abf_fr_physical,physical,0,100.0,0.5,0.6212043552293802,0.3639177636144605,13
abf_fr_physical,physical,0,100.0,1.5,0.3516879534456543,0.0990598676876596,18
abf_fr_physical,physical,1,100.0,-1.5,0.3299636237248801,0.085640394522572,27
abf_fr_physical,physical,1,100.0,-0.5,0.7331634436475367,0.8705168880671376,20
abf_fr_physical,physical,1,100.0,0.0,0.8774581082599952,1.007618416868023,14
abf_fr_physical,physical,1,100.0,0.5,0.4807579816146441,0.4488613121766245,19
abf_fr_physical,physical,1,100.0,1.5,0.4263220721054094,0.0948931063179505,13
abf_fr_physical,physical,2,100.0,-1.5,0.3492377485858038,0.1024232289641292,25
abf_fr_physical,physical,2,100.0,-0.5,0.6602580995394792,0.6774335593567391,20
abf_fr_physical,physical,2,100.0,0.0,0.4082613170621684,0.1745077949554281,20
abf_fr_physical,physical,2,100.0,0.5,0.4573646339309452,0.399474622740152,22
abf_fr_physical,physical,2,100.0,1.5,0.3171815133871267,0.0906138546662403,18
abf_fr_physical,physical,3,100.0,-1.5,0.3456608143156925,0.1369541855653823,20
abf_fr_physical,physical,3,100.0,-0.5,0.5742690584282728,0.4881499865497858,29
abf_fr_physical,physical,3,100.0,0.0,1.030570105010545,0.6204069795147737,14
abf_fr_physical,physical,3,100.0,0.5,0.4916228775686815,0.4066522553052727,18
abf_fr_physical,physical,3,100.0,1.5,0.8894473141552326,0.4077672973056665,19
abf_fr_physical,physical,4,100.0,-1.5,0.4728910197690028,0.2170058533954324,19
abf_fr_physical,physical,4,100.0,-0.5,0.8600409925158605,0.9591666347210236,20
abf_fr_physical,physical,4,100.0,0.0,0.5282558286560445,0.5200229876480311,16
abf_fr_physical,physical,4,100.0,0.5,0.5570939502032908,0.6499903763350081,16
abf_fr_physical,physical,4,100.0,1.5,0.3429257433418041,0.0915508708018639,23
abf_fr_physical,physical,5,100.0,-1.5,0.4602131634683615,0.1012688495563369,26
abf_fr_physical,physical,5,100.0,-0.5,0.456990648226273,0.5438860906399102,21
abf_fr_physical,physical,5,100.0,0.0,0.6164724507358134,0.6115315311358058,13
abf_fr_physical,physical,5,100.0,0.5,0.7495546770580822,0.8373153005891051,17
abf_fr_physical,physical,5,100.0,1.5,0.9963654824221372,0.4898284031201105,17
abf_fr_physical,physical,6,100.0,-1.5,0.5733606202084437,0.3402888891168628,20
abf_fr_physical,physical,6,100.0,-0.5,0.5506801995071501,0.4657706401456779,20
abf_fr_physical,physical,6,100.0,0.0,0.5394585829669786,0.5682716697998783,17
abf_fr_physical,physical,6,100.0,0.5,0.5273456379659661,0.4245109692967396,16
abf_fr_physical,physical,6,100.0,1.5,0.5609896277816364,0.1572069230321913,26
abf_fr_physical,physical,7,100.0,-1.5,0.4366215530899344,0.1014797998125501,20
abf_fr_physical,physical,7,100.0,-0.5,0.7929389975926856,0.6222977235414048,16
abf_fr_physical,physical,7,100.0,0.0,0.8492016999938684,0.7346388875088855,15
abf_fr_physical,physical,7,100.0,0.5,0.5192116541778262,0.4103362437969519,18
abf_fr_physical,physical,7,100.0,1.5,0.5116762836713625,0.3204224584954976,21
abf_fr_physical,physical,0,100.0,-1.5,0.5787905153436592,0.212002005785534,33
abf_fr_physical,physical,0,100.0,-0.5,0.4169534460914498,0.4499422584283204,28
abf_fr_physical,physical,0,100.0,0.0,0.5862214179017136,0.4615340732324338,15
abf_fr_physical,physical,0,100.0,0.5,0.6379043273341717,0.2998891090315558,11
abf_fr_physical,physical,0,100.0,1.5,0.3071033847164883,0.057228247830934,20
abf_fr_physical,physical,1,100.0,-1.5,0.3315319914862915,0.0799400673074296,29
abf_fr_physical,physical,1,100.0,-0.5,0.6671226323517458,0.7394588623687579,21
abf_fr_physical,physical,1,100.0,0.0,0.6948896101460514,0.7269330794522609,16
abf_fr_physical,physical,1,100.0,0.5,0.5642421996332722,0.4584352470518604,15
abf_fr_physical,physical,1,100.0,1.5,0.5899088445517162,0.1893477608482883,19
abf_fr_physical,physical,2,100.0,-1.5,0.4644095013325829,0.1502336301174619,28
abf_fr_physical,physical,2,100.0,-0.5,0.6517648846021399,0.6224579016546952,19
abf_fr_physical,physical,2,100.0,0.0,0.2158706628518241,0.1493713057543923,19
abf_fr_physical,physical,2,100.0,0.5,0.5196666226069163,0.5117865491567004,16
abf_fr_physical,physical,2,100.0,1.5,0.3913641999930851,0.1026617683843551,17
abf_fr_physical,physical,3,100.0,-1.5,0.2880684081311614,0.1002432104782917,18
abf_fr_physical,physical,3,100.0,-0.5,0.6664297130622637,0.5204869741385634,23
abf_fr_physical,physical,3,100.0,0.0,0.8489771655130554,0.5737826435186656,13
abf_fr_physical,physical,3,100.0,0.5,0.6183968981282554,0.3525303194445401,17
abf_fr_physical,physical,3,100.0,1.5,0.7245074691609816,0.2033820302428703,20
abf_fr_physical,physical,4,100.0,-1.5,0.3701042931052461,0.1486649455613518,23
abf_fr_physical,physical,4,100.0,-0.5,0.7837609213173153,0.90319650331504,15
abf_fr_physical,physical,4,100.0,0.0,0.6052245884895487,0.3146149732366818,15
abf_fr_physical,physical,4,100.0,0.5,0.4974072491763557,0.5233727819120788,18
abf_fr_physical,physical,4,100.0,1.5,0.324638839479063,0.065573363835698,21
abf_fr_physical,physical,5,100.0,-1.5,0.5469008103433932,0.1439064633331159,25
abf_fr_physical,physical,5,100.0,-0.5,0.3909171735905786,0.4314527990979558,22
abf_fr_physical,physical,5,100.0,0.0,0.4602877524058451,0.5448624395292725,12
abf_fr_physical,physical,5,100.0,0.5,0.7489665533959583,0.7119259145835717,17
abf_fr_physical,physical,5,100.0,1.5,1.045874211142195,0.5252673165112398,15
abf_fr_physical,physical,6,100.0,-1.5,0.6626444007621911,0.3667082562689659,21
abf_fr_physical,physical,6,100.0,-0.5,0.5534945456271592,0.3421447012987537,21
abf_fr_physical,physical,6,100.0,0.0,0.5584982622677683,0.6068704324929497,18
abf_fr_physical,physical,6,100.0,0.5,0.6116794987011991,0.4699757360302898,14
abf_fr_physical,physical,6,100.0,1.5,0.4018309542051121,0.1271457667671383,28
abf_fr_physical,physical,7,100.0,-1.5,0.4004564230348286,0.1065533289639787,19
abf_fr_physical,physical,7,100.0,-0.5,0.84713542425437,0.7216256041785312,16
abf_fr_physical,physical,7,100.0,0.0,0.880928976931748,0.634485912133103,13
abf_fr_physical,physical,7,100.0,0.5,0.5525509898194885,0.3730843026068795,20
abf_fr_physical,physical,7,100.0,1.5,0.5322559165034304,0.2876953799018608,20
abf_fr_physical,physical,0,100.0,-1.5,0.3660985746439781,0.0730511612060967,37
abf_fr_physical,physical,0,100.0,-0.5,0.4233180335568715,0.4109504692514258,28
abf_fr_physical,physical,0,100.0,0.0,0.5085730370430389,0.4482209152632321,15
abf_fr_physical,physical,0,100.0,0.5,0.5202255580074682,0.2082008699331797,15
abf_fr_physical,physical,0,100.0,1.5,0.471009050428634,0.179532144320562,19
abf_fr_physical,physical,1,100.0,-1.5,0.3610276880225944,0.1058598239506858,23
abf_fr_physical,physical,1,100.0,-0.5,0.6172954067953704,0.6904519699615751,24
abf_fr_physical,physical,1,100.0,0.0,0.3657840372240596,0.2571949969664662,21
abf_fr_physical,physical,1,100.0,0.5,0.4399710039015204,0.4332162708252451,17
abf_fr_physical,physical,1,100.0,1.5,0.6378166539597726,0.251403867193235,13
abf_fr_physical,physical,2,100.0,-1.5,0.2819401671336458,0.0663111152620147,24
abf_fr_physical,physical,2,100.0,-0.5,0.6545671335508908,0.5537497983735947,23
abf_fr_physical,physical,2,100.0,0.0,0.2794318686369587,0.1390198727100556,21
abf_fr_physical,physical,2,100.0,0.5,0.6639556571359808,0.6938027073935646,20
abf_fr_physical,physical,2,100.0,1.5,0.5562864666238247,0.1374229324680536,19
abf_fr_physical,physical,3,100.0,-1.5,0.4037715320314021,0.1529279460257113,20
abf_fr_physical,physical,3,100.0,-0.5,0.3790550930602664,0.3384099369369744,26
abf_fr_physical,physical,3,100.0,0.0,0.8440969439423671,0.4814298380441318,14
abf_fr_physical,physical,3,100.0,0.5,0.3880513849555599,0.3458544634896882,18
abf_fr_physical,physical,3,100.0,1.5,0.8479295276466248,0.3887199133369202,17
abf_fr_physical,physical,4,100.0,-1.5,0.454568270550646,0.1892531468313382,20
abf_fr_physical,physical,4,100.0,-0.5,0.6179417705452058,0.5802259031789447,19
abf_fr_physical,physical,4,100.0,0.0,0.4528540685667582,0.2345116831266339,23
abf_fr_physical,physical,4,100.0,0.5,0.6524198669712866,0.6882367380328194,16
abf_fr_physical,physical,4,100.0,1.5,0.4816743913309769,0.0959683579340193,24
abf_fr_physical,physical,5,100.0,-1.5,0.5173228669404598,0.1482890048716631,26
abf_fr_physical,physical,5,100.0,-0.5,0.4173189507616865,0.4463886514506396,23
abf_fr_physical,physical,5,100.0,0.0,0.4363983600459736,0.6361177119943577,11
abf_fr_physical,physical,5,100.0,0.5,0.9063246467379488,1.095122723823921,15
abf_fr_physical,physical,5,100.0,1.5,0.9436414976705728,0.4771005259564956,16
abf_fr_physical,physical,6,100.0,-1.5,0.5197469047846975,0.3222128756075,20
abf_fr_physical,physical,6,100.0,-0.5,0.5495233147907432,0.4335913112059262,23
abf_fr_physical,physical,6,100.0,0.0,0.6259891912486858,0.7271764649085639,18
abf_fr_physical,physical,6,100.0,0.5,0.7224856055807087,0.5976973313167524,16
abf_fr_physical,physical,6,100.0,1.5,0.6541667831171109,0.2055407286231833,22
abf_fr_physical,physical,7,100.0,-1.5,0.3291900587411077,0.1107808674130538,16
abf_fr_physical,physical,7,100.0,-0.5,0.5358283035203641,0.536262974643043,15
abf_fr_physical,physical,7,100.0,0.0,0.809004318501345,0.4098078992865464,15
abf_fr_physical,physical,7,100.0,0.5,0.5902973329882146,0.433521102806304,19
abf_fr_physical,physical,7,100.0,1.5,0.5453471445135124,0.343323996029449,16
abf_fr_physical,physical,0,100.0,-1.5,0.2854893903083043,0.0539661934380087,30
abf_fr_physical,physical,0,100.0,-0.5,0.4798377022238629,0.5124464502469697,24
abf_fr_physical,physical,0,100.0,0.0,0.8459972434265975,0.6981994850789192,20
abf_fr_physical,physical,0,100.0,0.5,0.5353720926817456,0.3190183949100375,14
abf_fr_physical,physical,0,100.0,1.5,0.3098551078980602,0.0765603174035945,19
abf_fr_physical,physical,1,100.0,-1.5,0.2708104515069663,0.0725207382174299,24
abf_fr_physical,physical,1,100.0,-0.5,0.6444786061741886,0.6642408745936483,18
abf_fr_physical,physical,1,100.0,0.0,0.4774417867481622,0.2199729010272963,11
abf_fr_physical,physical,1,100.0,0.5,0.6388420789686164,0.4159043558636809,18
abf_fr_physical,physical,1,100.0,1.5,0.6788603509661747,0.2261615502519458,24
abf_fr_physical,physical,2,100.0,-1.5,0.5893900936691342,0.2283777268959831,24
abf_fr_physical,physical,2,100.0,-0.5,0.6857559653452694,0.7052768510348545,19
abf_fr_physical,physical,2,100.0,0.0,0.3595115224706439,0.16477000916289,21
abf_fr_physical,physical,2,100.0,0.5,0.4889195715288164,0.6580099011450937,19
abf_fr_physical,physical,2,100.0,1.5,0.2416757698672806,0.0813072098694713,18
abf_fr_physical,physical,3,100.0,-1.5,0.5415949160177299,0.1738907901658944,21
abf_fr_physical,physical,3,100.0,-0.5,0.6051929488872809,0.4073950295028567,25
abf_fr_physical,physical,3,100.0,0.0,0.7739321907726574,0.4435288616827436,15
abf_fr_physical,physical,3,100.0,0.5,0.6078099248492247,0.5138853215808299,20
abf_fr_physical,physical,3,100.0,1.5,0.7884723605162242,0.2731747262866499,20
abf_fr_physical,physical,4,100.0,-1.5,0.4249616809588198,0.1194350139497245,22
abf_fr_physical,physical,4,100.0,-0.5,0.8032659949527069,0.872884844219312,22
abf_fr_physical,physical,4,100.0,0.0,0.4775215173988759,0.4193813676201293,17
abf_fr_physical,physical,4,100.0,0.5,0.6192441245618097,0.7089432760695821,16
abf_fr_physical,physical,4,100.0,1.5,0.3490847625445887,0.0652148501073147,20
abf_fr_physical,physical,5,100.0,-1.5,0.4011344198288024,0.080360153320307,23
abf_fr_physical,physical,5,100.0,-0.5,0.4476735238583323,0.5593769681392897,21
abf_fr_physical,physical,5,100.0,0.0,0.3023004349247744,0.2232599705626465,13
abf_fr_physical,physical,5,100.0,0.5,0.7693552746901924,0.8216575516138368,14
abf_fr_physical,physical,5,100.0,1.5,1.0461928630512476,0.5034370626472691,18
abf_fr_physical,physical,6,100.0,-1.5,0.6106069452563303,0.3147637032410474,25
abf_fr_physical,physical,6,100.0,-0.5,0.5452217757548394,0.397467949152338,20
abf_fr_physical,physical,6,100.0,0.0,0.4569062872076986,0.448600828997404,14
abf_fr_physical,physical,6,100.0,0.5,0.5063488332433117,0.3118060758734352,20
abf_fr_physical,physical,6,100.0,1.5,0.4089267575135962,0.1128797962011518,25
abf_fr_physical,physical,7,100.0,-1.5,0.3386936227535647,0.1030573582058776,21
abf_fr_physical,physical,7,100.0,-0.5,0.7358170116147331,0.6249844331174336,18
abf_fr_physical,physical,7,100.0,0.0,,,8
abf_fr_physical,physical,7,100.0,0.5,0.6499406009705682,0.6074813036475145,18
abf_fr_physical,physical,7,100.0,1.5,0.512319382113808,0.3291015710587365,17
abf_fr_physical,physical,0,100.0,-1.5,0.3054542053733007,0.0615639938515236,33
abf_fr_physical,physical,0,100.0,-0.5,0.5776457396540514,0.6256869193669087,26
abf_fr_physical,physical,0,100.0,0.0,0.617102776651325,0.5117483893218587,19
abf_fr_physical,physical,0,100.0,0.5,0.3844868657480756,0.2534619223484753,16
abf_fr_physical,physical,0,100.0,1.5,0.2604301490035976,0.1100900194785526,20
abf_fr_physical,physical,1,100.0,-1.5,0.2823880766303832,0.0733644979200718,24
abf_fr_physical,physical,1,100.0,-0.5,0.4794328452447491,0.4220145476646728,19
abf_fr_physical,physical,1,100.0,0.0,0.6869471783310451,0.2758712317863087,12
abf_fr_physical,physical,1,100.0,0.5,0.5244173871422675,0.5034106053109245,18
abf_fr_physical,physical,1,100.0,1.5,0.4465239231091293,0.1209882718368871,27
abf_fr_physical,physical,2,100.0,-1.5,0.270068270996812,0.0924721010638471,24
abf_fr_physical,physical,2,100.0,-0.5,0.497721426440474,0.4143493006523833,19
abf_fr_physical,physical,2,100.0,0.0,0.3055426387022101,0.1491231084772985,23
abf_fr_physical,physical,2,100.0,0.5,0.6175211028102462,0.6231470102090035,18
abf_fr_physical,physical,2,100.0,1.5,0.2982640255081835,0.0904490515072719,20
abf_fr_physical,physical,3,100.0,-1.5,0.3162042564253577,0.134520753422371,21
abf_fr_physical,physical,3,100.0,-0.5,0.4054005899607789,0.2822026558469683,27
abf_fr_physical,physical,3,100.0,0.0,0.7752917972496849,0.3431980559073764,16
abf_fr_physical,physical,3,100.0,0.5,0.4188877974721784,0.3800033958973517,21
abf_fr_physical,physical,3,100.0,1.5,0.8711438666659798,0.4263778070071691,18
abf_fr_physical,physical,4,100.0,-1.5,0.311927383083694,0.1102134480905432,27
abf_fr_physical,physical,4,100.0,-0.5,0.8223864883225678,1.0937742495371774,19
abf_fr_physical,physical,4,100.0,0.0,0.3344010369513365,0.280656769640504,16
abf_fr_physical,physical,4,100.0,0.5,0.5667680210600561,0.5405925996980084,19
abf_fr_physical,physical,4,100.0,1.5,0.390340700953118,0.1215389031672928,20
abf_fr_physical,physical,5,100.0,-1.5,0.4534140095316999,0.1082094464011142,27
abf_fr_physical,physical,5,100.0,-0.5,0.4371122232091928,0.4838818770658316,19
abf_fr_physical,physical,5,100.0,0.0,0.381544308089972,0.5011490109500311,14
abf_fr_physical,physical,5,100.0,0.5,0.7178566767658566,0.7233789767171519,14
abf_fr_physical,physical,5,100.0,1.5,0.745956931079658,0.4310101236568309,14
abf_fr_physical,physical,6,100.0,-1.5,0.4799753904897735,0.2581046026007245,27
abf_fr_physical,physical,6,100.0,-0.5,0.6151634832199192,0.4023470829546686,17
abf_fr_physical,physical,6,100.0,0.0,0.5190260793952401,0.6271499509151343,19
abf_fr_physical,physical,6,100.0,0.5,0.6275591688591017,0.5840356242181619,16
abf_fr_physical,physical,6,100.0,1.5,0.5202429705274559,0.1360219003943766,27
abf_fr_physical,physical,7,100.0,-1.5,0.3313906666994538,0.0827638543617944,19
abf_fr_physical,physical,7,100.0,-0.5,0.7207064918761076,0.6420248076045962,14
abf_fr_physical,physical,7,100.0,0.0,0.8038251741410641,0.6106909439075066,15
abf_fr_physical,physical,7,100.0,0.5,0.641579896108307,0.5992763944198674,17
abf_fr_physical,physical,7,100.0,1.5,0.5749527595804217,0.2944587224291038,16
abf_fr_physical,physical,0,100.0,-1.5,0.2645794733317961,0.0518777592288484,32
abf_fr_physical,physical,0,100.0,-0.5,0.3547959963022488,0.2606857583070573,29
abf_fr_physical,physical,0,100.0,0.0,0.4715956293871137,0.4618781573237389,17
abf_fr_physical,physical,0,100.0,0.5,0.737475142982448,0.4296203568078907,13
abf_fr_physical,physical,0,100.0,1.5,0.3545753695571684,0.0794976434023781,16
abf_fr_physical,physical,1,100.0,-1.5,0.5037265727821317,0.1519144243530963,21
abf_fr_physical,physical,1,100.0,-0.5,0.6401944829058333,0.7064506602064937,23
abf_fr_physical,physical,1,100.0,0.0,0.5310729766080035,0.3552901758243947,16
abf_fr_physical,physical,1,100.0,0.5,0.7683845301466099,0.6246691169259435,18
abf_fr_physical,physical,1,100.0,1.5,0.6053795401427817,0.2658297071788126,19
abf_fr_physical,physical,2,100.0,-1.5,0.3789355000493334,0.119475185638231,24
abf_fr_physical,physical,2,100.0,-0.5,0.578048552474792,0.5049454902705898,20
abf_fr_physical,physical,2,100.0,0.0,0.6361684482792564,0.2670545530040328,24
abf_fr_physical,physical,2,100.0,0.5,0.5288503183548855,0.5168370584688216,20
abf_fr_physical,physical,2,100.0,1.5,0.4105663628883204,0.1016499524562141,21
abf_fr_physical,physical,3,100.0,-1.5,0.4392826557781918,0.1552919077514314,21
abf_fr_physical,physical,3,100.0,-0.5,0.2543299999156001,0.2298436550448412,29
abf_fr_physical,physical,3,100.0,0.0,0.6082247012391397,0.3910359818292922,12
abf_fr_physical,physical,3,100.0,0.5,0.5198126387242731,0.3840688491822442,17
abf_fr_physical,physical,3,100.0,1.5,0.3678121335132726,0.0940276954902173,16
abf_fr_physical,physical,4,100.0,-1.5,0.4069875458487631,0.1763890055218264,23
abf_fr_physical,physical,4,100.0,-0.5,0.6786154162281908,0.6790836681711512,26
abf_fr_physical,physical,4,100.0,0.0,0.418402176269135,0.3051981943506352,24
abf_fr_physical,physical,4,100.0,0.5,0.6541689302874183,0.6912309097896862,12
abf_fr_physical,physical,4,100.0,1.5,0.3067867623475421,0.0575672469139065,18
abf_fr_physical,physical,5,100.0,-1.5,0.4602131634683615,0.1012688495563369,26
abf_fr_physical,physical,5,100.0,-0.5,0.4422587120774797,0.5106547530335133,20
abf_fr_physical,physical,5,100.0,0.0,0.4217656554960312,0.4589768984005625,18
abf_fr_physical,physical,5,100.0,0.5,0.8021918351335253,0.98625740679281,15
abf_fr_physical,physical,5,100.0,1.5,0.888914056312709,0.4659289396718235,15
abf_fr_physical,physical,6,100.0,-1.5,0.5175904962254896,0.3085191842445531,21
abf_fr_physical,physical,6,100.0,-0.5,0.8378163609605165,0.5937016294272919,18
abf_fr_physical,physical,6,100.0,0.0,0.7969881769040897,0.8300824298091694,16
abf_fr_physical,physical,6,100.0,0.5,0.6270137528543955,0.5881446965076654,19
abf_fr_physical,physical,6,100.0,1.5,0.3785194071963007,0.1245668951553597,17
abf_fr_physical,physical,7,100.0,-1.5,0.4640149060750945,0.1752319853843852,23
abf_fr_physical,physical,7,100.0,-0.5,0.6256208466039277,0.6042089420888538,14
abf_fr_physical,physical,7,100.0,0.0,1.0120913192854688,0.8186457489234905,15
abf_fr_physical,physical,7,100.0,0.5,0.6794648272146917,0.610542665054925,19
abf_fr_physical,physical,7,100.0,1.5,0.5013087010868386,0.3198687133214576,17
abf_fr_physical,physical,0,100.0,-1.5,0.3052382134246252,0.1190510947036501,30
abf_fr_physical,physical,0,100.0,-0.5,0.5055308719976582,0.4573598970398278,25
abf_fr_physical,physical,0,100.0,0.0,0.5191146316249841,0.6272344702407358,21
abf_fr_physical,physical,0,100.0,0.5,0.759336306440037,0.4512906408680646,12
abf_fr_physical,physical,0,100.0,1.5,0.1979177497523797,0.084673875299835,22
abf_fr_physical,physical,1,100.0,-1.5,0.3574928834647745,0.1309085110515321,22
abf_fr_physical,physical,1,100.0,-0.5,0.7774272972284663,0.935121127037602,19
abf_fr_physical,physical,1,100.0,0.0,0.3369137533985828,0.277668556024532,15
abf_fr_physical,physical,1,100.0,0.5,0.4181700835491067,0.4104325252769393,17
abf_fr_physical,physical,1,100.0,1.5,0.2571801824727207,0.073717684001398,22
abf_fr_physical,physical,2,100.0,-1.5,0.3051135300857385,0.111964668336442,22
abf_fr_physical,physical,2,100.0,-0.5,0.5223365440479927,0.5933075876882886,17
abf_fr_physical,physical,2,100.0,0.0,0.4813803064392671,0.2559411764979199,22
abf_fr_physical,physical,2,100.0,0.5,0.6113049576179077,0.6831136413174054,22
abf_fr_physical,physical,2,100.0,1.5,0.6306700608031391,0.173013790255898,16
abf_fr_physical,physical,3,100.0,-1.5,0.636677574768669,0.1865829487536792,18
abf_fr_physical,physical,3,100.0,-0.5,0.4371967404031538,0.5001237138108315,27
abf_fr_physical,physical,3,100.0,0.0,0.6826709544402545,0.4179073399263139,17
abf_fr_physical,physical,3,100.0,0.5,0.6868823277321958,0.5705650495834492,17
abf_fr_physical,physical,3,100.0,1.5,0.7037597070170781,0.2090167338663959,22
abf_fr_physical,physical,4,100.0,-1.5,0.3864450482506655,0.1124391918206002,22
abf_fr_physical,physical,4,100.0,-0.5,1.093920130081525,1.2434373902159144,17
abf_fr_physical,physical,4,100.0,0.0,0.3305135947300983,0.3722185218546635,21
abf_fr_physical,physical,4,100.0,0.5,0.547911961085539,0.4767118028927484,15
abf_fr_physical,physical,4,100.0,1.5,0.4641119786958204,0.1087547779161479,20
abf_fr_physical,physical,5,100.0,-1.5,0.4416786871102893,0.1070503725637743,24
abf_fr_physical,physical,5,100.0,-0.5,0.4732451118867191,0.4720033650366578,20
abf_fr_physical,physical,5,100.0,0.0,0.4426199487524087,0.4839613319097818,16
abf_fr_physical,physical,5,100.0,0.5,0.7862520376883524,0.799725871869739,18
abf_fr_physical,physical,5,100.0,1.5,1.020401681538604,0.4691007079005941,18
abf_fr_physical,physical,6,100.0,-1.5,0.4835697423417178,0.2990817746744703,21
abf_fr_physical,physical,6,100.0,-0.5,0.5981184251837336,0.471403866188815,15
abf_fr_physical,physical,6,100.0,0.0,0.4675102830408069,0.4796904448880979,20
abf_fr_physical,physical,6,100.0,0.5,0.4013890587439165,0.2503846158267688,16
abf_fr_physical,physical,6,100.0,1.5,0.2402862719230359,0.0653098790187205,28
abf_fr_physical,physical,7,100.0,-1.5,0.4180255903708738,0.1812955775192201,20
abf_fr_physical,physical,7,100.0,-0.5,0.84713542425437,0.7216256041785312,16
abf_fr_physical,physical,7,100.0,0.0,1.0331351185034177,0.9694551835011956,15
abf_fr_physical,physical,7,100.0,0.5,0.6043852601799953,0.547367065090995,18
abf_fr_physical,physical,7,100.0,1.5,0.5741500912244096,0.3092335516204602,20
abf_fr_physical,physical,0,100.0,-1.5,0.3546111749270323,0.1246214204972417,33
abf_fr_physical,physical,0,100.0,-0.5,0.4426006170383835,0.377403453499823,28
abf_fr_physical,physical,0,100.0,0.0,0.4188161205354468,0.4426879360540964,20
abf_fr_physical,physical,0,100.0,0.5,0.7087430817360127,0.3749607996489073,13
abf_fr_physical,physical,0,100.0,1.5,0.4875642990595039,0.228119651855327,22
abf_fr_physical,physical,1,100.0,-1.5,0.4684194816516927,0.2163770747079329,23
abf_fr_physical,physical,1,100.0,-0.5,0.9150435135899392,0.832492655134275,21
abf_fr_physical,physical,1,100.0,0.0,0.6328404138214214,0.4267929739272724,16
abf_fr_physical,physical,1,100.0,0.5,0.5275396714188653,0.3753894879436563,18
abf_fr_physical,physical,1,100.0,1.5,0.2161384608312216,0.0613710097138922,20
abf_fr_physical,physical,2,100.0,-1.5,0.4777147713550055,0.1283925173025865,22
abf_fr_physical,physical,2,100.0,-0.5,0.7564763287064633,0.5689168197380273,20
abf_fr_physical,physical,2,100.0,0.0,0.224518398660536,0.1852293966763105,22
abf_fr_physical,physical,2,100.0,0.5,0.4162108098791309,0.3028305871705041,25
abf_fr_physical,physical,2,100.0,1.5,0.4157556605348296,0.1088893921888592,21
abf_fr_physical,physical,3,100.0,-1.5,0.3409241663365447,0.1452325416836745,20
abf_fr_physical,physical,3,100.0,-0.5,0.4670774921757788,0.4463322844963304,26
abf_fr_physical,physical,3,100.0,0.0,0.8070298923905939,0.4057361052070632,18
abf_fr_physical,physical,3,100.0,0.5,0.7441275201331424,0.6487514081130005,15
abf_fr_physical,physical,3,100.0,1.5,0.8039382016325002,0.2891804334512597,14
abf_fr_physical,physical,4,100.0,-1.5,0.4252951314101664,0.1816040201414337,25
abf_fr_physical,physical,4,100.0,-0.5,0.9030489932473776,1.186878323604296,22
abf_fr_physical,physical,4,100.0,0.0,0.5257787752624752,0.3967866738532988,23
abf_fr_physical,physical,4,100.0,0.5,0.6512760378225393,0.6800506023427687,16
abf_fr_physical,physical,4,100.0,1.5,0.4440002477233584,0.1375748368368047,18
abf_fr_physical,physical,5,100.0,-1.5,0.4795905481879754,0.1361868681651882,24
abf_fr_physical,physical,5,100.0,-0.5,0.4673917114129012,0.5230285202015059,22
abf_fr_physical,physical,5,100.0,0.0,0.335588074525446,0.306296628171797,20
abf_fr_physical,physical,5,100.0,0.5,0.8548286231605456,0.9761914852071936,13
abf_fr_physical,physical,5,100.0,1.5,0.8858801645426524,0.3717746504141558,14
abf_fr_physical,physical,6,100.0,-1.5,0.5889624315702405,0.3789586299183208,19
abf_fr_physical,physical,6,100.0,-0.5,0.5282181304999368,0.3978431564251921,20
abf_fr_physical,physical,6,100.0,0.0,0.6681435720541701,0.756885330437904,18
abf_fr_physical,physical,6,100.0,0.5,0.3302432702348828,0.2623063374133507,14
abf_fr_physical,physical,6,100.0,1.5,0.3218232021893509,0.0683830506308291,32
abf_fr_physical,physical,7,100.0,-1.5,0.2640660268040201,0.0820524096550081,17
abf_fr_physical,physical,7,100.0,-0.5,0.6863911849553995,0.4119560454678131,15
abf_fr_physical,physical,7,100.0,0.0,0.904828307076784,0.8023075124513908,17
abf_fr_physical,physical,7,100.0,0.5,0.6594210156848741,0.6595876680580595,17
abf_fr_physical,physical,7,100.0,1.5,0.5154538356131525,0.2815372408310253,21
abf_fr_physical,physical,0,100.0,-1.5,0.3842469531767909,0.0799960066636679,30
abf_fr_physical,physical,0,100.0,-0.5,0.3963383031198058,0.3627324743224998,25
abf_fr_physical,physical,0,100.0,0.0,0.704985495534795,0.7179714745322358,15
abf_fr_physical,physical,0,100.0,0.5,0.6162946991691322,0.2461423608067334,14
abf_fr_physical,physical,0,100.0,1.5,0.40690783319239,0.1036547848505541,22
abf_fr_physical,physical,1,100.0,-1.5,0.3013507925709536,0.1437779312325994,23
abf_fr_physical,physical,1,100.0,-0.5,0.6656993255295187,0.6293824747821459,22
abf_fr_physical,physical,1,100.0,0.0,0.452235350568649,0.3798535909926885,16
abf_fr_physical,physical,1,100.0,0.5,0.538837828938432,0.4248313265791473,15
abf_fr_physical,physical,1,100.0,1.5,0.5139889874639388,0.1121319727365065,20
abf_fr_physical,physical,2,100.0,-1.5,0.4362605718549219,0.0955901417869146,24
abf_fr_physical,physical,2,100.0,-0.5,0.4691080051850383,0.3705018517122249,28
abf_fr_physical,physical,2,100.0,0.0,0.2571872604666356,0.1892324525113822,21
abf_fr_physical,physical,2,100.0,0.5,0.5212869365788346,0.645966361889416,18
abf_fr_physical,physical,2,100.0,1.5,0.4001484690446467,0.1114660778021034,21
abf_fr_physical,physical,3,100.0,-1.5,0.3755354141240012,0.1448021146420693,20
abf_fr_physical,physical,3,100.0,-0.5,0.5817416680119635,0.52363498519793,23
abf_fr_physical,physical,3,100.0,0.0,0.7197585093865,0.3638468404374889,16
abf_fr_physical,physical,3,100.0,0.5,0.5995405277412602,0.6030433802457846,18
abf_fr_physical,physical,3,100.0,1.5,0.3465860279180159,0.0678560883207282,26
abf_fr_physical,physical,4,100.0,-1.5,0.4721532483232836,0.1855715777228875,22
abf_fr_physical,physical,4,100.0,-0.5,0.9335643020980108,1.212081193986411,17
abf_fr_physical,physical,4,100.0,0.0,0.5091347255881482,0.3477329301618622,22
abf_fr_physical,physical,4,100.0,0.5,0.6941847060936349,0.9969045711068132,12
abf_fr_physical,physical,4,100.0,1.5,0.4913792532743399,0.1574402726784155,21
abf_fr_physical,physical,5,100.0,-1.5,0.335301312201638,0.0648077823129513,26
abf_fr_physical,physical,5,100.0,-0.5,0.329814824230718,0.2586862445889729,19
abf_fr_physical,physical,5,100.0,0.0,0.4083630790128791,0.3538627986515804,22
abf_fr_physical,physical,5,100.0,0.5,,,9
abf_fr_physical,physical,5,100.0,1.5,1.1844558753166017,0.4858646634879957,16
abf_fr_physical,physical,6,100.0,-1.5,0.445623110780157,0.2979746105638351,20
abf_fr_physical,physical,6,100.0,-0.5,0.5997409288304845,0.3902252187724498,22
abf_fr_physical,physical,6,100.0,0.0,0.5997069247875995,0.7234557784116408,14
abf_fr_physical,physical,6,100.0,0.5,0.4681160757334212,0.3359503063279298,14
abf_fr_physical,physical,6,100.0,1.5,0.3722106218020592,0.0655787504435705,28
abf_fr_physical,physical,7,100.0,-1.5,0.4077613066229107,0.1544685089092868,20
abf_fr_physical,physical,7,100.0,-0.5,0.4876190486236752,0.2848162087328035,15
abf_fr_physical,physical,7,100.0,0.0,0.8913377200857331,0.6414420239510135,15
abf_fr_physical,physical,7,100.0,0.5,0.7483991306044131,0.876733047083995,14
abf_fr_physical,physical,7,100.0,1.5,0.6020572420378663,0.3044209442999201,16
abf_fr_physical,physical,0,100.0,-1.5,0.1182073243243006,0.0310599049145526,32
abf_fr_physical,physical,0,100.0,-0.5,0.3198074049502142,0.3137894186365926,28
abf_fr_physical,physical,0,100.0,0.0,0.5450477550330709,0.3439158846596364,13
abf_fr_physical,physical,0,100.0,0.5,0.8381616496132113,0.4464145304066066,14
abf_fr_physical,physical,0,100.0,1.5,0.2036950400421678,0.0636586886605978,21
abf_fr_physical,physical,1,100.0,-1.5,0.327586388542002,0.0652868202063159,31
abf_fr_physical,physical,1,100.0,-0.5,0.6014816182729954,0.6305042427612677,18
abf_fr_physical,physical,1,100.0,0.0,0.6563697563812457,0.5951735608941665,12
abf_fr_physical,physical,1,100.0,0.5,0.4508215861509417,0.2957287325851983,17
abf_fr_physical,physical,1,100.0,1.5,0.4623197968361672,0.1617962876180508,21
abf_fr_physical,physical,2,100.0,-1.5,0.4516800582188349,0.0975027995573015,28
abf_fr_physical,physical,2,100.0,-0.5,0.6386314987555702,0.6473615056450296,19
abf_fr_physical,physical,2,100.0,0.0,0.3612089085395292,0.2312444510093448,18
abf_fr_physical,physical,2,100.0,0.5,0.7294076725417573,0.8984896601720122,20
abf_fr_physical,physical,2,100.0,1.5,0.3519544640901169,0.1098690774676957,13
abf_fr_physical,physical,3,100.0,-1.5,0.8574646511175014,0.2498399376744118,18
abf_fr_physical,physical,3,100.0,-0.5,0.6192671900027559,0.617591497212964,17
abf_fr_physical,physical,3,100.0,0.0,1.0237864498632343,0.4132704324424079,12
abf_fr_physical,physical,3,100.0,0.5,0.4965428492862233,0.4478105473903064,19
abf_fr_physical,physical,3,100.0,1.5,0.5809828090079265,0.1677601060562283,23
abf_fr_physical,physical,4,100.0,-1.5,0.2753973386305481,0.1251860227071395,25
abf_fr_physical,physical,4,100.0,-0.5,0.8569040506535488,0.8655282686607741,20
abf_fr_physical,physical,4,100.0,0.0,0.6204278935933176,0.4286282363405682,18
abf_fr_physical,physical,4,100.0,0.5,0.5307715444043641,0.4875922043137954,17
abf_fr_physical,physical,4,100.0,1.5,0.5261504681331833,0.117326090749848,19
abf_fr_physical,physical,5,100.0,-1.5,0.2570272904550325,0.0889685771283423,30
abf_fr_physical,physical,5,100.0,-0.5,0.4095086196055412,0.3649617720758889,24
abf_fr_physical,physical,5,100.0,0.0,,,8
abf_fr_physical,physical,5,100.0,0.5,0.7354460680166881,0.7318963102705865,14
abf_fr_physical,physical,5,100.0,1.5,0.920851383512814,0.4481354154142757,11
abf_fr_physical,physical,6,100.0,-1.5,0.7912065462549535,0.3679686626194668,23
abf_fr_physical,physical,6,100.0,-0.5,0.5223191396959594,0.4031824858882216,19
abf_fr_physical,physical,6,100.0,0.0,0.8618787209481032,0.8038602735962149,10
abf_fr_physical,physical,6,100.0,0.5,0.6203316977052157,0.4993071909317272,20
abf_fr_physical,physical,6,100.0,1.5,0.6748761302322018,0.3254698927957662,20
abf_fr_physical,physical,7,100.0,-1.5,0.484684161634092,0.109384089674375,27
abf_fr_physical,physical,7,100.0,-0.5,0.8506755287504654,1.0048914263220126,11
abf_fr_physical,physical,7,100.0,0.0,0.5305808960216603,0.3744238902565375,11
abf_fr_physical,physical,7,100.0,0.5,0.8134065549841963,0.4811263530374504,25
abf_fr_physical,physical,7,100.0,1.5,0.3188484628569599,0.1264749902686347,22
abf_fr_physical,physical,0,100.0,-1.5,0.2017259202161086,0.0408140769739583,34
abf_fr_physical,physical,0,100.0,-0.5,0.4026229668928222,0.4175054632059237,26
abf_fr_physical,physical,0,100.0,0.0,0.6629460556897933,0.6288911064866868,11
abf_fr_physical,physical,0,100.0,0.5,0.4044792045674739,0.2056379174185376,14
abf_fr_physical,physical,0,100.0,1.5,0.245226682889706,0.064930052849382,22
abf_fr_physical,physical,1,100.0,-1.5,0.5145121001644504,0.1302823263310401,24
abf_fr_physical,physical,1,100.0,-0.5,0.6020576169669787,0.6393487130702755,23
abf_fr_physical,physical,1,100.0,0.0,0.7203856149712561,0.6758365531558095,17
abf_fr_physical,physical,1,100.0,0.5,0.621290294190658,0.6775422667848137,14
abf_fr_physical,physical,1,100.0,1.5,0.8089876921569021,0.2723039486651398,21
abf_fr_physical,physical,2,100.0,-1.5,0.3129633492997447,0.0962456089291497,25
abf_fr_physical,physical,2,100.0,-0.5,0.6412319492509201,0.5314396726459312,22
abf_fr_physical,physical,2,100.0,0.0,0.9337062337306736,0.3144457902087226,19
abf_fr_physical,physical,2,100.0,0.5,0.487023363074958,0.4271947835869419,20
abf_fr_physical,physical,2,100.0,1.5,0.2868147996499392,0.0875024758200306,19
abf_fr_physical,physical,3,100.0,-1.5,0.3310274417568755,0.1010531418842837,24
abf_fr_physical,physical,3,100.0,-0.5,0.4562822182004823,0.5125134856130467,27
abf_fr_physical,physical,3,100.0,0.0,0.8384998262549014,0.4351041903663238,16
abf_fr_physical,physical,3,100.0,0.5,0.5923292933384947,0.4171344945771463,19
abf_fr_physical,physical,3,100.0,1.5,0.698730309886878,0.2067551776840615,19
abf_fr_physical,physical,4,100.0,-1.5,0.4238335315618234,0.1368274360114487,22
abf_fr_physical,physical,4,100.0,-0.5,0.9305895850567196,0.8923724850577419,17
abf_fr_physical,physical,4,100.0,0.0,0.4162295438933352,0.2945306151418351,22
abf_fr_physical,physical,4,100.0,0.5,0.84496883717212,0.8909057960242457,16
abf_fr_physical,physical,4,100.0,1.5,0.4497156518770259,0.0902102999022893,21
abf_fr_physical,physical,5,100.0,-1.5,0.4060510224139094,0.076883367407689,29
abf_fr_physical,physical,5,100.0,-0.5,0.396487127848186,0.394955997027179,22
abf_fr_physical,physical,5,100.0,0.0,0.6586844748617227,0.4761454701412912,16
abf_fr_physical,physical,5,100.0,0.5,0.7897998615970567,0.9103773064765576,20
abf_fr_physical,physical,5,100.0,1.5,0.745060838531205,0.4554150986316004,12
abf_fr_physical,physical,6,100.0,-1.5,0.5321928731402167,0.2923390458560271,24
abf_fr_physical,physical,6,100.0,-0.5,0.4617128642719804,0.4291859355966075,24
abf_fr_physical,physical,6,100.0,0.0,0.5559032564706731,0.5918453088409191,17
abf_fr_physical,physical,6,100.0,0.5,0.5494575979327673,0.4477742215365244,14
abf_fr_physical,physical,6,100.0,1.5,0.3962396288270846,0.0897550876660232,24
abf_fr_physical,physical,7,100.0,-1.5,0.1778239595921272,0.0646360689219027,18
abf_fr_physical,physical,7,100.0,-0.5,0.6736194029511099,0.6469152296446662,19
abf_fr_physical,physical,7,100.0,0.0,1.0590776792313334,1.0088427968663962,12
abf_fr_physical,physical,7,100.0,0.5,0.7065589231570631,0.5394820907907678,22
abf_fr_physical,physical,7,100.0,1.5,0.5453004673469939,0.3052110872278449,17
abf_fr_physical,physical,0,100.0,-1.5,0.3421248088494329,0.0716019521813209,37
abf_fr_physical,physical,0,100.0,-0.5,0.5224824132206949,0.3620682787086219,31
abf_fr_physical,physical,0,100.0,0.0,0.326159696232881,0.2674160330964339,22
abf_fr_physical,physical,0,100.0,0.5,,,9
abf_fr_physical,physical,0,100.0,1.5,0.4620500960660527,0.1248224757746355,18
abf_fr_physical,physical,1,100.0,-1.5,0.3128243958681275,0.073588931996068,27
abf_fr_physical,physical,1,100.0,-0.5,0.8142381319714048,1.0565661991456017,23
abf_fr_physical,physical,1,100.0,0.0,0.5535644562151861,0.5378732460144114,24
abf_fr_physical,physical,1,100.0,0.5,0.568618756510896,0.4600219071823684,17
abf_fr_physical,physical,1,100.0,1.5,0.2248538242435241,0.080822466450685,23
abf_fr_physical,physical,2,100.0,-1.5,0.4021034603495422,0.1180700015753849,19
abf_fr_physical,physical,2,100.0,-0.5,0.5189471073061761,0.2441031154945449,23
abf_fr_physical,physical,2,100.0,0.0,0.5810772123139712,0.3732049894141793,24
abf_fr_physical,physical,2,100.0,0.5,0.7267517566332908,0.5429328388832316,15
abf_fr_physical,physical,2,100.0,1.5,0.4160658690301715,0.0777713852111262,26
abf_fr_physical,physical,3,100.0,-1.5,0.1842057894807693,0.0773781974354469,25
abf_fr_physical,physical,3,100.0,-0.5,0.3591889039734104,0.3520785079319867,31
abf_fr_physical,physical,3,100.0,0.0,0.342259041225095,0.251443297190809,20
abf_fr_physical,physical,3,100.0,0.5,0.4881653076780525,0.3703948922911501,23
abf_fr_physical,physical,3,100.0,1.5,0.482217757792059,0.1450861871413701,14
abf_fr_physical,physical,4,100.0,-1.5,0.4411717350534675,0.1548771968978832,22
abf_fr_physical,physical,4,100.0,-0.5,0.8346409035047271,0.6933133482127858,16
abf_fr_physical,physical,4,100.0,0.0,0.2515779582915003,0.1221275092376985,31
abf_fr_physical,physical,4,100.0,0.5,0.5934368561424758,0.5870670242834517,18
abf_fr_physical,physical,4,100.0,1.5,0.4208060694857869,0.0905198899847112,24
abf_fr_physical,physical,5,100.0,-1.5,0.3833103922000399,0.1183626350042997,30
abf_fr_physical,physical,5,100.0,-0.5,0.3758563465927518,0.341603506436416,20
abf_fr_physical,physical,5,100.0,0.0,0.4688469991557954,0.2994425622606043,18
abf_fr_physical,physical,5,100.0,0.5,0.9648446362915812,1.2185770102408124,22
abf_fr_physical,physical,5,100.0,1.5,0.3488214461896017,0.0775719397979087,16
abf_fr_physical,physical,6,100.0,-1.5,0.7357346510619015,0.4089075843550187,21
abf_fr_physical,physical,6,100.0,-0.5,0.4337496264710861,0.3605973003493875,24
abf_fr_physical,physical,6,100.0,0.0,0.5842492325981198,0.5982898065250246,22
abf_fr_physical,physical,6,100.0,0.5,0.4815261347262413,0.3228732496897017,23
abf_fr_physical,physical,6,100.0,1.5,0.5152949122657329,0.1200103987820161,24
abf_fr_physical,physical,7,100.0,-1.5,0.306413685590664,0.0981029600949478,20
abf_fr_physical,physical,7,100.0,-0.5,0.5582284711796472,0.7257930189338426,11
abf_fr_physical,physical,7,100.0,0.0,0.483346405104032,0.2997498939806776,18
abf_fr_physical,physical,7,100.0,0.5,0.6164126984433261,0.730576689958882,17
abf_fr_physical,physical,7,100.0,1.5,0.6222916039359199,0.4175415566895152,19
abf_fr_physical,physical,0,100.0,-1.5,0.3377019937603628,0.0587083474942469,30
abf_fr_physical,physical,0,100.0,-0.5,0.5182435330565003,0.6125613890125136,28
abf_fr_physical,physical,0,100.0,0.0,0.3579905454387323,0.2727535526648513,20
abf_fr_physical,physical,0,100.0,0.5,0.6595167274185274,0.2930446496904076,16
abf_fr_physical,physical,0,100.0,1.5,0.1679943894283936,0.0792083158153506,17
abf_fr_physical,physical,1,100.0,-1.5,0.5296792027252338,0.1428853850957039,22
abf_fr_physical,physical,1,100.0,-0.5,0.5558822120482899,0.5755961316441637,24
abf_fr_physical,physical,1,100.0,0.0,0.4352884478089314,0.3528235796134603,21
abf_fr_physical,physical,1,100.0,0.5,0.3195716184171307,0.3489382454234588,17
abf_fr_physical,physical,1,100.0,1.5,0.2036903755978768,0.0450842251885698,28
abf_fr_physical,physical,2,100.0,-1.5,0.448741637391923,0.1673076933899485,20
abf_fr_physical,physical,2,100.0,-0.5,0.713091622002073,0.6675128909540854,20
abf_fr_physical,physical,2,100.0,0.0,0.3758621508698351,0.1331872399802501,29
abf_fr_physical,physical,2,100.0,0.5,0.6237792363600517,0.6661830407072032,21
abf_fr_physical,physical,2,100.0,1.5,0.4206631987668028,0.1334818043549488,19
abf_fr_physical,physical,3,100.0,-1.5,0.3449407848832489,0.1503811684040067,16
abf_fr_physical,physical,3,100.0,-0.5,0.4639069913726252,0.436849520850232,24
abf_fr_physical,physical,3,100.0,0.0,0.4160641540636364,0.2063501572050852,22
abf_fr_physical,physical,3,100.0,0.5,0.489484363225731,0.4680587166851264,19
abf_fr_physical,physical,3,100.0,1.5,0.5724224975809366,0.1364151682340956,21
abf_fr_physical,physical,4,100.0,-1.5,0.485083512835488,0.2331947034408817,23
abf_fr_physical,physical,4,100.0,-0.5,0.852964776059118,0.9115006261864844,23
abf_fr_physical,physical,4,100.0,0.0,0.356922177915987,0.1651493150251919,25
abf_fr_physical,physical,4,100.0,0.5,0.4683033113164933,0.5795921087152828,13
abf_fr_physical,physical,4,100.0,1.5,0.5220820205185878,0.1824389308032136,16
abf_fr_physical,physical,5,100.0,-1.5,0.5993093734832635,0.2230817423828109,27
abf_fr_physical,physical,5,100.0,-0.5,0.4206878829654809,0.4703866152226705,26
abf_fr_physical,physical,5,100.0,0.0,0.2184292498280139,0.2680391581539608,21
abf_fr_physical,physical,5,100.0,0.5,0.8915302773511782,1.0009788372324346,20
abf_fr_physical,physical,5,100.0,1.5,0.9396846292176086,0.4497780975287389,14
abf_fr_physical,physical,6,100.0,-1.5,0.6396940553868276,0.3887026803617816,18
abf_fr_physical,physical,6,100.0,-0.5,0.4408375827269397,0.4033656091038457,20
abf_fr_physical,physical,6,100.0,0.0,0.3432355133716603,0.3524043963122378,12
abf_fr_physical,physical,6,100.0,0.5,0.326778195003819,0.2294941202576584,22
abf_fr_physical,physical,6,100.0,1.5,0.5425454993089134,0.2006079194836852,22
abf_fr_physical,physical,7,100.0,-1.5,0.3747989507820737,0.1200822321081328,23
abf_fr_physical,physical,7,100.0,-0.5,0.5044697417159186,0.5052344148319838,17
abf_fr_physical,physical,7,100.0,0.0,0.5302120757519571,0.3791220303239703,17
abf_fr_physical,physical,7,100.0,0.5,0.8414239611584947,1.0411574251205988,14
abf_fr_physical,physical,7,100.0,1.5,0.529486921994271,0.30078349545866,19
abf_fr_physical,physical,0,100.0,-1.5,0.3890656761302852,0.1235875915295052,27
abf_fr_physical,physical,0,100.0,-0.5,0.5897644866709448,0.7025236812402454,28
abf_fr_physical,physical,0,100.0,0.0,0.3541064374523928,0.2443387450160804,24
abf_fr_physical,physical,0,100.0,0.5,0.4889829216897078,0.4533740707863724,17
abf_fr_physical,physical,0,100.0,1.5,0.3171815133871267,0.0906138546662403,18
abf_fr_physical,physical,1,100.0,-1.5,0.5372475676914364,0.2197195446152569,23
abf_fr_physical,physical,1,100.0,-0.5,0.5488315610797154,0.5111118186520677,23
abf_fr_physical,physical,1,100.0,0.0,0.4791220630333847,0.227183553539784,14
abf_fr_physical,physical,1,100.0,0.5,0.6076460538168847,0.6653463448004995,17
abf_fr_physical,physical,1,100.0,1.5,0.2115377586020859,0.0644924505312337,27
abf_fr_physical,physical,2,100.0,-1.5,0.3497427415219054,0.1243130667853131,23
abf_fr_physical,physical,2,100.0,-0.5,0.5258344093475159,0.3267421942722082,31
abf_fr_physical,physical,2,100.0,0.0,0.6877563491113188,0.2788056343762277,20
abf_fr_physical,physical,2,100.0,0.5,0.535175017889848,0.3888083055861868,21
abf_fr_physical,physical,2,100.0,1.5,0.3897736936770312,0.0932717818972301,21
abf_fr_physical,physical,3,100.0,-1.5,0.5640907725408009,0.1667731988053401,17
abf_fr_physical,physical,3,100.0,-0.5,0.306148690256632,0.2793555271291386,27
abf_fr_physical,physical,3,100.0,0.0,0.8521468542857422,0.5798860680283677,17
abf_fr_physical,physical,3,100.0,0.5,0.6121025781523326,0.5976085920127143,19
abf_fr_physical,physical,3,100.0,1.5,0.364539306275086,0.0922027160680159,21
abf_fr_physical,physical,4,100.0,-1.5,0.3666370534893308,0.1248826452860184,24
abf_fr_physical,physical,4,100.0,-0.5,0.8317598925549109,0.8843344072105634,19
abf_fr_physical,physical,4,100.0,0.0,0.6245080493321601,0.4438646386210896,24
abf_fr_physical,physical,4,100.0,0.5,0.922025469076546,1.008979894623698,11
abf_fr_physical,physical,4,100.0,1.5,0.3034784706278426,0.07067827649192,14
abf_fr_physical,physical,5,100.0,-1.5,0.414275379620633,0.0864192578549561,24
abf_fr_physical,physical,5,100.0,-0.5,0.3899617945518161,0.368968224239952,20
abf_fr_physical,physical,5,100.0,0.0,0.4040910118511553,0.2822735947895964,24
abf_fr_physical,physical,5,100.0,0.5,0.7088364733039905,0.7863117456119637,14
abf_fr_physical,physical,5,100.0,1.5,0.7556420542293389,0.332996950520495,14
abf_fr_physical,physical,6,100.0,-1.5,0.5342316494943937,0.3086480720800132,22
abf_fr_physical,physical,6,100.0,-0.5,0.5284278067592597,0.5088199941644925,13
abf_fr_physical,physical,6,100.0,0.0,0.610167872838928,0.6166563278229421,20
abf_fr_physical,physical,6,100.0,0.5,0.5827899563085883,0.3338892233651367,16
abf_fr_physical,physical,6,100.0,1.5,0.4717383342141953,0.1529850146350299,27
abf_fr_physical,physical,7,100.0,-1.5,0.7629291604015522,0.3602294941263369,13
abf_fr_physical,physical,7,100.0,-0.5,0.8104881145033244,0.7172168350150522,13
abf_fr_physical,physical,7,100.0,0.0,0.8762434637942662,0.6491135189275894,15
abf_fr_physical,physical,7,100.0,0.5,0.5558100362860817,0.5425841823327361,16
abf_fr_physical,physical,7,100.0,1.5,0.5238320451385633,0.2356243134996445,22
abf_fr_physical,physical,0,100.0,-1.5,0.2379992416235082,0.1044862330187966,31
abf_fr_physical,physical,0,100.0,-0.5,0.5164701792672342,0.5542953046365712,25
abf_fr_physical,physical,0,100.0,0.0,0.653121857382907,0.5105467800406933,22
abf_fr_physical,physical,0,100.0,0.5,0.659532499319193,0.3270029831970176,14
abf_fr_physical,physical,0,100.0,1.5,0.5087260642090617,0.1395772847653735,23
abf_fr_physical,physical,1,100.0,-1.5,0.6666725023363179,0.2415619680180473,25
abf_fr_physical,physical,1,100.0,-0.5,0.7680908957029329,0.7694895076457507,21
abf_fr_physical,physical,1,100.0,0.0,0.3521432568948562,0.2627168887152849,20
abf_fr_physical,physical,1,100.0,0.5,0.5892099501564492,0.605419833737123,20
abf_fr_physical,physical,1,100.0,1.5,0.4867402264366573,0.1432517384662097,19
abf_fr_physical,physical,2,100.0,-1.5,0.4715277386920611,0.2166316914103317,17
abf_fr_physical,physical,2,100.0,-0.5,0.4507329207662259,0.3098647681996012,25
abf_fr_physical,physical,2,100.0,0.0,0.3066232722147338,0.3113694589251988,27
abf_fr_physical,physical,2,100.0,0.5,0.5254617715481137,0.3936239371618838,16
abf_fr_physical,physical,2,100.0,1.5,0.6768657521608784,0.1758455677256667,24
abf_fr_physical,physical,3,100.0,-1.5,0.4590799325081309,0.1604067486853168,23
abf_fr_physical,physical,3,100.0,-0.5,0.3613406639295484,0.2877979706732798,25
abf_fr_physical,physical,3,100.0,0.0,0.4542937700992892,0.2518705145008184,19
abf_fr_physical,physical,3,100.0,0.5,0.4978600200223397,0.3841586264041334,20
abf_fr_physical,physical,3,100.0,1.5,0.7179978727045827,0.227404897661393,18
abf_fr_physical,physical,4,100.0,-1.5,0.4536899048169858,0.1428787702816649,30
abf_fr_physical,physical,4,100.0,-0.5,0.6022998963848668,0.364340428340341,23
abf_fr_physical,physical,4,100.0,0.0,0.450137396434647,0.2117276321249614,25
abf_fr_physical,physical,4,100.0,0.5,0.7935978651807154,1.101039544513268,11
abf_fr_physical,physical,4,100.0,1.5,0.327323309721749,0.1173236669203683,17
abf_fr_physical,physical,5,100.0,-1.5,0.2448045690782553,0.0515442602972976,27
abf_fr_physical,physical,5,100.0,-0.5,0.4211749466742977,0.3550258670762755,26
abf_fr_physical,physical,5,100.0,0.0,0.4340419841832604,0.1911531270533381,22
abf_fr_physical,physical,5,100.0,0.5,0.8680090408275781,1.070120105052963,12
abf_fr_physical,physical,5,100.0,1.5,0.6195927994019998,0.2517900345943486,14
abf_fr_physical,physical,6,100.0,-1.5,0.5177867815014502,0.2892064167000229,27
abf_fr_physical,physical,6,100.0,-0.5,0.3980636378889668,0.267382425801674,17
abf_fr_physical,physical,6,100.0,0.0,0.977553005495628,1.3547157254616584,14
abf_fr_physical,physical,6,100.0,0.5,0.3830498342873294,0.3857712941351797,20
abf_fr_physical,physical,6,100.0,1.5,0.3635637772549194,0.1238655616352287,27
abf_fr_physical,physical,7,100.0,-1.5,0.653663254967383,0.2639605167790974,16
abf_fr_physical,physical,7,100.0,-0.5,0.4559964404067139,0.4388315969866588,17
abf_fr_physical,physical,7,100.0,0.0,0.4452696977807875,0.2945274504736668,18
abf_fr_physical,physical,7,100.0,0.5,0.5403481217014255,0.4816378671632869,19
abf_fr_physical,physical,7,100.0,1.5,0.5191654993699704,0.292915582592488,17
abf_fr_physical,physical,0,100.0,-1.5,0.5084625275180483,0.1558823218488986,25
abf_fr_physical,physical,0,100.0,-0.5,0.4845614723091961,0.4757313454573554,25
abf_fr_physical,physical,0,100.0,0.0,0.4551027258563696,0.402186211216396,27
abf_fr_physical,physical,0,100.0,0.5,0.6606755326805972,0.5759675293154632,14
abf_fr_physical,physical,0,100.0,1.5,0.3787022880871782,0.1016518306291037,22
abf_fr_physical,physical,1,100.0,-1.5,0.4349379640304227,0.1759705866932045,15
abf_fr_physical,physical,1,100.0,-0.5,0.7471583117624635,0.902425773420015,21
abf_fr_physical,physical,1,100.0,0.0,0.4918577330297471,0.3736640879518813,19
abf_fr_physical,physical,1,100.0,0.5,0.570788967380594,0.6500216160912243,20
abf_fr_physical,physical,1,100.0,1.5,0.304021334491877,0.0691665732667247,26
abf_fr_physical,physical,2,100.0,-1.5,0.6388984023621823,0.2928206343917012,22
abf_fr_physical,physical,2,100.0,-0.5,0.6268342675581334,0.6052854598411642,20
abf_fr_physical,physical,2,100.0,0.0,0.2177650892970312,0.1036353979619186,32
abf_fr_physical,physical,2,100.0,0.5,0.6949481371425187,0.8936939094520562,25
abf_fr_physical,physical,2,100.0,1.5,0.5247929009506671,0.1103048602304975,15
abf_fr_physical,physical,3,100.0,-1.5,0.6281212991945538,0.2112289001376803,26
abf_fr_physical,physical,3,100.0,-0.5,0.5212307137970195,0.4795007099457839,28
abf_fr_physical,physical,3,100.0,0.0,0.479319652810675,0.2652580054449083,24
abf_fr_physical,physical,3,100.0,0.5,0.6081563464698815,0.6119762883923858,22
abf_fr_physical,physical,3,100.0,1.5,0.8748393226751606,0.3374252707078645,14
abf_fr_physical,physical,4,100.0,-1.5,0.2438645872594698,0.0598982783103174,24
abf_fr_physical,physical,4,100.0,-0.5,0.9050950187130218,1.0524487090498789,24
abf_fr_physical,physical,4,100.0,0.0,0.2123505394915176,0.1743449783427675,34
abf_fr_physical,physical,4,100.0,0.5,0.8182211473568103,0.8278780525179544,16
abf_fr_physical,physical,4,100.0,1.5,0.2192936048130335,0.0552973366883069,21
abf_fr_physical,physical,5,100.0,-1.5,0.2419779598507093,0.0809589817155586,17
abf_fr_physical,physical,5,100.0,-0.5,0.4852046087819942,0.6478593863867632,23
abf_fr_physical,physical,5,100.0,0.0,0.2681583128411414,0.2387044972351227,27
abf_fr_physical,physical,5,100.0,0.5,0.8539776261421712,1.103559916986569,18
abf_fr_physical,physical,5,100.0,1.5,0.9934944353326604,0.4086185281902421,13
abf_fr_physical,physical,6,100.0,-1.5,0.4929380959383919,0.2025471530551878,24
abf_fr_physical,physical,6,100.0,-0.5,0.8445959835579723,0.9104642411961712,18
abf_fr_physical,physical,6,100.0,0.0,0.2296568698787006,0.1544821127880686,28
abf_fr_physical,physical,6,100.0,0.5,0.6794670543122829,0.703009383561963,18
abf_fr_physical,physical,6,100.0,1.5,0.3047726074978358,0.0655386969235531,30
abf_fr_physical,physical,7,100.0,-1.5,0.4102546724589335,0.1501227301067468,16
abf_fr_physical,physical,7,100.0,-0.5,0.6775888500747845,0.6382377693453803,18
abf_fr_physical,physical,7,100.0,0.0,0.7097249272612121,0.4118965196950577,24
abf_fr_physical,physical,7,100.0,0.5,0.7824775816648701,0.8910475679086236,12
abf_fr_physical,physical,7,100.0,1.5,0.3699468627870493,0.1412419591200391,20
abf_fr_physical,physical,0,100.0,-1.5,0.3073146857526275,0.1029664384110722,31
abf_fr_physical,physical,0,100.0,-0.5,0.3981655190043616,0.3305991332206471,25
abf_fr_physical,physical,0,100.0,0.0,0.4130583355326788,0.2834842234397569,24
abf_fr_physical,physical,0,100.0,0.5,0.5823727014029118,0.4796384571331168,17
abf_fr_physical,physical,0,100.0,1.5,0.3202217203677533,0.0663577549066347,28
abf_fr_physical,physical,1,100.0,-1.5,0.5702659203975995,0.2343771134042738,20
abf_fr_physical,physical,1,100.0,-0.5,0.8205762506755228,0.7403182420511959,25
abf_fr_physical,physical,1,100.0,0.0,0.7318309518122493,0.4881832203293542,13
abf_fr_physical,physical,1,100.0,0.5,0.4481454495047723,0.4745468300239047,18
abf_fr_physical,physical,1,100.0,1.5,0.3250591580312418,0.1279848914559208,33
abf_fr_physical,physical,2,100.0,-1.5,0.5403339736780495,0.2474324385887815,25
abf_fr_physical,physical,2,100.0,-0.5,0.6124754743066428,0.3353620696723223,21
abf_fr_physical,physical,2,100.0,0.0,0.5128906640073123,0.1792284847201081,19
abf_fr_physical,physical,2,100.0,0.5,0.4224803781312719,0.4794847340356757,24
abf_fr_physical,physical,2,100.0,1.5,0.4867402264366573,0.1432517384662097,19
abf_fr_physical,physical,3,100.0,-1.5,0.3289078849429606,0.1028818927782397,21
abf_fr_physical,physical,3,100.0,-0.5,0.6498322275015451,0.7569421752377278,22
abf_fr_physical,physical,3,100.0,0.0,0.3375184065078584,0.1938335252477499,24
abf_fr_physical,physical,3,100.0,0.5,0.7933646679608609,0.9375392295392808,14
abf_fr_physical,physical,3,100.0,1.5,0.7501764561825542,0.2933084921821307,16
abf_fr_physical,physical,4,100.0,-1.5,0.4756790441546651,0.1306495715222848,24
abf_fr_physical,physical,4,100.0,-0.5,0.906428461429428,1.0295507107507602,21
abf_fr_physical,physical,4,100.0,0.0,0.3323316995916707,0.3330247469785272,23
abf_fr_physical,physical,4,100.0,0.5,0.7184560540188244,0.9450144791163178,14
abf_fr_physical,physical,4,100.0,1.5,0.2553908459113267,0.0804666203346256,24
abf_fr_physical,physical,5,100.0,-1.5,0.2966331621659938,0.0989461409278535,23
abf_fr_physical,physical,5,100.0,-0.5,0.5878207469168013,0.6257820053114114,25
abf_fr_physical,physical,5,100.0,0.0,0.5466728744240469,0.3657061150922627,20
abf_fr_physical,physical,5,100.0,0.5,0.815105890242413,0.8649451009705221,15
abf_fr_physical,physical,5,100.0,1.5,1.2339637716126457,0.532773396215599,14
abf_fr_physical,physical,6,100.0,-1.5,0.6491509932430358,0.3179753743717441,20
abf_fr_physical,physical,6,100.0,-0.5,0.6131340371168613,0.6223950676724096,20
abf_fr_physical,physical,6,100.0,0.0,0.5500233507280683,0.5240456555732464,22
abf_fr_physical,physical,6,100.0,0.5,0.405480529932886,0.3893508819918179,19
abf_fr_physical,physical,6,100.0,1.5,0.5499546753210043,0.1845603355283138,29
abf_fr_physical,physical,7,100.0,-1.5,0.6524184214899603,0.2879514990816056,19
abf_fr_physical,physical,7,100.0,-0.5,0.8140545819653731,0.9472985934664409,14
abf_fr_physical,physical,7,100.0,0.0,0.7705136653656809,0.6246926869875498,19
abf_fr_physical,physical,7,100.0,0.5,0.7018366512137435,0.4582225567281351,18
abf_fr_physical,physical,7,100.0,1.5,0.4248369610979647,0.1281178175009534,15
abf_fr_physical,physical,0,100.0,-1.5,0.4207600484016303,0.1354847330957121,34
abf_fr_physical,physical,0,100.0,-0.5,0.5382911899077956,0.3275245216695497,26
abf_fr_physical,physical,0,100.0,0.0,0.5863404522238561,0.5076592262170967,15
abf_fr_physical,physical,0,100.0,0.5,0.5216340384953614,0.2645361862664616,22
abf_fr_physical,physical,0,100.0,1.5,0.4361591532373776,0.0767661749593515,23
abf_fr_physical,physical,1,100.0,-1.5,0.4731260165575795,0.2064410039170851,29
abf_fr_physical,physical,1,100.0,-0.5,0.6373300818848369,0.4060371644823473,22
abf_fr_physical,physical,1,100.0,0.0,0.6584182669501399,0.548038073550581,12
abf_fr_physical,physical,1,100.0,0.5,0.4415958292395939,0.2760949869479935,14
abf_fr_physical,physical,1,100.0,1.5,0.3906274417929294,0.1130530012839328,21
abf_fr_physical,physical,2,100.0,-1.5,0.4686910969089313,0.2662102730992369,21
abf_fr_physical,physical,2,100.0,-0.5,0.9063981775071824,0.45250900641027,20
abf_fr_physical,physical,2,100.0,0.0,0.4716179988036383,0.4835186363954337,24
abf_fr_physical,physical,2,100.0,0.5,0.6916277320983699,0.3599621344260248,22
abf_fr_physical,physical,2,100.0,1.5,0.6225983997452555,0.1290160071155148,24
abf_fr_physical,physical,3,100.0,-1.5,0.3109457098721735,0.0989106898131982,17
abf_fr_physical,physical,3,100.0,-0.5,0.7221011294582332,0.4259236823057558,21
abf_fr_physical,physical,3,100.0,0.0,0.424195249416434,0.4922316754104983,16
abf_fr_physical,physical,3,100.0,0.5,0.5505029951722117,0.5275768352167233,15
abf_fr_physical,physical,3,100.0,1.5,0.3834740110807179,0.0860498126039778,20
abf_fr_physical,physical,4,100.0,-1.5,0.5571156507282867,0.1424972472948364,24
abf_fr_physical,physical,4,100.0,-0.5,0.497993196424809,0.3755406833364751,19
abf_fr_physical,physical,4,100.0,0.0,0.7091806080705073,0.4836632584873072,16
abf_fr_physical,physical,4,100.0,0.5,0.4313708984057159,0.3801229114101764,17
abf_fr_physical,physical,4,100.0,1.5,0.4252772632605488,0.131864592861052,21
abf_fr_physical,physical,5,100.0,-1.5,0.4022485383263494,0.1587862324379164,22
abf_fr_physical,physical,5,100.0,-0.5,0.3070468268155248,0.1242266859195198,27
abf_fr_physical,physical,5,100.0,0.0,0.4817953463698537,0.3271030266473624,17
abf_fr_physical,physical,5,100.0,0.5,1.0961228711379898,0.87661521991296,11
abf_fr_physical,physical,5,100.0,1.5,0.7333785906340646,0.2008887633583868,15
abf_fr_physical,physical,6,100.0,-1.5,0.8185965120182316,0.4312173811851991,26
abf_fr_physical,physical,6,100.0,-0.5,0.5191819834112726,0.3183504467987843,20
abf_fr_physical,physical,6,100.0,0.0,0.641936542306863,0.807710762818247,17
abf_fr_physical,physical,6,100.0,0.5,0.6331884597019494,0.4916868557457241,15
abf_fr_physical,physical,6,100.0,1.5,0.4893154789440518,0.1162559815402739,26
abf_fr_physical,physical,7,100.0,-1.5,0.4245815386998454,0.1684705044928797,27
abf_fr_physical,physical,7,100.0,-0.5,0.8451563801101891,0.5834084004909679,19
abf_fr_physical,physical,7,100.0,0.0,0.5840404970050288,0.3707871026086534,15
abf_fr_physical,physical,7,100.0,0.5,0.552380890237021,0.5583981587656847,11
abf_fr_physical,physical,7,100.0,1.5,0.5252642101617742,0.4115484088300457,16
abf_fr_physical,physical,0,100.0,-1.5,0.3200632338881961,0.107326576686602,34
abf_fr_physical,physical,0,100.0,-0.5,0.3481865177037203,0.352045846496171,25
abf_fr_physical,physical,0,100.0,0.0,0.7321545029250468,0.6093482006008455,12
abf_fr_physical,physical,0,100.0,0.5,0.6447379733756888,0.4220026802344125,10
abf_fr_physical,physical,0,100.0,1.5,0.5211325697557143,0.1506737126369663,19
abf_fr_physical,physical,1,100.0,-1.5,0.3289133246536547,0.0731977829291012,27
abf_fr_physical,physical,1,100.0,-0.5,0.5408837751178187,0.5240208356492017,19
abf_fr_physical,physical,1,100.0,0.0,,,8
abf_fr_physical,physical,1,100.0,0.5,0.464998696326499,0.3711044014706025,19
abf_fr_physical,physical,1,100.0,1.5,0.4103229713090087,0.1042794325422788,18
abf_fr_physical,physical,2,100.0,-1.5,0.488742854589666,0.169808935960791,24
abf_fr_physical,physical,2,100.0,-0.5,0.6993676766598722,0.6475177770079121,21
abf_fr_physical,physical,2,100.0,0.0,0.1997197623880138,0.1186583942230452,23
abf_fr_physical,physical,2,100.0,0.5,0.6160220368030123,0.5691440687608463,17
abf_fr_physical,physical,2,100.0,1.5,0.3516879534456543,0.0990598676876596,18
abf_fr_physical,physical,3,100.0,-1.5,0.321043271776232,0.1359879561686333,21
abf_fr_physical,physical,3,100.0,-0.5,0.5107126673597097,0.373350149332685,26
abf_fr_physical,physical,3,100.0,0.0,0.9374339621216946,0.4879968151571071,15
abf_fr_physical,physical,3,100.0,0.5,0.608338205259612,0.4749188902014039,18
abf_fr_physical,physical,3,100.0,1.5,0.9176855538760312,0.4286630960654329,18
abf_fr_physical,physical,4,100.0,-1.5,0.318075070805644,0.100701001364016,24
abf_fr_physical,physical,4,100.0,-0.5,0.9781314761229764,0.981522992067353,17
abf_fr_physical,physical,4,100.0,0.0,0.4617569190330016,0.4688915444124421,15
abf_fr_physical,physical,4,100.0,0.5,0.539401860865352,0.5872246130644424,17
abf_fr_physical,physical,4,100.0,1.5,0.4867556873993002,0.1165990754167945,20
abf_fr_physical,physical,5,100.0,-1.5,0.535357155715586,0.1535014509162388,27
abf_fr_physical,physical,5,100.0,-0.5,0.3366456917860406,0.402939828473743,25
abf_fr_physical,physical,5,100.0,0.0,0.3342015454983312,0.4277343381311417,14
abf_fr_physical,physical,5,100.0,0.5,0.7629291009628781,0.8618160818390124,14
abf_fr_physical,physical,5,100.0,1.5,0.9873086117989264,0.5119728064327286,14
abf_fr_physical,physical,6,100.0,-1.5,0.5678983958199734,0.329640054789091,21
abf_fr_physical,physical,6,100.0,-0.5,0.3768453702996767,0.2482218963136472,20
abf_fr_physical,physical,6,100.0,0.0,0.6375889531749461,0.6026767268712099,16
abf_fr_physical,physical,6,100.0,0.5,0.485004803892884,0.3645820667250168,18
abf_fr_physical,physical,6,100.0,1.5,0.5244420542248037,0.1431512082492714,26
abf_fr_physical,physical,7,100.0,-1.5,0.3669164885024008,0.1166861719668679,17
abf_fr_physical,physical,7,100.0,-0.5,0.8669935174895543,0.6679906120949842,12
abf_fr_physical,physical,7,100.0,0.0,0.8071795002873681,0.6757534980560863,13
abf_fr_physical,physical,7,100.0,0.5,0.5804311092244914,0.6526727973214281,18
abf_fr_physical,physical,7,100.0,1.5,0.5037283377308377,0.2544373676440908,20
abf_fr_physical,physical,0,100.0,-1.5,0.4074904493251417,0.0722432098685146,39
abf_fr_physical,physical,0,100.0,-0.5,0.4950762220875938,0.5085372219828871,26
abf_fr_physical,physical,0,100.0,0.0,0.8740188058393319,0.8712292223696362,10
abf_fr_physical,physical,0,100.0,0.5,0.7372817273360308,0.407464221483149,13
abf_fr_physical,physical,0,100.0,1.5,0.5087750726516546,0.1815261177283187,21
abf_fr_physical,physical,1,100.0,-1.5,0.2150167087935688,0.0608740760062064,25
abf_fr_physical,physical,1,100.0,-0.5,0.6859093497014036,0.7676460493686711,19
abf_fr_physical,physical,1,100.0,0.0,0.6648017851427808,0.5202121992454178,10
abf_fr_physical,physical,1,100.0,0.5,0.4726699620034598,0.4080052507604074,18
abf_fr_physical,physical,1,100.0,1.5,0.5907443922821303,0.1694222647573075,18
abf_fr_physical,physical,2,100.0,-1.5,0.3160013274857214,0.0989071219336176,24
abf_fr_physical,physical,2,100.0,-0.5,0.6535168120844717,0.6439941277691905,24
abf_fr_physical,physical,2,100.0,0.0,0.2265589556633114,0.1382360036135795,22
abf_fr_physical,physical,2,100.0,0.5,0.5190499838800159,0.4185475664233697,18
abf_fr_physical,physical,2,100.0,1.5,0.3717472072800988,0.0997601859654526,17
abf_fr_physical,physical,3,100.0,-1.5,0.3755354141240012,0.1448021146420693,20
abf_fr_physical,physical,3,100.0,-0.5,0.5284982994752008,0.4224590761997704,22
abf_fr_physical,physical,3,100.0,0.0,,,8
abf_fr_physical,physical,3,100.0,0.5,0.4520782298416577,0.4397814336297686,20
abf_fr_physical,physical,3,100.0,1.5,0.8656454537677037,0.418374916172863,13
abf_fr_physical,physical,4,100.0,-1.5,0.6199046051273752,0.2549680167798493,24
abf_fr_physical,physical,4,100.0,-0.5,0.8437763384311383,0.8455685353988333,14
abf_fr_physical,physical,4,100.0,0.0,0.6009301794759008,0.5517424818781514,16
abf_fr_physical,physical,4,100.0,0.5,0.6947273753658134,0.6584157153688096,15
abf_fr_physical,physical,4,100.0,1.5,0.4057286423205706,0.1028493273705468,20
abf_fr_physical,physical,5,100.0,-1.5,0.4069316913597175,0.1143616415901738,29
abf_fr_physical,physical,5,100.0,-0.5,0.4522875927452124,0.4439734074528975,23
abf_fr_physical,physical,5,100.0,0.0,0.8722960673994941,1.01252792396075,10
abf_fr_physical,physical,5,100.0,0.5,0.9022778737308474,0.9862188880618028,15
abf_fr_physical,physical,5,100.0,1.5,0.8630659729843162,0.4932385496050153,12
abf_fr_physical,physical,6,100.0,-1.5,0.4799753904897735,0.2581046026007245,27
abf_fr_physical,physical,6,100.0,-0.5,0.4829129317591607,0.3397656312223973,21
abf_fr_physical,physical,6,100.0,0.0,0.5830252838554952,0.6770732040185478,17
abf_fr_physical,physical,6,100.0,0.5,0.5400151323629061,0.3881429760838243,19
abf_fr_physical,physical,6,100.0,1.5,0.6775799431584117,0.2223866073169244,22
abf_fr_physical,physical,7,100.0,-1.5,0.4169891732253565,0.1156403457312496,23
abf_fr_physical,physical,7,100.0,-0.5,0.8490317097839943,1.01004372675579,16
abf_fr_physical,physical,7,100.0,0.0,0.7021838112462842,0.411475368848657,14
abf_fr_physical,physical,7,100.0,0.5,0.6019702349498776,0.4201047788309901,19
abf_fr_physical,physical,7,100.0,1.5,0.572871017632829,0.2665255677053098,21
abf_fr_physical,physical,0,100.0,-1.5,0.4046734106636616,0.122827458451127,35
abf_fr_physical,physical,0,100.0,-0.5,0.4487776561114656,0.3825303872628343,27
abf_fr_physical,physical,0,100.0,0.0,0.4759011032651641,0.5617532701387976,17
abf_fr_physical,physical,0,100.0,0.5,0.7372817273360308,0.407464221483149,13
abf_fr_physical,physical,0,100.0,1.5,0.2443158756905744,0.0795389212450602,20
abf_fr_physical,physical,1,100.0,-1.5,0.3753539880820728,0.1093946531589478,25
abf_fr_physical,physical,1,100.0,-0.5,0.6832328838749473,0.7009997891043743,24
abf_fr_physical,physical,1,100.0,0.0,0.6402007284183403,0.3693501328107514,10
abf_fr_physical,physical,1,100.0,0.5,0.4669217921202019,0.3428737420648403,17
abf_fr_physical,physical,1,100.0,1.5,0.3049852590594483,0.0716780206945655,20
abf_fr_physical,physical,2,100.0,-1.5,0.4356693836045682,0.1530412007938051,25
abf_fr_physical,physical,2,100.0,-0.5,0.7409304645165005,0.6805860714822405,23
abf_fr_physical,physical,2,100.0,0.0,0.3924206020925381,0.2187782542175492,18
abf_fr_physical,physical,2,100.0,0.5,0.6488153393009531,0.8109438789152197,25
abf_fr_physical,physical,2,100.0,1.5,0.4244055512110636,0.1286042485124782,16
abf_fr_physical,physical,3,100.0,-1.5,0.3784378821174864,0.1442362631318623,22
abf_fr_physical,physical,3,100.0,-0.5,0.4398064775423373,0.4741205705531447,24
abf_fr_physical,physical,3,100.0,0.0,0.8374538293323751,0.5609969008100949,12
abf_fr_physical,physical,3,100.0,0.5,0.5627067547890315,0.401381991768119,21
abf_fr_physical,physical,3,100.0,1.5,0.7959471049164203,0.2750976993549538,22
abf_fr_physical,physical,4,100.0,-1.5,0.3165790594459591,0.0942083771491109,25
abf_fr_physical,physical,4,100.0,-0.5,0.9061438914084872,0.935379076590722,16
abf_fr_physical,physical,4,100.0,0.0,0.4502972207961822,0.2996047821534559,16
abf_fr_physical,physical,4,100.0,0.5,0.5272280064476818,0.6047077480200206,16
abf_fr_physical,physical,4,100.0,1.5,0.4435191568646661,0.1194602207413508,22
abf_fr_physical,physical,5,100.0,-1.5,0.5469008103433932,0.1439064633331159,25
abf_fr_physical,physical,5,100.0,-0.5,0.3822014090336594,0.4133547324277189,24
abf_fr_physical,physical,5,100.0,0.0,0.4755320606674248,0.2904200072699728,12
abf_fr_physical,physical,5,100.0,0.5,0.7629291009628781,0.8618160818390124,14
abf_fr_physical,physical,5,100.0,1.5,0.8696628383070092,0.4457845804905379,17
abf_fr_physical,physical,6,100.0,-1.5,0.6133344121951968,0.290309750144305,31
abf_fr_physical,physical,6,100.0,-0.5,0.5408422785657158,0.4436328896853825,18
abf_fr_physical,physical,6,100.0,0.0,0.4299924722075162,0.3866274365032882,20
abf_fr_physical,physical,6,100.0,0.5,0.5441920551926933,0.4031544746251703,15
abf_fr_physical,physical,6,100.0,1.5,0.4658337693175102,0.1365409008858428,24
abf_fr_physical,physical,7,100.0,-1.5,0.1948744751111785,0.0527503708620441,21
abf_fr_physical,physical,7,100.0,-0.5,0.6726744929327503,0.7355330343022982,13
abf_fr_physical,physical,7,100.0,0.0,0.9769983365575698,0.7493730176898145,16
abf_fr_physical,physical,7,100.0,0.5,0.4998110230961256,0.4023580043952224,17
abf_fr_physical,physical,7,100.0,1.5,0.5013087010868386,0.3198687133214576,17
abf_fr_physical,physical,0,100.0,-1.5,0.296043458572873,0.0892592261761618,32
abf_fr_physical,physical,0,100.0,-0.5,0.3901316643085863,0.3627107918112587,28
abf_fr_physical,physical,0,100.0,0.0,0.521153157682627,0.6465583498880353,15
abf_fr_physical,physical,0,100.0,0.5,0.6195738439533712,0.3629036997485547,13
abf_fr_physical,physical,0,100.0,1.5,0.2092436191737862,0.0422197292533261,22
abf_fr_physical,physical,1,100.0,-1.5,0.4034084753155351,0.093881331968229,26
abf_fr_physical,physical,1,100.0,-0.5,0.5956123942069006,0.5907098912412347,18
abf_fr_physical,physical,1,100.0,0.0,0.4257648040730137,0.1634198289833822,10
abf_fr_physical,physical,1,100.0,0.5,0.6218318835346256,0.4106864333587389,17
abf_fr_physical,physical,1,100.0,1.5,0.515074506052411,0.1813626193382308,22
abf_fr_physical,physical,2,100.0,-1.5,0.3402858470022031,0.1049578114532855,23
abf_fr_physical,physical,2,100.0,-0.5,0.671380331696611,0.6491865095468694,23
abf_fr_physical,physical,2,100.0,0.0,0.3291305839936381,0.1843183065594101,25
abf_fr_physical,physical,2,100.0,0.5,0.4849540820314237,0.4790423003177048,19
abf_fr_physical,physical,2,100.0,1.5,0.4291472512711274,0.1305299521169475,16
abf_fr_physical,physical,3,100.0,-1.5,0.5444947767491402,0.2079770573143645,20
abf_fr_physical,physical,3,100.0,-0.5,0.563096063615215,0.4376597321323627,26
abf_fr_physical,physical,3,100.0,0.0,0.8116536198772846,0.4810028383755629,16
abf_fr_physical,physical,3,100.0,0.5,0.5743155605763749,0.4780620821143799,17
abf_fr_physical,physical,3,100.0,1.5,0.9050053823922808,0.3393470223104881,18
abf_fr_physical,physical,4,100.0,-1.5,0.259958589616339,0.0848319461158934,23
abf_fr_physical,physical,4,100.0,-0.5,0.932911803991146,1.0359539749811504,18
abf_fr_physical,physical,4,100.0,0.0,0.6357275182968192,0.3645753305344766,16
abf_fr_physical,physical,4,100.0,0.5,0.6405564865999344,0.6460204569295359,17
abf_fr_physical,physical,4,100.0,1.5,0.4726579792908115,0.1108473102672571,19
abf_fr_physical,physical,5,100.0,-1.5,0.594147352406885,0.1617294327524763,27
abf_fr_physical,physical,5,100.0,-0.5,0.4194512743202076,0.5053529801941691,24
abf_fr_physical,physical,5,100.0,0.0,0.7145682874312113,0.558393854831783,15
abf_fr_physical,physical,5,100.0,0.5,0.7431200306363503,0.7995066155543974,13
abf_fr_physical,physical,5,100.0,1.5,1.1229230132050043,0.5857394711018432,13
abf_fr_physical,physical,6,100.0,-1.5,0.5846805316132434,0.3292790453382395,22
abf_fr_physical,physical,6,100.0,-0.5,0.4072327837192956,0.320885752144357,19
abf_fr_physical,physical,6,100.0,0.0,0.5772179543324334,0.5020434466626451,21
abf_fr_physical,physical,6,100.0,0.5,0.4328809470214755,0.3202304304139645,18
abf_fr_physical,physical,6,100.0,1.5,0.5005958995310169,0.1467757476789686,25
abf_fr_physical,physical,7,100.0,-1.5,0.271266217881505,0.0646066804112115,23
abf_fr_physical,physical,7,100.0,-0.5,0.5582874804361807,0.542313257139622,17
abf_fr_physical,physical,7,100.0,0.0,0.4657192456126758,0.516730369273693,14
abf_fr_physical,physical,7,100.0,0.5,0.6406668261930694,0.6697807542874222,15
abf_fr_physical,physical,7,100.0,1.5,0.5059079367752312,0.3156600647202054,18
abf_fr_physical,physical,0,100.0,-1.5,0.2331536272065621,0.0429221748079597,31
abf_fr_physical,physical,0,100.0,-0.5,0.5547619043586044,0.6747570144506806,27
abf_fr_physical,physical,0,100.0,0.0,0.518512313013131,0.3707844306482076,16
abf_fr_physical,physical,0,100.0,0.5,0.8748899437679165,0.5544595557050943,12
abf_fr_physical,physical,0,100.0,1.5,0.3522766454791122,0.0607337253497311,17
abf_fr_physical,physical,1,100.0,-1.5,0.4280113280394882,0.0983733907151459,27
abf_fr_physical,physical,1,100.0,-0.5,0.7632657623910911,0.976295428953019,22
abf_fr_physical,physical,1,100.0,0.0,0.4898129973666665,0.4652555526689472,17
abf_fr_physical,physical,1,100.0,0.5,0.4478869696247855,0.3210989057733391,16
abf_fr_physical,physical,1,100.0,1.5,0.4177738492026717,0.1234376123372359,22
abf_fr_physical,physical,2,100.0,-1.5,0.6332929128941941,0.2846992554415991,26
abf_fr_physical,physical,2,100.0,-0.5,0.5822643562198169,0.4635211836473059,21
abf_fr_physical,physical,2,100.0,0.0,0.2797710992714762,0.1188403586158193,27
abf_fr_physical,physical,2,100.0,0.5,0.6376106859368788,0.752477830159007,17
abf_fr_physical,physical,2,100.0,1.5,0.3171314916009335,0.0906057844972616,18
abf_fr_physical,physical,3,100.0,-1.5,0.456729712208803,0.1191336891686565,23
abf_fr_physical,physical,3,100.0,-0.5,0.5456479680080878,0.2820494229503044,24
abf_fr_physical,physical,3,100.0,0.0,0.7728906729778838,0.4784558454410476,15
abf_fr_physical,physical,3,100.0,0.5,0.6321975542859383,0.5477672035111724,19
abf_fr_physical,physical,3,100.0,1.5,0.7669700850355927,0.2656300745143843,17
abf_fr_physical,physical,4,100.0,-1.5,0.4048285370294154,0.1259803313358385,27
abf_fr_physical,physical,4,100.0,-0.5,0.7176875624065209,0.7098100436751065,21
abf_fr_physical,physical,4,100.0,0.0,0.4099234679424957,0.2046405417924887,14
abf_fr_physical,physical,4,100.0,0.5,0.4117535977961905,0.4826652025061699,20
abf_fr_physical,physical,4,100.0,1.5,0.5388161975050691,0.1426409190162638,18
abf_fr_physical,physical,5,100.0,-1.5,0.533448863749325,0.1281678967393931,29
abf_fr_physical,physical,5,100.0,-0.5,0.4696274933002144,0.5305216475421696,21
abf_fr_physical,physical,5,100.0,0.0,0.2734610537674081,0.2646298407068435,16
abf_fr_physical,physical,5,100.0,0.5,0.7309942566732479,0.7793111120329663,15
abf_fr_physical,physical,5,100.0,1.5,0.8227608749119623,0.4372627688705245,16
abf_fr_physical,physical,6,100.0,-1.5,0.5702439444999255,0.315103140431099,23
abf_fr_physical,physical,6,100.0,-0.5,0.4620721862780654,0.3988424418637583,18
abf_fr_physical,physical,6,100.0,0.0,0.5682170786571612,0.5262597656706055,19
abf_fr_physical,physical,6,100.0,0.5,0.6892778813244224,0.6563866521499244,17
abf_fr_physical,physical,6,100.0,1.5,0.3175140102479262,0.0805847584993163,26
abf_fr_physical,physical,7,100.0,-1.5,0.4999028134367284,0.1529235221460345,25
abf_fr_physical,physical,7,100.0,-0.5,0.6837160201172755,0.6859037541042126,15
abf_fr_physical,physical,7,100.0,0.0,0.923970025669052,0.7158176718835653,11
abf_fr_physical,physical,7,100.0,0.5,0.6239050166240016,0.5697215451907607,21
abf_fr_physical,physical,7,100.0,1.5,0.6105519117180646,0.3532145134753179,16
abf_fr_physical,physical,0,100.0,-1.5,0.2273175741778693,0.0853770489001111,30
abf_fr_physical,physical,0,100.0,-0.5,0.5523914740214559,0.6969391346898731,30
abf_fr_physical,physical,0,100.0,0.0,0.8074858892228948,0.6525930734894153,17
abf_fr_physical,physical,0,100.0,0.5,0.632920023552575,0.3984972319379531,15
abf_fr_physical,physical,0,100.0,1.5,0.3506472188542042,0.1176815781171881,15
abf_fr_physical,physical,1,100.0,-1.5,0.27025943122671,0.0774210357702719,23
abf_fr_physical,physical,1,100.0,-0.5,0.852275546191324,0.9601116179014676,22
abf_fr_physical,physical,1,100.0,0.0,0.7991405364082517,0.5406499170838328,10
abf_fr_physical,physical,1,100.0,0.5,0.5489458894898489,0.4567816496339551,19
abf_fr_physical,physical,1,100.0,1.5,0.3414439847575771,0.081687182271487,22
abf_fr_physical,physical,2,100.0,-1.5,0.4539047374007878,0.163605717407759,29
abf_fr_physical,physical,2,100.0,-0.5,0.5956849598883095,0.5409318175844474,22
abf_fr_physical,physical,2,100.0,0.0,0.2616353784511833,0.1558664139704058,19
abf_fr_physical,physical,2,100.0,0.5,0.6458696639172381,0.582054475366358,16
abf_fr_physical,physical,2,100.0,1.5,0.3516879534456543,0.0990598676876596,18
abf_fr_physical,physical,3,100.0,-1.5,0.484372681696066,0.1679058722137483,20
abf_fr_physical,physical,3,100.0,-0.5,0.4139129298468442,0.3906822459898711,25
abf_fr_physical,physical,3,100.0,0.0,0.811583938322249,0.5541181841091609,14
abf_fr_physical,physical,3,100.0,0.5,0.5226865534506123,0.4485375045059657,19
abf_fr_physical,physical,3,100.0,1.5,0.8772265607737603,0.4352868370563893,17
abf_fr_physical,physical,4,100.0,-1.5,0.2646288458735649,0.0810695533446331,27
abf_fr_physical,physical,4,100.0,-0.5,0.7179511688404138,0.6633249138537899,17
abf_fr_physical,physical,4,100.0,0.0,0.5036812939055398,0.3371233662909609,19
abf_fr_physical,physical,4,100.0,0.5,0.7549952990029944,0.9555958312474978,14
abf_fr_physical,physical,4,100.0,1.5,0.2440055859528029,0.0917399131363789,15
abf_fr_physical,physical,5,100.0,-1.5,0.4558057447108004,0.1108670897292566,28
abf_fr_physical,physical,5,100.0,-0.5,0.4007612884123319,0.5031741158140911,23
abf_fr_physical,physical,5,100.0,0.0,0.2132386853905534,0.1882176675910184,15
abf_fr_physical,physical,5,100.0,0.5,0.7706805997436759,0.9078188934899808,17
abf_fr_physical,physical,5,100.0,1.5,0.869815309054524,0.4247253139758136,15
abf_fr_physical,physical,6,100.0,-1.5,0.7359384620491194,0.3857639370563537,23
abf_fr_physical,physical,6,100.0,-0.5,0.7512268870034599,0.5307079344450012,20
abf_fr_physical,physical,6,100.0,0.0,0.4965057056087258,0.5624292574797691,20
abf_fr_physical,physical,6,100.0,0.5,0.5637753261222197,0.3201042917214741,15
abf_fr_physical,physical,6,100.0,1.5,0.4427885970840771,0.1309444840245178,21
abf_fr_physical,physical,7,100.0,-1.5,0.4440602106777502,0.2066598598999671,21
abf_fr_physical,physical,7,100.0,-0.5,0.8246731063664204,0.6824924797620079,14
abf_fr_physical,physical,7,100.0,0.0,1.0013007558452507,0.8679109629128521,12
abf_fr_physical,physical,7,100.0,0.5,0.5728675623420374,0.488158915146301,17
abf_fr_physical,physical,7,100.0,1.5,0.5565463640811373,0.3409417183520353,17
abf_fr_physical,physical,0,100.0,-1.5,0.3322755002767705,0.0997552286555089,29
abf_fr_physical,physical,0,100.0,-0.5,0.593094902803016,0.5621658365152461,24
abf_fr_physical,physical,0,100.0,0.0,0.5281250430158441,0.4843541233767516,22
abf_fr_physical,physical,0,100.0,0.5,0.5660499881621889,0.2955987590833116,13
abf_fr_physical,physical,0,100.0,1.5,0.5347839110532625,0.1447944585028253,17
abf_fr_physical,physical,1,100.0,-1.5,0.5052960627243973,0.2453332529413185,21
abf_fr_physical,physical,1,100.0,-0.5,0.8329095712822434,0.8546205611920648,19
abf_fr_physical,physical,1,100.0,0.0,0.6065369864878511,0.426897381614457,14
abf_fr_physical,physical,1,100.0,0.5,0.5126520949335338,0.4836702865587814,17
abf_fr_physical,physical,1,100.0,1.5,0.4059510875021643,0.1004732081436746,23
abf_fr_physical,physical,2,100.0,-1.5,0.3982810259502506,0.0928917351689855,20
abf_fr_physical,physical,2,100.0,-0.5,0.5752027306826282,0.427327470403281,23
abf_fr_physical,physical,2,100.0,0.0,0.3922549271057493,0.2340695793869212,24
abf_fr_physical,physical,2,100.0,0.5,0.6120472105885841,0.7333363659117961,23
abf_fr_physical,physical,2,100.0,1.5,0.5170933888268021,0.2062827797813476,15
abf_fr_physical,physical,3,100.0,-1.5,0.4810187747620675,0.1663653093301729,20
abf_fr_physical,physical,3,100.0,-0.5,0.4883198994026745,0.4120794166793364,27
abf_fr_physical,physical,3,100.0,0.0,0.5200645946223119,0.2221419774341343,21
abf_fr_physical,physical,3,100.0,0.5,0.599091752282875,0.5383139630335015,15
abf_fr_physical,physical,3,100.0,1.5,0.8506196313203656,0.2909733598296072,18
abf_fr_physical,physical,4,100.0,-1.5,0.3888881340836688,0.1858519242220443,21
abf_fr_physical,physical,4,100.0,-0.5,0.884144207217233,0.9576993035703922,21
abf_fr_physical,physical,4,100.0,0.0,0.5208921686351423,0.3752490348623417,19
abf_fr_physical,physical,4,100.0,0.5,0.4550158402920483,0.5438364681875274,16
abf_fr_physical,physical,4,100.0,1.5,0.3429257433418041,0.0915508708018639,23
abf_fr_physical,physical,5,100.0,-1.5,0.4171946848241022,0.0865321689765644,24
abf_fr_physical,physical,5,100.0,-0.5,0.567538392982206,0.6279290180099742,17
abf_fr_physical,physical,5,100.0,0.0,0.5458701658944304,0.2919989438635552,13
abf_fr_physical,physical,5,100.0,0.5,0.9024134827861396,1.159800805054769,17
abf_fr_physical,physical,5,100.0,1.5,1.0560308926032684,0.4852686884104072,16
abf_fr_physical,physical,6,100.0,-1.5,0.4456070899347342,0.2979709789877948,20
abf_fr_physical,physical,6,100.0,-0.5,0.5137891925946825,0.415524771639164,20
abf_fr_physical,physical,6,100.0,0.0,0.584597740012135,0.6257158784932102,16
abf_fr_physical,physical,6,100.0,0.5,0.4665810002611119,0.3930763801543797,16
abf_fr_physical,physical,6,100.0,1.5,0.4290908274797378,0.0936372760672387,25
abf_fr_physical,physical,7,100.0,-1.5,0.3112844312737706,0.1000620945287223,19
abf_fr_physical,physical,7,100.0,-0.5,0.7657663283148185,0.6515604632174549,16
abf_fr_physical,physical,7,100.0,0.0,0.9812684846051264,0.7160357212802996,18
abf_fr_physical,physical,7,100.0,0.5,0.5295974437563479,0.4625197710015942,14
abf_fr_physical,physical,7,100.0,1.5,0.5928368704231292,0.3790738309561117,18
abf_fr_physical,physical,0,100.0,-1.5,0.2337089233510624,0.0458418784058074,30
abf_fr_physical,physical,0,100.0,-0.5,0.5859831370263902,0.613000743445316,26
abf_fr_physical,physical,0,100.0,0.0,0.4931606543711579,0.3536647089143787,21
abf_fr_physical,physical,0,100.0,0.5,0.875929278148846,0.4413254825842089,15
abf_fr_physical,physical,0,100.0,1.5,0.3098836284452681,0.1266171314950049,19
abf_fr_physical,physical,1,100.0,-1.5,0.2343114230283995,0.069889279069479,22
abf_fr_physical,physical,1,100.0,-0.5,0.6399446406723365,0.8266573275740362,26
abf_fr_physical,physical,1,100.0,0.0,0.4409475548856661,0.3023591233010165,15
abf_fr_physical,physical,1,100.0,0.5,0.4561087431523884,0.5072721667848917,17
abf_fr_physical,physical,1,100.0,1.5,0.4729655341195,0.1162571800233255,23
abf_fr_physical,physical,2,100.0,-1.5,0.4653674760809248,0.1988644078216996,22
abf_fr_physical,physical,2,100.0,-0.5,0.7343390919530635,0.855993425418817,18
abf_fr_physical,physical,2,100.0,0.0,0.4498150923583606,0.1444004963722142,29
abf_fr_physical,physical,2,100.0,0.5,0.6653518003894533,0.8086354385086372,18
abf_fr_physical,physical,2,100.0,1.5,0.1497483372886106,0.0702037174769083,17
abf_fr_physical,physical,3,100.0,-1.5,0.2569060710987513,0.0858976355639495,22
abf_fr_physical,physical,3,100.0,-0.5,0.3319804582154301,0.3173715279259456,28
abf_fr_physical,physical,3,100.0,0.0,0.4649519475798235,0.2362454360593307,18
abf_fr_physical,physical,3,100.0,0.5,0.4965178679528311,0.4883991907407565,18
abf_fr_physical,physical,3,100.0,1.5,0.7130881756439701,0.2785938961905099,15
abf_fr_physical,physical,4,100.0,-1.5,0.5195353619265495,0.1537789264771209,26
abf_fr_physical,physical,4,100.0,-0.5,0.985917202367473,0.9611656669221048,17
abf_fr_physical,physical,4,100.0,0.0,0.5593073573392009,0.4068171553036862,18
abf_fr_physical,physical,4,100.0,0.5,0.4088753503686843,0.3837035327799815,19
abf_fr_physical,physical,4,100.0,1.5,0.6100988742746208,0.1749430527850384,21
abf_fr_physical,physical,5,100.0,-1.5,0.3513430134529125,0.0749038930147683,27
abf_fr_physical,physical,5,100.0,-0.5,0.6336010097066005,0.7700235980614388,20
abf_fr_physical,physical,5,100.0,0.0,0.395591831991269,0.3435597511546233,20
abf_fr_physical,physical,5,100.0,0.5,0.916670734258914,1.0151447668087694,16
abf_fr_physical,physical,5,100.0,1.5,1.0145223761612914,0.417015672185147,16
abf_fr_physical,physical,6,100.0,-1.5,0.3450275399697716,0.2517034461625506,22
abf_fr_physical,physical,6,100.0,-0.5,0.4204175949497592,0.321332791187487,20
abf_fr_physical,physical,6,100.0,0.0,0.5155899214210304,0.4242343436192908,23
abf_fr_physical,physical,6,100.0,0.5,0.3895875756301702,0.3224023867481284,16
abf_fr_physical,physical,6,100.0,1.5,0.4545506642475068,0.1466314571971216,26
abf_fr_physical,physical,7,100.0,-1.5,0.5524915963771259,0.2992448193887737,15
abf_fr_physical,physical,7,100.0,-0.5,0.6385997079663281,0.650558812786524,16
abf_fr_physical,physical,7,100.0,0.0,1.0159073653647055,0.8412410269197537,18
abf_fr_physical,physical,7,100.0,0.5,0.639508711878484,0.5246182847060376,16
abf_fr_physical,physical,7,100.0,1.5,0.4920241484396419,0.2740664813065999,21
abf_fr_physical,physical,0,100.0,-1.5,0.3447454847183809,0.0925240797574471,36
abf_fr_physical,physical,0,100.0,-0.5,0.3142471218590215,0.331206559098152,26
abf_fr_physical,physical,0,100.0,0.0,0.5356683548164292,0.6241972333057347,20
abf_fr_physical,physical,0,100.0,0.5,0.6911837340894672,0.4609987825631235,12
abf_fr_physical,physical,0,100.0,1.5,0.3384402456174447,0.129441405858065,20
abf_fr_physical,physical,1,100.0,-1.5,0.3708350640956823,0.0988618400200556,21
abf_fr_physical,physical,1,100.0,-0.5,0.6536393322381651,0.5969835821765016,23
abf_fr_physical,physical,1,100.0,0.0,0.6179017778471424,0.4973214856225219,17
abf_fr_physical,physical,1,100.0,0.5,0.5184596389678178,0.6303243456718527,17
abf_fr_physical,physical,1,100.0,1.5,0.4115482402474493,0.1705799268634776,21
abf_fr_physical,physical,2,100.0,-1.5,0.5816818562978572,0.2610359162356961,22
abf_fr_physical,physical,2,100.0,-0.5,0.6521500829243753,0.6398417958175047,22
abf_fr_physical,physical,2,100.0,0.0,0.3844252916915662,0.1669915316812111,27
abf_fr_physical,physical,2,100.0,0.5,0.3506843646015605,0.4230811485311659,21
abf_fr_physical,physical,2,100.0,1.5,0.3149589033412931,0.0883530162954271,21
abf_fr_physical,physical,3,100.0,-1.5,0.6581455058230243,0.2353538129262378,20
abf_fr_physical,physical,3,100.0,-0.5,0.354119917312896,0.3190394265168257,25
abf_fr_physical,physical,3,100.0,0.0,0.7149577644919701,0.3266123396774491,17
abf_fr_physical,physical,3,100.0,0.5,0.5011094001068946,0.5017335908526801,21
abf_fr_physical,physical,3,100.0,1.5,0.9031771551150768,0.3107253249181429,20
abf_fr_physical,physical,4,100.0,-1.5,0.4153282745192882,0.1588236678086297,29
abf_fr_physical,physical,4,100.0,-0.5,1.036107226504429,1.1383015354890695,21
abf_fr_physical,physical,4,100.0,0.0,0.6648872978105942,0.4587911721382627,19
abf_fr_physical,physical,4,100.0,0.5,0.6669082691672483,0.9414425857721924,17
abf_fr_physical,physical,4,100.0,1.5,0.6031110748476748,0.1914451535605508,18
abf_fr_physical,physical,5,100.0,-1.5,0.3647273198133285,0.1217870940002699,28
abf_fr_physical,physical,5,100.0,-0.5,0.3998577213078965,0.4602115157861701,27
abf_fr_physical,physical,5,100.0,0.0,0.5689207517898165,0.4511404856224945,23
abf_fr_physical,physical,5,100.0,0.5,0.6390703949824397,0.7564131065252934,17
abf_fr_physical,physical,5,100.0,1.5,1.2673634108042309,0.5735623162299697,17
abf_fr_physical,physical,6,100.0,-1.5,0.647020448755929,0.3665805552859864,20
abf_fr_physical,physical,6,100.0,-0.5,0.6373721823194648,0.4681915754589683,18
abf_fr_physical,physical,6,100.0,0.0,0.518698052644067,0.6302999199266632,19
abf_fr_physical,physical,6,100.0,0.5,0.4883915076228836,0.3899268008138535,15
abf_fr_physical,physical,6,100.0,1.5,0.6856515946484849,0.2203655515680897,29
abf_fr_physical,physical,7,100.0,-1.5,0.5609982654361826,0.1502113640541608,16
abf_fr_physical,physical,7,100.0,-0.5,0.7232453047060087,0.553966367804251,15
abf_fr_physical,physical,7,100.0,0.0,0.7016283561887944,0.6516893530099396,14
abf_fr_physical,physical,7,100.0,0.5,0.5849235013329876,0.7235219998599683,15
abf_fr_physical,physical,7,100.0,1.5,0.481257172842113,0.2836332656194224,21
abf_fr_physical,physical,0,100.0,-1.5,0.2674741271519459,0.1035262369715343,36
abf_fr_physical,physical,0,100.0,-0.5,0.5101939678517335,0.5655734161313306,22
abf_fr_physical,physical,0,100.0,0.0,0.5862214179017136,0.4615340732324338,15
abf_fr_physical,physical,0,100.0,0.5,,,7
abf_fr_physical,physical,0,100.0,1.5,0.5700972271376589,0.1665940545973261,21
abf_fr_physical,physical,1,100.0,-1.5,0.1799168460638397,0.0504815440093932,25
abf_fr_physical,physical,1,100.0,-0.5,0.438469758736437,0.3345407568842373,25
abf_fr_physical,physical,1,100.0,0.0,,,9
abf_fr_physical,physical,1,100.0,0.5,0.8054501133370267,0.7533413297566232,11
abf_fr_physical,physical,1,100.0,1.5,0.2298245113638174,0.1045071464566831,27
abf_fr_physical,physical,2,100.0,-1.5,0.6872514791136459,0.2846824880036648,27
abf_fr_physical,physical,2,100.0,-0.5,0.4706595266539042,0.5774690537125554,18
abf_fr_physical,physical,2,100.0,0.0,0.4798561651757533,0.2320694474513207,18
abf_fr_physical,physical,2,100.0,0.5,0.8234139811789196,0.9264093825576136,19
abf_fr_physical,physical,2,100.0,1.5,0.4447992857729905,0.1268001109034631,14
abf_fr_physical,physical,3,100.0,-1.5,0.2508241082371105,0.0913073485293303,22
abf_fr_physical,physical,3,100.0,-0.5,0.5618382806225274,0.3410780382494709,24
abf_fr_physical,physical,3,100.0,0.0,0.7901794267115477,0.533941687233187,15
abf_fr_physical,physical,3,100.0,0.5,0.4960082083186347,0.3312528834915046,21
abf_fr_physical,physical,3,100.0,1.5,0.7212886159961669,0.2213824427661316,18
abf_fr_physical,physical,4,100.0,-1.5,0.4959551504890662,0.1906743342391251,23
abf_fr_physical,physical,4,100.0,-0.5,1.0087617329091247,1.0196732128937938,22
abf_fr_physical,physical,4,100.0,0.0,0.5098048796813085,0.4371024454781793,19
abf_fr_physical,physical,4,100.0,0.5,0.5151433816415095,0.555638309980781,18
abf_fr_physical,physical,4,100.0,1.5,0.5031859019731922,0.1401010982978691,22
abf_fr_physical,physical,5,100.0,-1.5,0.3753450461857313,0.110616091292934,26
abf_fr_physical,physical,5,100.0,-0.5,0.3765857431240902,0.3490702763291528,26
abf_fr_physical,physical,5,100.0,0.0,0.6206349448387372,0.6753016221706062,12
abf_fr_physical,physical,5,100.0,0.5,0.7867994930797441,0.682088328798448,17
abf_fr_physical,physical,5,100.0,1.5,0.7315662577708455,0.215643585688274,15
abf_fr_physical,physical,6,100.0,-1.5,0.5183470701438903,0.2044068648588229,24
abf_fr_physical,physical,6,100.0,-0.5,0.4662094043240014,0.3900490341419266,23
abf_fr_physical,physical,6,100.0,0.0,0.4302767659220928,0.4328531988274682,12
abf_fr_physical,physical,6,100.0,0.5,0.6476647824455162,0.6325458268308572,19
abf_fr_physical,physical,6,100.0,1.5,0.3960473019523764,0.1481933656933744,20
abf_fr_physical,physical,7,100.0,-1.5,0.4068759322425795,0.103648181985026,22
abf_fr_physical,physical,7,100.0,-0.5,0.9183899782276456,1.094205945985094,14
abf_fr_physical,physical,7,100.0,0.0,0.7514158143303112,0.32352501026662,10
abf_fr_physical,physical,7,100.0,0.5,0.7342165480700702,0.5131404746618798,21
abf_fr_physical,physical,7,100.0,1.5,0.4074692096166742,0.1706055187310823,23
abf_fr_physical,physical,0,100.0,-1.5,0.1680197761971463,0.0389378555250654,35
abf_fr_physical,physical,0,100.0,-0.5,0.3977280498291005,0.4479549570256518,32
abf_fr_physical,physical,0,100.0,0.0,0.4277292713261458,0.5330096185063983,16
abf_fr_physical,physical,0,100.0,0.5,,,9
abf_fr_physical,physical,0,100.0,1.5,0.2772998803670973,0.1197581524966711,18
abf_fr_physical,physical,1,100.0,-1.5,0.436052344313471,0.1436186669353116,23
abf_fr_physical,physical,1,100.0,-0.5,0.6158990839208865,0.5729672062990404,19
abf_fr_physical,physical,1,100.0,0.0,0.7877633077993897,0.7371914708338212,12
abf_fr_physical,physical,1,100.0,0.5,0.5054414734808216,0.5047269608857209,18
abf_fr_physical,physical,1,100.0,1.5,0.3839393031367067,0.1138777314275361,20
abf_fr_physical,physical,2,100.0,-1.5,0.442351471732981,0.2006526234726201,21
abf_fr_physical,physical,2,100.0,-0.5,0.5900079203266334,0.4242120111097834,24
abf_fr_physical,physical,2,100.0,0.0,0.4540582331152744,0.1822834402466405,26
abf_fr_physical,physical,2,100.0,0.5,0.4187483723952197,0.2855762990504828,17
abf_fr_physical,physical,2,100.0,1.5,0.3509164770145379,0.0976200361849439,20
abf_fr_physical,physical,3,100.0,-1.5,0.5359103093892374,0.1480645094033863,26
abf_fr_physical,physical,3,100.0,-0.5,0.4711208539635756,0.3158730075317915,25
abf_fr_physical,physical,3,100.0,0.0,0.5996443597780553,0.4297231694685081,10
abf_fr_physical,physical,3,100.0,0.5,0.5739296872552939,0.3939559121868232,21
abf_fr_physical,physical,3,100.0,1.5,0.6025574632799099,0.1747759112454567,20
abf_fr_physical,physical,4,100.0,-1.5,0.3469128175127037,0.1706061645200374,22
abf_fr_physical,physical,4,100.0,-0.5,0.7390999133460666,0.6825476859231384,19
abf_fr_physical,physical,4,100.0,0.0,0.5318296553331391,0.2660861542251648,22
abf_fr_physical,physical,4,100.0,0.5,0.5796263449441224,0.6126699949253709,17
abf_fr_physical,physical,4,100.0,1.5,0.4645676172055244,0.1337337102560309,20
abf_fr_physical,physical,5,100.0,-1.5,0.3242271081387175,0.0731692562885374,26
abf_fr_physical,physical,5,100.0,-0.5,0.4237819054450514,0.4027836078153026,22
abf_fr_physical,physical,5,100.0,0.0,0.2002141899214728,0.171861577114548,17
abf_fr_physical,physical,5,100.0,0.5,0.9243112938705828,1.203274689852845,11
abf_fr_physical,physical,5,100.0,1.5,0.9436414976705728,0.4771005259564956,16
abf_fr_physical,physical,6,100.0,-1.5,0.5051332525853831,0.1647616547914176,22
abf_fr_physical,physical,6,100.0,-0.5,0.5330932592455964,0.4140876079977013,19
abf_fr_physical,physical,6,100.0,0.0,0.4798004664181666,0.5654823930165743,18
abf_fr_physical,physical,6,100.0,0.5,0.7720201034390141,0.5597174925527802,14
abf_fr_physical,physical,6,100.0,1.5,0.2276252841012666,0.0608806070432376,22
abf_fr_physical,physical,7,100.0,-1.5,0.6619410724369167,0.2397359815393817,21
abf_fr_physical,physical,7,100.0,-0.5,0.8567807539273632,0.91989846945131,13
abf_fr_physical,physical,7,100.0,0.0,0.6436192266011185,0.5449885715596692,17
abf_fr_physical,physical,7,100.0,0.5,0.7152760388399185,0.5360166106509117,21
abf_fr_physical,physical,7,100.0,1.5,0.4574594782820798,0.1976147710864589,20
abf_fr_physical,physical,0,100.0,-1.5,0.187730633266623,0.0379724520723881,35
abf_fr_physical,physical,0,100.0,-0.5,0.4361370712663459,0.4691988392390053,32
abf_fr_physical,physical,0,100.0,0.0,0.4401693807888231,0.5057928318849555,20
abf_fr_physical,physical,0,100.0,0.5,0.7267427552306212,0.4135181422246415,14
abf_fr_physical,physical,0,100.0,1.5,0.3118519245871222,0.1321908841366229,17
abf_fr_physical,physical,1,100.0,-1.5,0.6416060433974543,0.2251316974454247,19
abf_fr_physical,physical,1,100.0,-0.5,0.9169302355490732,1.1111735330983707,22
abf_fr_physical,physical,1,100.0,0.0,0.5315258453024656,0.3888599971756216,28
abf_fr_physical,physical,1,100.0,0.5,0.588641551813566,0.6208217581194232,17
abf_fr_physical,physical,1,100.0,1.5,0.23972885221607,0.1579959584723147,25
abf_fr_physical,physical,2,100.0,-1.5,0.4242090750158523,0.122867471043424,18
abf_fr_physical,physical,2,100.0,-0.5,0.5072717053691899,0.3199571912837713,23
abf_fr_physical,physical,2,100.0,0.0,0.2317708659806727,0.1846165448706801,30
abf_fr_physical,physical,2,100.0,0.5,0.7501488112983566,0.600384932109324,15
abf_fr_physical,physical,2,100.0,1.5,0.4979507603813032,0.1043008577132027,26
abf_fr_physical,physical,3,100.0,-1.5,0.3381533644963483,0.1058162982707644,21
abf_fr_physical,physical,3,100.0,-0.5,0.3501655810107946,0.3697337933514731,24
abf_fr_physical,physical,3,100.0,0.0,0.379719032838712,0.1646532764664419,18
abf_fr_physical,physical,3,100.0,0.5,0.4670424125467403,0.3135753570857053,25
abf_fr_physical,physical,3,100.0,1.5,0.3677536845494111,0.0699623106446095,17
abf_fr_physical,physical,4,100.0,-1.5,0.4321482018277998,0.1790998545123747,18
abf_fr_physical,physical,4,100.0,-0.5,0.6045215593389021,0.4300535968065038,21
abf_fr_physical,physical,4,100.0,0.0,0.386493545970992,0.1924135747925717,35
abf_fr_physical,physical,4,100.0,0.5,0.6148586457953059,0.584457749737757,18
abf_fr_physical,physical,4,100.0,1.5,0.611485210999977,0.1485950572061574,18
abf_fr_physical,physical,5,100.0,-1.5,0.6357727575165383,0.203833681849714,23
abf_fr_physical,physical,5,100.0,-0.5,0.466424120195966,0.3746078653507891,23
abf_fr_physical,physical,5,100.0,0.0,0.3669135597642862,0.333352914480183,14
abf_fr_physical,physical,5,100.0,0.5,0.801933283188574,1.0972315287960837,23
abf_fr_physical,physical,5,100.0,1.5,0.4213791733509551,0.0914476452122864,17
abf_fr_physical,physical,6,100.0,-1.5,0.6054900296555522,0.2568605097105282,19
abf_fr_physical,physical,6,100.0,-0.5,0.3719030963949011,0.3169761726518859,22
abf_fr_physical,physical,6,100.0,0.0,0.7717692226456264,0.7475191482971884,21
abf_fr_physical,physical,6,100.0,0.5,0.6319657936410861,0.504522768452237,21
abf_fr_physical,physical,6,100.0,1.5,0.6145664454798794,0.1820027427005073,24
abf_fr_physical,physical,7,100.0,-1.5,0.4936226608494058,0.1873829851827609,14
abf_fr_physical,physical,7,100.0,-0.5,0.4872438212341081,0.4788480090710068,15
abf_fr_physical,physical,7,100.0,0.0,0.4014714196012255,0.3068298622264506,16
abf_fr_physical,physical,7,100.0,0.5,0.7532692236836419,1.0114253623901424,17
abf_fr_physical,physical,7,100.0,1.5,0.4794629566906614,0.2633492631337522,22
abf_fr_physical,physical,0,100.0,-1.5,0.3836082211756167,0.078756098931861,28
abf_fr_physical,physical,0,100.0,-0.5,0.5449657496380547,0.7136006460905678,27
abf_fr_physical,physical,0,100.0,0.0,0.4375153321092584,0.2705234600251336,21
abf_fr_physical,physical,0,100.0,0.5,0.7298470120775389,0.5518294466155743,14
abf_fr_physical,physical,0,100.0,1.5,0.653663254967383,0.2639605167790974,16
abf_fr_physical,physical,1,100.0,-1.5,0.4047904167681384,0.1606188257044431,22
abf_fr_physical,physical,1,100.0,-0.5,0.6641032752948091,0.8199173526235449,22
abf_fr_physical,physical,1,100.0,0.0,0.6180980789306401,0.2635722752298603,11
abf_fr_physical,physical,1,100.0,0.5,0.3882464256570155,0.412035831119605,18
abf_fr_physical,physical,1,100.0,1.5,0.4744832867445387,0.1543913713005552,30
abf_fr_physical,physical,2,100.0,-1.5,0.5440706876046632,0.1556781960274066,23
abf_fr_physical,physical,2,100.0,-0.5,0.793253960514584,0.7702609890516879,15
abf_fr_physical,physical,2,100.0,0.0,0.2488558053815323,0.1215571669112357,26
abf_fr_physical,physical,2,100.0,0.5,0.9484694564987072,1.1562859475196423,19
abf_fr_physical,physical,2,100.0,1.5,0.3747090634077325,0.1210281874678508,16
abf_fr_physical,physical,3,100.0,-1.5,0.4822052353859268,0.1966895926704826,21
abf_fr_physical,physical,3,100.0,-0.5,0.4316315826328055,0.4513072316341822,28
abf_fr_physical,physical,3,100.0,0.0,0.7973502088229909,0.3718955873865506,18
abf_fr_physical,physical,3,100.0,0.5,0.6233370977487064,0.5946003014367206,22
abf_fr_physical,physical,3,100.0,1.5,0.915639921777028,0.4142038537013628,17
abf_fr_physical,physical,4,100.0,-1.5,0.3283865538059575,0.1132141876012208,28
abf_fr_physical,physical,4,100.0,-0.5,0.715257112537278,0.8209965229354013,20
abf_fr_physical,physical,4,100.0,0.0,0.6930860960768791,0.394425447004065,21
abf_fr_physical,physical,4,100.0,0.5,1.002105915687253,1.1434757280969654,13
abf_fr_physical,physical,4,100.0,1.5,0.4090982918757719,0.1207362516921101,18
abf_fr_physical,physical,5,100.0,-1.5,0.4694777851803963,0.1307920759340009,27
abf_fr_physical,physical,5,100.0,-0.5,0.4590393252405225,0.5528905973250101,26
abf_fr_physical,physical,5,100.0,0.0,0.4491291164488818,0.5649831625885586,17
abf_fr_physical,physical,5,100.0,0.5,0.7775003628969896,0.7522458338345827,17
abf_fr_physical,physical,5,100.0,1.5,0.888914056312709,0.4659289396718235,15
abf_fr_physical,physical,6,100.0,-1.5,0.4147195461715211,0.1849333965017205,21
abf_fr_physical,physical,6,100.0,-0.5,0.5478926167186413,0.4619707338320544,19
abf_fr_physical,physical,6,100.0,0.0,0.6029224974071279,0.3942654464131471,19
abf_fr_physical,physical,6,100.0,0.5,0.7162255910001661,0.7068931556152025,15
abf_fr_physical,physical,6,100.0,1.5,0.4591436795322865,0.1443999174584402,27
abf_fr_physical,physical,7,100.0,-1.5,0.2820958065151183,0.0914651947264826,20
abf_fr_physical,physical,7,100.0,-0.5,0.823081863944548,0.7807550999222997,15
abf_fr_physical,physical,7,100.0,0.0,0.8582699312967148,0.6750268931582608,16
abf_fr_physical,physical,7,100.0,0.5,0.7403691292760567,0.6958097944670741,21
abf_fr_physical,physical,7,100.0,1.5,0.4943148936879632,0.2468193032763178,14
abf_fr_physical,physical,0,100.0,-1.5,0.3383257006796827,0.0675336955686504,28
abf_fr_physical,physical,0,100.0,-0.5,0.4756059379016803,0.4658347783065402,29
abf_fr_physical,physical,0,100.0,0.0,0.5084261155012043,0.4574820099198275,26
abf_fr_physical,physical,0,100.0,0.5,0.7878392234212447,0.4535388883289661,13
abf_fr_physical,physical,0,100.0,1.5,0.2832997508093936,0.0885961888042085,21
abf_fr_physical,physical,1,100.0,-1.5,0.3275979747729663,0.1533210162242815,23
abf_fr_physical,physical,1,100.0,-0.5,0.6879868254182447,0.587045757870861,26
abf_fr_physical,physical,1,100.0,0.0,0.5286006995358985,0.3596048874003491,13
abf_fr_physical,physical,1,100.0,0.5,0.579193079431563,0.5697495114172985,19
abf_fr_physical,physical,1,100.0,1.5,0.3982674675715345,0.107671846619761,25
abf_fr_physical,physical,2,100.0,-1.5,0.3416546930460854,0.0834287125308432,22
abf_fr_physical,physical,2,100.0,-0.5,0.6006165027651011,0.4830677400415658,32
abf_fr_physical,physical,2,100.0,0.0,0.3513127596899003,0.1918113838074066,20
abf_fr_physical,physical,2,100.0,0.5,0.5386824944903874,0.4804996852589285,22
abf_fr_physical,physical,2,100.0,1.5,0.3767674975985016,0.0714709152274458,25
abf_fr_physical,physical,3,100.0,-1.5,0.5491086577831298,0.1422519295217631,21
abf_fr_physical,physical,3,100.0,-0.5,0.3858867329484847,0.2951102527059313,25
abf_fr_physical,physical,3,100.0,0.0,0.7080792929656549,0.5565735460906989,20
abf_fr_physical,physical,3,100.0,0.5,0.3700216337547915,0.3869056555029115,20
abf_fr_physical,physical,3,100.0,1.5,0.3597616213362722,0.1276371352698952,17
abf_fr_physical,physical,4,100.0,-1.5,0.2897625671214629,0.1338352327304131,26
abf_fr_physical,physical,4,100.0,-0.5,0.9444960347482928,1.1089601674322185,15
abf_fr_physical,physical,4,100.0,0.0,0.583632927268048,0.3982745321118497,24
abf_fr_physical,physical,4,100.0,0.5,0.8489119897121422,0.9669242934937432,15
abf_fr_physical,physical,4,100.0,1.5,0.3398331767679161,0.0981869958229651,20
abf_fr_physical,physical,5,100.0,-1.5,0.4512388323636331,0.1204150280478002,23
abf_fr_physical,physical,5,100.0,-0.5,0.442923603554166,0.4364499370288293,18
abf_fr_physical,physical,5,100.0,0.0,0.2762187943396293,0.2002248379464117,19
abf_fr_physical,physical,5,100.0,0.5,0.7434880228068774,0.868299582891113,20
abf_fr_physical,physical,5,100.0,1.5,0.741848283233973,0.3296740342500139,12
abf_fr_physical,physical,6,100.0,-1.5,0.3083508712636791,0.2543452787086565,24
abf_fr_physical,physical,6,100.0,-0.5,0.5124569722504645,0.4697620720556226,18
abf_fr_physical,physical,6,100.0,0.0,0.6169211022224537,0.7505843068820329,19
abf_fr_physical,physical,6,100.0,0.5,0.5635633711593788,0.6383216413200943,13
abf_fr_physical,physical,6,100.0,1.5,0.4131134454947798,0.0844925724646418,25
abf_fr_physical,physical,7,100.0,-1.5,0.5496869439414179,0.1717765305694758,20
abf_fr_physical,physical,7,100.0,-0.5,0.7484513709375074,0.9016949791190272,19
abf_fr_physical,physical,7,100.0,0.0,0.8657230090684621,0.6244515470099783,17
abf_fr_physical,physical,7,100.0,0.5,0.7200956328506808,0.7345395272904188,20
abf_fr_physical,physical,7,100.0,1.5,0.6423245101088941,0.3762774672502699,15
abf_fr_physical,physical,0,100.0,-1.5,0.4109347003482427,0.0813742891267653,27
abf_fr_physical,physical,0,100.0,-0.5,0.5118330070982134,0.442842769781119,29
abf_fr_physical,physical,0,100.0,0.0,0.5031246275561596,0.3400070073957916,21
abf_fr_physical,physical,0,100.0,0.5,0.7441940892452704,0.4318335056876612,14
abf_fr_physical,physical,0,100.0,1.5,0.340857608049777,0.0611242065666466,23
abf_fr_physical,physical,1,100.0,-1.5,0.2525468461277595,0.1141893044177737,25
abf_fr_physical,physical,1,100.0,-0.5,0.8737611619611069,0.906885270911064,20
abf_fr_physical,physical,1,100.0,0.0,0.4141542393202537,0.3185730149541765,26
abf_fr_physical,physical,1,100.0,0.5,0.4825847172809036,0.4642516462499102,16
abf_fr_physical,physical,1,100.0,1.5,0.2358511961774541,0.0600733326116861,20
abf_fr_physical,physical,2,100.0,-1.5,0.3048150937378575,0.1025825323904554,22
abf_fr_physical,physical,2,100.0,-0.5,0.4946200992691092,0.3766951902428752,25
abf_fr_physical,physical,2,100.0,0.0,0.3364017764119156,0.2008441407469971,25
abf_fr_physical,physical,2,100.0,0.5,0.9367678399198238,0.6307523811715579,18
abf_fr_physical,physical,2,100.0,1.5,0.5773885577987975,0.1488186117190133,26
abf_fr_physical,physical,3,100.0,-1.5,0.3041390169669355,0.1094325074420146,25
abf_fr_physical,physical,3,100.0,-0.5,0.3305637782867062,0.2249801062253015,25
abf_fr_physical,physical,3,100.0,0.0,0.6332249723118726,0.5357845859188343,21
abf_fr_physical,physical,3,100.0,0.5,0.4960282063959916,0.3481709337832707,21
abf_fr_physical,physical,3,100.0,1.5,0.5154672954631294,0.1505566682924727,14
abf_fr_physical,physical,4,100.0,-1.5,0.5379118800365126,0.1219790437076265,24
abf_fr_physical,physical,4,100.0,-0.5,0.6528036458904098,0.3906472671996423,22
abf_fr_physical,physical,4,100.0,0.0,0.3115105144349487,0.2066543119526767,23
abf_fr_physical,physical,4,100.0,0.5,0.6063789611838194,0.6136736300827683,13
abf_fr_physical,physical,4,100.0,1.5,0.5342631066664367,0.1665422213416403,17
abf_fr_physical,physical,5,100.0,-1.5,0.5304218001484151,0.1549156853095419,26
abf_fr_physical,physical,5,100.0,-0.5,0.3310449134875762,0.1486353028961132,23
abf_fr_physical,physical,5,100.0,0.0,0.5260648796369322,0.4502860609708,19
abf_fr_physical,physical,5,100.0,0.5,0.7865204622014803,0.8348396637583777,20
abf_fr_physical,physical,5,100.0,1.5,0.6195763387627791,0.2517848466285765,14
abf_fr_physical,physical,6,100.0,-1.5,0.4333921672517362,0.4077853481302326,16
abf_fr_physical,physical,6,100.0,-0.5,0.4583215479424729,0.3306497987900076,21
abf_fr_physical,physical,6,100.0,0.0,0.8065537043261136,1.0479946697031637,19
abf_fr_physical,physical,6,100.0,0.5,0.7849218158631088,0.6696100775533279,13
abf_fr_physical,physical,6,100.0,1.5,0.4553651906097446,0.1207079685765027,30
abf_fr_physical,physical,7,100.0,-1.5,0.4999220591810447,0.3109264734056839,17
abf_fr_physical,physical,7,100.0,-0.5,0.4058712745107022,0.3852566005792724,14
abf_fr_physical,physical,7,100.0,0.0,0.8868151610595715,0.676181944808732,21
abf_fr_physical,physical,7,100.0,0.5,0.5502082993466823,0.6430379324513971,15
abf_fr_physical,physical,7,100.0,1.5,0.6370733635150176,0.3960928630584761,18
abf_fr_physical,physical,0,100.0,-1.5,0.4417463375203902,0.1412852793836867,28
abf_fr_physical,physical,0,100.0,-0.5,0.5063518824044831,0.4664129288796859,29
abf_fr_physical,physical,0,100.0,0.0,0.5115935062420849,0.2382120630186691,27
abf_fr_physical,physical,0,100.0,0.5,0.7490595042672186,0.3894472809453371,14
abf_fr_physical,physical,0,100.0,1.5,0.3629283519798749,0.0849312179027369,20
abf_fr_physical,physical,1,100.0,-1.5,0.2533965298987198,0.0928878727321526,19
abf_fr_physical,physical,1,100.0,-0.5,0.6004777208554462,0.7572135337392485,22
abf_fr_physical,physical,1,100.0,0.0,0.4594446923850703,0.3260549545556223,26
abf_fr_physical,physical,1,100.0,0.5,0.7395347600354774,0.9368640074160374,20
abf_fr_physical,physical,1,100.0,1.5,0.32377914597103,0.1671082298540271,19
abf_fr_physical,physical,2,100.0,-1.5,0.6703411595945766,0.3520801092306938,17
abf_fr_physical,physical,2,100.0,-0.5,0.9470270419883656,1.2436201182820106,19
abf_fr_physical,physical,2,100.0,0.0,0.383594351376,0.1803634598074574,36
abf_fr_physical,physical,2,100.0,0.5,0.603287841835176,0.677875968735125,30
abf_fr_physical,physical,2,100.0,1.5,0.3540843000692729,0.08169422992052,19
abf_fr_physical,physical,3,100.0,-1.5,0.4850566416608176,0.2040554740139744,23
abf_fr_physical,physical,3,100.0,-0.5,0.6983349272761771,0.7354211801493407,17
abf_fr_physical,physical,3,100.0,0.0,0.3370116154177036,0.1529110516046511,36
abf_fr_physical,physical,3,100.0,0.5,0.6629557543294273,0.6171916537821533,16
abf_fr_physical,physical,3,100.0,1.5,0.7195278111428522,0.222316306445507,15
abf_fr_physical,physical,4,100.0,-1.5,0.8514607222162572,0.4637641628327646,20
abf_fr_physical,physical,4,100.0,-0.5,0.9998438210362068,1.3822941283891532,20
abf_fr_physical,physical,4,100.0,0.0,0.2782095936041367,0.1276475106312598,31
abf_fr_physical,physical,4,100.0,0.5,0.6119225800188367,0.636316370515009,19
abf_fr_physical,physical,4,100.0,1.5,0.4931743746393354,0.1841223394849868,17
abf_fr_physical,physical,5,100.0,-1.5,0.4500546375026362,0.1458695495376008,20
abf_fr_physical,physical,5,100.0,-0.5,0.5502899720426594,0.5676552621244602,25
abf_fr_physical,physical,5,100.0,0.0,0.3121167342417103,0.2705908837996005,31
abf_fr_physical,physical,5,100.0,0.5,0.9101529502081968,1.187082643773327,16
abf_fr_physical,physical,5,100.0,1.5,0.9635496626930208,0.4354264911556535,15
abf_fr_physical,physical,6,100.0,-1.5,0.7040285074897418,0.332667993876621,19
abf_fr_physical,physical,6,100.0,-0.5,0.7092787140688096,0.8495194237705416,21
abf_fr_physical,physical,6,100.0,0.0,0.4387736592729892,0.1917855909567191,25
abf_fr_physical,physical,6,100.0,0.5,0.5867421226829618,0.5502945954997087,17
abf_fr_physical,physical,6,100.0,1.5,0.5724976204603497,0.2401057967763409,29
abf_fr_physical,physical,7,100.0,-1.5,0.2416757698672806,0.0813072098694713,18
abf_fr_physical,physical,7,100.0,-0.5,0.8449467261687246,0.4479204587523748,13
abf_fr_physical,physical,7,100.0,0.0,0.7287088297757839,0.5193831573322718,25
abf_fr_physical,physical,7,100.0,0.5,0.6100530998820012,0.6752248530421724,14
abf_fr_physical,physical,7,100.0,1.5,0.3250288776877235,0.1746450630052279,21
abf_fr_physical,physical,0,100.0,-1.5,0.290704885740892,0.1209526474564907,28
abf_fr_physical,physical,0,100.0,-0.5,0.5281444277214188,0.5479891957622299,33
abf_fr_physical,physical,0,100.0,0.0,0.5213166105957905,0.4710761910768982,21
abf_fr_physical,physical,0,100.0,0.5,0.6703586161732078,0.622538494163157,13
abf_fr_physical,physical,0,100.0,1.5,0.538194736270904,0.2411816157947559,22
abf_fr_physical,physical,1,100.0,-1.5,0.5233890602724677,0.1533593394706364,19
abf_fr_physical,physical,1,100.0,-0.5,0.5718748612963306,0.5625232858975188,24
abf_fr_physical,physical,1,100.0,0.0,0.4961435584371027,0.2894868468503483,15
abf_fr_physical,physical,1,100.0,0.5,0.6842426322874635,0.554494135750455,15
abf_fr_physical,physical,1,100.0,1.5,0.3341850345056573,0.1520501661628996,21
abf_fr_physical,physical,2,100.0,-1.5,0.3524851306043801,0.1009875719155078,24
abf_fr_physical,physical,2,100.0,-0.5,0.5396863916279413,0.4630411656037236,31
abf_fr_physical,physical,2,100.0,0.0,0.4611499938639818,0.300931358490514,22
abf_fr_physical,physical,2,100.0,0.5,0.3945733080557819,0.478788327304649,19
abf_fr_physical,physical,2,100.0,1.5,0.1822405930646006,0.0733442264310975,22
abf_fr_physical,physical,3,100.0,-1.5,0.4498002658747919,0.1244039925040494,23
abf_fr_physical,physical,3,100.0,-0.5,0.7016011937311158,0.7308239793887398,24
abf_fr_physical,physical,3,100.0,0.0,0.4694218035714381,0.2272247732948626,27
abf_fr_physical,physical,3,100.0,0.5,0.6167337987105193,0.6586514728615631,16
abf_fr_physical,physical,3,100.0,1.5,0.4786088628594468,0.1411455401133171,20
abf_fr_physical,physical,4,100.0,-1.5,0.3391753716565054,0.0664472947750796,25
abf_fr_physical,physical,4,100.0,-0.5,0.9484572813474615,1.1117904737522688,22
abf_fr_physical,physical,4,100.0,0.0,0.5127964305753054,0.3187799707507818,30
abf_fr_physical,physical,4,100.0,0.5,0.5792637024132691,0.5394293515044076,15
abf_fr_physical,physical,4,100.0,1.5,0.3971651531756115,0.1377830326556132,20
abf_fr_physical,physical,5,100.0,-1.5,0.2416425406342191,0.0921610316675969,23
abf_fr_physical,physical,5,100.0,-0.5,0.429352152299004,0.3624037632085295,22
abf_fr_physical,physical,5,100.0,0.0,0.2384498856344407,0.2900991967842561,21
abf_fr_physical,physical,5,100.0,0.5,0.86437868539714,0.9385058601024516,25
abf_fr_physical,physical,5,100.0,1.5,0.725767549993512,0.2346179048030919,13
abf_fr_physical,physical,6,100.0,-1.5,0.7776621489744137,0.4969828693602778,24
abf_fr_physical,physical,6,100.0,-0.5,0.3032809741801529,0.2099142827160078,20
abf_fr_physical,physical,6,100.0,0.0,0.5601991894973668,0.5436789296922604,21
abf_fr_physical,physical,6,100.0,0.5,0.6185508237056967,0.5836655974184098,16
abf_fr_physical,physical,6,100.0,1.5,0.3914960678040456,0.1269318700868835,26
abf_fr_physical,physical,7,100.0,-1.5,0.3205984110676882,0.1103955327177246,25
abf_fr_physical,physical,7,100.0,-0.5,0.6847893542462014,0.4085755146900879,16
abf_fr_physical,physical,7,100.0,0.0,0.6267718957618071,0.4182010395562882,25
abf_fr_physical,physical,7,100.0,0.5,0.5257463597334932,0.4197675277158813,17
abf_fr_physical,physical,7,100.0,1.5,0.5250945313469549,0.2573139172387536,15
abf_fr_physical,physical,0,100.0,-1.5,0.3768154006076478,0.1276151539777438,31
abf_fr_physical,physical,0,100.0,-0.5,0.5080076035018523,0.5629462775973989,28
abf_fr_physical,physical,0,100.0,0.0,0.7309960438646176,0.5590927865672044,12
abf_fr_physical,physical,0,100.0,0.5,0.7860385813128087,0.4472361172509106,16
abf_fr_physical,physical,0,100.0,1.5,0.5038264418857415,0.1471113160104669,18
abf_fr_physical,physical,1,100.0,-1.5,0.3578237816426785,0.0979826583374967,20
abf_fr_physical,physical,1,100.0,-0.5,0.6203980079532144,0.5303132319481966,27
abf_fr_physical,physical,1,100.0,0.0,0.6039676915742263,0.4942086933123664,14
abf_fr_physical,physical,1,100.0,0.5,0.6355269626089344,0.344467606778103,12
abf_fr_physical,physical,1,100.0,1.5,0.6044822337729688,0.2582218220127074,22
abf_fr_physical,physical,2,100.0,-1.5,0.2444368989043719,0.0630362237203469,21
abf_fr_physical,physical,2,100.0,-0.5,0.540575128613392,0.3433933734116778,27
abf_fr_physical,physical,2,100.0,0.0,0.5747260804329924,0.5537199930467743,21
abf_fr_physical,physical,2,100.0,0.5,0.5451549952499511,0.3767730688996034,21
abf_fr_physical,physical,2,100.0,1.5,0.7626354881400615,0.1847519825669705,20
abf_fr_physical,physical,3,100.0,-1.5,0.3538186529794923,0.1190769367879847,24
abf_fr_physical,physical,3,100.0,-0.5,0.365759618249742,0.2007465786718374,27
abf_fr_physical,physical,3,100.0,0.0,0.5119899814778299,0.6086010596501583,13
abf_fr_physical,physical,3,100.0,0.5,0.6856119817678403,0.5524627781236493,15
abf_fr_physical,physical,3,100.0,1.5,0.32377914597103,0.1671082298540271,19
abf_fr_physical,physical,4,100.0,-1.5,0.6110651021752903,0.1468808669386671,25
abf_fr_physical,physical,4,100.0,-0.5,0.6506257487403821,0.3449980227243057,27
abf_fr_physical,physical,4,100.0,0.0,,,9
abf_fr_physical,physical,4,100.0,0.5,0.8417744532955094,0.5561810080825452,15
abf_fr_physical,physical,4,100.0,1.5,0.1399364433082941,0.0331144599670658,27
abf_fr_physical,physical,5,100.0,-1.5,0.2480693922757496,0.0843156998392332,29
abf_fr_physical,physical,5,100.0,-0.5,0.5738697612224715,0.3398875911994065,21
abf_fr_physical,physical,5,100.0,0.0,0.5600381141291388,0.4869844964750028,18
abf_fr_physical,physical,5,100.0,0.5,0.8265949144242943,0.8498852196208535,14
abf_fr_physical,physical,5,100.0,1.5,0.733237505944737,0.2249445622697588,17
abf_fr_physical,physical,6,100.0,-1.5,0.7299823703623771,0.2905514314347256,21
abf_fr_physical,physical,6,100.0,-0.5,0.4585257090438042,0.3790714573080798,18
abf_fr_physical,physical,6,100.0,0.0,0.7553388595606879,1.0339223337878176,15
abf_fr_physical,physical,6,100.0,0.5,0.9218437487212512,0.6256895698586067,14
abf_fr_physical,physical,6,100.0,1.5,0.5813641814315514,0.1776039736938588,24
abf_fr_physical,physical,7,100.0,-1.5,0.2928547245212317,0.1269484770092459,18
abf_fr_physical,physical,7,100.0,-0.5,0.6305149938968635,0.4305661644090497,21
abf_fr_physical,physical,7,100.0,0.0,0.8080680130249952,0.6310825387273468,14
abf_fr_physical,physical,7,100.0,0.5,0.6414480175357827,0.6141256516053591,16
abf_fr_physical,physical,7,100.0,1.5,0.4440785188293121,0.1477744811678426,24
abf_fr_physical,physical,0,100.0,-1.5,0.3016921509569693,0.1004592972658803,34
abf_fr_physical,physical,0,100.0,-0.5,0.4766215891789419,0.469350194615937,25
abf_fr_physical,physical,0,100.0,0.0,0.5853012687744562,0.7075911519183434,14
abf_fr_physical,physical,0,100.0,0.5,0.4338150692209622,0.2749522116703051,15
abf_fr_physical,physical,0,100.0,1.5,0.4036349910819095,0.095783159836062,18
abf_fr_physical,physical,1,100.0,-1.5,0.3891966255554761,0.0974628074464846,25
abf_fr_physical,physical,1,100.0,-0.5,0.5731788232293301,0.5966778272274799,19
abf_fr_physical,physical,1,100.0,0.0,0.7406801461164179,0.625249286102399,12
abf_fr_physical,physical,1,100.0,0.5,0.548482945812582,0.3556128264823022,18
abf_fr_physical,physical,1,100.0,1.5,0.5819040615786373,0.1621668975652947,19
abf_fr_physical,physical,2,100.0,-1.5,0.4005296970707168,0.1424646876135813,26
abf_fr_physical,physical,2,100.0,-0.5,0.6889872124827771,0.7375489029768322,20
abf_fr_physical,physical,2,100.0,0.0,0.36295226746658,0.206148180062676,19
abf_fr_physical,physical,2,100.0,0.5,0.5356708004805023,0.4748664341703527,22
abf_fr_physical,physical,2,100.0,1.5,0.2420126670403032,0.0809632541579591,17
abf_fr_physical,physical,3,100.0,-1.5,0.4206003787311251,0.1548952010600887,19
abf_fr_physical,physical,3,100.0,-0.5,0.4871669237842018,0.3604923286142565,27
abf_fr_physical,physical,3,100.0,0.0,0.9056157171501512,0.5369553730336287,15
abf_fr_physical,physical,3,100.0,0.5,0.5720327510674139,0.5175842950155343,19
abf_fr_physical,physical,3,100.0,1.5,0.8731922883765999,0.4017705181336376,17
abf_fr_physical,physical,4,100.0,-1.5,0.2873092599439751,0.0855956548833434,24
abf_fr_physical,physical,4,100.0,-0.5,1.0498220278500594,1.1027980023989064,14
abf_fr_physical,physical,4,100.0,0.0,0.5084090979021176,0.39730044705837,18
abf_fr_physical,physical,4,100.0,0.5,0.7190358757304429,0.6261766856513724,15
abf_fr_physical,physical,4,100.0,1.5,0.5832956255249241,0.1436943486048949,19
abf_fr_physical,physical,5,100.0,-1.5,0.5675567399461664,0.1521498570868709,26
abf_fr_physical,physical,5,100.0,-0.5,0.5466801914379195,0.6250986861857042,22
abf_fr_physical,physical,5,100.0,0.0,0.4018367683053983,0.4978086889534724,14
abf_fr_physical,physical,5,100.0,0.5,0.7784167293777198,0.8313332872716573,15
abf_fr_physical,physical,5,100.0,1.5,1.045874211142195,0.5252673165112398,15
abf_fr_physical,physical,6,100.0,-1.5,0.667030108287731,0.3458098609934129,24
abf_fr_physical,physical,6,100.0,-0.5,0.5195044745047014,0.398175066736441,20
abf_fr_physical,physical,6,100.0,0.0,0.6432325268327235,0.5947395788837744,18
abf_fr_physical,physical,6,100.0,0.5,0.5070796749437514,0.335324454780653,18
abf_fr_physical,physical,6,100.0,1.5,0.4473467999978705,0.1323585197686545,23
abf_fr_physical,physical,7,100.0,-1.5,0.3289602459783931,0.0808973682659715,22
abf_fr_physical,physical,7,100.0,-0.5,0.6573280587441858,0.5635080848152295,18
abf_fr_physical,physical,7,100.0,0.0,,,9
abf_fr_physical,physical,7,100.0,0.5,0.5876233040008793,0.5567121328717397,13
abf_fr_physical,physical,7,100.0,1.5,0.529486921994271,0.30078349545866,19
abf_fr_physical,physical,0,100.0,-1.5,0.2005103062672341,0.038964326417005,33
abf_fr_physical,physical,0,100.0,-0.5,0.4393687621553105,0.4894354599247001,25
abf_fr_physical,physical,0,100.0,0.0,0.989379461573388,0.8132938663385739,12
abf_fr_physical,physical,0,100.0,0.5,0.651306736059608,0.360396022235018,14
abf_fr_physical,physical,0,100.0,1.5,0.355246021173726,0.0902461598925623,18
abf_fr_physical,physical,1,100.0,-1.5,0.2727461360882024,0.0671495140067237,25
abf_fr_physical,physical,1,100.0,-0.5,0.644073238770914,0.6546696107095658,20
abf_fr_physical,physical,1,100.0,0.0,0.7965774957145618,0.711914784807067,12
abf_fr_physical,physical,1,100.0,0.5,0.4821046744284891,0.3436116683399068,18
abf_fr_physical,physical,1,100.0,1.5,0.5717076255754414,0.177573020300349,16
abf_fr_physical,physical,2,100.0,-1.5,0.4356693836045682,0.1530412007938051,25
abf_fr_physical,physical,2,100.0,-0.5,0.5318896993679353,0.5367809696516306,23
abf_fr_physical,physical,2,100.0,0.0,0.5803659931501267,0.2543883323829298,15
abf_fr_physical,physical,2,100.0,0.5,0.5343865404003284,0.5362592968368227,21
abf_fr_physical,physical,2,100.0,1.5,0.3332761312093051,0.0916796015146218,15
abf_fr_physical,physical,3,100.0,-1.5,0.6079613192542986,0.224897922951516,19
abf_fr_physical,physical,3,100.0,-0.5,0.6096642348208435,0.5098697409551096,22
abf_fr_physical,physical,3,100.0,0.0,1.2745324860441547,0.717129517651784,10
abf_fr_physical,physical,3,100.0,0.5,0.5631078884413093,0.440718655199159,20
abf_fr_physical,physical,3,100.0,1.5,0.843527645555671,0.2790045205960148,20
abf_fr_physical,physical,4,100.0,-1.5,0.5177689588859822,0.2488387858576868,20
abf_fr_physical,physical,4,100.0,-0.5,0.9023568083687876,0.961206881788192,16
abf_fr_physical,physical,4,100.0,0.0,0.2894019497225701,0.1709274879735517,21
abf_fr_physical,physical,4,100.0,0.5,0.4044028098550696,0.4832171559616191,18
abf_fr_physical,physical,4,100.0,1.5,0.3257467613452244,0.0643298041151272,22
abf_fr_physical,physical,5,100.0,-1.5,0.3918074241908399,0.0797442855800492,27
abf_fr_physical,physical,5,100.0,-0.5,0.366316371706217,0.462031949823537,21
abf_fr_physical,physical,5,100.0,0.0,0.7706294464934874,0.7079660446868358,13
abf_fr_physical,physical,5,100.0,0.5,0.8095396937093571,0.8637937768566376,14
abf_fr_physical,physical,5,100.0,1.5,0.888914056312709,0.4659289396718235,15
abf_fr_physical,physical,6,100.0,-1.5,0.4513119668368276,0.2808727135446885,22
abf_fr_physical,physical,6,100.0,-0.5,0.3935174753318501,0.30680760374313,15
abf_fr_physical,physical,6,100.0,0.0,0.4673014276021887,0.439579358277517,21
abf_fr_physical,physical,6,100.0,0.5,0.4699285118430889,0.407531851133922,16
abf_fr_physical,physical,6,100.0,1.5,0.7175693557721357,0.2619013364213311,23
abf_fr_physical,physical,7,100.0,-1.5,0.3683235803550254,0.1912892733000678,24
abf_fr_physical,physical,7,100.0,-0.5,0.843926635022009,0.8615171224358271,13
abf_fr_physical,physical,7,100.0,0.0,0.8787951866784625,0.8172287416346933,11
abf_fr_physical,physical,7,100.0,0.5,0.6343076165491999,0.5780759157700504,17
abf_fr_physical,physical,7,100.0,1.5,0.5964498682760456,0.3262755473736216,17
abf_fr_physical,physical,0,100.0,-1.5,0.4305239438778614,0.1295842059428383,35
abf_fr_physical,physical,0,100.0,-0.5,0.5660094133220165,0.6407092147323322,25
abf_fr_physical,physical,0,100.0,0.0,0.4824070919204657,0.365632980983167,21
abf_fr_physical,physical,0,100.0,0.5,,,9
abf_fr_physical,physical,0,100.0,1.5,0.5253577416258803,0.2103861053694949,15
abf_fr_physical,physical,1,100.0,-1.5,0.3460977718380173,0.0943756306383898,24
abf_fr_physical,physical,1,100.0,-0.5,0.6864939543479275,0.7423924567824849,22
abf_fr_physical,physical,1,100.0,0.0,0.4731483308258032,0.2378525420195286,23
abf_fr_physical,physical,1,100.0,0.5,0.4028611944296323,0.3750528956693765,15
abf_fr_physical,physical,1,100.0,1.5,0.5263657385763694,0.1166450667476074,17
abf_fr_physical,physical,2,100.0,-1.5,0.3402858470022031,0.1049578114532855,23
abf_fr_physical,physical,2,100.0,-0.5,0.6906598437622921,0.6552639392040396,24
abf_fr_physical,physical,2,100.0,0.0,0.3848367561950835,0.2394624114640436,18
abf_fr_physical,physical,2,100.0,0.5,0.432455678762657,0.2951042517154531,21
abf_fr_physical,physical,2,100.0,1.5,0.5292270743128401,0.1298908803114151,17
abf_fr_physical,physical,3,100.0,-1.5,0.5455392598041505,0.1811302298985394,21
abf_fr_physical,physical,3,100.0,-0.5,0.5160669533422718,0.3909267278502977,28
abf_fr_physical,physical,3,100.0,0.0,0.7010860432018197,0.3392452271484026,14
abf_fr_physical,physical,3,100.0,0.5,0.4841227295778261,0.4396272423499666,18
abf_fr_physical,physical,3,100.0,1.5,0.7709407410833591,0.2470579642668232,16
abf_fr_physical,physical,4,100.0,-1.5,0.3422667936981454,0.1764075973642654,21
abf_fr_physical,physical,4,100.0,-0.5,0.9188048349829028,0.9212777780868175,16
abf_fr_physical,physical,4,100.0,0.0,0.5859415531291197,0.3384017292161232,24
abf_fr_physical,physical,4,100.0,0.5,0.5032210024201491,0.5520408745333044,17
abf_fr_physical,physical,4,100.0,1.5,0.4960056499220747,0.0857351089878333,23
abf_fr_physical,physical,5,100.0,-1.5,0.3766889968823004,0.0743625669939135,26
abf_fr_physical,physical,5,100.0,-0.5,0.3639872794289332,0.3453962353336701,21
abf_fr_physical,physical,5,100.0,0.0,0.3757496792005938,0.4645659207693327,13
abf_fr_physical,physical,5,100.0,0.5,0.8932967740386217,1.3654194713165368,12
abf_fr_physical,physical,5,100.0,1.5,0.7958863281121994,0.2986520144454527,15
abf_fr_physical,physical,6,100.0,-1.5,0.4313552235272389,0.3053961666644838,22
abf_fr_physical,physical,6,100.0,-0.5,0.4755440415393798,0.392039654866922,21
abf_fr_physical,physical,6,100.0,0.0,0.6709235053825959,0.681202640249842,20
abf_fr_physical,physical,6,100.0,0.5,0.4325626863573062,0.4292492367095265,15
abf_fr_physical,physical,6,100.0,1.5,0.7376954092892728,0.2762895905758254,23
abf_fr_physical,physical,7,100.0,-1.5,0.2372543920163881,0.090081425835077,18
abf_fr_physical,physical,7,100.0,-0.5,0.6814679509172991,0.7217458831152457,14
abf_fr_physical,physical,7,100.0,0.0,0.7672215674411866,0.4311794770791609,13
abf_fr_physical,physical,7,100.0,0.5,0.659355212103815,0.7327085509789442,15
abf_fr_physical,physical,7,100.0,1.5,0.5420067448960323,0.3591675133427435,18
abf_fr_physical,physical,0,100.0,-1.5,0.3123423270268131,0.1027403512588084,28
abf_fr_physical,physical,0,100.0,-0.5,0.4125692412192417,0.3427774825496295,29
abf_fr_physical,physical,0,100.0,0.0,0.5098980617002836,0.3685790758564826,17
abf_fr_physical,physical,0,100.0,0.5,0.7275651734569076,0.4396245854178021,16
abf_fr_physical,physical,0,100.0,1.5,0.304299729848526,0.0698163874602078,21
abf_fr_physical,physical,1,100.0,-1.5,0.3580170683392488,0.0943395129316692,23
abf_fr_physical,physical,1,100.0,-0.5,0.7113458251889762,0.8048588721283472,18
abf_fr_physical,physical,1,100.0,0.0,0.564509554538698,0.2248976303566543,13
abf_fr_physical,physical,1,100.0,0.5,0.455701465517219,0.3708388195540868,21
abf_fr_physical,physical,1,100.0,1.5,0.4837250594744512,0.1092689998950574,21
abf_fr_physical,physical,2,100.0,-1.5,0.3402858470022031,0.1049578114532855,23
abf_fr_physical,physical,2,100.0,-0.5,0.7452106735284683,0.5604028367395179,21
abf_fr_physical,physical,2,100.0,0.0,0.2612453571489367,0.145306030059641,24
abf_fr_physical,physical,2,100.0,0.5,0.621597222071212,0.5264794646408383,17
abf_fr_physical,physical,2,100.0,1.5,0.4707592364364926,0.141294752778488,17
abf_fr_physical,physical,3,100.0,-1.5,0.4523593307334695,0.1630307947834715,21
abf_fr_physical,physical,3,100.0,-0.5,0.7126882159838419,0.4866279771477607,23
abf_fr_physical,physical,3,100.0,0.0,1.019385306571989,0.7376123868550309,13
abf_fr_physical,physical,3,100.0,0.5,0.5779463750578658,0.4687643522854804,18
abf_fr_physical,physical,3,100.0,1.5,0.7757657397085452,0.265480987583633,19
abf_fr_physical,physical,4,100.0,-1.5,0.3826007193455261,0.121202083333612,22
abf_fr_physical,physical,4,100.0,-0.5,0.8901629970266041,0.990243825186453,16
abf_fr_physical,physical,4,100.0,0.0,0.5459993766154265,0.289728132617019,17
abf_fr_physical,physical,4,100.0,0.5,0.5241745448288311,0.521495886825094,18
abf_fr_physical,physical,4,100.0,1.5,0.4744080949521953,0.1081670806520575,21
abf_fr_physical,physical,5,100.0,-1.5,0.4637130386714687,0.1328280955017006,27
abf_fr_physical,physical,5,100.0,-0.5,0.4789582734299469,0.5911901019803842,20
abf_fr_physical,physical,5,100.0,0.0,0.448812997512128,0.4419113683296758,17
abf_fr_physical,physical,5,100.0,0.5,0.735263252339055,0.9143397462933625,12
abf_fr_physical,physical,5,100.0,1.5,0.9255478429817272,0.500774382359824,13
abf_fr_physical,physical,6,100.0,-1.5,0.4799782932777328,0.2744046864530711,24
abf_fr_physical,physical,6,100.0,-0.5,0.7017683522033895,0.5945328333118814,16
abf_fr_physical,physical,6,100.0,0.0,0.3285123269337683,0.2645916247126179,19
abf_fr_physical,physical,6,100.0,0.5,0.4163363719360239,0.3043591641307006,17
abf_fr_physical,physical,6,100.0,1.5,0.4874161527369482,0.1192435164416439,28
abf_fr_physical,physical,7,100.0,-1.5,0.5001864775369299,0.1328174493671639,22
abf_fr_physical,physical,7,100.0,-0.5,0.7554105879149544,0.7706109010650427,18
abf_fr_physical,physical,7,100.0,0.0,0.9031468627330228,0.9610945521653136,12
abf_fr_physical,physical,7,100.0,0.5,0.6651183951867844,0.6576134474086808,17
abf_fr_physical,physical,7,100.0,1.5,0.5862098538049841,0.3163480810938923,14
abf_fr_physical,physical,0,100.0,-1.5,0.2645794733317961,0.0518777592288484,32
abf_fr_physical,physical,0,100.0,-0.5,0.5464454609410976,0.571627187901668,26
abf_fr_physical,physical,0,100.0,0.0,0.6363673873636677,0.5347914154432671,21
abf_fr_physical,physical,0,100.0,0.5,0.4390943414300858,0.2826999389394522,14
abf_fr_physical,physical,0,100.0,1.5,0.3050320717008661,0.0716852838466463,20
abf_fr_physical,physical,1,100.0,-1.5,0.429119400293614,0.1416823341790677,22
abf_fr_physical,physical,1,100.0,-0.5,0.7217950692201192,0.851420825834401,23
abf_fr_physical,physical,1,100.0,0.0,0.5465083979567001,0.4710171911123508,13
abf_fr_physical,physical,1,100.0,0.5,0.558950023340585,0.4707494392139617,16
abf_fr_physical,physical,1,100.0,1.5,0.3858397649995055,0.092818469303005,25
abf_fr_physical,physical,2,100.0,-1.5,0.4098978518388393,0.1731397390013001,25
abf_fr_physical,physical,2,100.0,-0.5,0.7238106874084728,0.6052974732555473,22
abf_fr_physical,physical,2,100.0,0.0,0.6643852330314545,0.2422747331454018,20
abf_fr_physical,physical,2,100.0,0.5,0.4758861446141252,0.4461691359031133,20
abf_fr_physical,physical,2,100.0,1.5,0.3508757861661747,0.097612773032863,20
abf_fr_physical,physical,3,100.0,-1.5,0.3223233870606402,0.0956424530455947,21
abf_fr_physical,physical,3,100.0,-0.5,0.5417320006518964,0.4597909630387509,29
abf_fr_physical,physical,3,100.0,0.0,0.8984494112183521,0.5281000125652041,14
abf_fr_physical,physical,3,100.0,0.5,0.738819543653413,0.6865366011677114,19
abf_fr_physical,physical,3,100.0,1.5,0.8322871745227678,0.2770543906792234,17
abf_fr_physical,physical,4,100.0,-1.5,0.3008356142591871,0.125771660502211,26
abf_fr_physical,physical,4,100.0,-0.5,0.9061438914084872,0.935379076590722,16
abf_fr_physical,physical,4,100.0,0.0,0.5406907010021016,0.4879137073403407,18
abf_fr_physical,physical,4,100.0,0.5,0.6512091455980126,0.6801839572375735,17
abf_fr_physical,physical,4,100.0,1.5,0.658386547126649,0.2064862360103691,20
abf_fr_physical,physical,5,100.0,-1.5,0.3872002048797883,0.0847822824330239,28
abf_fr_physical,physical,5,100.0,-0.5,0.4324218408465987,0.5114018454573019,22
abf_fr_physical,physical,5,100.0,0.0,0.420766791633576,0.3584584451410516,14
abf_fr_physical,physical,5,100.0,0.5,0.9799218294827206,1.2076990536519998,14
abf_fr_physical,physical,5,100.0,1.5,0.7797211135847233,0.4317905036158404,15
abf_fr_physical,physical,6,100.0,-1.5,0.4740030174063891,0.2806739115468644,23
abf_fr_physical,physical,6,100.0,-0.5,0.5651202981377357,0.3722609617306979,23
abf_fr_physical,physical,6,100.0,0.0,0.5411326273315635,0.6208850267820937,15
abf_fr_physical,physical,6,100.0,0.5,0.4960861748393844,0.3102268119042715,18
abf_fr_physical,physical,6,100.0,1.5,0.3365736197126496,0.0975710356087091,26
abf_fr_physical,physical,7,100.0,-1.5,0.3209985347564143,0.082430412313378,21
abf_fr_physical,physical,7,100.0,-0.5,0.7388640131433667,0.6790003335676035,18
abf_fr_physical,physical,7,100.0,0.0,0.8178149876915661,0.8145408534493463,12
abf_fr_physical,physical,7,100.0,0.5,0.6358622088773261,0.5987283372732275,16
abf_fr_physical,physical,7,100.0,1.5,0.6968463519118223,0.4691182498702319,15
abf_fr_physical,physical,0,100.0,-1.5,0.263207161065909,0.0922245096428757,34
abf_fr_physical,physical,0,100.0,-0.5,0.4824507392300111,0.3583805618229193,25
abf_fr_physical,physical,0,100.0,0.0,0.5469025435978442,0.5989199616873897,18
abf_fr_physical,physical,0,100.0,0.5,0.6055974719883334,0.412114918525882,13
abf_fr_physical,physical,0,100.0,1.5,0.4353809931529085,0.1175135794736374,20
abf_fr_physical,physical,1,100.0,-1.5,0.4487725069708094,0.1568831109674674,18
abf_fr_physical,physical,1,100.0,-0.5,0.7362197666711685,0.7492532464513444,26
abf_fr_physical,physical,1,100.0,0.0,0.7113841863807607,0.5261083835302998,17
abf_fr_physical,physical,1,100.0,0.5,0.5294829734340247,0.4238174888673534,19
abf_fr_physical,physical,1,100.0,1.5,0.2251618727347683,0.0524194240240101,20
abf_fr_physical,physical,2,100.0,-1.5,0.4845421458719997,0.1670672375220252,24
abf_fr_physical,physical,2,100.0,-0.5,0.5668565114886545,0.4403895125934235,24
abf_fr_physical,physical,2,100.0,0.0,0.5122840279315237,0.3021535985645786,23
abf_fr_physical,physical,2,100.0,0.5,0.677615361073864,0.7214275106704703,18
abf_fr_physical,physical,2,100.0,1.5,0.3862486411181347,0.1001670595106886,22
abf_fr_physical,physical,3,100.0,-1.5,0.3239947161722425,0.1343184650889496,18
abf_fr_physical,physical,3,100.0,-0.5,0.303143054377652,0.2531334720504691,30
abf_fr_physical,physical,3,100.0,0.0,0.4825527393708766,0.340305868025699,16
abf_fr_physical,physical,3,100.0,0.5,0.5452849679608176,0.4836974792140017,19
abf_fr_physical,physical,3,100.0,1.5,0.5980124944656153,0.1841137278819523,19
abf_fr_physical,physical,4,100.0,-1.5,0.3549094902020592,0.1603850589650929,24
abf_fr_physical,physical,4,100.0,-0.5,0.844080737011127,1.0715534224263348,19
abf_fr_physical,physical,4,100.0,0.0,0.5985429108790021,0.4351530320682165,25
abf_fr_physical,physical,4,100.0,0.5,0.6655666918302214,0.6896282160684546,15
abf_fr_physical,physical,4,100.0,1.5,0.2961067822810944,0.05514346175593,20
abf_fr_physical,physical,5,100.0,-1.5,0.3571476645320729,0.1175595954346214,24
abf_fr_physical,physical,5,100.0,-0.5,0.4017037548718573,0.4399838391854047,25
abf_fr_physical,physical,5,100.0,0.0,0.5064250751846695,0.4289329115193009,14
abf_fr_physical,physical,5,100.0,0.5,0.7526885470857326,1.0325027778478468,16
abf_fr_physical,physical,5,100.0,1.5,0.9396846292176086,0.4497780975287389,14
abf_fr_physical,physical,6,100.0,-1.5,0.484626547608458,0.2914257314164339,22
abf_fr_physical,physical,6,100.0,-0.5,0.5066043420116556,0.3964659806394799,18
abf_fr_physical,physical,6,100.0,0.0,0.497313291574049,0.5251391635003507,19
abf_fr_physical,physical,6,100.0,0.5,0.6646868075551109,0.3490324460494459,14
abf_fr_physical,physical,6,100.0,1.5,0.3843580088242823,0.0955031333766253,22
abf_fr_physical,physical,7,100.0,-1.5,0.4132210760814014,0.1617246466559738,19
abf_fr_physical,physical,7,100.0,-0.5,0.5952517246290033,0.5034056757217786,16
abf_fr_physical,physical,7,100.0,0.0,0.7297562993324895,0.6070975139136852,16
abf_fr_physical,physical,7,100.0,0.5,0.4949318217496213,0.4303800053299302,16
abf_fr_physical,physical,7,100.0,1.5,0.4888169285381573,0.2922871478448289,16
abf_fr_physical,physical,0,100.0,-1.5,0.3056882426138935,0.1040193057126,31
abf_fr_physical,physical,0,100.0,-0.5,0.3928394503241255,0.4426343944380148,24
abf_fr_physical,physical,0,100.0,0.0,0.6856887314920045,0.6046833283403219,21
abf_fr_physical,physical,0,100.0,0.5,0.7704432994196125,0.472477778172724,12
abf_fr_physical,physical,0,100.0,1.5,0.2842252576966322,0.06900733815303,20
abf_fr_physical,physical,1,100.0,-1.5,0.3860704798766418,0.1108835608558739,23
abf_fr_physical,physical,1,100.0,-0.5,0.667348532671651,0.7310590302578177,22
abf_fr_physical,physical,1,100.0,0.0,0.4546500347551392,0.3481697867277632,14
abf_fr_physical,physical,1,100.0,0.5,0.6946340494226739,0.5920942297016145,15
abf_fr_physical,physical,1,100.0,1.5,0.5759773294357472,0.1917667061205721,19
abf_fr_physical,physical,2,100.0,-1.5,0.3550281296745143,0.0850822967813388,21
abf_fr_physical,physical,2,100.0,-0.5,0.6259641290000293,0.5492248463516926,25
abf_fr_physical,physical,2,100.0,0.0,0.2495641293308974,0.1195625528213795,26
abf_fr_physical,physical,2,100.0,0.5,0.5745376213484569,0.5380229120021905,17
abf_fr_physical,physical,2,100.0,1.5,0.2784024847869463,0.0917388676030962,18
abf_fr_physical,physical,3,100.0,-1.5,0.3745286984803064,0.142835751419521,22
abf_fr_physical,physical,3,100.0,-0.5,0.5528188292598833,0.4281889181788845,26
abf_fr_physical,physical,3,100.0,0.0,0.8059585861341011,0.4415571552789986,18
abf_fr_physical,physical,3,100.0,0.5,0.6514447058076054,0.6237585950726167,18
abf_fr_physical,physical,3,100.0,1.5,1.0402781881181895,0.4818661250483528,17
abf_fr_physical,physical,4,100.0,-1.5,0.3594971682044698,0.0697868466512241,23
abf_fr_physical,physical,4,100.0,-0.5,1.00124877747361,1.2580332618906378,18
abf_fr_physical,physical,4,100.0,0.0,0.5148253869626649,0.3073914857748173,17
abf_fr_physical,physical,4,100.0,0.5,0.5933682585184324,0.6186691171502625,18
abf_fr_physical,physical,4,100.0,1.5,0.5940799357074498,0.1731039759625803,21
abf_fr_physical,physical,5,100.0,-1.5,0.4441563213243493,0.1175494715045162,26
abf_fr_physical,physical,5,100.0,-0.5,0.6003745035016052,0.6661423133678525,21
abf_fr_physical,physical,5,100.0,0.0,0.3785209723504963,0.3866841478804833,18
abf_fr_physical,physical,5,100.0,0.5,0.896558554377979,1.1375732611721523,14
abf_fr_physical,physical,5,100.0,1.5,1.1534116681674889,0.5683512522263481,15
abf_fr_physical,physical,6,100.0,-1.5,0.6765228684932791,0.3674633519937118,22
abf_fr_physical,physical,6,100.0,-0.5,0.4251184522732827,0.3261924941612412,20
abf_fr_physical,physical,6,100.0,0.0,0.5437116523385976,0.4747949430054305,20
abf_fr_physical,physical,6,100.0,0.5,0.4229648348138219,0.4272521439645385,13
abf_fr_physical,physical,6,100.0,1.5,0.6099577783194848,0.1419901903753868,25
abf_fr_physical,physical,7,100.0,-1.5,0.3289602459783931,0.0808973682659715,22
abf_fr_physical,physical,7,100.0,-0.5,0.7261318252933738,0.6901052156483658,18
abf_fr_physical,physical,7,100.0,0.0,0.9582177222988189,0.8104979406108358,19
abf_fr_physical,physical,7,100.0,0.5,0.569397455539718,0.5540585199681318,15
abf_fr_physical,physical,7,100.0,1.5,0.5561102590669271,0.3678833994545729,18
abf_fr_physical,physical,0,100.0,-1.5,0.3394736754166422,0.0756371219263352,31
abf_fr_physical,physical,0,100.0,-0.5,0.4014192920756458,0.4037822210844516,26
abf_fr_physical,physical,0,100.0,0.0,0.5836656126215316,0.473349826819067,17
abf_fr_physical,physical,0,100.0,0.5,0.520746565701357,0.3454229254822172,15
abf_fr_physical,physical,0,100.0,1.5,0.4670810574413421,0.1050911393802108,21
abf_fr_physical,physical,1,100.0,-1.5,0.246219771855592,0.0608056946605699,23
abf_fr_physical,physical,1,100.0,-0.5,0.8762855949132364,0.8343421028281947,17
abf_fr_physical,physical,1,100.0,0.0,0.5330341496430813,0.4135550677675819,18
abf_fr_physical,physical,1,100.0,0.5,0.5191425091853112,0.3699688961279083,19
abf_fr_physical,physical,1,100.0,1.5,0.56816046911893,0.1906566527385596,25
abf_fr_physical,physical,2,100.0,-1.5,0.5209423673207348,0.1774256715709783,22
abf_fr_physical,physical,2,100.0,-0.5,0.7080354953224706,0.7615875932629897,21
abf_fr_physical,physical,2,100.0,0.0,0.5611214423713571,0.2414433281595184,24
abf_fr_physical,physical,2,100.0,0.5,0.5431201280276654,0.6194366593360434,23
abf_fr_physical,physical,2,100.0,1.5,0.4874121744138456,0.1409999275133127,16
abf_fr_physical,physical,3,100.0,-1.5,0.4805264085380905,0.175351377454886,20
abf_fr_physical,physical,3,100.0,-0.5,0.4162468864158068,0.2771343736221129,26
abf_fr_physical,physical,3,100.0,0.0,0.9377580575473456,0.4885175649164109,21
abf_fr_physical,physical,3,100.0,0.5,0.5830378242149495,0.5738786722466374,21
abf_fr_physical,physical,3,100.0,1.5,0.7606461997799132,0.2998182046527633,16
abf_fr_physical,physical,4,100.0,-1.5,0.4202171907606546,0.1667496484362253,26
abf_fr_physical,physical,4,100.0,-0.5,0.8037596711268526,0.8109194630918476,20
abf_fr_physical,physical,4,100.0,0.0,0.4546288479542103,0.274025381635994,19
abf_fr_physical,physical,4,100.0,0.5,0.7245774540130944,0.8301855148169722,17
abf_fr_physical,physical,4,100.0,1.5,0.3500996388297174,0.1076549343811006,22
abf_fr_physical,physical,5,100.0,-1.5,0.4855856970721071,0.1312324933632918,29
abf_fr_physical,physical,5,100.0,-0.5,0.4925852545305379,0.5537025018430657,22
abf_fr_physical,physical,5,100.0,0.0,0.7306634081144211,0.4672217956371277,12
abf_fr_physical,physical,5,100.0,0.5,0.7091166430531186,0.8395981857036945,16
abf_fr_physical,physical,5,100.0,1.5,1.1593941494335231,0.5791545170955532,12
abf_fr_physical,physical,6,100.0,-1.5,0.4572906391046439,0.2299181853233039,23
abf_fr_physical,physical,6,100.0,-0.5,0.4931831076753299,0.3911566241014538,17
abf_fr_physical,physical,6,100.0,0.0,0.5635027082725871,0.5669832581690734,21
abf_fr_physical,physical,6,100.0,0.5,0.4621253299683097,0.5024735187923147,14
abf_fr_physical,physical,6,100.0,1.5,0.3962396288270846,0.0897550876660232,24
abf_fr_physical,physical,7,100.0,-1.5,0.3007736223101242,0.1020937477677817,17
abf_fr_physical,physical,7,100.0,-0.5,0.7696176051642054,0.6512085551428174,16
abf_fr_physical,physical,7,100.0,0.0,1.108441555852821,1.1250312286786404,13
abf_fr_physical,physical,7,100.0,0.5,0.4866931713636427,0.47028812873601,17
abf_fr_physical,physical,7,100.0,1.5,0.563187455260764,0.3099585951308729,21
abf_fr_physical,physical,0,100.0,-1.5,0.3401791589462565,0.1252097559081441,31
abf_fr_physical,physical,0,100.0,-0.5,0.3844665013804422,0.3550972565519864,26
abf_fr_physical,physical,0,100.0,0.0,0.3146932109583895,0.2553972219294092,22
abf_fr_physical,physical,0,100.0,0.5,0.8845698012001653,0.4646036353137823,13
abf_fr_physical,physical,0,100.0,1.5,0.2612036515809939,0.1165649431159103,20
abf_fr_physical,physical,1,100.0,-1.5,0.2853813002615124,0.1045707010402966,29
abf_fr_physical,physical,1,100.0,-0.5,0.6734409006097739,0.603251872416728,20
abf_fr_physical,physical,1,100.0,0.0,0.3132808496026259,0.2403253888841907,14
abf_fr_physical,physical,1,100.0,0.5,0.4222772931151028,0.4345687759980153,19
abf_fr_physical,physical,1,100.0,1.5,0.53091739398712,0.1529234712583671,19
abf_fr_physical,physical,2,100.0,-1.5,0.5447588131120479,0.2078432440658472,27
abf_fr_physical,physical,2,100.0,-0.5,0.5963990566185752,0.4364026766432516,28
abf_fr_physical,physical,2,100.0,0.0,0.3824900582745116,0.3772598938175973,19
abf_fr_physical,physical,2,100.0,0.5,0.7221455718968883,0.5360621015403296,16
abf_fr_physical,physical,2,100.0,1.5,0.4834948038464826,0.1386851861900258,22
abf_fr_physical,physical,3,100.0,-1.5,0.4490763213913706,0.124860009603497,23
abf_fr_physical,physical,3,100.0,-0.5,0.4268865207965778,0.3740531644178205,24
abf_fr_physical,physical,3,100.0,0.0,0.5863101344497843,0.4600024680928316,13
abf_fr_physical,physical,3,100.0,0.5,0.5581092507268495,0.6083513833330164,17
abf_fr_physical,physical,3,100.0,1.5,0.4836362803559514,0.1420843358600065,17
abf_fr_physical,physical,4,100.0,-1.5,0.5835534067498181,0.3237231502690343,20
abf_fr_physical,physical,4,100.0,-0.5,0.8485502557788728,0.961689520385982,23
abf_fr_physical,physical,4,100.0,0.0,0.4582055369103521,0.3170468662921647,22
abf_fr_physical,physical,4,100.0,0.5,0.6916024316150132,0.608206557348951,13
abf_fr_physical,physical,4,100.0,1.5,0.4871886705641348,0.1174383754613166,24
abf_fr_physical,physical,5,100.0,-1.5,0.463337945209444,0.1243283245410222,27
abf_fr_physical,physical,5,100.0,-0.5,0.5033635769227784,0.5147678323297813,18
abf_fr_physical,physical,5,100.0,0.0,0.4802506768704219,0.4447250636904032,18
abf_fr_physical,physical,5,100.0,0.5,0.9826519037659852,1.5809068819527403,10
abf_fr_physical,physical,5,100.0,1.5,0.9821348997022706,0.5154255104242654,12
abf_fr_physical,physical,6,100.0,-1.5,0.5989627676051634,0.3104097540021853,25
abf_fr_physical,physical,6,100.0,-0.5,0.3761434694636403,0.3344950707042599,20
abf_fr_physical,physical,6,100.0,0.0,0.6721166688569353,0.8433270392611366,13
abf_fr_physical,physical,6,100.0,0.5,0.3449491652397204,0.2651536892198854,14
abf_fr_physical,physical,6,100.0,1.5,0.4126922148310227,0.0809948723336609,24
abf_fr_physical,physical,7,100.0,-1.5,0.2372744148677678,0.0969402986710316,25
abf_fr_physical,physical,7,100.0,-0.5,0.6734053788479665,0.5958091944133909,17
abf_fr_physical,physical,7,100.0,0.0,0.9440251011312756,0.702405831940393,18
abf_fr_physical,physical,7,100.0,0.5,0.5296026132269077,0.4320426403422747,16
abf_fr_physical,physical,7,100.0,1.5,0.5051737788876227,0.3046865179993386,16
abf_fr_physical,physical,0,100.0,-1.5,0.2357957603545814,0.0428242002006282,32
abf_fr_physical,physical,0,100.0,-0.5,0.4227489124639587,0.3877685937615969,28
abf_fr_physical,physical,0,100.0,0.0,0.6206654148938139,0.4461383025231735,12
abf_fr_physical,physical,0,100.0,0.5,0.9741383421734388,0.5960868591381192,13
abf_fr_physical,physical,0,100.0,1.5,0.418208715680325,0.0715081885695806,18
abf_fr_physical,physical,1,100.0,-1.5,0.353954643952854,0.0723728050807438,29
abf_fr_physical,physical,1,100.0,-0.5,0.4640974761042091,0.5240775814651686,21
abf_fr_physical,physical,1,100.0,0.0,0.7401498686828103,0.5811842312442835,12
abf_fr_physical,physical,1,100.0,0.5,0.5525455559827167,0.2819766744073843,17
abf_fr_physical,physical,1,100.0,1.5,0.4360131922980349,0.1543186108059294,21
abf_fr_physical,physical,2,100.0,-1.5,0.3097224269176427,0.1030625789726419,22
abf_fr_physical,physical,2,100.0,-0.5,0.6587304496327192,0.6437052788105363,20
abf_fr_physical,physical,2,100.0,0.0,0.296020107623256,0.1790736307898083,24
abf_fr_physical,physical,2,100.0,0.5,0.5670908565429761,0.5444471355062324,25
abf_fr_physical,physical,2,100.0,1.5,0.4561385987298659,0.1163302381529081,18
abf_fr_physical,physical,3,100.0,-1.5,0.3889585874910151,0.1184081233089183,23
abf_fr_physical,physical,3,100.0,-0.5,0.3988166640251331,0.4003745831275661,25
abf_fr_physical,physical,3,100.0,0.0,1.0952009823469884,0.7333163451864363,15
abf_fr_physical,physical,3,100.0,0.5,0.3582746604209685,0.2939871233227821,23
abf_fr_physical,physical,3,100.0,1.5,0.59646628492201,0.1640042429344608,19
abf_fr_physical,physical,4,100.0,-1.5,0.4692453117462395,0.2063984267000912,25
abf_fr_physical,physical,4,100.0,-0.5,1.179587131862834,1.2611719202324,16
abf_fr_physical,physical,4,100.0,0.0,0.3925897683147757,0.3188731972480904,14
abf_fr_physical,physical,4,100.0,0.5,0.5739791587193174,0.6312128098703401,15
abf_fr_physical,physical,4,100.0,1.5,0.5292511734249417,0.1466777194530031,19
abf_fr_physical,physical,5,100.0,-1.5,0.4027721825470978,0.106241644358869,33
abf_fr_physical,physical,5,100.0,-0.5,0.6175078175130451,0.4289270034493722,24
abf_fr_physical,physical,5,100.0,0.0,0.48619281804571,0.421393200333367,11
abf_fr_physical,physical,5,100.0,0.5,0.7886157024035246,0.7091193206231158,17
abf_fr_physical,physical,5,100.0,1.5,,,9
abf_fr_physical,physical,6,100.0,-1.5,0.5545383541103788,0.1984079926794659,27
abf_fr_physical,physical,6,100.0,-0.5,0.4359165928777882,0.3300485953131521,17
abf_fr_physical,physical,6,100.0,0.0,0.6395328885010516,0.738700043726663,11
abf_fr_physical,physical,6,100.0,0.5,0.5236593475918518,0.3175609813692989,19
abf_fr_physical,physical,6,100.0,1.5,0.446776258480952,0.1426755320888393,20
abf_fr_physical,physical,7,100.0,-1.5,0.7079357506619232,0.1809636557432826,25
abf_fr_physical,physical,7,100.0,-0.5,0.6964022273919867,0.5242982495215047,13
abf_fr_physical,physical,7,100.0,0.0,0.4755100016034992,0.4107234465038704,11
abf_fr_physical,physical,7,100.0,0.5,0.6667775195113265,0.4818978062843577,21
abf_fr_physical,physical,7,100.0,1.5,0.2420717763526608,0.1133408305840948,24
abf_fr_physical,physical,0,100.0,-1.5,0.3035005505450167,0.0747212709981334,33
abf_fr_physical,physical,0,100.0,-0.5,0.5510939507365147,0.482364305768697,23
abf_fr_physical,physical,0,100.0,0.0,0.6102984265120457,0.5802844907888995,12
abf_fr_physical,physical,0,100.0,0.5,0.6605183757266616,0.4868294725506946,14
abf_fr_physical,physical,0,100.0,1.5,0.3108918581211277,0.1036232173152614,20
abf_fr_physical,physical,1,100.0,-1.5,0.3349097331956454,0.0959140442135161,20
abf_fr_physical,physical,1,100.0,-0.5,0.6899890307583395,0.6758731039336202,22
abf_fr_physical,physical,1,100.0,0.0,0.7855514231925906,0.5169511369214913,17
abf_fr_physical,physical,1,100.0,0.5,0.5045817626463781,0.6696368506111205,22
abf_fr_physical,physical,1,100.0,1.5,0.5360916143677102,0.1380307561176333,21
abf_fr_physical,physical,2,100.0,-1.5,0.4978235335747462,0.1777768701630551,28
abf_fr_physical,physical,2,100.0,-0.5,0.6038630756852242,0.5662084387333993,24
abf_fr_physical,physical,2,100.0,0.0,0.3809547975505417,0.2155062443234582,17
abf_fr_physical,physical,2,100.0,0.5,0.5230417760910387,0.5561896488246109,20
abf_fr_physical,physical,2,100.0,1.5,0.368363243317964,0.1043207832267353,19
abf_fr_physical,physical,3,100.0,-1.5,0.6064061859403894,0.1736024617853599,23
abf_fr_physical,physical,3,100.0,-0.5,0.4193985597841015,0.3190137857815659,29
abf_fr_physical,physical,3,100.0,0.0,1.108881587144813,0.7936447602768159,11
abf_fr_physical,physical,3,100.0,0.5,0.7062572262628574,0.5177518627653945,18
abf_fr_physical,physical,3,100.0,1.5,0.7984310606712948,0.2966354721431043,16
abf_fr_physical,physical,4,100.0,-1.5,0.3637847776473528,0.1726481700011199,19
abf_fr_physical,physical,4,100.0,-0.5,0.9172269928671772,0.8846566469962279,19
abf_fr_physical,physical,4,100.0,0.0,0.3895665277627284,0.1832758404797403,21
abf_fr_physical,physical,4,100.0,0.5,0.4971669123688423,0.5975878495417413,18
abf_fr_physical,physical,4,100.0,1.5,0.6341080805172036,0.1609558297105337,22
abf_fr_physical,physical,5,100.0,-1.5,0.3814322657321623,0.1210538197663403,28
abf_fr_physical,physical,5,100.0,-0.5,0.3528187168715141,0.3219571565169237,27
abf_fr_physical,physical,5,100.0,0.0,0.5784313478264599,0.5927541936551377,18
abf_fr_physical,physical,5,100.0,0.5,0.8152392961598428,0.8788423636617849,18
abf_fr_physical,physical,5,100.0,1.5,0.8164717870821634,0.3380877792100348,11
abf_fr_physical,physical,6,100.0,-1.5,0.5626467307999643,0.2646466677346771,23
abf_fr_physical,physical,6,100.0,-0.5,0.6457263492783322,0.433029164736072,22
abf_fr_physical,physical,6,100.0,0.0,0.5819659276654607,0.6507948794148468,15
abf_fr_physical,physical,6,100.0,0.5,0.7020242386318589,0.4015514634142139,16
abf_fr_physical,physical,6,100.0,1.5,0.4853371324123661,0.1204213887110942,23
abf_fr_physical,physical,7,100.0,-1.5,0.293268530055808,0.0909371730850132,26
abf_fr_physical,physical,7,100.0,-0.5,0.6080299093710779,0.6173731759609499,18
abf_fr_physical,physical,7,100.0,0.0,0.7249181256225439,0.4405023137789591,12
abf_fr_physical,physical,7,100.0,0.5,0.8530293571185568,0.5893198377945338,19
abf_fr_physical,physical,7,100.0,1.5,0.3514270160105315,0.1478476839758738,20
abf_fr_physical,physical,0,100.0,-1.5,0.2207549568747259,0.045783254673786,33
abf_fr_physical,physical,0,100.0,-0.5,0.4781441714920747,0.4972582171770894,25
abf_fr_physical,physical,0,100.0,0.0,0.4886600205389045,0.5659591503589663,11
abf_fr_physical,physical,0,100.0,0.5,0.8238423773329785,0.5817214413101407,13
abf_fr_physical,physical,0,100.0,1.5,0.07837423407014,0.0257874081200175,18
abf_fr_physical,physical,1,100.0,-1.5,0.4876322289458708,0.1345658902922888,23
abf_fr_physical,physical,1,100.0,-0.5,0.6339110802224925,0.6332907821688183,25
abf_fr_physical,physical,1,100.0,0.0,0.4533600366209539,0.3028489211044546,19
abf_fr_physical,physical,1,100.0,0.5,0.4680011481769344,0.4845308418555133,21
abf_fr_physical,physical,1,100.0,1.5,0.3471101112495913,0.1095184592894816,24
abf_fr_physical,physical,2,100.0,-1.5,0.4255822608893272,0.1923874048645824,24
abf_fr_physical,physical,2,100.0,-0.5,0.5431531639386389,0.4113932753762605,25
abf_fr_physical,physical,2,100.0,0.0,0.7859870988206704,0.3789901005809842,20
abf_fr_physical,physical,2,100.0,0.5,0.4273162593612119,0.2850367064683916,22
abf_fr_physical,physical,2,100.0,1.5,0.6306700608031391,0.173013790255898,16
abf_fr_physical,physical,3,100.0,-1.5,0.5029636289904263,0.1375130407012247,24
abf_fr_physical,physical,3,100.0,-0.5,0.4154066612257385,0.3686814821580014,31
abf_fr_physical,physical,3,100.0,0.0,0.899617646098582,0.3988954317580692,14
abf_fr_physical,physical,3,100.0,0.5,0.6273418825292596,0.6664358780763917,17
abf_fr_physical,physical,3,100.0,1.5,0.5323998871775988,0.1344394541631028,19
abf_fr_physical,physical,4,100.0,-1.5,0.3438808957428403,0.1426331040555159,26
abf_fr_physical,physical,4,100.0,-0.5,0.7512849192165618,0.7890304478082228,19
abf_fr_physical,physical,4,100.0,0.0,0.5357969165347652,0.4688111924090154,22
abf_fr_physical,physical,4,100.0,0.5,0.5240352973955089,0.587864622148721,18
abf_fr_physical,physical,4,100.0,1.5,0.5293152959516172,0.1052733516841206,19
abf_fr_physical,physical,5,100.0,-1.5,0.4000843379596037,0.1303297833158824,26
abf_fr_physical,physical,5,100.0,-0.5,0.5878311345621072,0.5282267825827393,20
abf_fr_physical,physical,5,100.0,0.0,0.5099850072011861,0.6632147969222142,10
abf_fr_physical,physical,5,100.0,0.5,0.8831508797524157,0.8879319207833143,16
abf_fr_physical,physical,5,100.0,1.5,0.6993843729880497,0.3077712879302468,15
abf_fr_physical,physical,6,100.0,-1.5,0.5197469047846975,0.3222128756075,20
abf_fr_physical,physical,6,100.0,-0.5,0.5751306152849179,0.4227322358240271,24
abf_fr_physical,physical,6,100.0,0.0,0.556832743315211,0.5437252652809378,24
abf_fr_physical,physical,6,100.0,0.5,0.6273813519162827,0.5897167444093455,11
abf_fr_physical,physical,6,100.0,1.5,0.6299571235585779,0.1955610088323633,27
abf_fr_physical,physical,7,100.0,-1.5,0.6158772392521905,0.2108065190332747,16
abf_fr_physical,physical,7,100.0,-0.5,0.6074815231681922,0.6890323628529518,15
abf_fr_physical,physical,7,100.0,0.0,0.854877111876489,0.596323884304693,12
abf_fr_physical,physical,7,100.0,0.5,0.7863505415988666,0.7501072216925022,16
abf_fr_physical,physical,7,100.0,1.5,0.403591296347064,0.2067493057301845,22
abf_fr_physical,physical,0,100.0,-1.5,0.3830580051271112,0.1595193660527351,29
abf_fr_physical,physical,0,100.0,-0.5,0.55107233795694,0.6016991508955573,27
abf_fr_physical,physical,0,100.0,0.0,0.3239977289726745,0.3635790227039485,23
abf_fr_physical,physical,0,100.0,0.5,0.6070580723604164,0.4261647292647226,15
abf_fr_physical,physical,0,100.0,1.5,0.3450611745611134,0.0567869260612075,20
abf_fr_physical,physical,1,100.0,-1.5,0.2054012423059541,0.0534418460191024,26
abf_fr_physical,physical,1,100.0,-0.5,0.6719366897224834,0.6371572734054048,21
abf_fr_physical,physical,1,100.0,0.0,0.5096068811135929,0.1839557968368917,12
abf_fr_physical,physical,1,100.0,0.5,0.5686533368158191,0.5605560393387558,17
abf_fr_physical,physical,1,100.0,1.5,0.2841214235621246,0.0799034346766123,26
abf_fr_physical,physical,2,100.0,-1.5,0.3398331767679161,0.0981869958229651,20
abf_fr_physical,physical,2,100.0,-0.5,0.7313260277470607,0.6512129673492227,19
abf_fr_physical,physical,2,100.0,0.0,0.3859499739618288,0.1923914862935526,22
abf_fr_physical,physical,2,100.0,0.5,0.6333310910384312,0.6502400288479707,24
abf_fr_physical,physical,2,100.0,1.5,0.6503439931414188,0.2776799099440811,18
abf_fr_physical,physical,3,100.0,-1.5,0.5389741325329996,0.1778527926869448,19
abf_fr_physical,physical,3,100.0,-0.5,0.4708227522229995,0.4677600835870109,19
abf_fr_physical,physical,3,100.0,0.0,0.7473768950310494,0.5559613233202159,20
abf_fr_physical,physical,3,100.0,0.5,0.5576659943381308,0.4564037818100778,19
abf_fr_physical,physical,3,100.0,1.5,0.4941867153948305,0.1159924662765432,22
abf_fr_physical,physical,4,100.0,-1.5,0.4872218902563856,0.1664003902746567,27
abf_fr_physical,physical,4,100.0,-0.5,1.0059038288850897,1.3628383363929006,13
abf_fr_physical,physical,4,100.0,0.0,0.170264993013376,0.1012696332237138,21
abf_fr_physical,physical,4,100.0,0.5,0.6653528244899077,0.846697770116704,12
abf_fr_physical,physical,4,100.0,1.5,0.5143304941794932,0.1534974410343968,19
abf_fr_physical,physical,5,100.0,-1.5,0.2296441343753907,0.0826212613411029,23
abf_fr_physical,physical,5,100.0,-0.5,0.424943854691459,0.4328485715516877,21
abf_fr_physical,physical,5,100.0,0.0,0.5016993595869225,0.297189656746006,20
abf_fr_physical,physical,5,100.0,0.5,0.9958466475563872,1.1820723052510382,15
abf_fr_physical,physical,5,100.0,1.5,0.6344925758276909,0.1864794672211528,19
abf_fr_physical,physical,6,100.0,-1.5,0.4274076454228367,0.133025157431146,26
abf_fr_physical,physical,6,100.0,-0.5,0.6626270014421383,0.7003203730026759,17
abf_fr_physical,physical,6,100.0,0.0,0.7590550509560453,0.7287085016401028,19
abf_fr_physical,physical,6,100.0,0.5,0.7157084823947887,0.3277288283421598,13
abf_fr_physical,physical,6,100.0,1.5,0.8868659211930919,0.2575805627631752,26
abf_fr_physical,physical,7,100.0,-1.5,0.4741523410978022,0.1429448326223699,24
abf_fr_physical,physical,7,100.0,-0.5,0.6764936719494301,0.6268859417015213,18
abf_fr_physical,physical,7,100.0,0.0,0.4105064581940075,0.213718134119865,14
abf_fr_physical,physical,7,100.0,0.5,0.7606550873000267,0.7935872570256177,21
abf_fr_physical,physical,7,100.0,1.5,0.588152206293651,0.3415714999902541,17
abf_fr_physical,physical,0,100.0,-1.5,0.3191469277024673,0.0595354097978708,34
abf_fr_physical,physical,0,100.0,-0.5,0.573317206800966,0.5223588963542642,28
abf_fr_physical,physical,0,100.0,0.0,0.4930121229827414,0.299877635842132,20
abf_fr_physical,physical,0,100.0,0.5,0.6624049340463234,0.4300631169838054,14
abf_fr_physical,physical,0,100.0,1.5,0.3197529770510207,0.0898098431101455,21
abf_fr_physical,physical,1,100.0,-1.5,0.3795878573374044,0.0812353993853172,25
abf_fr_physical,physical,1,100.0,-0.5,0.3975578846733816,0.3193051681761897,22
abf_fr_physical,physical,1,100.0,0.0,0.5575857047261015,0.1983064174726694,10
abf_fr_physical,physical,1,100.0,0.5,0.5921087764037625,0.5089170365879626,20
abf_fr_physical,physical,1,100.0,1.5,0.5304488473421136,0.1692164284715591,26
abf_fr_physical,physical,2,100.0,-1.5,0.4063008841297403,0.1196878240043691,19
abf_fr_physical,physical,2,100.0,-0.5,0.5544500673339794,0.4757382713758718,29
abf_fr_physical,physical,2,100.0,0.0,0.4290039863294765,0.1764264495035505,24
abf_fr_physical,physical,2,100.0,0.5,0.7201566339807746,0.4828297438674616,19
abf_fr_physical,physical,2,100.0,1.5,0.4166105029607221,0.1118691881506005,19
abf_fr_physical,physical,3,100.0,-1.5,0.4633486349323427,0.1641306865855399,19
abf_fr_physical,physical,3,100.0,-0.5,0.4718206364870627,0.4651755994222237,30
abf_fr_physical,physical,3,100.0,0.0,0.617314605747419,0.2129512978722448,17
abf_fr_physical,physical,3,100.0,0.5,0.4965858957812787,0.4732424475211975,19
abf_fr_physical,physical,3,100.0,1.5,0.7275934003751656,0.2079932952590757,19
abf_fr_physical,physical,4,100.0,-1.5,0.3700104874506426,0.1546738515651159,27
abf_fr_physical,physical,4,100.0,-0.5,0.6855112982638799,0.6415361567692398,23
abf_fr_physical,physical,4,100.0,0.0,0.5267688917715501,0.2925064163999779,27
abf_fr_physical,physical,4,100.0,0.5,0.984224779651724,1.3079799316499463,10
abf_fr_physical,physical,4,100.0,1.5,0.3222999242216766,0.0894778861113434,21
abf_fr_physical,physical,5,100.0,-1.5,0.5654339612807695,0.1342452732904442,26
abf_fr_physical,physical,5,100.0,-0.5,0.6904718607588659,0.9900126031438632,26
abf_fr_physical,physical,5,100.0,0.0,0.4037867225861146,0.2110964871633395,20
abf_fr_physical,physical,5,100.0,0.5,0.7355761002486253,0.8250504646678853,15
abf_fr_physical,physical,5,100.0,1.5,0.4576799842982869,0.1399246942165639,14
abf_fr_physical,physical,6,100.0,-1.5,0.3908885791176939,0.247666191352778,24
abf_fr_physical,physical,6,100.0,-0.5,0.6270792952947163,0.4983626442376347,18
abf_fr_physical,physical,6,100.0,0.0,0.3419974474772876,0.3205508766205958,14
abf_fr_physical,physical,6,100.0,0.5,0.5918435745370301,0.4324316077896196,16
abf_fr_physical,physical,6,100.0,1.5,0.2817954296449854,0.0630135662523631,24
abf_fr_physical,physical,7,100.0,-1.5,0.3827573164198066,0.1572022194443379,21
abf_fr_physical,physical,7,100.0,-0.5,0.5237546455490815,0.5973267743690062,20
abf_fr_physical,physical,7,100.0,0.0,1.034096728252823,0.7127889794074306,16
abf_fr_physical,physical,7,100.0,0.5,0.7836565469966459,0.6112518767073702,25
abf_fr_physical,physical,7,100.0,1.5,0.3102215467977297,0.1023510868564416,19
abf_fr_physical,physical,0,100.0,-1.5,0.5115650172984441,0.1819207832251459,27
abf_fr_physical,physical,0,100.0,-0.5,0.5995151339496843,0.59096193663126,28
abf_fr_physical,physical,0,100.0,0.0,0.5358593822078321,0.3325384024686312,20
abf_fr_physical,physical,0,100.0,0.5,0.6142783889733897,0.6343620563546646,16
abf_fr_physical,physical,0,100.0,1.5,0.4673108375886514,0.2228178043344589,18
abf_fr_physical,physical,1,100.0,-1.5,0.2169210706556678,0.070393315066167,20
abf_fr_physical,physical,1,100.0,-0.5,0.6317619530586129,0.6694990387183791,26
abf_fr_physical,physical,1,100.0,0.0,0.3651625876212087,0.2564438837692015,19
abf_fr_physical,physical,1,100.0,0.5,0.4964875901733946,0.3573553729304061,17
abf_fr_physical,physical,1,100.0,1.5,0.5150189079037433,0.1630259677562486,22
abf_fr_physical,physical,2,100.0,-1.5,0.4349214907270072,0.1782297442619844,20
abf_fr_physical,physical,2,100.0,-0.5,0.3533153938183805,0.2638879409006981,24
abf_fr_physical,physical,2,100.0,0.0,0.3802374343474946,0.2283223354480541,24
abf_fr_physical,physical,2,100.0,0.5,0.4672592172807419,0.4694959853764617,23
abf_fr_physical,physical,2,100.0,1.5,0.444546126889799,0.1382156409499249,20
abf_fr_physical,physical,3,100.0,-1.5,0.6047047676618137,0.1944256115182464,18
abf_fr_physical,physical,3,100.0,-0.5,0.3145241615275308,0.2598174422605546,25
abf_fr_physical,physical,3,100.0,0.0,0.9549666524591482,0.692141670704252,18
abf_fr_physical,physical,3,100.0,0.5,0.4241296847018986,0.3546477545082243,16
abf_fr_physical,physical,3,100.0,1.5,0.3561853880095011,0.0745657714842422,23
abf_fr_physical,physical,4,100.0,-1.5,0.5304138339445152,0.2305193850177683,25
abf_fr_physical,physical,4,100.0,-0.5,0.7463102018299879,0.8237812149463012,21
abf_fr_physical,physical,4,100.0,0.0,0.5407522342921006,0.2878207297895114,21
abf_fr_physical,physical,4,100.0,0.5,0.9199294968028094,1.124897739531712,12
abf_fr_physical,physical,4,100.0,1.5,0.3290224879190057,0.0966221879128567,19
abf_fr_physical,physical,5,100.0,-1.5,0.4217955836415241,0.1201798710398673,27
abf_fr_physical,physical,5,100.0,-0.5,0.3820795732428684,0.3842489271483817,20
abf_fr_physical,physical,5,100.0,0.0,0.2927298999574356,0.2394348187049113,19
abf_fr_physical,physical,5,100.0,0.5,0.8820949142143214,1.1129995150085796,12
abf_fr_physical,physical,5,100.0,1.5,0.8390338819162869,0.2547440822898911,14
abf_fr_physical,physical,6,100.0,-1.5,0.3109777422593655,0.2334707549767526,26
abf_fr_physical,physical,6,100.0,-0.5,0.3701497729627809,0.2115599192960167,23
abf_fr_physical,physical,6,100.0,0.0,0.7064667396890548,0.692882370631334,16
abf_fr_physical,physical,6,100.0,0.5,0.7815826694378347,0.7467597614839465,14
abf_fr_physical,physical,6,100.0,1.5,0.5034200009737002,0.1168442360106317,25
abf_fr_physical,physical,7,100.0,-1.5,0.3311411222846037,0.0985268615205968,21
abf_fr_physical,physical,7,100.0,-0.5,0.776397574305795,0.7992791313192343,15
abf_fr_physical,physical,7,100.0,0.0,0.8298627204764978,0.5453415858611761,20
abf_fr_physical,physical,7,100.0,0.5,0.5658948500061421,0.5054547601962056,20
abf_fr_physical,physical,7,100.0,1.5,0.47808422499103,0.2181543978307638,18
abf_fr_physical,physical,0,100.0,-1.5,0.3433733841253212,0.1361483052105799,33
abf_fr_physical,physical,0,100.0,-0.5,0.4194323099918676,0.3736897435632063,28
abf_fr_physical,physical,0,100.0,0.0,0.2056216422424021,0.2188707959376246,27
abf_fr_physical,physical,0,100.0,0.5,0.7556094956077949,0.6325928144073083,15
abf_fr_physical,physical,0,100.0,1.5,0.364063989881928,0.1421451686719973,21
abf_fr_physical,physical,1,100.0,-1.5,0.3246076892297563,0.088032084863213,22
abf_fr_physical,physical,1,100.0,-0.5,0.7731207910235715,1.1517428688995266,25
abf_fr_physical,physical,1,100.0,0.0,0.5346217633558887,0.2394006816145444,19
abf_fr_physical,physical,1,100.0,0.5,0.6434862240120324,0.7581973566640134,29
abf_fr_physical,physical,1,100.0,1.5,0.6187949510003099,0.2236639027188739,16
abf_fr_physical,physical,2,100.0,-1.5,0.8548215461809998,0.4485363417012396,21
abf_fr_physical,physical,2,100.0,-0.5,0.527477411599613,0.6060415733755212,22
abf_fr_physical,physical,2,100.0,0.0,0.2673716189714451,0.1156259337717431,30
abf_fr_physical,physical,2,100.0,0.5,0.5419476505642631,0.8197166639952128,22
abf_fr_physical,physical,2,100.0,1.5,0.4114104017726921,0.12352005794021,14
abf_fr_physical,physical,3,100.0,-1.5,0.4883143839511251,0.1234781251827672,22
abf_fr_physical,physical,3,100.0,-0.5,0.4165089215880476,0.4273365274268871,29
abf_fr_physical,physical,3,100.0,0.0,0.5375830979808677,0.2921710379470582,31
abf_fr_physical,physical,3,100.0,0.5,0.6278625512757822,0.6877496926001485,17
abf_fr_physical,physical,3,100.0,1.5,0.6968140757211359,0.2060479436467356,18
abf_fr_physical,physical,4,100.0,-1.5,0.5126576443759072,0.2206446133055352,20
abf_fr_physical,physical,4,100.0,-0.5,0.8868395968345747,1.0838884479050963,20
abf_fr_physical,physical,4,100.0,0.0,0.3302368415579561,0.1550526684251669,33
abf_fr_physical,physical,4,100.0,0.5,0.6854310882221376,0.710187799208619,17
abf_fr_physical,physical,4,100.0,1.5,0.4423330272860699,0.1276713945503257,21
abf_fr_physical,physical,5,100.0,-1.5,0.3485243316002757,0.1117909515018649,24
abf_fr_physical,physical,5,100.0,-0.5,0.5410404836261606,0.6130206346711585,19
abf_fr_physical,physical,5,100.0,0.0,0.3131142131157116,0.2560934348440986,35
abf_fr_physical,physical,5,100.0,0.5,0.9380224841690168,1.16648188358574,24
abf_fr_physical,physical,5,100.0,1.5,1.5345602140765542,0.7717258896158584,11
abf_fr_physical,physical,6,100.0,-1.5,0.6626444007621911,0.3667082562689659,21
abf_fr_physical,physical,6,100.0,-0.5,0.3757851350362008,0.321961497976561,17
abf_fr_physical,physical,6,100.0,0.0,0.3983960342157553,0.2441597660069718,33
abf_fr_physical,physical,6,100.0,0.5,0.6270877224749117,0.4712972106949073,16
abf_fr_physical,physical,6,100.0,1.5,0.3377223842579038,0.0850071080675151,34
abf_fr_physical,physical,7,100.0,-1.5,0.6748399727617354,0.2358762523341762,19
abf_fr_physical,physical,7,100.0,-0.5,0.6485582048349275,0.5641662405321557,17
abf_fr_physical,physical,7,100.0,0.0,0.3592260964254923,0.190589854566954,31
abf_fr_physical,physical,7,100.0,0.5,0.7143416486716274,0.8724845439596083,17
abf_fr_physical,physical,7,100.0,1.5,0.6979677494160901,0.3586268055427339,19
abf_fr_physical,physical,0,100.0,-1.5,0.450614107902368,0.1726304992023762,30
abf_fr_physical,physical,0,100.0,-0.5,0.7033565607474879,0.8929406050718374,25
abf_fr_physical,physical,0,100.0,0.0,0.4838353830832275,0.2956600980421878,30
abf_fr_physical,physical,0,100.0,0.5,0.5559370522422017,0.5704697805884151,14
abf_fr_physical,physical,0,100.0,1.5,0.4335463486737674,0.167164344882108,24
abf_fr_physical,physical,1,100.0,-1.5,0.5764612914132757,0.168576525515268,21
abf_fr_physical,physical,1,100.0,-0.5,0.6657629605851492,0.7168879392256265,23
abf_fr_physical,physical,1,100.0,0.0,0.5382058958393914,0.5333239869154385,18
abf_fr_physical,physical,1,100.0,0.5,0.6003201266243526,0.7764800291896349,20
abf_fr_physical,physical,1,100.0,1.5,0.36603428728946,0.0788587061169015,23
abf_fr_physical,physical,2,100.0,-1.5,0.438931501148727,0.1318723215822996,23
abf_fr_physical,physical,2,100.0,-0.5,0.6835991962878328,0.878990414792387,28
abf_fr_physical,physical,2,100.0,0.0,0.3407111503439602,0.152011418727665,31
abf_fr_physical,physical,2,100.0,0.5,0.4598247927489632,0.5336628193061939,21
abf_fr_physical,physical,2,100.0,1.5,0.4275394167595897,0.1241209308665385,12
abf_fr_physical,physical,3,100.0,-1.5,0.3788460429563853,0.1514763291377089,18
abf_fr_physical,physical,3,100.0,-0.5,0.7514820450445497,0.8302839390107538,24
abf_fr_physical,physical,3,100.0,0.0,0.4291148139065761,0.1882193079328462,32
abf_fr_physical,physical,3,100.0,0.5,0.6768545471413938,0.7578714451577906,16
abf_fr_physical,physical,3,100.0,1.5,0.7867051917940996,0.2658408032857983,21
abf_fr_physical,physical,4,100.0,-1.5,0.5562218392186413,0.2295102977691688,24
abf_fr_physical,physical,4,100.0,-0.5,0.9363049551464592,1.2842795240416665,17
abf_fr_physical,physical,4,100.0,0.0,0.6697638395555556,0.3750966010583977,25
abf_fr_physical,physical,4,100.0,0.5,0.7125878332017025,0.8544624518791462,16
abf_fr_physical,physical,4,100.0,1.5,0.4759786455776986,0.1451447268268524,24
abf_fr_physical,physical,5,100.0,-1.5,0.429515725746824,0.1360013731338791,21
abf_fr_physical,physical,5,100.0,-0.5,0.5111564861247103,0.5716467390933292,22
abf_fr_physical,physical,5,100.0,0.0,0.3667693626900196,0.2714111231892021,33
abf_fr_physical,physical,5,100.0,0.5,0.9546514497657748,1.2125418852071703,21
abf_fr_physical,physical,5,100.0,1.5,1.0145223761612914,0.417015672185147,16
abf_fr_physical,physical,6,100.0,-1.5,0.7413788926975391,0.4268661277352594,19
abf_fr_physical,physical,6,100.0,-0.5,0.7222633176826142,0.7478071673842317,14
abf_fr_physical,physical,6,100.0,0.0,0.5034063534182397,0.4676846412737491,29
abf_fr_physical,physical,6,100.0,0.5,0.5332124438690312,0.6741991195596463,20
abf_fr_physical,physical,6,100.0,1.5,0.4847767216081767,0.1733004086407558,30
abf_fr_physical,physical,7,100.0,-1.5,0.2018989931283079,0.0414953828199932,24
abf_fr_physical,physical,7,100.0,-0.5,0.6312810399708298,0.6985164102916668,19
abf_fr_physical,physical,7,100.0,0.0,0.6367780150304189,0.3785906712585924,29
abf_fr_physical,physical,7,100.0,0.5,0.6469054652108249,0.6603028190216663,19
abf_fr_physical,physical,7,100.0,1.5,0.9102823132560044,0.44360624185818,17
abf_fr_physical,physical,0,100.0,-1.5,0.3436067669913961,0.1344823978665237,34
abf_fr_physical,physical,0,100.0,-0.5,0.4680552625395355,0.4632341205927846,27
abf_fr_physical,physical,0,100.0,0.0,0.3921998220101416,0.2476929674711533,22
abf_fr_physical,physical,0,100.0,0.5,0.7660950999531989,0.754424381422656,13
abf_fr_physical,physical,0,100.0,1.5,0.5730286734702179,0.2437674864022881,17
abf_fr_physical,physical,1,100.0,-1.5,0.4480879854363184,0.1280454720501857,20
abf_fr_physical,physical,1,100.0,-0.5,0.5734656715428476,0.7207008772399024,26
abf_fr_physical,physical,1,100.0,0.0,0.5112243649777627,0.2975526556810686,18
abf_fr_physical,physical,1,100.0,0.5,0.5391264571027139,0.6699484383556691,17
abf_fr_physical,physical,1,100.0,1.5,0.3275897974645609,0.0949581418995511,25
abf_fr_physical,physical,2,100.0,-1.5,0.611490224902934,0.2650813317532017,16
abf_fr_physical,physical,2,100.0,-0.5,0.4365753995041317,0.3199517589795511,26
abf_fr_physical,physical,2,100.0,0.0,0.3518833466123068,0.1634677342887513,22
abf_fr_physical,physical,2,100.0,0.5,0.4689391959763563,0.699754269062176,19
abf_fr_physical,physical,2,100.0,1.5,0.2484459624332354,0.0830400655871985,24
abf_fr_physical,physical,3,100.0,-1.5,0.24341168353122,0.0894490774709006,20
abf_fr_physical,physical,3,100.0,-0.5,0.5186665481889583,0.5694022916221909,27
abf_fr_physical,physical,3,100.0,0.0,0.3323722797431361,0.1396466541258573,23
abf_fr_physical,physical,3,100.0,0.5,0.7447701927178016,0.8302366435724008,20
abf_fr_physical,physical,3,100.0,1.5,0.5521243432070617,0.1278503070404832,20
abf_fr_physical,physical,4,100.0,-1.5,0.5615761225932757,0.153584489272839,30
abf_fr_physical,physical,4,100.0,-0.5,0.8760282017194504,1.240502037122714,13
abf_fr_physical,physical,4,100.0,0.0,0.5237028237512302,0.3820325320076151,21
abf_fr_physical,physical,4,100.0,0.5,0.4728421011032876,0.46609884827538,20
abf_fr_physical,physical,4,100.0,1.5,0.6172232737822932,0.2005058855225449,22
abf_fr_physical,physical,5,100.0,-1.5,0.5626545444749932,0.1477065960983402,18
abf_fr_physical,physical,5,100.0,-0.5,0.3936218193873892,0.4181051829274392,21
abf_fr_physical,physical,5,100.0,0.0,0.4804001564992549,0.2939909856993259,23
abf_fr_physical,physical,5,100.0,0.5,0.6986874495971533,0.7606042455787831,14
abf_fr_physical,physical,5,100.0,1.5,0.9253422061074826,0.3112129399674071,18
abf_fr_physical,physical,6,100.0,-1.5,0.6115819376508573,0.3297983948944213,23
abf_fr_physical,physical,6,100.0,-0.5,0.5572608381460064,0.3624303527024474,20
abf_fr_physical,physical,6,100.0,0.0,0.5232484519643832,0.4951411274847688,24
abf_fr_physical,physical,6,100.0,0.5,0.4206585134493876,0.2430506539970132,17
abf_fr_physical,physical,6,100.0,1.5,0.386378807669903,0.1155696370672811,27
abf_fr_physical,physical,7,100.0,-1.5,0.4308411330954045,0.1706572549028151,16
abf_fr_physical,physical,7,100.0,-0.5,0.6003560869490718,0.5891221799406521,13
abf_fr_physical,physical,7,100.0,0.0,0.6995245094717474,0.5614038668178161,17
abf_fr_physical,physical,7,100.0,0.5,0.8017977995454524,0.7013087804593487,14
abf_fr_physical,physical,7,100.0,1.5,0.3587327946815631,0.1716356503266948,22
