seed,t,e_F,e_F_full,e_Fprime
5100,0.0,2.9066038639870517,5.408116675855963,6.564657815288973
5100,1.0,0.643600692692237,0.6965432972923807,1.6543110319136531
5100,2.0,0.5912341383098205,0.6350095006593647,1.542306642819734
5100,3.0,0.5580279633966064,0.5983826750398485,1.4705143605554893
5100,4.0,0.5370011546589687,0.5778660674228128,1.4190594779198398
5100,5.0,0.5199019952370376,0.5573124979121657,1.3887166948129912
5100,6.0,0.5003386884924016,0.5386755231331468,1.341258106598324
5100,7.0,0.4853005477846615,0.5193253089023078,1.308476733455883
5100,8.0,0.47023306218124966,0.5003078917952876,1.2755156299912844
5100,9.0,0.45609386384226874,0.48399728378295837,1.2419284395072712
5100,10.0,0.439955954961917,0.4647120864172694,1.2102782274828152
5100,11.0,0.42924415612439193,0.45312858418936236,1.1868696484216086
5100,12.0,0.41702739098058306,0.4395603569225121,1.153929363408092
5100,13.0,0.39879005636926995,0.4204566386223332,1.1131346491176037
5100,14.0,0.38892263378775016,0.4082487426330917,1.0896758770177932
5100,15.0,0.3792232171993926,0.39634514665429144,1.0692568602872785
5100,16.0,0.3716307077916009,0.3870806767716588,1.0494032143741203
5100,17.0,0.36051358079920887,0.37585623246442257,1.0224325644406578
5100,18.0,0.34988268301873354,0.3647911039127735,0.9941665823660196
5100,19.0,0.339487701325908,0.3518456133466888,0.9684587700009816
5100,20.0,0.33426321397758596,0.34405508130225515,0.9569877751727844
5100,21.0,0.3286602825659798,0.33661381708838783,0.9429707399166204
5100,22.0,0.3213193764150145,0.32795492832856693,0.9212177215551796
5100,23.0,0.31712930842406617,0.32260234959170847,0.9075406513639979
5100,24.0,0.3126959743272785,0.31651293572852557,0.8937604170846999
5100,25.0,0.3102589920130471,0.3135840752992977,0.8841191348430635
5100,26.0,0.30490591885511065,0.30811622174496156,0.8693181141416897
5100,27.0,0.29885939933842587,0.3009077683397024,0.8546756433422746
5100,28.0,0.29417199309447234,0.29555155868932986,0.8415404616418344
5100,29.0,0.28972218692841084,0.29094590411907,0.8275571707020407
5100,30.0,0.2858640077721606,0.2871782622999499,0.8155363146500654
5100,31.0,0.28253987817566606,0.28352444306902613,0.8048148810593052
5100,32.0,0.27843073302414667,0.2790731808260027,0.7931532018175087
5100,33.0,0.2741642349663977,0.2749453053953512,0.7795295318122555
5100,34.0,0.27036568875214817,0.2706086790303642,0.7675691287782112
5100,35.0,0.26715471236547456,0.2668390858689138,0.7571964260650397
5100,36.0,0.2631401084292698,0.2619983837822274,0.7471541264752454
5100,37.0,0.2582100251105068,0.25609786707979393,0.7356713639083472
5100,38.0,0.25424541999308775,0.2511817120653307,0.725705091469909
5100,39.0,0.25149980856597476,0.24745650403700006,0.7174626923389245
5100,40.0,0.2466886529833011,0.24209251105796276,0.7032412128508159
5100,41.0,0.24324476476089713,0.23853208425341252,0.692625903448593
5100,42.0,0.2410797822423382,0.23639334602676496,0.6843435470903155
5100,43.0,0.238011001852861,0.23362669558124594,0.6739673129301645
5100,44.0,0.2333045539718074,0.22885056948032453,0.6597882542236206
5100,45.0,0.22870520634366115,0.2239208582792779,0.6477898367763493
5100,46.0,0.22500303714253486,0.219591198338403,0.63949040430048
5100,47.0,0.22207934141637165,0.2163396684971424,0.6316093959402046
5100,48.0,0.21831909335928554,0.21221416057687312,0.6214802255692918
5100,49.0,0.2154803378847079,0.20912500314251461,0.6132341609168783
5100,50.0,0.21295279024548525,0.20659604518250235,0.605097636533773
5100,51.0,0.21024774378324249,0.20367922315054887,0.5975001960319345
5100,52.0,0.2070446095820968,0.20058264011896973,0.586880297213995
5100,53.0,0.2047160487574556,0.19831537561628262,0.5794648532163159
5100,54.0,0.20194961891337035,0.19557202630408957,0.571749852456218
5100,55.0,0.19997388073238898,0.1935466269922777,0.5655901260033159
5100,56.0,0.1972573301423096,0.1907872853837929,0.5572128440091024
5100,57.0,0.19496900294435024,0.18824528497328896,0.550579912346259
5100,58.0,0.1921784847711186,0.1851130172501476,0.5434030764575676
5100,59.0,0.18989614166031546,0.1828094202129806,0.5372884755401106
5100,60.0,0.1876744123322425,0.18069666464589382,0.5306479104423829
5100,61.0,0.18548600161713702,0.17825954147047907,0.5251378191704923
5100,62.0,0.18316231600617489,0.17594304892435533,0.5183858817458671
5100,63.0,0.18031937498406658,0.17314660491454165,0.509471004423634
5100,64.0,0.1769804066352623,0.1694632097613871,0.5016027855853953
5100,65.0,0.17419303247863988,0.16644840382733236,0.49499139815549115
5100,66.0,0.17065374321123689,0.16285018908069626,0.4852428427972456
5100,67.0,0.16837826286815935,0.16045876855433316,0.47945356031632863
5100,68.0,0.1659611943567706,0.15803926413322375,0.4727385960558731
5100,69.0,0.16326578270629047,0.1551876039930275,0.4658582979149433
5100,70.0,0.16169726303902257,0.1536077363012317,0.46157672009832634
5100,71.0,0.16017609911568817,0.1519678330528271,0.4580097063129219
5100,72.0,0.15837140408887193,0.15012095367914594,0.45267827785510323
5100,73.0,0.15581486173710668,0.1474831997437169,0.445883090631285
5100,74.0,0.1533400369081142,0.14507385874292375,0.43913903314233826
5100,75.0,0.15100040006495555,0.1425487342599436,0.4336934705516264
5100,76.0,0.14913450925473032,0.14068401160002145,0.42828239833768444
5100,77.0,0.14764943320912402,0.1393123848715049,0.4240728145125038
5100,78.0,0.14611331488038215,0.13788795279009872,0.4195507100794674
5100,79.0,0.1443934855207851,0.1363497238922355,0.41434673748124917
5100,80.0,0.14244862010482137,0.13437260935991927,0.4091581972341896
5100,81.0,0.14045572249036314,0.13272263269380283,0.4024734981082571
5100,82.0,0.13926072363115466,0.13169660962062202,0.39883495544111897
5100,83.0,0.13743730463394555,0.13000632601272336,0.39341057771485366
5100,84.0,0.13554915039961266,0.1286439946110674,0.3860771088045563
5100,85.0,0.13335846836002388,0.12657173660106877,0.3794520325970442
5100,86.0,0.1311128216847405,0.124404447273673,0.372779366980875
5100,87.0,0.12891418892070988,0.12227557084035814,0.36656919163110074
5100,88.0,0.12720443222980973,0.12055128697146746,0.36192241909962924
5100,89.0,0.125888208244921,0.11920760540553897,0.35821765385072635
5100,90.0,0.12434601745313774,0.1177012827743193,0.35381149793212635
5100,91.0,0.12335398554881075,0.11669268154559045,0.35073622774008006
5100,92.0,0.12206675054708417,0.11547227527899791,0.3467220776391787
5100,93.0,0.12062430359654758,0.11408913626253316,0.3420188055293308
5100,94.0,0.11801289836258691,0.11137271571398434,0.334933226220372
5100,95.0,0.11605178418893738,0.10925286732525363,0.3298229932319808
5100,96.0,0.11470926296661428,0.10774690397462934,0.3262968786514206
5100,97.0,0.11336544299964099,0.10638926920963222,0.32229132279073636
5100,98.0,0.11161738547694906,0.10472155958444263,0.3172337190578553
5100,99.0,0.10995700895694985,0.10297849549661309,0.31255719330463366
5100,100.0,0.10859333890151292,0.10148825499576908,0.3087878635104953
5101,0.0,2.9066038639870517,5.408116675855963,6.564657815288973
5101,1.0,0.7144078255741318,0.7143697773728833,1.8417300065313136
5101,2.0,0.6663488673043524,0.6594826744067837,1.7361893754697735
5101,3.0,0.6327374024087212,0.6204987949633132,1.6586909338318891
5101,4.0,0.6108808225042417,0.5956771846767581,1.6057233123652523
5101,5.0,0.5917221144062259,0.5749501539830039,1.5591627983010354
5101,6.0,0.5664493012693068,0.5456200212650706,1.5019549557776697
5101,7.0,0.5491259168458879,0.5237746332131175,1.4574107264499678
5101,8.0,0.5340369669904267,0.5070127887514722,1.4217535135743093
5101,9.0,0.5219581514026472,0.4945359389651381,1.3944060302197547
5101,10.0,0.5133362185112015,0.48483578759954254,1.3717805259250402
5101,11.0,0.5020568239038243,0.4741568187229914,1.3452860208749597
5101,12.0,0.49169408432354966,0.46496018541223566,1.3226374466764526
5101,13.0,0.47994921473834373,0.4539228226521948,1.295356346259471
5101,14.0,0.47069980349975155,0.4455153551548203,1.2735103071383298
5101,15.0,0.4632386054415888,0.4379235043017133,1.2565420107287517
5101,16.0,0.4558058318780787,0.4296250648829253,1.2364283502095403
5101,17.0,0.44614023300966654,0.41923367083366125,1.2111833427493588
5101,18.0,0.4383995299577639,0.4105965650490513,1.192019976581491
5101,19.0,0.4346824499249295,0.40543324597430325,1.1797653268034047
5101,20.0,0.4309687920729176,0.40031619080467673,1.1672416142152078
5101,21.0,0.4253333752338603,0.3939487732873598,1.1498828331032416
5101,22.0,0.42009915724333935,0.38833237490714373,1.135631712514116
5101,23.0,0.4143335633183317,0.38234869797537807,1.1195408192113654
5101,24.0,0.40979919516633884,0.37753468788080097,1.1078441701234258
5101,25.0,0.4027599430598764,0.3705698024559491,1.088819348545262
5101,26.0,0.3980809333221591,0.36548874283892857,1.0746433959150434
5101,27.0,0.39373446144640667,0.3610966757585737,1.0624420326410984
5101,28.0,0.38924886220228067,0.35665338955473674,1.0488238334075797
5101,29.0,0.38534780847065625,0.35271866793901185,1.0379369471311073
5101,30.0,0.3810456116359151,0.3483653756995209,1.0246473206798015
5101,31.0,0.37651519291182944,0.3441045731768018,1.0127523616311582
5101,32.0,0.3721912902323844,0.34013278499183125,1.0022635197353342
5101,33.0,0.3672957605540863,0.33559761265123067,0.9893932853325257
5101,34.0,0.3626176395245449,0.3311994362416609,0.9762843520192139
5101,35.0,0.35882830796620696,0.32760624370419394,0.965394875370976
5101,36.0,0.3546672547161335,0.32369231744403665,0.9545940916868534
5101,37.0,0.3504001063844733,0.3197491526388353,0.9438956214222418
5101,38.0,0.3478900319922006,0.31744910712106833,0.9370676990329948
5101,39.0,0.3451298340654996,0.31491598154850287,0.9305209504002423
5101,40.0,0.3411335190854794,0.311234148821771,0.9185225944007193
5101,41.0,0.3367621177106291,0.3072389759565748,0.9058664674275855
5101,42.0,0.3328862344570519,0.30374893230222083,0.8956331345472844
5101,43.0,0.32852449542531204,0.2997986717993194,0.8837452259689936
5101,44.0,0.32465935022677433,0.29632369878443177,0.8728647558061531
5101,45.0,0.32179402364137294,0.29374542975145124,0.8632719863809317
5101,46.0,0.31947459741215356,0.291696924848029,0.8556528806110633
5101,47.0,0.31678933147700816,0.28935049532722984,0.8479224668419246
5101,48.0,0.31311242696056396,0.28607936799784817,0.8382761428624547
5101,49.0,0.30988135813584305,0.28320804437114055,0.8290414069186903
5101,50.0,0.30741179602502455,0.28103172504579643,0.821703146504061
5101,51.0,0.3046861175083577,0.27865573486197015,0.8147664402984214
5101,52.0,0.30113866913192533,0.2755154432573969,0.8053434664434771
5101,53.0,0.2974097680588238,0.2721489488649883,0.7954358165942403
5101,54.0,0.29487235766942793,0.2699026932666772,0.7886787472118136
5101,55.0,0.2924870350883085,0.2678202357877034,0.7825064414284857
5101,56.0,0.29011965433828407,0.2657557881709362,0.7747081574711516
5101,57.0,0.28624752468418246,0.26220556126975275,0.7664114803016415
5101,58.0,0.2838266434547327,0.26009895276973255,0.7590651399366225
5101,59.0,0.28174341111989787,0.25828731396767063,0.753125854959479
5101,60.0,0.2790010897292535,0.2558252062698712,0.7453491465493217
5101,61.0,0.2765071096807953,0.2536044730719526,0.7385870802135581
5101,62.0,0.27461713293688333,0.2519071951933318,0.7342914873733577
5101,63.0,0.272712392951719,0.25027176469554313,0.7287062556951261
5101,64.0,0.2707637247489341,0.24860586144811408,0.7222125751468025
5101,65.0,0.2679819621926212,0.24612483547731684,0.7131761402282035
5101,66.0,0.26529768302679174,0.24367179971857628,0.7062684752295116
5101,67.0,0.2637799575685378,0.2423821731162075,0.7000938047996295
5101,68.0,0.2617472585040699,0.24055744267722828,0.694185040091651
5101,69.0,0.25971641130560635,0.2387459127803777,0.6885386757300131
5101,70.0,0.2570577779589838,0.23635771023738023,0.6807297763093992
5101,71.0,0.2555441546101887,0.23506180776683092,0.6758143365306329
5101,72.0,0.2534883163008445,0.233338490135953,0.6679968455634924
5101,73.0,0.25144300648139645,0.23156750462763487,0.6608814850795705
5101,74.0,0.24894005880275233,0.22930370613023304,0.6540484913542602
5101,75.0,0.24735354212343602,0.2279637984598035,0.6488003337748471
5101,76.0,0.24565593671255148,0.22652869861393257,0.6433212863045649
5101,77.0,0.2423071289326694,0.2234411219906042,0.6353677630316817
5101,78.0,0.2398359422208909,0.2211746974653361,0.6291016974746261
5101,79.0,0.23681900210841497,0.21831339679100167,0.6232253341520162
5101,80.0,0.2351655087215042,0.21688093637460865,0.6170578405470799
5101,81.0,0.233213598592266,0.2151645205435388,0.6103488188238501
5101,82.0,0.23192290271447144,0.21408590765599284,0.6042288583847107
5101,83.0,0.23036796779690036,0.21276969006542085,0.5988153034201161
5101,84.0,0.22942860066118043,0.21203449197900476,0.5949148755824231
5101,85.0,0.22827019380325786,0.21115534659324828,0.5892859372993154
5101,86.0,0.22677908096602942,0.2098793394833701,0.5842146829797362
5101,87.0,0.22501872647102997,0.20837431094215986,0.5786426802038976
5101,88.0,0.22355629407596558,0.20717980346215406,0.5727016174538098
5101,89.0,0.22203269023217753,0.20589729124690695,0.5666676253804372
5101,90.0,0.22045760411322435,0.20451805773541085,0.5614374894664059
5101,91.0,0.21812555568452696,0.20240169531387583,0.5548988966169072
5101,92.0,0.21582096551265914,0.20026735665658082,0.5484762600157059
5101,93.0,0.21318263350748054,0.19777736206292718,0.5408361040669085
5101,94.0,0.21109877999929344,0.19585627789410223,0.5339202641061467
5101,95.0,0.20854701022149888,0.1934355555977804,0.5273149486280969
5101,96.0,0.20683950393041295,0.1918425370694795,0.5222809715864818
5101,97.0,0.20439454480695593,0.18951205872545784,0.516946146573093
5101,98.0,0.20199732205137244,0.18723148825813365,0.5111034274746742
5101,99.0,0.19986498766544916,0.18521394464978605,0.5063135212562626
5101,100.0,0.19790351189424676,0.18344972890949943,0.4998101954959719
5102,0.0,2.9066038639870517,5.408116675855963,6.564657815288973
5102,1.0,0.6565822530692766,0.7140952402747175,1.7494448517343777
5102,2.0,0.6188626497169409,0.6488943128856005,1.6549473852712462
5102,3.0,0.5948675418465398,0.6172536888972382,1.5988095258940134
5102,4.0,0.5777326935201069,0.5962093181278066,1.5621005317147219
5102,5.0,0.5555661522015062,0.5727093582371651,1.5126189040140157
5102,6.0,0.5325783270008463,0.5442196339945004,1.456240825239293
5102,7.0,0.5173636562247597,0.5247596480805412,1.4183646030633807
5102,8.0,0.5044695836641689,0.5066246259552167,1.3830667545165212
5102,9.0,0.4886657322422134,0.4895517593443446,1.3448266926000143
5102,10.0,0.46902818871618246,0.47337081306292944,1.3027211199441306
5102,11.0,0.4462157055798222,0.4523331825559524,1.2480691794284835
5102,12.0,0.4268132214020007,0.4347736588795383,1.1992997057177133
5102,13.0,0.41532809919248137,0.42191901087054956,1.1696412107689667
5102,14.0,0.40612150621801946,0.41014954631693135,1.1456022331616051
5102,15.0,0.3962738837408095,0.40021021310538435,1.1230593315512076
5102,16.0,0.38739588397172003,0.39084451705583384,1.1020966646031145
5102,17.0,0.378538951991993,0.38087277663559366,1.0786735026206877
5102,18.0,0.37095160391053783,0.37102743178940667,1.055578208393479
5102,19.0,0.3640170912990615,0.363608745735606,1.0377790364137147
5102,20.0,0.3575336191479562,0.3558939322130237,1.0212479905438925
5102,21.0,0.35079853695961155,0.34689048989441434,1.001384832341611
5102,22.0,0.34399196135894483,0.338341066589543,0.9818979067134161
5102,23.0,0.3372186724225497,0.3312861462436265,0.9643982344607387
5102,24.0,0.3304489464846023,0.3244436735365056,0.946605018320604
5102,25.0,0.32508669295547327,0.3180494820674485,0.9320751153985114
5102,26.0,0.3189726578887224,0.31140449414217936,0.9142636001621829
5102,27.0,0.31308628271809913,0.3033629302879698,0.8941126818443188
5102,28.0,0.3075279810862544,0.2962067613032845,0.8755727565620494
5102,29.0,0.3030723120380048,0.2906943554577478,0.8627419794188976
5102,30.0,0.295312129089183,0.2834198412613461,0.842889165130555
5102,31.0,0.2915845947755525,0.27875851346646213,0.8313320510769272
5102,32.0,0.2872148672225452,0.27396377002251354,0.8191346633161963
5102,33.0,0.2824191518675165,0.26872853707233196,0.8058649648879819
5102,34.0,0.2784785202870132,0.2642592610590859,0.7949593382118658
5102,35.0,0.27409908269858124,0.25985217352000717,0.7826985711023218
5102,36.0,0.26887119884685307,0.2547311846627619,0.7683185149749484
5102,37.0,0.2642980062010203,0.24963175206016908,0.7549034285795366
5102,38.0,0.25996481115536635,0.245163352379244,0.7432933985049894
5102,39.0,0.2562375468709705,0.24112439313452672,0.731842937439354
5102,40.0,0.2525709939907496,0.2371013354003389,0.721176046980991
5102,41.0,0.24999677943891455,0.2338594860592221,0.7117068358851666
5102,42.0,0.24606655026737254,0.22998491625226317,0.7014370765855799
5102,43.0,0.24273045172981497,0.2263508982973034,0.690899516578982
5102,44.0,0.24011894024929525,0.2234734608226574,0.6821711894694302
5102,45.0,0.23625842506899924,0.21970746532150773,0.6703108341914533
5102,46.0,0.2332423574389351,0.2167617348354572,0.6614122623462841
5102,47.0,0.22994239353678608,0.21354574960816197,0.6513952231955837
5102,48.0,0.22586450378791598,0.20949093746722922,0.6389967808885602
5102,49.0,0.2226394007951009,0.2060853520084674,0.6290395415446538
5102,50.0,0.22045963408149108,0.20361794574488162,0.6219939446623342
5102,51.0,0.21810695782704195,0.2011848434345175,0.614617918815724
5102,52.0,0.21523883048358644,0.19834861885426425,0.6061781618609582
5102,53.0,0.2118001059351202,0.19497803924626336,0.5956678668969095
5102,54.0,0.20875923755244433,0.19178816574803587,0.5840024693232296
5102,55.0,0.20599998054293417,0.18906830493247342,0.57533901801911
5102,56.0,0.203019015786777,0.1863192212964649,0.5682260209647746
5102,57.0,0.19994447172297936,0.18344103394853825,0.56081972801724
5102,58.0,0.1966165623459893,0.1803573342657729,0.5522019836752418
5102,59.0,0.19267898675597345,0.17670698012243144,0.5408563391501945
5102,60.0,0.18960839138583774,0.17375249222043487,0.5309452557676848
5102,61.0,0.18713011007286684,0.17131919784734087,0.522434312754923
5102,62.0,0.18420177668065704,0.16860785033519632,0.5140115938453781
5102,63.0,0.17998919702100302,0.16475185256339955,0.5019798449441855
5102,64.0,0.1775398825886375,0.16241846257874926,0.49331654662167235
5102,65.0,0.17618279753230495,0.16107432625237436,0.48817134239884596
5102,66.0,0.17358775028493514,0.15867302664629893,0.4805404067324466
5102,67.0,0.1702647816355966,0.155623893297354,0.4709804412129722
5102,68.0,0.16753049741392992,0.15309351262385834,0.46164205964988686
5102,69.0,0.16544666424407745,0.15114717171767,0.45501977612889916
5102,70.0,0.1627854204862495,0.14871128250819457,0.44784811937213875
5102,71.0,0.1600639077001312,0.14623309063207676,0.4410374888000365
5102,72.0,0.15730740076297392,0.1437133570940591,0.4332229503342722
5102,73.0,0.1551773593584373,0.14175338339921623,0.42706842944223944
5102,74.0,0.1518466419515561,0.13877505698496173,0.41907017285977033
5102,75.0,0.14923221668544695,0.13640114796093367,0.4126806404909442
5102,76.0,0.147092775632677,0.13442292958561264,0.40654877088936414
5102,77.0,0.1444711495577818,0.13205418300952673,0.3999175938592908
5102,78.0,0.1425214511463001,0.13031269737349696,0.395556109029546
5102,79.0,0.140870643390331,0.12875583406952268,0.3903220629169348
5102,80.0,0.13994472396240146,0.12781282587311288,0.3863879510797369
5102,81.0,0.13880548380515187,0.1266959248831401,0.3822587081372693
5102,82.0,0.1378815072098081,0.1258088173832104,0.3794134743558273
5102,83.0,0.13613298932275125,0.12418488430310358,0.3739627021537261
5102,84.0,0.13451091813106375,0.12268878286521584,0.3691266466892253
5102,85.0,0.1332094870214164,0.12147418949206443,0.3644644735475211
5102,86.0,0.1317400759498142,0.12012176138390093,0.35985699344883676
5102,87.0,0.12941387971820362,0.11800956248008015,0.3539349573124923
5102,88.0,0.12775988859133333,0.11650462336971638,0.34936913891426535
5102,89.0,0.12602466207895086,0.11493057909945646,0.34484039071605466
5102,90.0,0.12391758937172642,0.11302997557785147,0.33948015693660955
5102,91.0,0.12253167963007841,0.11176251817166652,0.3353467520228236
5102,92.0,0.12124339778170813,0.11057972065722563,0.33121693848438766
5102,93.0,0.12064305268921291,0.11001701896867887,0.3285830534925601
5102,94.0,0.11911338100843642,0.10862585414909448,0.32401819242437796
5102,95.0,0.11679853701110582,0.10652513281280451,0.3179311285163744
5102,96.0,0.11566905307008335,0.10549046796895672,0.3140458159717043
5102,97.0,0.11419443185208492,0.1041461392929886,0.30989055711948765
5102,98.0,0.11265342728543459,0.10275223291460533,0.30557283336508523
5102,99.0,0.11121724955815744,0.10144387643616341,0.3012717556892638
5102,100.0,0.11032277438538722,0.1006260529881334,0.29878135385333754
5103,0.0,2.9066038639870517,5.408116675855963,6.564657815288973
5103,1.0,0.6252302933794611,0.7116765537277047,1.4435642145564518
5103,2.0,0.5495732904008163,0.6109949905600336,1.3172127129046032
5103,3.0,0.4919118810724288,0.5509689881505738,1.239946140259856
5103,4.0,0.48204142042307385,0.5248183633704399,1.202065920718293
5103,5.0,0.4716910597815089,0.5021406489817791,1.16328214781742
5103,6.0,0.4553307594190389,0.48137088904691006,1.1239233213588193
5103,7.0,0.4569210411556398,0.47462501025883547,1.095961987421698
5103,8.0,0.4506876265937529,0.4623653891349685,1.061651527331618
5103,9.0,0.44359057873909763,0.45068502058011933,1.0271928980663076
5103,10.0,0.43421105904521023,0.43811757607244584,1.0047443455745797
5103,11.0,0.42932532890962666,0.43041702285357814,0.987524616165534
5103,12.0,0.4223780672550633,0.4207446878788539,0.9678406929197055
5103,13.0,0.40655757418820926,0.4043224852785048,0.9342766200923068
5103,14.0,0.3945054914536644,0.39101908414784853,0.901907852833097
5103,15.0,0.38625909534695024,0.38098843217661726,0.8800719641012773
5103,16.0,0.37721944684878367,0.3713455303227217,0.8615864413822827
5103,17.0,0.3678228223409843,0.3613329796524768,0.8378902054357006
5103,18.0,0.36183003159723587,0.35382538054252277,0.8179677009825703
5103,19.0,0.3545695649334445,0.34613888616476945,0.7988102685286086
5103,20.0,0.34465491933265857,0.33566072945685366,0.774200828897484
5103,21.0,0.3402888353199147,0.32925485548893935,0.7574801218873274
5103,22.0,0.33514581043836883,0.32274034655226824,0.7437480436048652
5103,23.0,0.33091338849814755,0.31735678732326,0.7278189840611236
5103,24.0,0.3252478117281032,0.31105034170528095,0.7130474882682514
5103,25.0,0.31890866470705004,0.30426669387160404,0.6993009410154682
5103,26.0,0.3172679325203219,0.301943664722776,0.6886326807040827
5103,27.0,0.3145983428786946,0.2988506587083706,0.6763959721009859
5103,28.0,0.30922810732409706,0.29330592913641224,0.6613913949312722
5103,29.0,0.30560932669849433,0.28929168440923897,0.6500268606286391
5103,30.0,0.2978735646008636,0.2816161690687267,0.6361037554585688
5103,31.0,0.291778229815222,0.27554199885723424,0.6248963286664484
5103,32.0,0.28677795829515057,0.27029161440309246,0.616356504759295
5103,33.0,0.2832842599377821,0.2666953585993592,0.6054857181049079
5103,34.0,0.28138408963530875,0.2645757041597441,0.5976512038815401
5103,35.0,0.27761497436041493,0.2608317995672596,0.5893134378759124
5103,36.0,0.27367878113011695,0.25708124555937784,0.5796747498096524
5103,37.0,0.26911331855160714,0.25261801661401234,0.5709097963341427
5103,38.0,0.2681939392672634,0.2515765493168174,0.564818404146272
5103,39.0,0.26699470937602043,0.25039968416009756,0.5574254824746978
5103,40.0,0.26286130212071296,0.24638115420784726,0.5492884575166848
5103,41.0,0.2597197872360953,0.2433856555087776,0.5427536294393523
5103,42.0,0.2550662613308899,0.23887506457130123,0.5356487181907423
5103,43.0,0.2518734339019667,0.23585031017420727,0.5275298747462871
5103,44.0,0.24810769296596996,0.23224891144323226,0.5195426653792189
5103,45.0,0.2449233457501162,0.22940000801469024,0.5108407644084624
5103,46.0,0.24356943491965313,0.22829041256449234,0.505932203403161
5103,47.0,0.2421662918671159,0.22698843993839837,0.501799586478107
5103,48.0,0.23991571584776886,0.2249116784463017,0.4980558199945113
5103,49.0,0.23552669321603142,0.22067746939710756,0.4917951732182907
5103,50.0,0.23171641994740091,0.21709436545281594,0.48387199920006646
5103,51.0,0.22931933684345202,0.2149929705621464,0.47725673804547575
5103,52.0,0.22692803262719066,0.21287487247106368,0.47020552849016245
5103,53.0,0.22480451906724552,0.2110084149006429,0.46409368415807634
5103,54.0,0.22329165026692932,0.20980136113077966,0.4589304187458414
5103,55.0,0.2218790578209546,0.20859318618023914,0.45463802587699254
5103,56.0,0.22009252229992485,0.2070176345429455,0.4496710629443673
5103,57.0,0.216237876845602,0.2033772039981288,0.4428539120947548
5103,58.0,0.21481013137416516,0.20210761019646098,0.43966151980373824
5103,59.0,0.21292016496045485,0.20036444799713166,0.4355466988159083
5103,60.0,0.20974934927800584,0.1973578243072535,0.4301854897552109
5103,61.0,0.20572297930521416,0.19343535997732708,0.42506110617825765
5103,62.0,0.2030974001088861,0.19104304089637403,0.4196335970877253
5103,63.0,0.20123608431429382,0.18941131469086187,0.4146929290144859
5103,64.0,0.19983737570815474,0.18817567101024987,0.4120276073983138
5103,65.0,0.19876022710820176,0.1872906300182312,0.4093824598038079
5103,66.0,0.19697821384959274,0.18568204014590353,0.4059537199285888
5103,67.0,0.19486336753243733,0.18368585851706806,0.4021535223356344
5103,68.0,0.1927105395562182,0.18175158717970433,0.3978268210288568
5103,69.0,0.1909178065950923,0.1800867796779063,0.39398869466285247
5103,70.0,0.19049290211825784,0.17978974525216496,0.39223793699172854
5103,71.0,0.19043819769339096,0.1799450410859719,0.38970378339370343
5103,72.0,0.19082829767317364,0.18062483500485996,0.388548860524459
5103,73.0,0.1904942516615057,0.18058111402923085,0.3851108253150276
5103,74.0,0.18871815877301723,0.1789711536647516,0.38121187695434805
5103,75.0,0.18643952791204288,0.1767623150811213,0.37705792561675106
5103,76.0,0.18459856213642664,0.17509417880938177,0.3728261135167864
5103,77.0,0.18302207852554112,0.17370639135734886,0.36939582916959174
5103,78.0,0.18181947088192274,0.1726166241891721,0.3662594166520741
5103,79.0,0.18007461879148168,0.1709411722676287,0.3636522885006272
5103,80.0,0.17712485325818486,0.16808124293433369,0.35834970486587664
5103,81.0,0.17363531182554873,0.16463927225557448,0.35329388014355634
5103,82.0,0.17315672854246542,0.16428669827900638,0.3510958465982791
5103,83.0,0.17188678190910306,0.16312653648501116,0.34848153106925434
5103,84.0,0.17012222699645904,0.16137607377506832,0.3456565892780643
5103,85.0,0.16868814168740262,0.15995526221273834,0.34396578811833267
5103,86.0,0.16700457130426188,0.15832175203864582,0.34122006446227854
5103,87.0,0.16605533386050175,0.15751955557760478,0.33941287424371486
5103,88.0,0.16493690281431989,0.15659030109471578,0.33715184617530813
5103,89.0,0.16337701391036955,0.15516046604425493,0.33468455514984335
5103,90.0,0.16193433227837128,0.1538475093648437,0.3313446023938792
5103,91.0,0.16184310736771748,0.1538491537294244,0.33047383510069045
5103,92.0,0.16087218566973055,0.15293740424184624,0.32907110737412026
5103,93.0,0.15919125552311664,0.1512462322653867,0.32693000040032677
5103,94.0,0.15775970355179472,0.14984486067139963,0.32498981446304814
5103,95.0,0.15735293107944792,0.1495385348390772,0.32304120668315445
5103,96.0,0.15567061674124472,0.14795557447091656,0.3197153622807244
5103,97.0,0.15417839916941545,0.1465269497738252,0.3163701932850434
5103,98.0,0.15336367848961427,0.1458376667566104,0.3142238689686102
5103,99.0,0.15262818043928264,0.1452664577842924,0.31209405854541195
5103,100.0,0.15138911505860658,0.14410264265873665,0.30950288209182847
5104,0.0,2.9066038639870517,5.408116675855963,6.564657815288973
5104,1.0,0.6935152356625998,0.7380574786489282,1.8269659955572402
5104,2.0,0.6376158665799289,0.6688185367829431,1.694803189797165
5104,3.0,0.5910350727984754,0.622180432822796,1.5868421815731097
5104,4.0,0.5618613031737729,0.587181468105007,1.5172644401723496
5104,5.0,0.543398887820817,0.5554200647193239,1.4598466076673238
5104,6.0,0.5306965130114937,0.5367766382437849,1.4261590321120257
5104,7.0,0.5160440121332134,0.5181456627032133,1.3867385394663443
5104,8.0,0.502098907315142,0.4991893067939588,1.3488942354962972
5104,9.0,0.49209614093711096,0.4853838512668173,1.3215800450604998
5104,10.0,0.4794752116634,0.47177215785738247,1.292596394464534
5104,11.0,0.47299377542073595,0.46191927617475204,1.2706039622080818
5104,12.0,0.4660245450745863,0.45200586457569564,1.2479229593273615
5104,13.0,0.4557929666122113,0.4408112893868495,1.222517137623073
5104,14.0,0.44533998797463925,0.4290871324895176,1.1951656475249042
5104,15.0,0.43673011554879665,0.4193006620294638,1.1733735802731766
5104,16.0,0.42584254037355623,0.40849660849456937,1.1480973338512315
5104,17.0,0.42100890310827777,0.4013404681626331,1.13048283634578
5104,18.0,0.4158157979755431,0.3944164136176398,1.1140164439650804
5104,19.0,0.4080616351546879,0.3863502954460412,1.0948524927380936
5104,20.0,0.4008765082412997,0.3786215895197847,1.0743381545707031
5104,21.0,0.39792828185116097,0.3742620549356382,1.0590173107457375
5104,22.0,0.39079415986594296,0.367201339787886,1.0413917742122087
5104,23.0,0.38485366348925093,0.3607314062120919,1.024135247267919
5104,24.0,0.37836194808183266,0.3541897616914506,1.0084363842434416
5104,25.0,0.37302829856401204,0.3487496080765395,0.9926610534479093
5104,26.0,0.3663703552503788,0.3418899235167246,0.9721002657045664
5104,27.0,0.360951822674374,0.33606624691251225,0.9552637809760978
5104,28.0,0.35496775033908196,0.3298279523697283,0.939378924821641
5104,29.0,0.3509722464486006,0.3251204483926739,0.9238284080990486
5104,30.0,0.3448754182898797,0.319146107136126,0.9091676649358966
5104,31.0,0.34235682333913814,0.3162890153405925,0.8965685965879221
5104,32.0,0.3371989783613537,0.3112654158822518,0.8812992089544167
5104,33.0,0.33452999082374285,0.30822020857047533,0.8676473645659929
5104,34.0,0.3322842115731249,0.30554238936918543,0.8559873362336736
5104,35.0,0.3283162998265539,0.3015705830688845,0.8434193588198018
5104,36.0,0.3244222686956632,0.2978361326252358,0.833672795486784
5104,37.0,0.31935323594213333,0.29296232534452743,0.8216145029313606
5104,38.0,0.31611964882386956,0.28971333337668426,0.8082260081819925
5104,39.0,0.31077991451587633,0.2846855123333489,0.7934899068487327
5104,40.0,0.3078458693041928,0.28178650854461973,0.7824251085151194
5104,41.0,0.3052052901771231,0.2792012438856145,0.7733233297059267
5104,42.0,0.3026643602370448,0.2767764028410707,0.764995188058615
5104,43.0,0.2994052286062423,0.27365616163205525,0.7552319231494087
5104,44.0,0.29485934730209806,0.2693967494519874,0.7437003833318119
5104,45.0,0.29080984043643743,0.26567946693668393,0.7329609938680741
5104,46.0,0.2854710601179216,0.2607982846985593,0.7213025091846125
5104,47.0,0.28062407293057384,0.2563238912471387,0.7118332750864559
5104,48.0,0.2775573689160971,0.25349216523124507,0.701986012484109
5104,49.0,0.2756700870121318,0.25177441587240285,0.6936496899310913
5104,50.0,0.27220257801935294,0.24859566519602955,0.684018523907635
5104,51.0,0.2688739026297753,0.24555671181324618,0.675857628175127
5104,52.0,0.26621525994038064,0.24313683594044355,0.668031651447664
5104,53.0,0.26540224532102946,0.24246577210071799,0.6619180812211681
5104,54.0,0.2621778902548228,0.23959275943251754,0.6507858153375261
5104,55.0,0.26016699663862725,0.23783200856265888,0.6433814691893456
5104,56.0,0.2590283542211794,0.2369118996400202,0.6365430011210894
5104,57.0,0.2555788770259416,0.23383974778315325,0.6256608074135461
5104,58.0,0.2531246055558144,0.23172826808368058,0.6172103287336231
5104,59.0,0.2503119741248079,0.22922664024475872,0.6096659062011328
5104,60.0,0.24716987123713433,0.22637207067961038,0.6017681558772239
5104,61.0,0.24367615034083254,0.22319883200640417,0.5928972436982993
5104,62.0,0.2402648126732942,0.2201764815431205,0.5827331417292907
5104,63.0,0.23698514352807645,0.21722151396520892,0.5745036717161957
5104,64.0,0.23370909871860185,0.21427113027408454,0.565590077840751
5104,65.0,0.23168453316904536,0.21248725630343424,0.5602169334029206
5104,66.0,0.23056320539570369,0.21160474068059285,0.5549616638334562
5104,67.0,0.22782129755331437,0.2091257332689323,0.5479845345158492
5104,68.0,0.22501478631710986,0.2065962791594404,0.540510385271268
5104,69.0,0.2217634482274407,0.20365922111931126,0.5322847728944614
5104,70.0,0.2184676878829767,0.20064252851330686,0.5258396454958286
5104,71.0,0.2164580802508441,0.19888284705049522,0.5208724635974854
5104,72.0,0.215015223906759,0.19765419295911307,0.5159817367080566
5104,73.0,0.21253567871659515,0.19545176353359267,0.5099382958378103
5104,74.0,0.21076089197491527,0.19391407585106876,0.505498495897193
5104,75.0,0.20771066150862547,0.19113150539265897,0.49863093027286426
5104,76.0,0.20504820781009195,0.1887440483589685,0.49225943552643336
5104,77.0,0.20315292629251813,0.1870894625369504,0.4866769941815584
5104,78.0,0.20120445490233238,0.1853894090234365,0.4811054494669823
5104,79.0,0.19937061216602242,0.18385264660646708,0.4745312354394923
5104,80.0,0.19686408857162546,0.1815917659192168,0.46804913995492986
5104,81.0,0.19477578244084306,0.17969476109233806,0.46182499042989167
5104,82.0,0.193023767644199,0.1781618783882546,0.4567089417016535
5104,83.0,0.19131698719962795,0.1766976222533982,0.4505714210865983
5104,84.0,0.18794271708918667,0.17354556047134506,0.4437764490406984
5104,85.0,0.18559387914983624,0.17143904773966137,0.43764872801271704
5104,86.0,0.1833716756888326,0.16944707007975807,0.43167506281050966
5104,87.0,0.18131676617409817,0.167618130841579,0.4258330779464413
5104,88.0,0.17914854838009653,0.1656176907612239,0.42102004302784746
5104,89.0,0.17752096804315687,0.16417363304336186,0.41600771568917827
5104,90.0,0.17519921037157654,0.16205545015239722,0.4106008069812625
5104,91.0,0.17170184005235087,0.1588001371458678,0.40343487192664745
5104,92.0,0.1703356781976422,0.15760915477769347,0.4000757253129958
5104,93.0,0.16901890491597776,0.15654181249698915,0.3948819077624266
5104,94.0,0.16698591660685322,0.1547010584664378,0.3888492799462289
5104,95.0,0.16472583079325667,0.15266510985548473,0.3825831268716255
5104,96.0,0.16266582187172726,0.1508087641650851,0.3767659169645681
5104,97.0,0.16149344229619295,0.14985953351749826,0.37185482642302814
5104,98.0,0.15899186793844802,0.1474995658437019,0.36679429308067735
5104,99.0,0.1572288111875762,0.1459086581511045,0.36197413329866795
5104,100.0,0.15504177843377995,0.14392913893239948,0.3551284020843222
5105,0.0,2.9066038639870517,5.408116675855963,6.564657815288973
5105,1.0,0.6825140361045534,0.7535344504484172,1.775675523642937
5105,2.0,0.6537560037600627,0.7069240753348945,1.7084582210511399
5105,3.0,0.6312421348086558,0.6636392810023828,1.6420846689140185
5105,4.0,0.596692735974878,0.6281689089113297,1.5714983036292178
5105,5.0,0.579628345183286,0.6029029535419876,1.5118566287007285
5105,6.0,0.5639567452839583,0.580438564695133,1.4608114297019057
5105,7.0,0.5532259490308022,0.5612255609710501,1.4175970486605527
5105,8.0,0.5430525741245835,0.5462188893528876,1.391879537474022
5105,9.0,0.5314449583784446,0.5307731979235839,1.3593337155509815
5105,10.0,0.5194299585480227,0.5152585840016127,1.3322232937661376
5105,11.0,0.5075896421380041,0.49971155249003096,1.3011933314382946
5105,12.0,0.49565028956119744,0.4849274899250284,1.2705046954382475
5105,13.0,0.48775574637055147,0.47371657920728194,1.2397397798007666
5105,14.0,0.47837319893017255,0.4634480053687261,1.2161410334008096
5105,15.0,0.46841028709041865,0.45271525591279466,1.1923999671259813
5105,16.0,0.4605583091645605,0.44331378077781036,1.1688161273547284
5105,17.0,0.4541174269433039,0.4363842129284258,1.1508537777717898
5105,18.0,0.4476527261424961,0.42778801389739257,1.1313125754106157
5105,19.0,0.43837080610063095,0.417737936347637,1.1067050965682155
5105,20.0,0.4321593318265927,0.4112608837475836,1.0926953537089146
5105,21.0,0.4261714420147421,0.4041436605148588,1.0769799584580602
5105,22.0,0.42100301763296977,0.3978979405023811,1.0629846188243062
5105,23.0,0.41312436124363944,0.39021474983560117,1.0468707334652654
5105,24.0,0.40461773539394436,0.381446055293017,1.0243795722509244
5105,25.0,0.4018222935807321,0.3777829639794786,1.0111244474332777
5105,26.0,0.3983422287670511,0.3729714056090239,0.9977922310496455
5105,27.0,0.3956837455531579,0.3694658621079928,0.9890525718562229
5105,28.0,0.3887992273106862,0.36270778074502374,0.9741021242434516
5105,29.0,0.3845738704753598,0.3576618456396789,0.95803247093264
5105,30.0,0.37882992362947054,0.3512753756325257,0.9409440558871666
5105,31.0,0.3775579367125283,0.3489997035186686,0.927412463053012
5105,32.0,0.3751421603712713,0.3459906427072924,0.9172514712938865
5105,33.0,0.3710897412936348,0.3420256954912896,0.90566144721323
5105,34.0,0.3668465303180987,0.33793219223875953,0.8913928107888139
5105,35.0,0.3648094191258265,0.3357054169431877,0.8805561136302343
5105,36.0,0.36015084232192274,0.3311815356265092,0.8706897057678172
5105,37.0,0.35786964213379746,0.3288725469353481,0.8633864964716103
5105,38.0,0.3560491440487048,0.32701971281895026,0.8549092157367608
5105,39.0,0.35443511080865486,0.32539326458705775,0.8472529320133205
5105,40.0,0.3506463677068858,0.3218398905009897,0.8365696475262413
5105,41.0,0.34673837778321853,0.31821276020852024,0.8259093826804647
5105,42.0,0.3431543846548983,0.31484084923572964,0.8172702263684445
5105,43.0,0.34044105613263187,0.31233604300569423,0.8068309168946444
5105,44.0,0.3368386557919322,0.3090248216771841,0.7967968235441736
5105,45.0,0.33401235814313174,0.3064662655055923,0.7882580736571877
5105,46.0,0.33078711756235446,0.3035761675716762,0.7780916762030207
5105,47.0,0.3279932521467536,0.3011818792117401,0.7677562464545875
5105,48.0,0.32603147515592296,0.2995415576290107,0.7592159937685872
5105,49.0,0.32452475645979395,0.29829774304982865,0.752306313189202
5105,50.0,0.3238821666680887,0.2979877311873385,0.7457862052712299
5105,51.0,0.3211469594437257,0.29570098939031153,0.7362177467163648
5105,52.0,0.3202443136863574,0.2952087186287282,0.7290538916208037
5105,53.0,0.3184032489798148,0.2938540879431285,0.7210804916069858
5105,54.0,0.31587849047716976,0.2918363781283876,0.7121125682141636
5105,55.0,0.3137878514047703,0.2902399157663549,0.7054668531506046
5105,56.0,0.31324835469477424,0.29017167245670583,0.7009326007571226
5105,57.0,0.31328863725603434,0.29067696484078004,0.6945218155948218
5105,58.0,0.31147784725991123,0.28927045567287324,0.6881470854038236
5105,59.0,0.3102323292077406,0.2884017512926656,0.6832071351224136
5105,60.0,0.31005385305430155,0.2886958195914354,0.6798367782165097
5105,61.0,0.30922259012128045,0.28836788567588717,0.6748550181888622
5105,62.0,0.3069906270866495,0.28656868765969,0.6694704115194521
5105,63.0,0.30510866319893565,0.28526246031025,0.661434649098969
5105,64.0,0.30268434794557,0.2832226664366838,0.6558732583895369
5105,65.0,0.3027983449104959,0.28375807314549856,0.6520149602740877
5105,66.0,0.3022386692484106,0.2834723125743598,0.6489065556924193
5105,67.0,0.3006846432390165,0.28219788580657407,0.6441437412201519
5105,68.0,0.3002644905728851,0.28204639542682286,0.6405809254790856
5105,69.0,0.2980399997796854,0.2801876733778983,0.6342711030123446
5105,70.0,0.2958533005456438,0.2782637825590718,0.6292553687769026
5105,71.0,0.29342201053152306,0.2760795916596319,0.6239386844515656
5105,72.0,0.29039409205090705,0.2733460954555438,0.6170052615013406
5105,73.0,0.2888817397492432,0.2721600350330176,0.6112878258035186
5105,74.0,0.28783141996949313,0.27142158157414953,0.6064621149436131
5105,75.0,0.28645581991753366,0.2703051597173214,0.6024334893561228
5105,76.0,0.28276682742092146,0.266851598652645,0.5954297761292003
5105,77.0,0.28053111126348135,0.26482135194203005,0.5896809705147255
5105,78.0,0.2793351495554552,0.2639092136899134,0.5855586748622118
5105,79.0,0.2786299734667237,0.2634482513686745,0.5817949763259092
5105,80.0,0.2770062116142978,0.262023681690646,0.5777270291206918
5105,81.0,0.27553085157104423,0.2606628248571457,0.575021170301162
5105,82.0,0.27501563301852033,0.26030660750939943,0.5724892019198661
5105,83.0,0.27381628583899636,0.25938325271793966,0.5689584277730685
5105,84.0,0.2720466584295526,0.25787647772012834,0.5638513891364807
5105,85.0,0.2709429747445757,0.2569674564633329,0.5594755604667803
5105,86.0,0.26978536551697624,0.25598493951095536,0.5556465519176307
5105,87.0,0.2686992953021558,0.25512657271886313,0.5519043938349862
5105,88.0,0.26756294078024817,0.2542197603777179,0.5487697244440535
5105,89.0,0.2674847599846316,0.2544464020071731,0.5468645446533156
5105,90.0,0.26551838444864917,0.2527493109423582,0.5425733498671008
5105,91.0,0.26333993048655013,0.2507804809307721,0.538347281934069
5105,92.0,0.2616980198302273,0.24932479539435715,0.5345340836527885
5105,93.0,0.2613401927978551,0.2491945303124729,0.5322639489482841
5105,94.0,0.2601690564423921,0.24818885179973768,0.5290630875222068
5105,95.0,0.25787237950565245,0.24602075485252442,0.5252856395001192
5105,96.0,0.25621919475802973,0.24453935242933558,0.5211524259542325
5105,97.0,0.25504584424173266,0.24362005207882784,0.5165487787934979
5105,98.0,0.2536186037642006,0.2423502956425682,0.5129813428983447
5105,99.0,0.253085717513919,0.24198987198084218,0.5106200477638412
5105,100.0,0.2525083782249304,0.24152418524668698,0.5087331535987336
5106,0.0,2.9066038639870517,5.408116675855963,6.564657815288973
5106,1.0,0.6641078827809133,0.7307486137046291,1.7531468103688104
5106,2.0,0.6226662839931659,0.6765254162350324,1.6405113382017884
5106,3.0,0.5858109106863115,0.6279070316839507,1.5550100352120857
5106,4.0,0.5521768604387871,0.5896326975885287,1.4681328474985387
5106,5.0,0.5307702041566748,0.5626743014121316,1.404234392862366
5106,6.0,0.5067530845918193,0.5362243846357719,1.3473350822033554
5106,7.0,0.492604416766867,0.5173898977527821,1.3071277818527696
5106,8.0,0.47413864806935185,0.5000903044217995,1.2685297820639856
5106,9.0,0.45323817187643706,0.4809440876758376,1.2250247402139058
5106,10.0,0.4398965766529413,0.4655457536415081,1.1913673504157856
5106,11.0,0.43151691817464954,0.4546888517222817,1.169511138598546
5106,12.0,0.42762356341099617,0.4454852200561381,1.1505976003809726
5106,13.0,0.4209966898502886,0.43592395690845875,1.1268174152943369
5106,14.0,0.40924264656973997,0.4240366930451935,1.0969899350923884
5106,15.0,0.39803107892076206,0.411370531329989,1.0676305138693059
5106,16.0,0.39233232160579856,0.401862831687233,1.0464886187863713
5106,17.0,0.38364616351350217,0.39131987549196906,1.0233357772147655
5106,18.0,0.37980088418877384,0.3838265653796859,1.0059891582353677
5106,19.0,0.3752002139481398,0.3758550695921359,0.9848251754901991
5106,20.0,0.3672782153810809,0.3663991026633709,0.9594188411317547
5106,21.0,0.35914002561997793,0.35809835908236276,0.9380835474209201
5106,22.0,0.34769688241837504,0.34705842115743685,0.9097549247121821
5106,23.0,0.3401811283369399,0.3395899276023976,0.8906596074028487
5106,24.0,0.33351070917888764,0.3320364397200047,0.8736064979745415
5106,25.0,0.32685551043829275,0.3253621802942512,0.8559881728538982
5106,26.0,0.3188839819225899,0.3176560127514708,0.8397543632595375
5106,27.0,0.3129963311655499,0.31083417615004694,0.8238263151794541
5106,28.0,0.3067124876611002,0.30388710578012607,0.8068131771479986
5106,29.0,0.2996891370455957,0.296417822882812,0.7881829438177608
5106,30.0,0.2959916564462385,0.2909464085653349,0.77481462919833
5106,31.0,0.29080540574867025,0.2850406360762593,0.7595300076642841
5106,32.0,0.28785132249969575,0.2804942619725647,0.7481190558348654
5106,33.0,0.28233083880865634,0.27374499729804014,0.7301127678053507
5106,34.0,0.27720588305954186,0.26740765228878666,0.7146401890126916
5106,35.0,0.2727471245287022,0.2620317460503663,0.7021828904781092
5106,36.0,0.269575223951935,0.25800333892301225,0.6918795660030934
5106,37.0,0.2665580093656948,0.25403097828618226,0.6812018963550553
5106,38.0,0.2621061160707659,0.24914765566628674,0.6703467462114938
5106,39.0,0.2611611019974668,0.24703340991148232,0.6632495164817206
5106,40.0,0.259320488090205,0.24437632319031377,0.652888242207555
5106,41.0,0.25630915161428264,0.24085303000937103,0.6415483090225612
5106,42.0,0.25440819338881976,0.23844380864247627,0.6302319039456479
5106,43.0,0.25287073173440067,0.23631655509706048,0.6191090181908109
5106,44.0,0.25048917998736203,0.23371327584694296,0.6094345224324942
5106,45.0,0.24523598564332416,0.22865823877600927,0.5999750446760312
5106,46.0,0.2443171558858588,0.22728065017082447,0.5926058834270407
5106,47.0,0.24412709881250017,0.22667559534144585,0.5852742710493399
5106,48.0,0.24206294517682736,0.22442386182491214,0.5781471472157312
5106,49.0,0.23974472840357822,0.22200345130843432,0.5703723542173822
5106,50.0,0.23568088148100605,0.21809538952501803,0.5600339393287417
5106,51.0,0.23229683070234347,0.21481231382127253,0.5504022377088734
5106,52.0,0.22949837257516148,0.2120268901439706,0.5420180668892447
5106,53.0,0.22777931168675272,0.2102818871708568,0.5370754971905991
5106,54.0,0.224980179362341,0.20760570968758066,0.5288335842143814
5106,55.0,0.22103276892577547,0.20386379147946118,0.5204297505447772
5106,56.0,0.2191936519252202,0.2020647203929994,0.5149739019422918
5106,57.0,0.21594888717666677,0.19898252826047014,0.5078925173953303
5106,58.0,0.21346940512524115,0.19662362337560102,0.5006149500407795
5106,59.0,0.20984785857784408,0.19319677907865015,0.49272986214590203
5106,60.0,0.20681943787109242,0.1903527765636906,0.48538772718475554
5106,61.0,0.2029150961258372,0.18665770613520272,0.4783812615358205
5106,62.0,0.1998507254697799,0.18386655816150685,0.46996870684050457
5106,63.0,0.19761247692898581,0.1818053209004801,0.46449743861795273
5106,64.0,0.1956945208982141,0.1800857320920559,0.4591023021664967
5106,65.0,0.19445329529091493,0.1790166918717372,0.45287681684759895
5106,66.0,0.190951302129957,0.17578416865641172,0.4448824100346159
5106,67.0,0.1879847734396397,0.1730542154671483,0.43717012337773115
5106,68.0,0.1851965770665808,0.17052097689023982,0.4295346909261506
5106,69.0,0.1831405516612281,0.16865857417827596,0.42384239813214586
5106,70.0,0.18058233754964115,0.16632319261713335,0.41733799889951284
5106,71.0,0.17914636219188207,0.16504576190701806,0.41277168117098967
5106,72.0,0.17666507884363428,0.16277261230535045,0.407329288154156
5106,73.0,0.17478222081985767,0.1611029372844546,0.40225778205275925
5106,74.0,0.171495323444194,0.15807818680530325,0.3949236036082166
5106,75.0,0.17049053852397275,0.15727378653027224,0.39043029622653314
5106,76.0,0.16858978492010104,0.1555913984667014,0.38441516955682514
5106,77.0,0.16625332158767867,0.153473168227747,0.37798165694672425
5106,78.0,0.16405948244616397,0.15147831957159322,0.3725358791803376
5106,79.0,0.1603015030908519,0.14795328524436763,0.36532183994094986
5106,80.0,0.1574894012951493,0.14533311079072353,0.35859092429317796
5106,81.0,0.15491347844594083,0.14290502406574526,0.35345657438954015
5106,82.0,0.15267871981101963,0.14080351489432186,0.3491686613375021
5106,83.0,0.15127639914640922,0.13953937413305295,0.3454210223217198
5106,84.0,0.15072119268926606,0.13914075433077888,0.3403397630560138
5106,85.0,0.14951070156211999,0.1381009936402022,0.33543719236916547
5106,86.0,0.1482554123478265,0.13697929809618498,0.3311514584679906
5106,87.0,0.14640720891758638,0.13526244682260932,0.326606998186797
5106,88.0,0.14490903260523325,0.13395265825192218,0.32198325397569544
5106,89.0,0.1431404825364253,0.1323690470779109,0.31724640856497205
5106,90.0,0.14104714408558705,0.13046147253784854,0.31245914297205
5106,91.0,0.1396922197094741,0.12926113280121257,0.3086766867256377
5106,92.0,0.13781869017703383,0.12757853159996774,0.3037300870218541
5106,93.0,0.13718825851515556,0.12711050102221833,0.30037499909076226
5106,94.0,0.13632974498520514,0.1263770902558959,0.29770926883230925
5106,95.0,0.13524709929159154,0.1254256941757081,0.2948524323735973
5106,96.0,0.13399728668173028,0.12429604013850977,0.2918725307028984
5106,97.0,0.13306514071746464,0.12351718903589651,0.28859604698808156
5106,98.0,0.13228903174665294,0.12283385897263005,0.28627203611900026
5106,99.0,0.13045315130874596,0.12109576173487945,0.2829125864866105
5106,100.0,0.12980178651952823,0.12057037200389939,0.28031117583542603
5107,0.0,2.9066038639870517,5.408116675855963,6.564657815288973
5107,1.0,0.7569670458850185,0.8409008031636389,1.9089036949205247
5107,2.0,0.6790369007825889,0.7472263329554422,1.7722618641254333
5107,3.0,0.6200540015135798,0.672173183554179,1.6650343133105003
5107,4.0,0.5805815963075378,0.6202905398255584,1.5835605447214056
5107,5.0,0.5558281417917329,0.5901580510342851,1.5260931730318792
5107,6.0,0.525116984953322,0.5620083341156726,1.4513452628009949
5107,7.0,0.5015750990884997,0.5351233751616212,1.3936171170318397
5107,8.0,0.48310554281974216,0.514552431102665,1.3488057565646794
5107,9.0,0.46916630750049904,0.49764718036672734,1.3146217735042267
5107,10.0,0.45410863456406914,0.4805695464817842,1.2761912288273252
5107,11.0,0.4377357139656257,0.4641878929092704,1.2339183562080476
5107,12.0,0.423821443140217,0.45121677901833496,1.1998878280607501
5107,13.0,0.41405071204889043,0.4371027777165423,1.1755324792156112
5107,14.0,0.40244659584872033,0.4244273767013986,1.1479904831352943
5107,15.0,0.3916240030412228,0.4118313317361493,1.118436216008035
5107,16.0,0.38294340451088815,0.40222094040256323,1.0958285760546664
5107,17.0,0.3713402637084242,0.39115127811540046,1.0672453872732102
5107,18.0,0.36183348808469973,0.38231119819091325,1.0441259244084138
5107,19.0,0.3522966948667365,0.37159098227861326,1.018998323479282
5107,20.0,0.34565761541649254,0.3626820391855119,1.0009410535782406
5107,21.0,0.3404748691735534,0.3526050951824507,0.9795215560664859
5107,22.0,0.33347453382396425,0.3430970982987842,0.9575329115648893
5107,23.0,0.3287874302614044,0.335500664051245,0.9405081031249869
5107,24.0,0.3238475213615565,0.32877603810777506,0.924967557850372
5107,25.0,0.3195427712661091,0.3227880709947367,0.9104027925025261
5107,26.0,0.31354134296400565,0.3164089011674331,0.8940619838236813
5107,27.0,0.30631490121934846,0.30849757691407104,0.8733010679062368
5107,28.0,0.30010657034853644,0.3016310791670951,0.8549818937523128
5107,29.0,0.2958316515956008,0.29610424847910644,0.8390115430164556
5107,30.0,0.2912854240908245,0.29056196935212225,0.8247295886972758
5107,31.0,0.2856074211018729,0.28413720160539635,0.8085317736096962
5107,32.0,0.2797242859480314,0.27614720218354427,0.7836936713378059
5107,33.0,0.2750346355921947,0.2695963711823224,0.7666721047374894
5107,34.0,0.27081605161713196,0.26402363169244814,0.7532076213695142
5107,35.0,0.26643633149506657,0.25805213393472537,0.7345536465658308
5107,36.0,0.26085122713911896,0.2516183530302318,0.7163318428743082
5107,37.0,0.2575467896547163,0.24730712048196957,0.7013733121139072
5107,38.0,0.2530126345349379,0.24195096329318733,0.6847860549298376
5107,39.0,0.25041684150543936,0.23770822259440366,0.6721735387881342
5107,40.0,0.24543959351590489,0.23210429614045283,0.656834620670114
5107,41.0,0.24207189776228907,0.2280637677884753,0.6432217691562168
5107,42.0,0.23853790546964002,0.2242764668537183,0.6326337519030927
5107,43.0,0.23478758852484397,0.22021099513032252,0.6203767419745199
5107,44.0,0.2316001185613078,0.2170999846267974,0.6116638914854994
5107,45.0,0.2287146250129426,0.214311635410372,0.6009281552377502
5107,46.0,0.2247799178934898,0.21029209888781034,0.5882297409697915
5107,47.0,0.2228126620093048,0.20789194815419845,0.5792253061290403
5107,48.0,0.22149599446890134,0.2060729948046601,0.5720032530713802
5107,49.0,0.21873642507242508,0.20311618834309436,0.5621208764307929
5107,50.0,0.21599936095855704,0.2003758189916745,0.5534571571700586
5107,51.0,0.21447335181066332,0.1986665426157571,0.5457182898615002
5107,52.0,0.21450207766249912,0.19829356748974675,0.5399717161367722
5107,53.0,0.21308429631937933,0.1968345176881916,0.5331526744304805
5107,54.0,0.20991424244154355,0.1937222831059169,0.5255386470716154
5107,55.0,0.20674365937562406,0.1906578847875362,0.5177307645109744
5107,56.0,0.2052042934520582,0.18908256681193006,0.5104523225833485
5107,57.0,0.20185851545365335,0.18591087176847254,0.5009703714297292
5107,58.0,0.19844725650777068,0.18270761501469995,0.4921567783989224
5107,59.0,0.19774458216639232,0.18190551374477135,0.48564277615347073
5107,60.0,0.19589218368540942,0.18013016734939657,0.47809524277167215
5107,61.0,0.19439907540732168,0.17870253208365086,0.4717149937536038
5107,62.0,0.19210651351727506,0.17653023982594263,0.46475450279096336
5107,63.0,0.18916698493187725,0.17382987433022162,0.4563845381761942
5107,64.0,0.1869777379330393,0.17180597805398345,0.44889021594287815
5107,65.0,0.18476829912447404,0.1697546212943077,0.4406083629013391
5107,66.0,0.18210220890979295,0.1672820304070569,0.4341347871519443
5107,67.0,0.18061864691963167,0.1659469042455346,0.4284609658670156
5107,68.0,0.17816707769809875,0.1636990769941918,0.4218897765944256
5107,69.0,0.1759723207489077,0.16168665570719737,0.4156833772458687
5107,70.0,0.1752743852238345,0.16113040687448688,0.4107364098151192
5107,71.0,0.17277947919790101,0.158905046610195,0.40293950009825175
5107,72.0,0.17132720636546606,0.15759645181695395,0.3984359709328549
5107,73.0,0.16967889471097827,0.15616007649550928,0.39232620199645873
5107,74.0,0.16819997909552015,0.15496421991875653,0.38374864984891327
5107,75.0,0.16544322633622,0.15248816481705743,0.37609153767588155
5107,76.0,0.16231244526822433,0.14964561337019816,0.3679926473051105
5107,77.0,0.15871186850546376,0.14635108777611006,0.35938664617030003
5107,78.0,0.15454916341708294,0.14246846733279678,0.35108134718518824
5107,79.0,0.15138478538872102,0.13952421512526975,0.34478779874428783
5107,80.0,0.1495464564076726,0.13784610158786115,0.3386929236886351
5107,81.0,0.14791367419050364,0.1364014443909766,0.333242239489377
5107,82.0,0.14576381026894242,0.13448227131545404,0.3270856441705254
5107,83.0,0.143208428399873,0.13212910644905193,0.3208074687727463
5107,84.0,0.14142539998354414,0.13054830697173672,0.31493647233647043
5107,85.0,0.13811992885196525,0.12749948973099903,0.30739767815570773
5107,86.0,0.13420053688855652,0.12382749316135999,0.2994436490653057
5107,87.0,0.13193823386299453,0.12174946273535311,0.2940105409807306
5107,88.0,0.12946457897854435,0.11945803698040207,0.28857801123228594
5107,89.0,0.1275296052905458,0.11768523628895426,0.28333139532619384
5107,90.0,0.12551489183001513,0.11584995238847909,0.27820159370170416
5107,91.0,0.12345522345336483,0.11402474991681318,0.27180491041347216
5107,92.0,0.12003590787855298,0.11089547957509639,0.2638502260421268
5107,93.0,0.11758894246067012,0.10868363984478441,0.25728632621788955
5107,94.0,0.11502786595534306,0.10633334366275751,0.2516177184782609
5107,95.0,0.11340826578011631,0.10486318441321346,0.24751995143623995
5107,96.0,0.11236542739915055,0.10398768022312409,0.24394096786745922
5107,97.0,0.11054185608510345,0.10232406363112681,0.24016473573474084
5107,98.0,0.10918409215201413,0.10110748624336849,0.23622819530223343
5107,99.0,0.10659788603027695,0.09871670484563413,0.23122835813357506
5107,100.0,0.10542964396927564,0.09768033405297158,0.2277332215086509
5108,0.0,2.9066038639870517,5.408116675855963,6.564657815288973
5108,1.0,0.6175243893174557,0.6519831253296312,1.5169454131498963
5108,2.0,0.5978421089526356,0.6099305805294956,1.4133342357866283
5108,3.0,0.5684412022716959,0.5725849375345051,1.3155775694913512
5108,4.0,0.5612870142043773,0.5537656138597116,1.2387378988903301
5108,5.0,0.5475441347873028,0.532075119216134,1.2045999719599478
5108,6.0,0.5400339421408566,0.5186692603138688,1.1657437585731922
5108,7.0,0.529523806816949,0.5053073144444415,1.1198155527425737
5108,8.0,0.5297820805521835,0.5027333056911254,1.085702071586662
5108,9.0,0.5209575373695147,0.49289669210785136,1.0606764213720867
5108,10.0,0.49797552004303397,0.47055982531354973,1.0269056281185718
5108,11.0,0.4826096328968295,0.4548352856216852,0.9999459624167462
5108,12.0,0.4754565490970665,0.4468986289490525,0.978634916530591
5108,13.0,0.47403574635768053,0.4448679765273123,0.963626686554912
5108,14.0,0.45877337138241636,0.430285598529016,0.9363702140655867
5108,15.0,0.45349318557179435,0.4247859866255098,0.9165848764655694
5108,16.0,0.45284159496313287,0.4240456420147483,0.8995463534207242
5108,17.0,0.4414115939381443,0.4132509337529037,0.8780992193230881
5108,18.0,0.43695186419590243,0.40912647686505527,0.8649271997924173
5108,19.0,0.4318202799393152,0.40464793828224765,0.849300114013743
5108,20.0,0.4330277258656406,0.40616361874443613,0.836814488251551
5108,21.0,0.43021179798629655,0.4038986415069382,0.8208058708665784
5108,22.0,0.4281613685274106,0.4023543012033241,0.8070011785424995
5108,23.0,0.42262191244338876,0.39724525481399164,0.7905438737733675
5108,24.0,0.4153924822659384,0.39049927586576294,0.7728195047096702
5108,25.0,0.4078218106709647,0.38344788228397286,0.7583493565405038
5108,26.0,0.40911283735431625,0.3851509886412021,0.7533448998215022
5108,27.0,0.4061342215798588,0.382663435214416,0.7416635613228549
5108,28.0,0.4025993845531125,0.3798949628447054,0.729762519271308
5108,29.0,0.39830851496052166,0.376347401501373,0.7189889120164739
5108,30.0,0.39436363068640495,0.37268318256261296,0.7113360318226923
5108,31.0,0.38943730408392996,0.3683032446214108,0.6997166396790238
5108,32.0,0.38342261023137547,0.36287460355143664,0.6875190472858967
5108,33.0,0.37850393362569307,0.3583650940738053,0.6788803534197841
5108,34.0,0.37444470643649547,0.3546974250616627,0.6722360201087052
5108,35.0,0.36880951212117913,0.34954465082743125,0.6630992210391867
5108,36.0,0.3645111531719536,0.3456726365725283,0.6553798145839524
5108,37.0,0.3576780696187181,0.3391812817540585,0.6452601768140235
5108,38.0,0.35587277324877903,0.3377979420306129,0.6391782900285701
5108,39.0,0.35207980543215434,0.33447469620875625,0.6313335808312608
5108,40.0,0.3466086552630922,0.3294879230387433,0.6222092649088505
5108,41.0,0.34335853885602835,0.3267208773730133,0.6153516191059991
5108,42.0,0.3384882241141323,0.32212240524977853,0.6068173443026013
5108,43.0,0.3349223441156388,0.3187955556089667,0.6003363742068502
5108,44.0,0.33382910400895466,0.3181424472629214,0.5957310330250731
5108,45.0,0.33123917349671805,0.31601256997073957,0.5900864113461198
5108,46.0,0.32964539412758775,0.31505626630700834,0.5851582569348818
5108,47.0,0.3263634095902554,0.3120022614456877,0.5795327634194006
5108,48.0,0.321182562886229,0.30706920082865025,0.5711559411508152
5108,49.0,0.31667098766709206,0.3027683890756625,0.5644158592445366
5108,50.0,0.316215657738053,0.30255684975757313,0.5619164311862395
5108,51.0,0.31370833326616954,0.3003880639579148,0.5570282780660128
5108,52.0,0.3127068447370175,0.299742628706856,0.553154188502418
5108,53.0,0.3121130075329053,0.2994157052163126,0.5503286000925941
5108,54.0,0.3103194034518846,0.2979595870035721,0.5457026674077198
5108,55.0,0.30866467175221224,0.2966849445265526,0.5422531701582534
5108,56.0,0.3067399228968251,0.29502327659710165,0.5387780545934514
5108,57.0,0.3038154781005856,0.2922966221437363,0.5338586023584125
5108,58.0,0.2973549103790596,0.2860043265298036,0.5245362778945517
5108,59.0,0.29433716848051333,0.28308299552134175,0.5183166460333415
5108,60.0,0.29209898432341735,0.28106438797879657,0.5138131039965498
5108,61.0,0.2902987061744968,0.2795279001300057,0.5100927048246495
5108,62.0,0.2889030121338025,0.2783220820442302,0.5060021574703125
5108,63.0,0.2859615986831739,0.27562985995518163,0.4995107030829899
5108,64.0,0.28140385943796936,0.27135307977221335,0.491117973268346
5108,65.0,0.28089459453172,0.27114949068570454,0.48845377096609754
5108,66.0,0.27715204416038186,0.2675789600677569,0.4825948469380098
5108,67.0,0.2733283857645434,0.2640113657186691,0.47602857768705137
5108,68.0,0.2702135242223734,0.26111798643114587,0.47044289305764153
5108,69.0,0.2679250649065998,0.2589587845726696,0.46640776097720665
5108,70.0,0.26563104901043305,0.256748735984374,0.4615641969042853
5108,71.0,0.2635390878499186,0.2547530201805786,0.45778962183122385
5108,72.0,0.26202187525686854,0.25336353373129783,0.4531270885435816
5108,73.0,0.2579136053111761,0.24932748195192972,0.4468813605749383
5108,74.0,0.25559458448719535,0.24719158762588075,0.4419165723154647
5108,75.0,0.25158473036934825,0.24332068135231066,0.435705143400807
5108,76.0,0.2494969053550531,0.24144684770239108,0.4306851922935853
5108,77.0,0.24627447475561964,0.2383355699198046,0.4239548279990364
5108,78.0,0.2430317122783269,0.23524379573252208,0.4181667623466682
5108,79.0,0.2407383722750914,0.23306029429132513,0.412974357763336
5108,80.0,0.2372300381919249,0.22961541887383752,0.40710065872000983
5108,81.0,0.235522082825338,0.22809203757986354,0.4024925025182605
5108,82.0,0.2330375779164521,0.22583986682782842,0.39654191677034184
5108,83.0,0.2302978892647929,0.22325738788640254,0.39159887285202905
5108,84.0,0.22936431844466212,0.22248513200989184,0.3890964301334968
5108,85.0,0.22811862950381048,0.22141710310763493,0.38496035029898434
5108,86.0,0.22581893563908184,0.21923599796127607,0.38038740458278797
5108,87.0,0.22419033028609497,0.217777770383532,0.3768580345540937
5108,88.0,0.22297830278810782,0.21675050354429248,0.3739549870444258
5108,89.0,0.22132807257294043,0.21527120363948066,0.3707460838372162
5108,90.0,0.219621899670122,0.21373443490146052,0.3678784058698563
5108,91.0,0.21651577354546847,0.2107607414359754,0.36286101229732665
5108,92.0,0.21385577624816915,0.20818920644251476,0.35864822694269516
5108,93.0,0.21180816932531973,0.20629100292578847,0.35473479251962736
5108,94.0,0.20993064826583813,0.20449318060118907,0.3513368328287635
5108,95.0,0.20730824771667347,0.20196015936483633,0.347276166678269
5108,96.0,0.20538655275126189,0.20006956887561406,0.34464795981488244
5108,97.0,0.20261777608452772,0.1973099134943761,0.34020865991411997
5108,98.0,0.20169519987308093,0.19648208436805945,0.3380640052050738
5108,99.0,0.19894061286658213,0.19377550156264353,0.3343964693346452
5108,100.0,0.19671539858638004,0.1915948649104872,0.3307891963706901
5109,0.0,2.9066038639870517,5.408116675855963,6.564657815288973
5109,1.0,0.5996632751316587,0.6489320739160449,1.5446380632747885
5109,2.0,0.5270963347110604,0.5633216921192956,1.3708397067239604
5109,3.0,0.49953492055336746,0.5188636948823714,1.286563841533983
5109,4.0,0.4842412707625838,0.4909552209073682,1.2473484810077322
5109,5.0,0.47955474487477306,0.475904276948926,1.1991159311906165
5109,6.0,0.47117891544102575,0.46229334707456565,1.14862218632358
5109,7.0,0.4564638223362072,0.4452615084532714,1.100564954013656
5109,8.0,0.4505011150362431,0.43551259241263235,1.0652248836770375
5109,9.0,0.4428837665034755,0.4254625016865456,1.0344400916552627
5109,10.0,0.43421242582608577,0.4144705807284545,1.0000411472965838
5109,11.0,0.430335335598316,0.4090972140681893,0.9746853535250992
5109,12.0,0.4191215371227002,0.3974173983173256,0.9552233963740184
5109,13.0,0.4091533423847243,0.3867143672096246,0.9408549579840382
5109,14.0,0.40989217362822716,0.38600511960467493,0.9229036607639102
5109,15.0,0.404665973372285,0.379828892459706,0.9009214635801558
5109,16.0,0.40128010787047264,0.3756770384355495,0.8855017931569613
5109,17.0,0.3972932499314985,0.3713072013898497,0.8705516816499006
5109,18.0,0.3944661414811888,0.3683510406673895,0.854703110063545
5109,19.0,0.38414517217009464,0.3584589394600033,0.8378949373595221
5109,20.0,0.38057139150545494,0.3548616148339041,0.8285929028746882
5109,21.0,0.37870331595083234,0.3529155546367915,0.8204361257491541
5109,22.0,0.38069014210647034,0.35510280759988183,0.8142752121212116
5109,23.0,0.37831203166892585,0.3529053114619059,0.8053704576434518
5109,24.0,0.3743516900196539,0.34909824465336553,0.7986323181081147
5109,25.0,0.3719527405185461,0.3469827281791385,0.7914317761469846
5109,26.0,0.36960721607665925,0.34504465343293206,0.7831983676492423
5109,27.0,0.3670805328121315,0.34288435009619744,0.778406536722277
5109,28.0,0.36503848821359214,0.3413125434439554,0.7688970375272935
5109,29.0,0.36450830054834366,0.3411387007921819,0.7633243141987243
5109,30.0,0.3617960211470845,0.3388065343838609,0.755117367694645
5109,31.0,0.35813580567785847,0.3358349625482584,0.7445619979263551
5109,32.0,0.3572018551440042,0.33548530773988755,0.7395179974109948
5109,33.0,0.3560212858803333,0.3348921567630681,0.731741457178745
5109,34.0,0.35197889780863817,0.33150823035092847,0.7204958826563602
5109,35.0,0.35085540821635847,0.3310405111144857,0.7140965413444283
5109,36.0,0.34936703100093125,0.3299479093140711,0.7102914618856919
5109,37.0,0.34716308682025426,0.3282494693844839,0.7052028957392528
5109,38.0,0.34629629915789356,0.3277220146858286,0.7012641162990847
5109,39.0,0.3416728999241599,0.3233222529249808,0.6936026664524203
5109,40.0,0.33817227241155196,0.3200281964076993,0.6885710278488679
5109,41.0,0.33258077297725264,0.31464701073249973,0.6816461063111089
5109,42.0,0.3282787652088687,0.3106231852737972,0.6741825067047622
5109,43.0,0.32382777005275315,0.3064743395131276,0.6644152284921312
5109,44.0,0.32064566798009925,0.3036588158661947,0.6556525240612465
5109,45.0,0.31981180413792293,0.30336857466316364,0.6490601632605805
5109,46.0,0.3186006446586402,0.3026129781141848,0.6440733265553004
5109,47.0,0.3161916675779224,0.30052420019533455,0.6391453280109544
5109,48.0,0.3141008261951388,0.2988208702677293,0.6333216279548121
5109,49.0,0.3123567508350252,0.29747029806168646,0.6285453679350581
5109,50.0,0.31060245609870163,0.2960075691046129,0.6252726895711306
5109,51.0,0.30730095945065566,0.2930516821651261,0.6186998852608774
5109,52.0,0.30377784642213224,0.28981406633700146,0.6134902062380994
5109,53.0,0.30224534721713153,0.2888489557752531,0.607760241970832
5109,54.0,0.3007557122230872,0.2876807314406842,0.6037668322018968
5109,55.0,0.2969958771158583,0.284127695167036,0.597410629707955
5109,56.0,0.2959087455467566,0.2833089185582526,0.5928054097755757
5109,57.0,0.29542777322632435,0.2829721984724543,0.5906350432338845
5109,58.0,0.29448495218623366,0.2822925883330189,0.5864305033967324
5109,59.0,0.29251175762529125,0.2805442240824736,0.5818665222183362
5109,60.0,0.28801438794410433,0.276211707962856,0.5750936231318564
5109,61.0,0.2860656742816919,0.2745358790735715,0.5706123067635024
5109,62.0,0.2844927387431988,0.2732204055816844,0.5662489694970344
5109,63.0,0.28317523115382676,0.2721307031526312,0.5623146357716304
5109,64.0,0.27999173976793934,0.2691031130739419,0.5561952789145252
5109,65.0,0.2794046873215805,0.2687549907999259,0.5527438242534258
5109,66.0,0.2778217328426283,0.2673846599044544,0.5485803286894039
5109,67.0,0.276509841090688,0.2662582821933466,0.5454930067270128
5109,68.0,0.2756669285770287,0.2655327722049285,0.5435314813017721
5109,69.0,0.27427843867754176,0.2642272036270769,0.5394635446444538
5109,70.0,0.2725099669422748,0.2625830095778706,0.5342705892948176
5109,71.0,0.270138671350866,0.26034398614698767,0.5284651383984715
5109,72.0,0.26709102865321016,0.2573987161539605,0.5234921203399812
5109,73.0,0.26480101706826514,0.2552371070362035,0.519598101592641
5109,74.0,0.2644227343755024,0.2550682461997632,0.5170564705526411
5109,75.0,0.26205221574213927,0.2527670986620516,0.5124932256452918
5109,76.0,0.26036681394611244,0.2511853357223845,0.5080027817938785
5109,77.0,0.25884690030239427,0.24978831017789183,0.5042899426637709
5109,78.0,0.25794285560340374,0.24911259456330778,0.4999882277412293
5109,79.0,0.25797150511196354,0.24936228552491918,0.49621347848807196
5109,80.0,0.2559387795554946,0.2474959618096962,0.48982906331369797
5109,81.0,0.2531929499757321,0.24491442187764326,0.48395898840754575
5109,82.0,0.251011148923665,0.24281325395399628,0.4797347971517621
5109,83.0,0.24882039961835353,0.2407233684484762,0.4748214648328312
5109,84.0,0.24827245643103651,0.2403030274458553,0.47181468197039744
5109,85.0,0.2473152451326201,0.23941303486240637,0.4692260169706016
5109,86.0,0.24597062274546802,0.2382134797312014,0.46551464861417136
5109,87.0,0.24407060193824054,0.23638223294195584,0.46176640354968745
5109,88.0,0.24252618399092654,0.2349299670806622,0.4589155291389225
5109,89.0,0.24256206400670108,0.2350808537246816,0.456975125751287
5109,90.0,0.24221274270409734,0.23480157888974604,0.4556521680632542
5109,91.0,0.2409893664789701,0.23367246887080134,0.45311324197734076
5109,92.0,0.24013446404944827,0.2329744001107947,0.45004561585973796
5109,93.0,0.23887694455105868,0.2319139698460377,0.4458245957649485
5109,94.0,0.23824943437140267,0.23146065726153392,0.44353768839156743
5109,95.0,0.23622530736704844,0.22951521561245714,0.44038398728259676
5109,96.0,0.23374393092769152,0.22708853479315072,0.43678034119318904
5109,97.0,0.23300280108186228,0.22648297689873637,0.4347877192600639
5109,98.0,0.2319760012210131,0.2255569541493756,0.43180550421442015
5109,99.0,0.23101818018472628,0.2247300572964465,0.42875853074259257
5109,100.0,0.23060501631097555,0.22440867520311433,0.427009950685312
5110,0.0,2.9066038639870517,5.408116675855963,6.564657815288973
5110,1.0,0.7079791104401115,0.7998331301754457,1.6913796482078691
5110,2.0,0.6611060776649725,0.7474334197566165,1.5945905145610315
5110,3.0,0.6160705847482273,0.7052211606215462,1.4991355993849504
5110,4.0,0.5790346880580438,0.6630243909934551,1.429517272029503
5110,5.0,0.5470167890567259,0.6276644934936373,1.3794977139783247
5110,6.0,0.5245118324648089,0.6005568525915895,1.3386925168995636
5110,7.0,0.5072617552267753,0.5810954221781818,1.3092412941300033
5110,8.0,0.4872090062611121,0.5548479186421845,1.280781253260876
5110,9.0,0.4673723028264694,0.5295612362752498,1.2490301111601616
5110,10.0,0.4522333060653315,0.5135041271321703,1.2186795771075885
5110,11.0,0.4419888118419675,0.5016704004070104,1.1959496233171074
5110,12.0,0.4273848299465106,0.48303037590989173,1.1671538500992622
5110,13.0,0.41571257502148323,0.4700374054904529,1.1397418592708077
5110,14.0,0.40670436992205306,0.4605284574625637,1.1189253222936473
5110,15.0,0.40053319857570935,0.4544178506023922,1.100340241383565
5110,16.0,0.39106746761268135,0.4439437951213132,1.0751903174019286
5110,17.0,0.38099493032582316,0.43210782122209174,1.0516518998376485
5110,18.0,0.37284320763576934,0.42310493992143466,1.0319684550621462
5110,19.0,0.3651574046253741,0.4140921264976164,1.0122618561357946
5110,20.0,0.3573175531461724,0.4050307716803205,0.9941445543680585
5110,21.0,0.35056825458162494,0.3968370468918873,0.976943111015115
5110,22.0,0.34474808870310564,0.3900269024099967,0.9590077029292344
5110,23.0,0.3392216777662711,0.38409428377333765,0.9404009061309673
5110,24.0,0.3318073499111095,0.3746275382869513,0.9212587700544367
5110,25.0,0.3244403754952173,0.3655428808075919,0.9002900940234518
5110,26.0,0.3174467644749303,0.3579788496403537,0.877404019395841
5110,27.0,0.31119990868947656,0.3501137005294975,0.8591377706203176
5110,28.0,0.3050258059202223,0.3409933950173962,0.8467179111613419
5110,29.0,0.2971919974716265,0.33161293792362,0.8284299384958366
5110,30.0,0.29098160567778275,0.323885488502491,0.8107346771240153
5110,31.0,0.28541493461169554,0.3168001571186269,0.7952337379862608
5110,32.0,0.280949721270024,0.3103471555627034,0.7823069289443213
5110,33.0,0.27544852160568123,0.303365062229246,0.7695090552196061
5110,34.0,0.27073151737894774,0.29671141488426866,0.7578748529253456
5110,35.0,0.26564325244124404,0.28986627745753163,0.7432864919498632
5110,36.0,0.2616033687097582,0.28377745295362694,0.732609208894365
5110,37.0,0.25833983963708845,0.27945573430568466,0.7221275459900881
5110,38.0,0.25470942540274416,0.27437791518680427,0.7105905319570335
5110,39.0,0.2505570658624839,0.2700207749673611,0.6979333554765101
5110,40.0,0.2462201996280567,0.26576084125914773,0.6857898504298002
5110,41.0,0.24162888377684755,0.2607292420586497,0.672625341645046
5110,42.0,0.23764816557014984,0.25603057679331104,0.6600522210046008
5110,43.0,0.2339145952717457,0.2520091420943492,0.6479471428774161
5110,44.0,0.23028037575872126,0.24770578366493184,0.6373406165218296
5110,45.0,0.22702335219061906,0.24379169425978947,0.6281399232164485
5110,46.0,0.22449810954953814,0.24029313771102442,0.6192295988326841
5110,47.0,0.22057896820513648,0.23625114380808887,0.6071866802686964
5110,48.0,0.21757978771688494,0.23352099265088164,0.5964684958774744
5110,49.0,0.21489511266850625,0.23072778034005448,0.5855144970797248
5110,50.0,0.2118842480233136,0.22788928519916704,0.5743569731756213
5110,51.0,0.20799726050151518,0.22356071836406538,0.5626167145919327
5110,52.0,0.20455000627865058,0.21935417631821774,0.5530690934337907
5110,53.0,0.20037971874307925,0.21419096466225296,0.5422917972435263
5110,54.0,0.1969978066338931,0.21019113156061528,0.5313390523003311
5110,55.0,0.19357611325363558,0.2062851104282375,0.5221787956294878
5110,56.0,0.18923516356159525,0.2010747500345567,0.5128768889588438
5110,57.0,0.1857655386224157,0.19686602878589282,0.5029101168548786
5110,58.0,0.18326388179549696,0.19411318070202196,0.4942832499861309
5110,59.0,0.18063877666656802,0.19129802384613454,0.48552370655171434
5110,60.0,0.1782809675056989,0.18852755333841004,0.4790157454508519
5110,61.0,0.17638586722647046,0.18603236222391278,0.47411017090696383
5110,62.0,0.17446918732416922,0.18365583806955615,0.46876061237246014
5110,63.0,0.17198972596503234,0.18140547536672952,0.45989879247276233
5110,64.0,0.16975944202553328,0.17927579646594977,0.45225448948520675
5110,65.0,0.16843642451113833,0.1781179291709155,0.4460111727535591
5110,66.0,0.16725783707195688,0.17676194466280712,0.4401739441206634
5110,67.0,0.16634916327804117,0.17579844426007174,0.4359406785687717
5110,68.0,0.1635002797367999,0.1722739946806659,0.42985380168195425
5110,69.0,0.16077507486076908,0.1692761113438084,0.4235602972516194
5110,70.0,0.1583554940748635,0.16661598372456662,0.41705838335648826
5110,71.0,0.1557510695207654,0.16392279748620336,0.4095039232610001
5110,72.0,0.15309968616984032,0.1609195636857942,0.4038891462906119
5110,73.0,0.14952904832764477,0.156891526278991,0.3950040486341006
5110,74.0,0.1456149758833316,0.15232830424962,0.38618723786458264
5110,75.0,0.14295730984199184,0.14926665855699658,0.379418489661537
5110,76.0,0.14126388655700628,0.1473413767295821,0.37403288426092673
5110,77.0,0.13963269922869911,0.14548600772292253,0.368089135744322
5110,78.0,0.1377363200438048,0.14331492137727106,0.3623641669938315
5110,79.0,0.134924112200976,0.14016709857119752,0.35558345969072064
5110,80.0,0.13310920758641107,0.13821914952063719,0.3503385683988114
5110,81.0,0.13089941820459225,0.13594219662551515,0.3443084936686861
5110,82.0,0.12918838111098271,0.13399930858063475,0.33920684918538146
5110,83.0,0.1273857687782055,0.13206491658863087,0.33381797223541343
5110,84.0,0.1251597482993746,0.12953937485654748,0.327877098542653
5110,85.0,0.12286962655842033,0.1269712671189106,0.3226460463726953
5110,86.0,0.12113468158106752,0.12511394163814177,0.31780805507948506
5110,87.0,0.11918496936647602,0.12319264224164676,0.3116170031414496
5110,88.0,0.11749026985443485,0.12140227743168519,0.30701887174448816
5110,89.0,0.11484496542578292,0.11825900997148234,0.3023929797176014
5110,90.0,0.11313430324587935,0.11640371383824805,0.29808869177876346
5110,91.0,0.11111698532351684,0.11427943848531764,0.29312705716349285
5110,92.0,0.10927592987663892,0.1121915508460899,0.28915018340815796
5110,93.0,0.10765160669652055,0.11038797125592811,0.28497065774513636
5110,94.0,0.10593238585549344,0.10838606596769942,0.2810281644789002
5110,95.0,0.10368588334521818,0.10597869389828211,0.27609284540129736
5110,96.0,0.1024754967326076,0.10479347096712834,0.2716866561767414
5110,97.0,0.10174787028385535,0.10396822296327739,0.26920732685326393
5110,98.0,0.10052750967171324,0.10249444455564868,0.26621549448219617
5110,99.0,0.09998761603789831,0.10199115773882879,0.2635188114313019
5110,100.0,0.09944031671543463,0.1012574510980802,0.26199462599529
5111,0.0,2.9066038639870517,5.408116675855963,6.564657815288973
5111,1.0,0.6311270831591824,0.7164251221223082,1.6549662892601409
5111,2.0,0.5951276922720745,0.645583178443019,1.5754999421868436
5111,3.0,0.564484094574943,0.6036456290845629,1.502659706772227
5111,4.0,0.5429261985199774,0.5744573096773141,1.4439002311144562
5111,5.0,0.5292524206657624,0.5521756357712064,1.404359397790333
5111,6.0,0.5158450634421464,0.5322174160556423,1.3640876876012642
5111,7.0,0.49846297892819247,0.510324742070664,1.3177545379571847
5111,8.0,0.48956627784909357,0.4949253166768185,1.2801826014290605
5111,9.0,0.47589755733124584,0.47728591234529416,1.2402668875824516
5111,10.0,0.4622839470406016,0.4623038356559235,1.2085775207649057
5111,11.0,0.44808729112057105,0.44782549683219197,1.1840995581522331
5111,12.0,0.43555440054065814,0.43354304895997786,1.1538597285631778
5111,13.0,0.42615230269867815,0.422307705643688,1.1266537396836633
5111,14.0,0.4181854307563287,0.4120915892242464,1.104757066737251
5111,15.0,0.40594291874853206,0.4009900872743139,1.0795511482529936
5111,16.0,0.39780368661342436,0.3921468502342516,1.060030451935371
5111,17.0,0.389774351163721,0.38246787815960775,1.0349902870510241
5111,18.0,0.3865962212556982,0.3759347706921931,1.0172774185036961
5111,19.0,0.379043002513474,0.3675836768403521,0.9967699890867346
5111,20.0,0.37155697908651336,0.3596249716821075,0.9805063031937284
5111,21.0,0.3656709200234896,0.35270153578881464,0.9635305389746952
5111,22.0,0.35997715306605615,0.3457608198013594,0.9483199559003131
5111,23.0,0.3539103645767367,0.3388528426004354,0.928717953499609
5111,24.0,0.34998856846938503,0.3339203864612437,0.9143575668050117
5111,25.0,0.3459949214534437,0.3285637002530804,0.8999029541245119
5111,26.0,0.34035466725438174,0.3222913182104364,0.885328940168559
5111,27.0,0.3382815225937789,0.3188929147104534,0.8729218437619307
5111,28.0,0.3351130177295632,0.31441944587810544,0.857761353447554
5111,29.0,0.3312198945861559,0.3100663108245298,0.8477801352340746
5111,30.0,0.32575636200635283,0.3045009372652197,0.8347213103047769
5111,31.0,0.3221355783952661,0.30058483905260447,0.8241141534448014
5111,32.0,0.3190314151360263,0.29699963606366375,0.8160862945789992
5111,33.0,0.3157409956038052,0.2933582204342548,0.8055625890604747
5111,34.0,0.31408775529458377,0.2910544209459077,0.7966757071581135
5111,35.0,0.31100704165666254,0.28768792923907527,0.7851549199910653
5111,36.0,0.30858056599216943,0.2849789961967877,0.7760914336091299
5111,37.0,0.30471431684921585,0.2809107516760699,0.7660153064045199
5111,38.0,0.3003219681147422,0.27664898022923967,0.7568196539541708
5111,39.0,0.2968407176355192,0.2731624030895741,0.7477887252475075
5111,40.0,0.2942697295593105,0.27054230157058123,0.7390548494954894
5111,41.0,0.29125241761551995,0.26754410821953545,0.7308511502327413
5111,42.0,0.2874613780059614,0.26389656280914625,0.722625713754179
5111,43.0,0.2850695327882861,0.2615162354336681,0.7144182823647105
5111,44.0,0.28243221466024604,0.25893995915024054,0.707490594604409
5111,45.0,0.28023371001727926,0.2568690085980896,0.6977844578555503
5111,46.0,0.27710597616879706,0.2539123403021224,0.6898073867395484
5111,47.0,0.27462426819472097,0.25160050171334714,0.6807160832847566
5111,48.0,0.2726271112297091,0.24979177648131587,0.6729180821673326
5111,49.0,0.27118606463554334,0.24853347667949022,0.6649400059606155
5111,50.0,0.26969733493334447,0.24725852318547226,0.6587194960691806
5111,51.0,0.2672066189870821,0.2450131631538555,0.651114616330132
5111,52.0,0.2654225663105711,0.24348281920111858,0.6441759310079339
5111,53.0,0.26287978403906637,0.24119834896092965,0.6367900568851422
5111,54.0,0.261008407787413,0.2395369322308335,0.6312389588576771
5111,55.0,0.25875776610175455,0.23750136890685203,0.6253754450214107
5111,56.0,0.256995154778301,0.2359665216898544,0.6195648116174955
5111,57.0,0.2543349957354625,0.23350719333162365,0.6139335659845208
5111,58.0,0.25019580288206156,0.22968228588113232,0.6051325560854357
5111,59.0,0.2461859126310469,0.22596223144395733,0.5968422009105683
5111,60.0,0.24448246864349543,0.2244364421796116,0.5924422634476904
5111,61.0,0.2424871503370302,0.22265305988446996,0.5867317134967827
5111,62.0,0.23906296512789296,0.21947226480675017,0.5797648081797995
5111,63.0,0.23755803720714644,0.21816137109162104,0.5744035268058068
5111,64.0,0.23688158598855985,0.21771450230288728,0.5694061800416106
5111,65.0,0.23615170214265538,0.21717685265183267,0.5659603383848988
5111,66.0,0.23387813071996721,0.215145110581511,0.5604822966089759
5111,67.0,0.2329893982867031,0.21441243975704335,0.5574518966945378
5111,68.0,0.2319164991845964,0.2135634090920497,0.5536200418130893
5111,69.0,0.23026017722639194,0.21209356188792694,0.5499277042435363
5111,70.0,0.22820698480791604,0.2102565087883492,0.5449166549883203
5111,71.0,0.22673531730355345,0.20895450686122038,0.5413092626978366
5111,72.0,0.22512087753698093,0.207633898664311,0.5350057480115713
5111,73.0,0.22392139113621098,0.20673703359511228,0.5278895004457637
5111,74.0,0.22190717091862494,0.20499844013780158,0.5211319101565177
5111,75.0,0.22016454585026735,0.20351479755108312,0.5153056884784206
5111,76.0,0.21835018389633548,0.20198415737806197,0.5091081183711597
5111,77.0,0.21646547322289936,0.20037219701580697,0.5027186749902972
5111,78.0,0.2140487043052562,0.19811564310921528,0.49779786635239426
5111,79.0,0.21233002252192446,0.19659335535805145,0.49325160813584
5111,80.0,0.21181688456050718,0.1962993806716997,0.4897912373151164
5111,81.0,0.20984200796431357,0.19454496070763608,0.4839537646590484
5111,82.0,0.20954471146174444,0.1945047616363127,0.4796434820601705
5111,83.0,0.20735993439916325,0.19253626083155034,0.47402476840022306
5111,84.0,0.2047992011240611,0.19018315877109432,0.46780345591271283
5111,85.0,0.20332700810441837,0.18897458999846314,0.4621307084845729
5111,86.0,0.20197802276194507,0.18790572474495623,0.45715921946723953
5111,87.0,0.20032016111004983,0.18644488021341424,0.4528449067565871
5111,88.0,0.19854584485510712,0.18486588899437958,0.44764815868507696
5111,89.0,0.19693556129603212,0.18346753701905927,0.442755866933079
5111,90.0,0.1958862813281549,0.18256696466373687,0.4398040678582755
5111,91.0,0.1934628288739214,0.18028515566881712,0.435127119251609
5111,92.0,0.19169345755652106,0.17866836187452684,0.4314972528816113
5111,93.0,0.19006047376994104,0.1771583107810322,0.4280045274242638
5111,94.0,0.1881915938387192,0.1754039411423574,0.42483071252157045
5111,95.0,0.18637708957188254,0.17371102475734743,0.4217045061980813
5111,96.0,0.18595167529504128,0.17342585300076924,0.41990476922568143
5111,97.0,0.18474513441914728,0.17237205026892513,0.4168487479821288
5111,98.0,0.18300567564409662,0.1708050971173546,0.4130393249678812
5111,99.0,0.18230378498250893,0.17024152831992348,0.41107351602031
5111,100.0,0.17957755963510316,0.16762978146520674,0.4068342942717323
5112,0.0,2.9066038639870517,5.408116675855963,6.564657815288973
5112,1.0,0.6672966464101551,0.7092214877890316,1.7520397956571665
5112,2.0,0.620202000151934,0.6445537396014348,1.6424276815185643
5112,3.0,0.5866268129493734,0.59935708128772,1.572181983963024
5112,4.0,0.5531073744243566,0.5602131297895995,1.4948432120792292
5112,5.0,0.5278335510069757,0.5306354643401182,1.435015997878378
5112,6.0,0.5101204476303177,0.5095658952967956,1.3946722903959017
5112,7.0,0.491128604220901,0.4872660246473662,1.3478908156951976
5112,8.0,0.4775547811369425,0.4692539129561223,1.310243281980386
5112,9.0,0.4644852353429755,0.4555188645257336,1.2795290126922387
5112,10.0,0.4517252185526995,0.44015289721020656,1.2432853379995392
5112,11.0,0.4419207915510731,0.4276831445278875,1.2131655763352855
5112,12.0,0.4312567750184812,0.4153021701099874,1.1828513572958455
5112,13.0,0.42174981135330086,0.40411878042393645,1.1554498752912261
5112,14.0,0.41200134102718655,0.39323396600859883,1.1287777256751184
5112,15.0,0.39791970777510066,0.3795221528234142,1.0954793800015215
5112,16.0,0.39107986393800864,0.3717478974215661,1.0778698963200133
5112,17.0,0.38305425263711973,0.36284211042635967,1.0566075651604132
5112,18.0,0.3760357165332948,0.3548497177237312,1.0374619885207854
5112,19.0,0.3696462123089505,0.3475296326997447,1.0185029449769962
5112,20.0,0.3628878051240226,0.34098158325149686,1.002208559473406
5112,21.0,0.3558459430907876,0.33435903266147177,0.9861127972649439
5112,22.0,0.34895831680985345,0.32729746061528964,0.9665584937635825
5112,23.0,0.3437342311845677,0.3219139062714549,0.9520931216235862
5112,24.0,0.33764114204398277,0.31619894848071356,0.9372122619803243
5112,25.0,0.33184360918490263,0.30990608484831655,0.9193979621022484
5112,26.0,0.32597998674697853,0.3037062004445009,0.9010268901340439
5112,27.0,0.3193285735881267,0.29699194119078093,0.8815245908910495
5112,28.0,0.3136036354869931,0.29148053264722223,0.8663001563428058
5112,29.0,0.30828563088791516,0.2865368216435692,0.8541186929827533
5112,30.0,0.30323442812623785,0.28143572819255924,0.8397067773533692
5112,31.0,0.2989267797522106,0.27690963174952765,0.8255122007646968
5112,32.0,0.29523037910496513,0.27311619445234714,0.8153395057253978
5112,33.0,0.29098077899302377,0.26865893039006417,0.8026403728917906
5112,34.0,0.284690844219873,0.26295668900275015,0.7880317113648717
5112,35.0,0.28138321109605735,0.25958741419474946,0.777236597980204
5112,36.0,0.27780311197330637,0.2559712914009177,0.7667294096613282
5112,37.0,0.273979878676469,0.25224012588733563,0.7558868388070228
5112,38.0,0.2683033979258759,0.24700005764858537,0.7411344971085815
5112,39.0,0.2639597490951431,0.2428829861505023,0.7287009520207892
5112,40.0,0.2594288311755758,0.23841399346844766,0.7146042024166172
5112,41.0,0.25381359855896063,0.23324571494347165,0.700337504029771
5112,42.0,0.2472540318014789,0.22723322486976497,0.6839349014556821
5112,43.0,0.24345829021532028,0.2235252803687868,0.6729523411947682
5112,44.0,0.2399925914387098,0.2201411203747234,0.6618911241396851
5112,45.0,0.23716436147288888,0.21732970201792848,0.6515423847546015
5112,46.0,0.23355431375231114,0.21393515147805386,0.641742151927433
5112,47.0,0.23093504266229048,0.21138380511399163,0.6343189184343159
5112,48.0,0.22770252441732294,0.20837551803113163,0.626780891826629
5112,49.0,0.22496343656526566,0.20571505962269557,0.6190437834092013
5112,50.0,0.22165014832795413,0.2025662513305976,0.6089722494797059
5112,51.0,0.21812635834190916,0.1993582752640857,0.6002291469863744
5112,52.0,0.21536033654803446,0.19673236303873592,0.5919484952507699
5112,53.0,0.2125171571621171,0.19408348765475375,0.5840156180269808
5112,54.0,0.2104516226468684,0.19214897400160894,0.5787021554962186
5112,55.0,0.20686752565107266,0.18887307949291604,0.5694416623684455
5112,56.0,0.2046131812744563,0.1867341381479278,0.5621353885447012
5112,57.0,0.2026173509753657,0.1848767444615397,0.556328469631963
5112,58.0,0.2009837075356099,0.18331289243827542,0.5503770751609389
5112,59.0,0.19770766743492701,0.18031975020163438,0.5420033600497565
5112,60.0,0.194865168219485,0.17770309927841174,0.5343313200146215
5112,61.0,0.1919627409384808,0.17505406044177613,0.5264431129718546
5112,62.0,0.18891199691411653,0.1722388895079067,0.516286067929811
5112,63.0,0.18628218238039573,0.16983557342904462,0.5087908300675175
5112,64.0,0.18474125315568468,0.16841159665664182,0.5031162851906652
5112,65.0,0.18269017653543226,0.16653430509847716,0.49650954867644864
5112,66.0,0.1805812765328714,0.16461396162344408,0.4907108306394845
5112,67.0,0.177289563822494,0.1616192792814681,0.4819438639468595
5112,68.0,0.1756701825867541,0.1601419466577785,0.476379737240654
5112,69.0,0.17362800878260437,0.15827984505107803,0.4698840536307793
5112,70.0,0.171816449777782,0.1566308931567956,0.46589875869863595
5112,71.0,0.1703560775520282,0.1553012946969197,0.46229141159947224
5112,72.0,0.16882018944315152,0.15390330731714347,0.4571999774205702
5112,73.0,0.16746825437278717,0.1526808506648514,0.4522120131866959
5112,74.0,0.16537284053175058,0.15077239339576376,0.4463548001892014
5112,75.0,0.16330221544158915,0.1488906227642075,0.44045019817815434
5112,76.0,0.1612208046814013,0.14699336644641764,0.4350384455432887
5112,77.0,0.1597709818128192,0.1456766750346846,0.43090078139220334
5112,78.0,0.15819137022699273,0.1442431339587057,0.42621660644025067
5112,79.0,0.1561547857453732,0.142381468230894,0.42108202417901586
5112,80.0,0.15421247609462416,0.14060423787690637,0.4164808369722223
5112,81.0,0.1524374552744846,0.13899480493839514,0.41075990934320905
5112,82.0,0.15056866999290747,0.13730899782447012,0.4043329289465358
5112,83.0,0.14881803474933025,0.1357160525467482,0.3985871983862978
5112,84.0,0.14679213488342935,0.13387625819355736,0.3925616647406795
5112,85.0,0.14557452818469982,0.13278098085328932,0.3890208155638073
5112,86.0,0.14383591127409792,0.13119495709293594,0.38429771380476246
5112,87.0,0.14277371200982888,0.13023664579782504,0.3808769437166313
5112,88.0,0.14204154444473893,0.12958600238124596,0.37803879699285564
5112,89.0,0.14052031510360163,0.12818380104009458,0.3744218779114067
5112,90.0,0.1384714561934861,0.1262956037059992,0.36917483515918414
5112,91.0,0.13647400336465648,0.12446974861871309,0.36321444972297107
5112,92.0,0.13402626675783164,0.12223274401567841,0.3567016104582697
5112,93.0,0.13224735820626518,0.12062014097207849,0.3509497721648004
5112,94.0,0.13094455886758982,0.11944910029519715,0.3462831952845408
5112,95.0,0.12947161611302838,0.11809856387273072,0.3424598897697752
5112,96.0,0.12807556272927212,0.11683466307597365,0.33796238470799916
5112,97.0,0.12733835275824393,0.11618636639876821,0.3345583459037426
5112,98.0,0.1263331748444654,0.11529690262100376,0.3306008565226236
5112,99.0,0.12528596195923009,0.11437858402777559,0.32604595380510804
5112,100.0,0.12450179766578343,0.11371054635798833,0.3223794267716864
5113,0.0,2.9066038639870517,5.408116675855963,6.564657815288973
5113,1.0,0.7489797991401769,0.8542132924677815,1.8107458275255728
5113,2.0,0.6958869431214206,0.7969186492570973,1.7183784140154938
5113,3.0,0.6339765657739128,0.7196322787507635,1.6227962559151876
5113,4.0,0.588811317965503,0.6573114145019292,1.5525793797504313
5113,5.0,0.5533095751402337,0.6183931708702277,1.4749032576156746
5113,6.0,0.528686659376961,0.5929222922565814,1.4230431916481945
5113,7.0,0.5072295124267386,0.5690764497661308,1.378975210183013
5113,8.0,0.4923621845577634,0.554517402195534,1.3459182840132164
5113,9.0,0.4734966705721308,0.5358890370218459,1.3004582451414848
5113,10.0,0.46149123944621306,0.521632455600301,1.2729835871005057
5113,11.0,0.4468594586178917,0.5084648336233899,1.2375539581279318
5113,12.0,0.4350786183325925,0.49613761125107414,1.2076855538020885
5113,13.0,0.42353729953609065,0.4851966458584939,1.171881936719628
5113,14.0,0.4131016326812237,0.4761321390326162,1.1442794625360169
5113,15.0,0.4028139393154295,0.4640322786869093,1.119392122751924
5113,16.0,0.39183731035059016,0.4492774290957836,1.0938168394781618
5113,17.0,0.3847973215127276,0.4411520847207142,1.0769740198833506
5113,18.0,0.3757829667725378,0.4317660915990746,1.0537712642923753
5113,19.0,0.36712280950935894,0.4233756795272342,1.0269546511697696
5113,20.0,0.3569022413056003,0.41237737701140836,1.0023711400757236
5113,21.0,0.347404440426722,0.40037017781221457,0.9799962741184882
5113,22.0,0.3385938070227143,0.3866031259109983,0.958270351046959
5113,23.0,0.33112311324306615,0.37767869788100833,0.9374903883645386
5113,24.0,0.32518342174394604,0.3705617466852853,0.9210138442053741
5113,25.0,0.3196017242787431,0.3648129196637841,0.9038861745014484
5113,26.0,0.3139730397693456,0.3574698226539652,0.8872557212461107
5113,27.0,0.3092086959756257,0.3504572426420999,0.8739402472694147
5113,28.0,0.30340295552518504,0.34470991145859037,0.8551736074900096
5113,29.0,0.29806686478692673,0.3375921610744802,0.8406515212115971
5113,30.0,0.2921582850393808,0.3291755860880358,0.8267711286640353
5113,31.0,0.286307478388506,0.3218596090544633,0.8102662588106864
5113,32.0,0.2804681268005329,0.31504463961472423,0.7920811606675943
5113,33.0,0.27522297037027466,0.30808211087985166,0.7771371849195345
5113,34.0,0.27029422289324967,0.30109555160795987,0.7650947835069392
5113,35.0,0.2654198071783238,0.29518445190978976,0.7485236177782335
5113,36.0,0.26052575315940735,0.28933753071847484,0.7338138753523996
5113,37.0,0.25458136575464624,0.28224645235975687,0.7172456214484124
5113,38.0,0.2498002982034809,0.27636556411400276,0.7017140523027473
5113,39.0,0.24654639293162656,0.27204003165509594,0.6905176929372067
5113,40.0,0.24121429298117456,0.26430697642604967,0.6761331153707668
5113,41.0,0.23527414918168582,0.2555906684450892,0.6618266630794335
5113,42.0,0.23191984709668778,0.251106051926477,0.6510930179600063
5113,43.0,0.22841513385757847,0.24618285280114027,0.6400006424592035
5113,44.0,0.2251078407952822,0.2410087326916359,0.6327152702642513
5113,45.0,0.22058669925668145,0.235005806169098,0.6224872940662647
5113,46.0,0.2171068061784056,0.23128888323523053,0.6118975230166427
5113,47.0,0.21391831985403742,0.2279127112325019,0.6015636477176806
5113,48.0,0.21224019714720796,0.2252939978947265,0.5949045862696575
5113,49.0,0.20961414305294182,0.22188373385964352,0.5851941614089893
5113,50.0,0.2061793381942979,0.21731642213213562,0.5762837298613595
5113,51.0,0.2034458037080047,0.21347484937923927,0.5694608430168825
5113,52.0,0.20134143463215,0.21073852153598147,0.5635347422427258
5113,53.0,0.19854766014543013,0.20750857506433526,0.554576988300628
5113,54.0,0.19585773728071745,0.20413907296375897,0.5467472975742248
5113,55.0,0.19310284914539796,0.20103711361157006,0.5372085767685357
5113,56.0,0.19082858961489796,0.1985832009255196,0.5296997946720191
5113,57.0,0.18786465739462835,0.1960194244328561,0.5190844360229652
5113,58.0,0.18648738689954222,0.1945894378981016,0.5130015457057457
5113,59.0,0.1839383951893045,0.19107629490249178,0.5071847861301678
5113,60.0,0.18122161526328878,0.18808056092496234,0.5000283564690976
5113,61.0,0.1780536272897489,0.1847964265473599,0.4904131553527207
5113,62.0,0.1755262916849451,0.18259446954566744,0.48069477941808064
5113,63.0,0.1736137278892382,0.18054922879822127,0.4736444680365852
5113,64.0,0.17161734374903445,0.17833964522553578,0.46673135745789246
5113,65.0,0.17061392391062816,0.17785556179022782,0.4595262453509368
5113,66.0,0.1683082469086615,0.17563018897495233,0.4525206980663086
5113,67.0,0.16501960642513305,0.17179954476399265,0.44521891114500933
5113,68.0,0.16231579231080115,0.16887503661400818,0.4374192015582745
5113,69.0,0.15919929231871383,0.1652995758757929,0.43050033426985795
5113,70.0,0.15628836149252318,0.16233821314782315,0.4220375103090744
5113,71.0,0.15359089001714393,0.159595868474018,0.4139736633558036
5113,72.0,0.150689271511713,0.15656940153137827,0.40565710482768824
5113,73.0,0.14849422036923568,0.1541389292379901,0.3998607393972099
5113,74.0,0.14570562545064178,0.15142193104049761,0.3911093825710688
5113,75.0,0.14281287666188117,0.14827448721014688,0.38312588222158905
5113,76.0,0.14045031680315762,0.14568561980338376,0.3766627426924044
5113,77.0,0.13865861456902662,0.14364574409463368,0.3713763308822517
5113,78.0,0.1371002374302889,0.1418010621914755,0.3670228606049232
5113,79.0,0.1347094785536916,0.13946757922902736,0.3611703803818758
5113,80.0,0.13308267638264112,0.1379259876439262,0.3566153242357694
5113,81.0,0.1312841304697836,0.13587752859261826,0.3517582412095646
5113,82.0,0.12988711058317728,0.1341251932488404,0.34822899208514063
5113,83.0,0.1275929353995454,0.13158617332985265,0.34231516041827764
5113,84.0,0.12632682756393052,0.1303057082030211,0.33779593543133934
5113,85.0,0.12394011333761669,0.12783579713000498,0.3315540772046122
5113,86.0,0.12188881875002407,0.1256647819191238,0.32633020246364797
5113,87.0,0.12117861524832518,0.12493117419204688,0.3236333633337229
5113,88.0,0.12003073134855205,0.12361391294177118,0.320453424779851
5113,89.0,0.11856299588764287,0.12191969735027923,0.3164603070877962
5113,90.0,0.11696337582174426,0.12023193547472297,0.3110782131085374
5113,91.0,0.11458438342273443,0.11755518810245141,0.30507617161169204
5113,92.0,0.11345128211252864,0.11636166656884527,0.30090503057021795
5113,93.0,0.11202400633195718,0.11499612335208309,0.29610622828343564
5113,94.0,0.1102770204239621,0.11321639527433985,0.29137658781113723
5113,95.0,0.10835944995751533,0.11122311824886905,0.2866527578685907
5113,96.0,0.10644386533831438,0.10930440324860857,0.28232163369255664
5113,97.0,0.10425699003515579,0.10713780307007385,0.2770729998969896
5113,98.0,0.10209196389032828,0.10485297083475231,0.2726428224306725
5113,99.0,0.10101664217460223,0.10365794004240801,0.2694872863140132
5113,100.0,0.09950742781624712,0.10186440344323382,0.2662293762310266
5114,0.0,2.9066038639870517,5.408116675855963,6.564657815288973
5114,1.0,0.7201030895454512,0.7785875139570574,1.8484740763495853
5114,2.0,0.6680170757561296,0.7072068064403665,1.7367753762018907
5114,3.0,0.6174046336506226,0.6439786958307673,1.6250053732141936
5114,4.0,0.5876692503577153,0.6042352575485239,1.5599874099571966
5114,5.0,0.5707156302493515,0.5822643461387174,1.527484879578155
5114,6.0,0.5461686991082093,0.5552160758920164,1.4732580968198092
5114,7.0,0.5207401116159043,0.5330537500667744,1.4182976380754082
5114,8.0,0.49658201300029486,0.5080235271612319,1.3611437689993027
5114,9.0,0.4779407096488246,0.4867522528198174,1.3150500279603272
5114,10.0,0.4641751987932639,0.4702196938295349,1.2814993659817275
5114,11.0,0.4530883533571335,0.4555526939600445,1.2530514431693607
5114,12.0,0.441565555480277,0.44068748280678505,1.221922768524738
5114,13.0,0.4308771208417364,0.42892403150464453,1.195722833689455
5114,14.0,0.41886846282960727,0.41639713310658416,1.1670284353039988
5114,15.0,0.4105508433962802,0.40696657250583723,1.1480438255964465
5114,16.0,0.40285387131655176,0.3974907888528931,1.128522300296071
5114,17.0,0.3957982667653429,0.3886641181470239,1.1087898654822885
5114,18.0,0.3869899039881344,0.37990604694999985,1.0875978799955308
5114,19.0,0.3817630159858267,0.37296194491870677,1.0715780077449348
5114,20.0,0.37333648726798296,0.36294483294008606,1.0484788272521632
5114,21.0,0.36649062446794417,0.3553310724465918,1.0300397619624684
5114,22.0,0.3609448571299974,0.3474748952007706,1.0130785153507091
5114,23.0,0.3551642925166637,0.340699138098787,0.997528258441664
5114,24.0,0.34722702680916095,0.33264268880259407,0.9769494014275146
5114,25.0,0.34130138384985237,0.326260186711527,0.9602052217630814
5114,26.0,0.33281925489909076,0.31783388314645383,0.9374961297344174
5114,27.0,0.324938742353035,0.31006719146831835,0.9172363080685272
5114,28.0,0.31982933485576326,0.3042661535765289,0.901055264414408
5114,29.0,0.3148655953248477,0.29840530296729845,0.8853249985567019
5114,30.0,0.3107923965559415,0.2926385086143526,0.8686956110425296
5114,31.0,0.3048071760039001,0.2864081247823015,0.8535597282938377
5114,32.0,0.3008146206521994,0.28152287115926344,0.8401412730659212
5114,33.0,0.29690706226175273,0.27708961243818775,0.827588289443673
5114,34.0,0.2913868427485581,0.27151057419998603,0.8134646802269738
5114,35.0,0.28879482304868404,0.26846579789741537,0.8053360393878445
5114,36.0,0.28546768539396894,0.26506235749175583,0.7966673797136118
5114,37.0,0.2826074358875335,0.26178644346341595,0.7870700802472969
5114,38.0,0.27898109774452473,0.2579547893245258,0.7761844958699788
5114,39.0,0.2748457691296451,0.25371920462373576,0.7639799414644676
5114,40.0,0.27251306952238796,0.25112814113746007,0.7554437092564023
5114,41.0,0.2693918399176487,0.2478421173776902,0.745982791696369
5114,42.0,0.26665331824684707,0.24488786236410268,0.7358185801720885
5114,43.0,0.2625164178353205,0.2408547911697575,0.7223113838509982
5114,44.0,0.2569546101790026,0.23569612097414946,0.7065360562153719
5114,45.0,0.2542238189334518,0.23286309147655995,0.6949107892737523
5114,46.0,0.25239507145398005,0.23084269651394876,0.6867190602664935
5114,47.0,0.2495883264882945,0.22808691975984488,0.6780851076955718
5114,48.0,0.24565023875055209,0.22439226367153323,0.6664785831645053
5114,49.0,0.2426424645937437,0.22159984939404978,0.6575999855108062
5114,50.0,0.23872861085912095,0.21797047651270804,0.6470188929298892
5114,51.0,0.23500562113420878,0.21453891579747866,0.6372465843906295
5114,52.0,0.23186988315972945,0.2116400740654523,0.6274831863119932
5114,53.0,0.22938222528213137,0.20930822504049748,0.6195456280666555
5114,54.0,0.2250163414483486,0.20528650162955786,0.6084205530322931
5114,55.0,0.22307834141566157,0.20347598347839796,0.6030124591126386
5114,56.0,0.2207404144783069,0.20129083511855292,0.5958336294423561
5114,57.0,0.21719586561151946,0.19802947794061318,0.5863698184806704
5114,58.0,0.21467142192562522,0.19571553065777286,0.578225238321022
5114,59.0,0.21337805300423102,0.19453674681528613,0.5728137099465389
5114,60.0,0.2117017148578533,0.19304231568804817,0.5650324317091608
5114,61.0,0.21022172494998412,0.19175367782326183,0.5576980068056479
5114,62.0,0.2091939701314313,0.19092688874807437,0.5504401443928827
5114,63.0,0.2088068419446991,0.19066622818689588,0.5462946494673127
5114,64.0,0.20625196936852377,0.18834114607682503,0.5404798325512414
5114,65.0,0.20388611309794372,0.18622049814951394,0.534452822310159
5114,66.0,0.20172444054582336,0.18425565071672256,0.5296077913434977
5114,67.0,0.19969910889229617,0.18243985940912397,0.523892868400126
5114,68.0,0.19632530627402076,0.17932393830196883,0.5155810955508007
5114,69.0,0.1933678587402579,0.17660498821572443,0.5079060980097893
5114,70.0,0.19082326909393094,0.17423701811763614,0.5025088525050065
5114,71.0,0.18904707662714562,0.17264827129001273,0.49666006823671144
5114,72.0,0.18751891894483183,0.17128023504544837,0.49155532904610777
5114,73.0,0.18639078746743992,0.17029553886145132,0.48706450389373684
5114,74.0,0.18525711675294768,0.16935386210630218,0.4812412451944371
5114,75.0,0.18364175127363488,0.16792446826814908,0.47623281567604575
5114,76.0,0.18191202936073955,0.16634957111629506,0.4718103074344664
5114,77.0,0.18039283339512585,0.1649754682193951,0.466999944968966
5114,78.0,0.17823963569974502,0.16298675365407733,0.4610894831119354
5114,79.0,0.17627587794134222,0.16119761558887222,0.45515985749780147
5114,80.0,0.17405097018339932,0.15916622576012518,0.44841801203480086
5114,81.0,0.171182666355013,0.15649599284493385,0.44131211083552335
5114,82.0,0.16948325039358225,0.15497773002995482,0.4355892607732168
5114,83.0,0.16789480462461903,0.15355365820414194,0.4296689342668913
5114,84.0,0.16648378314074824,0.15230198605500844,0.4243621299463941
5114,85.0,0.1639017886065635,0.1499458075007473,0.4168981313255726
5114,86.0,0.16261317598450445,0.14885398691638077,0.41140037690949566
5114,87.0,0.1617098014729916,0.14812358395587344,0.4069257716180662
5114,88.0,0.15949257433531053,0.146109326139001,0.401411895528464
5114,89.0,0.158249458640783,0.1450120143849807,0.39769026621889514
5114,90.0,0.15546085613691313,0.14241133154754654,0.39234780465340485
5114,91.0,0.15372087881777577,0.14084834474466099,0.3866247172128083
5114,92.0,0.15192538590668178,0.13925744795008033,0.3804280001823289
5114,93.0,0.14993347007901167,0.1374866926794526,0.37406643931281275
5114,94.0,0.14830467398527503,0.13605925199166627,0.3688931457600002
5114,95.0,0.1465344275816075,0.13450107751103627,0.3633901868015586
5114,96.0,0.14428948216020876,0.13244443146617044,0.35766109164471904
5114,97.0,0.14257196240821648,0.13091829275717437,0.3525769454202094
5114,98.0,0.14167429296413828,0.13017375989844163,0.3487009918262821
5114,99.0,0.13998313421157144,0.12861740861828,0.3445883548779705
5114,100.0,0.1381128410582494,0.12687565335595033,0.34011717536263836
5115,0.0,2.9066038639870517,5.408116675855963,6.564657815288973
5115,1.0,0.7738722804938291,0.8140036748113928,1.9597314892328457
5115,2.0,0.7047656881612941,0.7392405107618011,1.8081038467615846
5115,3.0,0.666642046716692,0.7007905970890849,1.7138533864440597
5115,4.0,0.6304583962767235,0.6611471260400399,1.6415594885671125
5115,5.0,0.5964527987821189,0.6230466220691847,1.5745658640765448
5115,6.0,0.5707776262575321,0.6000732022387987,1.5126074616510334
5115,7.0,0.545574015397159,0.5739930643399429,1.4594069564447145
5115,8.0,0.5233767542592279,0.5550458432553855,1.4074391565511675
5115,9.0,0.5044109061795401,0.5390143707032384,1.364737769335061
5115,10.0,0.48928056848763646,0.5231340906730233,1.3304163214028344
5115,11.0,0.4728077279853536,0.5081359744583912,1.289010199066817
5115,12.0,0.45761377090351135,0.4928905915197504,1.2541035307199684
5115,13.0,0.44243824574076873,0.478082199433984,1.2200315364786116
5115,14.0,0.42489015171801925,0.4588480385156728,1.1798369828240083
5115,15.0,0.41126720626007357,0.44445002650902266,1.145220941798541
5115,16.0,0.3977061709762581,0.42995142624086713,1.1119103196194242
5115,17.0,0.3859495720825721,0.4197786395862413,1.0772326220064914
5115,18.0,0.37267327055035804,0.40511385425061447,1.0450319550726417
5115,19.0,0.3574563270566702,0.3876779214982001,1.0078369156705216
5115,20.0,0.34694458342046014,0.3762786965186924,0.9804843951226252
5115,21.0,0.3346247368322311,0.36229123920357986,0.9485277813531229
5115,22.0,0.3249252900285839,0.3521148469354337,0.9237373254459064
5115,23.0,0.31457772903887227,0.3418203675692947,0.8949599580519453
5115,24.0,0.3056359392578157,0.333811056141505,0.8692406169502742
5115,25.0,0.29835564048597796,0.3254837363814759,0.8508825282864777
5115,26.0,0.2912295286566296,0.31732459250731904,0.8320880289946555
5115,27.0,0.28513841552224023,0.3088121343638063,0.8165549824881877
5115,28.0,0.27831393295953294,0.30083298713319023,0.7976766256831493
5115,29.0,0.27247537036419,0.29397800963603415,0.7823616762928779
5115,30.0,0.2649383947750566,0.28499769350909215,0.7618269442222092
5115,31.0,0.2592760707763997,0.2775125133641594,0.7469791768642708
5115,32.0,0.2546427136986728,0.27279198083686396,0.7339804607208548
5115,33.0,0.24856538156658592,0.2655546552001435,0.7157924050214801
5115,34.0,0.24021371497636693,0.2549805279770215,0.6919491270162352
5115,35.0,0.23504931052521671,0.24848132580592877,0.677147111164229
5115,36.0,0.22721981671145267,0.2395140951001694,0.6551864072393933
5115,37.0,0.22051962521848703,0.2325876818061933,0.6357855491777524
5115,38.0,0.2152267549246197,0.22703141781955985,0.6204562654684697
5115,39.0,0.21179968862174212,0.22327277549500918,0.6095453673250094
5115,40.0,0.20707770121353097,0.2174810058275957,0.5947897724800028
5115,41.0,0.20189735088483438,0.21161319973404707,0.5785883380865321
5115,42.0,0.1985726332475066,0.20691439065026762,0.5682560720040145
5115,43.0,0.19517982613156154,0.20204275897006396,0.5583935794123438
5115,44.0,0.19103129130255514,0.19749714788310968,0.5455665987000283
5115,45.0,0.18821599328725233,0.1939683726076656,0.5373856512313637
5115,46.0,0.18445378010464697,0.18878817212451737,0.526622493297388
5115,47.0,0.1804164371259215,0.18408136779326442,0.5146737671447608
5115,48.0,0.17655633831441367,0.1793761283117135,0.5037237776735478
5115,49.0,0.172059475512517,0.17435808347916895,0.49062208228127957
5115,50.0,0.1689244964380971,0.17062459372590547,0.48147906360901443
5115,51.0,0.16599033031335395,0.16699727099933895,0.47243080985978547
5115,52.0,0.16266630909032503,0.16325107047377493,0.46239056544771584
5115,53.0,0.1596964001594698,0.15989189872458026,0.45296444372560335
5115,54.0,0.15677146976317607,0.15674871013562508,0.4445362651397874
5115,55.0,0.1535677438410923,0.15357771880751048,0.4345744548390288
5115,56.0,0.15162936227593485,0.15147793883483662,0.42883855005439575
5115,57.0,0.1497473508614582,0.14936863621944615,0.42274832807989415
5115,58.0,0.1476306399130955,0.14692815778202636,0.41627806553580093
5115,59.0,0.1459691343397022,0.1445651036132745,0.41071710612451084
5115,60.0,0.14457212162827124,0.14277545761345692,0.40686334254123485
5115,61.0,0.14238203938163266,0.14045327954108108,0.40038865052932965
5115,62.0,0.13968266053684128,0.1375873319104227,0.39254653455880645
5115,63.0,0.13723657958497468,0.13511236001867882,0.385433873882175
5115,64.0,0.13556003620290422,0.13319354793541432,0.38090428282841243
5115,65.0,0.13318777319484412,0.13061958834334414,0.37396801760299425
5115,66.0,0.1312372915453286,0.12868630207214393,0.3684984294251878
5115,67.0,0.1293546464337493,0.12642852638938237,0.36275201235711163
5115,68.0,0.1278729169093587,0.12437463620814683,0.35797607975649165
5115,69.0,0.12628896772192447,0.12234636547891486,0.3526820308788063
5115,70.0,0.1241919695449935,0.12028639771964186,0.34666439012100836
5115,71.0,0.12264859761530493,0.11851089267105883,0.3414562014023002
5115,72.0,0.12107705739667642,0.11675453160841878,0.3361514939789871
5115,73.0,0.11934600714090599,0.11473149303925562,0.33030224553728954
5115,74.0,0.11768371154663984,0.11290271646029175,0.32471685940617956
5115,75.0,0.11633967710775536,0.11142172562524685,0.320316714687196
5115,76.0,0.11451228526169413,0.1096740021199084,0.31486490465003025
5115,77.0,0.11256353171638647,0.10781829843646351,0.3091518322848257
5115,78.0,0.11102351767100671,0.10644335370969682,0.3049250766378607
5115,79.0,0.10912652893699863,0.10464972731598522,0.2993795888006156
5115,80.0,0.10770103480687798,0.1032824418709522,0.295141810121876
5115,81.0,0.10612487557093271,0.10144864460924868,0.2890943118902957
5115,82.0,0.10424379758370868,0.09973918764151357,0.2838261886627528
5115,83.0,0.10239634113707745,0.09795287968507257,0.27875813350597856
5115,84.0,0.10082902143659876,0.09621745402796196,0.27316311655115033
5115,85.0,0.0996197570787122,0.09490600926983407,0.26917128983692296
5115,86.0,0.09881642479392089,0.0936508600732018,0.2653541875990569
5115,87.0,0.09741743532536047,0.09212517667928904,0.26065788445837534
5115,88.0,0.09595198795356084,0.09051076268462924,0.25507902166764546
5115,89.0,0.09492653067978662,0.08935069440052017,0.25169552370616816
5115,90.0,0.09406028698413814,0.08837990861148178,0.24902917555205611
5115,91.0,0.09283237747979706,0.08707912680373774,0.24517641209420654
5115,92.0,0.09175748575221698,0.08588673565468335,0.24106802122381804
5115,93.0,0.09102918505179365,0.08512952636209285,0.2378904078235532
5115,94.0,0.08992842349095216,0.08401342678402526,0.2340775855080058
5115,95.0,0.08801848921057523,0.08223466849677932,0.22898218016347816
5115,96.0,0.08654472951426356,0.08084311209197939,0.22519927922804722
5115,97.0,0.08522695044077849,0.07955678431958704,0.22104491359091286
5115,98.0,0.08427069110953417,0.07864990041787358,0.2182745622643903
5115,99.0,0.08305803938864996,0.07756927513594941,0.2154845688723855
5115,100.0,0.08232859584667845,0.076818898605176,0.2130359861926748
