step,arm,mass_ess,n_occupied,resampled,benefit,lam,n_replacements,duplicate_pairs,cooling,row,seed
10000,A2,0.0,30,False,0.0,0.0,0,0.0,False,0,5200
10000,A2,0.31846178705040096,32,False,0.0,0.0,0,0.0,False,1,5201
10000,A2,0.0,30,False,0.0,0.0,0,0.0,False,2,5202
10000,A2,0.0,31,False,0.0,0.0,0,0.0,False,3,5203
10000,A2,0.0,31,False,0.0,0.0,0,0.0,False,4,5204
10000,A2,0.0,31,False,0.0,0.0,0,0.0,False,5,5205
10000,A2,0.0933559379707479,32,False,0.0,0.0,0,0.0,False,6,5206
10000,A2,0.0,30,False,0.0,0.0,0,0.0,False,7,5207
10000,A2,0.0,29,False,0.0,0.0,0,0.0,False,8,5208
10000,A2,0.0,29,False,0.0,0.0,0,0.0,False,9,5209
10000,A2,0.0,30,False,0.0,0.0,0,0.0,False,10,5210
10000,A2,0.0,31,False,0.0,0.0,0,0.0,False,11,5211
10000,A2,0.0,29,False,0.0,0.0,0,0.0,False,12,5212
10000,A2,0.0,28,False,0.0,0.0,0,0.0,False,13,5213
10000,A2,0.0,31,False,0.0,0.0,0,0.0,False,14,5214
10000,A2,0.0,31,False,0.0,0.0,0,0.0,False,15,5215
10500,A2,0.0,31,False,0.0,0.0,0,0.0,False,0,5200
10500,A2,0.0,30,False,0.0,0.0,0,0.0,False,1,5201
10500,A2,0.0,31,False,0.0,0.0,0,0.0,False,2,5202
10500,A2,0.0,31,False,0.0,0.0,0,0.0,False,3,5203
10500,A2,0.0,28,False,0.0,0.0,0,0.0,False,4,5204
10500,A2,0.0,28,False,0.0,0.0,0,0.0,False,5,5205
10500,A2,0.0,30,False,0.0,0.0,0,0.0,False,6,5206
10500,A2,0.0,30,False,0.0,0.0,0,0.0,False,7,5207
10500,A2,0.0,29,False,0.0,0.0,0,0.0,False,8,5208
10500,A2,0.0,30,False,0.0,0.0,0,0.0,False,9,5209
10500,A2,0.0,30,False,0.0,0.0,0,0.0,False,10,5210
10500,A2,0.0,31,False,0.0,0.0,0,0.0,False,11,5211
10500,A2,0.0,28,False,0.0,0.0,0,0.0,False,12,5212
10500,A2,0.0,30,False,0.0,0.0,0,0.0,False,13,5213
10500,A2,0.0,30,False,0.0,0.0,0,0.0,False,14,5214
10500,A2,0.0,30,False,0.0,0.0,0,0.0,False,15,5215
11000,A2,0.0,29,False,0.0,0.0,0,0.0,False,0,5200
11000,A2,0.0,31,False,0.0,0.0,0,0.0,False,1,5201
11000,A2,0.0,31,False,0.0,0.0,0,0.0,False,2,5202
11000,A2,0.13982006852496834,32,False,0.0,0.0,0,0.0,False,3,5203
11000,A2,0.0,30,False,0.0,0.0,0,0.0,False,4,5204
11000,A2,0.0,29,False,0.0,0.0,0,0.0,False,5,5205
11000,A2,0.0,30,False,0.0,0.0,0,0.0,False,6,5206
11000,A2,0.0,30,False,0.0,0.0,0,0.0,False,7,5207
11000,A2,0.0,29,False,0.0,0.0,0,0.0,False,8,5208
11000,A2,0.0,29,False,0.0,0.0,0,0.0,False,9,5209
11000,A2,0.0,29,False,0.0,0.0,0,0.0,False,10,5210
11000,A2,0.0,31,False,0.0,0.0,0,0.0,False,11,5211
11000,A2,0.0,28,False,0.0,0.0,0,0.0,False,12,5212
11000,A2,0.0,29,False,0.0,0.0,0,0.0,False,13,5213
11000,A2,0.0,30,False,0.0,0.0,0,0.0,False,14,5214
11000,A2,0.0,30,False,0.0,0.0,0,0.0,False,15,5215
11500,A2,0.0,29,False,0.0,0.0,0,0.0,False,0,5200
11500,A2,0.1713488197834558,32,False,0.0,0.0,0,0.0,False,1,5201
11500,A2,0.0,30,False,0.0,0.0,0,0.0,False,2,5202
11500,A2,0.0,31,False,0.0,0.0,0,0.0,False,3,5203
11500,A2,0.0,31,False,0.0,0.0,0,0.0,False,4,5204
11500,A2,0.0,29,False,0.0,0.0,0,0.0,False,5,5205
11500,A2,0.0,28,False,0.0,0.0,0,0.0,False,6,5206
11500,A2,0.0,31,False,0.0,0.0,0,0.0,False,7,5207
11500,A2,0.3598905372956305,32,False,0.0,0.0,0,0.0,False,8,5208
11500,A2,0.0,30,False,0.0,0.0,0,0.0,False,9,5209
11500,A2,0.0,28,False,0.0,0.0,0,0.0,False,10,5210
11500,A2,0.2309039432414783,32,False,0.0,0.0,0,0.0,False,11,5211
11500,A2,0.0,28,False,0.0,0.0,0,0.0,False,12,5212
11500,A2,0.0,29,False,0.0,0.0,0,0.0,False,13,5213
11500,A2,0.23467632636405208,32,False,0.0,0.0,0,0.0,False,14,5214
11500,A2,0.0,31,False,0.0,0.0,0,0.0,False,15,5215
12000,A2,0.0,30,False,0.0,0.0,0,0.0,False,0,5200
12000,A2,0.0,31,False,0.0,0.0,0,0.0,False,1,5201
12000,A2,0.0,29,False,0.0,0.0,0,0.0,False,2,5202
12000,A2,0.0,30,False,0.0,0.0,0,0.0,False,3,5203
12000,A2,0.25499060951250135,32,False,0.0,0.0,0,0.0,False,4,5204
12000,A2,0.0,31,False,0.0,0.0,0,0.0,False,5,5205
12000,A2,0.0,31,False,0.0,0.0,0,0.0,False,6,5206
12000,A2,0.0,31,False,0.0,0.0,0,0.0,False,7,5207
12000,A2,0.0,29,False,0.0,0.0,0,0.0,False,8,5208
12000,A2,0.0,31,False,0.0,0.0,0,0.0,False,9,5209
12000,A2,0.0,28,False,0.0,0.0,0,0.0,False,10,5210
12000,A2,0.0,31,False,0.0,0.0,0,0.0,False,11,5211
12000,A2,0.0,30,False,0.0,0.0,0,0.0,False,12,5212
12000,A2,0.0,30,False,0.0,0.0,0,0.0,False,13,5213
12000,A2,0.0,30,False,0.0,0.0,0,0.0,False,14,5214
12000,A2,0.0,30,False,0.0,0.0,0,0.0,False,15,5215
12500,A2,0.0,28,False,0.0,0.0,0,0.0,False,0,5200
12500,A2,0.0,31,False,0.0,0.0,0,0.0,False,1,5201
12500,A2,0.0,30,False,0.0,0.0,0,0.0,False,2,5202
12500,A2,0.0,31,False,0.0,0.0,0,0.0,False,3,5203
12500,A2,0.0,31,False,0.0,0.0,0,0.0,False,4,5204
12500,A2,0.0,31,False,0.0,0.0,0,0.0,False,5,5205
12500,A2,0.0,31,False,0.0,0.0,0,0.0,False,6,5206
12500,A2,0.27629931806314695,32,False,0.0,0.0,0,0.0,False,7,5207
12500,A2,0.0,31,False,0.0,0.0,0,0.0,False,8,5208
12500,A2,0.0,30,False,0.0,0.0,0,0.0,False,9,5209
12500,A2,0.0,30,False,0.0,0.0,0,0.0,False,10,5210
12500,A2,0.1916319598019013,32,False,0.0,0.0,0,0.0,False,11,5211
12500,A2,0.0,30,False,0.0,0.0,0,0.0,False,12,5212
12500,A2,0.0,31,False,0.0,0.0,0,0.0,False,13,5213
12500,A2,0.19336586483644522,32,False,0.0,0.0,0,0.0,False,14,5214
12500,A2,0.0,31,False,0.0,0.0,0,0.0,False,15,5215
13000,A2,0.0,29,False,0.0,0.0,0,0.0,False,0,5200
13000,A2,0.23300626024591964,32,False,0.0,0.0,0,0.0,False,1,5201
13000,A2,0.0,30,False,0.0,0.0,0,0.0,False,2,5202
13000,A2,0.13709138864526516,32,False,0.0,0.0,0,0.0,False,3,5203
13000,A2,0.20618139537501526,32,False,0.0,0.0,0,0.0,False,4,5204
13000,A2,0.0,30,False,0.0,0.0,0,0.0,False,5,5205
13000,A2,0.0,31,False,0.0,0.0,0,0.0,False,6,5206
13000,A2,0.0,31,False,0.0,0.0,0,0.0,False,7,5207
13000,A2,0.17823885269392506,32,False,0.0,0.0,0,0.0,False,8,5208
13000,A2,0.0,30,False,0.0,0.0,0,0.0,False,9,5209
13000,A2,0.0,31,False,0.0,0.0,0,0.0,False,10,5210
13000,A2,0.0,31,False,0.0,0.0,0,0.0,False,11,5211
13000,A2,0.0,30,False,0.0,0.0,0,0.0,False,12,5212
13000,A2,0.0,30,False,0.0,0.0,0,0.0,False,13,5213
13000,A2,0.170286711812918,32,False,0.0,0.0,0,0.0,False,14,5214
13000,A2,0.0,30,False,0.0,0.0,0,0.0,False,15,5215
13500,A2,0.0,30,False,0.0,0.0,0,0.0,False,0,5200
13500,A2,0.0,30,False,0.0,0.0,0,0.0,False,1,5201
13500,A2,0.0,28,False,0.0,0.0,0,0.0,False,2,5202
13500,A2,0.15401301630627998,32,False,0.0,0.0,0,0.0,False,3,5203
13500,A2,0.20246000937046632,32,False,0.0,0.0,0,0.0,False,4,5204
13500,A2,0.0,31,False,0.0,0.0,0,0.0,False,5,5205
13500,A2,0.0,30,False,0.0,0.0,0,0.0,False,6,5206
13500,A2,0.0,30,False,0.0,0.0,0,0.0,False,7,5207
13500,A2,0.2916577004409176,32,False,0.0,0.0,0,0.0,False,8,5208
13500,A2,0.0,29,False,0.0,0.0,0,0.0,False,9,5209
13500,A2,0.0,30,False,0.0,0.0,0,0.0,False,10,5210
13500,A2,0.16155163086073823,32,False,0.0,0.0,0,0.0,False,11,5211
13500,A2,0.0,30,False,0.0,0.0,0,0.0,False,12,5212
13500,A2,0.0,30,False,0.0,0.0,0,0.0,False,13,5213
13500,A2,0.0,31,False,0.0,0.0,0,0.0,False,14,5214
13500,A2,0.0,30,False,0.0,0.0,0,0.0,False,15,5215
14000,A2,0.0,31,False,0.0,0.0,0,0.0,False,0,5200
14000,A2,0.2711931304305257,32,False,0.0,0.0,0,0.0,False,1,5201
14000,A2,0.3042104939097222,32,False,0.0,0.0,0,0.0,False,2,5202
14000,A2,0.15751347545912892,32,False,0.0,0.0,0,0.0,False,3,5203
14000,A2,0.0,29,False,0.0,0.0,0,0.0,False,4,5204
14000,A2,0.0,29,False,0.0,0.0,0,0.0,False,5,5205
14000,A2,0.0,30,False,0.0,0.0,0,0.0,False,6,5206
14000,A2,0.0,31,False,0.0,0.0,0,0.0,False,7,5207
14000,A2,0.0,29,False,0.0,0.0,0,0.0,False,8,5208
14000,A2,0.0,29,False,0.0,0.0,0,0.0,False,9,5209
14000,A2,0.0,31,False,0.0,0.0,0,0.0,False,10,5210
14000,A2,0.199586045389392,32,False,0.0,0.0,0,0.0,False,11,5211
14000,A2,0.0,30,False,0.0,0.0,0,0.0,False,12,5212
14000,A2,0.23838865358023986,32,False,0.0,0.0,0,0.0,False,13,5213
14000,A2,0.0,30,False,0.0,0.0,0,0.0,False,14,5214
14000,A2,0.0,31,False,0.0,0.0,0,0.0,False,15,5215
14500,A2,0.0,30,False,0.0,0.0,0,0.0,False,0,5200
14500,A2,0.2741983832119174,32,False,0.0,0.0,0,0.0,False,1,5201
14500,A2,0.18143910814642955,32,False,0.0,0.0,0,0.0,False,2,5202
14500,A2,0.0,30,False,0.0,0.0,0,0.0,False,3,5203
14500,A2,0.0,31,False,0.0,0.0,0,0.0,False,4,5204
14500,A2,0.0,30,False,0.0,0.0,0,0.0,False,5,5205
14500,A2,0.11083584369882547,32,False,0.0,0.0,0,0.0,False,6,5206
14500,A2,0.0,29,False,0.0,0.0,0,0.0,False,7,5207
14500,A2,0.0,31,False,0.0,0.0,0,0.0,False,8,5208
14500,A2,0.0,30,False,0.0,0.0,0,0.0,False,9,5209
14500,A2,0.0,31,False,0.0,0.0,0,0.0,False,10,5210
14500,A2,0.1559504882754231,32,False,0.0,0.0,0,0.0,False,11,5211
14500,A2,0.0,30,False,0.0,0.0,0,0.0,False,12,5212
14500,A2,0.0,29,False,0.0,0.0,0,0.0,False,13,5213
14500,A2,0.1650701949117968,32,False,0.0,0.0,0,0.0,False,14,5214
14500,A2,0.0,31,False,0.0,0.0,0,0.0,False,15,5215
15000,A2,0.0,30,False,0.0,0.0,0,0.0,False,0,5200
15000,A2,0.2789823191428727,32,False,0.0,0.0,0,0.0,False,1,5201
15000,A2,0.0,31,False,0.0,0.0,0,0.0,False,2,5202
15000,A2,0.09997680470118704,32,False,0.0,0.0,0,0.0,False,3,5203
15000,A2,0.16642981526061357,32,False,0.0,0.0,0,0.0,False,4,5204
15000,A2,0.0,28,False,0.0,0.0,0,0.0,False,5,5205
15000,A2,0.0,31,False,0.0,0.0,0,0.0,False,6,5206
15000,A2,0.0,30,False,0.0,0.0,0,0.0,False,7,5207
15000,A2,0.287117556382671,32,False,0.0,0.0,0,0.0,False,8,5208
15000,A2,0.0,30,False,0.0,0.0,0,0.0,False,9,5209
15000,A2,0.0,29,False,0.0,0.0,0,0.0,False,10,5210
15000,A2,0.0,30,False,0.0,0.0,0,0.0,False,11,5211
15000,A2,0.0,29,False,0.0,0.0,0,0.0,False,12,5212
15000,A2,0.0,30,False,0.0,0.0,0,0.0,False,13,5213
15000,A2,0.21916576822268133,32,False,0.0,0.0,0,0.0,False,14,5214
15000,A2,0.0,31,False,0.0,0.0,0,0.0,False,15,5215
15500,A2,0.0,30,False,0.0,0.0,0,0.0,False,0,5200
15500,A2,0.0,30,False,0.0,0.0,0,0.0,False,1,5201
15500,A2,0.0,31,False,0.0,0.0,0,0.0,False,2,5202
15500,A2,0.15387522754800328,32,False,0.0,0.0,0,0.0,False,3,5203
15500,A2,0.25066663616503926,32,False,0.0,0.0,0,0.0,False,4,5204
15500,A2,0.0,29,False,0.0,0.0,0,0.0,False,5,5205
15500,A2,0.0,31,False,0.0,0.0,0,0.0,False,6,5206
15500,A2,0.0,31,False,0.0,0.0,0,0.0,False,7,5207
15500,A2,0.0,30,False,0.0,0.0,0,0.0,False,8,5208
15500,A2,0.0,29,False,0.0,0.0,0,0.0,False,9,5209
15500,A2,0.0,30,False,0.0,0.0,0,0.0,False,10,5210
15500,A2,0.17662949333238312,32,False,0.0,0.0,0,0.0,False,11,5211
15500,A2,0.0,29,False,0.0,0.0,0,0.0,False,12,5212
15500,A2,0.0,30,False,0.0,0.0,0,0.0,False,13,5213
15500,A2,0.0,31,False,0.0,0.0,0,0.0,False,14,5214
15500,A2,0.0,31,False,0.0,0.0,0,0.0,False,15,5215
16000,A2,0.0,30,False,0.0,0.0,0,0.0,False,0,5200
16000,A2,0.21694016897104426,32,False,0.0,0.0,0,0.0,False,1,5201
16000,A2,0.0,29,False,0.0,0.0,0,0.0,False,2,5202
16000,A2,0.10437655311175775,32,False,0.0,0.0,0,0.0,False,3,5203
16000,A2,0.0,30,False,0.0,0.0,0,0.0,False,4,5204
16000,A2,0.2235552852699204,32,False,0.0,0.0,0,0.0,False,5,5205
16000,A2,0.1268315846268057,32,False,0.0,0.0,0,0.0,False,6,5206
16000,A2,0.0,31,False,0.0,0.0,0,0.0,False,7,5207
16000,A2,0.0,31,False,0.0,0.0,0,0.0,False,8,5208
16000,A2,0.0,29,False,0.0,0.0,0,0.0,False,9,5209
16000,A2,0.0,30,False,0.0,0.0,0,0.0,False,10,5210
16000,A2,0.0,31,False,0.0,0.0,0,0.0,False,11,5211
16000,A2,0.0,30,False,0.0,0.0,0,0.0,False,12,5212
16000,A2,0.0,31,False,0.0,0.0,0,0.0,False,13,5213
16000,A2,0.0,31,False,0.0,0.0,0,0.0,False,14,5214
16000,A2,0.0,31,False,0.0,0.0,0,0.0,False,15,5215
16500,A2,0.0,30,False,0.0,0.0,0,0.0,False,0,5200
16500,A2,0.246406407532595,32,False,0.0,0.0,0,0.0,False,1,5201
16500,A2,0.0,31,False,0.0,0.0,0,0.0,False,2,5202
16500,A2,0.0,31,False,0.0,0.0,0,0.0,False,3,5203
16500,A2,0.0,30,False,0.0,0.0,0,0.0,False,4,5204
16500,A2,0.0,31,False,0.0,0.0,0,0.0,False,5,5205
16500,A2,0.0,30,False,0.0,0.0,0,0.0,False,6,5206
16500,A2,0.0,30,False,0.0,0.0,0,0.0,False,7,5207
16500,A2,0.29503169282159897,32,False,0.0,0.0,0,0.0,False,8,5208
16500,A2,0.0,29,False,0.0,0.0,0,0.0,False,9,5209
16500,A2,0.0,30,False,0.0,0.0,0,0.0,False,10,5210
16500,A2,0.0,30,False,0.0,0.0,0,0.0,False,11,5211
16500,A2,0.0,30,False,0.0,0.0,0,0.0,False,12,5212
16500,A2,0.0,31,False,0.0,0.0,0,0.0,False,13,5213
16500,A2,0.1536540395164706,32,False,0.0,0.0,0,0.0,False,14,5214
16500,A2,0.175037336328053,32,False,0.0,0.0,0,0.0,False,15,5215
17000,A2,0.0,30,False,0.0,0.0,0,0.0,False,0,5200
17000,A2,0.2841356564739954,32,False,0.0,0.0,0,0.0,False,1,5201
17000,A2,0.2095771511792452,32,False,0.0,0.0,0,0.0,False,2,5202
17000,A2,0.07861858071442417,32,False,0.0,0.0,0,0.0,False,3,5203
17000,A2,0.0,30,False,0.0,0.0,0,0.0,False,4,5204
17000,A2,0.0,31,False,0.0,0.0,0,0.0,False,5,5205
17000,A2,0.0,30,False,0.0,0.0,0,0.0,False,6,5206
17000,A2,0.0,29,False,0.0,0.0,0,0.0,False,7,5207
17000,A2,0.24568411841253987,32,False,0.0,0.0,0,0.0,False,8,5208
17000,A2,0.0,29,False,0.0,0.0,0,0.0,False,9,5209
17000,A2,0.0,31,False,0.0,0.0,0,0.0,False,10,5210
17000,A2,0.0,31,False,0.0,0.0,0,0.0,False,11,5211
17000,A2,0.0,31,False,0.0,0.0,0,0.0,False,12,5212
17000,A2,0.2953540269977838,32,False,0.0,0.0,0,0.0,False,13,5213
17000,A2,0.0,31,False,0.0,0.0,0,0.0,False,14,5214
17000,A2,0.0,31,False,0.0,0.0,0,0.0,False,15,5215
17500,A2,0.0,31,False,0.0,0.0,0,0.0,False,0,5200
17500,A2,0.24333608639531382,32,False,0.0,0.0,0,0.0,False,1,5201
17500,A2,0.1701130359784915,32,False,0.0,0.0,0,0.0,False,2,5202
17500,A2,0.11780955836081422,32,False,0.0,0.0,0,0.0,False,3,5203
17500,A2,0.0,30,False,0.0,0.0,0,0.0,False,4,5204
17500,A2,0.0,31,False,0.0,0.0,0,0.0,False,5,5205
17500,A2,0.0,30,False,0.0,0.0,0,0.0,False,6,5206
17500,A2,0.0,30,False,0.0,0.0,0,0.0,False,7,5207
17500,A2,0.23933006156685158,32,False,0.0,0.0,0,0.0,False,8,5208
17500,A2,0.0,30,False,0.0,0.0,0,0.0,False,9,5209
17500,A2,0.0,31,False,0.0,0.0,0,0.0,False,10,5210
17500,A2,0.12955668842860113,32,False,0.0,0.0,0,0.0,False,11,5211
17500,A2,0.0,29,False,0.0,0.0,0,0.0,False,12,5212
17500,A2,0.23557825916644026,32,False,0.0,0.0,0,0.0,False,13,5213
17500,A2,0.0,31,False,0.0,0.0,0,0.0,False,14,5214
17500,A2,0.2981520144093344,32,False,0.0,0.0,0,0.0,False,15,5215
18000,A2,0.0,31,False,0.0,0.0,0,0.0,False,0,5200
18000,A2,0.2564208301907712,32,False,0.0,0.0,0,0.0,False,1,5201
18000,A2,0.24606917199405776,32,False,0.0,0.0,0,0.0,False,2,5202
18000,A2,0.0,31,False,0.0,0.0,0,0.0,False,3,5203
18000,A2,0.0,28,False,0.0,0.0,0,0.0,False,4,5204
18000,A2,0.29591249387068863,32,False,0.0,0.0,0,0.0,False,5,5205
18000,A2,0.0,31,False,0.0,0.0,0,0.0,False,6,5206
18000,A2,0.0,30,False,0.0,0.0,0,0.0,False,7,5207
18000,A2,0.0,31,False,0.0,0.0,0,0.0,False,8,5208
18000,A2,0.0,29,False,0.0,0.0,0,0.0,False,9,5209
18000,A2,0.20266776607492815,32,False,0.0,0.0,0,0.0,False,10,5210
18000,A2,0.12055778402039614,32,False,0.0,0.0,0,0.0,False,11,5211
18000,A2,0.0,30,False,0.0,0.0,0,0.0,False,12,5212
18000,A2,0.0,30,False,0.0,0.0,0,0.0,False,13,5213
18000,A2,0.0,30,False,0.0,0.0,0,0.0,False,14,5214
18000,A2,0.0,31,False,0.0,0.0,0,0.0,False,15,5215
18500,A2,0.0,31,False,0.0,0.0,0,0.0,False,0,5200
18500,A2,0.0,31,False,0.0,0.0,0,0.0,False,1,5201
18500,A2,0.2742696594264241,32,False,0.0,0.0,0,0.0,False,2,5202
18500,A2,0.12433312176137412,32,False,0.0,0.0,0,0.0,False,3,5203
18500,A2,0.0,29,False,0.0,0.0,0,0.0,False,4,5204
18500,A2,0.0,31,False,0.0,0.0,0,0.0,False,5,5205
18500,A2,0.0,31,False,0.0,0.0,0,0.0,False,6,5206
18500,A2,0.0,30,False,0.0,0.0,0,0.0,False,7,5207
18500,A2,0.29961537715235137,32,False,0.0,0.0,0,0.0,False,8,5208
18500,A2,0.0,30,False,0.0,0.0,0,0.0,False,9,5209
18500,A2,0.0,31,False,0.0,0.0,0,0.0,False,10,5210
18500,A2,0.14000049255557154,32,False,0.0,0.0,0,0.0,False,11,5211
18500,A2,0.0,31,False,0.0,0.0,0,0.0,False,12,5212
18500,A2,0.0,31,False,0.0,0.0,0,0.0,False,13,5213
18500,A2,0.0,31,False,0.0,0.0,0,0.0,False,14,5214
18500,A2,0.2482576960618715,32,False,0.0,0.0,0,0.0,False,15,5215
19000,A2,0.0,30,False,0.0,0.0,0,0.0,False,0,5200
19000,A2,0.26537135643996357,32,False,0.0,0.0,0,0.0,False,1,5201
19000,A2,0.0,31,False,0.0,0.0,0,0.0,False,2,5202
19000,A2,0.19584126261877707,32,False,0.0,0.0,0,0.0,False,3,5203
19000,A2,0.0,31,False,0.0,0.0,0,0.0,False,4,5204
19000,A2,0.21005749929406412,32,False,0.0,0.0,0,0.0,False,5,5205
19000,A2,0.0,31,False,0.0,0.0,0,0.0,False,6,5206
19000,A2,0.0,30,False,0.0,0.0,0,0.0,False,7,5207
19000,A2,0.2459465188161764,32,False,0.0,0.0,0,0.0,False,8,5208
19000,A2,0.0,31,False,0.0,0.0,0,0.0,False,9,5209
19000,A2,0.0,31,False,0.0,0.0,0,0.0,False,10,5210
19000,A2,0.14289263098520721,32,False,0.0,0.0,0,0.0,False,11,5211
19000,A2,0.1754567624565371,32,False,0.0,0.0,0,0.0,False,12,5212
19000,A2,0.298658221387175,32,False,0.0,0.0,0,0.0,False,13,5213
19000,A2,0.0,29,False,0.0,0.0,0,0.0,False,14,5214
19000,A2,0.1609367384251632,32,False,0.0,0.0,0,0.0,False,15,5215
19500,A2,0.0,31,False,0.0,0.0,0,0.0,False,0,5200
19500,A2,0.0,31,False,0.0,0.0,0,0.0,False,1,5201
19500,A2,0.1689958830595229,32,False,0.0,0.0,0,0.0,False,2,5202
19500,A2,0.10537575133193694,32,False,0.0,0.0,0,0.0,False,3,5203
19500,A2,0.0,30,False,0.0,0.0,0,0.0,False,4,5204
19500,A2,0.0,30,False,0.0,0.0,0,0.0,False,5,5205
19500,A2,0.0,31,False,0.0,0.0,0,0.0,False,6,5206
19500,A2,0.0,31,False,0.0,0.0,0,0.0,False,7,5207
19500,A2,0.0,31,False,0.0,0.0,0,0.0,False,8,5208
19500,A2,0.0,30,False,0.0,0.0,0,0.0,False,9,5209
19500,A2,0.16305813371182615,32,False,0.0,0.0,0,0.0,False,10,5210
19500,A2,0.13027866921433867,32,False,0.0,0.0,0,0.0,False,11,5211
19500,A2,0.0,31,False,0.0,0.0,0,0.0,False,12,5212
19500,A2,0.0,31,False,0.0,0.0,0,0.0,False,13,5213
19500,A2,0.0,30,False,0.0,0.0,0,0.0,False,14,5214
19500,A2,0.1955386532098557,32,False,0.0,0.0,0,0.0,False,15,5215
20000,A2,0.0,31,False,0.0,0.0,0,0.0,False,0,5200
20000,A2,0.0,31,False,0.0,0.0,0,0.0,False,1,5201
20000,A2,0.0,31,False,0.0,0.0,0,0.0,False,2,5202
20000,A2,0.0,31,False,0.0,0.0,0,0.0,False,3,5203
20000,A2,0.0,30,False,0.0,0.0,0,0.0,False,4,5204
20000,A2,0.0,31,False,0.0,0.0,0,0.0,False,5,5205
20000,A2,0.0,31,False,0.0,0.0,0,0.0,False,6,5206
20000,A2,0.0,31,False,0.0,0.0,0,0.0,False,7,5207
20000,A2,0.0,31,False,0.0,0.0,0,0.0,False,8,5208
20000,A2,0.25688693948237157,32,False,0.0,0.0,0,0.0,False,9,5209
20000,A2,0.19373896741303978,32,False,0.0,0.0,0,0.0,False,10,5210
20000,A2,0.19695575685895245,32,False,0.0,0.0,0,0.0,False,11,5211
20000,A2,0.0,30,False,0.0,0.0,0,0.0,False,12,5212
20000,A2,0.0,30,False,0.0,0.0,0,0.0,False,13,5213
20000,A2,0.0,31,False,0.0,0.0,0,0.0,False,14,5214
20000,A2,0.0,31,False,0.0,0.0,0,0.0,False,15,5215
20500,A2,0.0,31,False,0.0,0.0,0,0.0,False,0,5200
20500,A2,0.24289025094337907,32,False,0.0,0.0,0,0.0,False,1,5201
20500,A2,0.0,31,False,0.0,0.0,0,0.0,False,2,5202
20500,A2,0.11029639232520444,32,False,0.0,0.0,0,0.0,False,3,5203
20500,A2,0.0,31,False,0.0,0.0,0,0.0,False,4,5204
20500,A2,0.0,31,False,0.0,0.0,0,0.0,False,5,5205
20500,A2,0.12426592164202825,32,False,0.0,0.0,0,0.0,False,6,5206
20500,A2,0.0,30,False,0.0,0.0,0,0.0,False,7,5207
20500,A2,0.0,31,False,0.0,0.0,0,0.0,False,8,5208
20500,A2,0.0,31,False,0.0,0.0,0,0.0,False,9,5209
20500,A2,0.180335057355717,32,False,0.0,0.0,0,0.0,False,10,5210
20500,A2,0.13624754622061647,32,False,0.0,0.0,0,0.0,False,11,5211
20500,A2,0.10669276344120725,32,False,0.0,0.0,0,0.0,False,12,5212
20500,A2,0.2667484065237617,32,False,0.0,0.0,0,0.0,False,13,5213
20500,A2,0.0,31,False,0.0,0.0,0,0.0,False,14,5214
20500,A2,0.26207591542312275,32,False,0.0,0.0,0,0.0,False,15,5215
21000,A2,0.0,29,False,0.0,0.0,0,0.0,False,0,5200
21000,A2,0.2766231410040671,32,False,0.0,0.0,0,0.0,False,1,5201
21000,A2,0.0,31,False,0.0,0.0,0,0.0,False,2,5202
21000,A2,0.06962076986406672,32,False,0.0,0.0,0,0.0,False,3,5203
21000,A2,0.13495128290245106,32,False,0.0,0.0,0,0.0,False,4,5204
21000,A2,0.3330585665020894,32,False,0.0,0.0,0,0.0,False,5,5205
21000,A2,0.0,30,False,0.0,0.0,0,0.0,False,6,5206
21000,A2,0.0,31,False,0.0,0.0,0,0.0,False,7,5207
21000,A2,0.2344861575971189,32,False,0.0,0.0,0,0.0,False,8,5208
21000,A2,0.2531038159275342,32,False,0.0,0.0,0,0.0,False,9,5209
21000,A2,0.04753838193621459,32,False,0.0,0.0,0,0.0,False,10,5210
21000,A2,0.0,31,False,0.0,0.0,0,0.0,False,11,5211
21000,A2,0.0,30,False,0.0,0.0,0,0.0,False,12,5212
21000,A2,0.0,31,False,0.0,0.0,0,0.0,False,13,5213
21000,A2,0.0,31,False,0.0,0.0,0,0.0,False,14,5214
21000,A2,0.16379124401214845,32,False,0.0,0.0,0,0.0,False,15,5215
21500,A2,0.2115447351033639,32,False,0.0,0.0,0,0.0,False,0,5200
21500,A2,0.0,31,False,0.0,0.0,0,0.0,False,1,5201
21500,A2,0.19593613582937794,32,False,0.0,0.0,0,0.0,False,2,5202
21500,A2,0.07754317057187682,32,False,0.0,0.0,0,0.0,False,3,5203
21500,A2,0.19538388229801984,32,False,0.0,0.0,0,0.0,False,4,5204
21500,A2,0.0,31,False,0.0,0.0,0,0.0,False,5,5205
21500,A2,0.13257392302034102,32,False,0.0,0.0,0,0.0,False,6,5206
21500,A2,0.0,31,False,0.0,0.0,0,0.0,False,7,5207
21500,A2,0.23399406472619208,32,False,0.0,0.0,0,0.0,False,8,5208
21500,A2,0.0,31,False,0.0,0.0,0,0.0,False,9,5209
21500,A2,0.0,31,False,0.0,0.0,0,0.0,False,10,5210
21500,A2,0.0,31,False,0.0,0.0,0,0.0,False,11,5211
21500,A2,0.0,31,False,0.0,0.0,0,0.0,False,12,5212
21500,A2,0.2527722784762379,32,False,0.0,0.0,0,0.0,False,13,5213
21500,A2,0.0,31,False,0.0,0.0,0,0.0,False,14,5214
21500,A2,0.20497896008678693,32,False,0.0,0.0,0,0.0,False,15,5215
22000,A2,0.21462412328701058,32,False,0.0,0.0,0,0.0,False,0,5200
22000,A2,0.18163287205504158,32,False,0.0,0.0,0,0.0,False,1,5201
22000,A2,0.0,31,False,0.0,0.0,0,0.0,False,2,5202
22000,A2,0.0,31,False,0.0,0.0,0,0.0,False,3,5203
22000,A2,0.0,31,False,0.0,0.0,0,0.0,False,4,5204
22000,A2,0.0,31,False,0.0,0.0,0,0.0,False,5,5205
22000,A2,0.0,31,False,0.0,0.0,0,0.0,False,6,5206
22000,A2,0.0,30,False,0.0,0.0,0,0.0,False,7,5207
22000,A2,0.25816776154559884,32,False,0.0,0.0,0,0.0,False,8,5208
22000,A2,0.24742932456364505,32,False,0.0,0.0,0,0.0,False,9,5209
22000,A2,0.16029104907121186,32,False,0.0,0.0,0,0.0,False,10,5210
22000,A2,0.1941818959956603,32,False,0.0,0.0,0,0.0,False,11,5211
22000,A2,0.0,31,False,0.0,0.0,0,0.0,False,12,5212
22000,A2,0.22220447066006718,32,False,0.0,0.0,0,0.0,False,13,5213
22000,A2,0.1667952258729072,32,False,0.0,0.0,0,0.0,False,14,5214
22000,A2,0.13711377126173865,32,False,0.0,0.0,0,0.0,False,15,5215
22500,A2,0.0,31,False,0.0,0.0,0,0.0,False,0,5200
22500,A2,0.22112018088797486,32,False,0.0,0.0,0,0.0,False,1,5201
22500,A2,0.0,31,False,0.0,0.0,0,0.0,False,2,5202
22500,A2,0.0,31,False,0.0,0.0,0,0.0,False,3,5203
22500,A2,0.0,30,False,0.0,0.0,0,0.0,False,4,5204
22500,A2,0.0,31,False,0.0,0.0,0,0.0,False,5,5205
22500,A2,0.0,30,False,0.0,0.0,0,0.0,False,6,5206
22500,A2,0.0,31,False,0.0,0.0,0,0.0,False,7,5207
22500,A2,0.19770188823059615,32,False,0.0,0.0,0,0.0,False,8,5208
22500,A2,0.2283833435280312,32,False,0.0,0.0,0,0.0,False,9,5209
22500,A2,0.0,31,False,0.0,0.0,0,0.0,False,10,5210
22500,A2,0.0,30,False,0.0,0.0,0,0.0,False,11,5211
22500,A2,0.0,31,False,0.0,0.0,0,0.0,False,12,5212
22500,A2,0.2770318366366336,32,False,0.0,0.0,0,0.0,False,13,5213
22500,A2,0.0,30,False,0.0,0.0,0,0.0,False,14,5214
22500,A2,0.0,31,False,0.0,0.0,0,0.0,False,15,5215
23000,A2,0.21485835409350845,32,False,0.0,0.0,0,0.0,False,0,5200
23000,A2,0.265871103678191,32,False,0.0,0.0,0,0.0,False,1,5201
23000,A2,0.0,30,False,0.0,0.0,0,0.0,False,2,5202
23000,A2,0.0807479124864592,32,False,0.0,0.0,0,0.0,False,3,5203
23000,A2,0.0,31,False,0.0,0.0,0,0.0,False,4,5204
23000,A2,0.0,31,False,0.0,0.0,0,0.0,False,5,5205
23000,A2,0.14593201903539646,32,False,0.0,0.0,0,0.0,False,6,5206
23000,A2,0.0,31,False,0.0,0.0,0,0.0,False,7,5207
23000,A2,0.0,31,False,0.0,0.0,0,0.0,False,8,5208
23000,A2,0.0,31,False,0.0,0.0,0,0.0,False,9,5209
23000,A2,0.0,31,False,0.0,0.0,0,0.0,False,10,5210
23000,A2,0.0,30,False,0.0,0.0,0,0.0,False,11,5211
23000,A2,0.0,31,False,0.0,0.0,0,0.0,False,12,5212
23000,A2,0.2790482882342846,32,False,0.0,0.0,0,0.0,False,13,5213
23000,A2,0.2016959383343568,32,False,0.0,0.0,0,0.0,False,14,5214
23000,A2,0.13848892919180586,32,False,0.0,0.0,0,0.0,False,15,5215
23500,A2,0.0,30,False,0.0,0.0,0,0.0,False,0,5200
23500,A2,0.0,31,False,0.0,0.0,0,0.0,False,1,5201
23500,A2,0.14388319004535957,32,False,0.0,0.0,0,0.0,False,2,5202
23500,A2,0.15137106731210773,32,False,0.0,0.0,0,0.0,False,3,5203
23500,A2,0.0,31,False,0.0,0.0,0,0.0,False,4,5204
23500,A2,0.0,31,False,0.0,0.0,0,0.0,False,5,5205
23500,A2,0.0,31,False,0.0,0.0,0,0.0,False,6,5206
23500,A2,0.0,31,False,0.0,0.0,0,0.0,False,7,5207
23500,A2,0.0,31,False,0.0,0.0,0,0.0,False,8,5208
23500,A2,0.2695467206910682,32,False,0.0,0.0,0,0.0,False,9,5209
23500,A2,0.16031623180421556,32,False,0.0,0.0,0,0.0,False,10,5210
23500,A2,0.14964585924587784,32,False,0.0,0.0,0,0.0,False,11,5211
23500,A2,0.0,31,False,0.0,0.0,0,0.0,False,12,5212
23500,A2,0.24638925704071618,32,False,0.0,0.0,0,0.0,False,13,5213
23500,A2,0.0,30,False,0.0,0.0,0,0.0,False,14,5214
23500,A2,0.1862173511141077,32,False,0.0,0.0,0,0.0,False,15,5215
24000,A2,0.0,31,False,0.0,0.0,0,0.0,False,0,5200
24000,A2,0.20858441499331562,32,False,0.0,0.0,0,0.0,False,1,5201
24000,A2,0.17868061004537467,32,False,0.0,0.0,0,0.0,False,2,5202
24000,A2,0.14012115816789386,32,False,0.0,0.0,0,0.0,False,3,5203
24000,A2,0.0,31,False,0.0,0.0,0,0.0,False,4,5204
24000,A2,0.20361009731981877,32,False,0.0,0.0,0,0.0,False,5,5205
24000,A2,0.0,31,False,0.0,0.0,0,0.0,False,6,5206
24000,A2,0.0,31,False,0.0,0.0,0,0.0,False,7,5207
24000,A2,0.25467643877722407,32,False,0.0,0.0,0,0.0,False,8,5208
24000,A2,0.0,31,False,0.0,0.0,0,0.0,False,9,5209
24000,A2,0.0,31,False,0.0,0.0,0,0.0,False,10,5210
24000,A2,0.16911508110491777,32,False,0.0,0.0,0,0.0,False,11,5211
24000,A2,0.0,30,False,0.0,0.0,0,0.0,False,12,5212
24000,A2,0.27372453677463304,32,False,0.0,0.0,0,0.0,False,13,5213
24000,A2,0.1490099966650891,32,False,0.0,0.0,0,0.0,False,14,5214
24000,A2,0.15050693278308494,32,False,0.0,0.0,0,0.0,False,15,5215
24500,A2,0.0,31,False,0.0,0.0,0,0.0,False,0,5200
24500,A2,0.2439898207309252,32,False,0.0,0.0,0,0.0,False,1,5201
24500,A2,0.0,31,False,0.0,0.0,0,0.0,False,2,5202
24500,A2,0.14606708822577347,32,False,0.0,0.0,0,0.0,False,3,5203
24500,A2,0.22405510953811186,32,False,0.0,0.0,0,0.0,False,4,5204
24500,A2,0.0,30,False,0.0,0.0,0,0.0,False,5,5205
24500,A2,0.07177184417858613,32,False,0.0,0.0,0,0.0,False,6,5206
24500,A2,0.0,30,False,0.0,0.0,0,0.0,False,7,5207
24500,A2,0.26663747891293466,32,False,0.0,0.0,0,0.0,False,8,5208
24500,A2,0.23896893923050538,32,False,0.0,0.0,0,0.0,False,9,5209
24500,A2,0.13025906848226496,32,False,0.0,0.0,0,0.0,False,10,5210
24500,A2,0.14848608901117696,32,False,0.0,0.0,0,0.0,False,11,5211
24500,A2,0.14007505400882606,32,False,0.0,0.0,0,0.0,False,12,5212
24500,A2,0.1794203727086862,32,False,0.0,0.0,0,0.0,False,13,5213
24500,A2,0.1968972733661856,32,False,0.0,0.0,0,0.0,False,14,5214
24500,A2,0.15702061398273462,32,False,0.0,0.0,0,0.0,False,15,5215
25000,A2,0.0,31,False,0.0,0.0,0,0.0,False,0,5200
25000,A2,0.0,31,False,0.0,0.0,0,0.0,False,1,5201
25000,A2,0.19359398122076213,32,False,0.0,0.0,0,0.0,False,2,5202
25000,A2,0.1208291617982049,32,False,0.0,0.0,0,0.0,False,3,5203
25000,A2,0.18839279538688272,32,False,0.0,0.0,0,0.0,False,4,5204
25000,A2,0.2313451767267615,32,False,0.0,0.0,0,0.0,False,5,5205
25000,A2,0.125632926501494,32,False,0.0,0.0,0,0.0,False,6,5206
25000,A2,0.0,31,False,0.0,0.0,0,0.0,False,7,5207
25000,A2,0.0,31,False,0.0,0.0,0,0.0,False,8,5208
25000,A2,0.23611156491216706,32,False,0.0,0.0,0,0.0,False,9,5209
25000,A2,0.0,31,False,0.0,0.0,0,0.0,False,10,5210
25000,A2,0.0,31,False,0.0,0.0,0,0.0,False,11,5211
25000,A2,0.1821421915119012,32,False,0.0,0.0,0,0.0,False,12,5212
25000,A2,0.267165005925834,32,False,0.0,0.0,0,0.0,False,13,5213
25000,A2,0.16427018530725107,32,False,0.0,0.0,0,0.0,False,14,5214
25000,A2,0.0,31,False,0.0,0.0,0,0.0,False,15,5215
25500,A2,0.0,30,False,0.0,0.0,0,0.0,False,0,5200
25500,A2,0.28234786641656606,32,False,0.0,0.0,0,0.0,False,1,5201
25500,A2,0.2413225191221056,32,False,0.0,0.0,0,0.0,False,2,5202
25500,A2,0.11328673342883268,32,False,0.0,0.0,0,0.0,False,3,5203
25500,A2,0.0,30,False,0.0,0.0,0,0.0,False,4,5204
25500,A2,0.23766761728847455,32,False,0.0,0.0,0,0.0,False,5,5205
25500,A2,0.11210792223458518,32,False,0.0,0.0,0,0.0,False,6,5206
25500,A2,0.0,31,False,0.0,0.0,0,0.0,False,7,5207
25500,A2,0.23524006070709355,32,False,0.0,0.0,0,0.0,False,8,5208
25500,A2,0.2538698405780304,32,False,0.0,0.0,0,0.0,False,9,5209
25500,A2,0.19102607301607638,32,False,0.0,0.0,0,0.0,False,10,5210
25500,A2,0.12174165813836833,32,False,0.0,0.0,0,0.0,False,11,5211
25500,A2,0.0,31,False,0.0,0.0,0,0.0,False,12,5212
25500,A2,0.1813911398688272,32,False,0.0,0.0,0,0.0,False,13,5213
25500,A2,0.15409625754828413,32,False,0.0,0.0,0,0.0,False,14,5214
25500,A2,0.18553758329293463,32,False,0.0,0.0,0,0.0,False,15,5215
26000,A2,0.0,30,False,0.0,0.0,0,0.0,False,0,5200
26000,A2,0.0,31,False,0.0,0.0,0,0.0,False,1,5201
26000,A2,0.14225725583650223,32,False,0.0,0.0,0,0.0,False,2,5202
26000,A2,0.13817823574406257,32,False,0.0,0.0,0,0.0,False,3,5203
26000,A2,0.17249076555951917,32,False,0.0,0.0,0,0.0,False,4,5204
26000,A2,0.2038230724603203,32,False,0.0,0.0,0,0.0,False,5,5205
26000,A2,0.0,31,False,0.0,0.0,0,0.0,False,6,5206
26000,A2,0.0,31,False,0.0,0.0,0,0.0,False,7,5207
26000,A2,0.17269242892625072,32,False,0.0,0.0,0,0.0,False,8,5208
26000,A2,0.24522915058354003,32,False,0.0,0.0,0,0.0,False,9,5209
26000,A2,0.13542287942102565,32,False,0.0,0.0,0,0.0,False,10,5210
26000,A2,0.133045303565881,32,False,0.0,0.0,0,0.0,False,11,5211
26000,A2,0.0,31,False,0.0,0.0,0,0.0,False,12,5212
26000,A2,0.26764939010769556,32,False,0.0,0.0,0,0.0,False,13,5213
26000,A2,0.16668789504082962,32,False,0.0,0.0,0,0.0,False,14,5214
26000,A2,0.15949130394737526,32,False,0.0,0.0,0,0.0,False,15,5215
26500,A2,0.23939944442366548,32,False,0.0,0.0,0,0.0,False,0,5200
26500,A2,0.0,31,False,0.0,0.0,0,0.0,False,1,5201
26500,A2,0.2176473330962636,32,False,0.0,0.0,0,0.0,False,2,5202
26500,A2,0.0,31,False,0.0,0.0,0,0.0,False,3,5203
26500,A2,0.0,31,False,0.0,0.0,0,0.0,False,4,5204
26500,A2,0.2283680191421589,32,False,0.0,0.0,0,0.0,False,5,5205
26500,A2,0.1216884160243949,32,False,0.0,0.0,0,0.0,False,6,5206
26500,A2,0.0,31,False,0.0,0.0,0,0.0,False,7,5207
26500,A2,0.24714634342352776,32,False,0.0,0.0,0,0.0,False,8,5208
26500,A2,0.0,31,False,0.0,0.0,0,0.0,False,9,5209
26500,A2,0.0,31,False,0.0,0.0,0,0.0,False,10,5210
26500,A2,0.13001066201333047,32,False,0.0,0.0,0,0.0,False,11,5211
26500,A2,0.0,31,False,0.0,0.0,0,0.0,False,12,5212
26500,A2,0.24251371044507153,32,False,0.0,0.0,0,0.0,False,13,5213
26500,A2,0.09381853450723222,32,False,0.0,0.0,0,0.0,False,14,5214
26500,A2,0.17788777899554825,32,False,0.0,0.0,0,0.0,False,15,5215
27000,A2,0.1370914449673538,32,False,0.0,0.0,0,0.0,False,0,5200
27000,A2,0.2524889016723682,32,False,0.0,0.0,0,0.0,False,1,5201
27000,A2,0.27979476672974446,32,False,0.0,0.0,0,0.0,False,2,5202
27000,A2,0.0,31,False,0.0,0.0,0,0.0,False,3,5203
27000,A2,0.0,30,False,0.0,0.0,0,0.0,False,4,5204
27000,A2,0.15444883700649073,32,False,0.0,0.0,0,0.0,False,5,5205
27000,A2,0.14732287547562076,32,False,0.0,0.0,0,0.0,False,6,5206
27000,A2,0.22092879836266485,32,False,0.0,0.0,0,0.0,False,7,5207
27000,A2,0.24117388936091502,32,False,0.0,0.0,0,0.0,False,8,5208
27000,A2,0.26237351812557413,32,False,0.0,0.0,0,0.0,False,9,5209
27000,A2,0.19160527610578945,32,False,0.0,0.0,0,0.0,False,10,5210
27000,A2,0.12446188958019609,32,False,0.0,0.0,0,0.0,False,11,5211
27000,A2,0.13898709935851758,32,False,0.0,0.0,0,0.0,False,12,5212
27000,A2,0.18369782679786242,32,False,0.0,0.0,0,0.0,False,13,5213
27000,A2,0.0,30,False,0.0,0.0,0,0.0,False,14,5214
27000,A2,0.17455053547558222,32,False,0.0,0.0,0,0.0,False,15,5215
27500,A2,0.0,31,False,0.0,0.0,0,0.0,False,0,5200
27500,A2,0.21409478456668435,32,False,0.0,0.0,0,0.0,False,1,5201
27500,A2,0.23085647623724262,32,False,0.0,0.0,0,0.0,False,2,5202
27500,A2,0.11888227619292542,32,False,0.0,0.0,0,0.0,False,3,5203
27500,A2,0.19643821768923594,32,False,0.0,0.0,0,0.0,False,4,5204
27500,A2,0.0,31,False,0.0,0.0,0,0.0,False,5,5205
27500,A2,0.1047223553270591,32,False,0.0,0.0,0,0.0,False,6,5206
27500,A2,0.18790220362088295,32,False,0.0,0.0,0,0.0,False,7,5207
27500,A2,0.24058108322892488,32,False,0.0,0.0,0,0.0,False,8,5208
27500,A2,0.1808747156892528,32,False,0.0,0.0,0,0.0,False,9,5209
27500,A2,0.2077905169823837,32,False,0.0,0.0,0,0.0,False,10,5210
27500,A2,0.0,31,False,0.0,0.0,0,0.0,False,11,5211
27500,A2,0.14935322159158454,32,False,0.0,0.0,0,0.0,False,12,5212
27500,A2,0.1952491903574843,32,False,0.0,0.0,0,0.0,False,13,5213
27500,A2,0.0,31,False,0.0,0.0,0,0.0,False,14,5214
27500,A2,0.0,31,False,0.0,0.0,0,0.0,False,15,5215
28000,A2,0.16894704387450152,32,False,0.0,0.0,0,0.0,False,0,5200
28000,A2,0.17943610128146315,32,False,0.0,0.0,0,0.0,False,1,5201
28000,A2,0.16953207167331244,32,False,0.0,0.0,0,0.0,False,2,5202
28000,A2,0.11668170375249605,32,False,0.0,0.0,0,0.0,False,3,5203
28000,A2,0.0,31,False,0.0,0.0,0,0.0,False,4,5204
28000,A2,0.0,31,False,0.0,0.0,0,0.0,False,5,5205
28000,A2,0.15042386644451186,32,False,0.0,0.0,0,0.0,False,6,5206
28000,A2,0.23256446242818749,32,False,0.0,0.0,0,0.0,False,7,5207
28000,A2,0.0,31,False,0.0,0.0,0,0.0,False,8,5208
28000,A2,0.0,31,False,0.0,0.0,0,0.0,False,9,5209
28000,A2,0.161731659406597,32,False,0.0,0.0,0,0.0,False,10,5210
28000,A2,0.1557157698612984,32,False,0.0,0.0,0,0.0,False,11,5211
28000,A2,0.0,31,False,0.0,0.0,0,0.0,False,12,5212
28000,A2,0.2429853628845099,32,False,0.0,0.0,0,0.0,False,13,5213
28000,A2,0.13008680491147995,32,False,0.0,0.0,0,0.0,False,14,5214
28000,A2,0.2110927948607083,32,False,0.0,0.0,0,0.0,False,15,5215
28500,A2,0.0,31,False,0.0,0.0,0,0.0,False,0,5200
28500,A2,0.17324461491635143,32,False,0.0,0.0,0,0.0,False,1,5201
28500,A2,0.0,31,False,0.0,0.0,0,0.0,False,2,5202
28500,A2,0.0,31,False,0.0,0.0,0,0.0,False,3,5203
28500,A2,0.0,31,False,0.0,0.0,0,0.0,False,4,5204
28500,A2,0.21599811282984524,32,False,0.0,0.0,0,0.0,False,5,5205
28500,A2,0.09046086010851694,32,False,0.0,0.0,0,0.0,False,6,5206
28500,A2,0.17073090368524096,32,False,0.0,0.0,0,0.0,False,7,5207
28500,A2,0.0,30,False,0.0,0.0,0,0.0,False,8,5208
28500,A2,0.0,30,False,0.0,0.0,0,0.0,False,9,5209
28500,A2,0.2132117331716988,32,False,0.0,0.0,0,0.0,False,10,5210
28500,A2,0.10027192396232386,32,False,0.0,0.0,0,0.0,False,11,5211
28500,A2,0.0,31,False,0.0,0.0,0,0.0,False,12,5212
28500,A2,0.2141057896697463,32,False,0.0,0.0,0,0.0,False,13,5213
28500,A2,0.0,31,False,0.0,0.0,0,0.0,False,14,5214
28500,A2,0.22379536660410768,32,False,0.0,0.0,0,0.0,False,15,5215
29000,A2,0.0,31,False,0.0,0.0,0,0.0,False,0,5200
29000,A2,0.18796198746204912,32,False,0.0,0.0,0,0.0,False,1,5201
29000,A2,0.20196599924277997,32,False,0.0,0.0,0,0.0,False,2,5202
29000,A2,0.0,31,False,0.0,0.0,0,0.0,False,3,5203
29000,A2,0.0,31,False,0.0,0.0,0,0.0,False,4,5204
29000,A2,0.21935735890654012,32,False,0.0,0.0,0,0.0,False,5,5205
29000,A2,0.10602884673543769,32,False,0.0,0.0,0,0.0,False,6,5206
29000,A2,0.1973461418201634,32,False,0.0,0.0,0,0.0,False,7,5207
29000,A2,0.0,31,False,0.0,0.0,0,0.0,False,8,5208
29000,A2,0.0,31,False,0.0,0.0,0,0.0,False,9,5209
29000,A2,0.0,31,False,0.0,0.0,0,0.0,False,10,5210
29000,A2,0.16478309634965063,32,False,0.0,0.0,0,0.0,False,11,5211
29000,A2,0.14594543757271464,32,False,0.0,0.0,0,0.0,False,12,5212
29000,A2,0.0,31,False,0.0,0.0,0,0.0,False,13,5213
29000,A2,0.11113309987132974,32,False,0.0,0.0,0,0.0,False,14,5214
29000,A2,0.20831751807009227,32,False,0.0,0.0,0,0.0,False,15,5215
29500,A2,0.0,31,False,0.0,0.0,0,0.0,False,0,5200
29500,A2,0.16477284269239176,32,False,0.0,0.0,0,0.0,False,1,5201
29500,A2,0.2150388550852886,32,False,0.0,0.0,0,0.0,False,2,5202
29500,A2,0.10908226932867514,32,False,0.0,0.0,0,0.0,False,3,5203
29500,A2,0.0,31,False,0.0,0.0,0,0.0,False,4,5204
29500,A2,0.26851474656257635,32,False,0.0,0.0,0,0.0,False,5,5205
29500,A2,0.13537546077310014,32,False,0.0,0.0,0,0.0,False,6,5206
29500,A2,0.214449976194017,32,False,0.0,0.0,0,0.0,False,7,5207
29500,A2,0.2540782555196799,32,False,0.0,0.0,0,0.0,False,8,5208
29500,A2,0.22536989439871952,32,False,0.0,0.0,0,0.0,False,9,5209
29500,A2,0.15692044871267088,32,False,0.0,0.0,0,0.0,False,10,5210
29500,A2,0.15974376056507758,32,False,0.0,0.0,0,0.0,False,11,5211
29500,A2,0.13325344265408143,32,False,0.0,0.0,0,0.0,False,12,5212
29500,A2,0.2024672677870983,32,False,0.0,0.0,0,0.0,False,13,5213
29500,A2,0.0,29,False,0.0,0.0,0,0.0,False,14,5214
29500,A2,0.19253311383700233,32,False,0.0,0.0,0,0.0,False,15,5215
30000,A2,0.0,31,False,0.0,0.0,0,0.0,False,0,5200
30000,A2,0.2505530976492803,32,False,0.0,0.0,0,0.0,False,1,5201
30000,A2,0.21359612150793497,32,False,0.0,0.0,0,0.0,False,2,5202
30000,A2,0.1067000059307947,32,False,0.0,0.0,0,0.0,False,3,5203
30000,A2,0.0,31,False,0.0,0.0,0,0.0,False,4,5204
30000,A2,0.0,31,False,0.0,0.0,0,0.0,False,5,5205
30000,A2,0.12005423824896792,32,False,0.0,0.0,0,0.0,False,6,5206
30000,A2,0.0,31,False,0.0,0.0,0,0.0,False,7,5207
30000,A2,0.0,31,False,0.0,0.0,0,0.0,False,8,5208
30000,A2,0.14643265877538067,32,False,0.0,0.0,0,0.0,False,9,5209
30000,A2,0.11573596053929122,32,False,0.0,0.0,0,0.0,False,10,5210
30000,A2,0.0989907916425878,32,False,0.0,0.0,0,0.0,False,11,5211
30000,A2,0.12493250705158017,32,False,0.0,0.0,0,0.0,False,12,5212
30000,A2,0.17121548100301662,32,False,0.0,0.0,0,0.0,False,13,5213
30000,A2,0.0,31,False,0.0,0.0,0,0.0,False,14,5214
30000,A2,0.18070247405934833,32,False,0.0,0.0,0,0.0,False,15,5215
30500,A2,0.18778866450146617,32,False,0.0,0.0,0,0.0,False,0,5200
30500,A2,0.2000608065504052,32,False,0.0,0.0,0,0.0,False,1,5201
30500,A2,0.0,31,False,0.0,0.0,0,0.0,False,2,5202
30500,A2,0.15572770776183592,32,False,0.0,0.0,0,0.0,False,3,5203
30500,A2,0.0,31,False,0.0,0.0,0,0.0,False,4,5204
30500,A2,0.1902191554209735,32,False,0.0,0.0,0,0.0,False,5,5205
30500,A2,0.10893026993866813,32,False,0.0,0.0,0,0.0,False,6,5206
30500,A2,0.25163765506556546,32,False,0.0,0.0,0,0.0,False,7,5207
30500,A2,0.0,31,False,0.0,0.0,0,0.0,False,8,5208
30500,A2,0.19368143170365748,32,False,0.0,0.0,0,0.0,False,9,5209
30500,A2,0.1120593124448655,32,False,0.0,0.0,0,0.0,False,10,5210
30500,A2,0.13852754755738922,32,False,0.0,0.0,0,0.0,False,11,5211
30500,A2,0.1335173863760824,32,False,0.0,0.0,0,0.0,False,12,5212
30500,A2,0.262317903288834,32,False,0.0,0.0,0,0.0,False,13,5213
30500,A2,0.0,31,False,0.0,0.0,0,0.0,False,14,5214
30500,A2,0.24989126577128676,32,False,0.0,0.0,0,0.0,False,15,5215
31000,A2,0.1822374335212121,32,False,0.0,0.0,0,0.0,False,0,5200
31000,A2,0.25679445651923005,32,False,0.0,0.0,0,0.0,False,1,5201
31000,A2,0.22821818602217728,32,False,0.0,0.0,0,0.0,False,2,5202
31000,A2,0.16033252964328362,32,False,0.0,0.0,0,0.0,False,3,5203
31000,A2,0.0,30,False,0.0,0.0,0,0.0,False,4,5204
31000,A2,0.0,30,False,0.0,0.0,0,0.0,False,5,5205
31000,A2,0.0,31,False,0.0,0.0,0,0.0,False,6,5206
31000,A2,0.2940914606249834,32,False,0.0,0.0,0,0.0,False,7,5207
31000,A2,0.0,31,False,0.0,0.0,0,0.0,False,8,5208
31000,A2,0.0,31,False,0.0,0.0,0,0.0,False,9,5209
31000,A2,0.0,31,False,0.0,0.0,0,0.0,False,10,5210
31000,A2,0.09003774659758697,32,False,0.0,0.0,0,0.0,False,11,5211
31000,A2,0.1361685789612369,32,False,0.0,0.0,0,0.0,False,12,5212
31000,A2,0.23518764637549758,32,False,0.0,0.0,0,0.0,False,13,5213
31000,A2,0.17155915561768678,32,False,0.0,0.0,0,0.0,False,14,5214
31000,A2,0.22074346888511284,32,False,0.0,0.0,0,0.0,False,15,5215
31500,A2,0.16791351951293837,32,False,0.0,0.0,0,0.0,False,0,5200
31500,A2,0.1969943315001369,32,False,0.0,0.0,0,0.0,False,1,5201
31500,A2,0.22967683233790798,32,False,0.0,0.0,0,0.0,False,2,5202
31500,A2,0.0,31,False,0.0,0.0,0,0.0,False,3,5203
31500,A2,0.2064267958843626,32,False,0.0,0.0,0,0.0,False,4,5204
31500,A2,0.2132770759307442,32,False,0.0,0.0,0,0.0,False,5,5205
31500,A2,0.12529818651689342,32,False,0.0,0.0,0,0.0,False,6,5206
31500,A2,0.24319137551895748,32,False,0.0,0.0,0,0.0,False,7,5207
31500,A2,0.1461292281431665,32,False,0.0,0.0,0,0.0,False,8,5208
31500,A2,0.18064088276315413,32,False,0.0,0.0,0,0.0,False,9,5209
31500,A2,0.14821819180812776,32,False,0.0,0.0,0,0.0,False,10,5210
31500,A2,0.0,31,False,0.0,0.0,0,0.0,False,11,5211
31500,A2,0.18291299261451546,32,False,0.0,0.0,0,0.0,False,12,5212
31500,A2,0.1390743522227576,32,False,0.0,0.0,0,0.0,False,13,5213
31500,A2,0.0,29,False,0.0,0.0,0,0.0,False,14,5214
31500,A2,0.19233657263681667,32,False,0.0,0.0,0,0.0,False,15,5215
32000,A2,0.0,31,False,0.0,0.0,0,0.0,False,0,5200
32000,A2,0.0,31,False,0.0,0.0,0,0.0,False,1,5201
32000,A2,0.0,31,False,0.0,0.0,0,0.0,False,2,5202
32000,A2,0.0,31,False,0.0,0.0,0,0.0,False,3,5203
32000,A2,0.20444886935583984,32,False,0.0,0.0,0,0.0,False,4,5204
32000,A2,0.0,31,False,0.0,0.0,0,0.0,False,5,5205
32000,A2,0.08980228864820476,32,False,0.0,0.0,0,0.0,False,6,5206
32000,A2,0.17159567603748666,32,False,0.0,0.0,0,0.0,False,7,5207
32000,A2,0.0,31,False,0.0,0.0,0,0.0,False,8,5208
32000,A2,0.24721825067401684,32,False,0.0,0.0,0,0.0,False,9,5209
32000,A2,0.15150472985182223,32,False,0.0,0.0,0,0.0,False,10,5210
32000,A2,0.12752286109887634,32,False,0.0,0.0,0,0.0,False,11,5211
32000,A2,0.07113458512357611,32,False,0.0,0.0,0,0.0,False,12,5212
32000,A2,0.17977101549882368,32,False,0.0,0.0,0,0.0,False,13,5213
32000,A2,0.0,31,False,0.0,0.0,0,0.0,False,14,5214
32000,A2,0.22541826252177158,32,False,0.0,0.0,0,0.0,False,15,5215
32500,A2,0.0,31,False,0.0,0.0,0,0.0,False,0,5200
32500,A2,0.23388254128923802,32,False,0.0,0.0,0,0.0,False,1,5201
32500,A2,0.0,31,False,0.0,0.0,0,0.0,False,2,5202
32500,A2,0.0,31,False,0.0,0.0,0,0.0,False,3,5203
32500,A2,0.0,30,False,0.0,0.0,0,0.0,False,4,5204
32500,A2,0.0,30,False,0.0,0.0,0,0.0,False,5,5205
32500,A2,0.07532985643647576,32,False,0.0,0.0,0,0.0,False,6,5206
32500,A2,0.0,31,False,0.0,0.0,0,0.0,False,7,5207
32500,A2,0.0,31,False,0.0,0.0,0,0.0,False,8,5208
32500,A2,0.20480645710105547,32,False,0.0,0.0,0,0.0,False,9,5209
32500,A2,0.0735748795459393,32,False,0.0,0.0,0,0.0,False,10,5210
32500,A2,0.08595201417824506,32,False,0.0,0.0,0,0.0,False,11,5211
32500,A2,0.1239705652038753,32,False,0.0,0.0,0,0.0,False,12,5212
32500,A2,0.194490244057377,32,False,0.0,0.0,0,0.0,False,13,5213
32500,A2,0.11999119765840045,32,False,0.0,0.0,0,0.0,False,14,5214
32500,A2,0.17870353012413753,32,False,0.0,0.0,0,0.0,False,15,5215
33000,A2,0.17264150493969402,32,False,0.0,0.0,0,0.0,False,0,5200
33000,A2,0.12545472166834348,32,False,0.0,0.0,0,0.0,False,1,5201
33000,A2,0.0,31,False,0.0,0.0,0,0.0,False,2,5202
33000,A2,0.0,31,False,0.0,0.0,0,0.0,False,3,5203
33000,A2,0.3085350687019669,32,False,0.0,0.0,0,0.0,False,4,5204
33000,A2,0.2734260718604481,32,False,0.0,0.0,0,0.0,False,5,5205
33000,A2,0.07499508768745645,32,False,0.0,0.0,0,0.0,False,6,5206
33000,A2,0.0,31,False,0.0,0.0,0,0.0,False,7,5207
33000,A2,0.0,31,False,0.0,0.0,0,0.0,False,8,5208
33000,A2,0.23039206996974068,32,False,0.0,0.0,0,0.0,False,9,5209
33000,A2,0.0,31,False,0.0,0.0,0,0.0,False,10,5210
33000,A2,0.0,31,False,0.0,0.0,0,0.0,False,11,5211
33000,A2,0.0,31,False,0.0,0.0,0,0.0,False,12,5212
33000,A2,0.0,31,False,0.0,0.0,0,0.0,False,13,5213
33000,A2,0.0,31,False,0.0,0.0,0,0.0,False,14,5214
33000,A2,0.28808169033592124,32,False,0.0,0.0,0,0.0,False,15,5215
33500,A2,0.18463695214014977,32,False,0.0,0.0,0,0.0,False,0,5200
33500,A2,0.24812869218115016,32,False,0.0,0.0,0,0.0,False,1,5201
33500,A2,0.2228091711451517,32,False,0.0,0.0,0,0.0,False,2,5202
33500,A2,0.0,31,False,0.0,0.0,0,0.0,False,3,5203
33500,A2,0.0,29,False,0.0,0.0,0,0.0,False,4,5204
33500,A2,0.30319894771764244,32,False,0.0,0.0,0,0.0,False,5,5205
33500,A2,0.07462546053885429,32,False,0.0,0.0,0,0.0,False,6,5206
33500,A2,0.0,31,False,0.0,0.0,0,0.0,False,7,5207
33500,A2,0.0,31,False,0.0,0.0,0,0.0,False,8,5208
33500,A2,0.20038678497115223,32,False,0.0,0.0,0,0.0,False,9,5209
33500,A2,0.17680363657161463,32,False,0.0,0.0,0,0.0,False,10,5210
33500,A2,0.07475904040396718,32,False,0.0,0.0,0,0.0,False,11,5211
33500,A2,0.0,31,False,0.0,0.0,0,0.0,False,12,5212
33500,A2,0.21413124083077303,32,False,0.0,0.0,0,0.0,False,13,5213
33500,A2,0.1768015677619575,32,False,0.0,0.0,0,0.0,False,14,5214
33500,A2,0.1570863943795908,32,False,0.0,0.0,0,0.0,False,15,5215
34000,A2,0.0,31,False,0.0,0.0,0,0.0,False,0,5200
34000,A2,0.22875030653253473,32,False,0.0,0.0,0,0.0,False,1,5201
34000,A2,0.19402852116138916,32,False,0.0,0.0,0,0.0,False,2,5202
34000,A2,0.0,31,False,0.0,0.0,0,0.0,False,3,5203
34000,A2,0.0,31,False,0.0,0.0,0,0.0,False,4,5204
34000,A2,0.0,30,False,0.0,0.0,0,0.0,False,5,5205
34000,A2,0.10908946278990402,32,False,0.0,0.0,0,0.0,False,6,5206
34000,A2,0.22816557738430518,32,False,0.0,0.0,0,0.0,False,7,5207
34000,A2,0.16266835866981566,32,False,0.0,0.0,0,0.0,False,8,5208
34000,A2,0.1523830532426776,32,False,0.0,0.0,0,0.0,False,9,5209
34000,A2,0.18694182535279832,32,False,0.0,0.0,0,0.0,False,10,5210
34000,A2,0.16912189920762055,32,False,0.0,0.0,0,0.0,False,11,5211
34000,A2,0.10494384544553119,32,False,0.0,0.0,0,0.0,False,12,5212
34000,A2,0.0,31,False,0.0,0.0,0,0.0,False,13,5213
34000,A2,0.09703576087633162,32,False,0.0,0.0,0,0.0,False,14,5214
34000,A2,0.26012600218915316,32,False,0.0,0.0,0,0.0,False,15,5215
34500,A2,0.17870879652708752,32,False,0.0,0.0,0,0.0,False,0,5200
34500,A2,0.2188026923709058,32,False,0.0,0.0,0,0.0,False,1,5201
34500,A2,0.12012138466185092,32,False,0.0,0.0,0,0.0,False,2,5202
34500,A2,0.10370617545536559,32,False,0.0,0.0,0,0.0,False,3,5203
34500,A2,0.16133504861524012,32,False,0.0,0.0,0,0.0,False,4,5204
34500,A2,0.0,31,False,0.0,0.0,0,0.0,False,5,5205
34500,A2,0.10424489933185274,32,False,0.0,0.0,0,0.0,False,6,5206
34500,A2,0.1806584424362522,32,False,0.0,0.0,0,0.0,False,7,5207
34500,A2,0.2342689390001013,32,False,0.0,0.0,0,0.0,False,8,5208
34500,A2,0.1290776000576972,32,False,0.0,0.0,0,0.0,False,9,5209
34500,A2,0.0,31,False,0.0,0.0,0,0.0,False,10,5210
34500,A2,0.15183227802122945,32,False,0.0,0.0,0,0.0,False,11,5211
34500,A2,0.17172311350319416,32,False,0.0,0.0,0,0.0,False,12,5212
34500,A2,0.18992760884991686,32,False,0.0,0.0,0,0.0,False,13,5213
34500,A2,0.0,30,False,0.0,0.0,0,0.0,False,14,5214
34500,A2,0.12206312039270896,32,False,0.0,0.0,0,0.0,False,15,5215
35000,A2,0.09574289429578829,32,False,0.0,0.0,0,0.0,False,0,5200
35000,A2,0.2603572120739534,32,False,0.0,0.0,0,0.0,False,1,5201
35000,A2,0.2689780262213053,32,False,0.0,0.0,0,0.0,False,2,5202
35000,A2,0.0,30,False,0.0,0.0,0,0.0,False,3,5203
35000,A2,0.23240080302009783,32,False,0.0,0.0,0,0.0,False,4,5204
35000,A2,0.25698679675254943,32,False,0.0,0.0,0,0.0,False,5,5205
35000,A2,0.09556313501200013,32,False,0.0,0.0,0,0.0,False,6,5206
35000,A2,0.2524714933981157,32,False,0.0,0.0,0,0.0,False,7,5207
35000,A2,0.20680664195597181,32,False,0.0,0.0,0,0.0,False,8,5208
35000,A2,0.24769814265471876,32,False,0.0,0.0,0,0.0,False,9,5209
35000,A2,0.20864573704227588,32,False,0.0,0.0,0,0.0,False,10,5210
35000,A2,0.052832768394327226,32,False,0.0,0.0,0,0.0,False,11,5211
35000,A2,0.11066907133009851,32,False,0.0,0.0,0,0.0,False,12,5212
35000,A2,0.16858010599009232,32,False,0.0,0.0,0,0.0,False,13,5213
35000,A2,0.0,31,False,0.0,0.0,0,0.0,False,14,5214
35000,A2,0.1384830348937459,32,False,0.0,0.0,0,0.0,False,15,5215
35500,A2,0.19508879549058847,32,False,0.0,0.0,0,0.0,False,0,5200
35500,A2,0.21636208250789163,32,False,0.0,0.0,0,0.0,False,1,5201
35500,A2,0.0,31,False,0.0,0.0,0,0.0,False,2,5202
35500,A2,0.07142906930395708,32,False,0.0,0.0,0,0.0,False,3,5203
35500,A2,0.0,30,False,0.0,0.0,0,0.0,False,4,5204
35500,A2,0.0,31,False,0.0,0.0,0,0.0,False,5,5205
35500,A2,0.0,31,False,0.0,0.0,0,0.0,False,6,5206
35500,A2,0.20436494846229078,32,False,0.0,0.0,0,0.0,False,7,5207
35500,A2,0.0,31,False,0.0,0.0,0,0.0,False,8,5208
35500,A2,0.0,31,False,0.0,0.0,0,0.0,False,9,5209
35500,A2,0.14952929776986812,32,False,0.0,0.0,0,0.0,False,10,5210
35500,A2,0.0,31,False,0.0,0.0,0,0.0,False,11,5211
35500,A2,0.18946467848568177,32,False,0.0,0.0,0,0.0,False,12,5212
35500,A2,0.0,31,False,0.0,0.0,0,0.0,False,13,5213
35500,A2,0.12706329833901514,32,False,0.0,0.0,0,0.0,False,14,5214
35500,A2,0.20577888140153142,32,False,0.0,0.0,0,0.0,False,15,5215
36000,A2,0.0,31,False,0.0,0.0,0,0.0,False,0,5200
36000,A2,0.24387519726553586,32,False,0.0,0.0,0,0.0,False,1,5201
36000,A2,0.0,31,False,0.0,0.0,0,0.0,False,2,5202
36000,A2,0.0,31,False,0.0,0.0,0,0.0,False,3,5203
36000,A2,0.0,31,False,0.0,0.0,0,0.0,False,4,5204
36000,A2,0.19643063453643025,32,False,0.0,0.0,0,0.0,False,5,5205
36000,A2,0.14207764489753025,32,False,0.0,0.0,0,0.0,False,6,5206
36000,A2,0.20696867281956036,32,False,0.0,0.0,0,0.0,False,7,5207
36000,A2,0.0,31,False,0.0,0.0,0,0.0,False,8,5208
36000,A2,0.19732002840952592,32,False,0.0,0.0,0,0.0,False,9,5209
36000,A2,0.18845876409848528,32,False,0.0,0.0,0,0.0,False,10,5210
36000,A2,0.12189393518899974,32,False,0.0,0.0,0,0.0,False,11,5211
36000,A2,0.13027672067183327,32,False,0.0,0.0,0,0.0,False,12,5212
36000,A2,0.24196904713446393,32,False,0.0,0.0,0,0.0,False,13,5213
36000,A2,0.0,31,False,0.0,0.0,0,0.0,False,14,5214
36000,A2,0.18208963614763032,32,False,0.0,0.0,0,0.0,False,15,5215
36500,A2,0.0,31,False,0.0,0.0,0,0.0,False,0,5200
36500,A2,0.0,31,False,0.0,0.0,0,0.0,False,1,5201
36500,A2,0.21493463166691204,32,False,0.0,0.0,0,0.0,False,2,5202
36500,A2,0.1213853587485939,32,False,0.0,0.0,0,0.0,False,3,5203
36500,A2,0.0,31,False,0.0,0.0,0,0.0,False,4,5204
36500,A2,0.0,31,False,0.0,0.0,0,0.0,False,5,5205
36500,A2,0.1598377144968473,32,False,0.0,0.0,0,0.0,False,6,5206
36500,A2,0.25260101929951373,32,False,0.0,0.0,0,0.0,False,7,5207
36500,A2,0.0,31,False,0.0,0.0,0,0.0,False,8,5208
36500,A2,0.2622303775922977,32,False,0.0,0.0,0,0.0,False,9,5209
36500,A2,0.0,31,False,0.0,0.0,0,0.0,False,10,5210
36500,A2,0.11457320567467082,32,False,0.0,0.0,0,0.0,False,11,5211
36500,A2,0.11180459668723301,32,False,0.0,0.0,0,0.0,False,12,5212
36500,A2,0.2037306410443759,32,False,0.0,0.0,0,0.0,False,13,5213
36500,A2,0.197501239661391,32,False,0.0,0.0,0,0.0,False,14,5214
36500,A2,0.1742934237120924,32,False,0.0,0.0,0,0.0,False,15,5215
37000,A2,0.2290832328168289,32,False,0.0,0.0,0,0.0,False,0,5200
37000,A2,0.0,31,False,0.0,0.0,0,0.0,False,1,5201
37000,A2,0.0,31,False,0.0,0.0,0,0.0,False,2,5202
37000,A2,0.0,30,False,0.0,0.0,0,0.0,False,3,5203
37000,A2,0.1908513330487734,32,False,0.0,0.0,0,0.0,False,4,5204
37000,A2,0.21702823119089276,32,False,0.0,0.0,0,0.0,False,5,5205
37000,A2,0.0,31,False,0.0,0.0,0,0.0,False,6,5206
37000,A2,0.17937773893223383,32,False,0.0,0.0,0,0.0,False,7,5207
37000,A2,0.0,31,False,0.0,0.0,0,0.0,False,8,5208
37000,A2,0.262512055234985,32,False,0.0,0.0,0,0.0,False,9,5209
37000,A2,0.1253385000682772,32,False,0.0,0.0,0,0.0,False,10,5210
37000,A2,0.0,31,False,0.0,0.0,0,0.0,False,11,5211
37000,A2,0.0,31,False,0.0,0.0,0,0.0,False,12,5212
37000,A2,0.2126735589814466,32,False,0.0,0.0,0,0.0,False,13,5213
37000,A2,0.0,31,False,0.0,0.0,0,0.0,False,14,5214
37000,A2,0.13297405919026614,32,False,0.0,0.0,0,0.0,False,15,5215
37500,A2,0.16956878598611833,32,False,0.0,0.0,0,0.0,False,0,5200
37500,A2,0.0,31,False,0.0,0.0,0,0.0,False,1,5201
37500,A2,0.22270843303243212,32,False,0.0,0.0,0,0.0,False,2,5202
37500,A2,0.10469686072771278,32,False,0.0,0.0,0,0.0,False,3,5203
37500,A2,0.0,31,False,0.0,0.0,0,0.0,False,4,5204
37500,A2,0.0,31,False,0.0,0.0,0,0.0,False,5,5205
37500,A2,0.12529314339754824,32,False,0.0,0.0,0,0.0,False,6,5206
37500,A2,0.229843946502057,32,False,0.0,0.0,0,0.0,False,7,5207
37500,A2,0.19241322681339687,32,False,0.0,0.0,0,0.0,False,8,5208
37500,A2,0.21860378981087258,32,False,0.0,0.0,0,0.0,False,9,5209
37500,A2,0.21261485227188787,32,False,0.0,0.0,0,0.0,False,10,5210
37500,A2,0.0904579044383226,32,False,0.0,0.0,0,0.0,False,11,5211
37500,A2,0.16816538129814976,32,False,0.0,0.0,0,0.0,False,12,5212
37500,A2,0.1727664407611944,32,False,0.0,0.0,0,0.0,False,13,5213
37500,A2,0.16975446548439543,32,False,0.0,0.0,0,0.0,False,14,5214
37500,A2,0.21957215900093432,32,False,0.0,0.0,0,0.0,False,15,5215
38000,A2,0.0,30,False,0.0,0.0,0,0.0,False,0,5200
38000,A2,0.0,31,False,0.0,0.0,0,0.0,False,1,5201
38000,A2,0.17855766991720728,32,False,0.0,0.0,0,0.0,False,2,5202
38000,A2,0.07747265878805196,32,False,0.0,0.0,0,0.0,False,3,5203
38000,A2,0.2070946999549372,32,False,0.0,0.0,0,0.0,False,4,5204
38000,A2,0.0,31,False,0.0,0.0,0,0.0,False,5,5205
38000,A2,0.12968518632848555,32,False,0.0,0.0,0,0.0,False,6,5206
38000,A2,0.13344118063517013,32,False,0.0,0.0,0,0.0,False,7,5207
38000,A2,0.0,31,False,0.0,0.0,0,0.0,False,8,5208
38000,A2,0.24316475462413384,32,False,0.0,0.0,0,0.0,False,9,5209
38000,A2,0.1544278978971251,32,False,0.0,0.0,0,0.0,False,10,5210
38000,A2,0.10983530083155256,32,False,0.0,0.0,0,0.0,False,11,5211
38000,A2,0.1640690739171625,32,False,0.0,0.0,0,0.0,False,12,5212
38000,A2,0.19314947571769275,32,False,0.0,0.0,0,0.0,False,13,5213
38000,A2,0.15399445539795864,32,False,0.0,0.0,0,0.0,False,14,5214
38000,A2,0.20019389486176956,32,False,0.0,0.0,0,0.0,False,15,5215
38500,A2,0.10194368366307592,32,False,0.0,0.0,0,0.0,False,0,5200
38500,A2,0.1990059637888018,32,False,0.0,0.0,0,0.0,False,1,5201
38500,A2,0.0,31,False,0.0,0.0,0,0.0,False,2,5202
38500,A2,0.10323403264966063,32,False,0.0,0.0,0,0.0,False,3,5203
38500,A2,0.0,31,False,0.0,0.0,0,0.0,False,4,5204
38500,A2,0.0,31,False,0.0,0.0,0,0.0,False,5,5205
38500,A2,0.1049517304430387,32,False,0.0,0.0,0,0.0,False,6,5206
38500,A2,0.21202312308710128,32,False,0.0,0.0,0,0.0,False,7,5207
38500,A2,0.0,31,False,0.0,0.0,0,0.0,False,8,5208
38500,A2,0.1687824660936652,32,False,0.0,0.0,0,0.0,False,9,5209
38500,A2,0.20820747995305555,32,False,0.0,0.0,0,0.0,False,10,5210
38500,A2,0.0,31,False,0.0,0.0,0,0.0,False,11,5211
38500,A2,0.18543752588618787,32,False,0.0,0.0,0,0.0,False,12,5212
38500,A2,0.20188577401782826,32,False,0.0,0.0,0,0.0,False,13,5213
38500,A2,0.0,31,False,0.0,0.0,0,0.0,False,14,5214
38500,A2,0.13926165576907384,32,False,0.0,0.0,0,0.0,False,15,5215
39000,A2,0.0,31,False,0.0,0.0,0,0.0,False,0,5200
39000,A2,0.0,31,False,0.0,0.0,0,0.0,False,1,5201
39000,A2,0.2489852181743353,32,False,0.0,0.0,0,0.0,False,2,5202
39000,A2,0.0,31,False,0.0,0.0,0,0.0,False,3,5203
39000,A2,0.1980232643208012,32,False,0.0,0.0,0,0.0,False,4,5204
39000,A2,0.20071924163867624,32,False,0.0,0.0,0,0.0,False,5,5205
39000,A2,0.0,31,False,0.0,0.0,0,0.0,False,6,5206
39000,A2,0.0,31,False,0.0,0.0,0,0.0,False,7,5207
39000,A2,0.0,31,False,0.0,0.0,0,0.0,False,8,5208
39000,A2,0.19311308289172624,32,False,0.0,0.0,0,0.0,False,9,5209
39000,A2,0.21780068050355944,32,False,0.0,0.0,0,0.0,False,10,5210
39000,A2,0.1405792998940395,32,False,0.0,0.0,0,0.0,False,11,5211
39000,A2,0.16286774264085063,32,False,0.0,0.0,0,0.0,False,12,5212
39000,A2,0.24885584954310686,32,False,0.0,0.0,0,0.0,False,13,5213
39000,A2,0.17970838362729966,32,False,0.0,0.0,0,0.0,False,14,5214
39000,A2,0.16653325645874192,32,False,0.0,0.0,0,0.0,False,15,5215
39500,A2,0.08425903202768581,32,False,0.0,0.0,0,0.0,False,0,5200
39500,A2,0.24024243830056408,32,False,0.0,0.0,0,0.0,False,1,5201
39500,A2,0.23780266288818,32,False,0.0,0.0,0,0.0,False,2,5202
39500,A2,0.0,31,False,0.0,0.0,0,0.0,False,3,5203
39500,A2,0.23060233283417142,32,False,0.0,0.0,0,0.0,False,4,5204
39500,A2,0.0,31,False,0.0,0.0,0,0.0,False,5,5205
39500,A2,0.0,30,False,0.0,0.0,0,0.0,False,6,5206
39500,A2,0.21547667634170412,32,False,0.0,0.0,0,0.0,False,7,5207
39500,A2,0.0,31,False,0.0,0.0,0,0.0,False,8,5208
39500,A2,0.17243683423965092,32,False,0.0,0.0,0,0.0,False,9,5209
39500,A2,0.0,31,False,0.0,0.0,0,0.0,False,10,5210
39500,A2,0.09822276864426474,32,False,0.0,0.0,0,0.0,False,11,5211
39500,A2,0.1376436821615124,32,False,0.0,0.0,0,0.0,False,12,5212
39500,A2,0.12092384939449824,32,False,0.0,0.0,0,0.0,False,13,5213
39500,A2,0.0,31,False,0.0,0.0,0,0.0,False,14,5214
39500,A2,0.17038551170308752,32,False,0.0,0.0,0,0.0,False,15,5215
10000,A2,0.0,29,False,0.0,0.0,0,0.0,False,0,5216
10000,A2,0.10138318496555428,32,False,0.0,0.0,0,0.0,False,1,5217
10000,A2,0.0,28,False,0.0,0.0,0,0.0,False,2,5218
10000,A2,0.0,29,False,0.0,0.0,0,0.0,False,3,5219
10000,A2,0.0,31,False,0.0,0.0,0,0.0,False,4,5220
10000,A2,0.0,29,False,0.0,0.0,0,0.0,False,5,5221
10000,A2,0.0,29,False,0.0,0.0,0,0.0,False,6,5222
10000,A2,0.0,29,False,0.0,0.0,0,0.0,False,7,5223
10000,A2,0.0,30,False,0.0,0.0,0,0.0,False,8,5224
10000,A2,0.0,30,False,0.0,0.0,0,0.0,False,9,5225
10000,A2,0.22295892350098587,32,False,0.0,0.0,0,0.0,False,10,5226
10000,A2,0.0,30,False,0.0,0.0,0,0.0,False,11,5227
10000,A2,0.0,31,False,0.0,0.0,0,0.0,False,12,5228
10000,A2,0.0,28,False,0.0,0.0,0,0.0,False,13,5229
10000,A2,0.0,30,False,0.0,0.0,0,0.0,False,14,5230
10000,A2,0.0,30,False,0.0,0.0,0,0.0,False,15,5231
10500,A2,0.0,31,False,0.0,0.0,0,0.0,False,0,5216
10500,A2,0.12952846363844533,32,False,0.0,0.0,0,0.0,False,1,5217
10500,A2,0.0,30,False,0.0,0.0,0,0.0,False,2,5218
10500,A2,0.0,28,False,0.0,0.0,0,0.0,False,3,5219
10500,A2,0.28617572616584047,32,False,0.0,0.0,0,0.0,False,4,5220
10500,A2,0.0,29,False,0.0,0.0,0,0.0,False,5,5221
10500,A2,0.0,28,False,0.0,0.0,0,0.0,False,6,5222
10500,A2,0.0,29,False,0.0,0.0,0,0.0,False,7,5223
10500,A2,0.0,30,False,0.0,0.0,0,0.0,False,8,5224
10500,A2,0.0,30,False,0.0,0.0,0,0.0,False,9,5225
10500,A2,0.0,29,False,0.0,0.0,0,0.0,False,10,5226
10500,A2,0.0,30,False,0.0,0.0,0,0.0,False,11,5227
10500,A2,0.0,29,False,0.0,0.0,0,0.0,False,12,5228
10500,A2,0.0,30,False,0.0,0.0,0,0.0,False,13,5229
10500,A2,0.0,29,False,0.0,0.0,0,0.0,False,14,5230
10500,A2,0.0,31,False,0.0,0.0,0,0.0,False,15,5231
11000,A2,0.0,30,False,0.0,0.0,0,0.0,False,0,5216
11000,A2,0.09183410788038193,32,False,0.0,0.0,0,0.0,False,1,5217
11000,A2,0.0,29,False,0.0,0.0,0,0.0,False,2,5218
11000,A2,0.0,30,False,0.0,0.0,0,0.0,False,3,5219
11000,A2,0.1697793528235687,32,False,0.0,0.0,0,0.0,False,4,5220
11000,A2,0.0,29,False,0.0,0.0,0,0.0,False,5,5221
11000,A2,0.0,31,False,0.0,0.0,0,0.0,False,6,5222
11000,A2,0.0,29,False,0.0,0.0,0,0.0,False,7,5223
11000,A2,0.0,30,False,0.0,0.0,0,0.0,False,8,5224
11000,A2,0.0,29,False,0.0,0.0,0,0.0,False,9,5225
11000,A2,0.0,30,False,0.0,0.0,0,0.0,False,10,5226
11000,A2,0.0,30,False,0.0,0.0,0,0.0,False,11,5227
11000,A2,0.0,31,False,0.0,0.0,0,0.0,False,12,5228
11000,A2,0.0,30,False,0.0,0.0,0,0.0,False,13,5229
11000,A2,0.0,30,False,0.0,0.0,0,0.0,False,14,5230
11000,A2,0.0,31,False,0.0,0.0,0,0.0,False,15,5231
11500,A2,0.0,31,False,0.0,0.0,0,0.0,False,0,5216
11500,A2,0.13604258273199474,32,False,0.0,0.0,0,0.0,False,1,5217
11500,A2,0.0,31,False,0.0,0.0,0,0.0,False,2,5218
11500,A2,0.0,29,False,0.0,0.0,0,0.0,False,3,5219
11500,A2,0.0,30,False,0.0,0.0,0,0.0,False,4,5220
11500,A2,0.0,29,False,0.0,0.0,0,0.0,False,5,5221
11500,A2,0.0,29,False,0.0,0.0,0,0.0,False,6,5222
11500,A2,0.0,30,False,0.0,0.0,0,0.0,False,7,5223
11500,A2,0.0,29,False,0.0,0.0,0,0.0,False,8,5224
11500,A2,0.0,30,False,0.0,0.0,0,0.0,False,9,5225
11500,A2,0.0,31,False,0.0,0.0,0,0.0,False,10,5226
11500,A2,0.0,30,False,0.0,0.0,0,0.0,False,11,5227
11500,A2,0.0,29,False,0.0,0.0,0,0.0,False,12,5228
11500,A2,0.0,28,False,0.0,0.0,0,0.0,False,13,5229
11500,A2,0.0,30,False,0.0,0.0,0,0.0,False,14,5230
11500,A2,0.0,29,False,0.0,0.0,0,0.0,False,15,5231
12000,A2,0.0,30,False,0.0,0.0,0,0.0,False,0,5216
12000,A2,0.0928455976764968,32,False,0.0,0.0,0,0.0,False,1,5217
12000,A2,0.0,31,False,0.0,0.0,0,0.0,False,2,5218
12000,A2,0.0,30,False,0.0,0.0,0,0.0,False,3,5219
12000,A2,0.0,30,False,0.0,0.0,0,0.0,False,4,5220
12000,A2,0.0,29,False,0.0,0.0,0,0.0,False,5,5221
12000,A2,0.144993786406825,32,False,0.0,0.0,0,0.0,False,6,5222
12000,A2,0.0,30,False,0.0,0.0,0,0.0,False,7,5223
12000,A2,0.0,31,False,0.0,0.0,0,0.0,False,8,5224
12000,A2,0.0,30,False,0.0,0.0,0,0.0,False,9,5225
12000,A2,0.0,31,False,0.0,0.0,0,0.0,False,10,5226
12000,A2,0.0,31,False,0.0,0.0,0,0.0,False,11,5227
12000,A2,0.0,29,False,0.0,0.0,0,0.0,False,12,5228
12000,A2,0.0,30,False,0.0,0.0,0,0.0,False,13,5229
12000,A2,0.0,29,False,0.0,0.0,0,0.0,False,14,5230
12000,A2,0.0,31,False,0.0,0.0,0,0.0,False,15,5231
12500,A2,0.0,31,False,0.0,0.0,0,0.0,False,0,5216
12500,A2,0.0,31,False,0.0,0.0,0,0.0,False,1,5217
12500,A2,0.0,31,False,0.0,0.0,0,0.0,False,2,5218
12500,A2,0.0,28,False,0.0,0.0,0,0.0,False,3,5219
12500,A2,0.0,31,False,0.0,0.0,0,0.0,False,4,5220
12500,A2,0.0,29,False,0.0,0.0,0,0.0,False,5,5221
12500,A2,0.0,29,False,0.0,0.0,0,0.0,False,6,5222
12500,A2,0.0,30,False,0.0,0.0,0,0.0,False,7,5223
12500,A2,0.0,30,False,0.0,0.0,0,0.0,False,8,5224
12500,A2,0.0,30,False,0.0,0.0,0,0.0,False,9,5225
12500,A2,0.0,29,False,0.0,0.0,0,0.0,False,10,5226
12500,A2,0.0,31,False,0.0,0.0,0,0.0,False,11,5227
12500,A2,0.0,29,False,0.0,0.0,0,0.0,False,12,5228
12500,A2,0.0,29,False,0.0,0.0,0,0.0,False,13,5229
12500,A2,0.0,31,False,0.0,0.0,0,0.0,False,14,5230
12500,A2,0.0,30,False,0.0,0.0,0,0.0,False,15,5231
13000,A2,0.16483300137622703,32,False,0.0,0.0,0,0.0,False,0,5216
13000,A2,0.09898542693419891,32,False,0.0,0.0,0,0.0,False,1,5217
13000,A2,0.0,30,False,0.0,0.0,0,0.0,False,2,5218
13000,A2,0.0,28,False,0.0,0.0,0,0.0,False,3,5219
13000,A2,0.24369817457548637,32,False,0.0,0.0,0,0.0,False,4,5220
13000,A2,0.0,29,False,0.0,0.0,0,0.0,False,5,5221
13000,A2,0.0,30,False,0.0,0.0,0,0.0,False,6,5222
13000,A2,0.0,30,False,0.0,0.0,0,0.0,False,7,5223
13000,A2,0.0,31,False,0.0,0.0,0,0.0,False,8,5224
13000,A2,0.0,28,False,0.0,0.0,0,0.0,False,9,5225
13000,A2,0.0,30,False,0.0,0.0,0,0.0,False,10,5226
13000,A2,0.0,31,False,0.0,0.0,0,0.0,False,11,5227
13000,A2,0.11653200835111338,32,False,0.0,0.0,0,0.0,False,12,5228
13000,A2,0.0,30,False,0.0,0.0,0,0.0,False,13,5229
13000,A2,0.0,31,False,0.0,0.0,0,0.0,False,14,5230
13000,A2,0.0,31,False,0.0,0.0,0,0.0,False,15,5231
13500,A2,0.0,31,False,0.0,0.0,0,0.0,False,0,5216
13500,A2,0.07275102009512951,32,False,0.0,0.0,0,0.0,False,1,5217
13500,A2,0.0,30,False,0.0,0.0,0,0.0,False,2,5218
13500,A2,0.0,30,False,0.0,0.0,0,0.0,False,3,5219
13500,A2,0.0,31,False,0.0,0.0,0,0.0,False,4,5220
13500,A2,0.0,30,False,0.0,0.0,0,0.0,False,5,5221
13500,A2,0.0,30,False,0.0,0.0,0,0.0,False,6,5222
13500,A2,0.0,29,False,0.0,0.0,0,0.0,False,7,5223
13500,A2,0.0,31,False,0.0,0.0,0,0.0,False,8,5224
13500,A2,0.0,31,False,0.0,0.0,0,0.0,False,9,5225
13500,A2,0.0,31,False,0.0,0.0,0,0.0,False,10,5226
13500,A2,0.0,29,False,0.0,0.0,0,0.0,False,11,5227
13500,A2,0.1356377070270811,32,False,0.0,0.0,0,0.0,False,12,5228
13500,A2,0.0,30,False,0.0,0.0,0,0.0,False,13,5229
13500,A2,0.0,30,False,0.0,0.0,0,0.0,False,14,5230
13500,A2,0.0,30,False,0.0,0.0,0,0.0,False,15,5231
14000,A2,0.0,31,False,0.0,0.0,0,0.0,False,0,5216
14000,A2,0.08615197303251218,32,False,0.0,0.0,0,0.0,False,1,5217
14000,A2,0.31339671351157594,32,False,0.0,0.0,0,0.0,False,2,5218
14000,A2,0.0,30,False,0.0,0.0,0,0.0,False,3,5219
14000,A2,0.0,31,False,0.0,0.0,0,0.0,False,4,5220
14000,A2,0.0,29,False,0.0,0.0,0,0.0,False,5,5221
14000,A2,0.0,31,False,0.0,0.0,0,0.0,False,6,5222
14000,A2,0.0,28,False,0.0,0.0,0,0.0,False,7,5223
14000,A2,0.0,31,False,0.0,0.0,0,0.0,False,8,5224
14000,A2,0.0,30,False,0.0,0.0,0,0.0,False,9,5225
14000,A2,0.0,30,False,0.0,0.0,0,0.0,False,10,5226
14000,A2,0.0,31,False,0.0,0.0,0,0.0,False,11,5227
14000,A2,0.0,31,False,0.0,0.0,0,0.0,False,12,5228
14000,A2,0.0,31,False,0.0,0.0,0,0.0,False,13,5229
14000,A2,0.0,31,False,0.0,0.0,0,0.0,False,14,5230
14000,A2,0.0,30,False,0.0,0.0,0,0.0,False,15,5231
14500,A2,0.0,31,False,0.0,0.0,0,0.0,False,0,5216
14500,A2,0.07494727826552298,32,False,0.0,0.0,0,0.0,False,1,5217
14500,A2,0.0,31,False,0.0,0.0,0,0.0,False,2,5218
14500,A2,0.0,31,False,0.0,0.0,0,0.0,False,3,5219
14500,A2,0.0,31,False,0.0,0.0,0,0.0,False,4,5220
14500,A2,0.0,29,False,0.0,0.0,0,0.0,False,5,5221
14500,A2,0.0,29,False,0.0,0.0,0,0.0,False,6,5222
14500,A2,0.0,30,False,0.0,0.0,0,0.0,False,7,5223
14500,A2,0.2313296677957764,32,False,0.0,0.0,0,0.0,False,8,5224
14500,A2,0.0,30,False,0.0,0.0,0,0.0,False,9,5225
14500,A2,0.0,29,False,0.0,0.0,0,0.0,False,10,5226
14500,A2,0.09364352561317563,32,False,0.0,0.0,0,0.0,False,11,5227
14500,A2,0.0,30,False,0.0,0.0,0,0.0,False,12,5228
14500,A2,0.0,31,False,0.0,0.0,0,0.0,False,13,5229
14500,A2,0.0,31,False,0.0,0.0,0,0.0,False,14,5230
14500,A2,0.0,31,False,0.0,0.0,0,0.0,False,15,5231
15000,A2,0.0,31,False,0.0,0.0,0,0.0,False,0,5216
15000,A2,0.061618147004164,32,False,0.0,0.0,0,0.0,False,1,5217
15000,A2,0.0,28,False,0.0,0.0,0,0.0,False,2,5218
15000,A2,0.0,28,False,0.0,0.0,0,0.0,False,3,5219
15000,A2,0.0,31,False,0.0,0.0,0,0.0,False,4,5220
15000,A2,0.0,29,False,0.0,0.0,0,0.0,False,5,5221
15000,A2,0.0,31,False,0.0,0.0,0,0.0,False,6,5222
15000,A2,0.0,31,False,0.0,0.0,0,0.0,False,7,5223
15000,A2,0.0,31,False,0.0,0.0,0,0.0,False,8,5224
15000,A2,0.0,31,False,0.0,0.0,0,0.0,False,9,5225
15000,A2,0.0,31,False,0.0,0.0,0,0.0,False,10,5226
15000,A2,0.0,30,False,0.0,0.0,0,0.0,False,11,5227
15000,A2,0.0,29,False,0.0,0.0,0,0.0,False,12,5228
15000,A2,0.0,31,False,0.0,0.0,0,0.0,False,13,5229
15000,A2,0.19063224872695775,32,False,0.0,0.0,0,0.0,False,14,5230
15000,A2,0.0,31,False,0.0,0.0,0,0.0,False,15,5231
15500,A2,0.0,30,False,0.0,0.0,0,0.0,False,0,5216
15500,A2,0.0830080885426834,32,False,0.0,0.0,0,0.0,False,1,5217
15500,A2,0.0,30,False,0.0,0.0,0,0.0,False,2,5218
15500,A2,0.0,30,False,0.0,0.0,0,0.0,False,3,5219
15500,A2,0.0,31,False,0.0,0.0,0,0.0,False,4,5220
15500,A2,0.0,29,False,0.0,0.0,0,0.0,False,5,5221
15500,A2,0.0,29,False,0.0,0.0,0,0.0,False,6,5222
15500,A2,0.0,30,False,0.0,0.0,0,0.0,False,7,5223
15500,A2,0.0,30,False,0.0,0.0,0,0.0,False,8,5224
15500,A2,0.0,31,False,0.0,0.0,0,0.0,False,9,5225
15500,A2,0.27112832859652314,32,False,0.0,0.0,0,0.0,False,10,5226
15500,A2,0.0,31,False,0.0,0.0,0,0.0,False,11,5227
15500,A2,0.0,31,False,0.0,0.0,0,0.0,False,12,5228
15500,A2,0.0,31,False,0.0,0.0,0,0.0,False,13,5229
15500,A2,0.0,30,False,0.0,0.0,0,0.0,False,14,5230
15500,A2,0.25942216844385413,32,False,0.0,0.0,0,0.0,False,15,5231
16000,A2,0.2641416159941923,32,False,0.0,0.0,0,0.0,False,0,5216
16000,A2,0.09447159692995924,32,False,0.0,0.0,0,0.0,False,1,5217
16000,A2,0.20946461690736873,32,False,0.0,0.0,0,0.0,False,2,5218
16000,A2,0.0,30,False,0.0,0.0,0,0.0,False,3,5219
16000,A2,0.2401547148285968,32,False,0.0,0.0,0,0.0,False,4,5220
16000,A2,0.0,31,False,0.0,0.0,0,0.0,False,5,5221
16000,A2,0.0,30,False,0.0,0.0,0,0.0,False,6,5222
16000,A2,0.0,30,False,0.0,0.0,0,0.0,False,7,5223
16000,A2,0.0,30,False,0.0,0.0,0,0.0,False,8,5224
16000,A2,0.23025112742822534,32,False,0.0,0.0,0,0.0,False,9,5225
16000,A2,0.24849617449335232,32,False,0.0,0.0,0,0.0,False,10,5226
16000,A2,0.0,29,False,0.0,0.0,0,0.0,False,11,5227
16000,A2,0.0,31,False,0.0,0.0,0,0.0,False,12,5228
16000,A2,0.0,31,False,0.0,0.0,0,0.0,False,13,5229
16000,A2,0.18734382141231784,32,False,0.0,0.0,0,0.0,False,14,5230
16000,A2,0.26030443913204526,32,False,0.0,0.0,0,0.0,False,15,5231
16500,A2,0.0,31,False,0.0,0.0,0,0.0,False,0,5216
16500,A2,0.030547889716265125,32,False,0.0,0.0,0,0.0,False,1,5217
16500,A2,0.0,31,False,0.0,0.0,0,0.0,False,2,5218
16500,A2,0.0,30,False,0.0,0.0,0,0.0,False,3,5219
16500,A2,0.0,31,False,0.0,0.0,0,0.0,False,4,5220
16500,A2,0.0,30,False,0.0,0.0,0,0.0,False,5,5221
16500,A2,0.0,30,False,0.0,0.0,0,0.0,False,6,5222
16500,A2,0.0,30,False,0.0,0.0,0,0.0,False,7,5223
16500,A2,0.19575774217099487,32,False,0.0,0.0,0,0.0,False,8,5224
16500,A2,0.0,30,False,0.0,0.0,0,0.0,False,9,5225
16500,A2,0.2385902160507364,32,False,0.0,0.0,0,0.0,False,10,5226
16500,A2,0.0,30,False,0.0,0.0,0,0.0,False,11,5227
16500,A2,0.0,30,False,0.0,0.0,0,0.0,False,12,5228
16500,A2,0.0,30,False,0.0,0.0,0,0.0,False,13,5229
16500,A2,0.0,31,False,0.0,0.0,0,0.0,False,14,5230
16500,A2,0.0,31,False,0.0,0.0,0,0.0,False,15,5231
17000,A2,0.2822671530737668,32,False,0.0,0.0,0,0.0,False,0,5216
17000,A2,0.10040604082341337,32,False,0.0,0.0,0,0.0,False,1,5217
17000,A2,0.0,31,False,0.0,0.0,0,0.0,False,2,5218
17000,A2,0.0,30,False,0.0,0.0,0,0.0,False,3,5219
17000,A2,0.23735908695958277,32,False,0.0,0.0,0,0.0,False,4,5220
17000,A2,0.0,30,False,0.0,0.0,0,0.0,False,5,5221
17000,A2,0.0,31,False,0.0,0.0,0,0.0,False,6,5222
17000,A2,0.0,31,False,0.0,0.0,0,0.0,False,7,5223
17000,A2,0.0,31,False,0.0,0.0,0,0.0,False,8,5224
17000,A2,0.0,30,False,0.0,0.0,0,0.0,False,9,5225
17000,A2,0.0,29,False,0.0,0.0,0,0.0,False,10,5226
17000,A2,0.20890585937095288,32,False,0.0,0.0,0,0.0,False,11,5227
17000,A2,0.0,31,False,0.0,0.0,0,0.0,False,12,5228
17000,A2,0.0,29,False,0.0,0.0,0,0.0,False,13,5229
17000,A2,0.1897184581825549,32,False,0.0,0.0,0,0.0,False,14,5230
17000,A2,0.0,31,False,0.0,0.0,0,0.0,False,15,5231
17500,A2,0.2548191936294435,32,False,0.0,0.0,0,0.0,False,0,5216
17500,A2,0.077174148745609,32,False,0.0,0.0,0,0.0,False,1,5217
17500,A2,0.0,29,False,0.0,0.0,0,0.0,False,2,5218
17500,A2,0.0,30,False,0.0,0.0,0,0.0,False,3,5219
17500,A2,0.0,31,False,0.0,0.0,0,0.0,False,4,5220
17500,A2,0.0,29,False,0.0,0.0,0,0.0,False,5,5221
17500,A2,0.17499189895715236,32,False,0.0,0.0,0,0.0,False,6,5222
17500,A2,0.0,30,False,0.0,0.0,0,0.0,False,7,5223
17500,A2,0.21319039273525778,32,False,0.0,0.0,0,0.0,False,8,5224
17500,A2,0.0,30,False,0.0,0.0,0,0.0,False,9,5225
17500,A2,0.0,31,False,0.0,0.0,0,0.0,False,10,5226
17500,A2,0.0,31,False,0.0,0.0,0,0.0,False,11,5227
17500,A2,0.0,30,False,0.0,0.0,0,0.0,False,12,5228
17500,A2,0.0,30,False,0.0,0.0,0,0.0,False,13,5229
17500,A2,0.0,31,False,0.0,0.0,0,0.0,False,14,5230
17500,A2,0.18097684995946348,32,False,0.0,0.0,0,0.0,False,15,5231
18000,A2,0.0,30,False,0.0,0.0,0,0.0,False,0,5216
18000,A2,0.0649439648593926,32,False,0.0,0.0,0,0.0,False,1,5217
18000,A2,0.0,29,False,0.0,0.0,0,0.0,False,2,5218
18000,A2,0.0,30,False,0.0,0.0,0,0.0,False,3,5219
18000,A2,0.23160630016910871,32,False,0.0,0.0,0,0.0,False,4,5220
18000,A2,0.0,29,False,0.0,0.0,0,0.0,False,5,5221
18000,A2,0.0,31,False,0.0,0.0,0,0.0,False,6,5222
18000,A2,0.0,31,False,0.0,0.0,0,0.0,False,7,5223
18000,A2,0.0,31,False,0.0,0.0,0,0.0,False,8,5224
18000,A2,0.0,30,False,0.0,0.0,0,0.0,False,9,5225
18000,A2,0.0,31,False,0.0,0.0,0,0.0,False,10,5226
18000,A2,0.22037896941093943,32,False,0.0,0.0,0,0.0,False,11,5227
18000,A2,0.0,31,False,0.0,0.0,0,0.0,False,12,5228
18000,A2,0.0,30,False,0.0,0.0,0,0.0,False,13,5229
18000,A2,0.0,31,False,0.0,0.0,0,0.0,False,14,5230
18000,A2,0.0,31,False,0.0,0.0,0,0.0,False,15,5231
18500,A2,0.2147133167434005,32,False,0.0,0.0,0,0.0,False,0,5216
18500,A2,0.09426144769234865,32,False,0.0,0.0,0,0.0,False,1,5217
18500,A2,0.0,31,False,0.0,0.0,0,0.0,False,2,5218
18500,A2,0.0,30,False,0.0,0.0,0,0.0,False,3,5219
18500,A2,0.21903134296678964,32,False,0.0,0.0,0,0.0,False,4,5220
18500,A2,0.0,30,False,0.0,0.0,0,0.0,False,5,5221
18500,A2,0.15402119084073929,32,False,0.0,0.0,0,0.0,False,6,5222
18500,A2,0.0,31,False,0.0,0.0,0,0.0,False,7,5223
18500,A2,0.32336619462225963,32,False,0.0,0.0,0,0.0,False,8,5224
18500,A2,0.2263529543671309,32,False,0.0,0.0,0,0.0,False,9,5225
18500,A2,0.2619219225829114,32,False,0.0,0.0,0,0.0,False,10,5226
18500,A2,0.19692305795295062,32,False,0.0,0.0,0,0.0,False,11,5227
18500,A2,0.0,31,False,0.0,0.0,0,0.0,False,12,5228
18500,A2,0.24855454814226854,32,False,0.0,0.0,0,0.0,False,13,5229
18500,A2,0.2099407656739978,32,False,0.0,0.0,0,0.0,False,14,5230
18500,A2,0.0,31,False,0.0,0.0,0,0.0,False,15,5231
19000,A2,0.0,31,False,0.0,0.0,0,0.0,False,0,5216
19000,A2,0.12165854125590733,32,False,0.0,0.0,0,0.0,False,1,5217
19000,A2,0.0,31,False,0.0,0.0,0,0.0,False,2,5218
19000,A2,0.0,31,False,0.0,0.0,0,0.0,False,3,5219
19000,A2,0.1964411331331062,32,False,0.0,0.0,0,0.0,False,4,5220
19000,A2,0.0,30,False,0.0,0.0,0,0.0,False,5,5221
19000,A2,0.0,31,False,0.0,0.0,0,0.0,False,6,5222
19000,A2,0.0,31,False,0.0,0.0,0,0.0,False,7,5223
19000,A2,0.0,31,False,0.0,0.0,0,0.0,False,8,5224
19000,A2,0.0,31,False,0.0,0.0,0,0.0,False,9,5225
19000,A2,0.0,31,False,0.0,0.0,0,0.0,False,10,5226
19000,A2,0.0,30,False,0.0,0.0,0,0.0,False,11,5227
19000,A2,0.0,31,False,0.0,0.0,0,0.0,False,12,5228
19000,A2,0.0,31,False,0.0,0.0,0,0.0,False,13,5229
19000,A2,0.18194319481940857,32,False,0.0,0.0,0,0.0,False,14,5230
19000,A2,0.0,31,False,0.0,0.0,0,0.0,False,15,5231
19500,A2,0.24074568499425752,32,False,0.0,0.0,0,0.0,False,0,5216
19500,A2,0.13081672403092726,32,False,0.0,0.0,0,0.0,False,1,5217
19500,A2,0.0,30,False,0.0,0.0,0,0.0,False,2,5218
19500,A2,0.1528530725688297,32,False,0.0,0.0,0,0.0,False,3,5219
19500,A2,0.2043972536238801,32,False,0.0,0.0,0,0.0,False,4,5220
19500,A2,0.2144939384536001,32,False,0.0,0.0,0,0.0,False,5,5221
19500,A2,0.17431487525404818,32,False,0.0,0.0,0,0.0,False,6,5222
19500,A2,0.16376730912836854,32,False,0.0,0.0,0,0.0,False,7,5223
19500,A2,0.0,31,False,0.0,0.0,0,0.0,False,8,5224
19500,A2,0.0,31,False,0.0,0.0,0,0.0,False,9,5225
19500,A2,0.0,31,False,0.0,0.0,0,0.0,False,10,5226
19500,A2,0.0,31,False,0.0,0.0,0,0.0,False,11,5227
19500,A2,0.08535581187076284,32,False,0.0,0.0,0,0.0,False,12,5228
19500,A2,0.0,31,False,0.0,0.0,0,0.0,False,13,5229
19500,A2,0.1899135472256534,32,False,0.0,0.0,0,0.0,False,14,5230
19500,A2,0.22190962424699287,32,False,0.0,0.0,0,0.0,False,15,5231
20000,A2,0.20676108643020488,32,False,0.0,0.0,0,0.0,False,0,5216
20000,A2,0.06966408903909328,32,False,0.0,0.0,0,0.0,False,1,5217
20000,A2,0.18084171110615352,32,False,0.0,0.0,0,0.0,False,2,5218
20000,A2,0.0,31,False,0.0,0.0,0,0.0,False,3,5219
20000,A2,0.19847585188592093,32,False,0.0,0.0,0,0.0,False,4,5220
20000,A2,0.23528305217778014,32,False,0.0,0.0,0,0.0,False,5,5221
20000,A2,0.08274097142741521,32,False,0.0,0.0,0,0.0,False,6,5222
20000,A2,0.0,31,False,0.0,0.0,0,0.0,False,7,5223
20000,A2,0.2202251929446895,32,False,0.0,0.0,0,0.0,False,8,5224
20000,A2,0.0,30,False,0.0,0.0,0,0.0,False,9,5225
20000,A2,0.2735779568276754,32,False,0.0,0.0,0,0.0,False,10,5226
20000,A2,0.0,31,False,0.0,0.0,0,0.0,False,11,5227
20000,A2,0.0,31,False,0.0,0.0,0,0.0,False,12,5228
20000,A2,0.28771319871932166,32,False,0.0,0.0,0,0.0,False,13,5229
20000,A2,0.0,31,False,0.0,0.0,0,0.0,False,14,5230
20000,A2,0.0,31,False,0.0,0.0,0,0.0,False,15,5231
20500,A2,0.34388605116452287,32,False,0.0,0.0,0,0.0,False,0,5216
20500,A2,0.10445395281081622,32,False,0.0,0.0,0,0.0,False,1,5217
20500,A2,0.19537686224054976,32,False,0.0,0.0,0,0.0,False,2,5218
20500,A2,0.0,31,False,0.0,0.0,0,0.0,False,3,5219
20500,A2,0.1893430608663664,32,False,0.0,0.0,0,0.0,False,4,5220
20500,A2,0.0,31,False,0.0,0.0,0,0.0,False,5,5221
20500,A2,0.14311039058847655,32,False,0.0,0.0,0,0.0,False,6,5222
20500,A2,0.0,31,False,0.0,0.0,0,0.0,False,7,5223
20500,A2,0.0,31,False,0.0,0.0,0,0.0,False,8,5224
20500,A2,0.0,31,False,0.0,0.0,0,0.0,False,9,5225
20500,A2,0.0,31,False,0.0,0.0,0,0.0,False,10,5226
20500,A2,0.21630983070866328,32,False,0.0,0.0,0,0.0,False,11,5227
20500,A2,0.06179156362725875,32,False,0.0,0.0,0,0.0,False,12,5228
20500,A2,0.0,30,False,0.0,0.0,0,0.0,False,13,5229
20500,A2,0.22024715626806093,32,False,0.0,0.0,0,0.0,False,14,5230
20500,A2,0.0,31,False,0.0,0.0,0,0.0,False,15,5231
21000,A2,0.0,31,False,0.0,0.0,0,0.0,False,0,5216
21000,A2,0.07819967188424516,32,False,0.0,0.0,0,0.0,False,1,5217
21000,A2,0.0,31,False,0.0,0.0,0,0.0,False,2,5218
21000,A2,0.17787871875921032,32,False,0.0,0.0,0,0.0,False,3,5219
21000,A2,0.0,31,False,0.0,0.0,0,0.0,False,4,5220
21000,A2,0.0,31,False,0.0,0.0,0,0.0,False,5,5221
21000,A2,0.0,30,False,0.0,0.0,0,0.0,False,6,5222
21000,A2,0.0,31,False,0.0,0.0,0,0.0,False,7,5223
21000,A2,0.0,31,False,0.0,0.0,0,0.0,False,8,5224
21000,A2,0.0,29,False,0.0,0.0,0,0.0,False,9,5225
21000,A2,0.0,31,False,0.0,0.0,0,0.0,False,10,5226
21000,A2,0.0,31,False,0.0,0.0,0,0.0,False,11,5227
21000,A2,0.0,31,False,0.0,0.0,0,0.0,False,12,5228
21000,A2,0.28256010372938595,32,False,0.0,0.0,0,0.0,False,13,5229
21000,A2,0.16516785673843717,32,False,0.0,0.0,0,0.0,False,14,5230
21000,A2,0.24100185284166012,32,False,0.0,0.0,0,0.0,False,15,5231
21500,A2,0.17905932838966857,32,False,0.0,0.0,0,0.0,False,0,5216
21500,A2,0.05944639058971899,32,False,0.0,0.0,0,0.0,False,1,5217
21500,A2,0.0,31,False,0.0,0.0,0,0.0,False,2,5218
21500,A2,0.17335178417963204,32,False,0.0,0.0,0,0.0,False,3,5219
21500,A2,0.2134398717157386,32,False,0.0,0.0,0,0.0,False,4,5220
21500,A2,0.0,31,False,0.0,0.0,0,0.0,False,5,5221
21500,A2,0.0,31,False,0.0,0.0,0,0.0,False,6,5222
21500,A2,0.0,31,False,0.0,0.0,0,0.0,False,7,5223
21500,A2,0.2096770386056681,32,False,0.0,0.0,0,0.0,False,8,5224
21500,A2,0.0,31,False,0.0,0.0,0,0.0,False,9,5225
21500,A2,0.2868528635010181,32,False,0.0,0.0,0,0.0,False,10,5226
21500,A2,0.0,31,False,0.0,0.0,0,0.0,False,11,5227
21500,A2,0.0,30,False,0.0,0.0,0,0.0,False,12,5228
21500,A2,0.0,31,False,0.0,0.0,0,0.0,False,13,5229
21500,A2,0.18532149809608559,32,False,0.0,0.0,0,0.0,False,14,5230
21500,A2,0.16124282561941974,32,False,0.0,0.0,0,0.0,False,15,5231
22000,A2,0.21715462133399288,32,False,0.0,0.0,0,0.0,False,0,5216
22000,A2,0.10889506744072276,32,False,0.0,0.0,0,0.0,False,1,5217
22000,A2,0.3030188889466969,32,False,0.0,0.0,0,0.0,False,2,5218
22000,A2,0.11915085368957783,32,False,0.0,0.0,0,0.0,False,3,5219
22000,A2,0.2329130267507299,32,False,0.0,0.0,0,0.0,False,4,5220
22000,A2,0.0,31,False,0.0,0.0,0,0.0,False,5,5221
22000,A2,0.1842717070240556,32,False,0.0,0.0,0,0.0,False,6,5222
22000,A2,0.20170255552910785,32,False,0.0,0.0,0,0.0,False,7,5223
22000,A2,0.2568128584730839,32,False,0.0,0.0,0,0.0,False,8,5224
22000,A2,0.23313777196022967,32,False,0.0,0.0,0,0.0,False,9,5225
22000,A2,0.25559018130378286,32,False,0.0,0.0,0,0.0,False,10,5226
22000,A2,0.2152033789936449,32,False,0.0,0.0,0,0.0,False,11,5227
22000,A2,0.0,30,False,0.0,0.0,0,0.0,False,12,5228
22000,A2,0.0,31,False,0.0,0.0,0,0.0,False,13,5229
22000,A2,0.23086104872282862,32,False,0.0,0.0,0,0.0,False,14,5230
22000,A2,0.20557280115712712,32,False,0.0,0.0,0,0.0,False,15,5231
22500,A2,0.16391192584635753,32,False,0.0,0.0,0,0.0,False,0,5216
22500,A2,0.0862432360550926,32,False,0.0,0.0,0,0.0,False,1,5217
22500,A2,0.0,31,False,0.0,0.0,0,0.0,False,2,5218
22500,A2,0.0,31,False,0.0,0.0,0,0.0,False,3,5219
22500,A2,0.19924224847448901,32,False,0.0,0.0,0,0.0,False,4,5220
22500,A2,0.0,30,False,0.0,0.0,0,0.0,False,5,5221
22500,A2,0.1433013720715322,32,False,0.0,0.0,0,0.0,False,6,5222
22500,A2,0.188976493056498,32,False,0.0,0.0,0,0.0,False,7,5223
22500,A2,0.0,31,False,0.0,0.0,0,0.0,False,8,5224
22500,A2,0.0,31,False,0.0,0.0,0,0.0,False,9,5225
22500,A2,0.28227330343530704,32,False,0.0,0.0,0,0.0,False,10,5226
22500,A2,0.0,31,False,0.0,0.0,0,0.0,False,11,5227
22500,A2,0.09224517256164108,32,False,0.0,0.0,0,0.0,False,12,5228
22500,A2,0.0,31,False,0.0,0.0,0,0.0,False,13,5229
22500,A2,0.18467443630972682,32,False,0.0,0.0,0,0.0,False,14,5230
22500,A2,0.17325118103172057,32,False,0.0,0.0,0,0.0,False,15,5231
23000,A2,0.16809891115810668,32,False,0.0,0.0,0,0.0,False,0,5216
23000,A2,0.0,31,False,0.0,0.0,0,0.0,False,1,5217
23000,A2,0.0,30,False,0.0,0.0,0,0.0,False,2,5218
23000,A2,0.15832564715852715,32,False,0.0,0.0,0,0.0,False,3,5219
23000,A2,0.21619042589877427,32,False,0.0,0.0,0,0.0,False,4,5220
23000,A2,0.0,30,False,0.0,0.0,0,0.0,False,5,5221
23000,A2,0.0,31,False,0.0,0.0,0,0.0,False,6,5222
23000,A2,0.0,31,False,0.0,0.0,0,0.0,False,7,5223
23000,A2,0.0,31,False,0.0,0.0,0,0.0,False,8,5224
23000,A2,0.0,31,False,0.0,0.0,0,0.0,False,9,5225
23000,A2,0.0,31,False,0.0,0.0,0,0.0,False,10,5226
23000,A2,0.2297536740356777,32,False,0.0,0.0,0,0.0,False,11,5227
23000,A2,0.16495052783653655,32,False,0.0,0.0,0,0.0,False,12,5228
23000,A2,0.0,31,False,0.0,0.0,0,0.0,False,13,5229
23000,A2,0.11702598021651663,32,False,0.0,0.0,0,0.0,False,14,5230
23000,A2,0.27655154700812934,32,False,0.0,0.0,0,0.0,False,15,5231
23500,A2,0.23482663177763913,32,False,0.0,0.0,0,0.0,False,0,5216
23500,A2,0.08936306483447935,32,False,0.0,0.0,0,0.0,False,1,5217
23500,A2,0.0,31,False,0.0,0.0,0,0.0,False,2,5218
23500,A2,0.15633365609745914,32,False,0.0,0.0,0,0.0,False,3,5219
23500,A2,0.14165909248984407,32,False,0.0,0.0,0,0.0,False,4,5220
23500,A2,0.24459833722713817,32,False,0.0,0.0,0,0.0,False,5,5221
23500,A2,0.0,31,False,0.0,0.0,0,0.0,False,6,5222
23500,A2,0.0,31,False,0.0,0.0,0,0.0,False,7,5223
23500,A2,0.23117113017100763,32,False,0.0,0.0,0,0.0,False,8,5224
23500,A2,0.19023401611645446,32,False,0.0,0.0,0,0.0,False,9,5225
23500,A2,0.0,31,False,0.0,0.0,0,0.0,False,10,5226
23500,A2,0.1264673886169787,32,False,0.0,0.0,0,0.0,False,11,5227
23500,A2,0.10093604201671962,32,False,0.0,0.0,0,0.0,False,12,5228
23500,A2,0.0,31,False,0.0,0.0,0,0.0,False,13,5229
23500,A2,0.19468798837415752,32,False,0.0,0.0,0,0.0,False,14,5230
23500,A2,0.0,30,False,0.0,0.0,0,0.0,False,15,5231
24000,A2,0.26450325341535086,32,False,0.0,0.0,0,0.0,False,0,5216
24000,A2,0.059349131611176116,32,False,0.0,0.0,0,0.0,False,1,5217
24000,A2,0.0,30,False,0.0,0.0,0,0.0,False,2,5218
24000,A2,0.0,31,False,0.0,0.0,0,0.0,False,3,5219
24000,A2,0.0,31,False,0.0,0.0,0,0.0,False,4,5220
24000,A2,0.0,31,False,0.0,0.0,0,0.0,False,5,5221
24000,A2,0.1918248597079483,32,False,0.0,0.0,0,0.0,False,6,5222
24000,A2,0.16636818257142905,32,False,0.0,0.0,0,0.0,False,7,5223
24000,A2,0.22544663417815197,32,False,0.0,0.0,0,0.0,False,8,5224
24000,A2,0.18417287745404964,32,False,0.0,0.0,0,0.0,False,9,5225
24000,A2,0.0,31,False,0.0,0.0,0,0.0,False,10,5226
24000,A2,0.207750369198937,32,False,0.0,0.0,0,0.0,False,11,5227
24000,A2,0.11182711285657151,32,False,0.0,0.0,0,0.0,False,12,5228
24000,A2,0.21240999785485395,32,False,0.0,0.0,0,0.0,False,13,5229
24000,A2,0.15123814897594093,32,False,0.0,0.0,0,0.0,False,14,5230
24000,A2,0.25949936613668273,32,False,0.0,0.0,0,0.0,False,15,5231
24500,A2,0.18902659937533947,32,False,0.0,0.0,0,0.0,False,0,5216
24500,A2,0.029524995371439388,32,False,0.0,0.0,0,0.0,False,1,5217
24500,A2,0.29504891429461394,32,False,0.0,0.0,0,0.0,False,2,5218
24500,A2,0.0,31,False,0.0,0.0,0,0.0,False,3,5219
24500,A2,0.2080067263527403,32,False,0.0,0.0,0,0.0,False,4,5220
24500,A2,0.0,31,False,0.0,0.0,0,0.0,False,5,5221
24500,A2,0.0,30,False,0.0,0.0,0,0.0,False,6,5222
24500,A2,0.13113888919992242,32,False,0.0,0.0,0,0.0,False,7,5223
24500,A2,0.2632898484383222,32,False,0.0,0.0,0,0.0,False,8,5224
24500,A2,0.22519665959149848,32,False,0.0,0.0,0,0.0,False,9,5225
24500,A2,0.2744815979213051,32,False,0.0,0.0,0,0.0,False,10,5226
24500,A2,0.0,31,False,0.0,0.0,0,0.0,False,11,5227
24500,A2,0.0,30,False,0.0,0.0,0,0.0,False,12,5228
24500,A2,0.0,31,False,0.0,0.0,0,0.0,False,13,5229
24500,A2,0.10824623989502791,32,False,0.0,0.0,0,0.0,False,14,5230
24500,A2,0.0,31,False,0.0,0.0,0,0.0,False,15,5231
25000,A2,0.19387811923248263,32,False,0.0,0.0,0,0.0,False,0,5216
25000,A2,0.08248794763917008,32,False,0.0,0.0,0,0.0,False,1,5217
25000,A2,0.0,30,False,0.0,0.0,0,0.0,False,2,5218
25000,A2,0.0,31,False,0.0,0.0,0,0.0,False,3,5219
25000,A2,0.17420741488865754,32,False,0.0,0.0,0,0.0,False,4,5220
25000,A2,0.22624830338998528,32,False,0.0,0.0,0,0.0,False,5,5221
25000,A2,0.17380951139669296,32,False,0.0,0.0,0,0.0,False,6,5222
25000,A2,0.18581996348401028,32,False,0.0,0.0,0,0.0,False,7,5223
25000,A2,0.28053227287646854,32,False,0.0,0.0,0,0.0,False,8,5224
25000,A2,0.21329246318884462,32,False,0.0,0.0,0,0.0,False,9,5225
25000,A2,0.0,31,False,0.0,0.0,0,0.0,False,10,5226
25000,A2,0.2165025596435053,32,False,0.0,0.0,0,0.0,False,11,5227
25000,A2,0.18667446372538316,32,False,0.0,0.0,0,0.0,False,12,5228
25000,A2,0.0,31,False,0.0,0.0,0,0.0,False,13,5229
25000,A2,0.1563364654351216,32,False,0.0,0.0,0,0.0,False,14,5230
25000,A2,0.22439027641515635,32,False,0.0,0.0,0,0.0,False,15,5231
25500,A2,0.23624514407513708,32,False,0.0,0.0,0,0.0,False,0,5216
25500,A2,0.06486814257587925,32,False,0.0,0.0,0,0.0,False,1,5217
25500,A2,0.0,31,False,0.0,0.0,0,0.0,False,2,5218
25500,A2,0.0,31,False,0.0,0.0,0,0.0,False,3,5219
25500,A2,0.2312286739455151,32,False,0.0,0.0,0,0.0,False,4,5220
25500,A2,0.24486476609059363,32,False,0.0,0.0,0,0.0,False,5,5221
25500,A2,0.0,31,False,0.0,0.0,0,0.0,False,6,5222
25500,A2,0.20115394956552074,32,False,0.0,0.0,0,0.0,False,7,5223
25500,A2,0.2476326944601254,32,False,0.0,0.0,0,0.0,False,8,5224
25500,A2,0.0,30,False,0.0,0.0,0,0.0,False,9,5225
25500,A2,0.2524800867773213,32,False,0.0,0.0,0,0.0,False,10,5226
25500,A2,0.25077112564849297,32,False,0.0,0.0,0,0.0,False,11,5227
25500,A2,0.11821010599351688,32,False,0.0,0.0,0,0.0,False,12,5228
25500,A2,0.0,31,False,0.0,0.0,0,0.0,False,13,5229
25500,A2,0.14387943073319193,32,False,0.0,0.0,0,0.0,False,14,5230
25500,A2,0.0,29,False,0.0,0.0,0,0.0,False,15,5231
26000,A2,0.20531619068682194,32,False,0.0,0.0,0,0.0,False,0,5216
26000,A2,0.08542577306258006,32,False,0.0,0.0,0,0.0,False,1,5217
26000,A2,0.0,31,False,0.0,0.0,0,0.0,False,2,5218
26000,A2,0.1932053615812742,32,False,0.0,0.0,0,0.0,False,3,5219
26000,A2,0.24500860191504312,32,False,0.0,0.0,0,0.0,False,4,5220
26000,A2,0.0,31,False,0.0,0.0,0,0.0,False,5,5221
26000,A2,0.0,31,False,0.0,0.0,0,0.0,False,6,5222
26000,A2,0.0,31,False,0.0,0.0,0,0.0,False,7,5223
26000,A2,0.23787849835624209,32,False,0.0,0.0,0,0.0,False,8,5224
26000,A2,0.0,31,False,0.0,0.0,0,0.0,False,9,5225
26000,A2,0.0,31,False,0.0,0.0,0,0.0,False,10,5226
26000,A2,0.21019276415353502,32,False,0.0,0.0,0,0.0,False,11,5227
26000,A2,0.08847662323405273,32,False,0.0,0.0,0,0.0,False,12,5228
26000,A2,0.2974298164593733,32,False,0.0,0.0,0,0.0,False,13,5229
26000,A2,0.11430237850246969,32,False,0.0,0.0,0,0.0,False,14,5230
26000,A2,0.0,31,False,0.0,0.0,0,0.0,False,15,5231
26500,A2,0.24628317737199937,32,False,0.0,0.0,0,0.0,False,0,5216
26500,A2,0.0879703989239518,32,False,0.0,0.0,0,0.0,False,1,5217
26500,A2,0.0,30,False,0.0,0.0,0,0.0,False,2,5218
26500,A2,0.0,31,False,0.0,0.0,0,0.0,False,3,5219
26500,A2,0.11681575151348915,32,False,0.0,0.0,0,0.0,False,4,5220
26500,A2,0.0,31,False,0.0,0.0,0,0.0,False,5,5221
26500,A2,0.0,31,False,0.0,0.0,0,0.0,False,6,5222
26500,A2,0.19794902365331354,32,False,0.0,0.0,0,0.0,False,7,5223
26500,A2,0.2239553369125548,32,False,0.0,0.0,0,0.0,False,8,5224
26500,A2,0.19397666252875886,32,False,0.0,0.0,0,0.0,False,9,5225
26500,A2,0.0,31,False,0.0,0.0,0,0.0,False,10,5226
26500,A2,0.19871351780599242,32,False,0.0,0.0,0,0.0,False,11,5227
26500,A2,0.0,30,False,0.0,0.0,0,0.0,False,12,5228
26500,A2,0.2657001124677205,32,False,0.0,0.0,0,0.0,False,13,5229
26500,A2,0.1795604231332655,32,False,0.0,0.0,0,0.0,False,14,5230
26500,A2,0.25554207213504404,32,False,0.0,0.0,0,0.0,False,15,5231
27000,A2,0.0,31,False,0.0,0.0,0,0.0,False,0,5216
27000,A2,0.10292393803640977,32,False,0.0,0.0,0,0.0,False,1,5217
27000,A2,0.18290889155603196,32,False,0.0,0.0,0,0.0,False,2,5218
27000,A2,0.0,31,False,0.0,0.0,0,0.0,False,3,5219
27000,A2,0.18113682504197803,32,False,0.0,0.0,0,0.0,False,4,5220
27000,A2,0.0,31,False,0.0,0.0,0,0.0,False,5,5221
27000,A2,0.13228039849614123,32,False,0.0,0.0,0,0.0,False,6,5222
27000,A2,0.16047668143234434,32,False,0.0,0.0,0,0.0,False,7,5223
27000,A2,0.2945568040939308,32,False,0.0,0.0,0,0.0,False,8,5224
27000,A2,0.0,31,False,0.0,0.0,0,0.0,False,9,5225
27000,A2,0.24094832495183396,32,False,0.0,0.0,0,0.0,False,10,5226
27000,A2,0.12300711193827629,32,False,0.0,0.0,0,0.0,False,11,5227
27000,A2,0.0,31,False,0.0,0.0,0,0.0,False,12,5228
27000,A2,0.2118551066787033,32,False,0.0,0.0,0,0.0,False,13,5229
27000,A2,0.2349688937848225,32,False,0.0,0.0,0,0.0,False,14,5230
27000,A2,0.0,31,False,0.0,0.0,0,0.0,False,15,5231
27500,A2,0.23944217643130009,32,False,0.0,0.0,0,0.0,False,0,5216
27500,A2,0.09313995730823672,32,False,0.0,0.0,0,0.0,False,1,5217
27500,A2,0.0,30,False,0.0,0.0,0,0.0,False,2,5218
27500,A2,0.0,30,False,0.0,0.0,0,0.0,False,3,5219
27500,A2,0.21172601712831912,32,False,0.0,0.0,0,0.0,False,4,5220
27500,A2,0.0,30,False,0.0,0.0,0,0.0,False,5,5221
27500,A2,0.19608072276326127,32,False,0.0,0.0,0,0.0,False,6,5222
27500,A2,0.12421302460762736,32,False,0.0,0.0,0,0.0,False,7,5223
27500,A2,0.18123198497597867,32,False,0.0,0.0,0,0.0,False,8,5224
27500,A2,0.0,31,False,0.0,0.0,0,0.0,False,9,5225
27500,A2,0.26473483963557554,32,False,0.0,0.0,0,0.0,False,10,5226
27500,A2,0.15810850041985558,32,False,0.0,0.0,0,0.0,False,11,5227
27500,A2,0.0,30,False,0.0,0.0,0,0.0,False,12,5228
27500,A2,0.0,31,False,0.0,0.0,0,0.0,False,13,5229
27500,A2,0.13299646707002016,32,False,0.0,0.0,0,0.0,False,14,5230
27500,A2,0.0,30,False,0.0,0.0,0,0.0,False,15,5231
28000,A2,0.23904508443366362,32,False,0.0,0.0,0,0.0,False,0,5216
28000,A2,0.08188658078772731,32,False,0.0,0.0,0,0.0,False,1,5217
28000,A2,0.0,31,False,0.0,0.0,0,0.0,False,2,5218
28000,A2,0.15170401255798893,32,False,0.0,0.0,0,0.0,False,3,5219
28000,A2,0.0,31,False,0.0,0.0,0,0.0,False,4,5220
28000,A2,0.0,31,False,0.0,0.0,0,0.0,False,5,5221
28000,A2,0.0,31,False,0.0,0.0,0,0.0,False,6,5222
28000,A2,0.0,31,False,0.0,0.0,0,0.0,False,7,5223
28000,A2,0.25541319896307707,32,False,0.0,0.0,0,0.0,False,8,5224
28000,A2,0.24946890502057883,32,False,0.0,0.0,0,0.0,False,9,5225
28000,A2,0.1481955489267659,32,False,0.0,0.0,0,0.0,False,10,5226
28000,A2,0.18196273400816806,32,False,0.0,0.0,0,0.0,False,11,5227
28000,A2,0.10135223178886014,32,False,0.0,0.0,0,0.0,False,12,5228
28000,A2,0.1768689384834887,32,False,0.0,0.0,0,0.0,False,13,5229
28000,A2,0.27532436871049076,32,False,0.0,0.0,0,0.0,False,14,5230
28000,A2,0.0,30,False,0.0,0.0,0,0.0,False,15,5231
28500,A2,0.20621936656950865,32,False,0.0,0.0,0,0.0,False,0,5216
28500,A2,0.048363589020984046,32,False,0.0,0.0,0,0.0,False,1,5217
28500,A2,0.14422591714898667,32,False,0.0,0.0,0,0.0,False,2,5218
28500,A2,0.12478271754837685,32,False,0.0,0.0,0,0.0,False,3,5219
28500,A2,0.20855765559638764,32,False,0.0,0.0,0,0.0,False,4,5220
28500,A2,0.1994414180551934,32,False,0.0,0.0,0,0.0,False,5,5221
28500,A2,0.0,31,False,0.0,0.0,0,0.0,False,6,5222
28500,A2,0.2123825828349677,32,False,0.0,0.0,0,0.0,False,7,5223
28500,A2,0.22307910459213331,32,False,0.0,0.0,0,0.0,False,8,5224
28500,A2,0.3008470652047563,32,False,0.0,0.0,0,0.0,False,9,5225
28500,A2,0.0,30,False,0.0,0.0,0,0.0,False,10,5226
28500,A2,0.20460090046330057,32,False,0.0,0.0,0,0.0,False,11,5227
28500,A2,0.0,30,False,0.0,0.0,0,0.0,False,12,5228
28500,A2,0.0,31,False,0.0,0.0,0,0.0,False,13,5229
28500,A2,0.18610861413803467,32,False,0.0,0.0,0,0.0,False,14,5230
28500,A2,0.21688071667856543,32,False,0.0,0.0,0,0.0,False,15,5231
29000,A2,0.0,31,False,0.0,0.0,0,0.0,False,0,5216
29000,A2,0.0739602279114522,32,False,0.0,0.0,0,0.0,False,1,5217
29000,A2,0.0,30,False,0.0,0.0,0,0.0,False,2,5218
29000,A2,0.11296267797299035,32,False,0.0,0.0,0,0.0,False,3,5219
29000,A2,0.17016908484393964,32,False,0.0,0.0,0,0.0,False,4,5220
29000,A2,0.0,30,False,0.0,0.0,0,0.0,False,5,5221
29000,A2,0.1041258531215828,32,False,0.0,0.0,0,0.0,False,6,5222
29000,A2,0.16375353517668326,32,False,0.0,0.0,0,0.0,False,7,5223
29000,A2,0.0,31,False,0.0,0.0,0,0.0,False,8,5224
29000,A2,0.0,31,False,0.0,0.0,0,0.0,False,9,5225
29000,A2,0.0,31,False,0.0,0.0,0,0.0,False,10,5226
29000,A2,0.15780639537296653,32,False,0.0,0.0,0,0.0,False,11,5227
29000,A2,0.08979001585595356,32,False,0.0,0.0,0,0.0,False,12,5228
29000,A2,0.23186132003447749,32,False,0.0,0.0,0,0.0,False,13,5229
29000,A2,0.1714840256636732,32,False,0.0,0.0,0,0.0,False,14,5230
29000,A2,0.25505575260362223,32,False,0.0,0.0,0,0.0,False,15,5231
29500,A2,0.14938330624770116,32,False,0.0,0.0,0,0.0,False,0,5216
29500,A2,0.087065105578723,32,False,0.0,0.0,0,0.0,False,1,5217
29500,A2,0.0,30,False,0.0,0.0,0,0.0,False,2,5218
29500,A2,0.17152894408526245,32,False,0.0,0.0,0,0.0,False,3,5219
29500,A2,0.22720538177998306,32,False,0.0,0.0,0,0.0,False,4,5220
29500,A2,0.25765976094770915,32,False,0.0,0.0,0,0.0,False,5,5221
29500,A2,0.1306393451151366,32,False,0.0,0.0,0,0.0,False,6,5222
29500,A2,0.0,31,False,0.0,0.0,0,0.0,False,7,5223
29500,A2,0.21503452706298987,32,False,0.0,0.0,0,0.0,False,8,5224
29500,A2,0.26157252236968465,32,False,0.0,0.0,0,0.0,False,9,5225
29500,A2,0.2192535866431328,32,False,0.0,0.0,0,0.0,False,10,5226
29500,A2,0.0,31,False,0.0,0.0,0,0.0,False,11,5227
29500,A2,0.0,30,False,0.0,0.0,0,0.0,False,12,5228
29500,A2,0.0,31,False,0.0,0.0,0,0.0,False,13,5229
29500,A2,0.15901444214938446,32,False,0.0,0.0,0,0.0,False,14,5230
29500,A2,0.21763143296580614,32,False,0.0,0.0,0,0.0,False,15,5231
30000,A2,0.19253475154844926,32,False,0.0,0.0,0,0.0,False,0,5216
30000,A2,0.06510927331436889,32,False,0.0,0.0,0,0.0,False,1,5217
30000,A2,0.0,31,False,0.0,0.0,0,0.0,False,2,5218
30000,A2,0.0,31,False,0.0,0.0,0,0.0,False,3,5219
30000,A2,0.20940900704759502,32,False,0.0,0.0,0,0.0,False,4,5220
30000,A2,0.0,30,False,0.0,0.0,0,0.0,False,5,5221
30000,A2,0.0,31,False,0.0,0.0,0,0.0,False,6,5222
30000,A2,0.17278127631493823,32,False,0.0,0.0,0,0.0,False,7,5223
30000,A2,0.17360407045863366,32,False,0.0,0.0,0,0.0,False,8,5224
30000,A2,0.0,31,False,0.0,0.0,0,0.0,False,9,5225
30000,A2,0.0,31,False,0.0,0.0,0,0.0,False,10,5226
30000,A2,0.18117197576607846,32,False,0.0,0.0,0,0.0,False,11,5227
30000,A2,0.10253201669657527,32,False,0.0,0.0,0,0.0,False,12,5228
30000,A2,0.0,31,False,0.0,0.0,0,0.0,False,13,5229
30000,A2,0.17540052461446481,32,False,0.0,0.0,0,0.0,False,14,5230
30000,A2,0.0,31,False,0.0,0.0,0,0.0,False,15,5231
30500,A2,0.17918394756064454,32,False,0.0,0.0,0,0.0,False,0,5216
30500,A2,0.05694175572718517,32,False,0.0,0.0,0,0.0,False,1,5217
30500,A2,0.0,31,False,0.0,0.0,0,0.0,False,2,5218
30500,A2,0.0,31,False,0.0,0.0,0,0.0,False,3,5219
30500,A2,0.23076686204004754,32,False,0.0,0.0,0,0.0,False,4,5220
30500,A2,0.2211107238814588,32,False,0.0,0.0,0,0.0,False,5,5221
30500,A2,0.08929628353697483,32,False,0.0,0.0,0,0.0,False,6,5222
30500,A2,0.0,31,False,0.0,0.0,0,0.0,False,7,5223
30500,A2,0.2086549934483509,32,False,0.0,0.0,0,0.0,False,8,5224
30500,A2,0.13339652371298066,32,False,0.0,0.0,0,0.0,False,9,5225
30500,A2,0.2497136899193009,32,False,0.0,0.0,0,0.0,False,10,5226
30500,A2,0.2173123988679173,32,False,0.0,0.0,0,0.0,False,11,5227
30500,A2,0.07576594353969861,32,False,0.0,0.0,0,0.0,False,12,5228
30500,A2,0.0,31,False,0.0,0.0,0,0.0,False,13,5229
30500,A2,0.15149399144580616,32,False,0.0,0.0,0,0.0,False,14,5230
30500,A2,0.0,31,False,0.0,0.0,0,0.0,False,15,5231
31000,A2,0.15689167310037527,32,False,0.0,0.0,0,0.0,False,0,5216
31000,A2,0.07714864513751213,32,False,0.0,0.0,0,0.0,False,1,5217
31000,A2,0.0,31,False,0.0,0.0,0,0.0,False,2,5218
31000,A2,0.1004185172531383,32,False,0.0,0.0,0,0.0,False,3,5219
31000,A2,0.29892767555686145,32,False,0.0,0.0,0,0.0,False,4,5220
31000,A2,0.27794512567962365,32,False,0.0,0.0,0,0.0,False,5,5221
31000,A2,0.15090501606807105,32,False,0.0,0.0,0,0.0,False,6,5222
31000,A2,0.19665149259299258,32,False,0.0,0.0,0,0.0,False,7,5223
31000,A2,0.217524407433471,32,False,0.0,0.0,0,0.0,False,8,5224
31000,A2,0.0,31,False,0.0,0.0,0,0.0,False,9,5225
31000,A2,0.12491637192758924,32,False,0.0,0.0,0,0.0,False,10,5226
31000,A2,0.1928076872329305,32,False,0.0,0.0,0,0.0,False,11,5227
31000,A2,0.0,31,False,0.0,0.0,0,0.0,False,12,5228
31000,A2,0.213451124423369,32,False,0.0,0.0,0,0.0,False,13,5229
31000,A2,0.2069248126862363,32,False,0.0,0.0,0,0.0,False,14,5230
31000,A2,0.20790423239942896,32,False,0.0,0.0,0,0.0,False,15,5231
31500,A2,0.22870939464104692,32,False,0.0,0.0,0,0.0,False,0,5216
31500,A2,0.0,31,False,0.0,0.0,0,0.0,False,1,5217
31500,A2,0.0,31,False,0.0,0.0,0,0.0,False,2,5218
31500,A2,0.0,31,False,0.0,0.0,0,0.0,False,3,5219
31500,A2,0.0,31,False,0.0,0.0,0,0.0,False,4,5220
31500,A2,0.2543769567527428,32,False,0.0,0.0,0,0.0,False,5,5221
31500,A2,0.0,31,False,0.0,0.0,0,0.0,False,6,5222
31500,A2,0.15702853781106396,32,False,0.0,0.0,0,0.0,False,7,5223
31500,A2,0.19540287672115472,32,False,0.0,0.0,0,0.0,False,8,5224
31500,A2,0.23135901037774026,32,False,0.0,0.0,0,0.0,False,9,5225
31500,A2,0.24785748327412419,32,False,0.0,0.0,0,0.0,False,10,5226
31500,A2,0.23698417185031637,32,False,0.0,0.0,0,0.0,False,11,5227
31500,A2,0.0,31,False,0.0,0.0,0,0.0,False,12,5228
31500,A2,0.14599143997664316,32,False,0.0,0.0,0,0.0,False,13,5229
31500,A2,0.1778458570258153,32,False,0.0,0.0,0,0.0,False,14,5230
31500,A2,0.19938238989119636,32,False,0.0,0.0,0,0.0,False,15,5231
32000,A2,0.0,31,False,0.0,0.0,0,0.0,False,0,5216
32000,A2,0.11528905425708261,32,False,0.0,0.0,0,0.0,False,1,5217
32000,A2,0.0,31,False,0.0,0.0,0,0.0,False,2,5218
32000,A2,0.0,31,False,0.0,0.0,0,0.0,False,3,5219
32000,A2,0.23633594019510268,32,False,0.0,0.0,0,0.0,False,4,5220
32000,A2,0.0,31,False,0.0,0.0,0,0.0,False,5,5221
32000,A2,0.09398407331328944,32,False,0.0,0.0,0,0.0,False,6,5222
32000,A2,0.2113791567620124,32,False,0.0,0.0,0,0.0,False,7,5223
32000,A2,0.17213739820559454,32,False,0.0,0.0,0,0.0,False,8,5224
32000,A2,0.22912784571625774,32,False,0.0,0.0,0,0.0,False,9,5225
32000,A2,0.0,31,False,0.0,0.0,0,0.0,False,10,5226
32000,A2,0.0,31,False,0.0,0.0,0,0.0,False,11,5227
32000,A2,0.0,31,False,0.0,0.0,0,0.0,False,12,5228
32000,A2,0.0,31,False,0.0,0.0,0,0.0,False,13,5229
32000,A2,0.17738670194671968,32,False,0.0,0.0,0,0.0,False,14,5230
32000,A2,0.0,31,False,0.0,0.0,0,0.0,False,15,5231
32500,A2,0.19314660985826593,32,False,0.0,0.0,0,0.0,False,0,5216
32500,A2,0.09084067915493003,32,False,0.0,0.0,0,0.0,False,1,5217
32500,A2,0.20715335149880498,32,False,0.0,0.0,0,0.0,False,2,5218
32500,A2,0.16844305689667233,32,False,0.0,0.0,0,0.0,False,3,5219
32500,A2,0.2490757540467199,32,False,0.0,0.0,0,0.0,False,4,5220
32500,A2,0.0,31,False,0.0,0.0,0,0.0,False,5,5221
32500,A2,0.0,31,False,0.0,0.0,0,0.0,False,6,5222
32500,A2,0.0,31,False,0.0,0.0,0,0.0,False,7,5223
32500,A2,0.2264619430473001,32,False,0.0,0.0,0,0.0,False,8,5224
32500,A2,0.25343301250311845,32,False,0.0,0.0,0,0.0,False,9,5225
32500,A2,0.0,31,False,0.0,0.0,0,0.0,False,10,5226
32500,A2,0.19593880069912686,32,False,0.0,0.0,0,0.0,False,11,5227
32500,A2,0.0,31,False,0.0,0.0,0,0.0,False,12,5228
32500,A2,0.0,31,False,0.0,0.0,0,0.0,False,13,5229
32500,A2,0.16268939478691996,32,False,0.0,0.0,0,0.0,False,14,5230
32500,A2,0.0,30,False,0.0,0.0,0,0.0,False,15,5231
33000,A2,0.18260348361528278,32,False,0.0,0.0,0,0.0,False,0,5216
33000,A2,0.0,31,False,0.0,0.0,0,0.0,False,1,5217
33000,A2,0.22391023623418838,32,False,0.0,0.0,0,0.0,False,2,5218
33000,A2,0.15614782710158204,32,False,0.0,0.0,0,0.0,False,3,5219
33000,A2,0.15946700296530336,32,False,0.0,0.0,0,0.0,False,4,5220
33000,A2,0.21225206168892263,32,False,0.0,0.0,0,0.0,False,5,5221
33000,A2,0.12973549108319968,32,False,0.0,0.0,0,0.0,False,6,5222
33000,A2,0.0,31,False,0.0,0.0,0,0.0,False,7,5223
33000,A2,0.21614303212511504,32,False,0.0,0.0,0,0.0,False,8,5224
33000,A2,0.0,31,False,0.0,0.0,0,0.0,False,9,5225
33000,A2,0.0,31,False,0.0,0.0,0,0.0,False,10,5226
33000,A2,0.1926847800869928,32,False,0.0,0.0,0,0.0,False,11,5227
33000,A2,0.14508097894259966,32,False,0.0,0.0,0,0.0,False,12,5228
33000,A2,0.23554944050063742,32,False,0.0,0.0,0,0.0,False,13,5229
33000,A2,0.17494966065387665,32,False,0.0,0.0,0,0.0,False,14,5230
33000,A2,0.0,31,False,0.0,0.0,0,0.0,False,15,5231
33500,A2,0.2811500675905236,32,False,0.0,0.0,0,0.0,False,0,5216
33500,A2,0.10956804855173621,32,False,0.0,0.0,0,0.0,False,1,5217
33500,A2,0.0,31,False,0.0,0.0,0,0.0,False,2,5218
33500,A2,0.0,31,False,0.0,0.0,0,0.0,False,3,5219
33500,A2,0.15073673967903048,32,False,0.0,0.0,0,0.0,False,4,5220
33500,A2,0.0,31,False,0.0,0.0,0,0.0,False,5,5221
33500,A2,0.11363086715476106,32,False,0.0,0.0,0,0.0,False,6,5222
33500,A2,0.1510293579286233,32,False,0.0,0.0,0,0.0,False,7,5223
33500,A2,0.23787439169283492,32,False,0.0,0.0,0,0.0,False,8,5224
33500,A2,0.0,31,False,0.0,0.0,0,0.0,False,9,5225
33500,A2,0.2528703141113887,32,False,0.0,0.0,0,0.0,False,10,5226
33500,A2,0.20842962939488957,32,False,0.0,0.0,0,0.0,False,11,5227
33500,A2,0.13126575438232851,32,False,0.0,0.0,0,0.0,False,12,5228
33500,A2,0.0,31,False,0.0,0.0,0,0.0,False,13,5229
33500,A2,0.09862714753075506,32,False,0.0,0.0,0,0.0,False,14,5230
33500,A2,0.20170502710845825,32,False,0.0,0.0,0,0.0,False,15,5231
34000,A2,0.2217298524480598,32,False,0.0,0.0,0,0.0,False,0,5216
34000,A2,0.049964207363300615,32,False,0.0,0.0,0,0.0,False,1,5217
34000,A2,0.0,30,False,0.0,0.0,0,0.0,False,2,5218
34000,A2,0.13914986673544058,32,False,0.0,0.0,0,0.0,False,3,5219
34000,A2,0.24510607209353708,32,False,0.0,0.0,0,0.0,False,4,5220
34000,A2,0.0,30,False,0.0,0.0,0,0.0,False,5,5221
34000,A2,0.12357722392516253,32,False,0.0,0.0,0,0.0,False,6,5222
34000,A2,0.18484238852265136,32,False,0.0,0.0,0,0.0,False,7,5223
34000,A2,0.16298067322310003,32,False,0.0,0.0,0,0.0,False,8,5224
34000,A2,0.1980054496208009,32,False,0.0,0.0,0,0.0,False,9,5225
34000,A2,0.18693182520955187,32,False,0.0,0.0,0,0.0,False,10,5226
34000,A2,0.1982794161935046,32,False,0.0,0.0,0,0.0,False,11,5227
34000,A2,0.08052261861637988,32,False,0.0,0.0,0,0.0,False,12,5228
34000,A2,0.22326953535813981,32,False,0.0,0.0,0,0.0,False,13,5229
34000,A2,0.1553082557967611,32,False,0.0,0.0,0,0.0,False,14,5230
34000,A2,0.0,31,False,0.0,0.0,0,0.0,False,15,5231
34500,A2,0.2205975094389544,32,False,0.0,0.0,0,0.0,False,0,5216
34500,A2,0.12447572131086623,32,False,0.0,0.0,0,0.0,False,1,5217
34500,A2,0.2628243480650507,32,False,0.0,0.0,0,0.0,False,2,5218
34500,A2,0.0,31,False,0.0,0.0,0,0.0,False,3,5219
34500,A2,0.21734818042830814,32,False,0.0,0.0,0,0.0,False,4,5220
34500,A2,0.0,31,False,0.0,0.0,0,0.0,False,5,5221
34500,A2,0.08543600274734822,32,False,0.0,0.0,0,0.0,False,6,5222
34500,A2,0.0,31,False,0.0,0.0,0,0.0,False,7,5223
34500,A2,0.17467932750214354,32,False,0.0,0.0,0,0.0,False,8,5224
34500,A2,0.2194001455292676,32,False,0.0,0.0,0,0.0,False,9,5225
34500,A2,0.24802027086862524,32,False,0.0,0.0,0,0.0,False,10,5226
34500,A2,0.19299904952404098,32,False,0.0,0.0,0,0.0,False,11,5227
34500,A2,0.0,31,False,0.0,0.0,0,0.0,False,12,5228
34500,A2,0.12357355355665918,32,False,0.0,0.0,0,0.0,False,13,5229
34500,A2,0.22599509786789218,32,False,0.0,0.0,0,0.0,False,14,5230
34500,A2,0.0,31,False,0.0,0.0,0,0.0,False,15,5231
35000,A2,0.27543423974263476,32,False,0.0,0.0,0,0.0,False,0,5216
35000,A2,0.0,30,False,0.0,0.0,0,0.0,False,1,5217
35000,A2,0.0,31,False,0.0,0.0,0,0.0,False,2,5218
35000,A2,0.0,31,False,0.0,0.0,0,0.0,False,3,5219
35000,A2,0.19433963783189714,32,False,0.0,0.0,0,0.0,False,4,5220
35000,A2,0.19502100093115973,32,False,0.0,0.0,0,0.0,False,5,5221
35000,A2,0.13428974651690645,32,False,0.0,0.0,0,0.0,False,6,5222
35000,A2,0.0,31,False,0.0,0.0,0,0.0,False,7,5223
35000,A2,0.16673765475726507,32,False,0.0,0.0,0,0.0,False,8,5224
35000,A2,0.26317541670752354,32,False,0.0,0.0,0,0.0,False,9,5225
35000,A2,0.0,31,False,0.0,0.0,0,0.0,False,10,5226
35000,A2,0.0,31,False,0.0,0.0,0,0.0,False,11,5227
35000,A2,0.0,31,False,0.0,0.0,0,0.0,False,12,5228
35000,A2,0.2491112523231251,32,False,0.0,0.0,0,0.0,False,13,5229
35000,A2,0.0,31,False,0.0,0.0,0,0.0,False,14,5230
35000,A2,0.0,30,False,0.0,0.0,0,0.0,False,15,5231
35500,A2,0.0,31,False,0.0,0.0,0,0.0,False,0,5216
35500,A2,0.0,31,False,0.0,0.0,0,0.0,False,1,5217
35500,A2,0.23927894604296765,32,False,0.0,0.0,0,0.0,False,2,5218
35500,A2,0.0,31,False,0.0,0.0,0,0.0,False,3,5219
35500,A2,0.21814162245569324,32,False,0.0,0.0,0,0.0,False,4,5220
35500,A2,0.0,31,False,0.0,0.0,0,0.0,False,5,5221
35500,A2,0.10075460362067247,32,False,0.0,0.0,0,0.0,False,6,5222
35500,A2,0.12937810325055235,32,False,0.0,0.0,0,0.0,False,7,5223
35500,A2,0.24367364620848178,32,False,0.0,0.0,0,0.0,False,8,5224
35500,A2,0.25914803724079843,32,False,0.0,0.0,0,0.0,False,9,5225
35500,A2,0.0,31,False,0.0,0.0,0,0.0,False,10,5226
35500,A2,0.22511715550305272,32,False,0.0,0.0,0,0.0,False,11,5227
35500,A2,0.08088585102844247,32,False,0.0,0.0,0,0.0,False,12,5228
35500,A2,0.0,31,False,0.0,0.0,0,0.0,False,13,5229
35500,A2,0.1814327914679982,32,False,0.0,0.0,0,0.0,False,14,5230
35500,A2,0.0,31,False,0.0,0.0,0,0.0,False,15,5231
36000,A2,0.18233782151588177,32,False,0.0,0.0,0,0.0,False,0,5216
36000,A2,0.0,31,False,0.0,0.0,0,0.0,False,1,5217
36000,A2,0.1841071205645249,32,False,0.0,0.0,0,0.0,False,2,5218
36000,A2,0.0,31,False,0.0,0.0,0,0.0,False,3,5219
36000,A2,0.0,31,False,0.0,0.0,0,0.0,False,4,5220
36000,A2,0.20345284002403752,32,False,0.0,0.0,0,0.0,False,5,5221
36000,A2,0.0,29,False,0.0,0.0,0,0.0,False,6,5222
36000,A2,0.22186518323613522,32,False,0.0,0.0,0,0.0,False,7,5223
36000,A2,0.1936112463248909,32,False,0.0,0.0,0,0.0,False,8,5224
36000,A2,0.20790787636372254,32,False,0.0,0.0,0,0.0,False,9,5225
36000,A2,0.0,31,False,0.0,0.0,0,0.0,False,10,5226
36000,A2,0.0,31,False,0.0,0.0,0,0.0,False,11,5227
36000,A2,0.0,31,False,0.0,0.0,0,0.0,False,12,5228
36000,A2,0.21479880523588965,32,False,0.0,0.0,0,0.0,False,13,5229
36000,A2,0.0,31,False,0.0,0.0,0,0.0,False,14,5230
36000,A2,0.0,30,False,0.0,0.0,0,0.0,False,15,5231
36500,A2,0.21942997234741551,32,False,0.0,0.0,0,0.0,False,0,5216
36500,A2,0.08360978115411466,32,False,0.0,0.0,0,0.0,False,1,5217
36500,A2,0.0,31,False,0.0,0.0,0,0.0,False,2,5218
36500,A2,0.12466399394839563,32,False,0.0,0.0,0,0.0,False,3,5219
36500,A2,0.2012630147525556,32,False,0.0,0.0,0,0.0,False,4,5220
36500,A2,0.0,31,False,0.0,0.0,0,0.0,False,5,5221
36500,A2,0.15762869500723461,32,False,0.0,0.0,0,0.0,False,6,5222
36500,A2,0.2374119716629407,32,False,0.0,0.0,0,0.0,False,7,5223
36500,A2,0.2108268415259533,32,False,0.0,0.0,0,0.0,False,8,5224
36500,A2,0.2372829629425158,32,False,0.0,0.0,0,0.0,False,9,5225
36500,A2,0.21673528443307094,32,False,0.0,0.0,0,0.0,False,10,5226
36500,A2,0.0,31,False,0.0,0.0,0,0.0,False,11,5227
36500,A2,0.12664189703472126,32,False,0.0,0.0,0,0.0,False,12,5228
36500,A2,0.1885472481952972,32,False,0.0,0.0,0,0.0,False,13,5229
36500,A2,0.18718813203892828,32,False,0.0,0.0,0,0.0,False,14,5230
36500,A2,0.0,31,False,0.0,0.0,0,0.0,False,15,5231
37000,A2,0.21572481352850756,32,False,0.0,0.0,0,0.0,False,0,5216
37000,A2,0.0,31,False,0.0,0.0,0,0.0,False,1,5217
37000,A2,0.0,30,False,0.0,0.0,0,0.0,False,2,5218
37000,A2,0.0,31,False,0.0,0.0,0,0.0,False,3,5219
37000,A2,0.2192328992495578,32,False,0.0,0.0,0,0.0,False,4,5220
37000,A2,0.16913671488262277,32,False,0.0,0.0,0,0.0,False,5,5221
37000,A2,0.13079610896229524,32,False,0.0,0.0,0,0.0,False,6,5222
37000,A2,0.23441740677615838,32,False,0.0,0.0,0,0.0,False,7,5223
37000,A2,0.20281554503368507,32,False,0.0,0.0,0,0.0,False,8,5224
37000,A2,0.25772616348662686,32,False,0.0,0.0,0,0.0,False,9,5225
37000,A2,0.24854334338153428,32,False,0.0,0.0,0,0.0,False,10,5226
37000,A2,0.23469338271302076,32,False,0.0,0.0,0,0.0,False,11,5227
37000,A2,0.13068175278051603,32,False,0.0,0.0,0,0.0,False,12,5228
37000,A2,0.2274623270034812,32,False,0.0,0.0,0,0.0,False,13,5229
37000,A2,0.17044836661887605,32,False,0.0,0.0,0,0.0,False,14,5230
37000,A2,0.0,30,False,0.0,0.0,0,0.0,False,15,5231
37500,A2,0.0,31,False,0.0,0.0,0,0.0,False,0,5216
37500,A2,0.04936861713516045,32,False,0.0,0.0,0,0.0,False,1,5217
37500,A2,0.20528151798539385,32,False,0.0,0.0,0,0.0,False,2,5218
37500,A2,0.0,31,False,0.0,0.0,0,0.0,False,3,5219
37500,A2,0.2449777340264712,32,False,0.0,0.0,0,0.0,False,4,5220
37500,A2,0.2300352077610866,32,False,0.0,0.0,0,0.0,False,5,5221
37500,A2,0.1101161947487867,32,False,0.0,0.0,0,0.0,False,6,5222
37500,A2,0.0,31,False,0.0,0.0,0,0.0,False,7,5223
37500,A2,0.14378432738289015,32,False,0.0,0.0,0,0.0,False,8,5224
37500,A2,0.2513866053771017,32,False,0.0,0.0,0,0.0,False,9,5225
37500,A2,0.0,31,False,0.0,0.0,0,0.0,False,10,5226
37500,A2,0.19253322180374788,32,False,0.0,0.0,0,0.0,False,11,5227
37500,A2,0.0,31,False,0.0,0.0,0,0.0,False,12,5228
37500,A2,0.19633252809197274,32,False,0.0,0.0,0,0.0,False,13,5229
37500,A2,0.19826858268465744,32,False,0.0,0.0,0,0.0,False,14,5230
37500,A2,0.1663150746208007,32,False,0.0,0.0,0,0.0,False,15,5231
38000,A2,0.18698678939588856,32,False,0.0,0.0,0,0.0,False,0,5216
38000,A2,0.09836359840318463,32,False,0.0,0.0,0,0.0,False,1,5217
38000,A2,0.16686301182948102,32,False,0.0,0.0,0,0.0,False,2,5218
38000,A2,0.0,31,False,0.0,0.0,0,0.0,False,3,5219
38000,A2,0.2150805889380205,32,False,0.0,0.0,0,0.0,False,4,5220
38000,A2,0.0,31,False,0.0,0.0,0,0.0,False,5,5221
38000,A2,0.0792046030459862,32,False,0.0,0.0,0,0.0,False,6,5222
38000,A2,0.0,31,False,0.0,0.0,0,0.0,False,7,5223
38000,A2,0.17870099414373125,32,False,0.0,0.0,0,0.0,False,8,5224
38000,A2,0.22875721753138115,32,False,0.0,0.0,0,0.0,False,9,5225
38000,A2,0.0,31,False,0.0,0.0,0,0.0,False,10,5226
38000,A2,0.20751168849748758,32,False,0.0,0.0,0,0.0,False,11,5227
38000,A2,0.13268892550507652,32,False,0.0,0.0,0,0.0,False,12,5228
38000,A2,0.14061204263950866,32,False,0.0,0.0,0,0.0,False,13,5229
38000,A2,0.18429815502926758,32,False,0.0,0.0,0,0.0,False,14,5230
38000,A2,0.0,30,False,0.0,0.0,0,0.0,False,15,5231
38500,A2,0.19758480093823583,32,False,0.0,0.0,0,0.0,False,0,5216
38500,A2,0.05572112697685182,32,False,0.0,0.0,0,0.0,False,1,5217
38500,A2,0.19744782481150208,32,False,0.0,0.0,0,0.0,False,2,5218
38500,A2,0.10194326042156515,32,False,0.0,0.0,0,0.0,False,3,5219
38500,A2,0.13904466097634788,32,False,0.0,0.0,0,0.0,False,4,5220
38500,A2,0.0,31,False,0.0,0.0,0,0.0,False,5,5221
38500,A2,0.13042340153267712,32,False,0.0,0.0,0,0.0,False,6,5222
38500,A2,0.2061174975398539,32,False,0.0,0.0,0,0.0,False,7,5223
38500,A2,0.24642770863606975,32,False,0.0,0.0,0,0.0,False,8,5224
38500,A2,0.16659036264656907,32,False,0.0,0.0,0,0.0,False,9,5225
38500,A2,0.0,31,False,0.0,0.0,0,0.0,False,10,5226
38500,A2,0.1245179501810438,32,False,0.0,0.0,0,0.0,False,11,5227
38500,A2,0.07104289873838876,32,False,0.0,0.0,0,0.0,False,12,5228
38500,A2,0.22771972377057798,32,False,0.0,0.0,0,0.0,False,13,5229
38500,A2,0.22359000378234908,32,False,0.0,0.0,0,0.0,False,14,5230
38500,A2,0.0,30,False,0.0,0.0,0,0.0,False,15,5231
39000,A2,0.0,31,False,0.0,0.0,0,0.0,False,0,5216
39000,A2,0.06769208438380367,32,False,0.0,0.0,0,0.0,False,1,5217
39000,A2,0.25971098234443285,32,False,0.0,0.0,0,0.0,False,2,5218
39000,A2,0.1044486148115588,32,False,0.0,0.0,0,0.0,False,3,5219
39000,A2,0.1675146061792991,32,False,0.0,0.0,0,0.0,False,4,5220
39000,A2,0.21078616540141706,32,False,0.0,0.0,0,0.0,False,5,5221
39000,A2,0.0,31,False,0.0,0.0,0,0.0,False,6,5222
39000,A2,0.0,31,False,0.0,0.0,0,0.0,False,7,5223
39000,A2,0.25197859550356366,32,False,0.0,0.0,0,0.0,False,8,5224
39000,A2,0.0,31,False,0.0,0.0,0,0.0,False,9,5225
39000,A2,0.20889032201018257,32,False,0.0,0.0,0,0.0,False,10,5226
39000,A2,0.1609941278661296,32,False,0.0,0.0,0,0.0,False,11,5227
39000,A2,0.12414289796557533,32,False,0.0,0.0,0,0.0,False,12,5228
39000,A2,0.2350387533489902,32,False,0.0,0.0,0,0.0,False,13,5229
39000,A2,0.0,31,False,0.0,0.0,0,0.0,False,14,5230
39000,A2,0.0,31,False,0.0,0.0,0,0.0,False,15,5231
39500,A2,0.17487566245257144,32,False,0.0,0.0,0,0.0,False,0,5216
39500,A2,0.0685978935069738,32,False,0.0,0.0,0,0.0,False,1,5217
39500,A2,0.0,31,False,0.0,0.0,0,0.0,False,2,5218
39500,A2,0.11899090881802243,32,False,0.0,0.0,0,0.0,False,3,5219
39500,A2,0.2209283213075218,32,False,0.0,0.0,0,0.0,False,4,5220
39500,A2,0.1349388060702794,32,False,0.0,0.0,0,0.0,False,5,5221
39500,A2,0.0,31,False,0.0,0.0,0,0.0,False,6,5222
39500,A2,0.0,31,False,0.0,0.0,0,0.0,False,7,5223
39500,A2,0.22258192430997442,32,False,0.0,0.0,0,0.0,False,8,5224
39500,A2,0.2467870819342836,32,False,0.0,0.0,0,0.0,False,9,5225
39500,A2,0.2137493955441672,32,False,0.0,0.0,0,0.0,False,10,5226
39500,A2,0.23345469449233627,32,False,0.0,0.0,0,0.0,False,11,5227
39500,A2,0.12262425541091986,32,False,0.0,0.0,0,0.0,False,12,5228
39500,A2,0.0,31,False,0.0,0.0,0,0.0,False,13,5229
39500,A2,0.17300703263255668,32,False,0.0,0.0,0,0.0,False,14,5230
39500,A2,0.0,31,False,0.0,0.0,0,0.0,False,15,5231
