system,cell,method,seed,stage,n_replicas,n_steps,dt,t_phys,l2_f,int_l2_f,n_cross,n_roundtrips,p_a,p_b,cv_coverage,low_support_fraction,support_min_over_median,f_range,spectral_gap_matrix,n_states_visited_frac,fpt_frac,sweep,orphan,cross_per_replica,log10_cross_per_replica,cross_rate_per_time,roundtrips_per_replica,roundtrip_rate_per_time,n_relax,log10_n_relax,min_state_occupancy
wca,b1_h1_w2_n10_a1.5,abf,0,production,1024.0,120000.0,0.002,240.0,0.0983255474718814,41.73843826180162,1544694.0,772048.0,0.43017643915761855,0.5698235608423814,1.0,0.0,0.7281088723086193,1.5351479717064649,nan,1.0,0.0,physics,False,1508.490234375,3.1788303077064044,6.2853759765625,753.953125,3.141471354166667,3076.985748136183,3.4882666046052253,0.43017643915761855
wca,b1_h1_w2_n10_a1.5,abf,1,production,1024.0,120000.0,0.002,240.0,0.10284767044380866,37.27577528732918,1554694.0,777048.0,0.4326183308843388,0.5673816691156612,1.0,0.0,0.7308835633932649,1.5351479717064649,nan,1.0,0.0,physics,False,1518.255859375,3.181630919983529,6.326066080729166,758.8359375,3.16181640625,3092.678336595865,3.4904751561947536,0.4326183308843388
wca,b1_h1_w2_n10_a1.5,abf,2,production,1024.0,120000.0,0.002,240.0,0.10315123959832545,46.392987606172966,1556247.0,777826.0,0.4293622551149663,0.5706377448850337,1.0,0.0,0.7143076618811698,1.5351479717064649,nan,1.0,0.0,physics,False,1519.7724609375,3.1820642394628775,6.33238525390625,759.595703125,3.1649820963541666,3101.4459496736,3.491704224026375,0.4293622551149663
wca,b1_h1_w2_n10_a1.5,abf,3,production,1024.0,120000.0,0.002,240.0,0.09771581331817727,42.867428434706454,1561315.0,780346.0,0.43770151935268886,0.5622984806473111,1.0,0.0,0.7339408751032943,1.5351479717064649,nan,1.0,0.0,physics,False,1524.7216796875,3.1834753173672223,6.353006998697917,762.056640625,3.1752360026041666,3097.5306731178725,3.49115579969496,0.43770151935268886
wca,b1_h2_w2_n10_a1.5,abf,0,production,1024.0,120000.0,0.002,240.0,0.09239884189654113,37.78489731406954,1560174.0,779792.0,0.43184404326177933,0.5681559567382207,1.0,0.0,0.7266740223182514,2.348273277282715,nan,1.0,0.0,physics,False,1523.607421875,3.1831580296092143,6.3483642578125,761.515625,3.172981770833333,3104.9069260804595,3.492188437195724,0.43184404326177933
wca,b1_h2_w2_n10_a1.5,abf,1,production,1024.0,120000.0,0.002,240.0,0.09848450204996467,43.11839066115224,1557068.0,778245.0,0.4313735941003255,0.5686264058996746,1.0,0.0,0.7284057531149628,2.348273277282715,nan,1.0,0.0,physics,False,1520.57421875,3.182293141056622,6.335725911458334,760.0048828125,3.16668701171875,3099.5385816214766,3.4914371398697326,0.4313735941003255
wca,b1_h2_w2_n10_a1.5,abf,2,production,1024.0,120000.0,0.002,240.0,0.08974311813109472,37.98909673582804,1562920.0,781163.0,0.43127257699078414,0.5687274230092157,1.0,0.0,0.7191584448661633,2.348273277282715,nan,1.0,0.0,physics,False,1526.2890625,3.183921241619566,6.359537760416667,762.8544921875,3.1785603841145833,3111.363716736782,3.4930903437616223,0.43127257699078414
wca,b1_h2_w2_n10_a1.5,abf,3,production,1024.0,120000.0,0.002,240.0,0.09122162893076358,41.60845651230639,1557686.0,778533.0,0.43210506457740366,0.5678949354225963,1.0,0.0,0.7306772191273804,2.348273277282715,nan,1.0,0.0,physics,False,1521.177734375,3.1824653650178063,6.338240559895834,760.2861328125,3.16785888671875,3099.506933119385,3.491432706820568,0.43210506457740366
wca,b1_h4_w2_n10_a1.5,abf,0,production,1024.0,120000.0,0.002,240.0,0.09029130418765274,50.55853214120057,1561902.0,780663.0,0.4314492344888108,0.5685507655111892,1.0,0.0,0.74052829418886,4.268068313598633,nan,1.0,0.0,physics,False,1525.294921875,3.183638459285668,6.3553955078125,762.3662109375,3.17652587890625,3109.029746770163,3.4927645429806486,0.4314492344888108
wca,b1_h4_w2_n10_a1.5,abf,1,production,1024.0,120000.0,0.002,240.0,0.09489908617322972,51.59255652659891,1560856.0,780130.0,0.429206222096497,0.5707937779035029,1.0,0.0,0.7342390678703655,4.268068313598633,nan,1.0,0.0,physics,False,1524.2734375,3.1833477071269494,6.351139322916667,761.845703125,3.1743570963541665,3110.9114282690243,3.4930272275331316,0.429206222096497
wca,b1_h4_w2_n10_a1.5,abf,2,production,1024.0,120000.0,0.002,240.0,0.09596504669783451,49.187651789960576,1566666.0,783032.0,0.43006322111588996,0.56993677888411,1.0,0.0,0.7334483648387978,4.268068313598633,nan,1.0,0.0,physics,False,1529.947265625,3.184960231428173,6.3747802734375,764.6796875,3.186165364583333,3120.9548015191626,3.4944266112206614,0.43006322111588996
wca,b1_h4_w2_n10_a1.5,abf,3,production,1024.0,120000.0,0.002,240.0,0.0960965197221633,49.30920721701041,1570636.0,785020.0,0.4264542456995741,0.573545754300426,1.0,0.0,0.7210241695951286,4.268068313598633,nan,1.0,0.0,physics,False,1533.82421875,3.186058643527646,6.390934244791667,766.62109375,3.1942545572916665,3135.48757034325,3.4964435708014467,0.4264542456995741
wca,b1_h6_w2_n10_a1.5,abf,0,production,1024.0,120000.0,0.002,240.0,0.08642483279193833,53.97435228128607,1628072.0,813734.0,0.4299806071139798,0.5700193928860202,1.0,0.0,0.7434918202162456,6.201542377471924,nan,1.0,0.0,physics,False,1589.9140625,3.2016467206962047,6.624641927083333,794.662109375,3.3110921223958334,3243.434673227476,3.511139034052655,0.4299806071139798
wca,b1_h6_w2_n10_a1.5,abf,1,production,1024.0,120000.0,0.002,240.0,0.0944299883366071,51.885068234061436,1632648.0,816040.0,0.4301556154360778,0.5698443845639223,1.0,0.0,0.7512558955030102,6.201542377471924,nan,1.0,0.0,physics,False,1594.3828125,3.2028649089659216,6.64326171875,796.9140625,3.3204752604166665,3252.2261586437194,3.5123142557309466,0.4301556154360778
wca,b1_h6_w2_n10_a1.5,abf,2,production,1024.0,120000.0,0.002,240.0,0.09924512969886726,55.052461559903904,1625674.0,812545.0,0.42663842750900266,0.5733615724909974,1.0,0.0,0.732249641492429,6.201542377471924,nan,1.0,0.0,physics,False,1587.572265625,3.2010069760711306,6.614884440104166,793.5009765625,3.3062540690104165,3245.001897838264,3.511348769409019,0.42663842750900266
wca,b1_h6_w2_n10_a1.5,abf,3,production,1024.0,120000.0,0.002,240.0,0.09750394871697178,53.49759919777305,1634678.0,817034.0,0.4233313838693031,0.576668616130697,1.0,0.0,0.7265382313135587,6.201542377471924,nan,1.0,0.0,physics,False,1596.365234375,3.2034042280597674,6.651521809895834,797.884765625,3.3245198567708334,3269.606458919479,3.5146282900736407,0.4233313838693031
wca,b2_h1_w2_n10_a1.5,abf,0,production,1024.0,120000.0,0.002,240.0,0.010397653294637816,12.642946826135141,1004243.0,501840.0,0.44081466883669435,0.5591853311633057,1.0,0.0,0.8306070374988093,1.2235095999203622,nan,1.0,0.0,physics,False,980.7060546875,2.991981469520877,4.086275227864584,490.078125,2.0419921875,1989.2852052087958,3.2989153146877275,0.44081466883669435
wca,b2_h1_w2_n10_a1.5,abf,1,production,1024.0,120000.0,0.002,240.0,0.012789227074392739,13.054727800240439,1016926.0,508176.0,0.44827348893523167,0.5517265110647683,1.0,0.0,0.8483015400351881,1.2235095999203622,nan,1.0,0.0,physics,False,993.091796875,2.9974264900668395,4.137882486979167,496.265625,2.0677734375,2007.670745694416,3.302908754544714,0.44827348893523167
wca,b2_h1_w2_n10_a1.5,abf,2,production,1024.0,120000.0,0.002,240.0,0.01364225016584844,13.587611392709999,1021712.0,510573.0,0.43819307931005724,0.5618069206899428,1.0,0.0,0.8027701676508916,1.2235095999203622,nan,1.0,0.0,physics,False,997.765625,2.999463586613111,4.157356770833333,498.6064453125,2.07752685546875,2026.4968962521186,3.306960198053793,0.43819307931005724
wca,b2_h1_w2_n10_a1.5,abf,3,production,1024.0,120000.0,0.002,240.0,0.013190709803829845,13.580710290894837,1017815.0,508615.0,0.4425275835431529,0.5574724164568471,1.0,0.0,0.8160564870632602,1.2235095999203622,nan,1.0,0.0,physics,False,993.9599609375,2.9978056042695673,4.141499837239583,496.6943359375,2.0695597330729165,2014.5366134119283,3.304390691776263,0.4425275835431529
wca,b2_h2_w2_n10_a1.5,abf,0,production,1024.0,120000.0,0.002,240.0,0.014008467370826196,15.586643024435261,1003285.0,501357.0,0.4382624156117825,0.5617375843882175,1.0,0.0,0.8284308970830468,2.193348568631336,nan,1.0,0.0,physics,False,979.7705078125,2.9915673979503756,4.082377115885417,489.6064453125,2.04002685546875,1989.8789434178425,3.2990448532951144,0.4382624156117825
wca,b2_h2_w2_n10_a1.5,abf,1,production,1024.0,120000.0,0.002,240.0,0.010124039168381175,14.994648447278617,997570.0,498523.0,0.44384339000252176,0.5561566099974782,1.0,0.0,0.8496659141629286,2.193348568631336,nan,1.0,0.0,physics,False,974.189453125,2.98908899565136,4.059122721354167,486.8388671875,2.028495279947917,1973.2702490089566,3.295406601028652,0.44384339000252176
wca,b2_h2_w2_n10_a1.5,abf,2,production,1024.0,120000.0,0.002,240.0,0.011312209862097621,15.137938341338197,992923.0,496175.0,0.4403111858634118,0.5596888141365882,1.0,0.0,0.8534485907167387,2.193348568631336,nan,1.0,0.0,physics,False,969.6513671875,2.987063270593305,4.040214029947917,484.5458984375,2.0189412434895835,1967.3393227353513,3.2940999687338284,0.4403111858634118
wca,b2_h2_w2_n10_a1.5,abf,3,production,1024.0,120000.0,0.002,240.0,0.01599534576474748,16.194359139850924,1000164.0,499813.0,0.44043749869275994,0.5595625013072401,1.0,0.0,0.845611458671479,2.193348568631336,nan,1.0,0.0,physics,False,976.72265625,2.990215678977741,4.069677734375,488.0986328125,2.033744303385417,1981.5652416492073,3.297227487854474,0.44043749869275994
wca,b2_h4_w2_n10_a1.5,abf,0,production,1024.0,120000.0,0.002,240.0,0.015733477254960108,21.956049381505665,975146.0,487297.0,0.43878552088238437,0.5612144791176156,1.0,0.0,0.867973457993863,4.1408843994140625,nan,1.0,0.0,physics,False,952.291015625,2.9792254999949104,3.967879231770833,475.8759765625,1.9828165690104167,1933.5639306128137,3.2865830862173055,0.43878552088238437
wca,b2_h4_w2_n10_a1.5,abf,1,production,1024.0,120000.0,0.002,240.0,0.013179050673584158,23.49940469974768,983517.0,491480.0,0.4441836929857377,0.5558163070142622,1.0,0.0,0.8699159131423468,4.1408843994140625,nan,1.0,0.0,physics,False,960.4658203125,2.982933849870889,4.00194091796875,479.9609375,1.9998372395833333,1945.1720646688284,3.289181234407534,0.4441836929857377
wca,b2_h4_w2_n10_a1.5,abf,2,production,1024.0,120000.0,0.002,240.0,0.01511503257487195,23.729933020172986,985579.0,492509.0,0.44264574690569236,0.5573542530943075,1.0,0.0,0.862855179874581,4.1408843994140625,nan,1.0,0.0,physics,False,962.4794921875,2.98384247506351,4.010331217447916,480.9658203125,2.0040242513020834,1950.6253940502459,3.2903964604056646,0.44264574690569236
wca,b2_h4_w2_n10_a1.5,abf,3,production,1024.0,120000.0,0.002,240.0,0.014938650608828154,25.044270250351403,979858.0,489647.0,0.43492740099379373,0.5650725990062063,1.0,0.0,0.8529110030746129,4.1408843994140625,nan,1.0,0.0,physics,False,956.892578125,2.981316808302593,3.987052408854167,478.1708984375,1.9923787434895834,1946.7589160095997,3.2895352010404646,0.43492740099379373
wca,b2_h4_w2_n14_a1.5,abf,0,production,1024.0,120000.0,0.002,240.0,0.013469035993131087,25.088965092925516,970641.0,485048.0,0.43735469899802704,0.562645301001973,1.0,0.0,0.8638822246178385,4.139737129211426,nan,1.0,0.0,physics,False,947.8916015625,2.977216602804419,3.94954833984375,473.6796875,1.9736653645833333,1926.0173124052333,3.2848856163930176,0.43735469899802704
wca,b2_h4_w2_n14_a1.5,abf,1,production,1024.0,120000.0,0.002,240.0,0.015089469793882825,21.76642645692378,975018.0,487227.0,0.4382684523233007,0.5617315476766993,1.0,0.0,0.8622971886557708,4.139737129211426,nan,1.0,0.0,physics,False,952.166015625,2.979168549526659,3.9673583984375,475.8076171875,1.98253173828125,1933.8093500043492,3.2866381774581392,0.4382684523233007
wca,b2_h4_w2_n14_a1.5,abf,2,production,1024.0,120000.0,0.002,240.0,0.015153997029642693,19.622142262024273,977913.0,488674.0,0.43992657073189106,0.560073429268109,1.0,0.0,0.8659810121890997,4.139737129211426,nan,1.0,0.0,physics,False,954.9931640625,2.9804547868152746,3.97913818359375,477.220703125,1.9884195963541667,1937.9613183855884,3.2875691451389124,0.43992657073189106
wca,b2_h4_w2_n14_a1.5,abf,3,production,1024.0,120000.0,0.002,240.0,0.015495458483744161,19.20759755852474,974903.0,487168.0,0.44093510149817,0.55906489850183,1.0,0.0,0.8704040133195556,4.139737129211426,nan,1.0,0.0,physics,False,952.0537109375,2.9791173767206596,3.9668904622395833,475.75,1.9822916666666666,1931.0546110565047,3.286019397931076,0.44093510149817
wca,b2_h4_w2_n7_a1.5,abf,0,production,1024.0,120000.0,0.002,240.0,0.017184463078521953,25.327222745990134,1079522.0,539509.0,0.4571144359469986,0.5428855640530015,1.0,0.0,0.7839694524810756,4.141632080078125,nan,1.0,0.0625,physics,False,1054.220703125,3.023343303354024,4.392586263020833,526.8642578125,2.195267740885417,2124.067504810531,3.3273727303868337,0.4571144359469986
wca,b2_h4_w2_n7_a1.5,abf,1,production,1024.0,120000.0,0.002,240.0,0.015780452598189547,24.315887483856766,1074254.0,536879.0,0.45444616298329166,0.5455538370167083,1.0,0.0,0.7953016762649298,4.141632080078125,nan,1.0,0.041666666666666664,physics,False,1049.076171875,3.0212208036652917,4.371150716145833,524.2958984375,2.1845662434895834,2115.7140573466686,3.325662194011881,0.45444616298329166
wca,b2_h4_w2_n7_a1.5,abf,2,production,1024.0,120000.0,0.002,240.0,0.022404327127178835,24.738658365485318,1091835.0,545662.0,0.4535035805907333,0.5464964194092667,1.0,0.0,0.7809988319410892,4.141632080078125,nan,1.0,0.0,physics,False,1066.2451171875,3.0282641765156884,4.44268798828125,532.873046875,2.2203043619791667,2151.0921654127574,3.3328608664706874,0.4535035805907333
wca,b2_h4_w2_n7_a1.5,abf,3,production,1024.0,120000.0,0.002,240.0,0.023332115374734487,22.433213145476717,1079789.0,539639.0,0.4495880607375934,0.5504119392624067,1.0,0.0,0.8014508941271788,4.141632080078125,nan,1.0,0.0625,physics,False,1054.4814453125,3.023450603092066,4.393672688802083,526.9912109375,2.1957967122395834,2130.6216277981607,3.3287101180174323,0.4495880607375934
wca,b2_h6_w2_n10_a1.5,abf,0,production,1024.0,120000.0,0.002,240.0,0.02497689216826862,49.147166973107716,1004715.0,502073.0,0.44592572290803756,0.5540742770919624,1.0,0.0,0.8744153157221215,6.075725078582764,nan,1.0,0.0,physics,False,981.1669921875,2.992185334650292,4.08819580078125,490.3056640625,2.0429402669270833,1985.5572802839404,3.2981010919952527,0.44592572290803756
wca,b2_h6_w2_n10_a1.5,abf,1,production,1024.0,120000.0,0.002,240.0,0.023859104664987273,29.37474991651721,1005435.0,502428.0,0.44061723443547973,0.5593827655645203,1.0,0.0,0.876709553957155,6.075725078582764,nan,1.0,0.0,physics,False,981.8701171875,2.9924961311427998,4.09112548828125,490.65234375,2.044384765625,1991.8355758892353,3.2994714675766605,0.44061723443547973
wca,b2_h6_w2_n10_a1.5,abf,2,production,1024.0,120000.0,0.002,240.0,0.02714822135779764,37.37486014430034,992394.0,495904.0,0.4415689527044991,0.5584310472955009,1.0,0.0,0.8778143481153632,6.075725078582764,nan,1.0,0.0,physics,False,969.134765625,2.9868320681857425,4.0380615234375,484.28125,2.017838541666667,1965.106497747083,3.293607038486567,0.4415689527044991
wca,b2_h6_w2_n10_a1.5,abf,3,production,1024.0,120000.0,0.002,240.0,0.024203711823766526,237.64834786504576,1007085.0,503267.0,0.44461702910129397,0.555382970898706,1.0,0.0,0.8865210842429362,6.075725078582764,nan,1.0,0.0,physics,False,983.4814453125,2.9932075353300727,4.09783935546875,491.4716796875,2.047798665364583,1991.3955090423387,3.299375554140285,0.44461702910129397
wca,b4_h1_w2_n10_a1.5,abf,0,production,1024.0,120000.0,0.002,240.0,0.0035832857429043026,13.393513810424126,668548.0,334008.0,0.4323716146937813,0.5676283853062187,1.0,0.0,0.8354988560726727,1.1020678670611233,nan,1.0,0.0,physics,False,652.87890625,2.8154973275034756,2.720328776041667,326.1796875,1.35908203125,1330.0910217022351,3.1242077541008357,0.4323716146937813
wca,b4_h1_w2_n10_a1.5,abf,1,production,1024.0,120000.0,0.002,240.0,0.0033106819935457012,12.455718763802818,681470.0,340456.0,0.4275078790519788,0.5724921209480212,1.0,0.0,0.8003724605337833,1.1020678670611233,nan,1.0,0.0,physics,False,665.498046875,2.823798881082732,2.7729085286458335,332.4765625,1.3853190104166666,1359.5749442364179,3.133722468917612,0.4275078790519788
wca,b4_h1_w2_n10_a1.5,abf,2,production,1024.0,120000.0,0.002,240.0,0.005514114354326709,11.314284732879836,680229.0,339835.0,0.4324874071941938,0.5675125928058062,1.0,0.0,0.8203231248281448,1.1020678670611233,nan,1.0,0.0,physics,False,664.2861328125,2.8230084711301373,2.76785888671875,331.8701171875,1.3827921549479167,1353.2443469234279,3.1316970313701242,0.4324874071941938
wca,b4_h1_w2_n10_a1.5,abf,3,production,1024.0,120000.0,0.002,240.0,0.006519938424517411,13.989699836925555,684328.0,341895.0,0.434883229651454,0.5651167703485461,1.0,0.0,0.8300463418191296,1.1020678670611233,nan,1.0,0.0,physics,False,668.2890625,2.8256137278352518,2.784537760416667,333.8818359375,1.39117431640625,1359.6386503972485,3.1337428033993824,0.434883229651454
wca,b4_h2_w2_n10_a1.5,abf,0,production,1024.0,120000.0,0.002,240.0,0.007281067449630401,22.384105909090476,638812.0,319135.0,0.4251675475391997,0.5748324524608003,1.0,0.0,0.8488133131458446,2.0756096839904785,nan,1.0,0.0,physics,False,623.83984375,2.795768715121881,2.5993326822916667,311.6552734375,1.2985636393229167,1276.2675493791135,3.106281878507286,0.4251675475391997
wca,b4_h2_w2_n10_a1.5,abf,1,production,1024.0,120000.0,0.002,240.0,0.00814523905546171,17.332063785275974,650445.0,324952.0,0.4266944277304313,0.5733055722695687,1.0,0.0,0.8326689940095955,2.0756096839904785,nan,1.0,0.0,physics,False,635.2001953125,2.8035937980991155,2.64666748046875,317.3359375,1.3222330729166667,1298.3072819562994,3.1137118724559514,0.4266944277304313
wca,b4_h2_w2_n10_a1.5,abf,2,production,1024.0,120000.0,0.002,240.0,0.008321574639507289,16.761712267131685,659187.0,329321.0,0.4335096122983012,0.5664903877016988,1.0,0.0,0.851261055095634,2.0756096839904785,nan,1.0,0.0,physics,False,643.7373046875,2.8093827993428224,2.68223876953125,321.6025390625,1.3400105794270833,1310.6520313038795,3.117818636161373,0.4335096122983012
wca,b4_h2_w2_n10_a1.5,abf,3,production,1024.0,120000.0,0.002,240.0,0.010185194141382225,17.12004177843889,655349.0,327383.0,0.4304878729774857,0.5695121270225143,1.0,0.0,0.8377245995662272,2.0756096839904785,nan,1.0,0.0,physics,False,639.9892578125,2.8068507513412095,2.6666219075520834,319.7099609375,1.3321248372395833,1305.2051863059048,3.116011403800457,0.4304878729774857
wca,b4_h4_w2_n10_a1.5,abf,0,production,1024.0,120000.0,0.002,240.0,0.016102021019904315,46.36284421464285,590778.0,295105.0,0.42450341056421703,0.5754965894357831,1.0,0.0,0.8117303384786613,4.023045539855957,nan,1.0,0.0,physics,False,576.931640625,2.7618764718892566,2.4038818359375,288.1884765625,1.2007853190104167,1180.783902677741,3.0725380700692333,0.42450341056421703
wca,b4_h4_w2_n10_a1.5,abf,1,production,1024.0,120000.0,0.002,240.0,0.014772735743456111,41.70755857766363,596772.0,298111.0,0.43026640681545336,0.5697335931845466,1.0,0.0,0.8131735378346995,4.023045539855957,nan,1.0,0.0,physics,False,582.78515625,2.7662530481020253,2.428271484375,291.1240234375,1.2130167643229166,1188.6916683429592,3.0754344201420993,0.43026640681545336
wca,b4_h4_w2_n10_a1.5,abf,2,production,1024.0,120000.0,0.002,240.0,0.015167095969554685,39.181021572292764,594590.0,297008.0,0.4286928847532027,0.5713071152467972,1.0,0.0,0.8188454379364571,4.023045539855957,nan,1.0,0.0,physics,False,580.654296875,2.7646649407198582,2.4193929036458335,290.046875,1.2085286458333333,1185.418607947208,3.074237949606146,0.4286928847532027
wca,b4_h4_w2_n10_a1.5,abf,3,production,1024.0,120000.0,0.002,240.0,0.018256932147763964,44.28533765709315,605035.0,302229.0,0.43070770606476366,0.5692922939352364,1.0,0.0,0.815229904687178,4.023045539855957,nan,1.0,0.0,physics,False,590.8544921875,2.77221494826438,2.4618937174479165,295.1455078125,1.22977294921875,1204.8489371431544,3.081292904923236,0.43070770606476366
wca,b4_h6_w2_n10_a1.5,abf,0,production,1024.0,120000.0,0.002,240.0,0.024787378628293763,65.99758635626651,574768.0,287102.0,0.4305537814754739,0.5694462185245261,1.0,0.0,0.7946913498992075,5.974033355712891,nan,1.0,0.0,physics,False,561.296875,2.7499656698974038,2.338736979166667,280.373046875,1.1682210286458334,1144.6758160158956,3.0590617457003826,0.4305537814754739
wca,b4_h6_w2_n10_a1.5,abf,1,production,1024.0,120000.0,0.002,240.0,0.025142123109225062,56.559483333118926,584570.0,292000.0,0.44150163719341384,0.5584983628065862,1.0,0.0,0.8089577851042802,5.974033355712891,nan,1.0,0.0,physics,False,570.869140625,2.7572966616491836,2.3786214192708335,285.15625,1.1881510416666667,1157.583555607051,3.0639273600340906,0.44150163719341384
wca,b4_h6_w2_n10_a1.5,abf,2,production,1024.0,120000.0,0.002,240.0,0.025009587523786306,51.55214264330405,581950.0,290694.0,0.4372584932237679,0.562741506776232,1.0,0.0,0.806112310887591,5.974033355712891,nan,1.0,0.0,physics,False,568.310546875,2.7553492294942905,2.3679606119791665,283.880859375,1.1828369140625,1154.8046321171064,3.0628844306554273,0.4372584932237679
wca,b4_h6_w2_n10_a1.5,abf,3,production,1024.0,120000.0,0.002,240.0,0.02286689172283178,67.96754557920022,585006.0,292216.0,0.43260471287361146,0.5673952871263885,1.0,0.0,0.7934631331884548,5.974033355712891,nan,1.0,0.0,physics,False,571.294921875,2.7576198923150805,2.3803955078125,285.3671875,1.1890299479166666,1163.733127811134,3.0662264280263805,0.43260471287361146
wca,b1_h1_w2_n10_a1.5,fr,0,production,1024.0,120000.0,0.002,240.0,0.05289201384136477,33.80621995586044,1580262.0,788976.0,0.4477865967829946,0.5522134032170054,1.0,0.0,0.7542080898173594,1.5351479717064649,nan,1.0,0.0,physics,False,1543.224609375,3.1887104692624537,6.4301025390625,770.484375,3.2103515625,3120.4778988713333,3.4943602643250675,0.4477865967829946
wca,b1_h1_w2_n10_a1.5,fr,1,production,1024.0,120000.0,0.002,240.0,0.04779900220178397,29.096463229664035,1583096.0,790380.0,0.44652376330034205,0.553476236699658,1.0,0.0,0.7481109540740086,1.5351479717064649,nan,1.0,0.0,physics,False,1545.9921875,3.1894881204645857,6.441634114583334,771.85546875,3.216064453125,3127.762321373395,3.4953725729139826,0.44652376330034205
wca,b1_h1_w2_n10_a1.5,fr,2,production,1024.0,120000.0,0.002,240.0,0.04569099929721833,28.52143713792963,1574222.0,785932.0,0.45024108577616,0.5497589142238399,1.0,0.0,0.7645823256641213,1.5351479717064649,nan,1.0,0.0,physics,False,1537.326171875,3.1870484288508862,6.405525716145833,767.51171875,3.1979654947916667,3105.4076746228016,3.492258450497757,0.45024108577616
wca,b1_h1_w2_n10_a1.5,fr,3,production,1024.0,120000.0,0.002,240.0,0.05714682694738294,32.349798844214234,1578486.0,788072.0,0.4472705597381452,0.5527294402618548,1.0,0.0,0.7511121321723202,1.5351479717064649,nan,1.0,0.0,physics,False,1541.490234375,3.1882224231620215,6.4228759765625,769.6015625,3.206673177083333,3117.653689583298,3.493967151270994,0.4472705597381452
wca,b1_h2_w2_n10_a1.5,fr,0,production,1024.0,120000.0,0.002,240.0,0.047808814222644914,33.16482678305013,1585075.0,791400.0,0.4455788218003087,0.5544211781996912,1.0,0.0,0.7503627542779785,2.348273277282715,nan,1.0,0.0,physics,False,1547.9248046875,3.1900303346720755,6.449686686197917,772.8515625,3.22021484375,3132.9647732825115,3.4960941105579058,0.4455788218003087
wca,b1_h2_w2_n10_a1.5,fr,1,production,1024.0,120000.0,0.002,240.0,0.051544275873793975,33.769942199297375,1589177.0,793463.0,0.44788466413939054,0.5521153358606095,1.0,0.0,0.7564565937885569,2.348273277282715,nan,1.0,0.0,physics,False,1551.9306640625,3.1911520655886516,6.466377766927083,774.8662109375,3.2286092122395833,3137.9521435371707,3.4967846944970593,0.44788466413939054
wca,b1_h2_w2_n10_a1.5,fr,2,production,1024.0,120000.0,0.002,240.0,0.047071236088554014,33.05279320539567,1582540.0,790127.0,0.44699156203943946,0.5530084379605605,1.0,0.0,0.7570814838954834,2.348273277282715,nan,1.0,0.0,physics,False,1545.44921875,3.189335663505863,6.439371744791667,771.6083984375,3.215034993489583,3126.033737460531,3.495132566856589,0.44699156203943946
wca,b1_h2_w2_n10_a1.5,fr,3,production,1024.0,120000.0,0.002,240.0,0.04557820524386227,31.779134972759273,1577133.0,787389.0,0.4459527598277163,0.5540472401722837,1.0,0.0,0.7655749415406017,2.348273277282715,nan,1.0,0.0,physics,False,1540.1689453125,3.187850249357769,6.41737060546875,768.9345703125,3.20389404296875,3116.7553589313757,3.493842034382503,0.4459527598277163
wca,b1_h4_w2_n10_a1.5,fr,0,production,1024.0,120000.0,0.002,240.0,0.05500497282270036,39.07192955644269,1587341.0,792545.0,0.44226373028337057,0.5577362697166294,1.0,0.0,0.7574957119561581,4.268068313598633,nan,1.0,0.0,physics,False,1550.1376953125,3.1906503520754175,6.458907063802084,773.9697265625,3.2248738606770835,3142.1728320871052,3.4973682620096396,0.44226373028337057
wca,b1_h4_w2_n10_a1.5,fr,1,production,1024.0,120000.0,0.002,240.0,0.049718826757889044,36.42422835868418,1586597.0,792209.0,0.44255816791397545,0.5574418320860246,1.0,0.0,0.7620184925575622,4.268068313598633,nan,1.0,0.0,physics,False,1549.4111328125,3.1904468781933244,6.455879720052083,773.6416015625,3.2235066731770834,3140.2683319000807,3.4971050360757037,0.44255816791397545
wca,b1_h4_w2_n10_a1.5,fr,2,production,1024.0,120000.0,0.002,240.0,0.03523170257448647,33.40733642964014,1579214.0,788517.0,0.44371976869349894,0.5562802313065011,1.0,0.0,0.77202742285176,4.268068313598633,nan,1.0,0.0,physics,False,1542.201171875,3.188422544430186,6.425838216145833,770.0361328125,3.20848388671875,3123.9827609245385,3.494847625886175,0.44371976869349894
wca,b1_h4_w2_n10_a1.5,fr,3,production,1024.0,120000.0,0.002,240.0,0.04330934607346359,37.973916686490796,1581442.0,789641.0,0.4433101711199261,0.5566898288800739,1.0,0.0,0.765556942818073,4.268068313598633,nan,1.0,0.0,physics,False,1544.376953125,3.1890344311358296,6.434903971354166,771.1337890625,3.213057454427083,3128.976735706572,3.4955411095618447,0.4433101711199261
wca,b1_h6_w2_n10_a1.5,fr,0,production,1024.0,120000.0,0.002,240.0,0.06083638549505471,45.69023050276408,1637904.0,817984.0,0.43744591191850535,0.5625540880814945,1.0,0.0,0.7664128697948959,6.201542377471924,nan,1.0,0.0,physics,False,1599.515625,3.204259918291558,6.6646484375,798.8125,3.328385416666667,3249.8988479263007,3.512003456585984,0.43744591191850535
wca,b1_h6_w2_n10_a1.5,fr,1,production,1024.0,120000.0,0.002,240.0,0.05109546516017474,43.328032236519356,1632506.0,815268.0,0.4367483618785482,0.5632516381214518,1.0,0.0,0.7640113947492146,6.201542377471924,nan,1.0,0.0,physics,False,1594.244140625,3.2028271581219463,6.642683919270834,796.16015625,3.317333984375,3240.343758074194,3.5107250922225584,0.4367483618785482
wca,b1_h6_w2_n10_a1.5,fr,2,production,1024.0,120000.0,0.002,240.0,0.049839330287840794,46.18190995122758,1638762.0,818391.0,0.4375883168014141,0.5624116831985858,1.0,0.0,0.759888699915617,6.201542377471924,nan,1.0,0.0,physics,False,1600.353515625,3.2044872175765695,6.6681396484375,799.2099609375,3.33004150390625,3251.366153713076,3.512199432858553,0.4375883168014141
wca,b1_h6_w2_n10_a1.5,fr,3,production,1024.0,120000.0,0.002,240.0,0.0509308873776871,45.959917683393,1636202.0,817111.0,0.43871087095387645,0.5612891290461235,1.0,0.0,0.7754645759409248,6.201542377471924,nan,1.0,0.0,physics,False,1597.853515625,3.203808676210326,6.657722981770833,797.9599609375,3.3248331705729166,3244.456381410523,3.5112757766346006,0.43871087095387645
wca,b2_h1_w2_n10_a1.5,fr,0,production,1024.0,120000.0,0.002,240.0,0.011811782305114692,11.578009249251524,1025456.0,511938.0,0.4586419682464868,0.5413580317535132,1.0,0.0,0.8682981135764911,1.2235095999203622,nan,1.0,0.0,physics,False,1001.421875,3.001050535328605,4.172591145833334,499.939453125,2.0830810546875,2016.6415046195016,3.304844003131576,0.4586419682464868
wca,b2_h1_w2_n10_a1.5,fr,1,production,1024.0,120000.0,0.002,240.0,0.013798396635764952,11.09373563316049,1044091.0,521305.0,0.4639890437370798,0.5360109562629202,1.0,0.0,0.8641031984599654,1.2235095999203622,nan,1.0,0.0,physics,False,1019.6201171875,3.0088641243503353,4.248417154947917,509.0869140625,2.1211954752604165,2049.8732464465133,3.3119388197686934,0.4639890437370798
wca,b2_h1_w2_n10_a1.5,fr,2,production,1024.0,120000.0,0.002,240.0,0.012585525633367137,12.095916619561747,1040830.0,519628.0,0.46188585876473776,0.5381141412352622,1.0,0.0,0.8539825178918351,1.2235095999203622,nan,1.0,0.0,physics,False,1016.435546875,3.0075069068180187,4.235148111979167,507.44921875,2.114371744791667,2044.7526423100342,3.3108531207866294,0.46188585876473776
wca,b2_h1_w2_n10_a1.5,fr,3,production,1024.0,120000.0,0.002,240.0,0.013872185482713822,11.638341840894533,1035966.0,517173.0,0.45956430839705137,0.5404356916029487,1.0,0.0,0.852499620689205,1.2235095999203622,nan,1.0,0.0,physics,False,1011.685546875,3.0054746117398183,4.2153564453125,505.0517578125,2.10438232421875,2036.691423530424,3.309138417548445,0.45956430839705137
wca,b2_h2_w2_n10_a1.5,fr,0,production,1024.0,120000.0,0.002,240.0,0.014857499218630641,14.552566091038418,1022460.0,510460.0,0.46149911654572523,0.5385008834542747,1.0,0.0,0.8820959472015986,2.193348568631336,nan,1.0,0.0,physics,False,998.49609375,2.999781101139343,4.160400390625,498.49609375,2.0770670572916665,2008.9035231253993,3.303175211460362,0.46149911654572523
wca,b2_h2_w2_n10_a1.5,fr,1,production,1024.0,120000.0,0.002,240.0,0.01699208277993218,15.443848735136399,1010699.0,504548.0,0.45901758816178845,0.5409824118382115,1.0,0.0,0.8881215431601349,2.193348568631336,nan,1.0,0.0,physics,False,987.0107421875,2.994761666497945,4.112544759114583,492.72265625,2.0530110677083333,1987.3731186935165,3.2984978831724603,0.45901758816178845
wca,b2_h2_w2_n10_a1.5,fr,2,production,1024.0,120000.0,0.002,240.0,0.015151061233329004,15.126488314722433,1018238.0,508298.0,0.45890939371706213,0.5410906062829379,1.0,0.0,0.8778966422726696,2.193348568631336,nan,1.0,0.0,physics,False,994.373046875,2.9979858765607665,4.143221028645834,496.384765625,2.0682698567708333,2002.2689208758145,3.3017392533440115,0.45890939371706213
wca,b2_h2_w2_n10_a1.5,fr,3,production,1024.0,120000.0,0.002,240.0,0.019852132279241267,16.72877462937824,1017999.0,508154.0,0.45102667309146055,0.5489733269085395,1.0,0.0,0.8554477983173341,2.193348568631336,nan,1.0,0.0,physics,False,994.1396484375,2.997884029781096,4.14224853515625,496.244140625,2.0676839192708334,2007.5387138686988,3.3028802070199,0.45102667309146055
wca,b2_h4_w2_n10_a1.5,fr,0,production,1024.0,120000.0,0.002,240.0,0.025348197225021966,28.36724498266391,982954.0,490600.0,0.45501524645164687,0.5449847535483531,1.0,0.0,0.8991810308144521,4.1408843994140625,nan,1.0,0.0,physics,False,959.916015625,2.9826854318470053,3.999650065104167,479.1015625,1.9962565104166667,1935.4989511370488,3.2870172660959125,0.45501524645164687
wca,b2_h4_w2_n10_a1.5,fr,1,production,1024.0,120000.0,0.002,240.0,0.024507441758639097,25.080563592679177,980714.0,489502.0,0.4576461133047739,0.542353886695226,1.0,0.0,0.9097914035647275,4.1408843994140625,nan,1.0,0.0,physics,False,957.728515625,2.9816956448578935,3.9905354817708334,478.029296875,1.9917887369791667,1929.3005476593105,3.2856249338927483,0.4576461133047739
wca,b2_h4_w2_n10_a1.5,fr,2,production,1024.0,120000.0,0.002,240.0,0.021221368947106526,25.673871620552617,992798.0,495525.0,0.4572847361974068,0.5427152638025932,1.0,0.0,0.893671801338868,4.1408843994140625,nan,1.0,0.0,physics,False,969.529296875,2.9870086497492236,4.039705403645834,483.9111328125,2.01629638671875,1953.3146164051175,3.290994480145213,0.4572847361974068
wca,b2_h4_w2_n10_a1.5,fr,3,production,1024.0,120000.0,0.002,240.0,0.024181914255377003,25.248686965546977,986293.0,492226.0,0.45509832605543526,0.5449016739445647,1.0,0.0,0.8960712364443569,4.1408843994140625,nan,1.0,0.0,physics,False,963.1767578125,2.9841566582863384,4.013236490885417,480.689453125,2.0028727213541666,1942.0151713658745,3.2884761916521543,0.45509832605543526
wca,b2_h4_w2_n14_a1.5,fr,0,production,1024.0,120000.0,0.002,240.0,0.02549319239872095,25.933656743611884,999817.0,499029.0,0.4560328793456542,0.5439671206543458,1.0,0.0,0.8864637315979099,4.139737129211426,nan,1.0,0.0,physics,False,976.3837890625,2.990065131521406,4.068265787760416,487.3330078125,2.03055419921875,1967.9848850533665,3.2942423822817886,0.4560328793456542
wca,b2_h4_w2_n14_a1.5,fr,1,production,1024.0,120000.0,0.002,240.0,0.020448392624448575,23.981235423025787,997381.0,497829.0,0.45837082064942225,0.5416291793505777,1.0,0.0,0.8909903383647187,4.139737129211426,nan,1.0,0.0,physics,False,974.0048828125,2.989006790645424,4.058353678385417,486.1611328125,2.02567138671875,1961.6075394303323,3.2928334628703397,0.45837082064942225
wca,b2_h4_w2_n14_a1.5,fr,2,production,1024.0,120000.0,0.002,240.0,0.02712114239117053,24.05748086874873,984919.0,491553.0,0.452405471126601,0.5475945288733991,1.0,0.0,0.8954530390077695,4.139737129211426,nan,1.0,0.0,physics,False,961.8349609375,2.9835518513023884,4.007645670572916,480.0322265625,2.00013427734375,1941.259591001102,3.2883072746991657,0.452405471126601
wca,b2_h4_w2_n14_a1.5,fr,3,production,1024.0,120000.0,0.002,240.0,0.030083892854005513,23.57831889006744,995237.0,496758.0,0.4589118424341478,0.5410881575658523,1.0,0.0,0.8942740701748658,4.139737129211426,nan,1.0,0.0,physics,False,971.9111328125,2.988073172959265,4.049629720052083,485.115234375,2.0213134765625,1957.0380393287617,3.2918211247041484,0.4589118424341478
wca,b2_h4_w2_n7_a1.5,fr,0,production,1024.0,120000.0,0.002,240.0,0.01375685837217423,22.350724046711644,1092220.0,545638.0,0.4578277438819917,0.5421722561180082,1.0,0.0,0.7727141633497451,4.141632080078125,nan,1.0,0.0625,physics,False,1066.62109375,3.0284171458654963,4.444254557291667,532.849609375,2.220206705729167,2148.526800161458,3.3323428642423614,0.4578277438819917
wca,b2_h4_w2_n7_a1.5,fr,1,production,1024.0,120000.0,0.002,240.0,0.01814256678602423,23.325339093503672,1090535.0,544768.0,0.4555324007877619,0.5444675992122381,1.0,0.0,0.7743040670963568,4.141632080078125,nan,1.0,0.041666666666666664,physics,False,1064.9755859375,3.0277472581482994,4.437398274739583,532.0,2.216666666666667,2146.932267201359,3.3320205822209585,0.4555324007877619
wca,b2_h4_w2_n7_a1.5,fr,2,production,1024.0,120000.0,0.002,240.0,0.015836413664898116,21.56935328404872,1081770.0,540442.0,0.4635792544705854,0.5364207455294145,1.0,0.0,0.7810481312983035,4.141632080078125,nan,1.0,0.041666666666666664,physics,False,1056.416015625,3.0242458839439625,4.4017333984375,527.775390625,2.1990641276041667,2124.102268986244,3.327379834992289,0.4635792544705854
wca,b2_h4_w2_n7_a1.5,fr,3,production,1024.0,120000.0,0.002,240.0,0.016611252658546256,21.216497859368214,1089960.0,544478.0,0.455992135153031,0.5440078648469691,1.0,0.0,0.7844835577764393,4.141632080078125,nan,1.0,0.0,physics,False,1064.4140625,3.0275184247801854,4.43505859375,531.716796875,2.2154866536458333,2145.4484175921334,3.331720456186399,0.455992135153031
wca,b2_h6_w2_n10_a1.5,fr,0,production,1024.0,120000.0,0.002,240.0,0.019430657017603437,48.91535207546268,1013512.0,506030.0,0.4576978794770298,0.5423021205229703,1.0,0.0,0.8960438979658485,6.075725078582764,nan,1.0,0.0,physics,False,989.7578125,2.995967505595945,4.123990885416666,494.169921875,2.0590413411458335,1993.7869076513512,3.299896509158601,0.4576978794770298
wca,b2_h6_w2_n10_a1.5,fr,1,production,1024.0,120000.0,0.002,240.0,0.02048958812640147,30.164962198337072,1015453.0,506999.0,0.4585191934959686,0.5414808065040314,1.0,0.0,0.8820581440749659,6.075725078582764,nan,1.0,0.0,physics,False,991.6533203125,2.996797599589443,4.131888834635417,495.1162109375,2.0629842122395834,1997.0516063907542,3.3006067011478692,0.4585191934959686
wca,b2_h6_w2_n10_a1.5,fr,2,production,1024.0,120000.0,0.002,240.0,0.019384298867729573,77.29035667154234,1005799.0,502138.0,0.45387340901617207,0.546126590983828,1.0,0.0,0.8915376010068169,6.075725078582764,nan,1.0,0.0,physics,False,982.2255859375,2.9926531714313787,4.092606608072916,490.369140625,2.043204752604167,1981.313436245285,3.297172324654554,0.45387340901617207
wca,b2_h6_w2_n10_a1.5,fr,3,production,1024.0,120000.0,0.002,240.0,0.019690827385649992,240.49588934353744,1011503.0,504961.0,0.4552060148073783,0.5447939851926217,1.0,0.0,0.8906141149222011,6.075725078582764,nan,1.0,0.0,physics,False,987.7958984375,2.995106656278665,4.115816243489584,493.1259765625,2.0546915690104166,1991.5761962643294,3.2994149378395017,0.4552060148073783
wca,b4_h1_w2_n10_a1.5,fr,0,production,1024.0,120000.0,0.002,240.0,0.02484870100548015,16.818254835406556,687402.0,342926.0,0.46359719658212495,0.536402803417875,1.0,0.0,0.8957380161798975,1.1020678670611233,nan,1.0,0.0,physics,False,671.291015625,2.827557307460945,2.7970458984375,334.888671875,1.3953694661458333,1349.7365207591538,3.1305706423307016,0.46359719658212495
wca,b4_h1_w2_n10_a1.5,fr,1,production,1024.0,120000.0,0.002,240.0,0.02297330225799535,15.41694625438907,700918.0,349763.0,0.46693278067756105,0.5330672193224388,1.0,0.0,0.8867873934952935,1.1020678670611233,nan,1.0,0.0,physics,False,684.490234375,2.8360012721273407,2.852042643229167,341.5654296875,1.4231892903645833,1374.9943695893637,3.138616656820079,0.46693278067756105
wca,b4_h1_w2_n10_a1.5,fr,2,production,1024.0,120000.0,0.002,240.0,0.026693817538010523,15.823798782303736,697678.0,348057.0,0.463247934873747,0.5367520651262531,1.0,0.0,0.8898716284640048,1.1020678670611233,nan,1.0,0.0,physics,False,681.326171875,2.833992029762836,2.838859049479167,339.8994140625,1.41624755859375,1370.0545528059413,3.137054735249941,0.463247934873747
wca,b4_h1_w2_n10_a1.5,fr,3,production,1024.0,120000.0,0.002,240.0,0.025658463639787528,17.602785710619823,695566.0,347033.0,0.4625125699831097,0.5374874300168903,1.0,0.0,0.8797132481409633,1.1020678670611233,nan,1.0,0.0,physics,False,679.263671875,2.832677278948969,2.8302652994791666,338.8994140625,1.4120808919270833,1366.2071076338275,3.1358343074643824,0.4625125699831097
wca,b4_h2_w2_n10_a1.5,fr,0,production,1024.0,120000.0,0.002,240.0,0.029836524641275754,24.91798062803859,680476.0,339388.0,0.4648661649302454,0.5351338350697545,1.0,0.0,0.8860440739240765,2.0756096839904785,nan,1.0,0.0,physics,False,664.52734375,2.8231659035308803,2.7688639322916666,331.43359375,1.3809733072916666,1335.649517721506,3.126017546025186,0.4648661649302454
wca,b4_h2_w2_n10_a1.5,fr,1,production,1024.0,120000.0,0.002,240.0,0.027253615793091653,21.083535868072975,674257.0,336285.0,0.465029748244061,0.534970251755939,1.0,0.0,0.8825222919427173,2.0756096839904785,nan,1.0,0.0,physics,False,658.4541015625,2.8191845737537893,2.7435587565104167,328.4033203125,1.36834716796875,1323.3817552911116,3.1220131892719882,0.465029748244061
wca,b4_h2_w2_n10_a1.5,fr,2,production,1024.0,120000.0,0.002,240.0,0.027040070509552705,20.527930622678504,678995.0,338732.0,0.4705314862341201,0.5294685137658799,1.0,0.0,0.8960559714481641,2.0756096839904785,nan,1.0,0.0,physics,False,663.0810546875,2.8222210905956575,2.7628377278645835,330.79296875,1.3783040364583334,1330.7846874191926,3.1244340171584333,0.4705314862341201
wca,b4_h2_w2_n10_a1.5,fr,3,production,1024.0,120000.0,0.002,240.0,0.029233824107107585,21.318203305422628,677515.0,337960.0,0.4699057869646871,0.530094213035313,1.0,0.0,0.8782000847608155,2.0756096839904785,nan,1.0,0.0,physics,False,661.6357421875,2.8212748577701396,2.7568155924479165,330.0390625,1.3751627604166667,1328.0826585461405,3.1235519915026684,0.4699057869646871
wca,b4_h4_w2_n10_a1.5,fr,0,production,1024.0,120000.0,0.002,240.0,0.040928815010484884,51.597191645970405,628792.0,313454.0,0.47817310921481526,0.5218268907851848,1.0,0.0,0.8984222254243437,4.023045539855957,nan,1.0,0.0,physics,False,614.0546875,2.788913732724299,2.5585611979166667,306.107421875,1.2754475911458334,1230.4541932884756,3.0904182619144334,0.47817310921481526
wca,b4_h4_w2_n10_a1.5,fr,1,production,1024.0,120000.0,0.002,240.0,0.040216942571482325,45.928167548869595,629565.0,313848.0,0.4766367964834637,0.5233632035165363,1.0,0.0,0.885069040666882,4.023045539855957,nan,1.0,0.0,physics,False,614.8095703125,2.78944643400143,2.56170654296875,306.4921875,1.27705078125,1232.3097128033721,3.0910721517548554,0.4766367964834637
wca,b4_h4_w2_n10_a1.5,fr,2,production,1024.0,120000.0,0.002,240.0,0.0391069779597198,44.5769150747062,627850.0,312972.0,0.47939339085457827,0.5206066091454217,1.0,0.0,0.9018423397544717,4.023045539855957,nan,1.0,0.0,physics,False,613.134765625,2.7882636831039274,2.5547281901041665,305.63671875,1.273486328125,1228.3559298637238,3.089677640409978,0.47939339085457827
wca,b4_h4_w2_n10_a1.5,fr,3,production,1024.0,120000.0,0.002,240.0,0.038612101440792655,49.39488924209368,634627.0,316354.0,0.4773552772586377,0.5226447227413623,1.0,0.0,0.900821560335472,4.023045539855957,nan,1.0,0.0,physics,False,619.7529296875,2.7929187779150633,2.5823038736979167,308.939453125,1.2872477213541667,1242.0534773333586,3.094489812801901,0.4773552772586377
wca,b4_h6_w2_n10_a1.5,fr,0,production,1024.0,120000.0,0.002,240.0,0.04239425771196013,69.14876982338677,609812.0,304026.0,0.47429404950329024,0.5257059504967098,1.0,0.0,0.888103664275888,5.974033355712891,nan,1.0,0.0,physics,False,595.51953125,2.7756246679145486,2.481331380208333,296.900390625,1.2370849609375,1194.1955405246267,3.077438964048666,0.47429404950329024
wca,b4_h6_w2_n10_a1.5,fr,1,production,1024.0,120000.0,0.002,240.0,0.04203157906166959,61.31118848161648,613842.0,306043.0,0.47132403809790785,0.5286759619020921,1.0,0.0,0.8764374622031689,5.974033355712891,nan,1.0,0.0,physics,False,599.455078125,2.778480522060012,2.4977294921875,298.8701171875,1.2452921549479166,1202.866677245382,3.0805783934478197,0.47132403809790785
wca,b4_h6_w2_n10_a1.5,fr,2,production,1024.0,120000.0,0.002,240.0,0.03802467628560762,54.495382777170164,623649.0,310932.0,0.4705022650836541,0.5294977349163459,1.0,0.0,0.8841414403506976,5.974033355712891,nan,1.0,0.0,physics,False,609.0322265625,2.7853527783690866,2.53763427734375,303.64453125,1.265185546875,1222.3186911114794,3.0875396113791216,0.4705022650836541
wca,b4_h6_w2_n10_a1.5,fr,3,production,1024.0,120000.0,0.002,240.0,0.0406944649102867,70.69430888297747,622844.0,310502.0,0.4667683861532554,0.5332316138467446,1.0,0.0,0.8639103663119387,5.974033355712891,nan,1.0,0.0,physics,False,608.24609375,2.7847927533376673,2.5343587239583334,303.224609375,1.2634358723958334,1221.8897150280097,3.0873872924292223,0.4667683861532554
alkane_torsion,butane_b1_dispersed_T40000,abf,1,b1,384.0,40000.0,0.0005,20.0,0.2660008170720414,7.406731110508151,473628.0,184374.0,0.4767851928814038,0.5232148071185962,1.0,0.0,0.414134025598269,7.632404504073236,nan,1.0,nan,physics,False,1233.40625,3.0914581119643922,61.6703125,480.140625,24.00703125,2472.1417183448684,3.3932490034343665,0.4767851928814038
alkane_torsion,butane_b1_dispersed_T40000,abf,2,b1,384.0,40000.0,0.0005,20.0,0.2690805145077709,7.466263333884627,471320.0,183313.0,0.42210636953833375,0.5778936304616662,1.0,0.0,0.5580014967653145,7.632404504073236,nan,1.0,nan,physics,False,1227.3958333333333,3.0893383346650314,61.369791666666664,477.3776041666667,23.868880208333334,2515.85053048644,3.4008574246415497,0.42210636953833375
alkane_torsion,butane_b1_dispersed_T40000,abf,3,b1,384.0,40000.0,0.0005,20.0,0.26987823741532707,7.422786596673936,469547.0,181587.0,0.47775191915026616,0.5222480808497338,1.0,0.0,0.37533840420945136,7.632404504073236,nan,1.0,nan,physics,False,1222.7786458333333,3.087702870761544,61.13893229166666,472.8828125,23.644140625,2450.4088767999433,3.3894157543888572,0.47775191915026616
alkane_torsion,butane_b1_dispersed_T40000,abf,4,b1,384.0,40000.0,0.0005,20.0,0.27236095974001573,7.623457778152606,471299.0,181632.0,0.44448573446620193,0.5555142655337981,1.0,0.0,0.49813123824089267,7.632404504073236,nan,1.0,nan,physics,False,1227.3411458333333,3.089318999685598,61.36705729166666,473.0,23.65,2485.319658966647,3.395556963887559,0.44448573446620193
alkane_torsion,butane_b1_dispersed_T40000,abf,5,b1,384.0,40000.0,0.0005,20.0,0.2701461255235034,7.466426876087175,470338.0,183452.0,0.44537774770901145,0.5546222522909885,1.0,0.0,0.498628180676541,7.632404504073236,nan,1.0,nan,physics,False,1224.8385416666667,3.088433271910868,61.24192708333334,477.7395833333333,23.886979166666666,2479.26553518226,3.3944981785242523,0.44537774770901145
alkane_torsion,butane_b1_dispersed_T40000,abf,6,b1,384.0,40000.0,0.0005,20.0,0.2725485094723162,7.419794337927236,470524.0,182690.0,0.46675949572816444,0.5332405042718356,1.0,0.0,0.405236157202845,7.632404504073236,nan,1.0,nan,physics,False,1225.3229166666667,3.088604844130709,61.26614583333334,475.7552083333333,23.787760416666664,2461.525096100509,3.3913806651767278,0.46675949572816444
alkane_torsion,butane_b1_dispersed_T40000,abf,7,b1,384.0,40000.0,0.0005,20.0,0.2720640659933472,7.55194991311823,471113.0,182661.0,0.46028762901574555,0.5397123709842544,1.0,0.0,0.25561143448191315,7.632404504073236,nan,1.0,nan,physics,False,1226.8567708333333,3.0891477094235458,61.342838541666666,475.6796875,23.783984375,2469.2905416004046,3.3927480355241206,0.46028762901574555
alkane_torsion,butane_b1_dispersed_T40000,abf,8,b1,384.0,40000.0,0.0005,20.0,0.2719619222910214,7.547074169549141,471078.0,181991.0,0.4413924935910988,0.5586075064089012,1.0,0.0,0.46718244217933685,7.632404504073236,nan,1.0,nan,physics,False,1226.765625,3.089115469831212,61.33828125,473.9348958333333,23.696744791666667,2487.7108023738615,3.3959744328760304,0.4413924935910988
alkane_torsion,butane_b1_dispersed_T40000,abf,9,b1,384.0,40000.0,0.0005,20.0,0.27804149292417085,7.646958348933813,473473.0,182752.0,0.45340359958133597,0.5465964004186641,1.0,0.0,0.2568487784588867,7.632404504073236,nan,1.0,nan,physics,False,1233.0026041666667,3.091316076207774,61.65013020833334,475.9166666666667,23.795833333333334,2487.609846431567,3.3959568151207145,0.45340359958133597
alkane_torsion,butane_b1_dispersed_T40000,abf,10,b1,384.0,40000.0,0.0005,20.0,0.26753711311237705,7.409888028121675,472462.0,184041.0,0.4375654086857534,0.5624345913142466,1.0,0.0,0.3864260011213641,7.632404504073236,nan,1.0,nan,physics,False,1230.3697916666667,3.0903884951435607,61.518489583333334,479.2734375,23.963671875,2499.7159360450714,3.398064361696633,0.4375654086857534
alkane_torsion,butane_b1_dispersed_T40000,abf,11,b1,384.0,40000.0,0.0005,20.0,0.27092907967942276,7.550329951665857,469414.0,182289.0,0.4450605423315056,0.5549394576684944,1.0,0.0,0.4939551918278025,7.632404504073236,nan,1.0,nan,physics,False,1222.4322916666667,3.087579939221752,61.12161458333334,474.7109375,23.735546875,2474.7430872168866,3.3937055750843252,0.4450605423315056
alkane_torsion,butane_b1_dispersed_T40000,abf,12,b1,384.0,40000.0,0.0005,20.0,0.2735171809720311,7.649268954698957,472401.0,183358.0,0.455489117067918,0.5445108829320819,1.0,0.0,0.3858131493334462,7.632404504073236,nan,1.0,nan,physics,False,1230.2109375,3.090332464908865,61.510546875,477.4947916666667,23.874739583333334,2480.0761681208046,3.39464009715685,0.455489117067918
alkane_torsion,butane_b1_dispersed_T40000,abf,13,b1,384.0,40000.0,0.0005,20.0,0.26924392282511306,7.448119348630286,472436.0,183406.0,0.4393963781837013,0.5606036218162986,1.0,0.0,0.34797735586232514,7.632404504073236,nan,1.0,nan,physics,False,1230.3020833333333,3.090364614288095,61.51510416666666,477.6197916666667,23.880989583333335,2497.292378237435,3.3976432630311697,0.4393963781837013
alkane_torsion,butane_b1_dispersed_T40000,abf,14,b1,384.0,40000.0,0.0005,20.0,0.2665187222410277,7.440823388507038,470366.0,182146.0,0.40304316578534854,0.5969568342146514,1.0,0.0,0.4950687842918976,7.632404504073236,nan,1.0,nan,physics,False,1224.9114583333333,3.0884591043211715,61.24557291666666,474.3385416666667,23.716927083333335,2545.5416750022314,3.405950787944124,0.40304316578534854
alkane_torsion,butane_b1_dispersed_T40000,abf,15,b1,384.0,40000.0,0.0005,20.0,0.2723714594509132,7.459644123692569,473104.0,182643.0,0.4322242507005446,0.5677757492994554,1.0,0.0,0.3394925941190316,7.632404504073236,nan,1.0,nan,physics,False,1232.0416666666667,3.090977752425146,61.60208333333334,475.6328125,23.781640625,2510.2063895976394,3.399882407726816,0.4322242507005446
alkane_torsion,butane_b1_dispersed_T40000,abf,16,b1,384.0,40000.0,0.0005,20.0,0.26976877395584253,7.453648203461812,470942.0,182351.0,0.46729071204581263,0.5327092879541874,1.0,0.0,0.3460797700783576,7.632404504073236,nan,1.0,nan,physics,False,1226.4114583333333,3.0889901732641185,61.32057291666666,474.8723958333333,23.743619791666667,2463.3651095377863,3.3917050514269733,0.46729071204581263
alkane_torsion,butane_b1_trans_T40000,abf,1,b1,384.0,40000.0,0.0005,20.0,0.2670947639378598,7.624954542261003,470904.0,181418.0,0.4870723533121231,0.5129276466878769,1.0,0.0,0.3710766909378699,7.632404504073236,nan,1.0,nan,physics,False,1226.3125,3.088955157466939,61.315625,472.4427083333333,23.622135416666666,2454.265667261424,3.3900984909939433,0.4870723533121231
alkane_torsion,butane_b1_trans_T40000,abf,2,b1,384.0,40000.0,0.0005,20.0,0.2745960373810736,7.773992776559183,471008.0,181501.0,0.4136575996934092,0.5863424003065908,1.0,0.0,0.47275688259260784,7.632404504073236,nan,1.0,nan,physics,False,1226.5833333333333,3.0890509834657958,61.329166666666666,472.6588541666667,23.632942708333335,2528.5686869723295,3.4030464765763933,0.4136575996934092
alkane_torsion,butane_b1_trans_T40000,abf,3,b1,384.0,40000.0,0.0005,20.0,0.26867840547732447,7.5330161778627005,468243.0,179461.0,0.45529631341639343,0.5447036865836066,1.0,0.0,0.38579327022537035,7.632404504073236,nan,1.0,nan,physics,False,1219.3828125,3.086496082542173,60.969140625,467.3463541666667,23.367317708333335,2458.4174231966144,3.3908322453738644,0.45529631341639343
alkane_torsion,butane_b1_trans_T40000,abf,4,b1,384.0,40000.0,0.0005,20.0,0.27522260582418134,7.858902145358311,471130.0,180108.0,0.4464053482772573,0.5535946517227427,1.0,0.0,0.4873801302784748,7.632404504073236,nan,1.0,nan,physics,False,1226.9010416666667,3.0891633677906127,61.345052083333336,469.03125,23.4515625,2482.3228477991265,3.3950331842759085,0.4464053482772573
alkane_torsion,butane_b1_trans_T40000,abf,5,b1,384.0,40000.0,0.0005,20.0,0.27069564696546516,7.664204215447179,470971.0,181690.0,0.4300777176162658,0.5699222823837342,1.0,0.0,0.34355092190658865,7.632404504073236,nan,1.0,nan,physics,False,1226.4869791666667,3.089016893946893,61.32434895833334,473.1510416666667,23.657552083333336,2501.9024187270415,3.398443917992365,0.4300777176162658
alkane_torsion,butane_b1_trans_T40000,abf,6,b1,384.0,40000.0,0.0005,20.0,0.276285548094259,7.616803954903139,470471.0,180530.0,0.4676071552678583,0.5323928447321418,1.0,0.0,0.271332902007768,7.632404504073236,nan,1.0,nan,physics,False,1225.1848958333333,3.088555962177255,61.25924479166666,470.1302083333333,23.506510416666664,2460.6977969258787,3.391234736985575,0.4676071552678583
alkane_torsion,butane_b1_trans_T40000,abf,7,b1,384.0,40000.0,0.0005,20.0,0.27237154562440014,7.759870957194219,469567.0,179938.0,0.46701049794784955,0.5329895020521505,1.0,0.0,0.26987886256849414,7.632404504073236,nan,1.0,nan,physics,False,1222.8307291666667,3.0877213536979964,61.141536458333334,468.5885416666667,23.429427083333334,2456.354532073887,3.3904678183505705,0.46701049794784955
alkane_torsion,butane_b1_trans_T40000,abf,8,b1,384.0,40000.0,0.0005,20.0,0.2749739527819046,7.769192167954083,470198.0,180420.0,0.4292884783485403,0.5707115216514598,1.0,0.0,0.5031929866032557,7.632404504073236,nan,1.0,nan,physics,False,1224.4739583333333,3.08830408680613,61.223697916666666,469.84375,23.4921875,2498.9276623445103,3.397927442152385,0.4292884783485403
alkane_torsion,butane_b1_trans_T40000,abf,9,b1,384.0,40000.0,0.0005,20.0,0.27883190418557763,7.719429603869911,468036.0,179031.0,0.4426213414800036,0.5573786585199965,1.0,0.0,0.3332851583441832,7.632404504073236,nan,1.0,nan,physics,False,1218.84375,3.0863042053808005,60.9421875,466.2265625,23.311328125,2470.2184034894826,3.3929111295537413,0.4426213414800036
alkane_torsion,butane_b1_trans_T40000,abf,10,b1,384.0,40000.0,0.0005,20.0,0.27262639683198997,7.72689319873263,471006.0,181881.0,0.4187889784366306,0.5812110215633695,1.0,0.0,0.5373182997285202,7.632404504073236,nan,1.0,nan,physics,False,1226.578125,3.089049140857507,61.32890625,473.6484375,23.682421875,2519.62631035897,3.4015084651217,0.4187889784366306
alkane_torsion,butane_b1_trans_T40000,abf,11,b1,384.0,40000.0,0.0005,20.0,0.27736955620698533,7.879303566408062,468121.0,179049.0,0.43826713280338475,0.5617328671966153,1.0,0.0,0.4365119407334945,7.632404504073236,nan,1.0,nan,physics,False,1219.0651041666667,3.0863830057779786,60.95325520833334,466.2734375,23.313671875,2475.871873217364,3.3939035414288368,0.43826713280338475
alkane_torsion,butane_b1_trans_T40000,abf,12,b1,384.0,40000.0,0.0005,20.0,0.27646620474650707,7.864232728092805,469869.0,181391.0,0.4586258399293162,0.5413741600706838,1.0,0.0,0.34087201182800947,7.632404504073236,nan,1.0,nan,physics,False,1223.6171875,3.0880003504647524,61.180859375,472.3723958333333,23.618619791666667,2464.1068153692627,3.391835742404483,0.4586258399293162
alkane_torsion,butane_b1_trans_T40000,abf,13,b1,384.0,40000.0,0.0005,20.0,0.26848983798964027,7.594487853857335,471973.0,181808.0,0.4381540327510974,0.5618459672489027,1.0,0.0,0.3881777742828876,7.632404504073236,nan,1.0,nan,physics,False,1229.0963541666667,3.0899391313125157,61.45481770833334,473.4583333333333,23.672916666666666,2496.3866620149834,3.397485787917688,0.4381540327510974
alkane_torsion,butane_b1_trans_T40000,abf,14,b1,384.0,40000.0,0.0005,20.0,0.26843633925021204,7.673790639611676,468210.0,180974.0,0.4099204864957249,0.5900795135042751,1.0,0.0,0.5627706805749717,7.632404504073236,nan,1.0,nan,physics,False,1219.296875,3.086465499109005,60.96484375,471.2864583333333,23.564322916666665,2520.3990346079313,3.4016415822153374,0.4099204864957249
alkane_torsion,butane_b1_trans_T40000,abf,15,b1,384.0,40000.0,0.0005,20.0,0.27579548435598156,7.737645099940965,471111.0,180270.0,0.446322046224378,0.553677953775622,1.0,0.0,0.3892731268037062,7.632404504073236,nan,1.0,nan,physics,False,1226.8515625,3.0891458672255974,61.342578125,469.453125,23.47265625,2482.3124986168887,3.3950313743613787,0.446322046224378
alkane_torsion,butane_b1_trans_T40000,abf,16,b1,384.0,40000.0,0.0005,20.0,0.2753699562691644,7.783663984440718,470303.0,180355.0,0.4602595233463047,0.5397404766536953,1.0,0.0,0.3145194546783117,7.632404504073236,nan,1.0,nan,physics,False,1224.7473958333333,3.0884009792370697,61.237369791666666,469.6744791666667,23.483723958333336,2465.067168060991,3.3920049012625455,0.4602595233463047
alkane_torsion,butane_b1_dispersed_T40000,fr,1,b1,384.0,40000.0,0.0005,20.0,0.26697101686376434,7.410832028513493,472156.0,183872.0,0.49282990773138946,0.5071700922686105,1.0,0.0,0.4449277139573617,7.632404504073236,nan,1.0,nan,physics,False,1229.5729166666667,3.0901073525920455,61.47864583333334,478.8333333333333,23.941666666666666,2459.6516382916225,3.391050133704206,0.49282990773138946
alkane_torsion,butane_b1_dispersed_T40000,fr,2,b1,384.0,40000.0,0.0005,20.0,0.2681970365775995,7.458178133366787,471749.0,183655.0,0.4088822393911651,0.5911177606088349,1.0,0.0,0.5080523234137037,7.632404504073236,nan,1.0,nan,physics,False,1228.5130208333333,3.089733132380245,61.42565104166666,478.2682291666667,23.913411458333336,2541.4262619097476,3.4052483659172617,0.4088822393911651
alkane_torsion,butane_b1_dispersed_T40000,fr,3,b1,384.0,40000.0,0.0005,20.0,0.269576654213662,7.4295265622373865,470660.0,182149.0,0.46276368989367284,0.5372363101063271,1.0,0.0,0.4426947752847263,7.632404504073236,nan,1.0,nan,physics,False,1225.6770833333333,3.0887302519008486,61.283854166666664,474.3463541666667,23.717317708333333,2465.02562067602,3.3919975843685597,0.46276368989367284
alkane_torsion,butane_b1_dispersed_T40000,fr,4,b1,384.0,40000.0,0.0005,20.0,0.27038977521128504,7.602917530852932,471514.0,181649.0,0.43440250990080215,0.5655974900991978,1.0,0.0,0.44904165681600616,7.632404504073236,nan,1.0,nan,physics,False,1227.9010416666667,3.0895169123507005,61.39505208333334,473.0442708333333,23.652213541666665,2498.8119413958543,3.397907338317612,0.43440250990080215
alkane_torsion,butane_b1_dispersed_T40000,fr,5,b1,384.0,40000.0,0.0005,20.0,0.26948884403345513,7.465681448289021,470142.0,183465.0,0.4288831872329069,0.5711168127670931,1.0,0.0,0.538920645436262,7.632404504073236,nan,1.0,nan,physics,False,1224.328125,3.0882524020026536,61.21640625,477.7734375,23.888671875,2499.2164082026848,3.397977601000309,0.4288831872329069
alkane_torsion,butane_b1_dispersed_T40000,fr,6,b1,384.0,40000.0,0.0005,20.0,0.2745877961805772,7.434904710520751,470703.0,182514.0,0.47744415657656897,0.522555843423431,1.0,0.0,0.41273820798641636,7.632404504073236,nan,1.0,nan,physics,False,1225.7890625,3.0887698953532663,61.289453125,475.296875,23.76484375,2456.5774179793666,3.3905072077540837,0.47744415657656897
alkane_torsion,butane_b1_dispersed_T40000,fr,7,b1,384.0,40000.0,0.0005,20.0,0.2728977857930856,7.5619001365856136,471250.0,182195.0,0.45746909422795357,0.5425309057720464,1.0,0.0,0.2825933327405176,7.632404504073236,nan,1.0,nan,physics,False,1227.2135416666667,3.089273881385742,61.360677083333336,474.4661458333333,23.723307291666664,2472.3155516389133,3.393279528246888,0.45746909422795357
alkane_torsion,butane_b1_dispersed_T40000,fr,8,b1,384.0,40000.0,0.0005,20.0,0.272967561174994,7.595619995093271,470628.0,181767.0,0.4170634584352005,0.5829365415647996,1.0,0.0,0.41741311565852474,7.632404504073236,nan,1.0,nan,physics,False,1225.59375,3.088700747447979,61.2796875,473.3515625,23.667578125,2520.5372589392614,3.401665389799206,0.4170634584352005
alkane_torsion,butane_b1_dispersed_T40000,fr,9,b1,384.0,40000.0,0.0005,20.0,0.2774567084412625,7.648508244292694,472782.0,182449.0,0.4516088463492032,0.5483911536507968,1.0,0.0,0.25228048676990195,7.632404504073236,nan,1.0,nan,physics,False,1231.203125,3.0906823058764257,61.56015625,475.1276041666667,23.756380208333333,2485.689241287082,3.3956215153757583,0.4516088463492032
alkane_torsion,butane_b1_dispersed_T40000,fr,10,b1,384.0,40000.0,0.0005,20.0,0.26797248034443977,7.4036778893854365,471989.0,183823.0,0.4222171243160376,0.5777828756839625,1.0,0.0,0.32253467547474696,7.632404504073236,nan,1.0,nan,physics,False,1229.1380208333333,3.089953841783679,61.45690104166666,478.7057291666667,23.935286458333334,2519.2435055252026,3.4014425042723455,0.4222171243160376
alkane_torsion,butane_b1_dispersed_T40000,fr,11,b1,384.0,40000.0,0.0005,20.0,0.27208699799688685,7.58005433213745,469160.0,182050.0,0.44023706205125646,0.5597629379487435,1.0,0.0,0.49771014707377387,7.632404504073236,nan,1.0,nan,physics,False,1221.7708333333333,3.0873450709818733,61.088541666666664,474.0885416666667,23.704427083333336,2478.957126545306,3.3944441728158368,0.44023706205125646
alkane_torsion,butane_b1_dispersed_T40000,fr,12,b1,384.0,40000.0,0.0005,20.0,0.2717090545700243,7.6433848153836585,472831.0,183467.0,0.4572550112898058,0.5427449887101943,1.0,0.0,0.3124477383960827,7.632404504073236,nan,1.0,nan,physics,False,1231.3307291666667,3.0907272781014226,61.56653645833334,477.7786458333333,23.888932291666666,2480.7924196345084,3.3947654537230036,0.4572550112898058
alkane_torsion,butane_b1_dispersed_T40000,fr,13,b1,384.0,40000.0,0.0005,20.0,0.2683398160299068,7.444447034859871,472788.0,183842.0,0.44822286300486786,0.5517771369951321,1.0,0.0,0.34569923013165044,7.632404504073236,nan,1.0,nan,physics,False,1231.21875,3.0906878129297017,61.5609375,478.7552083333333,23.937760416666666,2489.12965110184,3.3962219596629017,0.44822286300486786
alkane_torsion,butane_b1_dispersed_T40000,fr,14,b1,384.0,40000.0,0.0005,20.0,0.26649507863115857,7.437044876857646,470750.0,182232.0,0.41788972651024336,0.5821102734897566,1.0,0.0,0.5735881855287515,7.632404504073236,nan,1.0,nan,physics,False,1225.9114583333333,3.088813222429751,61.295572916666664,474.5625,23.728125,2519.77724727127,3.4015344702083383,0.41788972651024336
alkane_torsion,butane_b1_dispersed_T40000,fr,15,b1,384.0,40000.0,0.0005,20.0,0.27158173976655925,7.448246579579808,473205.0,182487.0,0.44316266374921415,0.5568373362507859,1.0,0.0,0.3796325151736707,7.632404504073236,nan,1.0,nan,physics,False,1232.3046875,3.091070382153961,61.615234375,475.2265625,23.761328125,2496.8738064631466,3.397570493869553,0.44316266374921415
alkane_torsion,butane_b1_dispersed_T40000,fr,16,b1,384.0,40000.0,0.0005,20.0,0.2709859015116039,7.481585997203453,470482.0,182211.0,0.46920187969948374,0.5307981203005163,1.0,0.0,0.3128365919919788,7.632404504073236,nan,1.0,nan,physics,False,1225.2135416666667,3.088566107940812,61.260677083333334,474.5078125,23.725390625,2459.75964968717,3.391069196834813,0.46920187969948374
alkane_torsion,butane_b1_trans_T40000,fr,1,b1,384.0,40000.0,0.0005,20.0,0.26904281383465073,7.631983443430556,470345.0,180967.0,0.4815595437053358,0.5184404562946642,1.0,0.0,0.2978975119474631,7.632404504073236,nan,1.0,nan,physics,False,1224.8567708333333,3.0884397301574964,61.242838541666664,471.2682291666667,23.563411458333334,2453.050184731047,3.389883439698613,0.4815595437053358
alkane_torsion,butane_b1_trans_T40000,fr,2,b1,384.0,40000.0,0.0005,20.0,0.2748670519707066,7.779375775411976,471002.0,181153.0,0.41182889505834297,0.588171104941657,1.0,0.0,0.43392818045848786,7.632404504073236,nan,1.0,nan,physics,False,1226.5677083333333,3.0890454556174767,61.32838541666666,471.7526041666667,23.587630208333334,2531.867834642616,3.403612528841902,0.41182889505834297
alkane_torsion,butane_b1_trans_T40000,fr,3,b1,384.0,40000.0,0.0005,20.0,0.2681998186756859,7.523407153210755,468491.0,179788.0,0.45454491710543354,0.5454550828945665,1.0,0.0,0.29622854046315916,7.632404504073236,nan,1.0,nan,physics,False,1220.0286458333333,3.0867258527912482,61.00143229166666,468.1979166666667,23.409895833333334,2460.3915872814873,3.3911807119014634,0.45454491710543354
alkane_torsion,butane_b1_trans_T40000,fr,4,b1,384.0,40000.0,0.0005,20.0,0.2749207476918183,7.868807924236305,469859.0,179363.0,0.4514273179759024,0.5485726820240976,1.0,0.0,0.3301024252712863,7.632404504073236,nan,1.0,nan,physics,False,1223.5911458333333,3.087991115029792,61.17955729166666,467.0911458333333,23.354557291666666,2470.4969189383414,3.3929600733891845,0.4514273179759024
alkane_torsion,butane_b1_trans_T40000,fr,5,b1,384.0,40000.0,0.0005,20.0,0.2722455115503011,7.685734056216234,468782.0,180727.0,0.4321729221001913,0.5678270778998087,1.0,0.0,0.39698281614625486,7.632404504073236,nan,1.0,nan,physics,False,1220.7864583333333,3.086995307321035,61.03932291666666,470.6432291666667,23.532161458333334,2487.3451667570357,3.395910622650851,0.4321729221001913
alkane_torsion,butane_b1_trans_T40000,fr,6,b1,384.0,40000.0,0.0005,20.0,0.2786670634697458,7.644452010171783,469220.0,179866.0,0.4647331692632114,0.5352668307367886,1.0,0.0,0.30577125658604687,7.632404504073236,nan,1.0,nan,physics,False,1221.9270833333333,3.0874005631278387,61.096354166666664,468.4010416666667,23.420052083333335,2456.0731240752857,3.390418081555305,0.4647331692632114
alkane_torsion,butane_b1_trans_T40000,fr,7,b1,384.0,40000.0,0.0005,20.0,0.27266956429738287,7.762900553888792,470572.0,180318.0,0.46908722553152854,0.5309127744684714,1.0,0.03333333333333333,0.17742956341014707,7.632404504073236,nan,1.0,nan,physics,False,1225.4479166666667,3.088649109831807,61.272395833333334,469.578125,23.47890625,2460.3000806745863,3.3911645659320953,0.46908722553152854
alkane_torsion,butane_b1_trans_T40000,fr,8,b1,384.0,40000.0,0.0005,20.0,0.2764722278311769,7.791207370067356,471650.0,180509.0,0.4351325271325672,0.5648674728674328,1.0,0.0,0.4310808689805494,7.632404504073236,nan,1.0,nan,physics,False,1228.2552083333333,3.0896420570644034,61.412760416666664,470.0755208333333,23.503776041666665,2498.5641398422204,3.397864285406333,0.4351325271325672
alkane_torsion,butane_b1_trans_T40000,fr,9,b1,384.0,40000.0,0.0005,20.0,0.27874128093731426,7.731361396157469,467532.0,178368.0,0.44076651697596514,0.5592334830240349,1.0,0.027777777777777776,0.18847822539537468,7.632404504073236,nan,1.0,nan,physics,False,1217.53125,3.085836671418593,60.8765625,464.5,23.225,2469.723643952847,3.392824171295111,0.44076651697596514
alkane_torsion,butane_b1_trans_T40000,fr,10,b1,384.0,40000.0,0.0005,20.0,0.2728656521263396,7.731516239950931,471654.0,182879.0,0.42321757463706233,0.5767824253629377,1.0,0.0,0.3981150493162256,7.632404504073236,nan,1.0,nan,physics,False,1228.265625,3.089645737245423,61.41328125,476.2473958333333,23.812369791666665,2515.8606877765933,3.4008591773265464,0.42321757463706233
alkane_torsion,butane_b1_trans_T40000,fr,11,b1,384.0,40000.0,0.0005,20.0,0.27716854315248224,7.880730506935888,468081.0,179730.0,0.43828737815831675,0.5617126218416832,1.0,0.0,0.5031649406672716,7.632404504073236,nan,1.0,nan,physics,False,1218.9609375,3.0863459250191783,60.948046875,468.046875,23.40234375,2475.6351834277325,3.3938620382802744,0.43828737815831675
alkane_torsion,butane_b1_trans_T40000,fr,12,b1,384.0,40000.0,0.0005,20.0,0.2762358272835989,7.866804926584311,468953.0,181290.0,0.4546129001182251,0.5453870998817749,1.0,0.005555555555555556,0.24279052578306212,7.632404504073236,nan,1.0,nan,physics,False,1221.2317708333333,3.0871535686312863,61.061588541666666,472.109375,23.60546875,2462.7565456225702,3.391597791107484,0.4546129001182251
alkane_torsion,butane_b1_trans_T40000,fr,13,b1,384.0,40000.0,0.0005,20.0,0.2708537834609925,7.615033496853328,473239.0,182138.0,0.44674204209856716,0.5532579579014328,1.0,0.0,0.35077006783213954,7.632404504073236,nan,1.0,nan,physics,False,1232.3932291666667,3.091101559994595,61.61966145833334,474.3177083333333,23.715885416666666,2493.0719560367174,3.396908979077923,0.44674204209856716
alkane_torsion,butane_b1_trans_T40000,fr,14,b1,384.0,40000.0,0.0005,20.0,0.2689823303683957,7.671859464575982,469291.0,181512.0,0.4165434517490067,0.5834565482509932,1.0,0.0,0.4050353857276298,7.632404504073236,nan,1.0,nan,physics,False,1222.1119791666667,3.087466219675625,61.10559895833334,472.6875,23.634375,2514.271516996591,3.400584872878485,0.4165434517490067
alkane_torsion,butane_b1_trans_T40000,fr,15,b1,384.0,40000.0,0.0005,20.0,0.27648241819825214,7.737746787995803,471069.0,180013.0,0.4408412133812099,0.5591587866187901,1.0,0.0,0.39882626167770785,7.632404504073236,nan,1.0,nan,physics,False,1226.7421875,3.0891071792634786,61.337109375,468.7838541666667,23.439192708333334,2488.3184649708905,3.396080460582935,0.4408412133812099
alkane_torsion,butane_b1_trans_T40000,fr,16,b1,384.0,40000.0,0.0005,20.0,0.2751908376551007,7.786740246724732,469612.0,179263.0,0.48582825749095515,0.5141717425090448,1.0,0.0,0.2707137848484047,7.632404504073236,nan,1.0,nan,physics,False,1222.9479166666667,3.087762937429208,61.147395833333334,466.8307291666667,23.341536458333334,2447.8623312306872,3.388964370887312,0.48582825749095515
alkane_torsion,butane_b0.5_trans_T25000,abf,1,b2,384.0,25000.0,0.0005,12.5,0.5113390833258463,8.269881285426003,425938.0,162375.0,0.4610512280729982,0.5389487719270019,1.0,0.0,0.5499202451264605,7.632404504073236,nan,1.0,nan,physics,False,1109.2135416666667,3.045406520271326,88.73708333333335,422.8515625,33.828125,2231.970742819464,3.348883032827236,0.4610512280729982
alkane_torsion,butane_b0.5_trans_T25000,abf,2,b2,384.0,25000.0,0.0005,12.5,0.5090043616155477,8.161789702019574,422052.0,160642.0,0.4250906748105593,0.5749093251894407,1.0,0.0,0.3855228669503474,7.632404504073236,nan,1.0,nan,physics,False,1099.09375,3.041429697315278,87.9275,418.3385416666667,33.467083333333335,2248.660087832981,3.3521169033867535,0.4250906748105593
alkane_torsion,butane_b0.5_trans_T25000,abf,3,b2,384.0,25000.0,0.0005,12.5,0.5160874308748606,8.28578512373755,423149.0,160191.0,0.45315755373676214,0.5468424462632379,1.0,0.0,0.39396796373943105,7.632404504073236,nan,1.0,nan,physics,False,1101.9505208333333,3.042556030109238,88.15604166666667,417.1640625,33.373125,2223.415647498139,3.347215941430126,0.45315755373676214
alkane_torsion,butane_b0.5_trans_T25000,abf,4,b2,384.0,25000.0,0.0005,12.5,0.523051753649685,8.49854887043599,423399.0,161879.0,0.4087903841503786,0.5912096158496214,1.0,0.0,0.3068729169012872,7.632404504073236,nan,1.0,nan,physics,False,1102.6015625,3.0428123066899384,88.208125,421.5598958333333,33.72479166666667,2281.11114998292,3.3583367928642684,0.4087903841503786
alkane_torsion,butane_b0.5_trans_T25000,abf,5,b2,384.0,25000.0,0.0005,12.5,0.5112726144828518,8.288555851027795,423124.0,160850.0,0.40152576419985,0.59847423580015,1.0,0.0,0.43707659576061325,7.632404504073236,nan,1.0,nan,physics,False,1101.8854166666667,3.042530394131639,88.15083333333334,418.8802083333333,33.510416666666664,2292.7017549637953,3.3605369468720854,0.40152576419985
alkane_torsion,butane_b0.5_trans_T25000,abf,6,b2,384.0,25000.0,0.0005,12.5,0.5166475036021193,8.42792282225585,426035.0,162813.0,0.4187697155194805,0.5812302844805195,1.0,0.0,0.4888474768491137,7.632404504073236,nan,1.0,nan,physics,False,1109.4661458333333,3.045505322990853,88.75729166666666,423.9921875,33.919375,2279.0851816107197,3.357951072093638,0.4187697155194805
alkane_torsion,butane_b0.5_trans_T25000,abf,7,b2,384.0,25000.0,0.0005,12.5,0.5132543477097021,8.440520923295075,425559.0,162074.0,0.4107128199921627,0.5892871800078373,1.0,0.0,0.5159400685600497,7.632404504073236,nan,1.0,nan,physics,False,1108.2265625,3.045020261022169,88.658125,422.0677083333333,33.76541666666667,2289.4613033139794,3.359922958893517,0.4107128199921627
alkane_torsion,butane_b0.5_trans_T25000,abf,8,b2,384.0,25000.0,0.0005,12.5,0.5107952129536086,8.289455323379778,423038.0,161005.0,0.4550528530857795,0.5449471469142205,1.0,0.0,0.45647811182172,7.632404504073236,nan,1.0,nan,physics,False,1101.6614583333333,3.0424421948103912,88.13291666666666,419.2838541666667,33.54270833333334,2221.272988284374,3.34679740745063,0.4550528530857795
alkane_torsion,butane_b0.5_trans_T25000,abf,9,b2,384.0,25000.0,0.0005,12.5,0.5299674187861381,8.465030294754163,422572.0,161340.0,0.4263864425406052,0.5736135574593948,1.0,0.0,0.45756756674304844,7.632404504073236,nan,1.0,nan,physics,False,1100.4479166666667,3.0419639658181046,88.03583333333334,420.15625,33.6125,2249.65904543894,3.3523097082835625,0.4263864425406052
alkane_torsion,butane_b0.5_trans_T25000,abf,10,b2,384.0,25000.0,0.0005,12.5,0.5187762073614097,8.472186659242528,425810.0,161769.0,0.45541272979288283,0.5445872702071172,1.0,0.0,0.3231589607791613,7.632404504073236,nan,1.0,nan,physics,False,1108.8802083333333,3.045276107014328,88.71041666666666,421.2734375,33.701875,2235.5376324739723,3.3495762101046003,0.45541272979288283
alkane_torsion,butane_b0.5_trans_T25000,abf,11,b2,384.0,25000.0,0.0005,12.5,0.5201682589657122,8.43644490138966,425834.0,161711.0,0.4052830611113175,0.5947169388886825,1.0,0.0,0.28966195120633287,7.632404504073236,nan,1.0,nan,physics,False,1108.9427083333333,3.0453005624832055,88.71541666666666,421.1223958333333,33.689791666666665,2300.4370464788385,3.36199909969891,0.4052830611113175
alkane_torsion,butane_b0.5_trans_T25000,abf,12,b2,384.0,25000.0,0.0005,12.5,0.5147281508369286,8.520586274743419,424134.0,161644.0,0.43689816422509054,0.5631018357749095,1.0,0.0,0.35220122175917806,7.632404504073236,nan,1.0,nan,physics,False,1104.515625,3.0435648851357415,88.36125,420.9479166666667,33.67583333333334,2244.784760064526,3.3513681303779577,0.43689816422509054
alkane_torsion,butane_b2_trans_T55000,abf,1,b2,384.0,55000.0,0.0005,27.5,0.14384435573081114,6.359881605294027,441900.0,171686.0,0.4595249402244753,0.5404750597755247,1.0,0.0,0.33970808937211927,7.632404504073236,nan,1.0,nan,physics,False,1150.78125,3.0613700043138596,41.84659090909091,447.0989583333333,16.25814393939394,2316.743942010804,3.3650654546153613,0.4595249402244753
alkane_torsion,butane_b2_trans_T55000,abf,2,b2,384.0,55000.0,0.0005,27.5,0.1468969531137835,6.393157215492204,436899.0,169198.0,0.4085622105267439,0.5914377894732561,1.0,0.0,0.4309305966247753,7.632404504073236,nan,1.0,nan,physics,False,1137.7578125,3.0564313694884104,41.373011363636365,440.6197916666667,16.02253787878788,2354.2499292438124,3.372036999419137,0.4085622105267439
alkane_torsion,butane_b2_trans_T55000,abf,3,b2,384.0,55000.0,0.0005,27.5,0.14091102440277567,6.151633515731965,441049.0,169506.0,0.4492828301093947,0.5507171698906053,1.0,0.0,0.3701701627493229,7.632404504073236,nan,1.0,nan,physics,False,1148.5651041666667,3.0605335720208484,41.76600378787879,441.421875,16.051704545454545,2321.0109162404956,3.365864257113092,0.4492828301093947
alkane_torsion,butane_b2_trans_T55000,abf,4,b2,384.0,55000.0,0.0005,27.5,0.14548821702268175,6.3932209764468055,438790.0,168638.0,0.45734319786029265,0.5426568021397074,1.0,0.0,0.29175401662569866,7.632404504073236,nan,1.0,nan,physics,False,1142.6822916666667,3.0583053967130125,41.552083333333336,439.1614583333333,15.969507575757575,2302.1203616700286,3.3623166349000617,0.45734319786029265
alkane_torsion,butane_b2_trans_T55000,abf,5,b2,384.0,55000.0,0.0005,27.5,0.1423885202707148,6.213091417768065,441681.0,170464.0,0.417384063512324,0.582615936487676,1.0,0.0,0.4446391332090768,7.632404504073236,nan,1.0,nan,physics,False,1150.2109375,3.0611549071215047,41.825852272727275,443.9166666666667,16.142424242424244,2364.989814333309,3.3740128706434076,0.417384063512324
alkane_torsion,butane_b2_trans_T55000,abf,6,b2,384.0,55000.0,0.0005,27.5,0.1452036188009438,6.279573303863997,441869.0,171316.0,0.42346613930219007,0.5765338606978099,1.0,0.0,0.4986085361767627,7.632404504073236,nan,1.0,nan,physics,False,1150.7005208333333,3.0613395632380325,41.8436553030303,446.1354166666667,16.22310606060606,2356.615909863972,3.372473053594675,0.42346613930219007
alkane_torsion,butane_b2_trans_T55000,abf,7,b2,384.0,55000.0,0.0005,27.5,0.14240663575977489,6.339710518209069,444513.0,171371.0,0.46378722136259115,0.5362127786374089,1.0,0.0,0.45329850316859516,7.632404504073236,nan,1.0,nan,physics,False,1157.5859375,3.0639282528845855,42.09403409090909,446.2786458333333,16.228314393939392,2327.38005712844,3.367053870841256,0.46378722136259115
alkane_torsion,butane_b2_trans_T55000,abf,8,b2,384.0,55000.0,0.0005,27.5,0.1417271685411564,6.294655700335528,445212.0,171782.0,0.43092202178461864,0.5690779782153814,1.0,0.0,0.26220867231480005,7.632404504073236,nan,1.0,nan,physics,False,1159.40625,3.0646100592664434,42.160227272727276,447.3489583333333,16.267234848484847,2363.93305160625,3.3738188508964444,0.43092202178461864
alkane_torsion,butane_b2_trans_T55000,abf,9,b2,384.0,55000.0,0.0005,27.5,0.14458779352746068,6.394107898838853,441557.0,168925.0,0.43780734571319346,0.5621926542868065,1.0,0.0,0.45980537564616536,7.632404504073236,nan,1.0,nan,physics,False,1149.8880208333333,3.061033069676715,41.81410984848485,439.9088541666667,15.996685606060607,2335.9166550321047,3.3686432237721564,0.43780734571319346
alkane_torsion,butane_b2_trans_T55000,abf,10,b2,384.0,55000.0,0.0005,27.5,0.14196829777230455,6.333359879538523,443339.0,171334.0,0.4534001649317339,0.5465998350682661,1.0,0.0,0.3298703728754233,7.632404504073236,nan,1.0,nan,physics,False,1154.5286458333333,3.062780716213346,41.98285984848484,446.1822916666667,16.224810606060608,2329.289919719179,3.3674099565201905,0.4534001649317339
alkane_torsion,butane_b2_trans_T55000,abf,11,b2,384.0,55000.0,0.0005,27.5,0.14216768510928168,6.352835448362375,446764.0,172362.0,0.4542354766778766,0.5457645233221233,1.0,0.0,0.47895824643684015,7.632404504073236,nan,1.0,nan,physics,False,1163.4479166666667,3.0661200682162386,42.307196969696975,448.859375,16.32215909090909,2346.554247303462,3.3706156367346747,0.4542354766778766
alkane_torsion,butane_b2_trans_T55000,abf,12,b2,384.0,55000.0,0.0005,27.5,0.14161240199800681,6.403663091062411,445046.0,172959.0,0.44617927838495064,0.5538207216150494,1.0,0.0,0.352475121147065,7.632404504073236,nan,1.0,nan,physics,False,1158.9739583333333,3.0644482393311554,42.14450757575757,450.4140625,16.378693181818182,2345.120073221744,3.370350235317095,0.44617927838495064
alkane_torsion,butane_b0.5_trans_T25000,fr,1,b2,384.0,25000.0,0.0005,12.5,0.5129767485812755,8.282637074151392,426412.0,162442.0,0.4713195239609972,0.5286804760390028,1.0,0.0,0.5513678320904033,7.632404504073236,nan,1.0,nan,physics,False,1110.4479166666667,3.04588911612701,88.83583333333334,423.0260416666667,33.842083333333335,2228.227322506063,3.348154357343474,0.4713195239609972
alkane_torsion,butane_b0.5_trans_T25000,fr,2,b2,384.0,25000.0,0.0005,12.5,0.5110262111928491,8.180177524146963,422905.0,160765.0,0.439850608955429,0.560149391044571,1.0,0.0,0.40778514699938523,7.632404504073236,nan,1.0,nan,physics,False,1101.3151041666667,3.0423057582539554,88.10520833333334,418.6588541666667,33.49270833333333,2234.974302679643,3.3494668080388217,0.439850608955429
alkane_torsion,butane_b0.5_trans_T25000,fr,3,b2,384.0,25000.0,0.0005,12.5,0.514854226179833,8.284689875885373,422945.0,160145.0,0.45944699791313554,0.5405530020868645,1.0,0.0,0.4603787913126519,7.632404504073236,nan,1.0,nan,physics,False,1101.4192708333333,3.042346796311944,88.11354166666666,417.0442708333333,33.36354166666666,2217.4251722631934,3.3460447844966796,0.45944699791313554
alkane_torsion,butane_b0.5_trans_T25000,fr,4,b2,384.0,25000.0,0.0005,12.5,0.5235405764107317,8.51053679321063,423752.0,161619.0,0.3909485597400892,0.6090514402599108,1.0,0.0,0.4593804627719665,7.632404504073236,nan,1.0,nan,physics,False,1103.5208333333333,3.04317391189272,88.28166666666667,420.8828125,33.670625,2317.2716525293135,3.365164324760445,0.3909485597400892
alkane_torsion,butane_b0.5_trans_T25000,fr,5,b2,384.0,25000.0,0.0005,12.5,0.5109089331654689,8.307016750838715,423259.0,160885.0,0.40341555262699436,0.5965844473730056,1.0,0.0,0.42190940245929787,7.632404504073236,nan,1.0,nan,physics,False,1102.2369791666667,3.042668810436532,88.17895833333334,418.9713541666667,33.51770833333333,2289.9205623232733,3.360010030288139,0.40341555262699436
alkane_torsion,butane_b0.5_trans_T25000,fr,6,b2,384.0,25000.0,0.0005,12.5,0.5187351021655501,8.439113252087045,425517.0,162555.0,0.42148590891500615,0.5785140910849939,1.0,0.0,0.4094565590496883,7.632404504073236,nan,1.0,nan,physics,False,1108.1171875,3.0449774354150043,88.649375,423.3203125,33.865625,2272.263507723958,3.3566497803433095,0.42148590891500615
alkane_torsion,butane_b0.5_trans_T25000,fr,7,b2,384.0,25000.0,0.0005,12.5,0.5140070461133226,8.44066137967532,425024.0,161471.0,0.4070948010296813,0.5929051989703187,1.0,0.0,0.4826733963758369,7.632404504073236,nan,1.0,nan,physics,False,1106.8333333333333,3.044474428390497,88.54666666666667,420.4973958333333,33.63979166666667,2292.8276985033513,3.3605607926412864,0.4070948010296813
alkane_torsion,butane_b0.5_trans_T25000,fr,8,b2,384.0,25000.0,0.0005,12.5,0.5105901758576811,8.287489149505891,422648.0,160990.0,0.4520267906082954,0.5479732093917046,1.0,0.0,0.42076603079618596,7.632404504073236,nan,1.0,nan,physics,False,1100.6458333333333,3.0420419961937446,88.05166666666666,419.2447916666667,33.53958333333333,2221.7444131532234,3.34688952732394,0.4520267906082954
alkane_torsion,butane_b0.5_trans_T25000,fr,9,b2,384.0,25000.0,0.0005,12.5,0.5307747250880434,8.47264561496631,422782.0,160710.0,0.42860164607224427,0.5713983539277557,1.0,0.0,0.48615260154667106,7.632404504073236,nan,1.0,nan,physics,False,1100.9947916666667,3.042179541924322,88.07958333333335,418.515625,33.48125,2247.824752573411,3.351955612858582,0.42860164607224427
alkane_torsion,butane_b0.5_trans_T25000,fr,10,b2,384.0,25000.0,0.0005,12.5,0.516620471280199,8.455490112251146,425912.0,161829.0,0.46545009178586083,0.5345499082141392,1.0,0.0,0.29887032843390915,7.632404504073236,nan,1.0,nan,physics,False,1109.1458333333333,3.0453800332477514,88.73166666666665,421.4296875,33.714375,2228.9343481343576,3.348292077100767,0.46545009178586083
alkane_torsion,butane_b0.5_trans_T25000,fr,11,b2,384.0,25000.0,0.0005,12.5,0.5203911629661916,8.425691671949929,426025.0,161795.0,0.3960346968433268,0.6039653031566732,1.0,0.0,0.33601188446723856,7.632404504073236,nan,1.0,nan,physics,False,1109.4401041666667,3.045495138182617,88.75520833333334,421.3411458333333,33.70729166666666,2319.1489301487413,3.365515863108941,0.3960346968433268
alkane_torsion,butane_b0.5_trans_T25000,fr,12,b2,384.0,25000.0,0.0005,12.5,0.514273671015584,8.515092494933034,424694.0,162057.0,0.4245847361773106,0.5754152638226895,1.0,0.0,0.3302848292551956,7.632404504073236,nan,1.0,nan,physics,False,1105.9739583333333,3.0441374041802916,88.47791666666666,422.0234375,33.761875,2263.4408521684395,3.354960981273185,0.4245847361773106
alkane_torsion,butane_b2_trans_T55000,fr,1,b2,384.0,55000.0,0.0005,27.5,0.14376828546721687,6.361659767264036,441925.0,171201.0,0.4567542744718641,0.5432457255281359,1.0,0.0,0.35431713511130986,7.632404504073236,nan,1.0,nan,physics,False,1150.8463541666667,3.0613945520144417,41.848958333333336,445.8359375,16.212215909090908,2319.040922660787,3.3654956453775466,0.4567542744718641
alkane_torsion,butane_b2_trans_T55000,fr,2,b2,384.0,55000.0,0.0005,27.5,0.14689148383148298,6.38942116013519,436033.0,168346.0,0.4101272593181093,0.5898727406818907,1.0,0.0,0.4361071811732006,7.632404504073236,nan,1.0,nan,physics,False,1135.5026041666667,3.0555704351986206,41.29100378787879,438.4010416666667,15.941856060606062,2346.8275405911295,3.3706661926946673,0.4101272593181093
alkane_torsion,butane_b2_trans_T55000,fr,3,b2,384.0,55000.0,0.0005,27.5,0.141357323647597,6.165555035774051,439349.0,168811.0,0.45754466977234726,0.5424553302276527,1.0,0.0,0.41759920320450283,7.632404504073236,nan,1.0,nan,physics,False,1144.1380208333333,3.0588578343386517,41.605018939393936,439.6119791666667,15.985890151515152,2304.893912491694,3.3628393227855287,0.45754466977234726
alkane_torsion,butane_b2_trans_T55000,fr,4,b2,384.0,55000.0,0.0005,27.5,0.14606929020524576,6.411936226972299,438844.0,168873.0,0.4556827659960415,0.5443172340039585,1.0,0.0,0.3171684449712038,7.632404504073236,nan,1.0,nan,physics,False,1142.8229166666667,3.0583587934540315,41.557196969696975,439.7734375,15.991761363636364,2303.7442065921755,3.3626227319686284,0.4556827659960415
alkane_torsion,butane_b2_trans_T55000,fr,5,b2,384.0,55000.0,0.0005,27.5,0.1424060095774219,6.21245876253541,442896.0,170545.0,0.4231595877282394,0.5768404122717605,1.0,0.0,0.41136970617298885,7.632404504073236,nan,1.0,nan,physics,False,1153.375,3.062346912784317,41.94090909090909,444.1276041666667,16.1500946969697,2362.548180572924,3.373564459756632,0.4231595877282394
alkane_torsion,butane_b2_trans_T55000,fr,6,b2,384.0,55000.0,0.0005,27.5,0.14576505258070602,6.291546631275905,440126.0,170883.0,0.42915806551362984,0.5708419344863702,1.0,0.0,0.5341057978632425,7.632404504073236,nan,1.0,nan,physics,False,1146.1614583333333,3.0596245473942116,41.67859848484848,445.0078125,16.182102272727274,2339.2824175083947,3.369268269788156,0.42915806551362984
alkane_torsion,butane_b2_trans_T55000,fr,7,b2,384.0,55000.0,0.0005,27.5,0.14249668218535969,6.346287930371232,443929.0,171313.0,0.4635956240797508,0.5364043759202493,1.0,0.0,0.4723181000451168,7.632404504073236,nan,1.0,nan,physics,False,1156.0651041666667,3.0633577959308895,42.03873106060606,446.1276041666667,16.22282196969697,2324.452396274497,3.366507453610206,0.4635956240797508
alkane_torsion,butane_b2_trans_T55000,fr,8,b2,384.0,55000.0,0.0005,27.5,0.14228154137862606,6.305729777928594,444870.0,170476.0,0.43097316730143775,0.5690268326985622,1.0,0.0,0.30707443669608325,7.632404504073236,nan,1.0,nan,physics,False,1158.515625,3.064276605328951,42.12784090909091,443.9479166666667,16.143560606060607,2362.04910581754,3.3734727466700316,0.43097316730143775
alkane_torsion,butane_b2_trans_T55000,fr,9,b2,384.0,55000.0,0.0005,27.5,0.14636226442186417,6.4073975401489065,442453.0,169260.0,0.4578638297040431,0.5421361702959568,1.0,0.0,0.5559601603223038,7.632404504073236,nan,1.0,nan,physics,False,1152.2213541666667,3.061912675609064,41.89895833333333,440.78125,16.02840909090909,2320.925520764153,3.3658482849805433,0.4578638297040431
alkane_torsion,butane_b2_trans_T55000,fr,10,b2,384.0,55000.0,0.0005,27.5,0.14184815183828706,6.338449343866722,443064.0,170866.0,0.46036169311801456,0.5396383068819854,1.0,0.016666666666666666,0.23326933195213337,7.632404504073236,nan,1.0,nan,physics,False,1153.8125,3.062511476153992,41.95681818181818,444.9635416666667,16.180492424242424,2322.219643027942,3.3660902710338507,0.46036169311801456
alkane_torsion,butane_b2_trans_T55000,fr,11,b2,384.0,55000.0,0.0005,27.5,0.1419254951261961,6.345785989802278,446537.0,172158.0,0.4489725948817452,0.5510274051182549,1.0,0.0,0.44818710146975804,7.632404504073236,nan,1.0,nan,physics,False,1162.8567708333333,3.0658995374752993,42.28570075757575,448.328125,16.30284090909091,2350.191216306906,3.3712879506093985,0.4489725948817452
alkane_torsion,butane_b2_trans_T55000,fr,12,b2,384.0,55000.0,0.0005,27.5,0.14220471290127945,6.413472709976173,447357.0,173331.0,0.4388553908687749,0.5611446091312251,1.0,0.0,0.3136023138357831,7.632404504073236,nan,1.0,nan,physics,False,1164.9921875,3.0666956405284784,42.363352272727276,451.3828125,16.413920454545455,2365.357475031178,3.3740803521712226,0.4388553908687749
alkane_torsion,pentane_b1_dispersed_T45000,abf,1,p1,384.0,45000.0,0.0005,22.5,0.2620900119659017,7.497814326896135,553153.0,207522.0,0.4275578498595077,0.5724421501404924,1.0,0.0,0.3111835781837937,7.664922653335594,nan,1.0,nan,physics,False,1440.5026041666667,3.1588154313056984,64.02233796296296,540.421875,24.01875,2942.778425314135,3.468905118068716,0.4275578498595077
alkane_torsion,pentane_b1_dispersed_T45000,abf,2,p1,384.0,45000.0,0.0005,22.5,0.2645139510850445,7.550236669707765,554564.0,208497.0,0.42917932179812257,0.5708206782018774,1.0,0.0,0.30596896326851375,7.664922653335594,nan,1.0,nan,physics,False,1444.1770833333333,3.159921066194637,64.18564814814815,542.9609375,24.131597222222222,2947.487467388872,3.4695992861394576,0.42917932179812257
alkane_torsion,pentane_b1_dispersed_T45000,abf,3,p1,384.0,45000.0,0.0005,22.5,0.24623787634844865,7.424448750919196,558336.0,211309.0,0.4486176739942837,0.5513823260057162,1.0,0.0,0.3033975720792748,7.664922653335594,nan,1.0,nan,physics,False,1454.0,3.162862993321926,64.62222222222222,550.2838541666666,24.457060185185185,2939.0379266402883,3.4683529328694203,0.4486176739942837
alkane_torsion,pentane_b1_dispersed_T45000,abf,4,p1,384.0,45000.0,0.0005,22.5,0.26522543461139625,7.984408070412346,553574.0,211972.0,0.402429696351898,0.5975703036481019,1.0,0.0,0.4334680773912369,7.664922653335594,nan,1.0,nan,physics,False,1441.5989583333333,3.159145614260363,64.07106481481482,552.0104166666666,24.533796296296295,2997.3360434302535,3.4768803055065236,0.402429696351898
alkane_torsion,pentane_b1_dispersed_T45000,abf,5,p1,384.0,45000.0,0.0005,22.5,0.24433134320648994,6.938769896622038,554501.0,207450.0,0.42754595397237016,0.5724540460276298,1.0,0.0,0.42870426694273367,7.664922653335594,nan,1.0,nan,physics,False,1444.0130208333333,3.1598717604839774,64.17835648148147,540.234375,24.010416666666668,2949.970571386317,3.469964878511054,0.42754595397237016
alkane_torsion,pentane_b1_dispersed_T45000,abf,6,p1,384.0,45000.0,0.0005,22.5,0.26699901229461137,7.4075106298964295,554825.0,208317.0,0.39171975597505787,0.6082802440249422,1.0,0.0,0.3122150437286062,7.664922653335594,nan,1.0,nan,physics,False,1444.8567708333333,3.160125273098463,64.21585648148148,542.4921875,24.11076388888889,3031.9051799463077,3.4818588328395776,0.39171975597505787
alkane_torsion,pentane_b1_dispersed_T45000,abf,7,p1,384.0,45000.0,0.0005,22.5,0.2448520528055008,7.362134634969186,556766.0,212568.0,0.42982187021191437,0.5701781297880857,1.0,0.0,0.33496632147412597,7.664922653335594,nan,1.0,nan,physics,False,1449.9114583333333,3.1616409104869936,64.44050925925926,553.5625,24.602777777777778,2958.0970728535412,3.4711592123769663,0.42982187021191437
alkane_torsion,pentane_b1_dispersed_T45000,abf,8,p1,384.0,45000.0,0.0005,22.5,0.25110028972951204,7.4805901667895975,551288.0,209083.0,0.43772694575477106,0.562273054245229,1.0,0.0,0.3264136260164721,7.664922653335594,nan,1.0,nan,physics,False,1435.6458333333333,3.1573497176215968,63.80648148148148,544.4869791666666,24.199421296296293,2916.5321348368307,3.465015648232559,0.43772694575477106
alkane_torsion,pentane_b1_dispersed_T45000,abf,9,p1,384.0,45000.0,0.0005,22.5,0.25303325952439204,7.45216515969391,553141.0,210039.0,0.4177909329631754,0.5822090670368246,1.0,0.0,0.5055363857768314,7.664922653335594,nan,1.0,nan,physics,False,1440.4713541666667,3.1588060162344864,64.02094907407408,546.9765625,24.310069444444444,2960.9880542470405,3.4715833026709917,0.4177909329631754
alkane_torsion,pentane_b1_dispersed_T45000,abf,10,p1,384.0,45000.0,0.0005,22.5,0.26837308859805276,7.906716849098626,554982.0,210944.0,0.407979087771129,0.592020912228871,1.0,0.0,0.44954104762319974,7.664922653335594,nan,1.0,nan,physics,False,1445.265625,3.16024806396646,64.23402777777778,549.3333333333334,24.414814814814818,2991.870056951937,3.4760878612525468,0.407979087771129
alkane_torsion,pentane_b1_dispersed_T45000,abf,11,p1,384.0,45000.0,0.0005,22.5,0.25756726905646915,7.30779958572621,562469.0,214074.0,0.435409401332945,0.564590598667055,1.0,0.022222222222222223,0.20395576844878702,7.664922653335594,nan,1.0,nan,physics,False,1464.7630208333333,3.1660637608482722,65.1005787037037,557.484375,24.777083333333334,2979.242998591511,3.474251676373199,0.435409401332945
alkane_torsion,pentane_b1_dispersed_T45000,abf,12,p1,384.0,45000.0,0.0005,22.5,0.24537236328372963,7.234737520096532,556403.0,210531.0,0.42601142562917504,0.573988574370825,1.0,0.022222222222222223,0.1752256733091827,7.664922653335594,nan,1.0,nan,physics,False,1448.9661458333333,3.1613578623388285,64.39849537037037,548.2578125,24.367013888888888,2962.8096350981664,3.4718503055551184,0.42601142562917504
alkane_torsion,pentane_b1_dispersed_T45000,abf,13,p1,384.0,45000.0,0.0005,22.5,0.245150448715906,7.489451840273457,555753.0,211450.0,0.46689398595691556,0.5331060140430844,1.0,0.0,0.31090657188909765,7.664922653335594,nan,1.0,nan,physics,False,1447.2734375,3.1608505654428414,64.32326388888889,550.6510416666666,24.473379629629626,2907.2925404590933,3.4636380893661927,0.46689398595691556
alkane_torsion,pentane_b1_dispersed_T45000,abf,14,p1,384.0,45000.0,0.0005,22.5,0.25847567438215885,7.280403900016173,555408.0,209177.0,0.4459881052015126,0.5540118947984873,1.0,0.027777777777777776,0.18591124897426134,7.664922653335594,nan,1.0,nan,physics,False,1446.375,3.160581066938774,64.28333333333333,544.7317708333334,24.210300925925928,2926.904455276323,3.466556900520475,0.4459881052015126
alkane_torsion,pentane_b1_dispersed_T45000,abf,15,p1,384.0,45000.0,0.0005,22.5,0.2486252181738433,6.913806480703006,554326.0,209761.0,0.4351872495416631,0.5648127504583369,1.0,0.0,0.4306808807098401,7.664922653335594,nan,1.0,nan,physics,False,1443.5572916666667,3.159734770798618,64.15810185185185,546.2526041666666,24.277893518518518,2936.4551655276996,3.4679712466797876,0.4351872495416631
alkane_torsion,pentane_b1_dispersed_T45000,abf,16,p1,384.0,45000.0,0.0005,22.5,0.277781378428974,7.883277120605999,558650.0,209485.0,0.40060165764387856,0.5993983423561214,1.0,0.0,0.4337722773934272,7.664922653335594,nan,1.0,nan,physics,False,1454.8177083333333,3.163106997764594,64.65856481481481,545.5338541666666,24.245949074074073,3029.355932243773,3.481493641812846,0.40060165764387856
alkane_torsion,pentane_b1_trans_T45000,abf,1,p1,384.0,45000.0,0.0005,22.5,0.28816007130887217,9.281548885580111,550345.0,215634.0,0.43028577012051683,0.5697142298794832,1.0,0.0,0.39656008618957406,7.664922653335594,nan,1.0,nan,physics,False,1433.1901041666667,3.1566067215678486,63.69733796296297,561.546875,24.957638888888887,2923.2082400077816,3.466008296557395,0.43028577012051683
alkane_torsion,pentane_b1_trans_T45000,abf,2,p1,384.0,45000.0,0.0005,22.5,0.28200041927438596,9.431291100799204,549158.0,216980.0,0.42848348186466206,0.5715165181353379,1.0,0.0,0.29588782917312934,7.664922653335594,nan,1.0,nan,physics,False,1430.0989583333333,3.1556696656061574,63.5599537037037,565.0520833333334,25.113425925925927,2919.9352647204623,3.465521932021059,0.42848348186466206
alkane_torsion,pentane_b1_trans_T45000,abf,3,p1,384.0,45000.0,0.0005,22.5,0.2757532313201423,9.149098042295712,552993.0,218169.0,0.4492231079510866,0.5507768920489133,1.0,0.0,0.47590361089595384,7.664922653335594,nan,1.0,nan,physics,False,1440.0859375,3.158689880237434,64.00381944444445,568.1484375,25.251041666666666,2910.185111888524,3.46406982155551,0.4492231079510866
alkane_torsion,pentane_b1_trans_T45000,abf,4,p1,384.0,45000.0,0.0005,22.5,0.29388851734484284,9.337085600675284,550184.0,217436.0,0.4380632370552986,0.5619367629447014,1.0,0.0,0.3506982520455874,7.664922653335594,nan,1.0,nan,physics,False,1432.7708333333333,3.156479741448799,63.678703703703704,566.2395833333334,25.166203703703705,2910.197631971534,3.464071689314194,0.4380632370552986
alkane_torsion,pentane_b1_trans_T45000,abf,5,p1,384.0,45000.0,0.0005,22.5,0.279225826786974,9.00673262836864,548995.0,215477.0,0.4380887205132225,0.5619112794867775,1.0,0.0,0.45345904192470654,7.664922653335594,nan,1.0,nan,physics,False,1429.6744791666667,3.1555408301374217,63.54108796296297,561.1380208333334,24.939467592592596,2903.871187197731,3.4631268789192724,0.4380887205132225
alkane_torsion,pentane_b1_trans_T45000,abf,6,p1,384.0,45000.0,0.0005,22.5,0.2910836615989249,9.033038834671581,552230.0,216840.0,0.4078808174002822,0.5921191825997179,1.0,0.0,0.40562415828139764,7.664922653335594,nan,1.0,nan,physics,False,1438.0989583333333,3.1580906588291917,63.91550925925925,564.6875,25.09722222222222,2977.2572681221955,3.473962210306674,0.4078808174002822
alkane_torsion,pentane_b1_trans_T45000,abf,7,p1,384.0,45000.0,0.0005,22.5,0.28012887068823716,9.445504159399121,551106.0,219637.0,0.4104619097479945,0.5895380902520055,1.0,0.0,0.3178589633874814,7.664922653335594,nan,1.0,nan,physics,False,1435.171875,3.157206417550667,63.78541666666667,571.9713541666666,25.420949074074073,2965.44031569312,3.47223561482554,0.4104619097479945
alkane_torsion,pentane_b1_trans_T45000,abf,8,p1,384.0,45000.0,0.0005,22.5,0.27364601917685455,9.079431329050912,552337.0,219453.0,0.4397030176439318,0.5602969823560682,1.0,0.0,0.437832449363634,7.664922653335594,nan,1.0,nan,physics,False,1438.3776041666667,3.1581747410480823,63.92789351851852,571.4921875,25.399652777777778,2919.2089853113735,3.4654139329277953,0.4397030176439318
alkane_torsion,pentane_b1_trans_T45000,abf,9,p1,384.0,45000.0,0.0005,22.5,0.2815766951212026,9.159292739202922,553451.0,218372.0,0.4306542637284234,0.5693457362715766,1.0,0.0,0.4076580952112201,7.664922653335594,nan,1.0,nan,physics,False,1441.2786458333333,3.159049173460514,64.0568287037037,568.6770833333334,25.27453703703704,2939.0916739148083,3.4683608721994448,0.4306542637284234
alkane_torsion,pentane_b1_trans_T45000,abf,10,p1,384.0,45000.0,0.0005,22.5,0.2913331481928879,9.270956242311934,548722.0,217253.0,0.4188770591528542,0.5811229408471458,1.0,0.0,0.4625424466325782,7.664922653335594,nan,1.0,nan,physics,False,1428.9635416666667,3.1553249648393056,63.509490740740745,565.7630208333334,25.145023148148148,2935.1922810695833,3.4677844926177235,0.4188770591528542
alkane_torsion,pentane_b1_trans_T45000,abf,11,p1,384.0,45000.0,0.0005,22.5,0.28373908847708235,9.244669458857881,553373.0,218853.0,0.4548040798250271,0.545195920174973,1.0,0.0,0.41990140009274113,7.664922653335594,nan,1.0,nan,physics,False,1441.0755208333333,3.1589880047817145,64.04780092592593,569.9296875,25.330208333333335,2905.8941871372936,3.463429223453003,0.4548040798250271
alkane_torsion,pentane_b1_trans_T45000,abf,12,p1,384.0,45000.0,0.0005,22.5,0.2850037896292331,9.114701445764734,552631.0,217251.0,0.44453766817773516,0.5554623318222649,1.0,0.0,0.3853899127246785,7.664922653335594,nan,1.0,nan,physics,False,1439.1432291666667,3.1584056869170576,63.961921296296296,565.7578125,25.144791666666666,2914.1428913562904,3.464659847399185,0.44453766817773516
alkane_torsion,pentane_b1_trans_T45000,abf,13,p1,384.0,45000.0,0.0005,22.5,0.2982566188350008,9.9238475347146,553029.0,219980.0,0.5040593915670615,0.4959406084329385,1.0,0.0,0.38052680319744264,7.664922653335594,nan,1.0,nan,physics,False,1440.1796875,3.158718132392502,64.00798611111111,572.8645833333334,25.46064814814815,2880.549245365298,3.4596260460265738,0.4959406084329385
alkane_torsion,pentane_b1_trans_T45000,abf,14,p1,384.0,45000.0,0.0005,22.5,0.28285307101350365,9.227518815371317,553475.0,219239.0,0.43850849454093593,0.5614915054590641,1.0,0.0,0.3004520522574581,7.664922653335594,nan,1.0,nan,physics,False,1441.3411458333333,3.159067992859314,64.05960648148148,570.9348958333334,25.37488425925926,2926.951915387843,3.466563940196054,0.43850849454093593
alkane_torsion,pentane_b1_trans_T45000,abf,15,p1,384.0,45000.0,0.0005,22.5,0.28660302612527616,8.868520897865341,548010.0,214861.0,0.44065306888206124,0.5593469311179388,1.0,0.0,0.4747971323074415,7.664922653335594,nan,1.0,nan,physics,False,1427.109375,3.154761470143186,63.427083333333336,559.5338541666666,24.868171296296296,2895.004244131817,3.461799193989777,0.44065306888206124
alkane_torsion,pentane_b1_trans_T45000,abf,16,p1,384.0,45000.0,0.0005,22.5,0.3085678590301285,9.970441262007345,548505.0,216750.0,0.43263626767600816,0.5673637323239918,1.0,0.0,0.37090991692326314,7.664922653335594,nan,1.0,nan,physics,False,1428.3984375,3.155153303030645,63.484375,564.453125,25.086805555555557,2909.610642700658,3.4639841130182685,0.43263626767600816
alkane_torsion,pentane_b2_trans_T55000,abf,1,p1,384.0,55000.0,0.0005,27.5,0.18974203908016343,7.442452815899963,450646.0,176172.0,0.44379444110349797,0.556205558896502,1.0,0.0,0.3159730515292381,7.239019621225108,nan,1.0,nan,physics,False,1173.5572916666667,3.0698742053178463,42.67481060606061,458.78125,16.682954545454546,2377.1529040708915,3.376239774277385,0.44379444110349797
alkane_torsion,pentane_b2_trans_T55000,abf,2,p1,384.0,55000.0,0.0005,27.5,0.19846778662347114,7.72169215247194,450464.0,176519.0,0.4517984952397679,0.5482015047602321,1.0,0.016666666666666666,0.22420442037321575,7.239019621225108,nan,1.0,nan,physics,False,1173.0833333333333,3.0696989230806047,42.657575757575756,459.6848958333333,16.715814393939393,2368.1754000533406,3.3745972145663417,0.4517984952397679
alkane_torsion,pentane_b2_trans_T55000,abf,3,p1,384.0,55000.0,0.0005,27.5,0.2004397704884496,7.77767502129599,449478.0,175523.0,0.47687223105127885,0.5231277689487212,1.0,0.016666666666666666,0.20292080402650375,7.239019621225108,nan,1.0,nan,physics,False,1170.515625,3.0687480853410283,42.564204545454544,457.0911458333333,16.62149621212121,2346.0508011412235,3.3705224898612838,0.47687223105127885
alkane_torsion,pentane_b2_trans_T55000,abf,4,p1,384.0,55000.0,0.0005,27.5,0.19327968926450445,7.596140780720601,448278.0,176317.0,0.45789263503232563,0.5421073649676744,1.0,0.0,0.34390079603777296,7.239019621225108,nan,1.0,nan,physics,False,1167.390625,3.0675880635984116,42.450568181818184,459.1588541666667,16.69668560606061,2351.4580745754306,3.3715218921873746,0.45789263503232563
alkane_torsion,pentane_b2_trans_T55000,abf,5,p1,384.0,55000.0,0.0005,27.5,0.19720206286432154,7.67770002759727,451607.0,176230.0,0.4176255181367354,0.5823744818632646,1.0,0.0,0.4907282993962234,7.239019621225108,nan,1.0,nan,physics,False,1176.0598958333333,3.07079856290126,42.765814393939394,458.9322916666667,16.68844696969697,2417.7426984268914,3.3835896713396494,0.4176255181367354
alkane_torsion,pentane_b2_trans_T55000,abf,6,p1,384.0,55000.0,0.0005,27.5,0.1988829555780734,7.66071896152156,449030.0,176255.0,0.43778305361439546,0.5622169463856046,1.0,0.022222222222222223,0.17785311405527635,7.239019621225108,nan,1.0,nan,physics,False,1169.3489583333333,3.068315372927957,42.5217803030303,458.9973958333333,16.690814393939394,2375.4793487708475,3.375934044696911,0.43778305361439546
alkane_torsion,pentane_b2_trans_T55000,abf,7,p1,384.0,55000.0,0.0005,27.5,0.19197121957221724,7.728077048821463,454821.0,178985.0,0.4407586179142451,0.5592413820857549,1.0,0.0,0.2741702191951815,7.239019621225108,nan,1.0,nan,physics,False,1184.4296875,3.073875799363253,43.070170454545455,466.1067708333333,16.94933712121212,2402.5872928182675,3.3808598993379166,0.4407586179142451
alkane_torsion,pentane_b2_trans_T55000,abf,8,p1,384.0,55000.0,0.0005,27.5,0.19171829306813223,7.574259349430116,449624.0,176744.0,0.46119771664234543,0.5388022833576546,1.0,0.0,0.2575490065752456,7.239019621225108,nan,1.0,nan,physics,False,1170.8958333333333,3.0688890101299737,42.5780303030303,460.2708333333333,16.737121212121213,2355.9804855757225,3.372355986834097,0.46119771664234543
alkane_torsion,pentane_b2_trans_T55000,abf,9,p1,384.0,55000.0,0.0005,27.5,0.1931767027625538,7.717809204152773,449109.0,176141.0,0.4514912430013733,0.5485087569986267,1.0,0.0,0.5534638650478971,7.239019621225108,nan,1.0,nan,physics,False,1169.5546875,3.0683917084424404,42.529261363636365,458.7005208333333,16.68001893939394,2361.335201783031,3.37334152153998,0.4514912430013733
alkane_torsion,pentane_b2_trans_T55000,abf,10,p1,384.0,55000.0,0.0005,27.5,0.192987422909777,7.593301040155362,450202.0,175685.0,0.4353181253768355,0.5646818746231645,1.0,0.0,0.35824104227791626,7.239019621225108,nan,1.0,nan,physics,False,1172.4010416666667,3.069446469417968,42.63276515151515,457.5130208333333,16.63683712121212,2384.710159245692,3.3776176799519715,0.4353181253768355
alkane_torsion,pentane_b2_trans_T55000,abf,11,p1,384.0,55000.0,0.0005,27.5,0.19479151747768067,7.633223905512892,448086.0,174275.0,0.41654555676306515,0.5834544432369348,1.0,0.0,0.4353511024694176,7.239019621225108,nan,1.0,nan,physics,False,1166.890625,3.067402172242851,42.43238636363636,453.8411458333333,16.503314393939394,2400.660226285889,3.380511565811782,0.41654555676306515
alkane_torsion,pentane_b2_trans_T55000,abf,12,p1,384.0,55000.0,0.0005,27.5,0.19603659945377558,7.638661537822967,450021.0,176464.0,0.47700667063119223,0.5229933293688078,1.0,0.0,0.31364043909020234,7.239019621225108,nan,1.0,nan,physics,False,1171.9296875,3.069271978657723,42.615625,459.5416666666667,16.71060606060606,2348.826609583231,3.371035817471999,0.47700667063119223
alkane_torsion,pentane_b2_trans_T55000,abf,13,p1,384.0,55000.0,0.0005,27.5,0.19820204355237786,7.7911282705291995,449302.0,177191.0,0.45084958455552465,0.5491504154444753,1.0,0.0,0.26309546524822514,7.239019621225108,nan,1.0,nan,physics,False,1170.0572916666667,3.0685781425924694,42.54753787878788,461.4348958333333,16.779450757575756,2362.9478747181756,3.373637896078996,0.45084958455552465
alkane_torsion,pentane_b2_trans_T55000,abf,14,p1,384.0,55000.0,0.0005,27.5,0.19234462896238946,7.657866070197216,448370.0,175781.0,0.41342446705035396,0.586575532949646,1.0,0.0,0.4243922459415889,7.239019621225108,nan,1.0,nan,physics,False,1167.6302083333333,3.067677108350177,42.4592803030303,457.7630208333333,16.64592803030303,2407.4385333986793,3.3817355670106717,0.41342446705035396
alkane_torsion,pentane_b2_trans_T55000,abf,15,p1,384.0,55000.0,0.0005,27.5,0.19245736080732043,7.449724459522842,450420.0,175837.0,0.4816779736334916,0.5183220263665085,1.0,0.0,0.3270622623360652,7.239019621225108,nan,1.0,nan,physics,False,1172.96875,3.06965653653409,42.65340909090909,457.9088541666667,16.65123106060606,2349.0918290318377,3.3710848325111535,0.4816779736334916
alkane_torsion,pentane_b2_trans_T55000,abf,16,p1,384.0,55000.0,0.0005,27.5,0.19838147814390997,7.681604662306649,446405.0,174949.0,0.457966669358241,0.5420333306417591,1.0,0.03888888888888889,0.20427913476193407,7.239019621225108,nan,1.0,nan,physics,False,1162.5130208333333,3.065771247824231,42.27320075757576,455.5963541666667,16.56714015151515,2341.574424728779,3.3696933975259094,0.457966669358241
alkane_torsion,pentane_b1_dispersed_T45000,fr,1,p1,384.0,45000.0,0.0005,22.5,0.27688814110640414,7.822435187654413,554531.0,205565.0,0.4443334393434268,0.5556665606565732,1.0,0.011111111111111112,0.24148410276549784,7.664922653335594,nan,1.0,nan,physics,False,1444.0911458333333,3.1598952400919433,64.1818287037037,535.3255208333334,23.792245370370374,2924.430798286438,3.4661898292360718,0.4443334393434268
alkane_torsion,pentane_b1_dispersed_T45000,fr,2,p1,384.0,45000.0,0.0005,22.5,0.2877375144811279,7.940816084304233,552814.0,203144.0,0.3943494124247158,0.6056505875752842,1.0,0.0,0.3754033847651882,7.664922653335594,nan,1.0,nan,physics,False,1439.6197916666667,3.158549376949471,63.983101851851856,529.0208333333334,23.51203703703704,3013.800301636234,3.4792585500517044,0.3943494124247158
alkane_torsion,pentane_b1_dispersed_T45000,fr,3,p1,384.0,45000.0,0.0005,22.5,0.2680014867481065,7.722282687581471,558820.0,207807.0,0.41895183728068863,0.5810481627193114,1.0,0.0,0.3749298192796094,7.664922653335594,nan,1.0,nan,physics,False,1455.2604166666667,3.163239044900342,64.67824074074075,541.1640625,24.05173611111111,2989.059012660068,3.4756797597691516,0.41895183728068863
alkane_torsion,pentane_b1_dispersed_T45000,fr,4,p1,384.0,45000.0,0.0005,22.5,0.2771163302221459,8.24921568869233,554852.0,210509.0,0.43774032616136116,0.5622596738386388,1.0,0.0,0.29882772253251627,7.664922653335594,nan,1.0,nan,physics,False,1444.9270833333333,3.1601463924713515,64.21898148148148,548.2005208333334,24.364467592592593,2935.3672350931743,3.4678103694323714,0.43774032616136116
alkane_torsion,pentane_b1_dispersed_T45000,fr,5,p1,384.0,45000.0,0.0005,22.5,0.2428385491881288,7.026223436392299,554937.0,205921.0,0.4185974805301269,0.5814025194698731,1.0,0.0,0.3465441353769893,7.664922653335594,nan,1.0,nan,physics,False,1445.1484375,3.160212872680893,64.22881944444444,536.2526041666666,23.83344907407407,2968.991419788045,3.472755194655903,0.4185974805301269
alkane_torsion,pentane_b1_dispersed_T45000,fr,6,p1,384.0,45000.0,0.0005,22.5,0.27332332100957046,7.628603539899641,553812.0,205676.0,0.3888066890150604,0.6111933109849397,1.0,0.0,0.35617480970970977,7.664922653335594,nan,1.0,nan,physics,False,1442.21875,3.1593321624987527,64.09861111111111,535.6145833333334,23.805092592592594,3034.5117346735797,3.4822319161067217,0.3888066890150604
alkane_torsion,pentane_b1_dispersed_T45000,fr,7,p1,384.0,45000.0,0.0005,22.5,0.2564591514004288,7.5776160572165665,557389.0,210141.0,0.3967707111027704,0.6032292888972296,1.0,0.0,0.5278633530539238,7.664922653335594,nan,1.0,nan,physics,False,1451.5338541666667,3.162126263269896,64.51261574074074,547.2421875,24.321875,3032.320821029807,3.4819183461611285,0.3967707111027704
alkane_torsion,pentane_b1_dispersed_T45000,fr,8,p1,384.0,45000.0,0.0005,22.5,0.26430156228168716,7.718101270756976,553166.0,207074.0,0.4325176928034621,0.5674823071965379,1.0,0.0,0.454977655929241,7.664922653335594,nan,1.0,nan,physics,False,1440.5364583333333,3.1588256307358518,64.02384259259259,539.2552083333334,23.96689814814815,2934.5266313967236,3.467686024695348,0.4325176928034621
alkane_torsion,pentane_b1_dispersed_T45000,fr,9,p1,384.0,45000.0,0.0005,22.5,0.2747369024779619,7.8784402857437765,555152.0,207827.0,0.3894016576939789,0.6105983423060211,1.0,0.0,0.40479186965203845,7.664922653335594,nan,1.0,nan,physics,False,1445.7083333333333,3.1603809830943397,64.2537037037037,541.2161458333334,24.054050925925928,3040.1658186169384,3.483040100560779,0.3894016576939789
alkane_torsion,pentane_b1_dispersed_T45000,fr,10,p1,384.0,45000.0,0.0005,22.5,0.28002173791679535,8.073387816431868,556292.0,210144.0,0.4429686860663753,0.5570313139336247,1.0,0.0,0.34867481633698605,7.664922653335594,nan,1.0,nan,physics,False,1448.6770833333333,3.161271273583475,64.38564814814815,547.25,24.322222222222223,2935.5464570556583,3.4678368759037577,0.4429686860663753
alkane_torsion,pentane_b1_dispersed_T45000,fr,11,p1,384.0,45000.0,0.0005,22.5,0.27026948241564314,7.56494111511009,559369.0,207074.0,0.4353486787978972,0.5646513212021028,1.0,0.022222222222222223,0.23171322696379074,7.664922653335594,nan,1.0,nan,physics,False,1456.6901041666667,3.163665205493996,64.74178240740741,539.2552083333334,23.96689814814815,2962.9177436601494,3.4718661466857643,0.4353486787978972
alkane_torsion,pentane_b1_dispersed_T45000,fr,12,p1,384.0,45000.0,0.0005,22.5,0.2582812512850791,7.505327234821249,558842.0,207238.0,0.40718141014232373,0.5928185898576763,1.0,0.0,0.4462032247469404,7.664922653335594,nan,1.0,nan,physics,False,1455.3177083333333,3.1632561304195126,64.68078703703704,539.6822916666666,23.98587962962963,3014.519254534461,3.4793621058500395,0.40718141014232373
alkane_torsion,pentane_b1_dispersed_T45000,fr,13,p1,384.0,45000.0,0.0005,22.5,0.25813002234455396,7.772166344099824,554391.0,208660.0,0.4494892054167339,0.5505107945832661,1.0,0.016666666666666666,0.2095411811862322,7.664922653335594,nan,1.0,nan,physics,False,1443.7265625,3.159785657726077,64.165625,543.3854166666666,24.150462962962962,2917.2244550757264,3.4651186925786486,0.4494892054167339
alkane_torsion,pentane_b1_dispersed_T45000,fr,14,p1,384.0,45000.0,0.0005,22.5,0.2657703196731575,7.512923041901132,559254.0,207979.0,0.4137714035692244,0.5862285964307756,1.0,0.016666666666666666,0.23498110885596038,7.664922653335594,nan,1.0,nan,physics,False,1456.390625,3.163575971498735,64.72847222222222,541.6119791666666,24.071643518518517,3002.067181142634,3.477565047841066,0.4137714035692244
alkane_torsion,pentane_b1_dispersed_T45000,fr,15,p1,384.0,45000.0,0.0005,22.5,0.2784762181727381,7.294568069935012,553182.0,204900.0,0.4158441895854405,0.5841558104145594,1.0,0.0,0.31779059489357975,7.664922653335594,nan,1.0,nan,physics,False,1440.578125,3.1588381835518367,64.02569444444444,533.59375,23.71527777777778,2965.1555537088334,3.4721939229384646,0.4158441895854405
alkane_torsion,pentane_b1_dispersed_T45000,fr,16,p1,384.0,45000.0,0.0005,22.5,0.28739510306617994,8.055217335656367,558410.0,206460.0,0.42303977971095796,0.576960220289042,1.0,0.0,0.45129398417757915,7.664922653335594,nan,1.0,nan,physics,False,1454.1927083333333,3.162920509901956,64.63078703703704,537.65625,23.895833333333332,2978.9614888196306,3.4742106515590745,0.42303977971095796
alkane_torsion,pentane_b1_trans_T45000,fr,1,p1,384.0,45000.0,0.0005,22.5,0.3175321782203063,9.638835714834796,548434.0,208834.0,0.4574066841415067,0.5425933158584932,1.0,0.0,0.29225546275956976,7.664922653335594,nan,1.0,nan,physics,False,1428.2135416666667,3.155097122450111,63.47615740740741,543.8385416666666,24.17060185185185,2877.307016193239,3.459137116329974,0.4574066841415067
alkane_torsion,pentane_b1_trans_T45000,fr,2,p1,384.0,45000.0,0.0005,22.5,0.29104840258012454,9.463561459940253,549077.0,213097.0,0.40766746592202324,0.5923325340779768,1.0,0.0,0.39047433852029545,7.664922653335594,nan,1.0,nan,physics,False,1429.8880208333333,3.1556056478498857,63.5505787037037,554.9401041666666,24.664004629629627,2960.7408191754425,3.4715470509013096,0.40766746592202324
alkane_torsion,pentane_b1_trans_T45000,fr,3,p1,384.0,45000.0,0.0005,22.5,0.3018625560346267,9.49039738365949,551455.0,213143.0,0.4774946631318503,0.5225053368681497,1.0,0.005555555555555556,0.24847085190826151,7.664922653335594,nan,1.0,nan,physics,False,1436.0807291666667,3.1574811656615918,63.82581018518519,555.0598958333334,24.669328703703705,2877.9921574837663,3.459240481840165,0.4774946631318503
alkane_torsion,pentane_b1_trans_T45000,fr,4,p1,384.0,45000.0,0.0005,22.5,0.32089554304411044,9.697957596486802,550075.0,212545.0,0.4723270462031341,0.5276729537968659,1.0,0.0,0.4651389299454477,7.664922653335594,nan,1.0,nan,physics,False,1432.4869791666667,3.1563937524609136,63.66608796296297,553.5026041666666,24.60011574074074,2873.776823813562,3.4586041349566408,0.4723270462031341
alkane_torsion,pentane_b1_trans_T45000,fr,5,p1,384.0,45000.0,0.0005,22.5,0.29625062424664544,9.247870052482495,547249.0,211218.0,0.43049286585593716,0.5695071341440628,1.0,0.0,0.3095276449982549,7.664922653335594,nan,1.0,nan,physics,False,1425.1276041666667,3.1541583861793088,63.339004629629635,550.046875,24.446527777777778,2906.421711376689,3.4635080292388825,0.43049286585593716
alkane_torsion,pentane_b1_trans_T45000,fr,6,p1,384.0,45000.0,0.0005,22.5,0.3090067927951282,9.309974112459788,549154.0,212237.0,0.38474909738367036,0.6152509026163296,1.0,0.0,0.43735811048148915,7.664922653335594,nan,1.0,nan,physics,False,1430.0885416666667,3.1556665044569643,63.55949074074074,552.7005208333334,24.564467592592596,3020.668468055398,3.4802468126196264,0.38474909738367036
alkane_torsion,pentane_b1_trans_T45000,fr,7,p1,384.0,45000.0,0.0005,22.5,0.2994915744454198,9.701284446092174,551945.0,216287.0,0.42079559795918314,0.5792044020408169,1.0,0.0,0.36351382783748404,7.664922653335594,nan,1.0,nan,physics,False,1437.3567708333333,3.157866622059716,63.882523148148145,563.2473958333334,25.033217592592596,2948.7064626535052,3.469778799709446,0.42079559795918314
alkane_torsion,pentane_b1_trans_T45000,fr,8,p1,384.0,45000.0,0.0005,22.5,0.2891393886228284,9.444623208036665,554578.0,217193.0,0.4318539860777046,0.5681460139222954,1.0,0.0,0.37300654447134224,7.664922653335594,nan,1.0,nan,physics,False,1444.2135416666667,3.1599320222590874,64.18726851851852,565.6067708333334,25.138078703703705,2943.0966242805807,3.4689520593010776,0.4318539860777046
alkane_torsion,pentane_b1_trans_T45000,fr,9,p1,384.0,45000.0,0.0005,22.5,0.29066823639924627,9.290606251830013,552243.0,214774.0,0.4121959165957818,0.5878040834042182,1.0,0.0,0.32515753146639104,7.664922653335594,nan,1.0,nan,physics,False,1438.1328125,3.1581008752946773,63.91701388888889,559.3072916666666,24.85810185185185,2967.786915290558,3.472579027224036,0.4121959165957818
alkane_torsion,pentane_b1_trans_T45000,fr,10,p1,384.0,45000.0,0.0005,22.5,0.3139469439275555,9.570741249379578,550015.0,213449.0,0.4188262334904685,0.5811737665095316,1.0,0.0,0.5758226489706183,7.664922653335594,nan,1.0,nan,physics,False,1432.3307291666667,3.156346411806733,63.65914351851852,555.8567708333334,24.70474537037037,2942.208426355164,3.4688210182024917,0.4188262334904685
alkane_torsion,pentane_b1_trans_T45000,fr,11,p1,384.0,45000.0,0.0005,22.5,0.28966031154981536,9.33419959673911,554002.0,214074.0,0.44461983095743146,0.5553801690425686,1.0,0.005555555555555556,0.24464564367915514,7.664922653335594,nan,1.0,nan,physics,False,1442.7135416666667,3.1594810300653733,64.12060185185186,557.484375,24.777083333333334,2921.264728110013,3.4657195561395713,0.44461983095743146
alkane_torsion,pentane_b1_trans_T45000,fr,12,p1,384.0,45000.0,0.0005,22.5,0.3065932310261585,9.526765550875279,552703.0,214979.0,0.45733186286475,0.54266813713525,1.0,0.0,0.3541596601367671,7.664922653335594,nan,1.0,nan,physics,False,1439.3307291666667,3.1584622263731674,63.970254629629636,559.8411458333334,24.881828703703704,2899.778456137432,3.4625145612910857,0.45733186286475
alkane_torsion,pentane_b1_trans_T45000,fr,13,p1,384.0,45000.0,0.0005,22.5,0.3122731478270797,10.087602334551804,550682.0,216848.0,0.47679564502770555,0.5232043549722944,1.0,0.0,0.4397203957555544,7.664922653335594,nan,1.0,nan,physics,False,1434.0677083333333,3.1568723921235606,63.73634259259259,564.7083333333334,25.098148148148148,2874.3260491640035,3.458687098877465,0.47679564502770555
alkane_torsion,pentane_b1_trans_T45000,fr,14,p1,384.0,45000.0,0.0005,22.5,0.2985940758299903,9.557167581089537,552306.0,214307.0,0.4544902255382343,0.5455097744617656,1.0,0.011111111111111112,0.2399906001612524,7.664922653335594,nan,1.0,nan,physics,False,1438.296875,3.1581503824539623,63.924305555555556,558.0911458333334,24.804050925925928,2900.6241397522617,3.4626411556539853,0.4544902255382343
alkane_torsion,pentane_b1_trans_T45000,fr,15,p1,384.0,45000.0,0.0005,22.5,0.2872140036347729,8.950716255819247,548866.0,211403.0,0.43920597738653694,0.5607940226134631,1.0,0.0,0.5219039604749193,7.664922653335594,nan,1.0,nan,physics,False,1429.3385416666667,3.155438841225017,63.52615740740741,550.5286458333334,24.467939814814816,2901.57292993539,3.462783140614089,0.43920597738653694
alkane_torsion,pentane_b1_trans_T45000,fr,16,p1,384.0,45000.0,0.0005,22.5,0.3158547871750475,10.175692759640475,551211.0,215656.0,0.43848791536333265,0.5615120846366674,1.0,0.0,0.48996750566121156,7.664922653335594,nan,1.0,nan,physics,False,1435.4453125,3.157289096438944,63.79756944444444,561.6041666666666,24.960185185185182,2915.0091314510446,3.4647888796365374,0.43848791536333265
alkane_torsion,pentane_b2_trans_T55000,fr,1,p1,384.0,55000.0,0.0005,27.5,0.1961793659831961,7.538981949292651,451261.0,174352.0,0.4257669481112355,0.5742330518887645,1.0,0.0,0.32403243414963173,7.239019621225108,nan,1.0,nan,physics,False,1175.1588541666667,3.0704659823088933,42.733049242424244,454.0416666666667,16.51060606060606,2403.291501750572,3.3809871213701936,0.4257669481112355
alkane_torsion,pentane_b2_trans_T55000,fr,2,p1,384.0,55000.0,0.0005,27.5,0.20085756454296347,7.764168893465872,452097.0,173904.0,0.4303713795829436,0.5696286204170564,1.0,0.0,0.29472034413693216,7.239019621225108,nan,1.0,nan,physics,False,1177.3359375,3.0712691232214286,42.81221590909091,452.875,16.46818181818182,2401.238074354229,3.3806160460538535,0.4303713795829436
alkane_torsion,pentane_b2_trans_T55000,fr,3,p1,384.0,55000.0,0.0005,27.5,0.20049786495430827,7.839647367923025,449583.0,173855.0,0.44106621113215183,0.5589337888678482,1.0,0.0,0.3665889497680634,7.239019621225108,nan,1.0,nan,physics,False,1170.7890625,3.06884943997798,42.574147727272724,452.7473958333333,16.463541666666664,2374.567434435931,3.375767363101989,0.44106621113215183
alkane_torsion,pentane_b2_trans_T55000,fr,4,p1,384.0,55000.0,0.0005,27.5,0.19838440845426256,7.700740115399892,447949.0,175528.0,0.4498426969322276,0.5501573030677724,1.0,0.0,0.45976371200882177,7.239019621225108,nan,1.0,nan,physics,False,1166.5338541666667,3.067269482355588,42.41941287878788,457.1041666666667,16.621969696969696,2356.7840740876477,3.3725040298828697,0.4498426969322276
alkane_torsion,pentane_b2_trans_T55000,fr,5,p1,384.0,55000.0,0.0005,27.5,0.2008622257980236,7.728042241873799,450472.0,172637.0,0.4096163400942092,0.5903836599057908,1.0,0.0,0.4003247663589536,7.239019621225108,nan,1.0,nan,physics,False,1173.1041666666667,3.0697066292809883,42.65833333333334,449.5755208333333,16.348200757575757,2425.4648201663263,3.384973999126106,0.4096163400942092
alkane_torsion,pentane_b2_trans_T55000,fr,6,p1,384.0,55000.0,0.0005,27.5,0.2032650368669431,7.744303715381323,449383.0,173176.0,0.45033425876097066,0.5496657412390293,1.0,0.0,0.3887759663980839,7.239019621225108,nan,1.0,nan,physics,False,1170.2682291666667,3.068656363140134,42.55520833333333,450.9791666666667,16.399242424242424,2363.8600589956377,3.373805446382856,0.45033425876097066
alkane_torsion,pentane_b2_trans_T55000,fr,7,p1,384.0,55000.0,0.0005,27.5,0.1958158005591576,7.821091288325842,454319.0,177438.0,0.4383963694129987,0.5616036305870014,1.0,0.0,0.38392368017335105,7.239019621225108,nan,1.0,nan,physics,False,1183.1223958333333,3.07339659519748,43.02263257575758,462.078125,16.80284090909091,2402.7181229467815,3.380883537862196,0.4383963694129987
alkane_torsion,pentane_b2_trans_T55000,fr,8,p1,384.0,55000.0,0.0005,27.5,0.19622564101855494,7.642460622875523,448999.0,175867.0,0.4671341570505534,0.5328658429494466,1.0,0.0,0.4206675348133832,7.239019621225108,nan,1.0,nan,physics,False,1169.2682291666667,3.068285414819632,42.5188446969697,457.9869791666667,16.65407196969697,2348.684311847466,3.3710095172367267,0.4671341570505534
alkane_torsion,pentane_b2_trans_T55000,fr,9,p1,384.0,55000.0,0.0005,27.5,0.1942688454739168,7.7343282340829465,449293.0,173835.0,0.44545416516647146,0.5545458348335286,1.0,0.0,0.38495916724380375,7.239019621225108,nan,1.0,nan,physics,False,1170.0338541666667,3.068569450550797,42.546685606060606,452.6953125,16.461647727272727,2368.2522604644887,3.374611303650246,0.44545416516647146
alkane_torsion,pentane_b2_trans_T55000,fr,10,p1,384.0,55000.0,0.0005,27.5,0.19938752605881585,7.715183295819802,449031.0,171565.0,0.4221542631532341,0.5778457368467659,1.0,0.0,0.29058243925366356,7.239019621225108,nan,1.0,nan,physics,False,1169.3515625,3.068316339284143,42.521875,446.7838541666667,16.246685606060606,2396.8011903356746,3.3798131714569437,0.4221542631532341
alkane_torsion,pentane_b2_trans_T55000,fr,11,p1,384.0,55000.0,0.0005,27.5,0.19953230820615855,7.73992158206153,447511.0,173204.0,0.4165482025621056,0.5834517974378943,1.0,0.0,0.4066374245422158,7.239019621225108,nan,1.0,nan,physics,False,1165.3932291666667,3.066844989931299,42.37793560606061,451.0520833333333,16.40189393939394,2397.575256677243,3.3799533492546634,0.4165482025621056
alkane_torsion,pentane_b2_trans_T55000,fr,12,p1,384.0,55000.0,0.0005,27.5,0.2006658217728003,7.717755088043674,446786.0,171484.0,0.4389029993686493,0.5610970006313507,1.0,0.0,0.2585730875501475,7.239019621225108,nan,1.0,nan,physics,False,1163.5052083333333,3.0661414352883622,42.3092803030303,446.5729166666667,16.23901515151515,2362.282540643793,3.3735156465190443,0.4389029993686493
alkane_torsion,pentane_b2_trans_T55000,fr,13,p1,384.0,55000.0,0.0005,27.5,0.19951333758639836,7.8329268865491395,450619.0,174913.0,0.43513458082840173,0.5648654191715983,1.0,0.0,0.3724757262139893,7.239019621225108,nan,1.0,nan,physics,False,1173.4869791666667,3.069848206377641,42.67225378787879,455.5026041666667,16.563731060606063,2387.1499071094645,3.3780615845122193,0.43513458082840173
alkane_torsion,pentane_b2_trans_T55000,fr,14,p1,384.0,55000.0,0.0005,27.5,0.19728639259639155,7.696693308604183,451033.0,172844.0,0.4121010436770806,0.5878989563229193,1.0,0.0,0.29271323778765757,7.239019621225108,nan,1.0,nan,physics,False,1174.5651041666667,3.070246685861965,42.71145833333333,450.1145833333333,16.36780303030303,2424.045094333162,3.3847198188302285,0.4121010436770806
alkane_torsion,pentane_b2_trans_T55000,fr,15,p1,384.0,55000.0,0.0005,27.5,0.19455478684970054,7.524905320277524,452027.0,174245.0,0.4601760199520265,0.5398239800479735,1.0,0.0,0.41458575374115125,7.239019621225108,nan,1.0,nan,physics,False,1177.1536458333333,3.0712019315260797,42.80558712121212,453.7630208333333,16.500473484848484,2369.3378915722924,3.3748102590842066,0.4601760199520265
alkane_torsion,pentane_b2_trans_T55000,fr,16,p1,384.0,55000.0,0.0005,27.5,0.20209499623769148,7.767745343408141,446565.0,171979.0,0.4603664602931792,0.5396335397068208,1.0,0.016666666666666666,0.19976458594868285,7.239019621225108,nan,1.0,nan,physics,False,1162.9296875,3.065926745560361,42.28835227272727,447.8619791666667,16.28589015151515,2340.565781474012,3.3695063628995996,0.4603664602931792
alkane_torsion,pentane_b1_dispersed_T45000,fr,1,p1,384.0,45000.0,0.0005,22.5,0.25264374110569804,7.396835708994963,553436.0,208772.0,0.42798700157990827,0.5720129984200917,1.0,0.016666666666666666,0.22274092258953906,7.664922653335594,nan,1.0,nan,physics,False,1441.2395833333333,3.159037410922126,64.05509259259259,543.6770833333334,24.163425925925928,2943.538419867373,3.4690172252977454,0.42798700157990827
alkane_torsion,pentane_b1_dispersed_T45000,fr,2,p1,384.0,45000.0,0.0005,22.5,0.2665374170113625,7.5967001719398946,555025.0,208739.0,0.40155623166773313,0.5984437683322669,1.0,0.0,0.4004200702528647,7.664922653335594,nan,1.0,nan,physics,False,1445.3776041666667,3.160281688530807,64.23900462962963,543.5911458333334,24.159606481481482,3007.3335994112713,3.478325994270058,0.40155623166773313
alkane_torsion,pentane_b1_dispersed_T45000,fr,3,p1,384.0,45000.0,0.0005,22.5,0.25157715759382515,7.501695611916321,560855.0,211448.0,0.43307803006449225,0.5669219699355077,1.0,0.016666666666666666,0.23148767416639585,7.664922653335594,nan,1.0,nan,physics,False,1460.5598958333333,3.16481661777549,64.91377314814814,550.6458333333334,24.473148148148148,2974.4038579736175,3.4735459217908278,0.43307803006449225
alkane_torsion,pentane_b1_dispersed_T45000,fr,4,p1,384.0,45000.0,0.0005,22.5,0.26753954032807903,8.00775960510759,553844.0,211209.0,0.3991056858313255,0.6008943141686744,1.0,0.0,0.5587384561780596,7.664922653335594,nan,1.0,nan,physics,False,1442.3020833333333,3.15935723850473,64.10231481481482,550.0234375,24.445486111111112,3007.0470652318863,3.4782846271358907,0.3991056858313255
alkane_torsion,pentane_b1_dispersed_T45000,fr,5,p1,384.0,45000.0,0.0005,22.5,0.24129796648051957,6.888834251957583,553546.0,207563.0,0.4058338641238317,0.5941661358761683,1.0,0.0,0.44102579366560585,7.664922653335594,nan,1.0,nan,physics,False,1441.5260416666667,3.159123662139759,64.06782407407408,540.5286458333334,24.023495370370373,2989.071597072874,3.4756815876024874,0.4058338641238317
alkane_torsion,pentane_b1_dispersed_T45000,fr,6,p1,384.0,45000.0,0.0005,22.5,0.27079278629441905,7.410783153632243,555590.0,207981.0,0.3886896562293564,0.6113103437706435,1.0,0.0,0.48726770372340533,7.664922653335594,nan,1.0,nan,physics,False,1446.8489583333333,3.160723258004902,64.30439814814814,541.6171875,24.071875,3044.587587766036,3.4836710938510627,0.3886896562293564
alkane_torsion,pentane_b1_dispersed_T45000,fr,7,p1,384.0,45000.0,0.0005,22.5,0.24259799517695807,7.35041966697352,554029.0,211096.0,0.43400607172773487,0.5659939282722651,1.0,0.0,0.3304767031024254,7.664922653335594,nan,1.0,nan,physics,False,1442.7838541666667,3.1595021807897403,64.12372685185186,549.7291666666666,24.432407407407407,2936.7278398740896,3.468011558943753,0.43400607172773487
alkane_torsion,pentane_b1_dispersed_T45000,fr,8,p1,384.0,45000.0,0.0005,22.5,0.2524794299193696,7.494532972453628,552964.0,207717.0,0.43358177671684206,0.5664182232831579,1.0,0.0,0.394036689104571,7.664922653335594,nan,1.0,nan,physics,False,1440.0104166666667,3.158667120220306,64.00046296296297,540.9296875,24.041319444444444,2931.753146621348,3.467275509427216,0.43358177671684206
alkane_torsion,pentane_b1_dispersed_T45000,fr,9,p1,384.0,45000.0,0.0005,22.5,0.25796825556161707,7.515447706194505,555581.0,210323.0,0.43193314578869585,0.5680668542113041,1.0,0.0,0.4291194118025725,7.664922653335594,nan,1.0,nan,physics,False,1446.8255208333333,3.1607162276725957,64.30335648148147,547.7161458333334,24.342939814814816,2948.289889618227,3.469717462030957,0.43193314578869585
alkane_torsion,pentane_b1_dispersed_T45000,fr,10,p1,384.0,45000.0,0.0005,22.5,0.2702010079980882,7.9090233621559225,555308.0,210761.0,0.40594289469618017,0.5940571053038198,1.0,0.0,0.3967559891753095,7.664922653335594,nan,1.0,nan,physics,False,1446.1145833333333,3.1605029201578803,64.27175925925926,548.8567708333334,24.39363425925926,2998.330973600109,3.477024392427449,0.40594289469618017
alkane_torsion,pentane_b1_dispersed_T45000,fr,11,p1,384.0,45000.0,0.0005,22.5,0.2644084374085882,7.380527843810895,560888.0,210660.0,0.420746966686506,0.579253033313494,1.0,0.022222222222222223,0.18944124575669266,7.664922653335594,nan,1.0,nan,physics,False,1460.6458333333333,3.1648421528801025,64.91759259259258,548.59375,24.381944444444443,2996.578216662259,3.4767705240883595,0.420746966686506
alkane_torsion,pentane_b1_dispersed_T45000,fr,12,p1,384.0,45000.0,0.0005,22.5,0.25310081181785554,7.297209423592895,557113.0,208808.0,0.4338264292714929,0.5661735707285072,1.0,0.0,0.2878701248197304,7.664922653335594,nan,1.0,nan,physics,False,1450.8151041666667,3.1619113103357144,64.4806712962963,543.7708333333334,24.167592592592595,2953.360580741667,3.470463500004219,0.4338264292714929
alkane_torsion,pentane_b1_dispersed_T45000,fr,13,p1,384.0,45000.0,0.0005,22.5,0.24302823104008053,7.48305923876656,556831.0,211424.0,0.48522517391197234,0.5147748260880276,1.0,0.0,0.4222284918935132,7.664922653335594,nan,1.0,nan,physics,False,1450.0807291666667,3.1616915745716616,64.44803240740741,550.5833333333334,24.47037037037037,2902.6960401036768,3.462951152312223,0.48522517391197234
alkane_torsion,pentane_b1_dispersed_T45000,fr,14,p1,384.0,45000.0,0.0005,22.5,0.25743877893285616,7.345010729778178,557078.0,209864.0,0.4303288811150763,0.5696711188849237,1.0,0.0,0.35611398730431487,7.664922653335594,nan,1.0,nan,physics,False,1450.7239583333333,3.16188404420867,64.47662037037037,546.5208333333334,24.289814814814818,2958.8986600762687,3.4712768420984363,0.4303288811150763
alkane_torsion,pentane_b1_dispersed_T45000,fr,15,p1,384.0,45000.0,0.0005,22.5,0.2553816458046114,6.962790419011836,554604.0,209123.0,0.4171841122649885,0.5828158877350115,1.0,0.0,0.4682849292857663,7.664922653335594,nan,1.0,nan,physics,False,1444.28125,3.159952368502669,64.19027777777778,544.5911458333334,24.204050925925927,2970.042299010898,3.472908834939394,0.4171841122649885
alkane_torsion,pentane_b1_dispersed_T45000,fr,16,p1,384.0,45000.0,0.0005,22.5,0.2749540571142492,7.892178086537642,558577.0,208614.0,0.4264506784632096,0.5735493215367904,1.0,0.0,0.3225998847184011,7.664922653335594,nan,1.0,nan,physics,False,1454.6276041666667,3.1630502828468634,64.65011574074074,543.265625,24.145138888888887,2973.597952936248,3.473428274729892,0.4264506784632096
alkane_torsion,pentane_b1_trans_T45000,fr,1,p1,384.0,45000.0,0.0005,22.5,0.290829270799456,9.292893292780043,550143.0,214657.0,0.42582794982222455,0.5741720501777754,1.0,0.0,0.3164951295909514,7.664922653335594,nan,1.0,nan,physics,False,1432.6640625,3.1564473989646964,63.67395833333333,559.0026041666666,24.844560185185184,2929.8012495871303,3.4669863680343895,0.42582794982222455
alkane_torsion,pentane_b1_trans_T45000,fr,2,p1,384.0,45000.0,0.0005,22.5,0.2889922003202491,9.527392500255694,548302.0,216192.0,0.42799570772307466,0.5720042922769253,1.0,0.0,0.2718556711391841,7.664922653335594,nan,1.0,nan,physics,False,1427.8697916666667,3.154992654727191,63.46087962962963,563.0,25.022222222222222,2916.2174791097477,3.4649688070636504,0.42799570772307466
alkane_torsion,pentane_b1_trans_T45000,fr,3,p1,384.0,45000.0,0.0005,22.5,0.28023881444142323,9.205578401316444,550484.0,215714.0,0.4580648931181693,0.5419351068818308,1.0,0.011111111111111112,0.23995429887251646,7.664922653335594,nan,1.0,nan,physics,False,1433.5520833333333,3.156716320510665,63.713425925925925,561.7552083333334,24.96689814814815,2887.4148570884627,3.4606595702012526,0.4580648931181693
alkane_torsion,pentane_b1_trans_T45000,fr,4,p1,384.0,45000.0,0.0005,22.5,0.2997765972540383,9.470054904243984,549607.0,216087.0,0.48224026030514255,0.5177597396948574,1.0,0.0,0.4642196062563358,7.664922653335594,nan,1.0,nan,physics,False,1431.2682291666667,3.1560243584315906,63.6119212962963,562.7265625,25.010069444444444,2866.1524920930433,3.457450791904752,0.48224026030514255
alkane_torsion,pentane_b1_trans_T45000,fr,5,p1,384.0,45000.0,0.0005,22.5,0.277642024671401,9.031989803322832,548919.0,215769.0,0.4163536988460336,0.5836463011539663,1.0,0.0,0.4138983401859061,7.664922653335594,nan,1.0,nan,physics,False,1429.4765625,3.1554807465451225,63.532291666666666,561.8984375,24.973263888888887,2941.2699009565313,3.4686825090168183,0.4163536988460336
alkane_torsion,pentane_b1_trans_T45000,fr,6,p1,384.0,45000.0,0.0005,22.5,0.29211384025770976,9.05838481643878,551492.0,215996.0,0.40605863177891593,0.5939413682210841,1.0,0.0,0.4273300321648459,7.664922653335594,nan,1.0,nan,physics,False,1436.1770833333333,3.1575102834969684,63.83009259259259,562.4895833333334,24.99953703703704,2977.458211225456,3.473991511179364,0.40605863177891593
alkane_torsion,pentane_b1_trans_T45000,fr,7,p1,384.0,45000.0,0.0005,22.5,0.27627918297111315,9.430175401500152,551350.0,220367.0,0.40929399636187935,0.5907060036381206,1.0,0.0,0.4691572035096141,7.664922653335594,nan,1.0,nan,physics,False,1435.8072916666667,3.157398523333921,63.81365740740741,573.8723958333334,25.505439814814817,2969.33638315342,3.4728056348643155,0.40929399636187935
alkane_torsion,pentane_b1_trans_T45000,fr,8,p1,384.0,45000.0,0.0005,22.5,0.2760450252815119,9.122460673441521,553986.0,219309.0,0.42723879010148,0.57276120989852,1.0,0.0,0.41245904348500073,7.664922653335594,nan,1.0,nan,physics,False,1442.671875,3.1594684958167,64.11875,571.1171875,25.382986111111112,2947.767968019281,3.4696406002312017,0.42723879010148
alkane_torsion,pentane_b1_trans_T45000,fr,9,p1,384.0,45000.0,0.0005,22.5,0.2788358121546242,9.186873265909508,554880.0,218630.0,0.43844909912416935,0.5615509008758306,1.0,0.0,0.36921326707024854,7.664922653335594,nan,1.0,nan,physics,False,1445.0,3.160168292958512,64.22222222222223,569.3489583333334,25.30439814814815,2934.4691020437917,3.467677513471133,0.43844909912416935
alkane_torsion,pentane_b1_trans_T45000,fr,10,p1,384.0,45000.0,0.0005,22.5,0.2894381649396877,9.257398636647633,549278.0,217366.0,0.42875676672553475,0.5712432332744652,1.0,0.0,0.4392646230857557,7.664922653335594,nan,1.0,nan,physics,False,1430.4114583333333,3.155764489384156,63.57384259259259,566.0572916666666,25.15810185185185,2920.108099338772,3.46554762889332,0.42875676672553475
alkane_torsion,pentane_b1_trans_T45000,fr,11,p1,384.0,45000.0,0.0005,22.5,0.29461163583580474,9.32488955177817,552099.0,217060.0,0.4710367943891368,0.5289632056108632,1.0,0.0,0.3359800520272098,7.664922653335594,nan,1.0,nan,physics,False,1437.7578125,3.1579876948768946,63.90034722222222,565.2604166666666,25.122685185185183,2885.196813805273,3.4603259429165854,0.4710367943891368
alkane_torsion,pentane_b1_trans_T45000,fr,12,p1,384.0,45000.0,0.0005,22.5,0.285602131372706,9.168829577887221,553258.0,217967.0,0.44242720025045085,0.5575727997495492,1.0,0.027777777777777776,0.1617938093083215,7.664922653335594,nan,1.0,nan,physics,False,1440.7760416666667,3.1588978044734275,64.03449074074075,567.6223958333334,25.22766203703704,2920.2705165041607,3.465571775523777,0.44242720025045085
alkane_torsion,pentane_b1_trans_T45000,fr,13,p1,384.0,45000.0,0.0005,22.5,0.30270982237417826,9.977870479843038,554563.0,220829.0,0.4823821505240126,0.5176178494759873,1.0,0.0,0.45381941339060805,7.664922653335594,nan,1.0,nan,physics,False,1444.1744791666667,3.1599202836080287,64.18553240740741,575.0755208333334,25.55891203703704,2891.939458726038,3.461339345152883,0.4823821505240126
alkane_torsion,pentane_b1_trans_T45000,fr,14,p1,384.0,45000.0,0.0005,22.5,0.2840769655134674,9.272584766263828,553686.0,219726.0,0.4386020881183882,0.5613979118816118,1.0,0.016666666666666666,0.23662153922059562,7.664922653335594,nan,1.0,nan,physics,False,1441.890625,3.1592334116484055,64.08402777777778,572.203125,25.43125,2927.93097759298,3.466709137334143,0.4386020881183882
alkane_torsion,pentane_b1_trans_T45000,fr,15,p1,384.0,45000.0,0.0005,22.5,0.27986993895318113,8.809589177339678,549490.0,214929.0,0.44366918077986933,0.5563308192201306,1.0,0.0,0.5732197351814945,7.664922653335594,nan,1.0,nan,physics,False,1430.9635416666667,3.1559319608108383,63.59837962962963,559.7109375,24.876041666666666,2898.7195002554686,3.462355989146183,0.44366918077986933
alkane_torsion,pentane_b1_trans_T45000,fr,16,p1,384.0,45000.0,0.0005,22.5,0.3072398422797931,9.984776224733167,549821.0,217135.0,0.4302057759529154,0.5697942240470846,1.0,0.0,0.40868875830131346,7.664922653335594,nan,1.0,nan,physics,False,1431.8255208333333,3.1561933083646925,63.63668981481481,565.4557291666666,25.13136574074074,2920.557922486674,3.4656145010063666,0.4302057759529154
alkane_torsion,pentane_b2_trans_T55000,fr,1,p1,384.0,55000.0,0.0005,27.5,0.19183809483056896,7.462054799142425,450171.0,174893.0,0.4297805745910401,0.5702194254089599,1.0,0.0,0.39130811106053787,7.239019621225108,nan,1.0,nan,physics,False,1172.3203125,3.0694165892350793,42.62982954545455,455.4505208333333,16.561837121212122,2391.8145528111477,3.3789090413582494,0.4297805745910401
alkane_torsion,pentane_b2_trans_T55000,fr,2,p1,384.0,55000.0,0.0005,27.5,0.1988728582344846,7.7337133946454495,451356.0,177035.0,0.44934461000474935,0.5506553899952507,1.0,0.0,0.2702203560131424,7.239019621225108,nan,1.0,nan,physics,False,1175.40625,3.0705573231567773,42.742045454545455,461.0286458333333,16.76467803030303,2375.1911631625653,3.375881376446806,0.44934461000474935
alkane_torsion,pentane_b2_trans_T55000,fr,3,p1,384.0,55000.0,0.0005,27.5,0.2009158419864842,7.782076809517115,448759.0,174632.0,0.47117242093817574,0.5288275790618242,1.0,0.0,0.36657442132731977,7.239019621225108,nan,1.0,nan,physics,False,1168.6432291666667,3.068053411119938,42.49611742424243,454.7708333333333,16.53712121212121,2345.081785167447,3.370343147689066,0.47117242093817574
alkane_torsion,pentane_b2_trans_T55000,fr,4,p1,384.0,55000.0,0.0005,27.5,0.19298600097962643,7.590979451839437,448447.0,175889.0,0.46552643957494755,0.5344735604250525,1.0,0.0,0.3776152189410728,7.239019621225108,nan,1.0,nan,physics,False,1167.8307291666667,3.067751620903726,42.46657196969697,458.0442708333333,16.656155303030303,2346.8175377076846,3.370664342385706,0.46552643957494755
alkane_torsion,pentane_b2_trans_T55000,fr,5,p1,384.0,55000.0,0.0005,27.5,0.19767204138751168,7.665133924753771,452216.0,176885.0,0.41083482177550884,0.5891651782244911,1.0,0.0,0.4405058078225723,7.239019621225108,nan,1.0,nan,physics,False,1177.6458333333333,3.071383325251179,42.823484848484846,460.6380208333333,16.750473484848484,2432.6542462066755,3.3862588772503672,0.41083482177550884
alkane_torsion,pentane_b2_trans_T55000,fr,6,p1,384.0,55000.0,0.0005,27.5,0.1992881799958667,7.67916778840689,448408.0,176058.0,0.43752252428838495,0.5624774757116151,1.0,0.011111111111111112,0.2369269676288914,7.239019621225108,nan,1.0,nan,physics,False,1167.7291666666667,3.0677138823769616,42.46287878787879,458.484375,16.67215909090909,2372.5019618426277,3.375389595025129,0.43752252428838495
alkane_torsion,pentane_b2_trans_T55000,fr,7,p1,384.0,55000.0,0.0005,27.5,0.19272173249711355,7.737507598871515,455467.0,179292.0,0.4451000462534948,0.5548999537465051,1.0,0.016666666666666666,0.2220111418779594,7.239019621225108,nan,1.0,nan,physics,False,1186.1119791666667,3.0744916874806205,43.1313446969697,466.90625,16.97840909090909,2401.1725417650723,3.3806041984229447,0.4451000462534948
alkane_torsion,pentane_b2_trans_T55000,fr,8,p1,384.0,55000.0,0.0005,27.5,0.19263791595133056,7.59558364259985,449577.0,176516.0,0.464803945608369,0.535196054391631,1.0,0.0,0.2712295417592689,7.239019621225108,nan,1.0,nan,physics,False,1170.7734375,3.0688436489216033,42.57357954545454,459.6770833333333,16.715530303030302,2353.207131594677,3.3718446709760435,0.464803945608369
alkane_torsion,pentane_b2_trans_T55000,fr,9,p1,384.0,55000.0,0.0005,27.5,0.19374765071608838,7.735645853009751,449276.0,175131.0,0.437860631687957,0.562139368312043,1.0,0.0,0.47738336673761844,7.239019621225108,nan,1.0,nan,physics,False,1169.9895833333333,3.068553031775203,42.54507575757575,456.0703125,16.584375,2376.687592269257,3.376154791465781,0.437860631687957
alkane_torsion,pentane_b2_trans_T55000,fr,10,p1,384.0,55000.0,0.0005,27.5,0.19517716584542644,7.624502550086476,448580.0,174991.0,0.43191305678087816,0.5680869432191218,1.0,0.0,0.4426260407422169,7.239019621225108,nan,1.0,nan,physics,False,1168.1770833333333,3.0678802943013626,42.479166666666664,455.7057291666667,16.571117424242424,2380.4964923748144,3.376849946190509,0.43191305678087816
alkane_torsion,pentane_b2_trans_T55000,fr,11,p1,384.0,55000.0,0.0005,27.5,0.19669600122139616,7.658405343497948,447229.0,173583.0,0.41063255512982516,0.5893674448701749,1.0,0.0,0.2541236398983831,7.239019621225108,nan,1.0,nan,physics,False,1164.6588541666667,3.066571466862951,42.35123106060606,452.0390625,16.43778409090909,2406.1861169659064,3.381509670020124,0.41063255512982516
alkane_torsion,pentane_b2_trans_T55000,fr,12,p1,384.0,55000.0,0.0005,27.5,0.1960381583386424,7.646337536453086,449941.0,176500.0,0.4833143863738167,0.5166856136261833,1.0,0.0,0.32166471160613863,7.239019621225108,nan,1.0,nan,physics,False,1171.7213541666667,3.0691948333230643,42.608049242424244,459.6354166666667,16.714015151515152,2346.0553666361084,3.370523334652247,0.4833143863738167
alkane_torsion,pentane_b2_trans_T55000,fr,13,p1,384.0,55000.0,0.0005,27.5,0.19742451057678798,7.778233569240819,449899.0,176816.0,0.4401024631109318,0.5598975368890682,1.0,0.0,0.40707280428429565,7.239019621225108,nan,1.0,nan,physics,False,1171.6119791666667,3.0691543265359758,42.604071969696975,460.4583333333333,16.743939393939392,2377.3408432372994,3.376274094071453,0.4401024631109318
alkane_torsion,pentane_b2_trans_T55000,fr,14,p1,384.0,55000.0,0.0005,27.5,0.19540915249363142,7.701652520506433,448182.0,175275.0,0.42656100824568893,0.573438991754311,1.0,0.0,0.45387382546882427,7.239019621225108,nan,1.0,nan,physics,False,1167.140625,3.0674951278665312,42.441477272727276,456.4453125,16.598011363636363,2385.7493598099677,3.377806814747557,0.42656100824568893
alkane_torsion,pentane_b2_trans_T55000,fr,15,p1,384.0,55000.0,0.0005,27.5,0.19276433994942435,7.4526508310822095,449513.0,174511.0,0.4795788264590157,0.5204211735409843,1.0,0.0,0.36676958363652157,7.239019621225108,nan,1.0,nan,physics,False,1170.6067708333333,3.0687818728482923,42.567518939393935,454.4557291666667,16.52566287878788,2345.125439115378,3.3703512286061246,0.4795788264590157
alkane_torsion,pentane_b2_trans_T55000,fr,16,p1,384.0,55000.0,0.0005,27.5,0.19961720035130123,7.715376288438468,446577.0,173991.0,0.4535525656969425,0.5464474343030574,1.0,0.0,0.27105596163397333,7.239019621225108,nan,1.0,nan,physics,False,1162.9609375,3.0659384056464623,42.289488636363636,453.1015625,16.476420454545455,2346.168030224445,3.3705441811994175,0.4535525656969425
alkane_dist,pentaneR15_b2_trans_T80000,abf,1,production,1024.0,80000.0,0.0005,40.0,1.5568963048154725,101.76857422199782,4828571.0,8942.0,0.6795160089941339,0.3204839910058661,0.79296875,0.2127659574468085,6.831197145749665e-38,9.947801542514195,nan,1.0,0.044,physics,False,4715.4013671875,3.6736107565879275,117.8850341796875,8.732421875,0.218310546875,10826.364287598215,4.034522748900001,0.3204839910058661
alkane_dist,pentaneR15_b2_trans_T80000,abf,2,production,1024.0,80000.0,0.0005,40.0,1.3861792621072784,96.75914331595013,4887441.0,9215.0,0.6774541601956803,0.3225458398043197,0.79296875,0.23404255319148937,8.144191212754622e-38,9.947801542514195,nan,1.0,0.0432875,physics,False,4772.8916015625,3.6788725534688664,119.3222900390625,8.9990234375,0.2249755859375,10921.447856443358,4.038319980073026,0.3225458398043197
alkane_dist,pentaneR15_b2_trans_T80000,abf,3,production,1024.0,80000.0,0.0005,40.0,1.5083994043713962,101.12093014905531,4838531.0,9101.0,0.6711643480891052,0.3288356519108948,0.79296875,0.22340425531914893,2.958629195865392e-38,9.947801542514195,nan,1.0,0.0430625,physics,False,4725.1279296875,3.6745054732010036,118.1281982421875,8.8876953125,0.2221923828125,10704.73201704885,4.029616368042971,0.3288356519108948
alkane_dist,pentaneR15_b2_trans_T80000,abf,4,production,1024.0,80000.0,0.0005,40.0,1.5053850366190789,101.52994229373971,4846084.0,9044.0,0.6466832018629842,0.3533167981370158,0.79296875,0.22340425531914893,7.096594526953664e-38,9.947801542514195,nan,1.0,0.0404625,physics,False,4732.50390625,3.6751827398482666,118.31259765625,8.83203125,0.22080078125,10356.311849272393,4.015247052656794,0.3533167981370158
alkane_dist,pentaneR15_b2_trans_T80000,abf,5,production,1024.0,80000.0,0.0005,40.0,1.472757905862101,101.02405962364489,4856897.0,9125.0,0.7070712428992432,0.29292875710075683,0.79296875,0.22340425531914893,9.996667070896518e-37,9.947801542514195,nan,1.0,0.0467125,physics,False,4743.0634765625,3.676150491346171,118.5765869140625,8.9111328125,0.2227783203125,11449.954418597801,4.058841685929712,0.29292875710075683
alkane_dist,pentaneR15_b2_trans_T80000,abf,6,production,1024.0,80000.0,0.0005,40.0,1.561773394395703,101.71435905333891,4843888.0,9074.0,0.6646626712742696,0.3353373287257304,0.79296875,0.2127659574468085,1.472360430281595e-37,9.947801542514195,nan,1.0,0.037725,physics,False,4730.359375,3.6749859365609066,118.258984375,8.861328125,0.221533203125,10611.601964339152,4.0258218759103945,0.3353373287257304
alkane_dist,pentaneR15_b2_trans_T80000,abf,7,production,1024.0,80000.0,0.0005,40.0,1.4938944308339777,99.76911186695537,4845098.0,9052.0,0.6959587231771105,0.3040412768228895,0.79296875,0.22340425531914893,7.884193856647732e-38,9.947801542514195,nan,1.0,0.0445625,physics,False,4731.541015625,3.675094386562389,118.288525390625,8.83984375,0.22099609375,11180.380475613238,4.048495425726607,0.3040412768228895
alkane_dist,pentaneR15_b2_trans_T80000,abf,8,production,1024.0,80000.0,0.0005,40.0,1.4150812595286901,97.39065235139117,4875907.0,9161.0,0.6387966770603372,0.36120332293966284,0.79296875,0.23404255319148937,1.7792231459634855e-38,9.947801542514195,nan,1.0,0.0460875,physics,False,4761.6279296875,3.677846654491792,119.0406982421875,8.9462890625,0.2236572265625,10318.369501291245,4.01365316333044,0.36120332293966284
alkane_dist,pentaneR15_b2_trans_T80000,fr,1,production,1024.0,80000.0,0.0005,40.0,2.052252752770427,109.83417093338205,4406576.0,6033.0,0.39644048248286945,0.6035595175171306,0.79296875,0.06914893617021277,5.49760465554073e-38,9.947801542514195,nan,1.0,0.044,physics,False,4303.296875,3.6339022177531066,107.582421875,5.8916015625,0.1472900390625,8992.350240421114,3.9539215070707847,0.39644048248286945
alkane_dist,pentaneR15_b2_trans_T80000,fr,2,production,1024.0,80000.0,0.0005,40.0,1.6947980539250436,100.78245338552752,4593446.0,6840.0,0.3853603074601341,0.6146396925398658,0.79296875,0.13829787234042554,6.525454731799094e-38,9.947801542514195,nan,1.0,0.0432875,physics,False,4485.787109375,3.6519354634673014,112.144677734375,6.6796875,0.1669921875,9469.36986825268,3.9763669408411157,0.3853603074601341
alkane_dist,pentaneR15_b2_trans_T80000,fr,3,production,1024.0,80000.0,0.0005,40.0,2.023175290881755,109.5568467316354,4423819.0,6177.0,0.36854877835151856,0.6314512216484814,0.79296875,0.0797872340425532,6.709716427993667e-38,9.947801542514195,nan,1.0,0.0430625,physics,False,4320.1357421875,3.635597909254307,108.0033935546875,6.0322265625,0.1508056640625,9281.808704604908,3.9676794008259813,0.36854877835151856
alkane_dist,pentaneR15_b2_trans_T80000,fr,4,production,1024.0,80000.0,0.0005,40.0,2.052344402852695,110.54182969662767,4403038.0,6087.0,0.364166533190486,0.635833466809514,0.79296875,0.0797872340425532,5.373968917970682e-38,9.947801542514195,nan,1.0,0.0404625,physics,False,4299.841796875,3.633553467662705,107.496044921875,5.9443359375,0.1486083984375,9284.939248514773,3.9678258380506906,0.364166533190486
alkane_dist,pentaneR15_b2_trans_T80000,fr,5,production,1024.0,80000.0,0.0005,40.0,2.006616264983205,109.32664405339153,4409322.0,6055.0,0.3943910227707573,0.6056089772292427,0.79296875,0.0851063829787234,7.40147617477673e-37,9.947801542514195,nan,1.0,0.0467125,physics,False,4305.978515625,3.6341727053895374,107.649462890625,5.9130859375,0.1478271484375,9014.103447255564,3.9549707145652975,0.3943910227707573
alkane_dist,pentaneR15_b2_trans_T80000,fr,6,production,1024.0,80000.0,0.0005,40.0,2.0896702167519847,110.3648170506041,4422286.0,6015.0,0.3725990914191814,0.6274009085808185,0.79296875,0.06914893617021277,1.1708178640680148e-37,9.947801542514195,nan,1.0,0.037725,physics,False,4318.638671875,3.635447420570981,107.965966796875,5.8740234375,0.1468505859375,9236.978630570586,3.9655769532952423,0.3725990914191814
alkane_dist,pentaneR15_b2_trans_T80000,fr,7,production,1024.0,80000.0,0.0005,40.0,1.9022403427474088,106.1482282144281,4496594.0,6368.0,0.4016935263358876,0.5983064736641124,0.79296875,0.09574468085106383,6.57975597906172e-38,9.947801542514195,nan,1.0,0.0445625,physics,False,4391.205078125,3.6426826097249925,109.780126953125,6.21875,0.15546875,9135.560323902091,3.9607827259845987,0.4016935263358876
alkane_dist,pentaneR15_b2_trans_T80000,fr,8,production,1024.0,80000.0,0.0005,40.0,1.836178667592507,104.27204359658845,4534117.0,6552.0,0.3871953917291581,0.6128046082708418,0.79296875,0.10638297872340426,1.8035405022953053e-38,9.947801542514195,nan,1.0,0.0460875,physics,False,4427.8486328125,3.646290837417827,110.6962158203125,6.3984375,0.1599609375,9330.621403178848,3.96995711054974,0.3871953917291581
alkane_dist,pentaneR15_b2_trans_T80000,fr,1,production,1024.0,80000.0,0.0005,40.0,1.5940163889348173,102.59382608304892,4807228.0,8809.0,0.6581715153354659,0.3418284846645341,0.79296875,0.2074468085106383,6.652311835166487e-38,9.947801542514195,nan,1.0,0.044,physics,False,4694.55859375,3.671687264281132,117.36396484375,8.6025390625,0.2150634765625,10433.197670895446,4.018459059965995,0.3418284846645341
alkane_dist,pentaneR15_b2_trans_T80000,fr,2,production,1024.0,80000.0,0.0005,40.0,1.4019107812701326,97.16577652192761,4877242.0,9172.0,0.673584100041674,0.326415899958326,0.79296875,0.23404255319148937,8.56969922740942e-38,9.947801542514195,nan,1.0,0.0432875,physics,False,4762.931640625,3.67796552100714,119.073291015625,8.95703125,0.22392578125,10831.315846196654,4.03472131458521,0.326415899958326
alkane_dist,pentaneR15_b2_trans_T80000,fr,3,production,1024.0,80000.0,0.0005,40.0,1.542746501814954,101.82862978835666,4824009.0,9032.0,0.652594645386795,0.347405354613205,0.79296875,0.2127659574468085,1.5653469635023784e-34,9.947801542514195,nan,1.0,0.0430625,physics,False,4710.9462890625,3.6732003313340704,117.7736572265625,8.8203125,0.2205078125,10389.583625028641,4.016639941975937,0.347405354613205
alkane_dist,pentaneR15_b2_trans_T80000,fr,4,production,1024.0,80000.0,0.0005,40.0,1.5462473605637712,102.59547587502234,4826262.0,8968.0,0.6506881193663506,0.3493118806336494,0.79296875,0.22340425531914893,6.94854125721674e-38,9.947801542514195,nan,1.0,0.0404625,physics,False,4713.146484375,3.6734030733871457,117.828662109375,8.7578125,0.2189453125,10367.993303792322,4.015736594013858,0.3493118806336494
alkane_dist,pentaneR15_b2_trans_T80000,fr,5,production,1024.0,80000.0,0.0005,40.0,1.512348544523947,101.85409179538098,4830319.0,8967.0,0.6809204583977638,0.31907954160223617,0.79296875,0.22340425531914893,9.62585698731847e-37,9.947801542514195,nan,1.0,0.0467125,physics,False,4717.1083984375,3.6737679145704445,117.9277099609375,8.7568359375,0.2189208984375,10855.517165368392,4.035690523369074,0.31907954160223617
alkane_dist,pentaneR15_b2_trans_T80000,fr,6,production,1024.0,80000.0,0.0005,40.0,1.588577689315757,102.29832950961818,4836000.0,9027.0,0.6503305070845964,0.3496694929154036,0.79296875,0.2127659574468085,1.505145110870209e-37,9.947801542514195,nan,1.0,0.037725,physics,False,4722.65625,3.674278285605312,118.06640625,8.8154296875,0.2203857421875,10383.994964684247,4.016406290297177,0.3496694929154036
alkane_dist,pentaneR15_b2_trans_T80000,fr,7,production,1024.0,80000.0,0.0005,40.0,1.5206334336324032,100.44049896791356,4833100.0,8949.0,0.688633531038927,0.311366468961073,0.79296875,0.2127659574468085,7.815453180026638e-38,9.947801542514195,nan,1.0,0.0445625,physics,False,4719.82421875,3.6740178296521475,117.99560546875,8.7392578125,0.2184814453125,11006.159988811498,4.041675278981565,0.311366468961073
alkane_dist,pentaneR15_b2_trans_T80000,fr,8,production,1024.0,80000.0,0.0005,40.0,1.4347432698475282,97.83243786151493,4860961.0,9153.0,0.6210186626944733,0.37898133730552674,0.79296875,0.22340425531914893,2.3203458175085124e-38,9.947801542514195,nan,1.0,0.0460875,physics,False,4747.0322265625,3.676513658001755,118.6758056640625,8.9384765625,0.2234619140625,10084.856171875457,4.0037127706636655,0.37898133730552674
alkane_torus,pentane2D_b1_dispersed_T50000,abf,1,control,2048.0,50000.0,0.0005,25.0,0.5020576777318349,15.45380517758539,4159714.0,731856.0,0.5834543382763953,0.41654566172360474,0.9535590277777778,0.12369791666666667,0.0006779452097007796,9.998844377397416,0.2818824823345423,1.0,0.0,physics,False,2031.1103515625,3.3079472881460252,81.2444140625,357.3515625,14.2940625,4178.631124673033,3.621137954600851,0.41654566172360474
alkane_torus,pentane2D_b1_dispersed_T50000,abf,2,control,2048.0,50000.0,0.0005,25.0,0.5027434402724978,15.544650293428093,4165763.0,738060.0,0.5850134861499381,0.4149865138500619,0.9535590277777778,0.12369791666666667,0.0012305799107829565,9.998844377397416,0.27754071667610125,1.0,0.0,physics,False,2034.06396484375,3.308578064245316,81.36255859375,360.380859375,14.415234375,4189.23524916114,3.6222384059124884,0.4149865138500619
alkane_torus,pentane2D_b1_dispersed_T50000,abf,3,control,2048.0,50000.0,0.0005,25.0,0.5012515950897664,15.424630593622691,4174441.0,730530.0,0.5805401804629141,0.4194598195370859,0.9548611111111112,0.12369791666666667,0.0010494474967590592,9.998844377397416,0.28235508881897764,1.0,0.0,physics,False,2038.30126953125,3.3094813895986026,81.53205078125,356.7041015625,14.2681640625,4185.195310767099,3.6218194868812255,0.4194598195370859
alkane_torus,pentane2D_b1_dispersed_T50000,abf,4,control,2048.0,50000.0,0.0005,25.0,0.5063999047665934,15.585296826685603,4165847.0,740227.0,0.5831548404281308,0.4168451595718692,0.9526909722222222,0.12413194444444445,0.0009929562168368138,9.998844377397416,0.27732980756270265,1.0,0.0,physics,False,2034.10498046875,3.30858681712995,81.36419921875,361.43896484375,14.45755859375,4183.932986637135,3.621688508024208,0.4168451595718692
alkane_torus,pentane2D_b1_dispersed_T50000,abf,5,control,2048.0,50000.0,0.0005,25.0,0.5037259655827209,15.481063741303771,4167616.0,730139.0,0.5803983681076521,0.4196016318923479,0.953125,0.12369791666666667,0.0007736105953707142,9.998844377397416,0.28167224534281976,1.0,0.0,physics,False,2034.96875,3.308771107747867,81.39875,356.51318359375,14.26052734375,4177.961152163421,3.6210683339386778,0.4196016318923479
alkane_torus,pentane2D_b1_dispersed_T50000,abf,6,control,2048.0,50000.0,0.0005,25.0,0.5024946427596605,15.510894895941913,4158500.0,730017.0,0.5826918700972076,0.4173081299027924,0.9518229166666666,0.12413194444444445,0.0009002995824472626,9.998844377397416,0.28119549170154834,1.0,0.0,physics,False,2030.517578125,3.3078205845012993,81.220703125,356.45361328125,14.25814453125,4175.235279409913,3.620784957827316,0.4173081299027924
alkane_torus,pentane2D_b1_dispersed_T50000,fr,1,control,2048.0,50000.0,0.0005,25.0,0.5027375348279145,15.468897575874301,4164180.0,732320.0,0.5830190873563987,0.41698091264360126,0.9535590277777778,0.12369791666666667,0.000864397622906537,9.998844377397416,0.281819734516388,1.0,0.0,physics,False,2033.291015625,3.3084130810545433,81.331640625,357.578125,14.303125,4181.870666478012,3.6214744364899585,0.41698091264360126
alkane_torus,pentane2D_b1_dispersed_T50000,fr,2,control,2048.0,50000.0,0.0005,25.0,0.5024309223089493,15.54420883184325,4166674.0,736670.0,0.5837865316943232,0.41621346830567685,0.9539930555555556,0.1232638888888889,0.0012007019488316246,9.998844377397416,0.2788514262179602,1.0,0.0,physics,False,2034.5087890625,3.3086729819466165,81.3803515625,359.7021484375,14.3880859375,4186.579801748756,3.621963096374191,0.41621346830567685
alkane_torus,pentane2D_b1_dispersed_T50000,fr,3,control,2048.0,50000.0,0.0005,25.0,0.5016623682394661,15.428249724569152,4166703.0,727589.0,0.5810055955031805,0.41899440449681946,0.9561631944444444,0.12369791666666667,0.0010745425518850547,9.998844377397416,0.2825358931511007,1.0,0.0,physics,False,2034.52294921875,3.308676003135405,81.38091796875,355.26806640625,14.21072265625,4178.727577083902,3.6211479766016534,0.41899440449681946
alkane_torus,pentane2D_b1_dispersed_T50000,fr,4,control,2048.0,50000.0,0.0005,25.0,0.50682126352132,15.583748007303598,4170140.0,740582.0,0.5838347596037251,0.4161652403962749,0.9513888888888888,0.12369791666666667,0.0006839626307689916,9.998844377397416,0.27894201320550205,1.0,0.0,physics,False,2036.201171875,3.309033917326789,81.448046875,361.6123046875,14.4644921875,4190.201769656578,3.622338568812653,0.4161652403962749
alkane_torus,pentane2D_b1_dispersed_T50000,fr,5,control,2048.0,50000.0,0.0005,25.0,0.5039541084804674,15.479566644888928,4172299.0,730743.0,0.5807647505054641,0.41923524949453594,0.9526909722222222,0.12413194444444445,0.0011101688381774729,9.998844377397416,0.28085648437522637,1.0,0.0,physics,False,2037.25537109375,3.309258595425507,81.49021484375,356.80810546875,14.27232421875,4183.670141852973,3.6216612302578324,0.41923524949453594
alkane_torus,pentane2D_b1_dispersed_T50000,fr,6,control,2048.0,50000.0,0.0005,25.0,0.5034365896121077,15.513256691529769,4162386.0,732850.0,0.5833385802924217,0.4166614197075783,0.9526909722222222,0.12413194444444445,0.000809451907660217,9.998844377397416,0.2813190194666296,1.0,0.0,physics,False,2032.4150390625,3.308226031258842,81.2966015625,357.8369140625,14.3134765625,4180.98312365179,3.6213822758944483,0.4166614197075783
alkane_torus,pentane2D_b2_trans_T45000,abf,1,production,2048.0,45000.0,0.0005,22.5,0.7306995960578125,18.833464009239677,938588.0,238693.0,0.6606567400968419,0.33934325990315806,0.6901041666666666,0.3420138888888889,0.0,9.996953987102186,0.07424809121306064,1.0,0.08062222222222222,physics,False,458.294921875,2.66209164373306,20.368663194444444,116.54931640625,5.179969618055556,1022.1154470894825,3.0099246417327374,0.33934325990315806
alkane_torus,pentane2D_b2_trans_T45000,abf,2,production,2048.0,45000.0,0.0005,22.5,0.7235242245075412,18.8798325870957,936891.0,236264.0,0.6489680676311337,0.3510319323688663,0.6979166666666666,0.3402777777777778,0.0,9.996953987102186,0.07790568067997539,1.0,0.08813333333333333,physics,False,457.46630859375,2.6613074260923195,20.3318359375,115.36328125,5.1272569444444445,1004.0588450845846,3.002191489962843,0.3510319323688663
alkane_torus,pentane2D_b2_trans_T45000,abf,3,production,2048.0,45000.0,0.0005,22.5,0.7185416241518189,18.75617924964017,939271.0,232182.0,0.620732852283215,0.37926714771678505,0.7052951388888888,0.3324652777777778,0.0,9.996953987102186,0.0826469056160265,1.0,0.08266666666666667,physics,False,458.62841796875,2.6624068724650574,20.383485243055556,113.3701171875,5.038671875,974.0494582690667,2.989026645348353,0.37926714771678505
alkane_torus,pentane2D_b2_trans_T45000,abf,4,production,2048.0,45000.0,0.0005,22.5,0.7145720431842663,18.668126949193393,937889.0,234099.0,0.6400220912105821,0.35997790878941793,0.7087673611111112,0.3289930555555556,0.0,9.996953987102186,0.08233522182405395,1.0,0.0792,physics,False,457.95361328125,2.6617687933498733,20.35349392361111,114.30615234375,5.0802734375,993.8496294325141,2.997757442511702,0.35997790878941793
alkane_torus,pentane2D_b2_trans_T45000,abf,5,production,2048.0,45000.0,0.0005,22.5,0.7235881953957756,19.043839826623675,931345.0,237681.0,0.6647657376328285,0.33523426236717146,0.6944444444444444,0.3389756944444444,0.0,9.996953987102186,0.07886478871969438,1.0,0.08855555555555555,physics,False,454.75830078125,2.658734587257158,20.21148003472222,116.05517578125,5.1580078125,1020.3134527640412,3.009159052482183,0.33523426236717146
alkane_torus,pentane2D_b2_trans_T45000,abf,6,production,2048.0,45000.0,0.0005,22.5,0.7273306278964459,18.89720117126125,929616.0,239479.0,0.6607663542164308,0.3392336457835692,0.6931423611111112,0.3411458333333333,0.0,9.996953987102186,0.07712323862281478,1.0,0.08288888888888889,physics,False,453.9140625,2.6579293621360787,20.173958333333335,116.93310546875,5.197026909722222,1012.5041250899096,3.005825520666067,0.3392336457835692
alkane_torus,pentane2D_b2_trans_T45000,fr,1,production,2048.0,45000.0,0.0005,22.5,0.734287759367199,18.899850552445823,953587.0,234831.0,0.6544899387672992,0.3455100612327008,0.7013888888888888,0.3389756944444444,0.0,9.996953987102186,0.07703178297005542,1.0,0.08062222222222222,physics,False,465.61865234375,2.6689620950407997,20.694162326388888,114.66357421875,5.096158854166666,1029.524534324854,3.0130583357513925,0.3455100612327008
alkane_torus,pentane2D_b2_trans_T45000,fr,2,production,2048.0,45000.0,0.0005,22.5,0.7284222449713235,18.964846154457586,960688.0,230687.0,0.6428181067979735,0.35718189320202653,0.7126736111111112,0.3385416666666667,0.0,9.996953987102186,0.08036478522670876,1.0,0.08813333333333333,physics,False,469.0859375,2.672177259574767,20.848263888888887,112.64013671875,5.006228298611111,1021.5153139530696,3.009669821046627,0.35718189320202653
alkane_torus,pentane2D_b2_trans_T45000,fr,3,production,2048.0,45000.0,0.0005,22.5,0.7266853743597553,18.888162046691935,963837.0,227419.0,0.6132633413407422,0.38673665865925777,0.72265625,0.3298611111111111,0.0,9.996953987102186,0.08589901214619566,1.0,0.08266666666666667,physics,False,470.62353515625,2.6735954693099364,20.9166015625,111.04443359375,4.935308159722222,992.1590553978871,2.9970188067531445,0.38673665865925777
alkane_torus,pentane2D_b2_trans_T45000,fr,4,production,2048.0,45000.0,0.0005,22.5,0.7190994614492624,18.703692464990425,962845.0,225332.0,0.6287485076676648,0.37125149233233523,0.7339409722222222,0.3255208333333333,0.0,9.996953987102186,0.08510708554761137,1.0,0.0792,physics,False,470.13916015625,2.673149203437882,20.89507378472222,110.025390625,4.890017361111111,1007.050515634063,3.003482296108928,0.37125149233233523
alkane_torus,pentane2D_b2_trans_T45000,fr,5,production,2048.0,45000.0,0.0005,22.5,0.7321057063041693,19.17045007766207,962762.0,231266.0,0.6547718415743069,0.3452281584256931,0.7113715277777778,0.3376736111111111,0.0,9.996953987102186,0.08148834811609718,1.0,0.08855555555555555,physics,False,470.0986328125,2.6731118438628387,20.893272569444445,112.9228515625,5.018793402777778,1039.8310618801786,3.0173802445468656,0.3452281584256931
alkane_torus,pentane2D_b2_trans_T45000,fr,6,production,2048.0,45000.0,0.0005,22.5,0.7367219531502854,19.03163396877712,953463.0,231011.0,0.6544436510802771,0.34555634891972287,0.7039930555555556,0.3376736111111111,0.0,9.996953987102186,0.0784729049985049,1.0,0.08288888888888889,physics,False,465.55810546875,2.668905738785619,20.691471354166666,112.79833984375,5.013259548611111,1029.3255689491525,3.012974477575693,0.34555634891972287
alkane_torus,pentane2D_b2_trans_T45000,fr,1,production,2048.0,45000.0,0.0005,22.5,0.7321042078344268,18.839218860362493,940186.0,237557.0,0.660327526824745,0.33967247317525495,0.69140625,0.3411458333333333,0.0,9.996953987102186,0.07408816478176328,1.0,0.08062222222222222,physics,False,459.0751953125,2.6628288191606906,20.40334201388889,115.99462890625,5.155316840277778,1023.3732876225868,3.0104582449336754,0.33967247317525495
alkane_torus,pentane2D_b2_trans_T45000,fr,2,production,2048.0,45000.0,0.0005,22.5,0.7237465516882283,18.88949492963782,937214.0,234471.0,0.6462469793294453,0.3537530206705547,0.7018229166666666,0.3394097222222222,0.0,9.996953987102186,0.07744479411985927,1.0,0.08813333333333333,physics,False,457.6240234375,2.661456800008144,20.33884548611111,114.48779296875,5.088346354166666,1000.8756794851163,3.000813834242486,0.3537530206705547
alkane_torus,pentane2D_b2_trans_T45000,fr,3,production,2048.0,45000.0,0.0005,22.5,0.7190991927665206,18.762657889223707,941321.0,232949.0,0.622774045638729,0.37722595436127104,0.70703125,0.3328993055555556,0.0,9.996953987102186,0.08228020692087412,1.0,0.08266666666666667,physics,False,459.62939453125,2.6633516485118234,20.427973090277778,113.74462890625,5.0553168402777775,978.2407020144377,2.9908894565711996,0.37722595436127104
alkane_torus,pentane2D_b2_trans_T45000,fr,4,production,2048.0,45000.0,0.0005,22.5,0.7173858548631293,18.689441318486296,943716.0,234731.0,0.639096849253913,0.36090315074608703,0.7113715277777778,0.3315972222222222,0.0,9.996953987102186,0.08232201300970743,1.0,0.0792,physics,False,460.798828125,2.664452826503436,20.479947916666667,114.61474609375,5.093988715277778,998.9046165120574,2.9999585735017886,0.36090315074608703
alkane_torus,pentane2D_b2_trans_T45000,fr,5,production,2048.0,45000.0,0.0005,22.5,0.7253824789729613,19.068589505285143,935076.0,236933.0,0.6634154898204659,0.33658451017953406,0.6966145833333334,0.3389756944444444,0.0,9.996953987102186,0.08022768977240069,1.0,0.08855555555555555,physics,False,456.580078125,2.660467108117308,20.292447916666667,115.68994140625,5.141775173611111,1022.3679568628145,3.0100318144579394,0.33658451017953406
alkane_torus,pentane2D_b2_trans_T45000,fr,6,production,2048.0,45000.0,0.0005,22.5,0.7290909013917994,18.930253423144194,930100.0,238874.0,0.6606967148727871,0.33930328512721286,0.6918402777777778,0.3402777777777778,0.0,9.996953987102186,0.07714025466963947,1.0,0.08288888888888889,physics,False,454.150390625,2.658154919793145,20.184461805555557,116.6376953125,5.1838975694444445,1012.9301181534545,3.0060080236894478,0.33930328512721286
edb,phi0.25_gamma15,abf,0,main,512.0,80000.0,0.0005,40.0,0.03568357074215772,1.8312232702388438,115945.0,nan,0.49304383344830555,0.5069561665516945,1.0,0.0,0.6857543606774391,2.321358791361411,nan,1.0,nan,physics,False,226.455078125,2.356895637262026,5.661376953125,nan,nan,452.99783534563255,2.657053782152945,0.49304383344830555
edb,phi0.25_gamma15,abf,1,main,512.0,80000.0,0.0005,40.0,0.03690788200051863,2.1493982093347492,110651.0,nan,0.4868972837882616,0.5131027162117384,1.0,0.0,0.7714090055431119,2.321358791361411,nan,1.0,nan,physics,False,216.115234375,2.3366902977652075,5.402880859375,nan,nan,432.5274960600001,2.637016647391096,0.4868972837882616
edb,phi0.25_gamma15,abf,10,main,512.0,80000.0,0.0005,40.0,0.03738830403774485,2.068065023061947,111319.0,nan,0.4870785996681116,0.5129214003318884,1.0,0.0,0.6473487284718398,2.321358791361411,nan,1.0,nan,physics,False,217.419921875,2.339292247429225,5.435498046875,nan,nan,435.1304457688261,2.6396164053339777,0.4870785996681116
edb,phi0.25_gamma15,abf,11,main,512.0,80000.0,0.0005,40.0,0.037988622593795714,2.1733828274151112,110468.0,nan,0.4821133656619523,0.5178866343380478,1.0,0.0,0.7213801884196314,2.321358791361411,nan,1.0,nan,physics,False,215.7578125,2.3359747595023164,5.3939453125,nan,nan,432.0685546880337,2.6365566505475284,0.4821133656619523
edb,phi0.25_gamma15,abf,12,main,512.0,80000.0,0.0005,40.0,0.03488765776727244,2.048643491299587,111496.0,nan,0.49176627095031805,0.508233729049682,1.0,0.0,0.5582934027443656,2.321358791361411,nan,1.0,nan,physics,False,217.765625,2.3399790816209314,5.444140625,nan,nan,435.6493881709211,2.640132855965512,0.49176627095031805
edb,phi0.25_gamma15,abf,13,main,512.0,80000.0,0.0005,40.0,0.036340813437573415,1.9818886188877682,111733.0,nan,0.5077934876581408,0.4922065123418592,1.0,0.0,0.5960837358333815,2.321358791361411,nan,1.0,nan,physics,False,218.228515625,2.3408970433028853,5.455712890625,nan,nan,436.56309591287805,2.6410406864578087,0.4922065123418592
edb,phi0.25_gamma15,abf,14,main,512.0,80000.0,0.0005,40.0,0.034344376377659185,2.033196056255079,112750.0,nan,0.5025899043336658,0.49741009566633415,1.0,0.0,0.7616233160933671,2.321358791361411,nan,1.0,nan,physics,False,220.21484375,2.3448142652295205,5.50537109375,nan,nan,440.44150472960166,2.6448731635053733,0.49741009566633415
edb,phi0.25_gamma15,abf,15,main,512.0,80000.0,0.0005,40.0,0.0362302013203153,2.093038925154808,111761.0,nan,0.5361022434292222,0.46389775657077775,1.0,0.0,0.7498548064097493,2.321358791361411,nan,1.0,nan,physics,False,218.283203125,2.3410053664267,5.457080078125,nan,nan,438.8543681983346,2.643308909311263,0.46389775657077775
edb,phi0.25_gamma15,abf,16,main,512.0,80000.0,0.0005,40.0,0.03536690280059031,1.9889074572394354,113788.0,nan,0.46474558505202196,0.5352544149479781,1.0,0.0,0.8185736112962326,2.321358791361411,nan,1.0,nan,physics,False,222.2421875,2.348776269419451,5.5560546875,nan,nan,446.70516754861825,2.650992107170798,0.46474558505202196
edb,phi0.25_gamma15,abf,17,main,512.0,80000.0,0.0005,40.0,0.03657652959660427,2.0260463547394325,112734.0,nan,0.4563300102871525,0.5436699897128475,1.0,0.0,0.6126177984017792,2.321358791361411,nan,1.0,nan,physics,False,220.18359375,2.3447529101186904,5.50458984375,nan,nan,443.75225036912616,2.6481181542161565,0.4563300102871525
edb,phi0.25_gamma15,abf,18,main,512.0,80000.0,0.0005,40.0,0.03538634170962433,2.0679413406533684,111325.0,nan,0.48342904864964403,0.5165709513503559,1.0,0.0,0.8310584910494025,2.321358791361411,nan,1.0,nan,physics,False,217.431640625,2.3393155477394347,5.435791015625,nan,nan,435.3414540841495,2.639826474560924,0.48342904864964403
edb,phi0.25_gamma15,abf,19,main,512.0,80000.0,0.0005,40.0,0.03706983170978976,2.1947969479654903,113313.0,nan,0.5065879985789866,0.49341200142101327,1.0,0.0,0.7435934355511116,2.321358791361411,nan,1.0,nan,physics,False,221.314453125,2.3469676980043968,5.532861328125,nan,nan,442.70576302562114,2.647095069541374,0.49341200142101327
edb,phi0.25_gamma15,abf,2,main,512.0,80000.0,0.0005,40.0,0.03964109487020298,2.238719932724125,116590.0,nan,0.5062891532851965,0.4937108467148036,1.0,0.0,0.7273814996522266,2.321358791361411,nan,1.0,nan,physics,False,227.71484375,2.359294351530746,5.69287109375,nan,nan,455.5017541616919,2.65944245070116,0.4937108467148036
edb,phi0.25_gamma15,abf,3,main,512.0,80000.0,0.0005,40.0,0.035069700685557155,2.1779799610176753,115318.0,nan,0.5185772508102556,0.48142274918974426,1.0,0.0,0.7685384400469115,2.321358791361411,nan,1.0,nan,physics,False,225.23046875,2.3545510953678805,5.63076171875,nan,nan,451.0836390629207,2.6552187901723956,0.48142274918974426
edb,phi0.25_gamma15,abf,4,main,512.0,80000.0,0.0005,40.0,0.03503163817104428,1.9478819545208226,110484.0,nan,0.47089227126542527,0.5291077287345748,1.0,0.0,0.4451991427273657,2.321358791361411,nan,1.0,nan,physics,False,215.7890625,2.336037367277233,5.3947265625,nan,nan,433.04573409309967,2.6375354922264007,0.47089227126542527
edb,phi0.25_gamma15,abf,5,main,512.0,80000.0,0.0005,40.0,0.03581438507628389,1.829610828154839,106395.0,nan,0.44016621463951006,0.55983378536049,1.0,0.0,0.6737432865368124,2.321358791361411,nan,1.0,nan,physics,False,207.802734375,2.319736181668339,5.195068359375,nan,nan,421.64354235733754,2.625974237703011,0.44016621463951006
edb,phi0.25_gamma15,abf,6,main,512.0,80000.0,0.0005,40.0,0.034644068506761376,2.124386783826237,115644.0,nan,0.48538826818652653,0.5146117318134734,1.0,0.0,0.6099087691483112,2.321358791361411,nan,1.0,nan,physics,False,225.8671875,2.3557716870785486,5.6466796875,nan,nan,452.12049079395524,2.65621370207662,0.48538826818652653
edb,phi0.25_gamma15,abf,7,main,512.0,80000.0,0.0005,40.0,0.03658910394531029,2.0794321992373668,108599.0,nan,0.494644292384263,0.505355707615737,1.0,0.0,0.6014662025313561,2.321358791361411,nan,1.0,nan,physics,False,212.107421875,2.3285985751164957,5.302685546875,nan,nan,424.26352137746613,2.6286581310236192,0.494644292384263
edb,phi0.25_gamma15,abf,8,main,512.0,80000.0,0.0005,40.0,0.03774550576650783,2.1021158944013356,109386.0,nan,0.47486054232747543,0.5251394576725246,1.0,0.0,0.7317077109049438,2.321358791361411,nan,1.0,nan,physics,False,213.64453125,2.3317198279274836,5.34111328125,nan,nan,428.3719737106329,2.63283369343034,0.47486054232747543
edb,phi0.25_gamma15,abf,9,main,512.0,80000.0,0.0005,40.0,0.03362445174329934,1.914247558251542,111282.0,nan,0.5056314497235455,0.4943685502764546,1.0,0.0,0.7608143020818398,2.321358791361411,nan,1.0,nan,physics,False,217.34765625,2.3391485345529626,5.43369140625,nan,nan,434.75046185858264,2.639237856097642,0.4943685502764546
edb,phi0.5_gamma15,abf,0,main,512.0,80000.0,0.0005,40.0,0.03285426196226823,2.5030457094661474,110094.0,nan,0.4430735301136098,0.5569264698863902,1.0,0.0,0.5093424244663612,1.9984633492372377,nan,1.0,nan,physics,False,215.02734375,2.3345087256331123,5.37568359375,nan,nan,435.7024773309928,2.640185655599216,0.4430735301136098
edb,phi0.5_gamma15,abf,1,main,512.0,80000.0,0.0005,40.0,0.026070206970447804,2.4283466827986713,106809.0,nan,0.4499103803859705,0.5500896196140296,1.0,0.0,0.5423396121754157,1.9984633492372377,nan,1.0,nan,physics,False,208.611328125,2.321414749729797,5.215283203125,nan,nan,421.45230095645394,2.6257776799109216,0.4499103803859705
edb,phi0.5_gamma15,abf,10,main,512.0,80000.0,0.0005,40.0,0.025665891255066676,2.377733457072271,115655.0,nan,0.4747441845441268,0.5252558154558732,1.0,0.0,0.798521855529136,1.9984633492372377,nan,1.0,nan,physics,False,225.888671875,2.355812812918905,5.647216796875,nan,nan,452.93296818374387,2.656991725770667,0.4747441845441268
edb,phi0.5_gamma15,abf,11,main,512.0,80000.0,0.0005,40.0,0.028486017181565754,2.4510842818233955,105361.0,nan,0.44639057026320755,0.5536094297367925,1.0,0.0,0.6511644277908095,1.9984633492372377,nan,1.0,nan,physics,False,205.783203125,2.315515258375515,5.144580078125,nan,nan,416.3527490844504,2.620503278525592,0.44639057026320755
edb,phi0.5_gamma15,abf,12,main,512.0,80000.0,0.0005,40.0,0.033525911191682536,2.70795863623792,101620.0,nan,0.4544625784084361,0.5455374215915638,1.0,0.0,0.6539633622251824,1.9984633492372377,nan,1.0,nan,physics,False,198.4765625,2.299891875587309,4.9619140625,nan,nan,400.27324226703485,2.603440201041554,0.4544625784084361
edb,phi0.5_gamma15,abf,13,main,512.0,80000.0,0.0005,40.0,0.026956680109766682,2.1837470921516204,112819.0,nan,0.47403315631431575,0.5259668436856842,1.0,0.0,0.7962870646874912,1.9984633492372377,nan,1.0,nan,physics,False,220.349609375,2.3450787598977367,5.508740234375,nan,nan,441.89104657558227,2.6462969007360515,0.47403315631431575
edb,phi0.5_gamma15,abf,14,main,512.0,80000.0,0.0005,40.0,0.027488022752492264,2.1935082890961723,117434.0,nan,0.48761757963305324,0.5123824203669468,1.0,0.0,0.8206986813858297,1.9984633492372377,nan,1.0,nan,physics,False,229.36328125,2.3624132559084843,5.73408203125,nan,nan,459.0080709273662,2.662765451526073,0.48761757963305324
edb,phi0.5_gamma15,abf,15,main,512.0,80000.0,0.0005,40.0,0.028655759905966957,2.17421620308156,102683.0,nan,0.4784358164298925,0.5215641835701074,1.0,0.0,0.7678822882589028,1.9984633492372377,nan,1.0,nan,physics,False,200.552734375,2.3043886944063043,5.013818359375,nan,nan,401.8529377389282,2.6051465350128433,0.4784358164298925
edb,phi0.5_gamma15,abf,16,main,512.0,80000.0,0.0005,40.0,0.03481213043648742,2.8046756796722088,108807.0,nan,0.4407852461195266,0.5592147538804734,1.0,0.0,0.6538522653347797,1.9984633492372377,nan,1.0,nan,physics,False,212.513671875,2.329425689336521,5.312841796875,nan,nan,431.0733843263783,2.63555751464218,0.4407852461195266
edb,phi0.5_gamma15,abf,17,main,512.0,80000.0,0.0005,40.0,0.03018207179498399,2.7261419630333688,107633.0,nan,0.43901199481564024,0.5609880051843597,1.0,0.0,0.7540336686924811,1.9984633492372377,nan,1.0,nan,physics,False,210.220703125,2.324736483995702,5.255517578125,nan,nan,426.7912695415699,2.6312319171485288,0.43901199481564024
edb,phi0.5_gamma15,abf,18,main,512.0,80000.0,0.0005,40.0,0.02930080139854636,2.429744043071956,105889.0,nan,0.49480385532063326,0.5051961446793668,1.0,0.0,0.7522050175024515,1.9984633492372377,nan,1.0,nan,physics,False,206.814453125,2.3176757486790733,5.170361328125,nan,nan,413.6735828637942,2.6177063691428533,0.49480385532063326
edb,phi0.5_gamma15,abf,19,main,512.0,80000.0,0.0005,40.0,0.02822383493769683,2.4316552505259694,112875.0,nan,0.4018082485370916,0.5981917514629084,1.0,0.0,0.48860907498663736,1.9984633492372377,nan,1.0,nan,physics,False,220.458984375,2.3452933038817276,5.511474609375,nan,nan,458.60473935997334,2.6623844984045677,0.4018082485370916
edb,phi0.5_gamma15,abf,2,main,512.0,80000.0,0.0005,40.0,0.02421390681296516,2.22726071606397,112637.0,nan,0.4744410003122054,0.5255589996877946,1.0,0.0,0.7134950453982907,1.9984633492372377,nan,1.0,nan,physics,False,219.994140625,2.3443807590789376,5.499853515625,nan,nan,441.1410046906189,2.6455607937682797,0.4744410003122054
edb,phi0.5_gamma15,abf,3,main,512.0,80000.0,0.0005,40.0,0.02982610890795132,2.435507154959857,105960.0,nan,0.44763362023440617,0.5523663797655939,1.0,0.0,0.5217119800053918,1.9984633492372377,nan,1.0,nan,physics,False,206.953125,2.3179654510777667,5.173828125,nan,nan,418.4967199812441,2.622728569456459,0.44763362023440617
edb,phi0.5_gamma15,abf,4,main,512.0,80000.0,0.0005,40.0,0.030465751303726127,2.5816887972902895,117646.0,nan,0.4093036616593045,0.5906963383406956,1.0,0.0,0.7652441753564468,1.9984633492372377,nan,1.0,nan,physics,False,229.77734375,2.3631931703098257,5.74443359375,nan,nan,475.1900084020326,2.6777802786341978,0.4093036616593045
edb,phi0.5_gamma15,abf,5,main,512.0,80000.0,0.0005,40.0,0.03107225431630347,2.999243449604255,110239.0,nan,0.4589040196352856,0.5410959803647143,1.0,0.0,0.628419857788451,1.9984633492372377,nan,1.0,nan,physics,False,215.310546875,2.335077695296443,5.382763671875,nan,nan,433.5499484074919,2.6380397026972684,0.4589040196352856
edb,phi0.5_gamma15,abf,6,main,512.0,80000.0,0.0005,40.0,0.026190511804135733,2.267991608821413,112566.0,nan,0.4763557141705228,0.5236442858294772,1.0,0.0,0.6748848666782997,1.9984633492372377,nan,1.0,nan,physics,False,219.85546875,2.3441081575837357,5.49638671875,nan,nan,440.69642682012903,2.6451238859720485,0.4763557141705228
edb,phi0.5_gamma15,abf,7,main,512.0,80000.0,0.0005,40.0,0.03142936763550802,2.4918646268363225,112298.0,nan,0.46743070044971075,0.5325692995502893,1.0,0.0,0.8354456016941222,1.9984633492372377,nan,1.0,nan,physics,False,219.33203125,2.343077638248833,5.48330078125,nan,nan,440.5332614690189,2.6449634253050878,0.46743070044971075
edb,phi0.5_gamma15,abf,8,main,512.0,80000.0,0.0005,40.0,0.02643663067742799,2.3711778936488104,107259.0,nan,0.4275235228745088,0.5724764771254911,1.0,0.0,0.7516712673191394,1.9984633492372377,nan,1.0,nan,physics,False,209.490234375,2.3232319516898254,5.237255859375,nan,nan,427.9727579872165,2.6324297130903496,0.4275235228745088
edb,phi0.5_gamma15,abf,9,main,512.0,80000.0,0.0005,40.0,0.027685795476058317,2.177185825672374,112887.0,nan,0.4407296846496248,0.5592703153503753,1.0,0.0,0.8049127279461958,1.9984633492372377,nan,1.0,nan,physics,False,220.482421875,2.3453392638068347,5.512060546875,nan,nan,447.2495411361194,2.651519853656076,0.4407296846496248
edb,phi0.75_gamma15,abf,0,main,512.0,80000.0,0.0005,40.0,0.030178728102435853,2.7123410256426532,116158.0,nan,0.48006421817012673,0.5199357818298732,1.0,0.0,0.6824591689055184,1.9967825536970527,nan,1.0,nan,physics,False,226.87109375,2.3576892368912916,5.67177734375,nan,nan,454.46466888470866,2.6584546937052225,0.48006421817012673
edb,phi0.75_gamma15,abf,1,main,512.0,80000.0,0.0005,40.0,0.025632929400096153,2.5795786737734083,110992.0,nan,0.46958610019854463,0.5304138998014554,1.0,0.0,0.6931555681040092,1.9967825536970527,nan,1.0,nan,physics,False,216.78125,2.338020486199992,5.41953125,nan,nan,435.172648025326,2.63965842789991,0.46958610019854463
edb,phi0.75_gamma15,abf,10,main,512.0,80000.0,0.0005,40.0,0.02295047141414042,2.6653824654539737,119749.0,nan,0.44434605638590907,0.5556539436140908,1.0,0.0,0.6618155836166271,1.9967825536970527,nan,1.0,nan,physics,False,233.884765625,2.3708548498148425,5.847119140625,nan,nan,473.6376390890097,2.6763621750960302,0.44434605638590907
edb,phi0.75_gamma15,abf,11,main,512.0,80000.0,0.0005,40.0,0.025636974727434737,2.7429728599589147,112751.0,nan,0.4665805287377123,0.5334194712622878,1.0,0.0,0.741318957942406,1.9967825536970527,nan,1.0,nan,physics,False,220.216796875,2.3448180996361594,5.505419921875,nan,nan,442.41003591569796,2.6468055184886263,0.4665805287377123
edb,phi0.75_gamma15,abf,12,main,512.0,80000.0,0.0005,40.0,0.02122737153357574,2.2638643400469443,114637.0,nan,0.47782732101116643,0.5221726789888337,1.0,0.0,0.7231845379319526,1.9967825536970527,nan,1.0,nan,physics,False,223.900390625,2.3519902097537053,5.597509765625,nan,nan,448.68312144250365,2.652906586918732,0.47782732101116643
edb,phi0.75_gamma15,abf,13,main,512.0,80000.0,0.0005,40.0,0.027531242932312114,2.7433375704585137,108164.0,nan,0.4300552079133146,0.5699447920866855,1.0,0.0,0.5964709501620168,1.9967825536970527,nan,1.0,nan,physics,False,211.2578125,2.326863684137182,5.2814453125,nan,nan,430.9489053974759,2.6354323777957065,0.4300552079133146
edb,phi0.75_gamma15,abf,14,main,512.0,80000.0,0.0005,40.0,0.024818030274817847,2.8821877412911725,112666.0,nan,0.44166676667057747,0.5583332333294226,1.0,0.0,0.7239830397095937,1.9967825536970527,nan,1.0,nan,physics,False,220.05078125,2.3444920541523855,5.50126953125,nan,nan,446.1744719909381,2.650477002861556,0.44166676667057747
edb,phi0.75_gamma15,abf,15,main,512.0,80000.0,0.0005,40.0,0.025471323536561126,2.8419942957225466,115367.0,nan,0.4224094280766627,0.5775905719233373,1.0,0.0,0.629306819997276,1.9967825536970527,nan,1.0,nan,physics,False,225.326171875,2.3547347777447456,5.633154296875,nan,nan,461.7723707487105,2.6653674220395076,0.4224094280766627
edb,phi0.75_gamma15,abf,16,main,512.0,80000.0,0.0005,40.0,0.02798773981723378,3.109915821172588,121376.0,nan,0.40853365597333235,0.5914663440266676,1.0,0.0,0.5477257189758427,1.9967825536970527,nan,1.0,nan,physics,False,237.0625,2.3766909900050215,5.9265625,nan,nan,490.540632418008,2.6915594239088465,0.40853365597333235
edb,phi0.75_gamma15,abf,17,main,512.0,80000.0,0.0005,40.0,0.02757731179603686,2.6390427050335874,110916.0,nan,0.4173355927597879,0.5826644072402122,1.0,0.0,0.7788678531245004,1.9967825536970527,nan,1.0,nan,physics,False,216.6328125,2.337724374543493,5.4158203125,nan,nan,445.4411425405903,2.6497642109183164,0.4173355927597879
edb,phi0.75_gamma15,abf,18,main,512.0,80000.0,0.0005,40.0,0.02373252006160751,2.510593100428613,113266.0,nan,0.45968320891862746,0.5403167910813724,1.0,0.0,0.7912970336747908,1.9967825536970527,nan,1.0,nan,physics,False,221.22265625,2.346788334455238,5.53056640625,nan,nan,445.3408181072197,2.6496666051199984,0.45968320891862746
edb,phi0.75_gamma15,abf,19,main,512.0,80000.0,0.0005,40.0,0.02806390012429016,2.6952121236208235,112153.0,nan,0.47257466385995833,0.5274253361400416,1.0,0.0,0.6873238812154582,1.9967825536970527,nan,1.0,nan,physics,False,219.048828125,2.3425190600600585,5.476220703125,nan,nan,439.41969268941574,2.6438667295439013,0.47257466385995833
edb,phi0.75_gamma15,abf,2,main,512.0,80000.0,0.0005,40.0,0.020405071334913545,2.5182305983538864,113000.0,nan,0.45778166798052533,0.5422183320194748,1.0,0.0,0.6091076328972393,1.9967825536970527,nan,1.0,nan,physics,False,220.703125,2.3457718147233786,5.517578125,nan,nan,444.575876041071,2.6489216696300915,0.45778166798052533
edb,phi0.75_gamma15,abf,3,main,512.0,80000.0,0.0005,40.0,0.02478165563489089,2.443243308733359,112375.0,nan,0.4969493989703452,0.5030506010296548,1.0,0.0,0.6921140925691184,1.9967825536970527,nan,1.0,nan,physics,False,219.482421875,2.3433739707335715,5.487060546875,nan,nan,438.9811846782295,2.643434104747237,0.4969493989703452
edb,phi0.75_gamma15,abf,4,main,512.0,80000.0,0.0005,40.0,0.023073213325755983,2.4581252218635523,117311.0,nan,0.43547871711673963,0.5645212828832603,1.0,0.0,0.772385612338385,1.9967825536970527,nan,1.0,nan,physics,False,229.123046875,2.3619601155370162,5.728076171875,nan,nan,466.00601840975855,2.6693224774511353,0.43547871711673963
edb,phi0.75_gamma15,abf,5,main,512.0,80000.0,0.0005,40.0,0.021946913628734063,2.686553217893726,109908.0,nan,0.43362827773939905,0.5663717222606008,1.0,0.0,0.6828053486329766,1.9967825536970527,nan,1.0,nan,physics,False,214.6640625,2.3337777818282888,5.3666015625,nan,nan,437.0289340840318,2.6415027988557043,0.43362827773939905
edb,phi0.75_gamma15,abf,6,main,512.0,80000.0,0.0005,40.0,0.020144334914920542,2.638611269563355,114613.0,nan,0.47549183911064163,0.5245081608893583,1.0,0.0,0.605688409100536,1.9967825536970527,nan,1.0,nan,physics,False,223.853515625,2.3518996822290745,5.596337890625,nan,nan,448.7852826807325,2.653005240883706,0.47549183911064163
edb,phi0.75_gamma15,abf,7,main,512.0,80000.0,0.0005,40.0,0.024742209104942445,2.633561220897667,115442.0,nan,0.4576651887058648,0.5423348112941352,1.0,0.0,0.5613491268011725,1.9967825536970527,nan,1.0,nan,physics,False,225.47265625,2.355015773869362,5.63681640625,nan,nan,454.20145776474817,2.658203644200223,0.4576651887058648
edb,phi0.75_gamma15,abf,8,main,512.0,80000.0,0.0005,40.0,0.02450470289665502,2.946421210918559,115657.0,nan,0.44127253305233,0.5587274669476701,1.0,0.0,0.6829881947524847,1.9967825536970527,nan,1.0,nan,physics,False,225.892578125,2.3558202899260308,5.647314453125,nan,nan,458.1050180082247,2.6619120396215474,0.44127253305233
edb,phi0.75_gamma15,abf,9,main,512.0,80000.0,0.0005,40.0,0.027187272126608406,2.7704237130873945,115982.0,nan,0.46193498050358156,0.5380650194964185,1.0,0.0,0.7936862096585849,1.9967825536970527,nan,1.0,nan,physics,False,226.52734375,2.35703359671243,5.66318359375,nan,nan,455.6958014046974,2.65962701897474,0.46193498050358156
edb,phi0.9_gamma15,abf,0,main,512.0,80000.0,0.0005,40.0,0.031883754560194336,2.959893987004161,115609.0,nan,0.49909449479613144,0.5009055052038686,1.0,0.0,0.7893776592163407,1.9953057241598087,nan,1.0,nan,physics,False,225.798828125,2.3556408062166323,5.644970703125,nan,nan,451.5991373861984,2.6557137218927465,0.49909449479613144
edb,phi0.9_gamma15,abf,1,main,512.0,80000.0,0.0005,40.0,0.030101465717174324,2.7484126773278286,113162.0,nan,0.44361815520817527,0.5563818447918246,1.0,0.0,0.7427573613820276,1.9953057241598087,nan,1.0,nan,physics,False,221.01953125,2.346391181392037,5.52548828125,nan,nan,447.73226918925576,2.6519873015966327,0.44361815520817527
edb,phi0.9_gamma15,abf,10,main,512.0,80000.0,0.0005,40.0,0.027196415351917514,2.5701102182406816,120330.0,nan,0.4577693128519108,0.5422306871480892,1.0,0.0,0.6655894717917825,1.9953057241598087,nan,1.0,nan,physics,False,235.01953125,2.3729479434918135,5.87548828125,nan,nan,473.4162834841806,2.6761595869876578,0.4577693128519108
edb,phi0.9_gamma15,abf,11,main,512.0,80000.0,0.0005,40.0,0.03784375746297101,3.445526761062852,116710.0,nan,0.41438317071419606,0.5856168292858039,1.0,0.0,0.586175016420541,1.9953057241598087,nan,1.0,nan,physics,False,227.94921875,2.3597391659107005,5.69873046875,nan,nan,469.6696039065075,2.6727161522434484,0.41438317071419606
edb,phi0.9_gamma15,abf,12,main,512.0,80000.0,0.0005,40.0,0.02976457300641769,2.7785678222634718,122339.0,nan,0.44348239719909627,0.5565176028009037,1.0,0.0,0.6309864306946171,1.9953057241598087,nan,1.0,nan,physics,False,238.943359375,2.3801087349864987,5.973583984375,nan,nan,484.0716821593527,2.685805921830961,0.44348239719909627
edb,phi0.9_gamma15,abf,13,main,512.0,80000.0,0.0005,40.0,0.03187673273722176,3.238443049240229,115894.0,nan,0.4444743614971387,0.5555256385028613,1.0,0.0,0.6286208398941805,1.9953057241598087,nan,1.0,nan,physics,False,226.35546875,2.356705405074592,5.65888671875,nan,nan,458.36365507992946,2.6621566307748816,0.4444743614971387
edb,phi0.9_gamma15,abf,14,main,512.0,80000.0,0.0005,40.0,0.03306885343940258,3.198691358865349,113025.0,nan,0.4167138806309731,0.583286119369027,1.0,0.0,0.44513806804663275,1.9953057241598087,nan,1.0,nan,physics,False,220.751953125,2.345867453656749,5.518798828125,nan,nan,454.10360600034386,2.658110276639873,0.4167138806309731
edb,phi0.9_gamma15,abf,15,main,512.0,80000.0,0.0005,40.0,0.026424711156595976,2.3448312499712616,115730.0,nan,0.49395157468460554,0.5060484253153945,1.0,0.0,0.7617130254601596,1.9953057241598087,nan,1.0,nan,physics,False,226.03515625,2.356093112625658,5.65087890625,nan,nan,452.1364753463783,2.65622902224115,0.49395157468460554
edb,phi0.9_gamma15,abf,16,main,512.0,80000.0,0.0005,40.0,0.038470296280735755,3.2455335556569818,111588.0,nan,0.45103992782352254,0.5489600721764775,1.0,0.0,0.7258687824320705,1.9953057241598087,nan,1.0,nan,physics,False,217.9453125,2.3403356516191423,5.4486328125,nan,nan,440.11056115440675,2.644547455865403,0.45103992782352254
edb,phi0.9_gamma15,abf,17,main,512.0,80000.0,0.0005,40.0,0.02912423069873646,2.767564986343002,114378.0,nan,0.48433559537689397,0.5156644046231059,1.0,0.0,0.7277562648362277,1.9953057241598087,nan,1.0,nan,physics,False,223.39453125,2.351012268462515,5.58486328125,nan,nan,447.22801424176333,2.6514989964435847,0.48433559537689397
edb,phi0.9_gamma15,abf,18,main,512.0,80000.0,0.0005,40.0,0.03470154154978517,2.9934937865665843,114584.0,nan,0.45724763352635783,0.5427523664736421,1.0,0.0,0.777107006582262,1.9953057241598087,nan,1.0,nan,physics,False,223.796875,2.351790269620826,5.594921875,nan,nan,450.8902352732982,2.6550329569259303,0.45724763352635783
edb,phi0.9_gamma15,abf,19,main,512.0,80000.0,0.0005,40.0,0.03119536240321455,3.1404226320298045,115522.0,nan,0.41018870230816007,0.5898112976918399,1.0,0.0,0.6838376205663381,1.9953057241598087,nan,1.0,nan,physics,False,225.62890625,2.3553153028099056,5.64072265625,nan,nan,466.30273293513125,2.6695983209241128,0.41018870230816007
edb,phi0.9_gamma15,abf,2,main,512.0,80000.0,0.0005,40.0,0.03676579055532258,3.004469864447196,116591.0,nan,0.479448690439424,0.5205513095605759,1.0,0.0,0.5897614418057752,1.9953057241598087,nan,1.0,nan,physics,False,227.716796875,2.3592980602003464,5.692919921875,nan,nan,456.20431686424945,2.6601103222951425,0.479448690439424
edb,phi0.9_gamma15,abf,3,main,512.0,80000.0,0.0005,40.0,0.031238964562492838,2.8958607182529756,114674.0,nan,0.4514177158438418,0.5485822841561581,1.0,0.0,0.792829548484396,1.9953057241598087,nan,1.0,nan,physics,False,223.97265625,2.352129736060768,5.59931640625,nan,nan,452.21464990732267,2.6563039397418438,0.4514177158438418
edb,phi0.9_gamma15,abf,4,main,512.0,80000.0,0.0005,40.0,0.0277646301309177,2.5154152049546807,109023.0,nan,0.4158624614022741,0.584137538597726,1.0,0.0,0.6640792536258768,1.9953057241598087,nan,1.0,nan,physics,False,212.935546875,2.330282951607716,5.323388671875,nan,nan,438.28169815943295,2.642743109584597,0.4158624614022741
edb,phi0.9_gamma15,abf,5,main,512.0,80000.0,0.0005,40.0,0.02591243073472071,2.4804406239840504,117527.0,nan,0.43161541744364296,0.568384582556357,1.0,0.0,0.6508314636913425,1.9953057241598087,nan,1.0,nan,physics,False,229.544921875,2.3627555606219866,5.738623046875,nan,nan,467.841189591537,2.671025759209925,0.43161541744364296
edb,phi0.9_gamma15,abf,6,main,512.0,80000.0,0.0005,40.0,0.03252081422433314,2.9281706780103542,108458.0,nan,0.4423647278633198,0.5576352721366802,1.0,0.0,0.5788947008110519,1.9953057241598087,nan,1.0,nan,physics,False,211.83203125,2.3280369899212605,5.29580078125,nan,nan,429.3692194325326,2.6338412024616975,0.4423647278633198
edb,phi0.9_gamma15,abf,7,main,512.0,80000.0,0.0005,40.0,0.026889021190545898,2.8095660206449464,117539.0,nan,0.45533018714253276,0.5446698128574672,1.0,0.0,0.6799350920814076,1.9953057241598087,nan,1.0,nan,physics,False,229.568359375,2.362799709326187,5.739208984375,nan,nan,462.8308348655495,2.666359616589219,0.45533018714253276
edb,phi0.9_gamma15,abf,8,main,512.0,80000.0,0.0005,40.0,0.03005425822926821,2.80057413704681,117252.0,nan,0.4353941487764076,0.5646058512235925,1.0,0.0,0.6710386060094827,1.9953057241598087,nan,1.0,nan,physics,False,229.0078125,2.3617425876176656,5.7251953125,nan,nan,465.79233738166226,2.66912371828127,0.4353941487764076
edb,phi0.9_gamma15,abf,9,main,512.0,80000.0,0.0005,40.0,0.031238553996276733,3.235861137679223,117452.0,nan,0.4522310347394021,0.5477689652605978,1.0,0.0,0.6552293145758884,1.9953057241598087,nan,1.0,nan,physics,False,229.3984375,2.3624795294932364,5.7349609375,nan,nan,463.0231167237175,2.666539616795124,0.4522310347394021
edb,phi0_gamma15,abf,0,main,512.0,80000.0,0.0005,40.0,0.04664124135580568,1.993397955252501,128237.0,nan,0.49677541948683157,0.5032245805131683,1.0,0.0,0.7987860944002502,3.0955540247806383,nan,1.0,nan,physics,False,250.462890625,2.400473903563274,6.261572265625,nan,nan,500.9466164603389,2.7006575310703,0.49677541948683157
edb,phi0_gamma15,abf,1,main,512.0,80000.0,0.0005,40.0,0.047521064581971494,2.1780554540645296,119520.0,nan,0.5239466087198764,0.47605339128012364,1.0,0.0,0.6423769012576228,3.0955540247806383,nan,1.0,nan,physics,False,233.4375,2.370027081494798,5.8359375,nan,nan,467.9483613628556,2.6711250226513967,0.47605339128012364
edb,phi0_gamma15,abf,10,main,512.0,80000.0,0.0005,40.0,0.046660963390275687,2.2592938646438627,120985.0,nan,0.49999760313885444,0.5000023968611457,1.0,0.0,0.8084558203760049,3.0955540247806383,nan,1.0,nan,physics,False,236.298828125,2.3752955935055704,5.907470703125,nan,nan,472.59765626086005,2.6754095444845127,0.49999760313885444
edb,phi0_gamma15,abf,11,main,512.0,80000.0,0.0005,40.0,0.045851193921715404,2.2403275219695065,122850.0,nan,0.5174003140752302,0.48259968592476976,1.0,0.0,0.7048187189887817,3.0955540247806383,nan,1.0,nan,physics,False,239.94140625,2.381911440764796,5.99853515625,nan,nan,480.464695470559,2.682564446965316,0.48259968592476976
edb,phi0_gamma15,abf,12,main,512.0,80000.0,0.0005,40.0,0.046312275426457494,2.306684289923292,125818.0,nan,0.49085155321344437,0.5091484467865557,1.0,0.0,0.7291820793232897,3.0955540247806383,nan,1.0,nan,physics,False,245.73828125,2.3922365351640966,6.14345703125,nan,nan,491.6411523129913,2.6925306873974395,0.49085155321344437
edb,phi0_gamma15,abf,13,main,512.0,80000.0,0.0005,40.0,0.04936845873535372,2.2050530622231084,121684.0,nan,0.4796607143091156,0.5203392856908844,1.0,0.0,0.6917793507020658,3.0955540247806383,nan,1.0,nan,physics,False,237.6640625,2.3777870288393794,5.9416015625,nan,nan,476.11597608774593,2.6786239590250447,0.4796607143091156
edb,phi0_gamma15,abf,14,main,512.0,80000.0,0.0005,40.0,0.0458575801172035,2.1867168315606027,127771.0,nan,0.4957974327255879,0.5042025672744122,1.0,0.0,0.70277404155482,3.0955540247806383,nan,1.0,nan,physics,False,249.552734375,2.3988991467212575,6.238818359375,nan,nan,499.1407311892411,2.6990922246944473,0.4957974327255879
edb,phi0_gamma15,abf,15,main,512.0,80000.0,0.0005,40.0,0.04525443221744611,2.458794060689778,127456.0,nan,0.49996371028553177,0.5000362897144682,1.0,0.0,0.6128213738012734,3.0955540247806383,nan,1.0,nan,physics,False,248.9375,2.397831421477597,6.2234375,nan,nan,497.87500262269276,2.6979917430752587,0.49996371028553177
edb,phi0_gamma15,abf,16,main,512.0,80000.0,0.0005,40.0,0.04517615995749902,2.1378558355231583,125569.0,nan,0.5089045119304555,0.49109548806954445,1.0,0.0,0.7058822244273147,3.0955540247806383,nan,1.0,nan,physics,False,245.251953125,2.3913796837505474,6.131298828125,nan,nan,490.6595244777916,2.691664456776052,0.49109548806954445
edb,phi0_gamma15,abf,17,main,512.0,80000.0,0.0005,40.0,0.0457642843573117,2.2105227207883895,125359.0,nan,0.5127539850165942,0.48724601498340575,1.0,0.0,0.7794522666641256,3.0955540247806383,nan,1.0,nan,physics,False,244.841796875,2.390655721548864,6.121044921875,nan,nan,490.00241702490797,2.6910836300007617,0.48724601498340575
edb,phi0_gamma15,abf,18,main,512.0,80000.0,0.0005,40.0,0.04680670017322159,2.4329513638871694,127098.0,nan,0.46250084470871405,0.5374991552912859,1.0,0.0,0.7208882210159582,3.0955540247806383,nan,1.0,nan,physics,False,248.23828125,2.3966147476934023,6.20595703125,nan,nan,499.2849136154166,2.699217406676405,0.46250084470871405
edb,phi0_gamma15,abf,19,main,512.0,80000.0,0.0005,40.0,0.0448595615010512,2.240547040540644,128064.0,nan,0.4971736365767899,0.5028263634232101,1.0,0.0,0.7511324856206245,3.0955540247806383,nan,1.0,nan,physics,False,250.125,2.3998899497563055,6.253125,nan,nan,500.2659851595092,2.700068235315766,0.4971736365767899
edb,phi0_gamma15,abf,2,main,512.0,80000.0,0.0005,40.0,0.04901117580728952,2.2327024198514005,117325.0,nan,0.45307952651364586,0.5469204734863542,1.0,0.0,0.658805601615886,3.0955540247806383,nan,1.0,nan,physics,False,229.150390625,2.362011716341173,5.728759765625,nan,nan,462.3724904244922,2.665930246951844,0.45307952651364586
edb,phi0_gamma15,abf,3,main,512.0,80000.0,0.0005,40.0,0.046654333685108344,2.2255887542602855,125733.0,nan,0.5096401337329561,0.4903598662670438,1.0,0.0,0.5542830602848619,3.0955540247806383,nan,1.0,nan,physics,False,245.572265625,2.391944225692808,6.139306640625,nan,nan,491.32717166745965,2.69225380526209,0.4903598662670438
edb,phi0_gamma15,abf,4,main,512.0,80000.0,0.0005,40.0,0.044582244975249846,2.0700899571417697,125769.0,nan,0.445747689045235,0.554252310954765,1.0,0.0,0.6350612266357658,3.0955540247806383,nan,1.0,nan,physics,False,245.642578125,2.392068051369803,6.141064453125,nan,nan,497.1380887325189,2.6973497501120884,0.445747689045235
edb,phi0_gamma15,abf,5,main,512.0,80000.0,0.0005,40.0,0.0451317404379502,2.1194541802614673,123788.0,nan,0.4735900711081134,0.5264099288918865,1.0,0.0,0.6992428710899385,3.0955540247806383,nan,1.0,nan,physics,False,241.7734375,2.385201167665814,6.0443359375,nan,nan,484.8997148381834,2.686546644187024,0.4735900711081134
edb,phi0_gamma15,abf,6,main,512.0,80000.0,0.0005,40.0,0.04512177094211712,2.3467764421744337,123896.0,nan,0.46102945010265234,0.5389705498973477,1.0,0.0,0.7960846667431629,3.0955540247806383,nan,1.0,nan,physics,False,241.984375,2.3855783473865606,6.049609375,nan,nan,486.9267398814498,2.6883546194337278,0.46102945010265234
edb,phi0_gamma15,abf,7,main,512.0,80000.0,0.0005,40.0,0.0465221171331422,2.236449311598102,122518.0,nan,0.4670674600111358,0.5329325399888643,1.0,0.0,0.6215634796439252,3.0955540247806383,nan,1.0,nan,physics,False,239.29296875,2.3807410630313166,5.98232421875,nan,nan,480.67118946504394,2.682750670332398,0.4670674600111358
edb,phi0_gamma15,abf,8,main,512.0,80000.0,0.0005,40.0,0.046713634236994976,2.261801818513322,124126.0,nan,0.4974084405931646,0.5025915594068354,1.0,0.0,0.7054886313288744,3.0955540247806383,nan,1.0,nan,physics,False,242.43359375,2.3863805105149445,6.06083984375,nan,nan,484.8802136714825,2.6865292138021366,0.4974084405931646
edb,phi0_gamma15,abf,9,main,512.0,80000.0,0.0005,40.0,0.0477149132658301,2.204007631588285,118865.0,nan,0.4764297430541218,0.5235702569458783,1.0,0.0,0.7850716750026937,3.0955540247806383,nan,1.0,nan,physics,False,232.158203125,2.3676506996929376,5.803955078125,nan,nan,465.3505212313525,2.6687124665020545,0.4764297430541218
edb,phi0.25_gamma15,fr,0,main,512.0,80000.0,0.0005,40.0,0.03498261811623823,1.7252440696287459,127516.0,nan,0.5081762824499448,0.49182371755005516,1.0,0.0,0.8182895387833737,2.321358791361411,nan,1.0,nan,physics,False,249.0546875,2.3980350002006343,6.2263671875,nan,nan,498.24260825163896,2.6983116434590353,0.49182371755005516
edb,phi0.25_gamma15,fr,1,main,512.0,80000.0,0.0005,40.0,0.03437636844815635,1.9110911097158403,126293.0,nan,0.5002231064671899,0.49977689353281,1.0,0.0,0.8417362478918475,2.321358791361411,nan,1.0,nan,physics,False,246.666015625,2.3938664174089817,6.166650390625,nan,nan,493.33212947537857,2.694018838663062,0.49977689353281
edb,phi0.25_gamma15,fr,10,main,512.0,80000.0,0.0005,40.0,0.03525359215326677,1.930038760775879,126614.0,nan,0.4910379827665453,0.5089620172334548,1.0,0.0,0.8471081526018848,2.321358791361411,nan,1.0,nan,physics,False,247.29296875,2.394964421220644,6.18232421875,nan,nan,494.74488468957367,2.6952582416619033,0.4910379827665453
edb,phi0.25_gamma15,fr,11,main,512.0,80000.0,0.0005,40.0,0.03452054249427175,1.8102981417640693,127341.0,nan,0.5014686097604435,0.49853139023955645,1.0,0.0,0.8570221127055765,2.321358791361411,nan,1.0,nan,physics,False,248.712890625,2.397440961986131,6.217822265625,nan,nan,497.4300727078299,2.697604237537669,0.49853139023955645
edb,phi0.25_gamma15,fr,12,main,512.0,80000.0,0.0005,40.0,0.037575841897564494,1.801468883768044,124567.0,nan,0.49420613145741915,0.5057938685425808,1.0,0.0,0.7856015436045808,2.321358791361411,nan,1.0,nan,physics,False,243.294921875,2.3879144394474956,6.082373046875,nan,nan,486.65518969228924,2.688112850396842,0.49420613145741915
edb,phi0.25_gamma15,fr,13,main,512.0,80000.0,0.0005,40.0,0.03349447579032688,1.8160924396954532,126778.0,nan,0.5237222410666129,0.47627775893338703,1.0,0.0,0.7330959701135107,2.321358791361411,nan,1.0,nan,physics,False,247.61328125,2.3955243255104475,6.19033203125,nan,nan,496.34382196288414,2.696656727477116,0.47627775893338703
edb,phi0.25_gamma15,fr,14,main,512.0,80000.0,0.0005,40.0,0.034858117899618755,1.9351498981473902,125942.0,nan,0.5132270706288002,0.4867729293711998,1.0,0.0,0.8128098064839729,2.321358791361411,nan,1.0,nan,physics,False,245.98046875,2.3926626105492117,6.14951171875,nan,nan,492.30546349206764,2.693115925418187,0.4867729293711998
edb,phi0.25_gamma15,fr,15,main,512.0,80000.0,0.0005,40.0,0.03392986022983929,1.7721635333267773,127185.0,nan,0.507167905417371,0.492832094582629,1.0,0.0,0.7837249844452607,2.321358791361411,nan,1.0,nan,physics,False,248.408203125,2.3969107334782658,6.210205078125,nan,nan,496.9185306965255,2.6971582894196464,0.492832094582629
edb,phi0.25_gamma15,fr,16,main,512.0,80000.0,0.0005,40.0,0.035413702401234454,1.7710786499293498,127842.0,nan,0.5104000854609189,0.4895999145390812,1.0,0.0,0.7463078796728803,2.321358791361411,nan,1.0,nan,physics,False,249.69140625,2.3991394465143645,6.24228515625,nan,nan,499.59896254749384,2.699489945231522,0.4895999145390812
edb,phi0.25_gamma15,fr,17,main,512.0,80000.0,0.0005,40.0,0.03598348088391644,1.960579412302432,127985.0,nan,0.5176394936609541,0.48236050633904587,1.0,0.0,0.8173536031316933,2.321358791361411,nan,1.0,nan,physics,False,249.970703125,2.399623027402341,6.249267578125,nan,nan,500.56441219456775,2.700326714154749,0.48236050633904587
edb,phi0.25_gamma15,fr,18,main,512.0,80000.0,0.0005,40.0,0.03376954470864277,1.734138870173176,126772.0,nan,0.505451508082862,0.49454849191713807,1.0,0.0,0.8294126893138826,2.321358791361411,nan,1.0,nan,physics,False,247.6015625,2.3955038539234677,6.1900390625,nan,nan,495.261999647355,2.695711021166889,0.49454849191713807
edb,phi0.25_gamma15,fr,19,main,512.0,80000.0,0.0005,40.0,0.03426809769791726,1.80103276027409,126617.0,nan,0.5032869574817895,0.49671304251821047,1.0,0.0,0.8084908439060925,2.321358791361411,nan,1.0,nan,physics,False,247.298828125,2.394974669856429,6.182470703125,nan,nan,494.61903188312994,2.6951479750307494,0.49671304251821047
edb,phi0.25_gamma15,fr,2,main,512.0,80000.0,0.0005,40.0,0.03602926822950955,1.8031316152634198,125875.0,nan,0.520295072140675,0.479704927859325,1.0,0.0,0.8362482937697067,2.321358791361411,nan,1.0,nan,physics,False,245.849609375,2.3924324443105984,6.146240234375,nan,nan,492.5106595199913,2.6932965375947453,0.479704927859325
edb,phi0.25_gamma15,fr,3,main,512.0,80000.0,0.0005,40.0,0.033275925686919824,1.7735276769337944,127079.0,nan,0.5000330854227267,0.49996691457727327,1.0,0.0,0.7700356950326044,2.321358791361411,nan,1.0,nan,physics,False,248.201171875,2.396550080273044,6.205029296875,nan,nan,496.4023459235378,2.696707829223513,0.49996691457727327
edb,phi0.25_gamma15,fr,4,main,512.0,80000.0,0.0005,40.0,0.03517527933231795,1.8129914635755204,124694.0,nan,0.5059066811302034,0.49409331886979657,1.0,0.0,0.7907419399612526,2.321358791361411,nan,1.0,nan,physics,False,243.54296875,2.3883551802344822,6.08857421875,nan,nan,487.1539225228241,2.6885567834005286,0.49409331886979657
edb,phi0.25_gamma15,fr,5,main,512.0,80000.0,0.0005,40.0,0.03548766769670352,1.9414648535386871,125166.0,nan,0.5068766485609373,0.4931233514390628,1.0,0.0,0.8513057552606984,2.321358791361411,nan,1.0,nan,physics,False,244.46484375,2.389989299885852,6.11162109375,nan,nan,489.0221876027179,2.6902157447943744,0.4931233514390628
edb,phi0.25_gamma15,fr,6,main,512.0,80000.0,0.0005,40.0,0.03294611480522776,1.734404166872684,124549.0,nan,0.4955628354555314,0.5044371645444685,1.0,0.0,0.8084833509030654,2.321358791361411,nan,1.0,nan,physics,False,243.259765625,2.3878519360438997,6.081494140625,nan,nan,486.55784948907524,2.688026152800389,0.4955628354555314
edb,phi0.25_gamma15,fr,7,main,512.0,80000.0,0.0005,40.0,0.035257335791197074,1.903222686866092,126715.0,nan,0.48932831185787207,0.5106716881421278,1.0,0.0,0.8778382492284885,2.321358791361411,nan,1.0,nan,physics,False,247.490234375,2.395309325703608,6.187255859375,nan,nan,495.2060547731816,2.6956620592883445,0.48932831185787207
edb,phi0.25_gamma15,fr,8,main,512.0,80000.0,0.0005,40.0,0.03582404174434222,1.914847050389304,126077.0,nan,0.49517525698545073,0.5048247430145492,1.0,0.0,0.817851281693344,2.321358791361411,nan,1.0,nan,physics,False,246.244140625,2.393126008158468,6.156103515625,nan,nan,492.5341423750429,2.693317202258296,0.49517525698545073
edb,phi0.25_gamma15,fr,9,main,512.0,80000.0,0.0005,40.0,0.03530455257022455,1.853744525254319,127865.0,nan,0.5091036276694222,0.4908963723305777,1.0,0.0,0.8293629399016444,2.321358791361411,nan,1.0,nan,physics,False,249.736328125,2.3992172616057283,6.243408203125,nan,nan,499.6382884145965,2.6995240610358855,0.4908963723305777
edb,phi0.5_gamma15,fr,0,main,512.0,80000.0,0.0005,40.0,0.029662408571926657,1.912959067547234,128413.0,nan,0.5092340915768302,0.4907659084231698,1.0,0.0,0.7957683628960817,1.9984633492372377,nan,1.0,nan,physics,False,250.806640625,2.4010671791029217,6.270166015625,nan,nan,501.78442676569676,2.7013818173940587,0.4907659084231698
edb,phi0.5_gamma15,fr,1,main,512.0,80000.0,0.0005,40.0,0.03218850164165482,2.0305231660207665,126718.0,nan,0.5007598372328764,0.4992401627671236,1.0,0.0,0.8529670388063607,1.9984633492372377,nan,1.0,nan,physics,False,247.49609375,2.395319566203541,6.18740234375,nan,nan,494.99333064278625,2.695475836803687,0.4992401627671236
edb,phi0.5_gamma15,fr,10,main,512.0,80000.0,0.0005,40.0,0.03171732698835058,2.2588896185926535,125681.0,nan,0.49783205874827924,0.5021679412517207,1.0,0.0,0.7478422919102277,1.9984633492372377,nan,1.0,nan,physics,False,245.470703125,2.391765304029838,6.136767578125,nan,nan,490.95063606161216,2.6919215264226146,0.49783205874827924
edb,phi0.5_gamma15,fr,11,main,512.0,80000.0,0.0005,40.0,0.030586960026984644,1.9507463687011082,127910.0,nan,0.49794934922633133,0.5020506507736686,1.0,0.0,0.8277790297279038,1.9984633492372377,nan,1.0,nan,physics,False,249.82421875,2.399369468210004,6.24560546875,nan,nan,499.6568420650433,2.69954015568723,0.49794934922633133
edb,phi0.5_gamma15,fr,12,main,512.0,80000.0,0.0005,40.0,0.030357938370891447,1.7482874220199283,125656.0,nan,0.4950994413827341,0.5049005586172659,1.0,0.0,0.8684508306361097,1.9984633492372377,nan,1.0,nan,physics,False,245.421875,2.3916792577542005,6.135546875,nan,nan,490.8909059126459,2.691868793389856,0.4950994413827341
edb,phi0.5_gamma15,fr,13,main,512.0,80000.0,0.0005,40.0,0.03096644986614527,1.8358915221017964,126341.0,nan,0.49160530083691684,0.5083946991630831,1.0,0.0,0.79938444161622,1.9984633492372377,nan,1.0,nan,physics,False,246.759765625,2.3940307815164035,6.168994140625,nan,nan,493.6586856836912,2.694305639232454,0.49160530083691684
edb,phi0.5_gamma15,fr,14,main,512.0,80000.0,0.0005,40.0,0.032442914210064955,1.8738999378045662,125918.0,nan,0.5079015186566445,0.4920984813433555,1.0,0.0,0.8073492504494247,1.9984633492372377,nan,1.0,nan,physics,False,245.93359375,2.3925801769622947,6.14833984375,nan,nan,491.9900551226623,2.692838158528927,0.4920984813433555
edb,phi0.5_gamma15,fr,15,main,512.0,80000.0,0.0005,40.0,0.0317026852910716,2.220375055204398,125309.0,nan,0.4866927786713321,0.5133072213286679,1.0,0.0,0.7884633429026437,1.9984633492372377,nan,1.0,nan,physics,False,244.744140625,2.3904831715720603,6.118603515625,nan,nan,489.83524554311384,2.690935740679453,0.4866927786713321
edb,phi0.5_gamma15,fr,16,main,512.0,80000.0,0.0005,40.0,0.035689534286981406,2.216153876928736,125755.0,nan,0.48804051717529207,0.511959482824708,1.0,0.0,0.6923451080310737,1.9984633492372377,nan,1.0,nan,physics,False,245.615234375,2.3920199011349736,6.140380859375,nan,nan,491.51167089218296,2.6924165262935675,0.48804051717529207
edb,phi0.5_gamma15,fr,17,main,512.0,80000.0,0.0005,40.0,0.03504634173212927,2.2162840627029117,126244.0,nan,0.4956130969834561,0.5043869030165438,1.0,0.0,0.8455171593059438,1.9984633492372377,nan,1.0,nan,physics,False,246.5703125,2.3936985648616407,6.1642578125,nan,nan,493.1785897262257,2.693883925677192,0.4956130969834561
edb,phi0.5_gamma15,fr,18,main,512.0,80000.0,0.0005,40.0,0.034350763117410914,1.9899181945617341,125744.0,nan,0.5013523109478443,0.4986476890521558,1.0,0.0,0.8380168956131292,1.9984633492372377,nan,1.0,nan,physics,False,245.59375,2.3919820650621886,6.13984375,nan,nan,491.19109305282467,2.6921337502180442,0.4986476890521558
edb,phi0.5_gamma15,fr,19,main,512.0,80000.0,0.0005,40.0,0.02965728673788578,2.158609391275975,126916.0,nan,0.48835850455469865,0.5116414954453014,1.0,0.0,0.7947069206616688,1.9984633492372377,nan,1.0,nan,physics,False,247.8828125,2.395994905872781,6.1970703125,nan,nan,496.03452415721165,2.6963865559973677,0.48835850455469865
edb,phi0.5_gamma15,fr,2,main,512.0,80000.0,0.0005,40.0,0.034600647687358065,2.196136526089358,129160.0,nan,0.5014995115108204,0.49850048848917955,1.0,0.0,0.8487364926742341,1.9984633492372377,nan,1.0,nan,physics,False,252.265625,2.403576248274971,6.306640625,nan,nan,504.5357878650491,2.703751905569267,0.49850048848917955
edb,phi0.5_gamma15,fr,3,main,512.0,80000.0,0.0005,40.0,0.03244837872444052,2.0713380217569193,126787.0,nan,0.502340211045029,0.4976597889549711,1.0,0.0,0.8472207274251835,1.9984633492372377,nan,1.0,nan,physics,False,247.630859375,2.3955550310816918,6.190771484375,nan,nan,495.272568364694,2.695720270085303,0.4976597889549711
edb,phi0.5_gamma15,fr,4,main,512.0,80000.0,0.0005,40.0,0.027219132869934437,1.6120571041834144,125758.0,nan,0.49870815447808836,0.5012918455219117,1.0,0.0,0.7524123313189958,1.9984633492372377,nan,1.0,nan,physics,False,245.62109375,2.392030219491854,6.14052734375,nan,nan,491.24546678917375,2.6921817253027664,0.49870815447808836
edb,phi0.5_gamma15,fr,5,main,512.0,80000.0,0.0005,40.0,0.03194201135141102,1.672816382228126,128381.0,nan,0.4800291183212477,0.5199708816787524,1.0,0.0,0.8437819035403076,1.9984633492372377,nan,1.0,nan,physics,False,250.744140625,2.4009593710872497,6.268603515625,nan,nan,502.28960619060535,2.7018179615501765,0.4800291183212477
edb,phi0.5_gamma15,fr,6,main,512.0,80000.0,0.0005,40.0,0.02701911821556025,1.721545799456643,126003.0,nan,0.49694094156409424,0.5030590584359057,1.0,0.0,0.8325876624809362,1.9984633492372377,nan,1.0,nan,physics,False,246.099609375,2.392872058852439,6.152490234375,nan,nan,492.2176431228729,2.6930386035560128,0.49694094156409424
edb,phi0.5_gamma15,fr,7,main,512.0,80000.0,0.0005,40.0,0.030673897546903053,1.711660992631541,126059.0,nan,0.5054732068313892,0.4945267931686108,1.0,0.0,0.8582993642198858,1.9984633492372377,nan,1.0,nan,physics,False,246.208984375,2.3930642503713973,6.155224609375,nan,nan,492.4769792978158,2.6932668976396528,0.4945267931686108
edb,phi0.5_gamma15,fr,8,main,512.0,80000.0,0.0005,40.0,0.029351136899738568,1.6063588435846534,127455.0,nan,0.49787496317506713,0.5021250368249328,1.0,0.0,0.8484499853976577,1.9984633492372377,nan,1.0,nan,physics,False,248.935546875,2.3978280276902533,6.223388671875,nan,nan,497.8800870207594,2.6979961692637033,0.49787496317506713
edb,phi0.5_gamma15,fr,9,main,512.0,80000.0,0.0005,40.0,0.03217230977216674,1.8257566478650231,126792.0,nan,0.48281607613301963,0.5171839238669804,1.0,0.0,0.8002339510309503,1.9984633492372377,nan,1.0,nan,physics,False,247.640625,2.3955720887943643,6.191015625,nan,nan,495.86694272263634,2.696240103465763,0.48281607613301963
edb,phi0.75_gamma15,fr,0,main,512.0,80000.0,0.0005,40.0,0.026581430975959504,1.8936103146795544,128193.0,nan,0.47392329445565373,0.5260767055443463,1.0,0.0,0.7099961933818938,1.9967825536970527,nan,1.0,nan,physics,False,250.376953125,2.4003254579583126,6.259423828125,nan,nan,502.1196608255168,2.701671288944104,0.47392329445565373
edb,phi0.75_gamma15,fr,1,main,512.0,80000.0,0.0005,40.0,0.025855908692785656,1.9674272023592918,125650.0,nan,0.48915695134471726,0.5108430486552828,1.0,0.0,0.7693030940549201,1.9967825536970527,nan,1.0,nan,physics,False,245.41015625,2.3916586041110195,6.13525390625,nan,nan,491.05124742792225,2.692010337149689,0.48915695134471726
edb,phi0.75_gamma15,fr,10,main,512.0,80000.0,0.0005,40.0,0.02851737624777192,2.312310546762136,125504.0,nan,0.49768579700911303,0.5023142029908869,1.0,0.0,0.7895321868216995,1.9967825536970527,nan,1.0,nan,physics,False,245.125,2.3911557291461745,6.128125,nan,nan,490.2605024300668,2.6913118480627074,0.49768579700911303
edb,phi0.75_gamma15,fr,11,main,512.0,80000.0,0.0005,40.0,0.03538798866020295,2.307455019052277,127236.0,nan,0.49462228933365954,0.5053777106663405,1.0,0.0,0.7881641598165329,1.9967825536970527,nan,1.0,nan,physics,False,248.5078125,2.3970841486468646,6.2126953125,nan,nan,497.0731259659026,2.6972931095710178,0.49462228933365954
edb,phi0.75_gamma15,fr,12,main,512.0,80000.0,0.0005,40.0,0.026048416993976888,2.021113942331638,127841.0,nan,0.5137675756714141,0.486232424328586,1.0,0.0,0.7580701596831702,1.9967825536970527,nan,1.0,nan,physics,False,249.689453125,2.399136062933224,6.242236328125,nan,nan,499.7578149087394,2.699627735689545,0.486232424328586
edb,phi0.75_gamma15,fr,13,main,512.0,80000.0,0.0005,40.0,0.021237954060883156,1.3233460241098356,126900.0,nan,0.4778746059164828,0.5221253940835172,1.0,0.0,0.8039200480057065,1.9967825536970527,nan,1.0,nan,physics,False,247.8515625,2.3959403719556605,6.1962890625,nan,nan,496.6756816717628,2.69694641998093,0.4778746059164828
edb,phi0.75_gamma15,fr,14,main,512.0,80000.0,0.0005,40.0,0.02680186281618618,2.099532039801967,126142.0,nan,0.49843398277605255,0.5015660172239473,1.0,0.0,0.8248239399507276,1.9967825536970527,nan,1.0,nan,physics,False,246.37109375,2.3933489493015094,6.15927734375,nan,nan,492.74702117078186,2.6935044884968065,0.49843398277605255
edb,phi0.75_gamma15,fr,15,main,512.0,80000.0,0.0005,40.0,0.028832759940511203,2.18072707324104,126035.0,nan,0.49515029427946494,0.504849705720535,1.0,0.0,0.8560044058102231,1.9967825536970527,nan,1.0,nan,physics,False,246.162109375,2.3929818929918594,6.154052734375,nan,nan,492.37054027239674,2.693173213700318,0.49515029427946494
edb,phi0.75_gamma15,fr,16,main,512.0,80000.0,0.0005,40.0,0.022679457146012397,1.8064933192471448,124736.0,nan,0.4950169380822013,0.5049830619177987,1.0,0.0,0.7853683091047269,1.9967825536970527,nan,1.0,nan,physics,False,243.625,2.3885008386660576,6.090625,nan,nan,487.29840024323084,2.688685301456609,0.4950169380822013
edb,phi0.75_gamma15,fr,17,main,512.0,80000.0,0.0005,40.0,0.02587816975590695,2.286113603798138,125030.0,nan,0.5077719316075824,0.49222806839241756,1.0,0.0,0.7824103065030988,1.9967825536970527,nan,1.0,nan,physics,False,244.19921875,2.389519082106147,6.10498046875,nan,nan,488.5164687865152,2.6897673073399604,0.49222806839241756
edb,phi0.75_gamma15,fr,18,main,512.0,80000.0,0.0005,40.0,0.022539284473963292,1.792884553540654,128942.0,nan,0.5086742614351621,0.49132573856483797,1.0,0.0,0.8177148765244238,1.9967825536970527,nan,1.0,nan,physics,False,251.83984375,2.4028455132704467,6.29599609375,nan,nan,503.831326241923,2.7031462962992476,0.49132573856483797
edb,phi0.75_gamma15,fr,19,main,512.0,80000.0,0.0005,40.0,0.030294862140054432,2.434076909391065,127238.0,nan,0.5018637569114235,0.4981362430885765,1.0,0.0,0.7521821908163162,1.9967825536970527,nan,1.0,nan,physics,False,248.51171875,2.3970909478309195,6.21279296875,nan,nan,497.03034341817425,2.6972558037589556,0.4981362430885765
edb,phi0.75_gamma15,fr,2,main,512.0,80000.0,0.0005,40.0,0.024349821814369454,1.664375259740806,125833.0,nan,0.5122583181232407,0.4877416818767592,1.0,0.0,0.7125608332912834,1.9967825536970527,nan,1.0,nan,physics,False,245.767578125,2.392288098771388,6.144189453125,nan,nan,491.830778739745,2.692697822978238,0.4877416818767592
edb,phi0.75_gamma15,fr,3,main,512.0,80000.0,0.0005,40.0,0.022280479385332338,1.5675620233581102,127248.0,nan,0.4804346368243529,0.519565363175647,1.0,0.0,0.7109528444225155,1.9967825536970527,nan,1.0,nan,physics,False,248.53125,2.397124942154596,6.21328125,nan,nan,497.82477613971713,2.6979480163252196,0.4804346368243529
edb,phi0.75_gamma15,fr,4,main,512.0,80000.0,0.0005,40.0,0.02853556092626194,2.2671117106887575,125536.0,nan,0.5108089770282369,0.4891910229717632,1.0,0.0,0.8659995522915748,1.9967825536970527,nan,1.0,nan,physics,False,245.1875,2.391265998153217,6.1296875,nan,nan,490.60427700978084,2.6916156526392876,0.4891910229717632
edb,phi0.75_gamma15,fr,5,main,512.0,80000.0,0.0005,40.0,0.028759995080433656,2.2495219661593335,127109.0,nan,0.4988821522753079,0.5011178477246921,1.0,0.0,0.9023351944115646,1.9967825536970527,nan,1.0,nan,physics,False,248.259765625,2.3966521823255897,6.206494140625,nan,nan,496.52201303293015,2.69681230101588,0.4988821522753079
edb,phi0.75_gamma15,fr,6,main,512.0,80000.0,0.0005,40.0,0.02216770620663612,1.4443683801127427,126240.0,nan,0.49160645638437234,0.5083935436156276,1.0,0.0,0.7608981803868875,1.9967825536970527,nan,1.0,nan,physics,False,246.5625,2.393684859748368,6.1640625,nan,nan,493.2640049030153,2.6939589838348317,0.49160645638437234
edb,phi0.75_gamma15,fr,7,main,512.0,80000.0,0.0005,40.0,0.026780694558860382,2.032438868110912,126553.0,nan,0.5064604241397572,0.49353957586024266,1.0,0.0,0.7812863231555934,1.9967825536970527,nan,1.0,nan,physics,False,247.173828125,2.39475597982103,6.179345703125,nan,nan,494.4302005414674,2.694982476873839,0.49353957586024266
edb,phi0.75_gamma15,fr,8,main,512.0,80000.0,0.0005,40.0,0.02905161379913185,2.3417504644312617,128877.0,nan,0.511842432397559,0.488157567602441,1.0,0.0,0.8053794988680111,1.9967825536970527,nan,1.0,nan,physics,False,251.712890625,2.402627395400409,6.292822265625,nan,nan,503.70834794258576,2.7030404880810552,0.488157567602441
edb,phi0.75_gamma15,fr,9,main,512.0,80000.0,0.0005,40.0,0.01743932784794322,1.304461951625469,126383.0,nan,0.5008425802939335,0.4991574197060666,1.0,0.0,0.8013156264308847,1.9967825536970527,nan,1.0,nan,physics,False,246.841796875,2.3941745491000415,6.171044921875,nan,nan,493.68499569996754,2.6943287379697387,0.4991574197060666
edb,phi0.9_gamma15,fr,0,main,512.0,80000.0,0.0005,40.0,0.02665730746794401,2.2318762103186356,126608.0,nan,0.4888606199187707,0.5111393800812292,1.0,0.0,0.8307711143948665,1.9953057241598087,nan,1.0,nan,physics,False,247.28125,2.3949439232234924,6.18203125,nan,nan,494.80809461049,2.6953136128230333,0.4888606199187707
edb,phi0.9_gamma15,fr,1,main,512.0,80000.0,0.0005,40.0,0.024299436919585277,2.160470030629992,125639.0,nan,0.4974213703161956,0.5025786296838044,1.0,0.0,0.8150378084263024,1.9953057241598087,nan,1.0,nan,physics,False,245.388671875,2.3916207365472877,6.134716796875,nan,nan,490.79039746130803,2.6917800445932634,0.4974213703161956
edb,phi0.9_gamma15,fr,10,main,512.0,80000.0,0.0005,40.0,0.025525256459646838,2.2488595422021964,124223.0,nan,0.5031059690564554,0.49689403094354456,1.0,0.0,0.621037121003557,1.9953057241598087,nan,1.0,nan,physics,False,242.623046875,2.3867183704024963,6.065576171875,nan,nan,485.26481923382346,2.686872849939739,0.49689403094354456
edb,phi0.9_gamma15,fr,11,main,512.0,80000.0,0.0005,40.0,0.03600435909562006,2.668078540316782,124187.0,nan,0.5041420076322075,0.49585799236779243,1.0,0.0,0.8298186068244576,1.9953057241598087,nan,1.0,nan,physics,False,242.552734375,2.3865930097743777,6.063818359375,nan,nan,485.1387613533023,2.6867602501029832,0.49585799236779243
edb,phi0.9_gamma15,fr,12,main,512.0,80000.0,0.0005,40.0,0.03326321911152742,2.6804715541932476,124995.0,nan,0.4978307157435762,0.5021692842564237,1.0,0.0,0.7941739496710016,1.9953057241598087,nan,1.0,nan,physics,False,244.130859375,2.389397987762293,6.103271484375,nan,nan,488.2709095596281,2.6895493948048905,0.4978307157435762
edb,phi0.9_gamma15,fr,13,main,512.0,80000.0,0.0005,40.0,0.03378047996779386,2.5338791117367703,124048.0,nan,0.4936199054253335,0.5063800945746665,1.0,0.0,0.8998625396907234,1.9953057241598087,nan,1.0,nan,physics,False,242.28125,2.386108638584233,6.05703125,nan,nan,484.6414104907422,2.6863157118003986,0.4936199054253335
edb,phi0.9_gamma15,fr,14,main,512.0,80000.0,0.0005,40.0,0.026389874711068458,1.9322132377152432,124068.0,nan,0.5039956349672832,0.4960043650327168,1.0,0.0,0.7649661997939684,1.9953057241598087,nan,1.0,nan,physics,False,242.3203125,2.3861783655622917,6.0580078125,nan,nan,484.67157631839,2.6863426873534317,0.4960043650327168
edb,phi0.9_gamma15,fr,15,main,512.0,80000.0,0.0005,40.0,0.029595255529143348,2.118906674544289,123296.0,nan,0.49288351467285135,0.5071164853271487,1.0,0.0,0.8481816555577854,1.9953057241598087,nan,1.0,nan,physics,False,240.8125,2.38347874706532,6.0203125,nan,nan,481.7225861348629,2.683697619523596,0.49288351467285135
edb,phi0.9_gamma15,fr,16,main,512.0,80000.0,0.0005,40.0,0.024807534069232782,1.9269884179506973,126169.0,nan,0.5189656733610839,0.4810343266389161,1.0,0.0,0.809562909749456,1.9953057241598087,nan,1.0,nan,physics,False,246.423828125,2.3934415219902876,6.160595703125,nan,nan,493.55778080042984,2.694217038939931,0.4810343266389161
edb,phi0.9_gamma15,fr,17,main,512.0,80000.0,0.0005,40.0,0.02278864280454492,1.6971323328054222,126551.0,nan,0.4902065930509725,0.5097934069490275,1.0,0.0,0.7799898826917843,1.9953057241598087,nan,1.0,nan,physics,False,247.169921875,2.3947491439826822,6.179248046875,nan,nan,494.52956669436935,2.6950695725834017,0.4902065930509725
edb,phi0.9_gamma15,fr,18,main,512.0,80000.0,0.0005,40.0,0.021762239840983775,1.6005158508572916,124652.0,nan,0.500316605546552,0.49968339445344806,1.0,0.0,0.7785728003259317,1.9953057241598087,nan,1.0,nan,physics,False,243.4609375,2.3882094729339984,6.0865234375,nan,nan,486.922070234466,2.6883504630482373,0.49968339445344806
edb,phi0.9_gamma15,fr,19,main,512.0,80000.0,0.0005,40.0,0.028729004018516614,2.2704713050701195,125105.0,nan,0.5096966877438288,0.49030331225617113,1.0,0.0,0.7791616580221227,1.9953057241598087,nan,1.0,nan,physics,False,244.345703125,2.389778456344067,6.108642578125,nan,nan,488.87527371332965,2.690085519144297,0.49030331225617113
edb,phi0.9_gamma15,fr,2,main,512.0,80000.0,0.0005,40.0,0.02445310884878605,2.108730318541293,126707.0,nan,0.5007958364526532,0.4992041635473468,1.0,0.0,0.8491326168251129,1.9953057241598087,nan,1.0,nan,physics,False,247.474609375,2.395282016523221,6.186865234375,nan,nan,494.95047266873183,2.6954383085050333,0.4992041635473468
edb,phi0.9_gamma15,fr,3,main,512.0,80000.0,0.0005,40.0,0.02104428807337757,1.43637815238452,124504.0,nan,0.502259498846691,0.497740501153309,1.0,0.0,0.79386326955147,1.9953057241598087,nan,1.0,nan,physics,False,243.171875,2.3876956381684726,6.079296875,nan,nan,486.3536819939746,2.6878442515407586,0.497740501153309
edb,phi0.9_gamma15,fr,4,main,512.0,80000.0,0.0005,40.0,0.027880360356124116,2.0517503834613553,125614.0,nan,0.501241425228543,0.4987585747714571,1.0,0.0,0.7150909260887588,1.9953057241598087,nan,1.0,nan,physics,False,245.33984375,2.391534661621051,6.13349609375,nan,nan,490.682712336344,2.69168493867674,0.4987585747714571
edb,phi0.9_gamma15,fr,5,main,512.0,80000.0,0.0005,40.0,0.02494041636987921,1.7861318713180394,125806.0,nan,0.5076527378316092,0.49234726216839086,1.0,0.0,0.8574532823890054,1.9953057241598087,nan,1.0,nan,physics,False,245.71484375,2.392195279869879,6.14287109375,nan,nan,491.5448356062446,2.6924457697983235,0.49234726216839086
edb,phi0.9_gamma15,fr,6,main,512.0,80000.0,0.0005,40.0,0.02832164067481457,2.065236825330193,124077.0,nan,0.512562463925577,0.4874375360744229,1.0,0.0,0.7819429641098273,1.9953057241598087,nan,1.0,nan,physics,False,242.337890625,2.386209739050477,6.058447265625,nan,nan,484.981931914074,2.68662012313908,0.4874375360744229
edb,phi0.9_gamma15,fr,7,main,512.0,80000.0,0.0005,40.0,0.030435691341287322,2.297191053551155,127200.0,nan,0.4970851589109691,0.502914841089031,1.0,0.0,0.8702937609994443,1.9953057241598087,nan,1.0,nan,physics,False,248.4375,2.3969617451280985,6.2109375,nan,nan,496.8918869673232,2.697135049605386,0.4970851589109691
edb,phi0.9_gamma15,fr,8,main,512.0,80000.0,0.0005,40.0,0.026322691835349358,2.1072956656006854,124482.0,nan,0.5079541699143075,0.4920458300856924,1.0,0.0,0.8099098166642396,1.9953057241598087,nan,1.0,nan,physics,False,243.12890625,2.387619205396771,6.07822265625,nan,nan,486.3809034814397,2.687868508691319,0.4920458300856924
edb,phi0.9_gamma15,fr,9,main,512.0,80000.0,0.0005,40.0,0.020791953526343308,1.559424117124829,125890.0,nan,0.49745232019653873,0.5025476798034612,1.0,0.0,0.7983066220425414,1.9953057241598087,nan,1.0,nan,physics,False,245.87890625,2.3924839846643025,6.14697265625,nan,nan,491.77058018689047,2.692644771307562,0.49745232019653873
edb,phi0_gamma15,fr,0,main,512.0,80000.0,0.0005,40.0,0.0391378393492753,1.9652095554815436,128988.0,nan,0.48518295801476885,0.5148170419852311,1.0,0.0,0.7811114769984938,3.0955540247806383,nan,1.0,nan,physics,False,251.9296875,2.40299980744144,6.2982421875,nan,nan,504.3022426052038,2.7035512257048917,0.48518295801476885
edb,phi0_gamma15,fr,1,main,512.0,80000.0,0.0005,40.0,0.04084665417589764,2.06235601537207,130114.0,nan,0.508066850911398,0.4919331490886019,1.0,0.0,0.8734672737554279,3.0955540247806383,nan,1.0,nan,physics,False,254.12890625,2.4067596672090175,6.35322265625,nan,nan,508.39014459113656,2.707050538210849,0.4919331490886019
edb,phi0_gamma15,fr,10,main,512.0,80000.0,0.0005,40.0,0.04060113232087605,2.0662284791002263,129608.0,nan,0.49273589651550775,0.5072641034844922,1.0,0.0,0.7261712819774755,3.0955540247806383,nan,1.0,nan,physics,False,253.140625,2.4050740936339854,6.328515625,nan,nan,506.38813273436284,2.7053403053211613,0.49273589651550775
edb,phi0_gamma15,fr,11,main,512.0,80000.0,0.0005,40.0,0.0403334909521498,1.9685910719987696,130891.0,nan,0.4963372120302678,0.5036627879697322,1.0,0.0,0.8131483378849041,3.0955540247806383,nan,1.0,nan,physics,False,255.646484375,2.4093353195338736,6.391162109375,nan,nan,511.32040828052385,2.7095416563391197,0.4963372120302678
edb,phi0_gamma15,fr,12,main,512.0,80000.0,0.0005,40.0,0.03966397329353039,1.9265871780039627,130016.0,nan,0.4953599133343378,0.5046400866656623,1.0,0.0,0.8138150248996198,3.0955540247806383,nan,1.0,nan,physics,False,253.9375,2.40643372266117,6.3484375,nan,nan,507.9187427834632,2.706648445641503,0.4953599133343378
edb,phi0_gamma15,fr,13,main,512.0,80000.0,0.0005,40.0,0.041005696547374466,2.017625793772054,130140.0,nan,0.5183876079316158,0.48161239206838413,1.0,0.0,0.796875922264692,3.0955540247806383,nan,1.0,nan,physics,False,254.1796875,2.406846101249134,6.3544921875,nan,nan,509.04781967152275,2.707610895403607,0.48161239206838413
edb,phi0_gamma15,fr,14,main,512.0,80000.0,0.0005,40.0,0.039868798837150665,2.028300345442748,131188.0,nan,0.49893456943796666,0.5010654305620335,1.0,0.0,0.7196814466535953,3.0955540247806383,nan,1.0,nan,physics,False,256.2265625,2.410315813985953,6.4056640625,nan,nan,512.455451839405,2.710502769530981,0.49893456943796666
edb,phi0_gamma15,fr,15,main,512.0,80000.0,0.0005,40.0,0.03979924483195485,1.9756590611451434,128182.0,nan,0.48207929826444634,0.5179207017355536,1.0,0.0,0.8030678596597634,3.0955540247806383,nan,1.0,nan,physics,False,250.35546875,2.400288338627594,6.25888671875,nan,nan,501.35498121866755,2.701010712965718,0.48207929826444634
edb,phi0_gamma15,fr,16,main,512.0,80000.0,0.0005,40.0,0.03942676634462702,1.874928270609709,126035.0,nan,0.5205955770612214,0.47940442293877866,1.0,0.0,0.7931713298322075,3.0955540247806383,nan,1.0,nan,physics,False,246.162109375,2.3929818929918594,6.154052734375,nan,nan,493.16097048113846,2.693868441240009,0.47940442293877866
edb,phi0_gamma15,fr,17,main,512.0,80000.0,0.0005,40.0,0.04070087083990511,1.9258952631877257,130133.0,nan,0.48550084897154117,0.5144991510284588,1.0,0.0,0.8415333190079384,3.0955540247806383,nan,1.0,nan,physics,False,254.166015625,2.4068228322382073,6.354150390625,nan,nan,508.7598481807615,2.707365624777293,0.48550084897154117
edb,phi0_gamma15,fr,18,main,512.0,80000.0,0.0005,40.0,0.04071370316431961,1.9803989201558596,129107.0,nan,0.4913351956362157,0.5086648043637844,1.0,0.0,0.7718553884336624,3.0955540247806383,nan,1.0,nan,physics,False,252.162109375,2.4033987056077635,6.304052734375,nan,nan,504.47572054685696,2.7037003000145385,0.4913351956362157
edb,phi0_gamma15,fr,19,main,512.0,80000.0,0.0005,40.0,0.039969303147334594,2.0559785334474046,126558.0,nan,0.48248001154809755,0.5175199884519024,1.0,0.0,0.8246176749066365,3.0955540247806383,nan,1.0,nan,physics,False,247.18359375,2.3947730689461784,6.17958984375,nan,nan,494.9749176947486,2.6954597140260823,0.48248001154809755
edb,phi0_gamma15,fr,2,main,512.0,80000.0,0.0005,40.0,0.04019712051976098,2.031207337895907,130486.0,nan,0.49815773310665046,0.5018422668933494,1.0,0.0,0.8596230229723381,3.0955540247806383,nan,1.0,nan,physics,False,254.85546875,2.4079947041792136,6.37138671875,nan,nan,509.7178573221955,2.708181043289075,0.49815773310665046
edb,phi0_gamma15,fr,3,main,512.0,80000.0,0.0005,40.0,0.039585530569427464,2.009322655855394,128775.0,nan,0.5088040398391992,0.49119596016080075,1.0,0.0,0.6911102184978738,3.0955540247806383,nan,1.0,nan,physics,False,251.513671875,2.4022848971442894,6.287841796875,nan,nan,503.18335296596354,2.7025885021211185,0.49119596016080075
edb,phi0_gamma15,fr,4,main,512.0,80000.0,0.0005,40.0,0.039679463275331,1.928540240263535,127399.0,nan,0.5093819697333913,0.4906180302666087,1.0,0.0,0.7570107043773366,3.0955540247806383,nan,1.0,nan,physics,False,248.826171875,2.3976379332595097,6.220654296875,nan,nan,497.82762159938557,2.6979504936759184,0.4906180302666087
edb,phi0_gamma15,fr,5,main,512.0,80000.0,0.0005,40.0,0.04022197465672655,1.9912690896734313,130968.0,nan,0.4909165641868519,0.5090834358131482,1.0,0.0,0.7327260319319309,3.0955540247806383,nan,1.0,nan,physics,False,255.796875,2.409589734433756,6.394921875,nan,nan,511.7626497010801,2.7099163830874295,0.4909165641868519
edb,phi0_gamma15,fr,6,main,512.0,80000.0,0.0005,40.0,0.03946109678920299,1.9215207267023775,130831.0,nan,0.5045582837489007,0.4954417162510993,1.0,0.0,0.7852749020353742,3.0955540247806383,nan,1.0,nan,physics,False,255.529296875,2.4091369707912316,6.388232421875,nan,nan,511.10107228160297,2.7093556851987697,0.4954417162510993
edb,phi0_gamma15,fr,7,main,512.0,80000.0,0.0005,40.0,0.04017469651143235,1.9287791509250285,129724.0,nan,0.5135606985896571,0.48643930141034286,1.0,0.0,0.7893672201301242,3.0955540247806383,nan,1.0,nan,physics,False,253.3671875,2.405461088081851,6.3341796875,nan,nan,507.1073880752401,2.7059555097636343,0.48643930141034286
edb,phi0_gamma15,fr,8,main,512.0,80000.0,0.0005,40.0,0.039695182721693555,1.871472356259646,128516.0,nan,0.5097845287736462,0.4902154712263538,1.0,0.0,0.8670367751130551,3.0955540247806383,nan,1.0,nan,physics,False,251.0078125,2.4014140045634775,6.2751953125,nan,nan,502.2079445346176,2.701747489035602,0.4902154712263538
edb,phi0_gamma15,fr,9,main,512.0,80000.0,0.0005,40.0,0.039856478730729956,1.9351676830745157,127876.0,nan,0.5013060400587201,0.49869395994127985,1.0,0.0,0.7189188693268764,3.0955540247806383,nan,1.0,nan,physics,False,249.7578125,2.3992544725909006,6.2439453125,nan,nan,499.5190331996515,2.699420597012968,0.49869395994127985
edb,phi0.75_gamma1,abf,0,main,512.0,80000.0,0.0005,40.0,0.019517595750407474,2.407608716835842,113010.0,nan,0.3994479672392459,0.600552032760754,1.0,0.0,0.6410933027588885,1.9967825536970527,nan,1.0,nan,fr_rate,False,220.72265625,2.34581007282412,5.51806640625,nan,nan,460.05108739757884,2.663749050651229,0.3994479672392459
edb,phi0.75_gamma1,abf,1,main,512.0,80000.0,0.0005,40.0,0.02166345919045574,2.1378119217791323,117716.0,nan,0.46053526673462075,0.5394647332653792,1.0,0.0,0.6475250851650853,1.9967825536970527,nan,1.0,nan,fr_rate,False,229.9140625,2.363450381943525,5.7478515625,nan,nan,462.71074850146306,2.666247162664778,0.46053526673462075
edb,phi0.75_gamma1,abf,10,main,512.0,80000.0,0.0005,40.0,0.025144795632852632,2.519274403974516,114902.0,nan,0.4774562555292442,0.5225437444707559,1.0,0.0,0.622470458412284,1.9967825536970527,nan,1.0,nan,fr_rate,False,224.41796875,2.352988532020354,5.61044921875,nan,nan,449.75022648657847,2.6539359536126237,0.4774562555292442
edb,phi0.75_gamma1,abf,11,main,512.0,80000.0,0.0005,40.0,0.026626593933148084,2.7629074770000006,109969.0,nan,0.4300312633314562,0.5699687366685439,1.0,0.0,0.6853999019994496,1.9967825536970527,nan,1.0,nan,fr_rate,False,214.783203125,2.3340176355552478,5.369580078125,nan,nan,438.1464067011629,2.64260933350454,0.4300312633314562
edb,phi0.75_gamma1,abf,12,main,512.0,80000.0,0.0005,40.0,0.026996529698604225,2.7209236836580843,111873.0,nan,0.4449331786381704,0.5550668213618295,1.0,0.0,0.6980765035764384,1.9967825536970527,nan,1.0,nan,fr_rate,False,218.501953125,2.341438388940947,5.462548828125,nan,nan,442.3695925051862,2.6467659047007945,0.4449331786381704
edb,phi0.75_gamma1,abf,13,main,512.0,80000.0,0.0005,40.0,0.020396377686564597,2.554883987502471,113627.0,nan,0.5175006749366899,0.4824993250633101,1.0,0.0,0.8111878675072094,1.9967825536970527,nan,1.0,nan,fr_rate,False,221.927734375,2.348164102292441,5.548193359375,nan,nan,444.39990062092204,2.6487501157968296,0.4824993250633101
edb,phi0.75_gamma1,abf,14,main,512.0,80000.0,0.0005,40.0,0.022434285899744496,2.4652336014989573,124886.0,nan,0.4646400522535987,0.5353599477464012,1.0,0.0,0.681103272300164,1.9967825536970527,nan,1.0,nan,fr_rate,False,243.91796875,2.38902064891687,6.09794921875,nan,nan,490.28801673219635,2.6913361711558847,0.4646400522535987
edb,phi0.75_gamma1,abf,15,main,512.0,80000.0,0.0005,40.0,0.021875685175729777,2.535197932769545,113137.0,nan,0.4103249555088191,0.589675044491181,1.0,0.0,0.614656095599143,1.9967825536970527,nan,1.0,nan,fr_rate,False,220.970703125,2.346295657735466,5.524267578125,nan,nan,456.62956018354674,2.6605140695654867,0.4103249555088191
edb,phi0.75_gamma1,abf,16,main,512.0,80000.0,0.0005,40.0,0.02436508865777858,2.637884940128516,111864.0,nan,0.47221755127151427,0.5277824487284858,1.0,0.0,0.7869954169683164,1.9967825536970527,nan,1.0,nan,fr_rate,False,218.484375,2.341403608437753,5.462109375,nan,nan,438.32205084769,2.642783002311829,0.47221755127151427
edb,phi0.75_gamma1,abf,17,main,512.0,80000.0,0.0005,40.0,0.025433675906851503,2.8606964833806163,119216.0,nan,0.49403022573699207,0.5059697742630079,1.0,0.0,0.6249092831253515,1.9967825536970527,nan,1.0,nan,fr_rate,False,232.84375,2.368925766903129,5.82109375,nan,nan,465.753894530628,2.6690879503299643,0.49403022573699207
edb,phi0.75_gamma1,abf,18,main,512.0,80000.0,0.0005,40.0,0.026128847501072642,2.511151411666651,116119.0,nan,0.5029128051731454,0.49708719482685454,1.0,0.0,0.6438636488728143,1.9967825536970527,nan,1.0,nan,fr_rate,False,226.794921875,2.3575440383284736,5.669873046875,nan,nan,453.6052380847761,2.6576344354765196,0.49708719482685454
edb,phi0.75_gamma1,abf,19,main,512.0,80000.0,0.0005,40.0,0.024950411624551225,2.7815419116215825,113340.0,nan,0.47597757661243234,0.5240224233875677,1.0,0.0,0.590381097357828,1.9967825536970527,nan,1.0,nan,fr_rate,False,221.3671875,2.3470707031482307,5.5341796875,nan,nan,443.758706462296,2.6481244584569685,0.47597757661243234
edb,phi0.75_gamma1,abf,2,main,512.0,80000.0,0.0005,40.0,0.021567943317978924,2.7306322718779867,117706.0,nan,0.4408475208913703,0.5591524791086296,1.0,0.0,0.5839737136188154,1.9967825536970527,nan,1.0,nan,fr_rate,False,229.89453125,2.3634136467496827,5.74736328125,nan,nan,466.315645720103,2.6696103214398046,0.4408475208913703
edb,phi0.75_gamma1,abf,3,main,512.0,80000.0,0.0005,40.0,0.024324594144588225,2.623408932609074,113491.0,nan,0.48798371442018373,0.5120162855798163,1.0,0.0,0.7449020201322706,1.9967825536970527,nan,1.0,nan,fr_rate,False,221.662109375,2.347646319012421,5.541552734375,nan,nan,443.58041504021736,2.6479503269475257,0.48798371442018373
edb,phi0.75_gamma1,abf,4,main,512.0,80000.0,0.0005,40.0,0.02601729421703936,2.688118172623552,116033.0,nan,0.46895259990898247,0.5310474000910175,1.0,0.0,0.6518968958912764,1.9967825536970527,nan,1.0,nan,fr_rate,False,226.626953125,2.357223685229208,5.665673828125,nan,nan,455.0083110106869,2.658972758000374,0.46895259990898247
edb,phi0.75_gamma1,abf,5,main,512.0,80000.0,0.0005,40.0,0.01971820833776361,2.414877685128941,112984.0,nan,0.47644195858041627,0.5235580414195837,1.0,0.0,0.712198782715849,1.9967825536970527,nan,1.0,nan,fr_rate,False,220.671875,2.3457105947512016,5.516796875,nan,nan,442.325679951002,2.6467228888404954,0.47644195858041627
edb,phi0.75_gamma1,abf,6,main,512.0,80000.0,0.0005,40.0,0.02368858362948688,3.177408413096444,111600.0,nan,0.42289806393990614,0.577101936060094,1.0,0.0,0.7433853957790527,1.9967825536970527,nan,1.0,nan,fr_rate,False,217.96875,2.3403821391736694,5.44921875,nan,nan,446.55608304950175,2.6508474643062514,0.42289806393990614
edb,phi0.75_gamma1,abf,7,main,512.0,80000.0,0.0005,40.0,0.028602130616248347,2.9957288872785783,110301.0,nan,0.4460687804640781,0.553931219535922,1.0,0.0,0.7425809580990008,1.9967825536970527,nan,1.0,nan,fr_rate,False,215.431640625,2.335320751556312,5.385791015625,nan,nan,435.93508330174524,2.6404169173867,0.4460687804640781
edb,phi0.75_gamma1,abf,8,main,512.0,80000.0,0.0005,40.0,0.026917767465568492,2.764531428315874,111385.0,nan,0.3976867128584528,0.6023132871415473,1.0,0.0,0.6884908688227906,1.9967825536970527,nan,1.0,nan,fr_rate,False,217.548828125,2.3395484821127432,5.438720703125,nan,nan,454.11226067895427,2.6581185355140606,0.3976867128584528
edb,phi0.75_gamma1,abf,9,main,512.0,80000.0,0.0005,40.0,0.028178133604299403,2.8634020427559657,116696.0,nan,0.41519807077914245,0.5848019292208575,1.0,0.0,0.6436230984502852,1.9967825536970527,nan,1.0,nan,fr_rate,False,227.921875,2.3596872943690563,5.698046875,nan,nan,469.3446694445642,2.672416226400861,0.41519807077914245
edb,phi0.75_gamma30,abf,0,main,512.0,80000.0,0.0005,40.0,0.027103810669929587,3.0737196490605845,114444.0,nan,0.45544909507403686,0.5445509049259631,1.0,0.0,0.8575783273642745,1.9967825536970527,nan,1.0,nan,fr_rate,False,223.5234375,2.351261682736363,5.5880859375,nan,nan,450.62444216257904,2.654777438144607,0.45544909507403686
edb,phi0.75_gamma30,abf,1,main,512.0,80000.0,0.0005,40.0,0.02286407453223575,2.436245704146232,110868.0,nan,0.4750664554523321,0.5249335445476678,1.0,0.0,0.7181203869252168,1.9967825536970527,nan,1.0,nan,fr_rate,False,216.5390625,2.3375372525779095,5.4134765625,nan,nan,434.15775663108843,2.638646729170667,0.4750664554523321
edb,phi0.75_gamma30,abf,10,main,512.0,80000.0,0.0005,40.0,0.025084728382142357,2.3885020472217624,115868.0,nan,0.47558170175204023,0.5244182982479598,1.0,0.0,0.788029300732609,1.9967825536970527,nan,1.0,nan,fr_rate,False,226.3046875,2.356608391881561,5.6576171875,nan,nan,453.69143504193164,2.657716773538602,0.47558170175204023
edb,phi0.75_gamma30,abf,11,main,512.0,80000.0,0.0005,40.0,0.01985360227271691,2.3906270281788675,112932.0,nan,0.4526602762004506,0.5473397237995493,1.0,0.0,0.8788102660391304,1.9967825536970527,nan,1.0,nan,fr_rate,False,220.5703125,2.3455115702208924,5.5142578125,nan,nan,445.1308661298363,2.6494622714956724,0.4526602762004506
edb,phi0.75_gamma30,abf,12,main,512.0,80000.0,0.0005,40.0,0.018814554364893786,2.4878383051583706,114389.0,nan,0.4600007531026867,0.5399992468973133,1.0,0.0,0.7626466007434416,1.9967825536970527,nan,1.0,nan,fr_rate,False,223.416015625,2.3510538474565106,5.585400390625,nan,nan,449.7100673048562,2.6538972588167433,0.4600007531026867
edb,phi0.75_gamma30,abf,13,main,512.0,80000.0,0.0005,40.0,0.02533758273453691,2.625341243300938,112490.0,nan,0.46671613587424415,0.5332838641257559,1.0,0.0,0.5901108102582837,1.9967825536970527,nan,1.0,nan,fr_rate,False,219.70703125,2.3438161690675647,5.49267578125,nan,nan,441.3698883102319,2.6457855572980478,0.46671613587424415
edb,phi0.75_gamma30,abf,14,main,512.0,80000.0,0.0005,40.0,0.022909706120995556,2.5393674888460804,116974.0,nan,0.4574761624388765,0.5425238375611235,1.0,0.0,0.7628037158467044,1.9967825536970527,nan,1.0,nan,fr_rate,False,228.46484375,2.360716156823452,5.71162109375,nan,nan,460.2587885856433,2.6639446540676834,0.4574761624388765
edb,phi0.75_gamma30,abf,15,main,512.0,80000.0,0.0005,40.0,0.023820438846967364,2.5931469692228823,112400.0,nan,0.4653262160301238,0.5346737839698761,1.0,0.0,0.6564649169336951,1.9967825536970527,nan,1.0,nan,fr_rate,False,219.53125,2.343470139114228,5.48828125,nan,nan,441.1841923607613,2.645603212930159,0.4653262160301238
edb,phi0.75_gamma30,abf,16,main,512.0,80000.0,0.0005,40.0,0.024303665786439613,2.940757488660913,114731.0,nan,0.4048504049670039,0.5951495950329961,1.0,0.0,0.4339676939159846,1.9967825536970527,nan,1.0,nan,fr_rate,False,224.083984375,2.3523445943118855,5.602099609375,nan,nan,465.00765445578537,2.6683930502964546,0.4048504049670039
edb,phi0.75_gamma30,abf,17,main,512.0,80000.0,0.0005,40.0,0.018832460934438435,2.4662710551972213,113244.0,nan,0.49668337860791983,0.5033166213920802,1.0,0.0,0.8048767721882111,1.9967825536970527,nan,1.0,nan,fr_rate,False,221.1796875,2.3467043515899815,5.5294921875,nan,nan,442.3788396290559,2.6467749624554515,0.49668337860791983
edb,phi0.75_gamma30,abf,18,main,512.0,80000.0,0.0005,40.0,0.016732570336731076,2.3605445334330786,117033.0,nan,0.4763509601416119,0.5236490398583882,1.0,0.0,0.6892854871640504,1.9967825536970527,nan,1.0,nan,fr_rate,False,228.580078125,2.360934199336742,5.714501953125,nan,nan,458.1851661086084,2.66198784981406,0.4763509601416119
edb,phi0.75_gamma30,abf,19,main,512.0,80000.0,0.0005,40.0,0.018420576507244726,2.7733700595546584,115658.0,nan,0.4850273041925171,0.514972695807483,1.0,0.0,0.7801614687113166,1.9967825536970527,nan,1.0,nan,fr_rate,False,225.89453125,2.3558240283813214,5.64736328125,nan,nan,452.1945573332084,2.6562846855374587,0.4850273041925171
edb,phi0.75_gamma30,abf,2,main,512.0,80000.0,0.0005,40.0,0.019551700105482628,2.6091179850232966,115326.0,nan,0.46542926141548346,0.5345707385845166,1.0,0.0,0.5943329618215194,1.9967825536970527,nan,1.0,nan,fr_rate,False,225.24609375,2.354581089634302,5.63115234375,nan,nan,452.6561299852078,2.65672678361573,0.46542926141548346
edb,phi0.75_gamma30,abf,3,main,512.0,80000.0,0.0005,40.0,0.025065143634295663,2.606191269693349,113178.0,nan,0.43499520241330925,0.5650047975866908,1.0,0.0,0.7303024531029189,1.9967825536970527,nan,1.0,nan,fr_rate,False,221.05078125,2.346452305507745,5.52626953125,nan,nan,449.7026593783944,2.6538901206402135,0.43499520241330925
edb,phi0.75_gamma30,abf,4,main,512.0,80000.0,0.0005,40.0,0.02631612924666478,2.615616222678134,111748.0,nan,0.47564862529756263,0.5243513747024374,1.0,0.0,0.4781832105437258,1.9967825536970527,nan,1.0,nan,fr_rate,False,218.2578125,2.340955076907823,5.4564453125,nan,nan,437.5534833976846,2.642022564926878,0.47564862529756263
edb,phi0.75_gamma30,abf,5,main,512.0,80000.0,0.0005,40.0,0.027525096779722983,3.1528025360133634,113447.0,nan,0.4546510041610056,0.5453489958389943,1.0,0.0,0.8075176503595122,1.9967825536970527,nan,1.0,nan,fr_rate,False,221.576171875,2.3474786686369984,5.539404296875,nan,nan,446.82800710019364,2.651111250807803,0.4546510041610056
edb,phi0.75_gamma30,abf,6,main,512.0,80000.0,0.0005,40.0,0.02813572980313125,2.4442464703331637,116873.0,nan,0.48270144129620324,0.5172985587037967,1.0,0.0,0.7252128030465512,1.9967825536970527,nan,1.0,nan,fr_rate,False,228.267578125,2.360342643317093,5.706689453125,nan,nan,457.0822656823171,2.6609434787103883,0.48270144129620324
edb,phi0.75_gamma30,abf,7,main,512.0,80000.0,0.0005,40.0,0.021354391979289764,2.4895600848608335,109667.0,nan,0.4527142200383217,0.5472857799616783,1.0,0.0,0.4586149358425542,1.9967825536970527,nan,1.0,nan,fr_rate,False,214.193359375,2.332828865361955,5.354833984375,nan,nan,432.25269170582885,2.6367412695725836,0.4527142200383217
edb,phi0.75_gamma30,abf,8,main,512.0,80000.0,0.0005,40.0,0.02862075435194477,2.6663247275543887,107560.0,nan,0.46008672461031636,0.5399132753896836,1.0,0.0,0.7224780023827426,1.9967825536970527,nan,1.0,nan,fr_rate,False,210.078125,2.324443227698708,5.251953125,nan,nan,422.8507727650898,2.627212979300119,0.46008672461031636
edb,phi0.75_gamma30,abf,9,main,512.0,80000.0,0.0005,40.0,0.02934521402101762,2.875185348232409,108791.0,nan,0.46576272391057433,0.5342372760894257,1.0,0.0,0.5710070055250949,1.9967825536970527,nan,1.0,nan,fr_rate,False,212.482421875,2.3293621210613895,5.312060546875,nan,nan,426.96679039240985,2.6314100696933114,0.46576272391057433
edb,phi0.75_gamma50,abf,0,main,512.0,80000.0,0.0005,40.0,0.022623024013632143,2.5368474151939853,117860.0,nan,0.47362135284500045,0.5263786471549995,1.0,0.0,0.7214521859732517,1.9967825536970527,nan,1.0,nan,fr_rate,False,230.1953125,2.363979024488884,5.7548828125,nan,nan,461.6756215786717,2.6652766170862785,0.47362135284500045
edb,phi0.75_gamma50,abf,1,main,512.0,80000.0,0.0005,40.0,0.015190500626164833,2.193150185257177,116730.0,nan,0.4623824183873814,0.5376175816126185,1.0,0.0,0.6823091578553167,1.9967825536970527,nan,1.0,nan,fr_rate,False,227.98828125,2.359813257367463,5.69970703125,nan,nan,458.57223256681414,2.6623537806617814,0.4623824183873814
edb,phi0.75_gamma50,abf,10,main,512.0,80000.0,0.0005,40.0,0.029409167495719594,2.793722282012464,110556.0,nan,0.48233902403793105,0.517660975962069,1.0,0.0,0.7565184228903826,1.9967825536970527,nan,1.0,nan,fr_rate,False,215.9296875,2.3363189906271935,5.3982421875,nan,nan,432.398853229658,2.6368877578451504,0.48233902403793105
edb,phi0.75_gamma50,abf,11,main,512.0,80000.0,0.0005,40.0,0.028440287613085754,2.7352380147768622,113766.0,nan,0.4448119347497315,0.5551880652502684,1.0,0.0,0.7089620115901231,1.9967825536970527,nan,1.0,nan,fr_rate,False,222.19921875,2.348692670134906,5.55498046875,nan,nan,449.87926720858275,2.654060265592837,0.4448119347497315
edb,phi0.75_gamma50,abf,12,main,512.0,80000.0,0.0005,40.0,0.02298642949524612,2.6381884974938794,115897.0,nan,0.4768795193300299,0.5231204806699701,1.0,0.0,0.8121676882426232,1.9967825536970527,nan,1.0,nan,fr_rate,False,226.361328125,2.3567165975101805,5.659033203125,nan,nan,453.69275412228194,2.657718033444644,0.4768795193300299
edb,phi0.75_gamma50,abf,13,main,512.0,80000.0,0.0005,40.0,0.025823982478964554,3.1218200392401454,117218.0,nan,0.4700304243278372,0.5299695756721629,1.0,0.0,0.7532702877216232,1.9967825536970527,nan,1.0,nan,fr_rate,False,228.94140625,2.36161718304271,5.72353515625,nan,nan,459.53378036924744,2.6632614914056125,0.4700304243278372
edb,phi0.75_gamma50,abf,14,main,512.0,80000.0,0.0005,40.0,0.03011839922069462,2.7468069091026712,111577.0,nan,0.4134003243049396,0.5865996756950603,1.0,0.0,0.6245615383906844,1.9967825536970527,nan,1.0,nan,fr_rate,False,217.923828125,2.340293033655685,5.448095703125,nan,nan,449.3265613210725,2.653527563429674,0.4134003243049396
edb,phi0.75_gamma50,abf,15,main,512.0,80000.0,0.0005,40.0,0.02139505134894434,2.4734820897260894,124708.0,nan,0.46874039730986794,0.5312596026901321,1.0,0.0,0.7003857059881227,1.9967825536970527,nan,1.0,nan,fr_rate,False,243.5703125,2.388403738473267,6.0892578125,nan,nan,489.05215923146903,2.690242307091462,0.46874039730986794
edb,phi0.75_gamma50,abf,16,main,512.0,80000.0,0.0005,40.0,0.02247258194437533,2.706338263418824,120387.0,nan,0.4889852455487757,0.5110147544512244,1.0,0.0,0.7542541997443659,1.9967825536970527,nan,1.0,nan,fr_rate,False,235.130859375,2.3731527476907477,5.878271484375,nan,nan,470.49004722292284,2.673472529561607,0.4889852455487757
edb,phi0.75_gamma50,abf,17,main,512.0,80000.0,0.0005,40.0,0.02152510260109317,2.1887396583328003,117841.0,nan,0.4458050443101987,0.5541949556898014,1.0,0.0,0.7058730307982531,1.9967825536970527,nan,1.0,nan,fr_rate,False,230.158203125,2.3639093098818598,5.753955078125,nan,nan,465.7886651758992,2.6691203017192473,0.4458050443101987
edb,phi0.75_gamma50,abf,18,main,512.0,80000.0,0.0005,40.0,0.027290420724614572,2.8210278093647077,109027.0,nan,0.45652652759141854,0.5434734724085815,1.0,0.0,0.8256575174156301,1.9967825536970527,nan,1.0,nan,fr_rate,False,212.943359375,2.330298810887483,5.323583984375,nan,nan,429.1308497949064,2.633600592089602,0.45652652759141854
edb,phi0.75_gamma50,abf,19,main,512.0,80000.0,0.0005,40.0,0.022586363785113087,2.862603217650416,119480.0,nan,0.45465440186030004,0.5453455981397,1.0,0.0,0.7132695042941752,1.9967825536970527,nan,1.0,nan,fr_rate,False,233.359375,2.3698823311411923,5.833984375,nan,nan,470.5892966507631,2.6735639396413258,0.45465440186030004
edb,phi0.75_gamma50,abf,2,main,512.0,80000.0,0.0005,40.0,0.023725353855534884,2.4239792792122996,114835.0,nan,0.4911969990421672,0.5088030009578327,1.0,0.0,0.7578991607899156,1.9967825536970527,nan,1.0,nan,fr_rate,False,224.287109375,2.352736342689356,5.607177734375,nan,nan,448.71330699864785,2.6529357385143064,0.4911969990421672
edb,phi0.75_gamma50,abf,3,main,512.0,80000.0,0.0005,40.0,0.023318401605950924,2.5962959149469107,115460.0,nan,0.46208887768728885,0.5379111223127112,1.0,0.0,0.784922001004116,1.9967825536970527,nan,1.0,nan,fr_rate,False,225.5078125,2.3550831858946624,5.6376953125,nan,nan,453.62351236994016,2.657651892956179,0.46208887768728885
edb,phi0.75_gamma50,abf,4,main,512.0,80000.0,0.0005,40.0,0.02122579949151789,2.5396015377925796,117361.0,nan,0.43596508490485864,0.5640349150951414,1.0,0.0,0.6073386120033785,1.9967825536970527,nan,1.0,nan,fr_rate,False,229.220703125,2.3621443759777607,5.730517578125,nan,nan,466.08609510644044,2.669396938774767,0.43596508490485864
edb,phi0.75_gamma50,abf,5,main,512.0,80000.0,0.0005,40.0,0.021916154159183368,2.6493411538624083,108723.0,nan,0.44830517993564417,0.5516948200643559,1.0,0.0,0.7452236590033144,1.9967825536970527,nan,1.0,nan,fr_rate,False,212.349609375,2.3290918520397774,5.308740234375,nan,nan,429.28805811073363,2.633759293169287,0.44830517993564417
edb,phi0.75_gamma50,abf,6,main,512.0,80000.0,0.0005,40.0,0.025984745481829084,3.013671380212793,114963.0,nan,0.4344642369976494,0.5655357630023505,1.0,0.0,0.578299833040146,1.9967825536970527,nan,1.0,nan,fr_rate,False,224.537109375,2.3532180099427538,5.613427734375,nan,nan,456.9240575100381,2.6607934602330996,0.4344642369976494
edb,phi0.75_gamma50,abf,7,main,512.0,80000.0,0.0005,40.0,0.020412858918458596,2.5567995564367783,113490.0,nan,0.4604326072834007,0.5395673927165993,1.0,0.0,0.5116917042759515,1.9967825536970527,nan,1.0,nan,fr_rate,False,221.66015625,2.3476425094952442,5.54150390625,nan,nan,446.11401868326584,2.6504182868247317,0.4604326072834007
edb,phi0.75_gamma50,abf,8,main,512.0,80000.0,0.0005,40.0,0.0315324625288984,2.735671511998578,112219.0,nan,0.43685583511458426,0.5631441648854157,1.0,0.0,0.5240540823513392,1.9967825536970527,nan,1.0,nan,fr_rate,False,219.177734375,2.342773398527687,5.479443359375,nan,nan,445.4599953931109,2.6497825504398405,0.43685583511458426
edb,phi0.75_gamma50,abf,9,main,512.0,80000.0,0.0005,40.0,0.02499619358040914,2.7678625520829554,112486.0,nan,0.4108265050742469,0.589173494925753,1.0,0.0,0.7627782046512197,1.9967825536970527,nan,1.0,nan,fr_rate,False,219.69921875,2.3438007958115668,5.49248046875,nan,nan,453.8338243949662,2.6578527541728243,0.4108265050742469
edb,phi0.75_gamma5,abf,0,main,512.0,80000.0,0.0005,40.0,0.026566577035445984,2.639063283868315,113907.0,nan,0.49842044654350814,0.5015795534564917,1.0,0.0,0.6747425510114003,1.9967825536970527,nan,1.0,nan,fr_rate,False,222.474609375,2.349228186820365,5.561865234375,nan,nan,444.9536593681596,2.649289731971525,0.49842044654350814
edb,phi0.75_gamma5,abf,1,main,512.0,80000.0,0.0005,40.0,0.0223536056357457,2.5848708994746694,112381.0,nan,0.47123131340387603,0.528768686596124,1.0,0.0,0.7152648000712407,1.9967825536970527,nan,1.0,nan,fr_rate,False,219.494140625,2.343397053087119,5.487353515625,nan,nan,440.4464007798957,2.6448779802609605,0.47123131340387603
edb,phi0.75_gamma5,abf,10,main,512.0,80000.0,0.0005,40.0,0.02576850313404901,2.7905989128199433,113825.0,nan,0.4416661620411187,0.5583338379588813,1.0,0.0,0.8715085449261675,1.9967825536970527,nan,1.0,nan,fr_rate,False,222.314453125,2.348916831935323,5.557861328125,nan,nan,450.7644169660991,2.6549120209095958,0.4416661620411187
edb,phi0.75_gamma5,abf,11,main,512.0,80000.0,0.0005,40.0,0.02660501560002357,2.9686304396966623,113031.0,nan,0.4682248733726733,0.5317751266273266,1.0,0.0,0.6425275760995051,1.9967825536970527,nan,1.0,nan,fr_rate,False,220.763671875,2.3458904038671773,5.519091796875,nan,nan,443.3177421616237,2.6476936555074624,0.4682248733726733
edb,phi0.75_gamma5,abf,12,main,512.0,80000.0,0.0005,40.0,0.023229372115222767,2.7401149661896174,108242.0,nan,0.4423176575988971,0.557682342401103,1.0,0.0,0.6310357424225383,1.9967825536970527,nan,1.0,nan,fr_rate,False,211.41015625,2.327175278406985,5.28525390625,nan,nan,428.5235367498924,2.632986967004349,0.4423176575988971
edb,phi0.75_gamma5,abf,13,main,512.0,80000.0,0.0005,40.0,0.02452840486188325,2.611423230403505,116923.0,nan,0.4520182048106356,0.5479817951893644,1.0,0.0,0.5731313064379506,1.9967825536970527,nan,1.0,nan,fr_rate,False,228.365234375,2.360527591144564,5.709130859375,nan,nan,460.97559795402964,2.6646190362621915,0.4520182048106356
edb,phi0.75_gamma5,abf,14,main,512.0,80000.0,0.0005,40.0,0.024527146628924624,2.789765565550226,112509.0,nan,0.4157703941636884,0.5842296058363116,1.0,0.0,0.5782968828489811,1.9967825536970527,nan,1.0,nan,fr_rate,False,219.744140625,2.343889184602936,5.493603515625,nan,nan,452.32457697030594,2.6564092649515736,0.4157703941636884
edb,phi0.75_gamma5,abf,15,main,512.0,80000.0,0.0005,40.0,0.024745146576485837,2.7294406381569893,108151.0,nan,0.4208772067370585,0.5791227932629415,1.0,0.0,0.7235407749481261,1.9967825536970527,nan,1.0,nan,fr_rate,False,211.232421875,2.326811730016923,5.280810546875,nan,nan,433.31579296030895,2.6378056218347385,0.4208772067370585
edb,phi0.75_gamma5,abf,16,main,512.0,80000.0,0.0005,40.0,0.028176327681691545,2.811922122478509,109602.0,nan,0.4680559822206226,0.5319440177793774,1.0,0.0,0.7684825415551563,1.9967825536970527,nan,1.0,nan,fr_rate,False,214.06640625,2.332572578125021,5.35166015625,nan,nan,429.8874760808969,2.634363871326702,0.4680559822206226
edb,phi0.75_gamma5,abf,17,main,512.0,80000.0,0.0005,40.0,0.023229173045616662,2.8253776949679192,114555.0,nan,0.48416984028094107,0.5158301597190589,1.0,0.0,0.6204981100720354,1.9967825536970527,nan,1.0,nan,fr_rate,False,223.740234375,2.3516808294411113,5.593505859375,nan,nan,447.92946241529205,2.6521781082853857,0.48416984028094107
edb,phi0.75_gamma5,abf,18,main,512.0,80000.0,0.0005,40.0,0.021448176823567974,2.168020434554969,121835.0,nan,0.4662423605602393,0.5337576394397606,1.0,0.0,0.7790558135231728,1.9967825536970527,nan,1.0,nan,fr_rate,False,237.958984375,2.378323363758817,5.948974609375,nan,nan,478.09728576664526,2.6804237104534123,0.4662423605602393
edb,phi0.75_gamma5,abf,19,main,512.0,80000.0,0.0005,40.0,0.026378564895425533,2.616208139288471,111839.0,nan,0.4661455633347142,0.5338544366652858,1.0,0.0,0.8093563140205678,1.9967825536970527,nan,1.0,nan,fr_rate,False,218.435546875,2.3413069813115746,5.460888671875,nan,nan,438.88314983205333,2.643337326207104,0.4661455633347142
edb,phi0.75_gamma5,abf,2,main,512.0,80000.0,0.0005,40.0,0.02407327821582682,2.368229458662169,114707.0,nan,0.42555997775727883,0.5744400222427212,1.0,0.0,0.7102363973754999,1.9967825536970527,nan,1.0,nan,fr_rate,False,224.037109375,2.3522541406353286,5.600927734375,nan,nan,458.231032222918,2.662031227534104,0.42555997775727883
edb,phi0.75_gamma5,abf,3,main,512.0,80000.0,0.0005,40.0,0.02185006921985005,2.733514554685926,109193.0,nan,0.4501967401614764,0.5498032598385235,1.0,0.0,0.648357563847734,1.9967825536970527,nan,1.0,nan,fr_rate,False,213.267578125,2.3309564607914455,5.331689453125,nan,nan,430.80941408621277,2.635292106365805,0.4501967401614764
edb,phi0.75_gamma5,abf,4,main,512.0,80000.0,0.0005,40.0,0.025630412140336217,2.761941621698496,108311.0,nan,0.4393304906855249,0.5606695093144751,1.0,0.0,0.6232899017844431,1.9967825536970527,nan,1.0,nan,fr_rate,False,211.544921875,2.327450733259804,5.288623046875,nan,nan,429.41214638871816,2.6338845187809206,0.4393304906855249
edb,phi0.75_gamma5,abf,5,main,512.0,80000.0,0.0005,40.0,0.0226487913530315,2.5323817477267783,114074.0,nan,0.4753509290143186,0.5246490709856814,1.0,0.0,0.7339011367509003,1.9967825536970527,nan,1.0,nan,fr_rate,False,222.80078125,2.3498615982422497,5.57001953125,nan,nan,446.68714931727527,2.6509746283108626,0.4753509290143186
edb,phi0.75_gamma5,abf,6,main,512.0,80000.0,0.0005,40.0,0.028796941332509502,3.1185615448217296,111349.0,nan,0.40114533281439296,0.5988546671856071,1.0,0.0,0.7429988846094466,1.9967825536970527,nan,1.0,nan,fr_rate,False,217.478515625,2.33940873648145,5.436962890625,nan,nan,452.65068523853313,2.656721571214817,0.40114533281439296
edb,phi0.75_gamma5,abf,7,main,512.0,80000.0,0.0005,40.0,0.02322748118423192,2.7718591072994583,112749.0,nan,0.44296450338676924,0.5570354966132307,1.0,0.0,0.7057793597595259,1.9967825536970527,nan,1.0,nan,fr_rate,False,220.212890625,2.344810430789028,5.505322265625,nan,nan,446.23224061644373,2.6505331039506137,0.44296450338676924
edb,phi0.75_gamma5,abf,8,main,512.0,80000.0,0.0005,40.0,0.024943403432198044,2.8814298325835064,105317.0,nan,0.4237540345370473,0.5762459654629526,1.0,0.0,0.5568099486368011,1.9967825536970527,nan,1.0,nan,fr_rate,False,205.697265625,2.3153347314321806,5.142431640625,nan,nan,421.18876594132166,2.6255066729446264,0.4237540345370473
edb,phi0.75_gamma5,abf,9,main,512.0,80000.0,0.0005,40.0,0.016893137255347117,2.417046709735379,110130.0,nan,0.48337811983071827,0.5166218801692817,1.0,0.0,0.7949417516058638,1.9967825536970527,nan,1.0,nan,fr_rate,False,215.09765625,2.334650056641632,5.37744140625,nan,nan,430.6712678186423,2.635153142834899,0.48337811983071827
edb,phi0.9_gamma1,abf,0,main,512.0,80000.0,0.0005,40.0,0.03241770714291578,3.228944159475425,117544.0,nan,0.4459359181051179,0.5540640818948821,1.0,0.0,0.7131715737036801,1.9953057241598087,nan,1.0,nan,fr_rate,False,229.578125,2.3628181032951066,5.739453125,nan,nan,464.58807429745804,2.668001847644543,0.4459359181051179
edb,phi0.9_gamma1,abf,1,main,512.0,80000.0,0.0005,40.0,0.02957526598405284,2.737604412979843,118913.0,nan,0.4804142892622701,0.51958571073773,1.0,0.0,0.6104446208843108,1.9953057241598087,nan,1.0,nan,fr_rate,False,232.251953125,2.3678252889795606,5.806298828125,nan,nan,465.2177364659798,2.6685887914985447,0.4804142892622701
edb,phi0.9_gamma1,abf,10,main,512.0,80000.0,0.0005,40.0,0.03532425989370139,3.128630349883803,118735.0,nan,0.4338710509103873,0.5661289490896126,1.0,0.0,0.6658956423978476,1.9953057241598087,nan,1.0,nan,fr_rate,False,231.904296875,2.3671775009515454,5.797607421875,nan,nan,472.06604458156636,2.6749217766681355,0.4338710509103873
edb,phi0.9_gamma1,abf,11,main,512.0,80000.0,0.0005,40.0,0.027825550036624146,2.6777297284309007,117053.0,nan,0.47724902265010477,0.5227509773498952,1.0,0.0,0.6849622859189989,1.9953057241598087,nan,1.0,nan,fr_rate,False,228.619140625,2.361008087216109,5.715478515625,nan,nan,458.1869242328713,2.661989512633899,0.47724902265010477
edb,phi0.9_gamma1,abf,12,main,512.0,80000.0,0.0005,40.0,0.03240929003531573,2.9755402247825833,115697.0,nan,0.45972076942064777,0.5402792305793523,1.0,0.0,0.7658185095921946,1.9953057241598087,nan,1.0,nan,fr_rate,False,225.970703125,2.3559698030421408,5.649267578125,nan,nan,454.89351306261625,2.658863412642512,0.45972076942064777
edb,phi0.9_gamma1,abf,13,main,512.0,80000.0,0.0005,40.0,0.02918203319660872,2.642215759079852,115684.0,nan,0.472238513275309,0.5277614867246909,1.0,0.0,0.6180430821603528,1.9953057241598087,nan,1.0,nan,fr_rate,False,225.9453125,2.355921216925055,5.6486328125,nan,nan,453.2880215761215,2.657331285720689,0.472238513275309
edb,phi0.9_gamma1,abf,14,main,512.0,80000.0,0.0005,40.0,0.026840781884254216,2.686416561008273,114384.0,nan,0.4720410862364793,0.5279589137635207,1.0,0.0,0.6354766677157491,1.9953057241598087,nan,1.0,nan,fr_rate,False,223.40625,2.3510349484072637,5.58515625,nan,nan,448.21397700306244,2.6524532605922437,0.4720410862364793
edb,phi0.9_gamma1,abf,15,main,512.0,80000.0,0.0005,40.0,0.027406332018242396,2.6882224819355844,117784.0,nan,0.49614333440726593,0.503856665592734,1.0,0.0,0.6603580375885365,1.9953057241598087,nan,1.0,nan,fr_rate,False,230.046875,2.3637000988904995,5.751171875,nan,nan,460.12112512626663,2.663815018804985,0.49614333440726593
edb,phi0.9_gamma1,abf,16,main,512.0,80000.0,0.0005,40.0,0.030057436451127524,3.001419808236033,113174.0,nan,0.4694302567739399,0.53056974322606,1.0,0.0,0.7807478026161193,1.9953057241598087,nan,1.0,nan,fr_rate,False,221.04296875,2.3464370252853137,5.52607421875,nan,nan,443.7446714131567,2.6481107534063826,0.4694302567739399
edb,phi0.9_gamma1,abf,17,main,512.0,80000.0,0.0005,40.0,0.03153434026979796,3.0082828295276074,114168.0,nan,0.4751257400913462,0.5248742599086537,1.0,0.0,0.7621060954340323,1.9953057241598087,nan,1.0,nan,fr_rate,False,222.984375,2.3502177232986163,5.574609375,nan,nan,447.07522327636576,2.6513509298718665,0.4751257400913462
edb,phi0.9_gamma1,abf,18,main,512.0,80000.0,0.0005,40.0,0.03206019602730807,2.7284658380682503,117994.0,nan,0.4778826352567966,0.5221173647432035,1.0,0.0,0.7182856106438004,1.9953057241598087,nan,1.0,nan,fr_rate,False,230.45703125,2.3644703784076326,5.76142578125,nan,nan,461.81770642133984,2.6654099657809707,0.4778826352567966
edb,phi0.9_gamma1,abf,19,main,512.0,80000.0,0.0005,40.0,0.02967825679250575,2.9198551043482532,122075.0,nan,0.4202233293239487,0.5797766706760513,1.0,0.0,0.5905812677547057,1.9953057241598087,nan,1.0,nan,fr_rate,False,238.427734375,2.3791744559633674,5.960693359375,nan,nan,489.3120162435702,2.690472536779379,0.4202233293239487
edb,phi0.9_gamma1,abf,2,main,512.0,80000.0,0.0005,40.0,0.03240133629407462,3.3190924389165706,118419.0,nan,0.45877623667257467,0.5412237633274254,1.0,0.0,0.6854945060904398,1.9953057241598087,nan,1.0,nan,fr_rate,False,231.287109375,2.366025109573629,5.782177734375,nan,nan,465.7401313760316,2.6690751441160425,0.45877623667257467
edb,phi0.9_gamma1,abf,3,main,512.0,80000.0,0.0005,40.0,0.02769280628408473,2.7721893464913276,115948.0,nan,0.41995173962567417,0.5800482603743259,1.0,0.0,0.6767381330878293,1.9953057241598087,nan,1.0,nan,fr_rate,False,226.4609375,2.3569068247961757,5.6615234375,nan,nan,464.83603915612775,2.668233084458825,0.41995173962567417
edb,phi0.9_gamma1,abf,4,main,512.0,80000.0,0.0005,40.0,0.029124945746492395,2.6887531336660766,116949.0,nan,0.4750262828901622,0.5249737171098378,1.0,0.0,0.6553476837735156,1.9953057241598087,nan,1.0,nan,fr_rate,False,228.416015625,2.3606237328973023,5.710400390625,nan,nan,457.97456154028873,2.661788615626947,0.4750262828901622
edb,phi0.9_gamma1,abf,5,main,512.0,80000.0,0.0005,40.0,0.03388151616333303,3.015674380322936,108526.0,nan,0.46519826062170233,0.5348017393782978,1.0,0.0,0.6545474754947617,1.9953057241598087,nan,1.0,nan,fr_rate,False,211.96484375,2.328307915994865,5.29912109375,nan,nan,425.99347433812807,2.6304212378339282,0.46519826062170233
edb,phi0.9_gamma1,abf,6,main,512.0,80000.0,0.0005,40.0,0.02812476647237913,2.7537643749409355,115486.0,nan,0.46154538655321753,0.5384546134467826,1.0,0.0,0.7046398022413619,1.9953057241598087,nan,1.0,nan,fr_rate,False,225.55859375,2.355180540350642,5.63896484375,nan,nan,453.8014362378928,2.6578218274959227,0.46154538655321753
edb,phi0.9_gamma1,abf,7,main,512.0,80000.0,0.0005,40.0,0.02778680438505404,3.0019755251212645,120066.0,nan,0.44963227097816505,0.5503677290218351,1.0,0.0,0.6939225380189091,1.9953057241598087,nan,1.0,nan,fr_rate,False,234.50390625,2.371998115068951,5.86259765625,nan,nan,473.81592235616245,2.6765252740472465,0.44963227097816505
edb,phi0.9_gamma1,abf,8,main,512.0,80000.0,0.0005,40.0,0.029906490226367544,2.9966377837478557,117917.0,nan,0.47319832210862994,0.5268016778913701,1.0,0.0,0.657529890356872,1.9953057241598087,nan,1.0,nan,fr_rate,False,230.306640625,2.3641881011899666,5.757666015625,nan,nan,461.94058425460616,2.6655252554106434,0.47319832210862994
edb,phi0.9_gamma1,abf,9,main,512.0,80000.0,0.0005,40.0,0.034283236517034,2.9006977391833324,118255.0,nan,0.4111803061517391,0.5888196938482608,1.0,0.0,0.6739770058055439,1.9953057241598087,nan,1.0,nan,fr_rate,False,230.966796875,2.365425825554968,5.774169921875,nan,nan,476.9852211246643,2.679414468822932,0.4111803061517391
edb,phi0.9_gamma30,abf,0,main,512.0,80000.0,0.0005,40.0,0.03131839876378759,3.011267257416023,111418.0,nan,0.46907174359093007,0.5309282564090699,1.0,0.0,0.8592530044592124,1.9953057241598087,nan,1.0,nan,fr_rate,False,217.61328125,2.3396765427846606,5.44033203125,nan,nan,436.89823483706107,2.641373194559403,0.46907174359093007
edb,phi0.9_gamma30,abf,1,main,512.0,80000.0,0.0005,40.0,0.03010518388417424,2.7499026944200526,113964.0,nan,0.46467602296292665,0.5353239770370734,1.0,0.0,0.6960644588578537,1.9953057241598087,nan,1.0,nan,fr_rate,False,222.5859375,2.3494444850005807,5.5646484375,nan,nan,447.40493270962145,2.65167038143584,0.46467602296292665
edb,phi0.9_gamma30,abf,10,main,512.0,80000.0,0.0005,40.0,0.03100849183180373,2.8410136518807034,119533.0,nan,0.4575408898832229,0.5424591101167772,1.0,0.0,0.7333982198655067,1.9953057241598087,nan,1.0,nan,fr_rate,False,233.462890625,2.370074114973809,5.836572265625,nan,nan,470.3172881881514,2.673313370222213,0.4575408898832229
edb,phi0.9_gamma30,abf,11,main,512.0,80000.0,0.0005,40.0,0.036244019250786234,3.2519191202236035,120173.0,nan,0.45381673103146275,0.5461832689685372,1.0,0.0,0.6343900805401279,1.9953057241598087,nan,1.0,nan,fr_rate,False,234.712890625,2.372383333793831,5.867822265625,nan,nan,473.46518609848994,2.6762043515578275,0.45381673103146275
edb,phi0.9_gamma30,abf,12,main,512.0,80000.0,0.0005,40.0,0.026663734204138773,2.610070691929943,116841.0,nan,0.4748878521553156,0.5251121478446844,1.0,0.0,0.7583442119894984,1.9953057241598087,nan,1.0,nan,fr_rate,False,228.205078125,2.3602242353600773,5.705126953125,nan,nan,457.56435312341193,2.661400291467825,0.4748878521553156
edb,phi0.9_gamma30,abf,13,main,512.0,80000.0,0.0005,40.0,0.026989225314747727,2.725529472456596,118025.0,nan,0.4520843888502849,0.547915611149715,1.0,0.0,0.7005119758935968,1.9953057241598087,nan,1.0,nan,fr_rate,False,230.517578125,2.3645839707011467,5.762939453125,nan,nan,465.3083730043089,2.6686732136893645,0.4520843888502849
edb,phi0.9_gamma30,abf,14,main,512.0,80000.0,0.0005,40.0,0.031516936405587254,3.0379938304175966,121257.0,nan,0.4306191770567465,0.5693808229432534,1.0,0.0,0.5047149595932346,1.9953057241598087,nan,1.0,nan,fr_rate,False,236.830078125,2.37626677853188,5.920751953125,nan,nan,482.95944097459704,2.6848089663985197,0.4306191770567465
edb,phi0.9_gamma30,abf,15,main,512.0,80000.0,0.0005,40.0,0.028388901009215484,2.535291077375752,116400.0,nan,0.45192230590811794,0.5480776940918821,1.0,0.0,0.6492042063256626,1.9953057241598087,nan,1.0,nan,fr_rate,False,227.34375,2.358589129025311,5.68359375,nan,nan,458.93070847297116,2.6626924073455647,0.45192230590811794
edb,phi0.9_gamma30,abf,16,main,512.0,80000.0,0.0005,40.0,0.03517178787777071,3.2834810277227002,110378.0,nan,0.45676273775546794,0.543237262244532,1.0,0.0,0.6501145075899755,1.9953057241598087,nan,1.0,nan,fr_rate,False,215.58203125,2.335622422498529,5.38955078125,nan,nan,434.4125313743639,2.6389009240813275,0.45676273775546794
edb,phi0.9_gamma30,abf,17,main,512.0,80000.0,0.0005,40.0,0.03286208008670167,3.1211423570592483,119995.0,nan,0.45375103885230733,0.5462489611476926,1.0,0.0,0.5362710877464363,1.9953057241598087,nan,1.0,nan,fr_rate,False,234.365234375,2.37174231392739,5.859130859375,nan,nan,472.77547216249195,2.6755725731021993,0.45375103885230733
edb,phi0.9_gamma30,abf,18,main,512.0,80000.0,0.0005,40.0,0.0302563648906685,2.8780902985516037,109656.0,nan,0.4630904938299135,0.5369095061700865,1.0,0.0,0.7624459787804686,1.9953057241598087,nan,1.0,nan,fr_rate,False,214.171875,2.3327855043059396,5.354296875,nan,nan,430.6906897695041,2.6351726823710444,0.4630904938299135
edb,phi0.9_gamma30,abf,19,main,512.0,80000.0,0.0005,40.0,0.030989560428818178,3.025258571384945,117649.0,nan,0.49452464663132295,0.505475353368677,1.0,0.0,0.7195929147350579,1.9953057241598087,nan,1.0,nan,fr_rate,False,229.783203125,2.3632041967905213,5.744580078125,nan,nan,459.6215231337214,2.6633442270711583,0.49452464663132295
edb,phi0.9_gamma30,abf,2,main,512.0,80000.0,0.0005,40.0,0.03520114540134343,3.3445906105820393,114967.0,nan,0.45245094208408626,0.5475490579159137,1.0,0.0,0.7592408004957156,1.9953057241598087,nan,1.0,nan,fr_rate,False,224.544921875,2.3532330534399675,5.613623046875,nan,nan,453.1883210505244,2.65723596262585,0.45245094208408626
edb,phi0.9_gamma30,abf,3,main,512.0,80000.0,0.0005,40.0,0.03484464310775688,3.1785515207501795,116320.0,nan,0.4678888676911965,0.5321111323088035,1.0,0.0,0.7505823912256321,1.9953057241598087,nan,1.0,nan,fr_rate,False,227.1875,2.358291850293803,5.6796875,nan,nan,456.2568309674504,2.66016020212945,0.4678888676911965
edb,phi0.9_gamma30,abf,4,main,512.0,80000.0,0.0005,40.0,0.031249330830598644,2.9091560148135827,117706.0,nan,0.4648740868932202,0.5351259131067798,1.0,0.0,0.7740401108198578,1.9953057241598087,nan,1.0,nan,fr_rate,False,229.89453125,2.3634136467496827,5.74736328125,nan,nan,462.06952303625695,2.6656461988027194,0.4648740868932202
edb,phi0.9_gamma30,abf,5,main,512.0,80000.0,0.0005,40.0,0.02844514929849603,2.752695525789072,120944.0,nan,0.43598267157267195,0.564017328427328,1.0,0.0,0.4858129729799596,1.9953057241598087,nan,1.0,nan,fr_rate,False,236.21875,2.3751490131058466,5.90546875,nan,nan,480.3111803509104,2.68242594999714,0.43598267157267195
edb,phi0.9_gamma30,abf,6,main,512.0,80000.0,0.0005,40.0,0.02788519461290729,2.7228216621419388,120196.0,nan,0.4702671942019551,0.5297328057980448,1.0,0.0,0.6684542239188817,1.9953057241598087,nan,1.0,nan,fr_rate,False,234.7578125,2.3724660932202766,5.8689453125,nan,nan,471.18179874058205,2.674109242253765,0.4702671942019551
edb,phi0.9_gamma30,abf,7,main,512.0,80000.0,0.0005,40.0,0.029352594317532933,2.82813765415132,115136.0,nan,0.4601540204292422,0.5398459795707578,1.0,0.0,0.7962579572877125,1.9953057241598087,nan,1.0,nan,fr_rate,False,224.875,2.353868165568988,5.621875,nan,nan,452.6245316558756,2.6566965328220076,0.4601540204292422
edb,phi0.9_gamma30,abf,8,main,512.0,80000.0,0.0005,40.0,0.034327825502426614,3.120071673868641,114802.0,nan,0.4537279128033378,0.5462720871966622,1.0,0.0,0.8010432364403641,1.9953057241598087,nan,1.0,nan,fr_rate,False,224.22265625,2.3526120761856943,5.60556640625,nan,nan,452.3191657153733,2.6564040808245633,0.4537279128033378
edb,phi0.9_gamma30,abf,9,main,512.0,80000.0,0.0005,40.0,0.03210724419275008,2.88413142633544,111481.0,nan,0.4517554907804773,0.5482445092195228,1.0,0.0,0.6067910732032434,1.9953057241598087,nan,1.0,nan,fr_rate,False,217.736328125,2.339920917440965,5.443408203125,nan,nan,439.56506444202347,2.644010055861511,0.4517554907804773
edb,phi0.9_gamma50,abf,0,main,512.0,80000.0,0.0005,40.0,0.03098902763575383,2.7687260987567255,118126.0,nan,0.4566808934203113,0.5433191065796887,1.0,0.0,0.757802222800938,1.9953057241598087,nan,1.0,nan,fr_rate,False,230.71484375,2.364953855767648,5.76787109375,nan,nan,464.9194566173175,2.6683108467974432,0.4566808934203113
edb,phi0.9_gamma50,abf,1,main,512.0,80000.0,0.0005,40.0,0.03135199786619459,3.0101893499503127,116490.0,nan,0.4470488646383717,0.5529511353616283,1.0,0.0,0.7610580540470596,1.9953057241598087,nan,1.0,nan,fr_rate,False,227.51953125,2.3589233245441776,5.68798828125,nan,nan,460.2003432421467,2.663889621840603,0.4470488646383717
edb,phi0.9_gamma50,abf,10,main,512.0,80000.0,0.0005,40.0,0.02913124021279092,2.67411008307632,116097.0,nan,0.48801248248753126,0.5119875175124687,1.0,0.0,0.7554792862163575,1.9953057241598087,nan,1.0,nan,fr_rate,False,226.751953125,2.3574621100260362,5.668798828125,nan,nan,453.76473126320684,2.6577867761306835,0.48801248248753126
edb,phi0.9_gamma50,abf,11,main,512.0,80000.0,0.0005,40.0,0.0306507098833752,2.787761228272213,120888.0,nan,0.4609183250937501,0.5390816749062498,1.0,0.0,0.6531731186857216,1.9953057241598087,nan,1.0,nan,fr_rate,False,236.109375,2.374948725763408,5.902734375,nan,nan,475.1215092575413,2.6777178015981287,0.4609183250937501
edb,phi0.9_gamma50,abf,12,main,512.0,80000.0,0.0005,40.0,0.03272748869960328,2.933137952544373,114545.0,nan,0.5001474483444244,0.49985255165557574,1.0,0.0,0.7470458780594331,1.9953057241598087,nan,1.0,nan,fr_rate,False,223.720703125,2.3516430850526793,5.593017578125,nan,nan,447.44144516132326,2.651705743470398,0.49985255165557574
edb,phi0.9_gamma50,abf,13,main,512.0,80000.0,0.0005,40.0,0.025598339125591372,2.686266430662137,119813.0,nan,0.4671671553665522,0.5328328446334477,1.0,0.0,0.7279748801299084,1.9953057241598087,nan,1.0,nan,fr_rate,False,234.009765625,2.3710859093735652,5.850244140625,nan,nan,470.04636305774653,2.6730636549615916,0.4671671553665522
edb,phi0.9_gamma50,abf,14,main,512.0,80000.0,0.0005,40.0,0.032984541641672506,3.143408402399322,117255.0,nan,0.4847705967908901,0.51522940320911,1.0,0.0,0.7927243207944519,1.9953057241598087,nan,1.0,nan,fr_rate,False,229.013671875,2.3617536509889057,5.725341796875,nan,nan,458.4526681187147,2.662240777890484,0.4847705967908901
edb,phi0.9_gamma50,abf,15,main,512.0,80000.0,0.0005,40.0,0.03015152056587796,2.9507205848157945,111918.0,nan,0.45314467863295843,0.5468553213670416,1.0,0.0,0.7308049837248232,1.9953057241598087,nan,1.0,nan,fr_rate,False,218.58984375,2.3416122496881986,5.46474609375,nan,nan,441.05287472080033,2.645474219181867,0.45314467863295843
edb,phi0.9_gamma50,abf,16,main,512.0,80000.0,0.0005,40.0,0.03356982795916742,3.132054405421771,118461.0,nan,0.42839175835349247,0.5716082416465075,1.0,0.0,0.6147730946595938,1.9953057241598087,nan,1.0,nan,fr_rate,False,231.369140625,2.3661784518329387,5.784228515625,nan,nan,472.4282384654797,2.6752541586289316,0.42839175835349247
edb,phi0.9_gamma50,abf,17,main,512.0,80000.0,0.0005,40.0,0.03459420976357292,2.9312245185463133,120005.0,nan,0.4148192545101152,0.5851807454898847,1.0,0.0,0.6903281640142807,1.9953057241598087,nan,1.0,nan,fr_rate,False,234.384765625,2.371778351374462,5.859619140625,nan,nan,482.7813114078397,2.684649087446249,0.4148192545101152
edb,phi0.9_gamma50,abf,18,main,512.0,80000.0,0.0005,40.0,0.03095729977901667,2.9601143090517006,116831.0,nan,0.4683650712434219,0.531634928756578,1.0,0.0,0.6366254849212009,1.9953057241598087,nan,1.0,nan,fr_rate,False,228.185546875,2.3601872262519406,5.704638671875,nan,nan,458.2053239675534,2.6620069145735554,0.4683650712434219
edb,phi0.9_gamma50,abf,19,main,512.0,80000.0,0.0005,40.0,0.03425586376939722,3.12388563214222,119883.0,nan,0.42358706223635817,0.5764129377636419,1.0,0.0,0.6347378475078007,1.9953057241598087,nan,1.0,nan,fr_rate,False,234.146484375,2.3713384900863446,5.853662109375,nan,nan,479.4918599086881,2.6816860346129223,0.42358706223635817
edb,phi0.9_gamma50,abf,2,main,512.0,80000.0,0.0005,40.0,0.030590545628225385,2.600305559471317,109598.0,nan,0.44742367193668386,0.552576328063316,1.0,0.0,0.7153985705598381,1.9953057241598087,nan,1.0,nan,fr_rate,False,214.05859375,2.332556801661713,5.35146484375,nan,nan,432.9038403673243,2.6373934939710106,0.44742367193668386
edb,phi0.9_gamma50,abf,3,main,512.0,80000.0,0.0005,40.0,0.03162164788899902,3.0162857271219594,113331.0,nan,0.4652486151369047,0.5347513848630953,1.0,0.0,0.6789282429584675,1.9953057241598087,nan,1.0,nan,fr_rate,False,221.349609375,2.3470363708147217,5.533740234375,nan,nan,444.8481176365667,2.64918693739758,0.4652486151369047
edb,phi0.9_gamma50,abf,4,main,512.0,80000.0,0.0005,40.0,0.03400396108318939,2.9506464559507743,113204.0,nan,0.46581965705310757,0.5341803429468924,1.0,0.0,0.6070235993021843,1.9953057241598087,nan,1.0,nan,fr_rate,False,221.1015625,2.3465516138512252,5.5275390625,nan,nan,444.2793237499907,2.6486325294232445,0.46581965705310757
edb,phi0.9_gamma50,abf,5,main,512.0,80000.0,0.0005,40.0,0.0296950546948782,2.6763090272829864,110533.0,nan,0.42758838099735436,0.5724116190026457,1.0,0.0,0.5559263206119437,1.9953057241598087,nan,1.0,nan,fr_rate,False,215.884765625,2.3362290474620524,5.397119140625,nan,nan,441.0193702036562,2.6454413014491704,0.42758838099735436
edb,phi0.9_gamma50,abf,6,main,512.0,80000.0,0.0005,40.0,0.030974269723819885,3.053356833110659,118729.0,nan,0.48781715683179655,0.5121828431682035,1.0,0.0,0.582433771502515,1.9953057241598087,nan,1.0,nan,fr_rate,False,231.892578125,2.3671556485573624,5.797314453125,nan,nan,464.06066287992206,2.667509606299985,0.48781715683179655
edb,phi0.9_gamma50,abf,7,main,512.0,80000.0,0.0005,40.0,0.03396157147188378,2.992996475758158,117439.0,nan,0.46573164658135446,0.5342683534186455,1.0,0.0,0.7288867848489314,1.9953057241598087,nan,1.0,nan,fr_rate,False,229.373046875,2.362431666252065,5.734326171875,nan,nan,460.9111224320316,2.6645584198189654,0.46573164658135446
edb,phi0.9_gamma50,abf,8,main,512.0,80000.0,0.0005,40.0,0.029432552683208123,2.493054737892318,112547.0,nan,0.5169283701749418,0.48307162982505825,1.0,0.0,0.687018130522541,1.9953057241598087,nan,1.0,nan,fr_rate,False,219.818359375,2.3440351788568967,5.495458984375,nan,nan,440.1412433558064,2.644577662912184,0.48307162982505825
edb,phi0.9_gamma50,abf,9,main,512.0,80000.0,0.0005,40.0,0.028786131601727258,3.1779371739360127,111407.0,nan,0.4211714552723323,0.5788285447276678,1.0,0.0,0.7069499718363269,1.9953057241598087,nan,1.0,nan,fr_rate,False,217.591796875,2.339633860089587,5.439794921875,nan,nan,446.27612505097005,2.6505757167835466,0.4211714552723323
edb,phi0.9_gamma5,abf,0,main,512.0,80000.0,0.0005,40.0,0.03231783706526391,2.996189809470372,123316.0,nan,0.43777090513316663,0.5622290948668334,1.0,0.0,0.8123602428976643,1.9953057241598087,nan,1.0,nan,fr_rate,False,240.8515625,2.3835488975253254,6.0212890625,nan,nan,489.2820257794605,2.690445971875824,0.43777090513316663
edb,phi0.9_gamma5,abf,1,main,512.0,80000.0,0.0005,40.0,0.03255022512419137,3.1002347489881177,108669.0,nan,0.41372432311497637,0.5862756768850236,1.0,0.0,0.41441715373706156,1.9953057241598087,nan,1.0,nan,fr_rate,False,212.244140625,2.328877106760122,5.306103515625,nan,nan,437.51483467562826,2.641984289854374,0.41372432311497637
edb,phi0.9_gamma5,abf,10,main,512.0,80000.0,0.0005,40.0,0.03061842069948694,2.893220154037569,119022.0,nan,0.48073603780685276,0.5192639621931472,1.0,0.0,0.8640521727852953,1.9953057241598087,nan,1.0,nan,fr_rate,False,232.46484375,2.368221491690575,5.81162109375,nan,nan,465.6208555438087,2.668964145613284,0.48073603780685276
edb,phi0.9_gamma5,abf,11,main,512.0,80000.0,0.0005,40.0,0.031249555582620756,2.8446835251964666,119329.0,nan,0.4650047046098643,0.5349952953901356,1.0,0.0,0.6845350292065685,1.9953057241598087,nan,1.0,nan,fr_rate,False,233.064453125,2.36933546331706,5.826611328125,nan,nan,468.4235647085084,2.6715648870648714,0.4650047046098643
edb,phi0.9_gamma5,abf,12,main,512.0,80000.0,0.0005,40.0,0.029160049330548696,2.4065936408358066,111760.0,nan,0.44672958506773447,0.5532704149322656,1.0,0.0,0.7070074522392804,1.9953057241598087,nan,1.0,nan,fr_rate,False,218.28125,2.3410014982089096,5.45703125,nan,nan,441.574792699131,2.645986674608354,0.44672958506773447
edb,phi0.9_gamma5,abf,13,main,512.0,80000.0,0.0005,40.0,0.03733296577830436,3.4102156488228936,118132.0,nan,0.4284335385283089,0.5715664614716911,1.0,0.0,0.780016230970284,1.9953057241598087,nan,1.0,nan,fr_rate,False,230.7265625,2.3649758192279355,5.7681640625,nan,nan,471.10466205491787,2.674038289130107,0.4284335385283089
edb,phi0.9_gamma5,abf,14,main,512.0,80000.0,0.0005,40.0,0.03162034282089682,2.849435803886643,117581.0,nan,0.4502004239513251,0.549799576048675,1.0,0.0,0.7310245003251102,1.9953057241598087,nan,1.0,nan,fr_rate,False,229.650390625,2.3629541944575667,5.741259765625,nan,nan,463.90269182346395,2.6673620607898676,0.4502004239513251
edb,phi0.9_gamma5,abf,15,main,512.0,80000.0,0.0005,40.0,0.030196570975475068,3.0845594390211826,109977.0,nan,0.45092950607791793,0.5490704939220821,1.0,0.0,0.8234017154117449,1.9953057241598087,nan,1.0,nan,fr_rate,False,214.798828125,2.3340490819584403,5.369970703125,nan,nan,433.7756328401025,2.6382651959026924,0.45092950607791793
edb,phi0.9_gamma5,abf,16,main,512.0,80000.0,0.0005,40.0,0.02805909652811845,2.9982564598273123,122351.0,nan,0.4707025179100623,0.5292974820899378,1.0,0.0,0.6070477620977597,1.9953057241598087,nan,1.0,nan,fr_rate,False,238.966796875,2.3801511544968807,5.974169921875,nan,nan,479.58016983485396,2.681765846557401,0.4707025179100623
edb,phi0.9_gamma5,abf,17,main,512.0,80000.0,0.0005,40.0,0.030344610398061918,2.6554024617336633,109283.0,nan,0.4908335796910599,0.5091664203089402,1.0,0.0,0.7111062858483889,1.9953057241598087,nan,1.0,nan,fr_rate,False,213.443359375,2.33131260207219,5.336083984375,nan,nan,427.0302406439365,2.6314744533141994,0.4908335796910599
edb,phi0.9_gamma5,abf,18,main,512.0,80000.0,0.0005,40.0,0.028862037681862268,2.958757733387484,113407.0,nan,0.47255950716184447,0.5274404928381555,1.0,0.0,0.7735089988178189,1.9953057241598087,nan,1.0,nan,fr_rate,False,221.498046875,2.347326203024218,5.537451171875,nan,nan,444.33439454992725,2.648686238329958,0.47255950716184447
edb,phi0.9_gamma5,abf,19,main,512.0,80000.0,0.0005,40.0,0.0279974184712146,2.742856834418468,119045.0,nan,0.4274212010813194,0.5725787989186806,1.0,0.0,0.7937479206388456,1.9953057241598087,nan,1.0,nan,fr_rate,False,232.509765625,2.3683050479358085,5.812744140625,nan,nan,475.0287325657933,2.677633167044393,0.4274212010813194
edb,phi0.9_gamma5,abf,2,main,512.0,80000.0,0.0005,40.0,0.03278121760487963,3.0991615219855575,112855.0,nan,0.4133201097525158,0.5866798902474841,1.0,0.0,0.63632325756463,1.9953057241598087,nan,1.0,nan,fr_rate,False,220.419921875,2.345216693196486,5.510498046875,nan,nan,454.499186638228,2.6584876058121023,0.4133201097525158
edb,phi0.9_gamma5,abf,3,main,512.0,80000.0,0.0005,40.0,0.02744795524897502,2.6483150199142624,114589.0,nan,0.435302326958833,0.5646976730411669,1.0,0.0,0.7479496709184175,1.9953057241598087,nan,1.0,nan,fr_rate,False,223.806640625,2.3518091358302886,5.595166015625,nan,nan,455.2353576725646,2.6591889395268877,0.435302326958833
edb,phi0.9_gamma5,abf,4,main,512.0,80000.0,0.0005,40.0,0.024879192244573616,2.4739013696870726,112134.0,nan,0.48137422466899543,0.5186257753310045,1.0,0.0,0.7269224161757176,1.9953057241598087,nan,1.0,nan,fr_rate,False,219.01171875,2.3424458137900075,5.47529296875,nan,nan,438.63211765148054,2.6430894126169844,0.48137422466899543
edb,phi0.9_gamma5,abf,5,main,512.0,80000.0,0.0005,40.0,0.02618369487294801,2.5565919474233243,110963.0,nan,0.47952775754482957,0.5204722424551703,1.0,0.0,0.6289717259457548,1.9953057241598087,nan,1.0,nan,fr_rate,False,216.724609375,2.337907520045814,5.418115234375,nan,nan,434.1770953081237,2.6386660290543986,0.47952775754482957
edb,phi0.9_gamma5,abf,6,main,512.0,80000.0,0.0005,40.0,0.031150006964521262,2.833250950121008,119557.0,nan,0.48322621015617123,0.5167737898438287,1.0,0.0,0.7476128085134944,1.9953057241598087,nan,1.0,nan,fr_rate,False,233.509765625,2.3701609326320914,5.837744140625,nan,nan,467.5457259599347,2.670751980630496,0.48322621015617123
edb,phi0.9_gamma5,abf,7,main,512.0,80000.0,0.0005,40.0,0.028856383176146416,2.680307649592092,115072.0,nan,0.5000010007210767,0.4999989992789233,1.0,0.0,0.6675330570268442,1.9953057241598087,nan,1.0,nan,fr_rate,False,224.75,2.353627758985543,5.61875,nan,nan,449.50000000180063,2.6536947953168175,0.4999989992789233
edb,phi0.9_gamma5,abf,8,main,512.0,80000.0,0.0005,40.0,0.032152503547202615,3.2247143719044375,116990.0,nan,0.48952979116011414,0.5104702088398859,1.0,0.0,0.6772327661073677,1.9953057241598087,nan,1.0,nan,fr_rate,False,228.49609375,2.360775297815513,5.71240234375,nan,nan,457.1926669840027,2.6610481343647985,0.48952979116011414
edb,phi0.9_gamma5,abf,9,main,512.0,80000.0,0.0005,40.0,0.027921409212339803,2.6186978964939582,113634.0,nan,0.49695623322229926,0.5030437667777008,1.0,0.0,0.73411978013571,1.9953057241598087,nan,1.0,nan,fr_rate,False,221.94140625,2.3481907362050873,5.54853515625,nan,nan,443.8992625476308,2.6482616858744548,0.49695623322229926
edb,phi0.75_gamma1,fr,0,main,512.0,80000.0,0.0005,40.0,0.021501632678091544,2.0984255655584425,121104.0,nan,0.49245916691699254,0.5075408330830075,1.0,0.0,0.7080520644012788,1.9967825536970527,nan,1.0,nan,fr_rate,False,236.53125,2.3757207542125176,5.91328125,nan,nan,473.1701256937254,2.67593418849694,0.49245916691699254
edb,phi0.75_gamma1,fr,1,main,512.0,80000.0,0.0005,40.0,0.02337461788545821,2.053876553414005,120886.0,nan,0.5088756886534476,0.49112431134655243,1.0,0.0,0.6797166703166566,1.9967825536970527,nan,1.0,nan,fr_rate,False,236.10546875,2.3749415709354125,5.90263671875,nan,nan,472.35978345091524,2.6751913575912174,0.49112431134655243
edb,phi0.75_gamma1,fr,10,main,512.0,80000.0,0.0005,40.0,0.023022482499452043,2.3139784504999694,119881.0,nan,0.467585402508942,0.5324145974910581,1.0,0.0,0.7137655685436187,1.9967825536970527,nan,1.0,nan,fr_rate,False,234.142578125,2.371331275532764,5.853564453125,nan,nan,470.26158316348767,2.6732620378921785,0.467585402508942
edb,phi0.75_gamma1,fr,11,main,512.0,80000.0,0.0005,40.0,0.02606236963910166,2.5793536886101145,119585.0,nan,0.5107037657259956,0.48929623427400437,1.0,0.0,0.7854081429745806,1.9967825536970527,nan,1.0,nan,fr_rate,False,233.564453125,2.3702621979698026,5.839111328125,nan,nan,467.34308136028955,2.6705641089597103,0.48929623427400437
edb,phi0.75_gamma1,fr,12,main,512.0,80000.0,0.0005,40.0,0.019417438300531754,2.0225564293113782,116928.0,nan,0.4813747996474201,0.5186252003525799,1.0,0.0,0.707864877259348,1.9967825536970527,nan,1.0,nan,fr_rate,False,228.375,2.3605460815961647,5.709375,nan,nan,457.3846634612588,2.6612300786679515,0.4813747996474201
edb,phi0.75_gamma1,fr,13,main,512.0,80000.0,0.0005,40.0,0.02883384157234507,2.4620883983481137,121123.0,nan,0.5034186270819091,0.4965813729180908,1.0,0.0,0.7863754882084216,1.9967825536970527,nan,1.0,nan,fr_rate,False,236.568359375,2.3757885984982385,5.914208984375,nan,nan,473.15883800041485,2.6759238499264524,0.4965813729180908
edb,phi0.75_gamma1,fr,14,main,512.0,80000.0,0.0005,40.0,0.030669461966089714,2.5361988372136426,123181.0,nan,0.5012697589671742,0.4987302410328257,1.0,0.0,0.7673308619134995,1.9967825536970527,nan,1.0,nan,fr_rate,False,240.587890625,2.38307516187566,6.014697265625,nan,nan,481.17888444544695,2.683208187854757,0.4987302410328257
edb,phi0.75_gamma1,fr,15,main,512.0,80000.0,0.0005,40.0,0.02513117226884478,2.5082892462266333,122897.0,nan,0.5034653631866016,0.4965346368133984,1.0,0.0,0.6853503217648516,1.9967825536970527,nan,1.0,nan,fr_rate,False,240.033203125,2.3820768722044408,6.000830078125,nan,nan,480.08946733222933,2.682225848838616,0.4965346368133984
edb,phi0.75_gamma1,fr,16,main,512.0,80000.0,0.0005,40.0,0.019143290481066902,2.294215036666473,118478.0,nan,0.4974676527637362,0.5025323472362638,1.0,0.0,0.6608837802941743,1.9967825536970527,nan,1.0,nan,fr_rate,False,231.40234375,2.3662405035485827,5.78505859375,nan,nan,462.81655926777415,2.666346249843666,0.4974676527637362
edb,phi0.75_gamma1,fr,17,main,512.0,80000.0,0.0005,40.0,0.02364626845138699,2.198945560959638,119220.0,nan,0.5344052974373693,0.4655947025626306,1.0,0.0,0.7734417240834324,1.9967825536970527,nan,1.0,nan,fr_rate,False,232.8515625,2.368940276031399,5.8212890625,nan,nan,467.91867216958445,2.671097526530192,0.4655947025626306
edb,phi0.75_gamma1,fr,18,main,512.0,80000.0,0.0005,40.0,0.027942691741657904,2.5195864728381707,123348.0,nan,0.4878664708430975,0.5121335291569026,1.0,0.0,0.811197212142099,1.9967825536970527,nan,1.0,nan,fr_rate,False,240.9140625,2.3836611146977216,6.0228515625,nan,nan,482.1120360143589,2.6840478574192583,0.4878664708430975
edb,phi0.75_gamma1,fr,19,main,512.0,80000.0,0.0005,40.0,0.028184311539787076,2.3587237616190344,120219.0,nan,0.46507228586754507,0.5349277141324549,1.0,0.0,0.7423826990243868,1.9967825536970527,nan,1.0,nan,fr_rate,False,234.802734375,2.372548836879039,5.870068359375,nan,nan,471.90827773043566,2.674776915921089,0.46507228586754507
edb,phi0.75_gamma1,fr,2,main,512.0,80000.0,0.0005,40.0,0.01971018916051306,2.1161291139419007,121090.0,nan,0.48403956621797695,0.5159604337820232,1.0,0.0,0.8952151554502913,1.9967825536970527,nan,1.0,nan,fr_rate,False,236.50390625,2.3756707569034914,5.91259765625,nan,nan,473.49027152293866,2.6762273125120624,0.48403956621797695
edb,phi0.75_gamma1,fr,3,main,512.0,80000.0,0.0005,40.0,0.023778778358515856,2.4255276226522984,119826.0,nan,0.5142679224830727,0.48573207751692715,1.0,0.0,0.6897115072689161,1.9967825536970527,nan,1.0,nan,fr_rate,False,234.03515625,2.3711328283288697,5.85087890625,nan,nan,468.45177017557796,2.6715909810056884,0.48573207751692715
edb,phi0.75_gamma1,fr,4,main,512.0,80000.0,0.0005,40.0,0.025335080593731966,2.343082509014484,120619.0,nan,0.483754068165187,0.5162459318348129,1.0,0.0,0.7113922627304526,1.9967825536970527,nan,1.0,nan,fr_rate,False,235.583984375,2.3739853415895293,5.889599609375,nan,nan,471.6659164595527,2.6745542868232914,0.483754068165187
edb,phi0.75_gamma1,fr,5,main,512.0,80000.0,0.0005,40.0,0.023804200127105626,2.1124165582129724,118273.0,nan,0.5055813951614966,0.4944186048385033,1.0,0.0,0.8430185092440511,1.9967825536970527,nan,1.0,nan,fr_rate,False,231.001953125,2.3654916410453803,5.775048828125,nan,nan,462.0614827553977,2.6656386580777283,0.4944186048385033
edb,phi0.75_gamma1,fr,6,main,512.0,80000.0,0.0005,40.0,0.02429370319813494,2.4260821331992215,117757.0,nan,0.5182367475972904,0.4817632524027095,1.0,0.0,0.7966497403023836,1.9967825536970527,nan,1.0,nan,fr_rate,False,229.994140625,2.363600963760093,5.749853515625,nan,nan,460.60102609632946,2.664266765545159,0.4817632524027095
edb,phi0.75_gamma1,fr,7,main,512.0,80000.0,0.0005,40.0,0.032688770186315316,2.7546568539660345,116264.0,nan,0.471314093659865,0.528685906340135,1.0,0.0,0.7507739276105548,1.9967825536970527,nan,1.0,nan,fr_rate,False,227.078125,2.358083634038773,5.676953125,nan,nan,455.6560532406209,2.6595892188471173,0.471314093659865
edb,phi0.75_gamma1,fr,8,main,512.0,80000.0,0.0005,40.0,0.03332054202443317,2.820566306494943,120539.0,nan,0.4803325693892414,0.5196674306107586,1.0,0.0,0.7355907705114929,1.9967825536970527,nan,1.0,nan,fr_rate,False,235.427734375,2.3736984205151637,5.885693359375,nan,nan,471.5851200117466,2.674480043156432,0.4803325693892414
edb,phi0.75_gamma1,fr,9,main,512.0,80000.0,0.0005,40.0,0.033808053094984754,2.999949895679642,121199.0,nan,0.5339992062790702,0.46600079372092984,1.0,0.0,0.8141367271039373,1.9967825536970527,nan,1.0,nan,fr_rate,False,236.716796875,2.3760598697062942,5.917919921875,nan,nan,475.6328172126254,2.6781839411654755,0.46600079372092984
edb,phi0.75_gamma30,fr,0,main,512.0,80000.0,0.0005,40.0,0.02899552168945622,2.048621870388563,127773.0,nan,0.5038036228311644,0.4961963771688356,1.0,0.0,0.8592793427894585,1.9967825536970527,nan,1.0,nan,fr_rate,False,249.556640625,2.3989059175497616,6.238916015625,nan,nan,499.1421667003104,2.6990934712108827,0.4961963771688356
edb,phi0.75_gamma30,fr,1,main,512.0,80000.0,0.0005,40.0,0.019723842376212667,1.4188790468018917,125628.0,nan,0.4909617302820076,0.5090382697179924,1.0,0.0,0.8848498742202904,1.9967825536970527,nan,1.0,nan,fr_rate,False,245.3671875,2.39158286568147,6.1341796875,nan,nan,490.89478040579945,2.6918722141979043,0.4909617302820076
edb,phi0.75_gamma30,fr,10,main,512.0,80000.0,0.0005,40.0,0.032080306015672695,2.2891835853259446,128355.0,nan,0.5016744879107434,0.4983255120892565,1.0,0.0,0.7829290434635845,1.9967825536970527,nan,1.0,nan,fr_rate,False,250.693359375,2.4008717573646567,6.267333984375,nan,nan,501.3923421855339,2.7010430109602055,0.4983255120892565
edb,phi0.75_gamma30,fr,11,main,512.0,80000.0,0.0005,40.0,0.029448638529565085,1.9732424633083538,126124.0,nan,0.5016994965600967,0.49830050343990323,1.0,0.0,0.8400377623389093,1.9967825536970527,nan,1.0,nan,fr_rate,False,246.3359375,2.3932872232113565,6.1583984375,nan,nan,492.6775669799176,2.69344339305266,0.49830050343990323
edb,phi0.75_gamma30,fr,12,main,512.0,80000.0,0.0005,40.0,0.027553828012795763,1.9286753434648185,127252.0,nan,0.5004260179423238,0.49957398205767617,1.0,0.0,0.836820287924812,1.9967825536970527,nan,1.0,nan,fr_rate,False,248.5390625,2.3971385391390494,6.2134765625,nan,nan,497.078485861657,2.697297783102882,0.49957398205767617
edb,phi0.75_gamma30,fr,13,main,512.0,80000.0,0.0005,40.0,0.028064187473357826,1.8376171135406993,126592.0,nan,0.500471260327418,0.4995287396725821,1.0,0.0,0.8939336797906485,1.9967825536970527,nan,1.0,nan,fr_rate,False,247.25,2.394889257167419,6.18125,nan,nan,494.500439287084,2.695044043846263,0.4995287396725821
edb,phi0.75_gamma30,fr,14,main,512.0,80000.0,0.0005,40.0,0.02775344656436589,2.068149605756881,128869.0,nan,0.49410193867010105,0.5058980613298989,1.0,0.0,0.7446004003376743,1.9967825536970527,nan,1.0,nan,fr_rate,False,251.697265625,2.402600542551498,6.292431640625,nan,nan,503.4645875971038,2.7028306850408024,0.49410193867010105
edb,phi0.75_gamma30,fr,15,main,512.0,80000.0,0.0005,40.0,0.02980311189996807,2.08135314786455,127304.0,nan,0.5019179024804657,0.4980820975195342,1.0,0.0,0.8472458295728316,1.9967825536970527,nan,1.0,nan,fr_rate,False,248.640625,2.3973152612094037,6.216015625,nan,nan,497.28856680544885,2.697480922430401,0.4980820975195342
edb,phi0.75_gamma30,fr,16,main,512.0,80000.0,0.0005,40.0,0.02816066802171744,2.0177675714812526,127494.0,nan,0.4949428426890381,0.5050571573109619,1.0,0.0,0.8478596474120418,1.9967825536970527,nan,1.0,nan,fr_rate,False,249.01171875,2.3979603657487614,6.22529296875,nan,nan,498.0743901914841,2.698165284785213,0.4949428426890381
edb,phi0.75_gamma30,fr,17,main,512.0,80000.0,0.0005,40.0,0.023189682491470708,1.7188102833260501,125823.0,nan,0.5119037456209322,0.48809625437906773,1.0,0.0,0.8529322799999683,1.9967825536970527,nan,1.0,nan,fr_rate,False,245.748046875,2.392253723713439,6.143701171875,nan,nan,491.77483007094287,2.69264851685023,0.48809625437906773
edb,phi0.75_gamma30,fr,18,main,512.0,80000.0,0.0005,40.0,0.024044416516910885,1.608412649030269,129098.0,nan,0.5083501765264465,0.4916498234735535,1.0,0.0,0.8291200522158942,1.9967825536970527,nan,1.0,nan,fr_rate,False,252.14453125,2.4033685496426616,6.30361328125,nan,nan,504.4297488609414,2.7036608002786386,0.4916498234735535
edb,phi0.75_gamma30,fr,19,main,512.0,80000.0,0.0005,40.0,0.034026519128995715,2.2679743936805634,128673.0,nan,0.5060103536471839,0.493989646352816,1.0,0.0,0.8278988322310866,1.9967825536970527,nan,1.0,nan,fr_rate,False,251.314453125,2.401942128570102,6.282861328125,nan,nan,502.7015453182134,2.7021732832423515,0.493989646352816
edb,phi0.75_gamma30,fr,2,main,512.0,80000.0,0.0005,40.0,0.02232452509211911,1.5703840852230988,127517.0,nan,0.48967007754738084,0.5103299224526191,1.0,0.0,0.8330735113470445,1.9967825536970527,nan,1.0,nan,fr_rate,False,249.056640625,2.398038392370986,6.226416015625,nan,nan,498.325981325717,2.6983841641981683,0.48967007754738084
edb,phi0.75_gamma30,fr,3,main,512.0,80000.0,0.0005,40.0,0.030084981605441524,1.819768851599302,128694.0,nan,0.5030333227190859,0.49696667728091415,1.0,0.0,0.7473841107557482,1.9967825536970527,nan,1.0,nan,fr_rate,False,251.35546875,2.4020127206893327,6.28388671875,nan,nan,502.7294400482578,2.7021973335793206,0.49696667728091415
edb,phi0.75_gamma30,fr,4,main,512.0,80000.0,0.0005,40.0,0.02751704520139844,1.7217373746108076,126977.0,nan,0.5089194094058712,0.49108059059412873,1.0,0.0,0.8534775348587815,1.9967825536970527,nan,1.0,nan,fr_rate,False,248.001953125,2.396202753634223,6.200048828125,nan,nan,496.16179657193715,2.6964977487398136,0.49108059059412873
edb,phi0.75_gamma30,fr,5,main,512.0,80000.0,0.0005,40.0,0.02814806381278583,1.8590151298083608,127603.0,nan,0.49948238229945047,0.5005176177005496,1.0,0.0,0.8473102368338414,1.9967825536970527,nan,1.0,nan,fr_rate,False,249.224609375,2.398330019946468,6.230615234375,nan,nan,498.44975294474887,2.6984918026390963,0.49948238229945047
edb,phi0.75_gamma30,fr,6,main,512.0,80000.0,0.0005,40.0,0.030040465799995364,2.116308872274852,127087.0,nan,0.5083015430143593,0.4916984569856407,1.0,0.0,0.7509576669049256,1.9967825536970527,nan,1.0,nan,fr_rate,False,248.216796875,2.3965773098342056,6.205419921875,nan,nan,496.570479592787,2.696854606147665,0.4916984569856407
edb,phi0.75_gamma30,fr,7,main,512.0,80000.0,0.0005,40.0,0.03170568801611978,2.324518046055995,126206.0,nan,0.5083570517859504,0.4916429482140497,1.0,0.0,0.8625442219178524,1.9967825536970527,nan,1.0,nan,fr_rate,False,246.49609375,2.393568348820264,6.16240234375,nan,nan,493.1299489029876,2.693841177000399,0.4916429482140497
edb,phi0.75_gamma30,fr,8,main,512.0,80000.0,0.0005,40.0,0.02608764032226525,1.7641276284207197,128123.0,nan,0.5056327404300806,0.4943672595699194,1.0,0.0,0.8659328605991365,1.9967825536970527,nan,1.0,nan,fr_rate,False,250.240234375,2.400089189873421,6.256005859375,nan,nan,500.54399331827346,2.70030903350278,0.4943672595699194
edb,phi0.75_gamma30,fr,9,main,512.0,80000.0,0.0005,40.0,0.02474288213668442,1.5941728203696193,128078.0,nan,0.5019987929097377,0.4980012070902622,1.0,0.0,0.8050823344579247,1.9967825536970527,nan,1.0,nan,fr_rate,False,250.15234375,2.3999372353442343,6.25380859375,nan,nan,500.3126828430805,2.7001086920838073,0.4980012070902622
edb,phi0.75_gamma50,fr,0,main,512.0,80000.0,0.0005,40.0,0.03180375779735384,2.3505230649848063,129023.0,nan,0.5012146387625346,0.4987853612374655,1.0,0.0,0.8579116355748998,1.9967825536970527,nan,1.0,nan,fr_rate,False,251.998046875,2.4031171684695565,6.299951171875,nan,nan,503.9990680447042,2.703290576646551,0.4987853612374655
edb,phi0.75_gamma50,fr,1,main,512.0,80000.0,0.0005,40.0,0.020752637087546634,1.6728947600948714,127751.0,nan,0.4986851698415336,0.5013148301584663,1.0,0.0,0.8604592727409767,1.9967825536970527,nan,1.0,nan,fr_rate,False,249.513671875,2.398831432629783,6.237841796875,nan,nan,499.0307946045261,2.6989967513659994,0.4986851698415336
edb,phi0.75_gamma50,fr,10,main,512.0,80000.0,0.0005,40.0,0.022957137733744144,1.8329484890455467,128313.0,nan,0.5133441106203082,0.4866558893796919,1.0,0.0,0.8479663341422521,1.9967825536970527,nan,1.0,nan,fr_rate,False,250.611328125,2.4007301901572817,6.265283203125,nan,nan,501.57991213653395,2.7012051260739027,0.4866558893796919
edb,phi0.75_gamma50,fr,11,main,512.0,80000.0,0.0005,40.0,0.029889433052587858,1.9355365140704237,126198.0,nan,0.4972866963835341,0.5027133036164658,1.0,0.0,0.8974953076310976,1.9967825536970527,nan,1.0,nan,fr_rate,False,246.48046875,2.3935409299410844,6.16201171875,nan,nan,492.9754546737555,2.6937053696431166,0.4972866963835341
edb,phi0.75_gamma50,fr,12,main,512.0,80000.0,0.0005,40.0,0.03403384444585124,2.446579633617996,127842.0,nan,0.508943374253588,0.4910566257464119,1.0,0.0,0.847055877595685,1.9967825536970527,nan,1.0,nan,fr_rate,False,249.69140625,2.3991394465143645,6.24228515625,nan,nan,499.5426340583538,2.699441074717868,0.4910566257464119
edb,phi0.75_gamma50,fr,13,main,512.0,80000.0,0.0005,40.0,0.024319566826679212,1.639161937961685,129565.0,nan,0.48654089718752347,0.5134591028124765,1.0,0.0,0.8508041418499515,1.9967825536970527,nan,1.0,nan,fr_rate,False,253.056640625,2.404930551142013,6.326416015625,nan,nan,506.48027168575993,2.705419163699441,0.48654089718752347
edb,phi0.75_gamma50,fr,14,main,512.0,80000.0,0.0005,40.0,0.03205622549687003,2.0036751128287342,127851.0,nan,0.49057467440108493,0.509425325598915,1.0,0.0,0.9120570400007713,1.9967825536970527,nan,1.0,nan,fr_rate,False,249.708984375,2.399169897558423,6.242724609375,nan,nan,499.59549853688935,2.699486940019749,0.49057467440108493
edb,phi0.75_gamma50,fr,15,main,512.0,80000.0,0.0005,40.0,0.021962270346028424,1.454372250357754,127868.0,nan,0.4917547411747311,0.5082452588252688,1.0,0.0,0.8849116372689716,1.9967825536970527,nan,1.0,nan,fr_rate,False,249.7421875,2.3992274103724283,6.2435546875,nan,nan,499.6202403154166,2.699508404360494,0.4917547411747311
edb,phi0.75_gamma50,fr,16,main,512.0,80000.0,0.0005,40.0,0.02612869620348245,1.9147738599755206,128799.0,nan,0.49328117452193915,0.5067188254780609,1.0,0.0,0.898197675539084,1.9967825536970527,nan,1.0,nan,fr_rate,False,251.560546875,2.4023655092727325,6.289013671875,nan,nan,503.2119589665276,2.7026131421170616,0.49328117452193915
edb,phi0.75_gamma50,fr,17,main,512.0,80000.0,0.0005,40.0,0.029371925057800168,1.779926063020823,127474.0,nan,0.5124687870310853,0.4875312129689148,1.0,0.0,0.7390721912562765,1.9967825536970527,nan,1.0,nan,fr_rate,False,248.97265625,2.3978925051151814,6.22431640625,nan,nan,498.25516871983973,2.6983225697568316,0.4875312129689148
edb,phi0.75_gamma50,fr,18,main,512.0,80000.0,0.0005,40.0,0.020500614856047338,1.4323164912482924,126850.0,nan,0.501337602413007,0.498662397586993,1.0,0.0,0.8187453827156022,1.9967825536970527,nan,1.0,nan,fr_rate,False,247.75390625,2.39576990931525,6.19384765625,nan,nan,495.5113587364781,2.695929188340255,0.498662397586993
edb,phi0.75_gamma50,fr,19,main,512.0,80000.0,0.0005,40.0,0.028988545190657113,1.7412897024727614,126788.0,nan,0.512754134042411,0.487245865957589,1.0,0.0,0.849937269067655,1.9967825536970527,nan,1.0,nan,fr_rate,False,247.6328125,2.3955584426778245,6.1908203125,nan,nan,495.58809016529165,2.695996299516735,0.487245865957589
edb,phi0.75_gamma50,fr,2,main,512.0,80000.0,0.0005,40.0,0.02145920472078092,1.6794873652958835,126856.0,nan,0.5054634030329164,0.49453659696708363,1.0,0.0,0.757687302335633,1.9967825536970527,nan,1.0,nan,fr_rate,False,247.765625,2.395790368365161,6.194140625,nan,nan,495.5904210633226,2.695998338014631,0.49453659696708363
edb,phi0.75_gamma50,fr,3,main,512.0,80000.0,0.0005,40.0,0.032719235467933816,1.9945046372889168,128235.0,nan,0.4920565609355524,0.5079434390644475,1.0,0.0,0.8088253308169888,1.9967825536970527,nan,1.0,nan,fr_rate,False,250.458984375,2.4004671571364256,6.261474609375,nan,nan,501.04442880475267,2.7007421520672215,0.4920565609355524
edb,phi0.75_gamma50,fr,4,main,512.0,80000.0,0.0005,40.0,0.036118201227477574,2.2693436919290506,129229.0,nan,0.490186825902954,0.5098131740970461,1.0,0.0,0.8184661606503358,1.9967825536970527,nan,1.0,nan,fr_rate,False,252.400390625,2.4038072800271038,6.310009765625,nan,nan,504.995302179865,2.7041464847314343,0.490186825902954
edb,phi0.75_gamma50,fr,5,main,512.0,80000.0,0.0005,40.0,0.030202237380025553,1.8593113427722705,126367.0,nan,0.5074739524511799,0.49252604754882007,1.0,0.0,0.8219848874120096,1.9967825536970527,nan,1.0,nan,fr_rate,False,246.810546875,2.394119786108406,6.170263671875,nan,nan,493.7314130282836,2.694369486818028,0.49252604754882007
edb,phi0.75_gamma50,fr,6,main,512.0,80000.0,0.0005,40.0,0.023263486680686847,1.3336924375316357,127272.0,nan,0.5053433711680627,0.49465662883193723,1.0,0.0,0.8582664871408644,1.9967825536970527,nan,1.0,nan,fr_rate,False,248.578125,2.3972065176765907,6.214453125,nan,nan,497.21303494146105,2.6974150859646233,0.49465662883193723
edb,phi0.75_gamma50,fr,7,main,512.0,80000.0,0.0005,40.0,0.02871390960495663,2.10927413138319,127579.0,nan,0.49677215103534383,0.5032278489646562,1.0,0.0,0.8954139604345295,1.9967825536970527,nan,1.0,nan,fr_rate,False,249.177734375,2.398248655204064,6.229443359375,nan,nan,498.3762390959597,2.6984278742688206,0.49677215103534383
edb,phi0.75_gamma50,fr,8,main,512.0,80000.0,0.0005,40.0,0.027452028129811124,1.9705721834306953,127496.0,nan,0.48922915292975333,0.5107708470702467,1.0,0.0,0.8381654514728132,1.9967825536970527,nan,1.0,nan,fr_rate,False,249.015625,2.3979671512289604,6.225390625,nan,nan,498.2624659999748,2.698328917503502,0.48922915292975333
edb,phi0.75_gamma50,fr,9,main,512.0,80000.0,0.0005,40.0,0.030382723391192665,1.7308425977270865,128293.0,nan,0.505269686664946,0.4947303133350541,1.0,0.0,0.8411925150476379,1.9967825536970527,nan,1.0,nan,fr_rate,False,250.572265625,2.400662760978572,6.264306640625,nan,nan,501.20020376179514,2.7008768845867905,0.4947303133350541
edb,phi0.75_gamma5,fr,0,main,512.0,80000.0,0.0005,40.0,0.028974273258826587,2.354916746423789,122045.0,nan,0.5042995428852224,0.4957004571147776,1.0,0.0,0.8025992462283099,1.9967825536970527,nan,1.0,nan,fr_rate,False,238.369140625,2.379068160606172,5.959228515625,nan,nan,476.77353592397156,2.6792220903270265,0.4957004571147776
edb,phi0.75_gamma5,fr,1,main,512.0,80000.0,0.0005,40.0,0.030573258890362966,2.626263909063251,126383.0,nan,0.5229291735080613,0.4770708264919387,1.0,0.0,0.6900165527768322,1.9967825536970527,nan,1.0,nan,fr_rate,False,246.841796875,2.3941745491000415,6.171044921875,nan,nan,494.72399236482806,2.6952399386741597,0.4770708264919387
edb,phi0.75_gamma5,fr,10,main,512.0,80000.0,0.0005,40.0,0.027417957037069184,2.0061824194442446,124895.0,nan,0.48795513509000005,0.51204486491,1.0,0.0,0.6988322435313952,1.9967825536970527,nan,1.0,nan,fr_rate,False,243.935546875,2.3890518177559183,6.098388671875,nan,nan,488.1543770977649,2.6894459440742535,0.48795513509000005
edb,phi0.75_gamma5,fr,11,main,512.0,80000.0,0.0005,40.0,0.02953827151436773,2.5278444806590605,124148.0,nan,0.5122273973572549,0.4877726026427451,1.0,0.0,0.7686843848190459,1.9967825536970527,nan,1.0,nan,fr_rate,False,242.4765625,2.3864571615801493,6.0619140625,nan,nan,485.24331845092917,2.6868536466631654,0.4877726026427451
edb,phi0.75_gamma5,fr,12,main,512.0,80000.0,0.0005,40.0,0.02775324984867515,2.018704826177812,125110.0,nan,0.4974086432051088,0.5025913567948913,1.0,0.0,0.7371622570404466,1.9967825536970527,nan,1.0,nan,fr_rate,False,244.35546875,2.389795742453388,6.10888671875,nan,nan,488.7240648825943,2.6899514456333473,0.4974086432051088
edb,phi0.75_gamma5,fr,13,main,512.0,80000.0,0.0005,40.0,0.02887115602785209,2.314853268585596,125503.0,nan,0.4686720929830851,0.5313279070169148,1.0,0.0,0.7710871879286907,1.9967825536970527,nan,1.0,nan,fr_rate,False,245.123046875,2.391152282788529,6.128076171875,nan,nan,492.1782630743111,2.6930039267336756,0.4686720929830851
edb,phi0.75_gamma5,fr,14,main,512.0,80000.0,0.0005,40.0,0.03012228845378893,2.3705148016258404,124279.0,nan,0.507176371960085,0.492823628039915,1.0,0.0,0.8322870289440536,1.9967825536970527,nan,1.0,nan,fr_rate,False,242.732421875,2.386913303927619,6.068310546875,nan,nan,485.56487072422823,2.687140750296907,0.492823628039915
edb,phi0.75_gamma5,fr,15,main,512.0,80000.0,0.0005,40.0,0.023628373352456322,1.847477880075179,123796.0,nan,0.4868989618872115,0.5131010381127885,1.0,0.0,0.9066678403835288,1.9967825536970527,nan,1.0,nan,fr_rate,False,241.7890625,2.3852291181409107,6.0447265625,nan,nan,483.9103530714979,2.6856614566125816,0.4868989618872115
edb,phi0.75_gamma5,fr,16,main,512.0,80000.0,0.0005,40.0,0.022949376479860506,1.8934484366878892,125348.0,nan,0.5085689643358619,0.4914310356641382,1.0,0.0,0.8090885103029813,1.9967825536970527,nan,1.0,nan,fr_rate,False,244.8203125,2.390617766435636,6.1205078125,nan,nan,489.7844789131904,2.690890819684671,0.4914310356641382
edb,phi0.75_gamma5,fr,17,main,512.0,80000.0,0.0005,40.0,0.02236185546952815,2.0171128732892774,124894.0,nan,0.5261777477226017,0.4738222522773983,1.0,0.0,0.5236056809982585,1.9967825536970527,nan,1.0,nan,fr_rate,False,243.93359375,2.3890483546620445,6.09833984375,nan,nan,489.20815494781084,2.6903805317617864,0.4738222522773983
edb,phi0.75_gamma5,fr,18,main,512.0,80000.0,0.0005,40.0,0.02777394188106312,2.290026457929827,124979.0,nan,0.49345763099587475,0.5065423690041252,1.0,0.0,0.8475597019866268,1.9967825536970527,nan,1.0,nan,fr_rate,False,244.099609375,2.389342619100233,6.102490234375,nan,nan,488.28281783129256,2.6895599648871014,0.49345763099587475
edb,phi0.75_gamma5,fr,19,main,512.0,80000.0,0.0005,40.0,0.028007524487675167,2.4556404627158575,126384.0,nan,0.4914004270506679,0.5085995729493322,1.0,0.0,0.7909871936188532,1.9967825536970527,nan,1.0,nan,fr_rate,False,246.84375,2.394177971557748,6.17109375,nan,nan,493.8335812176607,2.6944591647700338,0.4914004270506679
edb,phi0.75_gamma5,fr,2,main,512.0,80000.0,0.0005,40.0,0.03135686635746709,2.721683916910216,125403.0,nan,0.4772726089292701,0.52272739107073,1.0,0.0,0.7535432469468534,1.9967825536970527,nan,1.0,nan,fr_rate,False,244.927734375,2.3908075088396448,6.123193359375,nan,nan,490.86967285101474,2.691850046142404,0.4772726089292701
edb,phi0.75_gamma5,fr,3,main,512.0,80000.0,0.0005,40.0,0.01715861132085607,1.6636983950060236,122681.0,nan,0.5076045603680664,0.49239543963193355,1.0,0.0,0.7943426700733385,1.9967825536970527,nan,1.0,nan,fr_rate,False,239.611328125,2.381316070328696,5.990283203125,nan,nan,479.33353441465636,2.681542907902427,0.49239543963193355
edb,phi0.75_gamma5,fr,4,main,512.0,80000.0,0.0005,40.0,0.01968719204774886,1.6274079302989775,124254.0,nan,0.4975120340618444,0.5024879659381557,1.0,0.0,0.7962338416757688,1.9967825536970527,nan,1.0,nan,fr_rate,False,242.68359375,2.3868262908437634,6.06708984375,nan,nan,485.3792054396362,2.686974998921194,0.4975120340618444
edb,phi0.75_gamma5,fr,5,main,512.0,80000.0,0.0005,40.0,0.025406192727045872,1.99949827495388,123966.0,nan,0.509815650517142,0.49018434948285805,1.0,0.0,0.8118194303639806,1.9967825536970527,nan,1.0,nan,fr_rate,False,242.12109375,2.385822640874622,6.05302734375,nan,nan,484.4288805678804,2.686125611093865,0.49018434948285805
edb,phi0.75_gamma5,fr,6,main,512.0,80000.0,0.0005,40.0,0.026357741625942514,2.122117645851316,127315.0,nan,0.49187940566909527,0.5081205943309047,1.0,0.0,0.6600651199190386,1.9967825536970527,nan,1.0,nan,fr_rate,False,248.662109375,2.397352635511097,6.216552734375,nan,nan,497.45543565903847,2.69762633634373,0.49187940566909527
edb,phi0.75_gamma5,fr,7,main,512.0,80000.0,0.0005,40.0,0.030177200601120488,2.39675518978207,123090.0,nan,0.49796198389759816,0.5020380161024017,1.0,0.0,0.8954734005979454,1.9967825536970527,nan,1.0,nan,fr_rate,False,240.41015625,2.3827555371389115,6.01025390625,nan,nan,480.82830099992145,2.6828923054321994,0.49796198389759816
edb,phi0.75_gamma5,fr,8,main,512.0,80000.0,0.0005,40.0,0.028755632203664748,1.962447996634977,125943.0,nan,0.47404833626392695,0.525951663736073,1.0,0.0,0.7273641594976096,1.9967825536970527,nan,1.0,nan,fr_rate,False,245.982421875,2.3926660449424673,6.149560546875,nan,nan,493.2937551267324,2.6939851236488557,0.47404833626392695
edb,phi0.75_gamma5,fr,9,main,512.0,80000.0,0.0005,40.0,0.024655937538922246,2.080865741097079,125856.0,nan,0.49860350032166645,0.5013964996783334,1.0,0.0,0.779754096155276,1.9967825536970527,nan,1.0,nan,fr_rate,False,245.8125,2.3923671510806193,6.1453125,nan,nan,491.62883512054015,2.6925198288738215,0.49860350032166645
edb,phi0.9_gamma1,fr,0,main,512.0,80000.0,0.0005,40.0,0.031018313258665622,2.830241691361736,121343.0,nan,0.48374352000663623,0.5162564799933638,1.0,0.0,0.7977679611300967,1.9953057241598087,nan,1.0,nan,fr_rate,False,236.998046875,2.3765733930443673,5.924951171875,nan,nan,474.4976817224543,2.677148403886261,0.48374352000663623
edb,phi0.9_gamma1,fr,1,main,512.0,80000.0,0.0005,40.0,0.03187316692865197,2.982263509356467,124154.0,nan,0.4829562623567045,0.5170437376432954,1.0,0.0,0.7738066791745354,1.9953057241598087,nan,1.0,nan,fr_rate,False,242.48828125,2.3864780640683927,6.06220703125,nan,nan,485.54073946158223,2.687119210858431,0.4829562623567045
edb,phi0.9_gamma1,fr,10,main,512.0,80000.0,0.0005,40.0,0.03450601613492338,2.8484323931692908,120047.0,nan,0.4879610253565363,0.5120389746434636,1.0,0.0,0.6672022180688492,1.9953057241598087,nan,1.0,nan,fr_rate,False,234.466796875,2.3719296760059017,5.861669921875,nan,nan,469.20561459861295,2.6722878106133305,0.4879610253565363
edb,phi0.9_gamma1,fr,11,main,512.0,80000.0,0.0005,40.0,0.02764091411556038,2.7702014515853284,117062.0,nan,0.49543121082705704,0.504568789172943,1.0,0.0,0.7191910571184449,1.9953057241598087,nan,1.0,nan,fr_rate,False,228.63671875,2.3610413326610504,5.71591796875,nan,nan,457.3116208883698,2.661160869297392,0.49543121082705704
edb,phi0.9_gamma1,fr,12,main,512.0,80000.0,0.0005,40.0,0.02407705537930918,2.369198829350112,118025.0,nan,0.4816143218761824,0.5183856781238175,1.0,0.0,0.7240120832380996,1.9953057241598087,nan,1.0,nan,fr_rate,False,230.517578125,2.3645839707011467,5.762939453125,nan,nan,461.6593809677028,2.6652613724284886,0.4816143218761824
edb,phi0.9_gamma1,fr,13,main,512.0,80000.0,0.0005,40.0,0.02574311809664387,2.1696635568579534,116479.0,nan,0.5224445262912683,0.4775554737087318,1.0,0.0,0.7364966040805592,1.9953057241598087,nan,1.0,nan,fr_rate,False,227.498046875,2.3588824922175315,5.687451171875,nan,nan,455.91477434905016,2.6598352012041566,0.4775554737087318
edb,phi0.9_gamma1,fr,14,main,512.0,80000.0,0.0005,40.0,0.026757621816407482,2.547208310434306,120119.0,nan,0.480418630429283,0.5195813695707171,1.0,0.0,0.8121737857319037,1.9953057241598087,nan,1.0,nan,fr_rate,False,234.607421875,2.3721889670513505,5.865185546875,nan,nan,469.935593432769,2.6729615157713864,0.480418630429283
edb,phi0.9_gamma1,fr,15,main,512.0,80000.0,0.0005,40.0,0.021595177250306165,2.117850735104742,120540.0,nan,0.4842245066434466,0.5157754933565535,1.0,0.0,0.7344470612736942,1.9953057241598087,nan,1.0,nan,fr_rate,False,235.4296875,2.3737020081987685,5.8857421875,nan,nan,471.32856597902503,2.674244212085064,0.4842245066434466
edb,phi0.9_gamma1,fr,16,main,512.0,80000.0,0.0005,40.0,0.028441892880244114,2.5247276839107,121128.0,nan,0.4623343226437979,0.5376656773562021,1.0,0.0,0.8291736074414872,1.9953057241598087,nan,1.0,nan,fr_rate,False,236.578125,2.3758064504962637,5.914453125,nan,nan,475.85664749065165,2.6783878411769884,0.4623343226437979
edb,phi0.9_gamma1,fr,17,main,512.0,80000.0,0.0005,40.0,0.02999570610061182,2.5945100279846303,120688.0,nan,0.478811402939164,0.521188597060836,1.0,0.0,0.7300128120225672,1.9953057241598087,nan,1.0,nan,fr_rate,False,235.71875,2.3742326588544365,5.89296875,nan,nan,472.28564311202086,2.6751233305575877,0.478811402939164
edb,phi0.9_gamma1,fr,18,main,512.0,80000.0,0.0005,40.0,0.03088551709420725,2.681177186333871,119044.0,nan,0.506036419864441,0.4939635801355591,1.0,0.0,0.7745042849363533,1.9953057241598087,nan,1.0,nan,fr_rate,False,232.5078125,2.368301415389842,5.8126953125,nan,nan,465.08341251615315,2.6684636470628345,0.4939635801355591
edb,phi0.9_gamma1,fr,19,main,512.0,80000.0,0.0005,40.0,0.031683475142512844,2.5547941323719954,118494.0,nan,0.4858231438568402,0.5141768561431599,1.0,0.0,0.8039775198686059,1.9953057241598087,nan,1.0,nan,fr_rate,False,231.43359375,2.3662988970654566,5.78583984375,nan,nan,463.2396011024254,2.666742184389384,0.4858231438568402
edb,phi0.9_gamma1,fr,2,main,512.0,80000.0,0.0005,40.0,0.0331284795785206,2.6450199939934054,119296.0,nan,0.513607594953789,0.4863924050462109,1.0,0.0,0.6819550718773205,1.9953057241598087,nan,1.0,nan,fr_rate,False,233.0,2.369215857410143,5.825,nan,nan,466.34540644876165,2.669637978353952,0.4863924050462109
edb,phi0.9_gamma1,fr,3,main,512.0,80000.0,0.0005,40.0,0.03121867201443711,2.6391150172872,121467.0,nan,0.46203068485247567,0.5379693151475243,1.0,0.0,0.7625769809190108,1.9953057241598087,nan,1.0,nan,fr_rate,False,237.240234375,2.3770151076567543,5.931005859375,nan,nan,477.23251382922797,2.679639099376153,0.46203068485247567
edb,phi0.9_gamma1,fr,4,main,512.0,80000.0,0.0005,40.0,0.026374254077964177,2.3586252785222657,117960.0,nan,0.47942949867402973,0.5205705013259703,1.0,0.0,0.7556305291614891,1.9953057241598087,nan,1.0,nan,fr_rate,False,230.390625,2.364345759139295,5.759765625,nan,nan,461.5624823953679,2.665170405024692,0.47942949867402973
edb,phi0.9_gamma1,fr,5,main,512.0,80000.0,0.0005,40.0,0.03592498212343059,3.0494903324923714,120137.0,nan,0.4945289183862881,0.5054710816137119,1.0,0.0,0.7295491595768173,1.9953057241598087,nan,1.0,nan,fr_rate,False,234.642578125,2.37225376563133,5.866064453125,nan,nan,469.3413509292952,2.6724131622267615,0.4945289183862881
edb,phi0.9_gamma1,fr,6,main,512.0,80000.0,0.0005,40.0,0.027642471584736344,2.3775674540857024,117568.0,nan,0.5103158948538654,0.4896841051461345,1.0,0.0,0.7339146191156808,1.9953057241598087,nan,1.0,nan,fr_rate,False,229.625,2.3629063835031356,5.740625,nan,nan,459.4455725398595,2.6631783013241845,0.4896841051461345
edb,phi0.9_gamma1,fr,7,main,512.0,80000.0,0.0005,40.0,0.029195824079517072,2.6292849048263056,119202.0,nan,0.4577471605214918,0.5422528394785081,1.0,0.0,0.7854403020717563,1.9953057241598087,nan,1.0,nan,fr_rate,False,232.81640625,2.3688749811366088,5.82041015625,nan,nan,468.9819107054909,2.672081142548542,0.4577471605214918
edb,phi0.9_gamma1,fr,8,main,512.0,80000.0,0.0005,40.0,0.028226513638250742,2.6613633516040016,119049.0,nan,0.4595328468838628,0.5404671531161371,1.0,0.0,0.8056559685543108,1.9953057241598087,nan,1.0,nan,fr_rate,False,232.517578125,2.3683195778158495,5.812939453125,nan,nan,468.1013897707341,2.67126671960004,0.4595328468838628
edb,phi0.9_gamma1,fr,9,main,512.0,80000.0,0.0005,40.0,0.03506473332971731,2.6314056801793617,120083.0,nan,0.48891714147403736,0.5110828585259627,1.0,0.0,0.7473586773899445,1.9953057241598087,nan,1.0,nan,fr_rate,False,234.537109375,2.3720593408795065,5.863427734375,nan,nan,469.30479711944747,2.6723794085820987,0.48891714147403736
edb,phi0.9_gamma30,fr,0,main,512.0,80000.0,0.0005,40.0,0.03242881007719137,2.3836279496329684,127414.0,nan,0.5064719222603177,0.4935280777396823,1.0,0.0,0.7947041221266404,1.9953057241598087,nan,1.0,nan,fr_rate,False,248.85546875,2.397688859569903,6.22138671875,nan,nan,497.7943395122673,2.6979215163130488,0.4935280777396823
edb,phi0.9_gamma30,fr,1,main,512.0,80000.0,0.0005,40.0,0.021301745511946513,1.7161536437213822,126102.0,nan,0.5106390371260222,0.48936096287397784,1.0,0.0,0.8939999050360267,1.9953057241598087,nan,1.0,nan,fr_rate,False,246.29296875,2.3932117682962457,6.15732421875,nan,nan,492.809059977505,2.6935590537249965,0.48936096287397784
edb,phi0.9_gamma30,fr,10,main,512.0,80000.0,0.0005,40.0,0.02984428052952799,2.249570767066214,126097.0,nan,0.5081509546199273,0.4918490453800728,1.0,0.0,0.8610240770282689,1.9953057241598087,nan,1.0,nan,fr_rate,False,246.283203125,2.393194617623441,6.157080078125,nan,nan,492.69734167458864,2.6934607887565667,0.4918490453800728
edb,phi0.9_gamma30,fr,11,main,512.0,80000.0,0.0005,40.0,0.024487220010717847,1.8407200031761697,125529.0,nan,0.49243194188551304,0.507568058114487,1.0,0.0,0.7911252619549726,1.9953057241598087,nan,1.0,nan,fr_rate,False,245.173828125,2.3912418792001957,6.129345703125,nan,nan,490.4600216289854,2.691488195429417,0.49243194188551304
edb,phi0.9_gamma30,fr,12,main,512.0,80000.0,0.0005,40.0,0.033665361473482265,2.5620607859066293,126490.0,nan,0.5012230269133044,0.49877697308669555,1.0,0.0,0.8157260556200472,1.9953057241598087,nan,1.0,nan,fr_rate,False,247.05078125,2.3945405992094537,6.17626953125,nan,nan,494.1045188159402,2.694696890152675,0.49877697308669555
edb,phi0.9_gamma30,fr,13,main,512.0,80000.0,0.0005,40.0,0.026185720292491305,1.9681329609729725,126825.0,nan,0.4930463346101936,0.5069536653898065,1.0,0.0,0.8291034548635134,1.9953057241598087,nan,1.0,nan,fr_rate,False,247.705078125,2.395684652898205,6.192626953125,nan,nan,495.50599397170146,2.6959244957984123,0.4930463346101936
edb,phi0.9_gamma30,fr,14,main,512.0,80000.0,0.0005,40.0,0.04246447529487913,3.0995807258488854,125833.0,nan,0.5009259697987967,0.4990740302012033,1.0,0.0,0.8264526800941194,1.9953057241598087,nan,1.0,nan,fr_rate,False,245.767578125,2.392288098771388,6.144189453125,nan,nan,491.5368420642108,2.6924387215478585,0.4990740302012033
edb,phi0.9_gamma30,fr,15,main,512.0,80000.0,0.0005,40.0,0.02699648806397257,1.956308142339707,127031.0,nan,0.49596541492740787,0.5040345850725921,1.0,0.0,0.8368782261538323,1.9953057241598087,nan,1.0,nan,fr_rate,False,248.107421875,2.3963866670440956,6.202685546875,nan,nan,496.2471551500329,2.69657230711839,0.49596541492740787
edb,phi0.9_gamma30,fr,16,main,512.0,80000.0,0.0005,40.0,0.029972035376990724,2.2350000051590904,125890.0,nan,0.48884888040917546,0.5111511195908245,1.0,0.0,0.7784185657528965,1.9953057241598087,nan,1.0,nan,fr_rate,False,245.87890625,2.3924839846643025,6.14697265625,nan,nan,492.00252957546286,2.69284914762986,0.48884888040917546
edb,phi0.9_gamma30,fr,17,main,512.0,80000.0,0.0005,40.0,0.02407829623956901,1.646730221257088,126592.0,nan,0.5022498660015383,0.4977501339984618,1.0,0.0,0.8660519590079339,1.9953057241598087,nan,1.0,nan,fr_rate,False,247.25,2.394889257167419,6.18125,nan,nan,494.5100126350468,2.6950524345795506,0.4977501339984618
edb,phi0.9_gamma30,fr,18,main,512.0,80000.0,0.0005,40.0,0.024524787846273526,1.7977006069476726,126778.0,nan,0.49934363461080966,0.5006563653891903,1.0,0.0,0.7917001489074248,1.9953057241598087,nan,1.0,nan,fr_rate,False,247.61328125,2.3955243255104475,6.19033203125,nan,nan,495.227415906635,2.6956807547932047,0.49934363461080966
edb,phi0.9_gamma30,fr,19,main,512.0,80000.0,0.0005,40.0,0.03229533807585798,2.29304597732098,125704.0,nan,0.5059444841290809,0.4940555158709191,1.0,0.0,0.8498479314000446,1.9953057241598087,nan,1.0,nan,fr_rate,False,245.515625,2.3918444515492325,6.137890625,nan,nan,491.10066588390333,2.692053952698192,0.4940555158709191
edb,phi0.9_gamma30,fr,2,main,512.0,80000.0,0.0005,40.0,0.029764995375191703,2.1836030813132625,128301.0,nan,0.49691419624008876,0.5030858037599113,1.0,0.0,0.7071364800787778,1.9953057241598087,nan,1.0,nan,fr_rate,False,250.587890625,2.4006897339063666,6.264697265625,nan,nan,501.19487113082437,2.7008722729906918,0.49691419624008876
edb,phi0.9_gamma30,fr,3,main,512.0,80000.0,0.0005,40.0,0.03000369592872839,2.1549231344639708,125521.0,nan,0.49088389822570444,0.5091161017742956,1.0,0.0,0.8404702450543314,1.9953057241598087,nan,1.0,nan,fr_rate,False,245.158203125,2.3912143130421915,6.128955078125,nan,nan,490.47944811556073,2.6915053619308815,0.49088389822570444
edb,phi0.9_gamma30,fr,4,main,512.0,80000.0,0.0005,40.0,0.02776633532311834,2.0287872238932536,126163.0,nan,0.49244545760385994,0.50755454239614,1.0,0.0,0.7756063079357678,1.9953057241598087,nan,1.0,nan,fr_rate,False,246.412109375,2.393420951986878,6.160302734375,nan,nan,492.9367485412034,2.693671338562749,0.49244545760385994
edb,phi0.9_gamma30,fr,5,main,512.0,80000.0,0.0005,40.0,0.02798692049070105,1.9638205574159844,124242.0,nan,0.4965014455388222,0.5034985544611779,1.0,0.0,0.7999708285443942,1.9953057241598087,nan,1.0,nan,fr_rate,False,242.66015625,2.3867845183703196,6.06650390625,nan,nan,485.3440747193742,2.686943629099431,0.4965014455388222
edb,phi0.9_gamma30,fr,6,main,512.0,80000.0,0.0005,40.0,0.02838058326146958,2.241328648759424,125861.0,nan,0.49856479866499426,0.5014352013350056,1.0,0.0,0.9119189973983521,1.9953057241598087,nan,1.0,nan,fr_rate,False,245.822265625,2.392384334461312,6.145556640625,nan,nan,491.64858204664534,2.6925372371304075,0.49856479866499426
edb,phi0.9_gamma30,fr,7,main,512.0,80000.0,0.0005,40.0,0.02300517442422938,1.5625364679817313,126525.0,nan,0.4984817457308969,0.5015182542691031,1.0,0.0,0.8628223536260315,1.9953057241598087,nan,1.0,nan,fr_rate,False,247.119140625,2.394660268291467,6.177978515625,nan,nan,494.2428383588096,2.694818203980925,0.4984817457308969
edb,phi0.9_gamma30,fr,8,main,512.0,80000.0,0.0005,40.0,0.01887510049332148,1.4487797080152334,126877.0,nan,0.5158024368644009,0.48419756313559914,1.0,0.0,0.8629978903884213,1.9953057241598087,nan,1.0,nan,fr_rate,False,247.806640625,2.395861967450883,6.195166015625,nan,nan,496.1088285048488,2.696451476148237,0.48419756313559914
edb,phi0.9_gamma30,fr,9,main,512.0,80000.0,0.0005,40.0,0.030900284684508398,2.3362158619131534,127788.0,nan,0.503983029597169,0.496016970402831,1.0,0.0,0.8794159820152375,1.9953057241598087,nan,1.0,nan,fr_rate,False,249.5859375,2.398956695399098,6.2396484375,nan,nan,499.20355350856346,2.699146772687724,0.496016970402831
edb,phi0.9_gamma50,fr,0,main,512.0,80000.0,0.0005,40.0,0.02841339092675682,2.0364129703517486,125754.0,nan,0.5000438098542647,0.4999561901457353,1.0,0.0,0.8658057577182194,1.9953057241598087,nan,1.0,nan,fr_rate,False,245.61328125,2.392016461628201,6.14033203125,nan,nan,491.2265662712512,2.692165049581437,0.4999561901457353
edb,phi0.9_gamma50,fr,1,main,512.0,80000.0,0.0005,40.0,0.03162355963556684,2.4375141134262517,128448.0,nan,0.5003628565247736,0.4996371434752264,1.0,0.0,0.8994442624575442,1.9953057241598087,nan,1.0,nan,fr_rate,False,250.875,2.4011850634851846,6.271875,nan,nan,501.75026425150827,2.701352307539176,0.4996371434752264
edb,phi0.9_gamma50,fr,10,main,512.0,80000.0,0.0005,40.0,0.0325241205552358,2.368908156014566,126915.0,nan,0.4991687035841348,0.5008312964158653,1.0,0.0,0.9076457280564004,1.9953057241598087,nan,1.0,nan,fr_rate,False,247.880859375,2.395991497703572,6.197021484375,nan,nan,495.7630891457297,2.6961493191011723,0.4991687035841348
edb,phi0.9_gamma50,fr,11,main,512.0,80000.0,0.0005,40.0,0.018281589216529663,1.1256149827551953,126218.0,nan,0.5070763129760436,0.4929236870239564,1.0,0.0,0.7823333996161971,1.9953057241598087,nan,1.0,nan,fr_rate,False,246.51953125,2.393609473893547,6.16298828125,nan,nan,493.1378364411215,2.693848109360916,0.4929236870239564
edb,phi0.9_gamma50,fr,12,main,512.0,80000.0,0.0005,40.0,0.01980460258752422,1.254770166413918,127193.0,nan,0.49445117351988427,0.5055488264801157,1.0,0.0,0.8291382648969862,1.9953057241598087,nan,1.0,nan,fr_rate,False,248.423828125,2.3969379404371494,6.210595703125,nan,nan,496.90885450162097,2.6971498495672876,0.49445117351988427
edb,phi0.9_gamma50,fr,13,main,512.0,80000.0,0.0005,40.0,0.03047839764534841,2.12410497209785,128076.0,nan,0.5035574021149787,0.4964425978850214,1.0,0.0,0.9216753708953414,1.9953057241598087,nan,1.0,nan,fr_rate,False,250.1484375,2.399930480575445,6.2537109375,nan,nan,500.3222015295982,2.700116938182351,0.4964425978850214
edb,phi0.9_gamma50,fr,14,main,512.0,80000.0,0.0005,40.0,0.025213233304727727,1.6503928773285972,128201.0,nan,0.4983688771481284,0.5016311228518716,1.0,0.0,0.9107119464240895,1.9953057241598087,nan,1.0,nan,fr_rate,False,250.392578125,2.400352451842628,6.259814453125,nan,nan,500.7904857860608,2.700522422602774,0.4983688771481284
edb,phi0.9_gamma50,fr,15,main,512.0,80000.0,0.0005,40.0,0.025306463467217107,1.9374096667971892,125829.0,nan,0.5068542747389608,0.4931457252610391,1.0,0.0,0.8833043958693092,1.9953057241598087,nan,1.0,nan,fr_rate,False,245.759765625,2.3922743490747074,6.143994140625,nan,nan,491.6119170895436,2.6925049139253874,0.4931457252610391
edb,phi0.9_gamma50,fr,16,main,512.0,80000.0,0.0005,40.0,0.02802862934756326,2.0780884077894233,127310.0,nan,0.499546613069171,0.500453386930829,1.0,0.0,0.8068439136770932,1.9953057241598087,nan,1.0,nan,fr_rate,False,248.65234375,2.397335647590864,6.21630859375,nan,nan,497.30509640356377,2.697495328930292,0.499546613069171
edb,phi0.9_gamma50,fr,17,main,512.0,80000.0,0.0005,40.0,0.025177559744774012,1.9777354092906956,126706.0,nan,0.4880749499365061,0.511925050063494,1.0,0.0,0.8672503077872037,1.9953057241598087,nan,1.0,nan,fr_rate,False,247.47265625,2.3952786027549253,6.18681640625,nan,nan,495.227011131777,2.6956804005371655,0.4880749499365061
edb,phi0.9_gamma50,fr,18,main,512.0,80000.0,0.0005,40.0,0.023520798271987175,1.5619577051158622,126361.0,nan,0.5016879262778481,0.49831207372215197,1.0,0.0,0.8199361544292498,1.9953057241598087,nan,1.0,nan,fr_rate,False,246.798828125,2.3940992482061083,6.169970703125,nan,nan,493.60328154080145,2.6942569934452836,0.49831207372215197
edb,phi0.9_gamma50,fr,19,main,512.0,80000.0,0.0005,40.0,0.026625580647302385,2.052199283044917,126787.0,nan,0.49967492082332654,0.5003250791766735,1.0,0.0,0.9035150453129737,1.9953057241598087,nan,1.0,nan,fr_rate,False,247.630859375,2.3955550310816918,6.190771484375,nan,nan,495.26192810013134,2.695710958553659,0.49967492082332654
edb,phi0.9_gamma50,fr,2,main,512.0,80000.0,0.0005,40.0,0.030016307409221274,1.9219870617326553,127592.0,nan,0.5031840236831303,0.49681597631686975,1.0,0.0,0.8401471674591219,1.9953057241598087,nan,1.0,nan,fr_rate,False,249.203125,2.398292729665077,6.230078125,nan,nan,498.4264622034818,2.698471549798434,0.49681597631686975
edb,phi0.9_gamma50,fr,3,main,512.0,80000.0,0.0005,40.0,0.019288598021862894,1.4277986220586887,126218.0,nan,0.5069468510574349,0.4930531489425651,1.0,0.0,0.8851999224225872,1.9953057241598087,nan,1.0,nan,fr_rate,False,246.51953125,2.393609473893547,6.16298828125,nan,nan,493.13425465036005,2.693844961337255,0.4930531489425651
edb,phi0.9_gamma50,fr,4,main,512.0,80000.0,0.0005,40.0,0.023099233179046646,1.785768873324122,126133.0,nan,0.5021078506964324,0.4978921493035677,1.0,0.0,0.8281486227555827,1.9953057241598087,nan,1.0,nan,fr_rate,False,246.353515625,2.393318087353071,6.158837890625,nan,nan,492.71578786309186,2.6934770151518626,0.4978921493035677
edb,phi0.9_gamma50,fr,5,main,512.0,80000.0,0.0005,40.0,0.020224065765369902,1.5015985792943274,127475.0,nan,0.5007502760460651,0.49924972395393485,1.0,0.0,0.8354667263357727,1.9953057241598087,nan,1.0,nan,fr_rate,False,248.974609375,2.3978958983987066,6.224365234375,nan,nan,497.9503399631601,2.6980573228714655,0.49924972395393485
edb,phi0.9_gamma50,fr,6,main,512.0,80000.0,0.0005,40.0,0.02708598426986045,1.8457901392999865,126326.0,nan,0.5030923705042768,0.4969076294957232,1.0,0.0,0.895503717135933,1.9953057241598087,nan,1.0,nan,fr_rate,False,246.73046875,2.3939794244147627,6.16826171875,nan,nan,493.4798136068826,2.6941485668774154,0.4969076294957232
edb,phi0.9_gamma50,fr,7,main,512.0,80000.0,0.0005,40.0,0.0318945622072528,2.2957844039693844,127067.0,nan,0.5141345603637907,0.4858654396362094,1.0,0.0,0.8198356678046154,1.9953057241598087,nan,1.0,nan,fr_rate,False,248.177734375,2.396509232729942,6.204443359375,nan,nan,496.75244508196903,2.6970134020655925,0.4858654396362094
edb,phi0.9_gamma50,fr,8,main,512.0,80000.0,0.0005,40.0,0.03555778273871379,2.7097788634517506,127071.0,nan,0.5055158894581915,0.49448411054180846,1.0,0.0,0.8430428351790248,1.9953057241598087,nan,1.0,nan,fr_rate,False,248.185546875,2.3965228490045267,6.204638671875,nan,nan,496.4315095372195,2.6967332919606894,0.49448411054180846
edb,phi0.9_gamma50,fr,9,main,512.0,80000.0,0.0005,40.0,0.024420742253210156,1.6778995496470839,127787.0,nan,0.5042521366944441,0.4957478633055559,1.0,0.0,0.8924701916252183,1.9953057241598087,nan,1.0,nan,fr_rate,False,249.583984375,2.3989533103938414,6.239599609375,nan,nan,499.2040725193392,2.69914722331107,0.4957478633055559
edb,phi0.9_gamma5,fr,0,main,512.0,80000.0,0.0005,40.0,0.03315284604525019,2.399596703733778,122752.0,nan,0.5033713426042025,0.4966286573957975,1.0,0.0,0.7840344108043941,1.9953057241598087,nan,1.0,nan,fr_rate,False,239.75,2.381566295796572,5.99375,nan,nan,479.5218008850827,2.6817130960405913,0.4966286573957975
edb,phi0.9_gamma5,fr,1,main,512.0,80000.0,0.0005,40.0,0.022578267553858125,2.0414427221836133,123279.0,nan,0.5208526391649192,0.4791473608350808,1.0,0.0,0.8235553836603307,1.9953057241598087,nan,1.0,nan,fr_rate,False,240.779296875,2.3834191102638473,6.019482421875,nan,nan,482.3976425576799,2.684304528101653,0.4791473608350808
edb,phi0.9_gamma5,fr,10,main,512.0,80000.0,0.0005,40.0,0.030470157354158128,2.6171020367665276,120927.0,nan,0.5063833419481792,0.4936166580518207,1.0,0.0,0.8567386595921559,1.9953057241598087,nan,1.0,nan,fr_rate,False,236.185546875,2.375088221354642,5.904638671875,nan,nan,472.4480972233267,2.675272375472307,0.4936166580518207
edb,phi0.9_gamma5,fr,11,main,512.0,80000.0,0.0005,40.0,0.028118421025282166,2.3500629466087886,123369.0,nan,0.5015792954747617,0.4984207045252384,1.0,0.0,0.8840367865926082,1.9953057241598087,nan,1.0,nan,fr_rate,False,240.955078125,2.383734741462301,6.023876953125,nan,nan,481.9149641694743,2.683870663167042,0.4984207045252384
edb,phi0.9_gamma5,fr,12,main,512.0,80000.0,0.0005,40.0,0.02916844268931649,2.2527724297031146,124705.0,nan,0.4944812222336287,0.5055187777663712,1.0,0.0,0.7850911706493965,1.9953057241598087,nan,1.0,nan,fr_rate,False,243.564453125,2.388393333593431,6.089111328125,nan,nan,487.1882592420291,2.6885873305754067,0.4944812222336287
edb,phi0.9_gamma5,fr,13,main,512.0,80000.0,0.0005,40.0,0.02718515285598272,1.9604766827560742,123364.0,nan,0.4931502543564756,0.5068497456435244,1.0,0.0,0.8460948519399977,1.9953057241598087,nan,1.0,nan,fr_rate,False,240.9453125,2.3837172124123867,6.0236328125,nan,nan,481.98108131106954,2.683930119482105,0.4931502543564756
edb,phi0.9_gamma5,fr,14,main,512.0,80000.0,0.0005,40.0,0.025111811152869673,2.193400891893931,122917.0,nan,0.5089086392845892,0.4910913607154108,1.0,0.0,0.8167480227698717,1.9953057241598087,nan,1.0,nan,fr_rate,False,240.072265625,2.382147249453139,6.001806640625,nan,nan,480.29700413506475,2.6824131583911353,0.4910913607154108
edb,phi0.9_gamma5,fr,15,main,512.0,80000.0,0.0005,40.0,0.026242724453424116,1.9707923801682383,122967.0,nan,0.4909654762813679,0.5090345237186321,1.0,0.0,0.7842966608666921,1.9953057241598087,nan,1.0,nan,fr_rate,False,240.169921875,2.3823231426959013,6.004248046875,nan,nan,480.49672135292985,2.682593334236922,0.4909654762813679
edb,phi0.9_gamma5,fr,16,main,512.0,80000.0,0.0005,40.0,0.033320615563767995,2.719402617845339,122190.0,nan,0.5121186503734325,0.4878813496265676,1.0,0.0,0.859547701475687,1.9953057241598087,nan,1.0,nan,fr_rate,False,238.65234375,2.379581680658141,5.96630859375,nan,nan,477.5852433978851,2.6799593035342686,0.4878813496265676
edb,phi0.9_gamma5,fr,17,main,512.0,80000.0,0.0005,40.0,0.026912134159543258,2.1639140041373066,121040.0,nan,0.49896513919102325,0.5010348608089767,1.0,0.0,0.8311111064292063,1.9953057241598087,nan,1.0,nan,fr_rate,False,236.40625,2.375492148084379,5.91015625,nan,nan,472.81452541807704,2.675608370469107,0.49896513919102325
edb,phi0.9_gamma5,fr,18,main,512.0,80000.0,0.0005,40.0,0.023375044619050867,1.7807584629639013,122871.0,nan,0.507252278082756,0.4927477219172441,1.0,0.0,0.7440137398211244,1.9953057241598087,nan,1.0,nan,fr_rate,False,239.982421875,2.381985364727932,5.999560546875,nan,nan,480.0658410335662,2.682204520117463,0.4927477219172441
edb,phi0.9_gamma5,fr,19,main,512.0,80000.0,0.0005,40.0,0.03031893408411114,2.596785926378317,124562.0,nan,0.49359672561047685,0.5064032743895232,1.0,0.0,0.7793826422953907,1.9953057241598087,nan,1.0,nan,fr_rate,False,243.28515625,2.3878970782932436,6.08212890625,nan,nan,486.65012686393845,2.6881083415350977,0.49359672561047685
edb,phi0.9_gamma5,fr,2,main,512.0,80000.0,0.0005,40.0,0.03255343389173236,2.486690923139017,121799.0,nan,0.5083538673852334,0.49164613261476675,1.0,0.0,0.6895546497341202,1.9953057241598087,nan,1.0,nan,fr_rate,False,237.888671875,2.378195555949864,5.947216796875,nan,nan,475.9101933195609,2.678436604998614,0.49164613261476675
edb,phi0.9_gamma5,fr,3,main,512.0,80000.0,0.0005,40.0,0.02882612800243747,2.6175756062502487,123934.0,nan,0.505920271493105,0.494079728506895,1.0,0.0,0.7698538194252796,1.9953057241598087,nan,1.0,nan,fr_rate,False,242.05859375,2.385710980902121,6.05146484375,nan,nan,484.18506950023135,2.685907427945917,0.494079728506895
edb,phi0.9_gamma5,fr,4,main,512.0,80000.0,0.0005,40.0,0.023760187773422654,2.0326305041140125,121213.0,nan,0.4815441571050215,0.5184558428949786,1.0,0.0,0.7146397650105193,1.9953057241598087,nan,1.0,nan,fr_rate,False,236.744140625,2.376109822242101,5.918603515625,nan,nan,474.13427618530017,2.6768163615519924,0.4815441571050215
edb,phi0.9_gamma5,fr,5,main,512.0,80000.0,0.0005,40.0,0.028704319833323465,2.4045070531929116,121830.0,nan,0.516195928036969,0.483804071963031,1.0,0.0,0.8226816118463711,1.9953057241598087,nan,1.0,nan,fr_rate,False,237.94921875,2.378305614923276,5.94873046875,nan,nan,476.39828999254024,2.6788808590609037,0.483804071963031
edb,phi0.9_gamma5,fr,6,main,512.0,80000.0,0.0005,40.0,0.030981671143123505,2.2809772365250214,123987.0,nan,0.4868788895567036,0.5131211104432964,1.0,0.0,0.8133966471739114,1.9953057241598087,nan,1.0,nan,fr_rate,False,242.162109375,2.385895902132823,6.054052734375,nan,nan,484.65798048301224,2.686330529592473,0.4868788895567036
edb,phi0.9_gamma5,fr,7,main,512.0,80000.0,0.0005,40.0,0.02800277141329373,2.222497560157088,121974.0,nan,0.4996504919363147,0.5003495080636853,1.0,0.0,0.7768212671455902,1.9953057241598087,nan,1.0,nan,fr_rate,False,238.23046875,2.378816491233221,5.95576171875,nan,nan,476.4611703101467,2.678938058211421,0.4996504919363147
edb,phi0.9_gamma5,fr,8,main,512.0,80000.0,0.0005,40.0,0.028990523954820734,2.3850128245182187,123425.0,nan,0.5104023646462029,0.489597635353797,1.0,0.0,0.7494232407115758,1.9953057241598087,nan,1.0,nan,fr_rate,False,241.064453125,2.383931018499486,6.026611328125,nan,nan,482.33767972896857,2.684250652909423,0.489597635353797
edb,phi0.9_gamma5,fr,9,main,512.0,80000.0,0.0005,40.0,0.0220790884084891,1.9909645836622625,125125.0,nan,0.5065870106594318,0.49341298934056815,1.0,0.0,0.8327353265506596,1.9953057241598087,nan,1.0,nan,fr_rate,False,244.384765625,2.389847596653526,6.109619140625,nan,nan,488.854374291594,2.6900669905562227,0.49341298934056815
edb_slow,phi0.75_muy0.003,abf,0,main,512.0,80000.0,0.0005,40.0,1.8557593567319572,77.88532132398467,62322.0,nan,0.6280322672972847,0.3719677327027154,1.0,0.0,0.268452682682821,1.9967825536970527,nan,1.0,nan,physics,True,121.72265625,2.0889247467208856,3.04306640625,nan,nan,260.52787680660435,2.417517988033185,0.3719677327027154
edb_slow,phi0.75_muy0.003,abf,1,main,512.0,80000.0,0.0005,40.0,1.792326209687756,73.09009615005746,57807.0,nan,0.6421923007200968,0.35780769927990325,1.0,0.0,0.3154604921823901,1.9967825536970527,nan,1.0,nan,physics,True,112.904296875,2.0565401075198673,2.822607421875,nan,nan,245.67767807029819,2.3921298518427916,0.35780769927990325
edb_slow,phi0.75_muy0.003,abf,10,main,512.0,80000.0,0.0005,40.0,1.9899119405896857,83.85111397002534,65917.0,nan,0.6385397107358703,0.3614602892641297,1.0,0.0,0.4847607813605707,1.9967825536970527,nan,1.0,nan,physics,True,128.744140625,2.1130877537907113,3.218603515625,nan,nan,278.900295234531,2.4470033565535507,0.3614602892641297
edb_slow,phi0.75_muy0.003,abf,11,main,512.0,80000.0,0.0005,40.0,2.04425471264124,85.51136026797379,59989.0,nan,0.6116896719303856,0.38831032806961446,1.0,0.0,0.2607254153511056,1.9967825536970527,nan,1.0,nan,physics,True,117.166015625,2.0724925920385013,2.929150390625,nan,nan,246.63890082591877,2.3938188676785446,0.38831032806961446
edb_slow,phi0.75_muy0.003,abf,12,main,512.0,80000.0,0.0005,40.0,1.8847510372019367,77.10870886067721,64324.0,nan,0.6313192467958976,0.3686807532041024,1.0,0.0,0.29421627829520985,1.9967825536970527,nan,1.0,nan,physics,True,125.6328125,2.1025462526109897,3.1408203125,nan,nan,269.88179552118413,2.4327798194652366,0.3686807532041024
edb_slow,phi0.75_muy0.003,abf,13,main,512.0,80000.0,0.0005,40.0,1.8912894624814682,78.46843490621147,54749.0,nan,0.6492587923268304,0.3507412076731697,1.0,0.0,0.31207479267186583,1.9967825536970527,nan,1.0,nan,physics,True,106.931640625,2.033148778644698,2.673291015625,nan,nan,234.7856783174934,2.372517422402084,0.3507412076731697
edb_slow,phi0.75_muy0.003,abf,14,main,512.0,80000.0,0.0005,40.0,1.9859186020474364,82.12299189136576,65824.0,nan,0.5759178883293912,0.4240821116706088,1.0,0.0,0.25860916982462545,1.9967825536970527,nan,1.0,nan,physics,True,128.5625,2.112479319437936,3.2140625,nan,nan,263.19267096462823,2.4219207655731,0.4240821116706088
edb_slow,phi0.75_muy0.003,abf,15,main,512.0,80000.0,0.0005,40.0,1.7115715506254332,70.83632857446491,69451.0,nan,0.6486935922951713,0.3513064077048287,1.0,0.0,0.3860177574510176,1.9967825536970527,nan,1.0,nan,physics,True,135.646484375,2.135598462694039,3.391162109375,nan,nan,297.61366457023746,2.475109677172226,0.3513064077048287
edb_slow,phi0.75_muy0.003,abf,16,main,512.0,80000.0,0.0005,40.0,1.7131175849877616,69.6486114690066,61939.0,nan,0.6954622989942567,0.3045377010057432,1.0,0.0,0.4160024237395639,1.9967825536970527,nan,1.0,nan,physics,True,120.974609375,2.086269435953776,3.024365234375,nan,nan,285.594326751415,2.457267589114566,0.3045377010057432
edb_slow,phi0.75_muy0.003,abf,17,main,512.0,80000.0,0.0005,40.0,1.7501551966631659,71.6338938017569,60627.0,nan,0.6714981177231345,0.3285018822768655,1.0,0.0,0.331586747739703,1.9967825536970527,nan,1.0,nan,physics,True,118.412109375,2.0770483700770854,2.960302734375,nan,nan,268.4005861767279,2.430398536350001,0.3285018822768655
edb_slow,phi0.75_muy0.003,abf,18,main,512.0,80000.0,0.0005,40.0,1.788621769299566,73.77869304174425,60455.0,nan,0.6607467122561872,0.3392532877438128,1.0,0.0,0.5317099445997069,1.9967825536970527,nan,1.0,nan,physics,True,118.076171875,2.0758248642658588,2.951904296875,nan,nan,263.37417781619433,2.4222190340980485,0.3392532877438128
edb_slow,phi0.75_muy0.003,abf,19,main,512.0,80000.0,0.0005,40.0,1.7843548047596522,73.03502513248283,56329.0,nan,0.6496182842712708,0.3503817157287292,1.0,0.0,0.26953682512014776,1.9967825536970527,nan,1.0,nan,physics,True,110.017578125,2.0453917488612627,2.750439453125,nan,nan,241.67537972818963,2.3850257178623626,0.3503817157287292
edb_slow,phi0.75_muy0.003,abf,2,main,512.0,80000.0,0.0005,40.0,1.7364861974785515,71.38404233257418,61712.0,nan,0.6886055285340547,0.3113944714659454,1.0,0.0,0.27275707175403774,1.9967825536970527,nan,1.0,nan,physics,True,120.53125,2.0846879648275536,3.01328125,nan,nan,281.0530236630074,2.450330759807275,0.3113944714659454
edb_slow,phi0.75_muy0.003,abf,3,main,512.0,80000.0,0.0005,40.0,1.7643466035705238,71.23199036682853,61526.0,nan,0.678653207270031,0.321346792729969,1.0,0.0,0.5798144830242016,1.9967825536970527,nan,1.0,nan,physics,True,120.16796875,2.0833878274732065,3.00419921875,nan,nan,275.50967149017964,2.4417103262423785,0.321346792729969
edb_slow,phi0.75_muy0.003,abf,4,main,512.0,80000.0,0.0005,40.0,1.766426701565007,72.41317992285812,58021.0,nan,0.6388573394024092,0.3611426605975908,1.0,0.0,0.34963846671540183,1.9967825536970527,nan,1.0,nan,physics,True,113.322265625,2.0581308226643484,2.833056640625,nan,nan,245.5854151440154,2.3919673856831,0.3611426605975908
edb_slow,phi0.75_muy0.003,abf,5,main,512.0,80000.0,0.0005,40.0,1.747213584434174,69.92734847215712,50004.0,nan,0.6291030402123332,0.3708969597876668,1.0,0.0,0.29638067962214215,1.9967825536970527,nan,1.0,nan,physics,True,97.6640625,1.994158993601383,2.4416015625,nan,nan,209.28096656073058,2.3227999645943758,0.3708969597876668
edb_slow,phi0.75_muy0.003,abf,6,main,512.0,80000.0,0.0005,40.0,1.6376341050625438,66.26341594572703,54985.0,nan,0.6561941640982755,0.3438058359017246,1.0,0.0,0.3922837564249767,1.9967825536970527,nan,1.0,nan,physics,True,107.392578125,2.034999546134953,2.684814453125,nan,nan,238.01189647190807,2.378419517866641,0.3438058359017246
edb_slow,phi0.75_muy0.003,abf,7,main,512.0,80000.0,0.0005,40.0,1.8453648944433465,75.67297848450026,46447.0,nan,0.6721517262714218,0.32784827372857817,1.0,0.0,0.3524588179747421,1.9967825536970527,nan,1.0,nan,physics,True,90.716796875,1.962448878986341,2.267919921875,nan,nan,205.83417924132752,2.315622307291184,0.32784827372857817
edb_slow,phi0.75_muy0.003,abf,8,main,512.0,80000.0,0.0005,40.0,1.774265495803785,73.50987941190331,59221.0,nan,0.6340235219765807,0.3659764780234193,1.0,0.0625,0.10763271500797983,1.9967825536970527,nan,1.0,nan,physics,True,115.666015625,2.066944366105537,2.891650390625,nan,nan,249.23970940874594,2.3983562270549004,0.3659764780234193
edb_slow,phi0.75_muy0.003,abf,9,main,512.0,80000.0,0.0005,40.0,1.7972223626827217,76.68364837373176,67323.0,nan,0.6418317565024223,0.3581682434975777,1.0,0.0,0.27771358973307386,1.9967825536970527,nan,1.0,nan,physics,True,131.490234375,2.12218386836075,3.287255859375,nan,nan,285.99288280773703,2.4578711267142963,0.3581682434975777
edb_slow,phi0.75_muy0.01,abf,0,main,512.0,80000.0,0.0005,40.0,1.4727207954340684,64.73240960460197,76310.0,nan,0.4368453137527251,0.5631546862472748,1.0,0.0,0.30780581300757903,1.9967825536970527,nan,1.0,nan,physics,True,149.04296875,2.176215648513795,3.72607421875,nan,nan,302.91872020418754,2.4827574517449085,0.4368453137527251
edb_slow,phi0.75_muy0.01,abf,1,main,512.0,80000.0,0.0005,40.0,1.3230008327644196,59.32684681157468,76725.0,nan,0.45539072492911503,0.544609275070885,1.0,0.026041666666666668,0.21958929449027909,1.9967825536970527,nan,1.0,nan,physics,True,149.853515625,2.178555435815261,3.746337890625,nan,nan,302.1118261870213,2.481602881097316,0.45539072492911503
edb_slow,phi0.75_muy0.01,abf,10,main,512.0,80000.0,0.0005,40.0,1.3323989217243075,58.24187984149024,69492.0,nan,0.46380744279584746,0.5361925572041525,1.0,0.0,0.3474195187014082,1.9967825536970527,nan,1.0,nan,physics,True,135.7265625,2.135852895156938,3.3931640625,nan,nan,272.88292367341637,2.4375649552711334,0.46380744279584746
edb_slow,phi0.75_muy0.01,abf,11,main,512.0,80000.0,0.0005,40.0,1.304313394033019,56.49509766095093,67598.0,nan,0.4743188305203961,0.5256811694796039,1.0,0.0,0.27582673465050445,1.9967825536970527,nan,1.0,nan,physics,True,132.02734375,2.123940919306778,3.30068359375,nan,nan,264.7531300486744,2.424478388359444,0.4743188305203961
edb_slow,phi0.75_muy0.01,abf,12,main,512.0,80000.0,0.0005,40.0,1.2786480756676497,56.663326669200806,68240.0,nan,0.4428143394023966,0.5571856605976033,1.0,0.0,0.2563550391323193,1.9967825536970527,nan,1.0,nan,physics,True,133.28125,2.128015375363997,3.33203125,nan,nan,270.0955658377486,2.4331224141207044,0.4428143394023966
edb_slow,phi0.75_muy0.01,abf,13,main,512.0,80000.0,0.0005,40.0,1.4059943979238891,62.68791855115626,72904.0,nan,0.42196471757983406,0.578035282420166,1.0,0.0,0.31528259254896684,1.9967825536970527,nan,1.0,nan,physics,True,142.390625,2.156520757720454,3.559765625,nan,nan,291.8911405934642,2.4667062352884197,0.42196471757983406
edb_slow,phi0.75_muy0.01,abf,14,main,512.0,80000.0,0.0005,40.0,1.2606600185996624,54.46824746853956,66776.0,nan,0.43815954609604846,0.5618404539039514,1.0,0.057291666666666664,0.1955633956302329,1.9967825536970527,nan,1.0,nan,physics,True,130.421875,2.11866765899165,3.260546875,nan,nan,264.8958531118835,2.4247115641662047,0.43815954609604846
edb_slow,phi0.75_muy0.01,abf,15,main,512.0,80000.0,0.0005,40.0,1.3242289943395376,59.56947026312163,70558.0,nan,0.44040151349031503,0.5595984865096849,1.0,0.0,0.30046824548862155,1.9967825536970527,nan,1.0,nan,physics,True,137.80859375,2.142416354466597,3.44521484375,nan,nan,279.5895733370273,2.4480715286797716,0.44040151349031503
edb_slow,phi0.75_muy0.01,abf,16,main,512.0,80000.0,0.0005,40.0,1.2588214939131954,53.7717998840003,64389.0,nan,0.44681209307671815,0.5531879069232818,1.0,0.0,0.27768280507951737,1.9967825536970527,nan,1.0,nan,physics,True,125.759765625,2.1029814275215504,3.143994140625,nan,nan,254.39825452197007,2.4072179248222003,0.44681209307671815
edb_slow,phi0.75_muy0.01,abf,17,main,512.0,80000.0,0.0005,40.0,1.3093777213046642,57.50002084902444,69693.0,nan,0.5080054982817477,0.49199450171825226,1.0,0.0,0.4327143532415615,1.9967825536970527,nan,1.0,nan,physics,True,136.119140625,2.1370980827078427,3.402978515625,nan,nan,272.30808797595233,2.436652483911292,0.49199450171825226
edb_slow,phi0.75_muy0.01,abf,18,main,512.0,80000.0,0.0005,40.0,1.1389145933547038,48.990359426089725,67779.0,nan,0.45934489767934217,0.5406551023206578,1.0,0.0,0.25070000362639455,1.9967825536970527,nan,1.0,nan,physics,True,132.380859375,2.125093511257908,3.309521484375,nan,nan,266.5238007142912,2.4273624258303887,0.45934489767934217
edb_slow,phi0.75_muy0.01,abf,19,main,512.0,80000.0,0.0005,40.0,1.3872756078346546,59.73156038490389,74432.0,nan,0.4491187691031377,0.5508812308968623,1.0,0.0,0.3913463205977944,1.9967825536970527,nan,1.0,nan,physics,True,145.375,2.1654669080804196,3.634375,nan,nan,293.792396135014,2.469516277154469,0.4491187691031377
edb_slow,phi0.75_muy0.01,abf,2,main,512.0,80000.0,0.0005,40.0,1.3118727771680612,57.980399265662584,69272.0,nan,0.4682801259742204,0.5317198740257796,1.0,0.041666666666666664,0.18293980261530474,1.9967825536970527,nan,1.0,nan,physics,True,135.296875,2.1344858984919415,3.382421875,nan,nan,271.6871826790332,2.4356647249508354,0.4682801259742204
edb_slow,phi0.75_muy0.01,abf,3,main,512.0,80000.0,0.0005,40.0,1.3283851726127849,58.74812467065969,76799.0,nan,0.41841763912399066,0.5815823608760095,1.0,0.020833333333333332,0.24365721955508385,1.9967825536970527,nan,1.0,nan,physics,True,149.998046875,2.1789713298302833,3.749951171875,nan,nan,308.2012513483079,2.4902412428548426,0.41841763912399066
edb_slow,phi0.75_muy0.01,abf,4,main,512.0,80000.0,0.0005,40.0,1.2319462419501135,52.00147236729597,60200.0,nan,0.4375696689427797,0.5624303310572203,1.0,0.041666666666666664,0.18891471201857143,1.9967825536970527,nan,1.0,nan,physics,True,117.578125,2.0740045788425463,2.939453125,nan,nan,238.88044024280745,2.3799948372094573,0.4375696689427797
edb_slow,phi0.75_muy0.01,abf,5,main,512.0,80000.0,0.0005,40.0,1.2599171179758302,54.73720822122171,69284.0,nan,0.469697109436646,0.530302890563354,1.0,0.0,0.35367318347599125,1.9967825536970527,nan,1.0,nan,physics,True,135.3203125,2.134560572998256,3.3830078125,nan,nan,271.63836922021886,2.435586975372484,0.469697109436646
edb_slow,phi0.75_muy0.01,abf,6,main,512.0,80000.0,0.0005,40.0,1.3462729048795978,58.472036626500184,68823.0,nan,0.4358415348469404,0.5641584651530597,1.0,0.0,0.36209750062766527,1.9967825536970527,nan,1.0,nan,physics,True,134.419921875,2.131682558912992,3.360498046875,nan,nan,273.3404585261757,2.4382898601709155,0.4358415348469404
edb_slow,phi0.75_muy0.01,abf,7,main,512.0,80000.0,0.0005,40.0,1.391325916795058,62.128050227812466,82635.0,nan,0.40792298084820083,0.5920770191517991,1.0,0.052083333333333336,0.17036866630855005,1.9967825536970527,nan,1.0,nan,physics,True,161.396484375,2.2105766232237256,4.034912109375,nan,nan,334.12401967428315,2.525205556567446,0.40792298084820083
edb_slow,phi0.75_muy0.01,abf,8,main,512.0,80000.0,0.0005,40.0,1.3121037072164912,57.75681556356683,70492.0,nan,0.4014125347295448,0.5985874652704551,1.0,0.06770833333333333,0.19865548414716638,1.9967825536970527,nan,1.0,nan,physics,True,137.6796875,2.142012854348806,3.4419921875,nan,nan,286.497824003185,2.458634561975264,0.4014125347295448
edb_slow,phi0.75_muy0.01,abf,9,main,512.0,80000.0,0.0005,40.0,1.228128483825924,54.13847385595578,61751.0,nan,0.4653339509734877,0.5346660490265124,1.0,0.08333333333333333,0.1627745006684069,1.9967825536970527,nan,1.0,nan,physics,True,120.607421875,2.084960081359374,3.015185546875,nan,nan,242.37994958131725,2.3862847967992575,0.4653339509734877
edb_slow,phi0.75_muy0.03,abf,0,main,512.0,80000.0,0.0005,40.0,0.8262122625423409,40.92533271113838,88522.0,nan,0.27279952100491206,0.727200478995088,1.0,0.0,0.4121476319997778,1.9967825536970527,nan,1.0,nan,physics,True,172.89453125,2.2402859242379423,4.32236328125,nan,nan,435.7661596398742,2.640248982144029,0.27279952100491206
edb_slow,phi0.75_muy0.03,abf,1,main,512.0,80000.0,0.0005,40.0,0.7423450073069945,37.102612386763994,83765.0,nan,0.2870063294333916,0.7129936705666085,1.0,0.0,0.36863810027699406,1.9967825536970527,nan,1.0,nan,physics,True,163.603515625,2.2164391066978357,4.090087890625,nan,nan,399.7472522470112,2.6028705532643563,0.2870063294333916
edb_slow,phi0.75_muy0.03,abf,10,main,512.0,80000.0,0.0005,40.0,0.8478283881655051,41.66970397956621,98806.0,nan,0.24417981773392003,0.7558201822660799,1.0,0.03125,0.2331000408666384,1.9967825536970527,nan,1.0,nan,physics,True,192.98046875,2.2877580044605694,4.82451171875,nan,nan,522.823513830185,2.719184989502527,0.24417981773392003
edb_slow,phi0.75_muy0.03,abf,11,main,512.0,80000.0,0.0005,40.0,0.695599751048439,33.27821357321358,90216.0,nan,0.28569263952759105,0.714307360472409,1.0,0.0,0.3400164197004093,1.9967825536970527,nan,1.0,nan,physics,True,176.203125,2.2484713764578546,4.405078125,nan,nan,431.7172818102441,2.6362042403453607,0.28569263952759105
edb_slow,phi0.75_muy0.03,abf,12,main,512.0,80000.0,0.0005,40.0,0.753088641417566,37.21815991451695,87695.0,nan,0.2462698393871479,0.7537301606128521,1.0,0.0,0.3212195595150067,1.9967825536970527,nan,1.0,nan,physics,True,171.279296875,2.236233090604315,4.281982421875,nan,nan,461.36830345688657,2.664988054422867,0.2462698393871479
edb_slow,phi0.75_muy0.03,abf,13,main,512.0,80000.0,0.0005,40.0,0.7876948067001475,38.592921359482595,92881.0,nan,0.27247079265847546,0.7275292073415245,1.0,0.0,0.29813899321856907,1.9967825536970527,nan,1.0,nan,physics,True,181.408203125,2.261044365197518,4.535205078125,nan,nan,457.56894097416927,2.6614046364813153,0.27247079265847546
edb_slow,phi0.75_muy0.03,abf,14,main,512.0,80000.0,0.0005,40.0,0.774887174914805,37.82567415030216,90910.0,nan,0.29269526905585935,0.7073047309441407,1.0,0.0,0.39428225735576444,1.9967825536970527,nan,1.0,nan,physics,True,177.55859375,2.251780756956073,4.43896484375,nan,nan,428.83422154195506,2.6333009891805164,0.29269526905585935
edb_slow,phi0.75_muy0.03,abf,15,main,512.0,80000.0,0.0005,40.0,0.8429866309784024,41.84510602069519,88711.0,nan,0.27428778344843857,0.7257122165515614,1.0,0.0,0.610792738499029,1.9967825536970527,nan,1.0,nan,physics,True,173.263671875,2.2412068607266917,4.331591796875,nan,nan,435.21776996841515,2.6397033532235032,0.27428778344843857
edb_slow,phi0.75_muy0.03,abf,16,main,512.0,80000.0,0.0005,40.0,0.7564477429079258,37.07515960265087,91023.0,nan,0.2966323913087985,0.7033676086912016,1.0,0.0,0.4988581656661979,1.9967825536970527,nan,1.0,nan,physics,True,177.779296875,2.2523172248987624,4.444482421875,nan,nan,426.03987763546576,2.6304684320001726,0.2966323913087985
edb_slow,phi0.75_muy0.03,abf,17,main,512.0,80000.0,0.0005,40.0,0.8231875219537999,40.08205037825601,94051.0,nan,0.25479650943865495,0.745203490561345,1.0,0.046875,0.19003215788753863,1.9967825536970527,nan,1.0,nan,physics,True,183.693359375,2.2664512807210215,4.592333984375,nan,nan,483.7211829883098,2.6854919994089803,0.25479650943865495
edb_slow,phi0.75_muy0.03,abf,18,main,512.0,80000.0,0.0005,40.0,0.721282037227914,35.36723307100455,91480.0,nan,0.24913286488477485,0.7508671351152252,1.0,0.0,0.4019102013220952,1.9967825536970527,nan,1.0,nan,physics,True,178.671875,2.2544800999901273,4.466796875,nan,nan,477.564549799333,2.6799405246226975,0.24913286488477485
edb_slow,phi0.75_muy0.03,abf,19,main,512.0,80000.0,0.0005,40.0,0.7594760127002195,36.95499537124288,87392.0,nan,0.3293186371800637,0.6706813628199363,1.0,0.0,0.38873631915797946,1.9967825536970527,nan,1.0,nan,physics,True,170.6875,2.2347386767646373,4.2671875,nan,nan,386.4018296462612,2.588161667501829,0.3293186371800637
edb_slow,phi0.75_muy0.03,abf,2,main,512.0,80000.0,0.0005,40.0,0.7823343661161445,38.95207925869826,94221.0,nan,0.2510655770147359,0.748934422985264,1.0,0.0,0.2870805482867002,1.9967825536970527,nan,1.0,nan,physics,True,184.025390625,2.267231329763495,4.600634765625,nan,nan,489.3468403778153,2.69050338120452,0.2510655770147359
edb_slow,phi0.75_muy0.03,abf,3,main,512.0,80000.0,0.0005,40.0,0.7936236104103895,38.72040001516168,88539.0,nan,0.24359852359159553,0.7564014764084044,1.0,0.0,0.5085092882303468,1.9967825536970527,nan,1.0,nan,physics,True,172.927734375,2.2403688397694554,4.323193359375,nan,nan,469.25362501339816,2.672332152052821,0.24359852359159553
edb_slow,phi0.75_muy0.03,abf,4,main,512.0,80000.0,0.0005,40.0,0.7740480907476556,37.7232858592579,90901.0,nan,0.2876325851158442,0.7123674148841559,1.0,0.0,0.4345900200936565,1.9967825536970527,nan,1.0,nan,physics,True,177.541015625,2.251738000915487,4.438525390625,nan,nan,433.23803161971443,2.637727857347933,0.2876325851158442
edb_slow,phi0.75_muy0.03,abf,5,main,512.0,80000.0,0.0005,40.0,0.7184730950379201,35.94616729613096,92495.0,nan,0.2515444691768915,0.7484555308231085,1.0,0.0,0.4206720286864411,1.9967825536970527,nan,1.0,nan,physics,True,180.654296875,2.2592456751799124,4.516357421875,nan,nan,479.77490192765947,2.6819417879488716,0.2515444691768915
edb_slow,phi0.75_muy0.03,abf,6,main,512.0,80000.0,0.0005,40.0,0.8262673824096994,40.343136142181436,92834.0,nan,0.2720015835213973,0.7279984164786026,1.0,0.0,0.372297757062288,1.9967825536970527,nan,1.0,nan,physics,True,181.31640625,2.2608257516129915,4.53291015625,nan,nan,457.83104664708947,2.6616527966122465,0.2720015835213973
edb_slow,phi0.75_muy0.03,abf,7,main,512.0,80000.0,0.0005,40.0,0.7633012549597027,37.06604363797655,89066.0,nan,0.25408664037544837,0.7459133596245516,1.0,0.0,0.37022633205621686,1.9967825536970527,nan,1.0,nan,physics,True,173.95703125,2.242931400787,4.34892578125,nan,nan,458.92506196632814,2.6626870755386536,0.25408664037544837
edb_slow,phi0.75_muy0.03,abf,8,main,512.0,80000.0,0.0005,40.0,0.8038142557262596,38.70745876675948,86014.0,nan,0.25704503849114524,0.7429549615088546,1.0,0.0,0.5199556334015625,1.9967825536970527,nan,1.0,nan,physics,True,167.99609375,2.227876666256122,4.19990234375,nan,nan,439.84278782216785,2.644283740138714,0.25704503849114524
edb_slow,phi0.75_muy0.03,abf,9,main,512.0,80000.0,0.0005,40.0,0.8017659664596485,39.817644574456324,97422.0,nan,0.22124251673445153,0.7787574832655485,1.0,0.0,0.3532107306098798,1.9967825536970527,nan,1.0,nan,physics,True,190.27734375,2.2816635321440657,4.75693359375,nan,nan,552.1871060882586,2.7428720488415035,0.22124251673445153
edb_slow,phi0.75_muy0.1,abf,0,main,512.0,80000.0,0.0005,40.0,0.3068905615366711,19.575939053683477,116734.0,nan,0.2081102617892581,0.7918897382107418,1.0,0.23958333333333334,0.0491442813936022,1.9967825536970527,nan,1.0,nan,physics,True,227.99609375,2.359828074142119,5.69990234375,nan,nan,691.7341232582492,2.840566580992923,0.2081102617892581
edb_slow,phi0.75_muy0.1,abf,1,main,512.0,80000.0,0.0005,40.0,0.2387059397603479,16.236515459592002,112628.0,nan,0.21675747181953867,0.7832425281804613,1.0,0.020833333333333332,0.21241283054667834,1.9967825536970527,nan,1.0,nan,physics,True,219.9765625,2.3443462134285595,5.4994140625,nan,nan,647.8524090398262,2.812145921408942,0.21675747181953867
edb_slow,phi0.75_muy0.1,abf,10,main,512.0,80000.0,0.0005,40.0,0.3046062460850133,19.792529617182453,113315.0,nan,0.15819175421955492,0.8418082457804451,1.0,0.3229166666666667,0.06704219527315626,1.9967825536970527,nan,1.0,nan,physics,True,221.318359375,2.3469753288529183,5.532958984375,nan,nan,830.979727561548,2.920112744180847,0.15819175421955492
edb_slow,phi0.75_muy0.1,abf,11,main,512.0,80000.0,0.0005,40.0,0.25473242503697086,16.289011853599575,118555.0,nan,0.24185197726645477,0.7581480227335453,1.0,0.078125,0.19286661851612732,1.9967825536970527,nan,1.0,nan,physics,True,231.552734375,2.3665214503493304,5.788818359375,nan,nan,631.4169982035638,2.801003534452453,0.24185197726645477
edb_slow,phi0.75_muy0.1,abf,12,main,512.0,80000.0,0.0005,40.0,0.24918846309875256,15.915191661674768,114677.0,nan,0.20598582139164573,0.7940141786083542,1.0,0.171875,0.08565492757537363,1.9967825536970527,nan,1.0,nan,physics,True,223.978515625,2.3521410470402215,5.599462890625,nan,nan,684.716480682282,2.836144587533568,0.20598582139164573
edb_slow,phi0.75_muy0.1,abf,13,main,512.0,80000.0,0.0005,40.0,0.31308824430032667,19.86431975335138,112614.0,nan,0.19385200987720927,0.8061479901227908,1.0,0.28125,0.050420829642082325,1.9967825536970527,nan,1.0,nan,physics,True,219.94921875,2.344292470287704,5.49873046875,nan,nan,703.7320724062054,2.848024036719462,0.19385200987720927
edb_slow,phi0.75_muy0.1,abf,14,main,512.0,80000.0,0.0005,40.0,0.28706847013606995,18.084335973598726,112014.0,nan,0.1997301392278046,0.8002698607721953,1.0,0.19270833333333334,0.1535804296941846,1.9967825536970527,nan,1.0,nan,physics,True,218.77734375,2.3419829201552558,5.46943359375,nan,nan,684.3720801318298,2.8359264086849563,0.1997301392278046
edb_slow,phi0.75_muy0.1,abf,15,main,512.0,80000.0,0.0005,40.0,0.26605338005270657,17.598236538764873,108825.0,nan,0.19113203100183213,0.8088679689981678,1.0,0.24479166666666666,0.0562889374762655,1.9967825536970527,nan,1.0,nan,physics,True,212.548828125,2.3294971925259316,5.313720703125,nan,nan,687.4127873584034,2.83784892880778,0.19113203100183213
edb_slow,phi0.75_muy0.1,abf,16,main,512.0,80000.0,0.0005,40.0,0.2783603492260197,17.649508744647413,108822.0,nan,0.22003418786579726,0.7799658121342027,1.0,0.11979166666666667,0.20238617327821717,1.9967825536970527,nan,1.0,nan,physics,True,212.54296875,2.329485276145197,5.31357421875,nan,nan,619.2286121219979,2.792551797051384,0.22003418786579726
edb_slow,phi0.75_muy0.1,abf,17,main,512.0,80000.0,0.0005,40.0,0.25529848190869686,16.393438090875065,110768.0,nan,0.22942493538482042,0.7705750646151797,1.0,0.041666666666666664,0.22278607090001673,1.9967825536970527,nan,1.0,nan,physics,True,216.34375,2.337147156008159,5.40859375,nan,nan,611.8694758132395,2.787367991696389,0.22942493538482042
edb_slow,phi0.75_muy0.1,abf,18,main,512.0,80000.0,0.0005,40.0,0.26003980170086083,16.887033012601606,114000.0,nan,0.21779562201833666,0.7822043779816633,1.0,0.2760416666666667,0.13848708916895408,1.9967825536970527,nan,1.0,nan,physics,True,222.65625,2.349581038894036,5.56640625,nan,nan,653.4848245926275,2.8158995811051257,0.21779562201833666
edb_slow,phi0.75_muy0.1,abf,19,main,512.0,80000.0,0.0005,40.0,0.30282817186891414,18.783661345607353,116869.0,nan,0.21128773662282077,0.7887122633771793,1.0,0.2552083333333333,0.14202048513946997,1.9967825536970527,nan,1.0,nan,physics,True,228.259765625,2.3603278440878372,5.706494140625,nan,nan,684.867388727899,2.8362401537373017,0.21128773662282077
edb_slow,phi0.75_muy0.1,abf,2,main,512.0,80000.0,0.0005,40.0,0.2734633682994332,17.39915916130419,106764.0,nan,0.19325710442484006,0.80674289557516,1.0,0.2604166666666667,0.05770022722014689,1.9967825536970527,nan,1.0,nan,physics,True,208.5234375,2.32123261063212,5.2130859375,nan,nan,668.7353210047644,2.825903203688992,0.19325710442484006
edb_slow,phi0.75_muy0.1,abf,3,main,512.0,80000.0,0.0005,40.0,0.24606851582718658,16.267498355252794,118572.0,nan,0.24638808906215215,0.7536119109378479,1.0,0.11979166666666667,0.170759158933876,1.9967825536970527,nan,1.0,nan,physics,True,231.5859375,2.3665834530804117,5.7896484375,nan,nan,623.6123760862253,2.7956105851018425,0.24638808906215215
edb_slow,phi0.75_muy0.1,abf,4,main,512.0,80000.0,0.0005,40.0,0.26662850910904734,16.638245645604037,118087.0,nan,0.21621692832450226,0.7837830716754978,1.0,0.2552083333333333,0.06294106617189767,1.9967825536970527,nan,1.0,nan,physics,True,230.638671875,2.3648110661948007,5.765966796875,nan,nan,680.4818723394483,2.833454307936422,0.21621692832450226
edb_slow,phi0.75_muy0.1,abf,5,main,512.0,80000.0,0.0005,40.0,0.2423449587721455,15.9479435030811,112861.0,nan,0.26721819920371637,0.7327818007962836,1.0,0.08854166666666667,0.2076860033171948,1.9967825536970527,nan,1.0,nan,physics,True,220.431640625,2.345239677821096,5.510791015625,nan,nan,562.8636850502571,2.7511741252850346,0.26721819920371637
edb_slow,phi0.75_muy0.1,abf,6,main,512.0,80000.0,0.0005,40.0,0.28921937327873876,18.18860696921922,115234.0,nan,0.21519871094757215,0.7848012890524277,1.0,0.265625,0.07504706606617939,1.9967825536970527,nan,1.0,nan,physics,True,225.06640625,2.354236030438183,5.62666015625,nan,nan,666.3176347702527,2.8243326018209705,0.21519871094757215
edb_slow,phi0.75_muy0.1,abf,7,main,512.0,80000.0,0.0005,40.0,0.2863094392924986,18.553389818010956,118498.0,nan,0.21296586459469696,0.7870341354053031,1.0,0.22395833333333334,0.052346814873813714,1.9967825536970527,nan,1.0,nan,physics,True,231.44140625,2.366313494217982,5.78603515625,nan,nan,690.4106737103249,2.839736079715666,0.21296586459469696
edb_slow,phi0.75_muy0.1,abf,8,main,512.0,80000.0,0.0005,40.0,0.3078814612942153,19.748526722354246,115412.0,nan,0.21555520915832996,0.7844447908416701,1.0,0.2916666666666667,0.06973178018469954,1.9967825536970527,nan,1.0,nan,physics,True,225.4140625,2.3549033972357027,5.6353515625,nan,nan,666.5459661409296,2.8244811758853614,0.21555520915832996
edb_slow,phi0.75_muy0.1,abf,9,main,512.0,80000.0,0.0005,40.0,0.2869183246074751,18.841082943320707,121176.0,nan,0.21374502048394556,0.7862549795160544,1.0,0.2864583333333333,0.01671059277053312,1.9967825536970527,nan,1.0,nan,physics,True,236.671875,2.375977792350894,5.916796875,nan,nan,704.1371220038194,2.8482735787488616,0.21374502048394556
edb_slow,phi0.75_muy1,abf,0,main,512.0,80000.0,0.0005,40.0,0.022938807199410976,2.771655987086339,111503.0,nan,0.45852668384825784,0.5414733161517421,1.0,0.0,0.7013228113432547,1.9967825536970527,nan,1.0,nan,physics,True,217.779296875,2.340006222239299,5.444482421875,nan,nan,438.5760601154321,2.6430340321525536,0.45852668384825784
edb_slow,phi0.75_muy1,abf,1,main,512.0,80000.0,0.0005,40.0,0.025366426005815047,2.683521615202816,109383.0,nan,0.4947795846572335,0.5052204153427664,1.0,0.0,0.7679935501355594,1.9967825536970527,nan,1.0,nan,physics,True,213.638671875,2.331707972377527,5.340966796875,nan,nan,427.32392673524726,2.631772335332474,0.4947795846572335
edb_slow,phi0.75_muy1,abf,10,main,512.0,80000.0,0.0005,40.0,0.021526550236912224,2.7780104432049533,115311.0,nan,0.44357259309586416,0.556427406904136,1.0,0.0,0.7078984791744874,1.9967825536970527,nan,1.0,nan,physics,True,225.216796875,2.354524848685349,5.630419921875,nan,nan,456.24441801275674,2.6601484123637524,0.44357259309586416
edb_slow,phi0.75_muy1,abf,11,main,512.0,80000.0,0.0005,40.0,0.02971816719517908,2.780387789634765,119575.0,nan,0.4195127510961267,0.5804872489038733,1.0,0.0,0.611793774301138,1.9967825536970527,nan,1.0,nan,physics,True,233.544921875,2.370226034488292,5.838623046875,nan,nan,479.5154257736846,2.6817073341915703,0.4195127510961267
edb_slow,phi0.75_muy1,abf,12,main,512.0,80000.0,0.0005,40.0,0.025826665305443326,2.7005080860772535,119184.0,nan,0.45779111981602577,0.5422088801839742,1.0,0.0,0.6664851211142715,1.9967825536970527,nan,1.0,nan,physics,True,232.78125,2.368809676423447,5.81953125,nan,nan,468.90407845524516,2.6720092144269123,0.45779111981602577
edb_slow,phi0.75_muy1,abf,13,main,512.0,80000.0,0.0005,40.0,0.025087397113035478,2.6954711241462945,107962.0,nan,0.4406588299586989,0.559341170041301,1.0,0.0,0.7230844417525923,1.9967825536970527,nan,1.0,nan,physics,True,210.86328125,2.3260556941703485,5.27158203125,nan,nan,427.75165755170156,2.632205812034304,0.4406588299586989
edb_slow,phi0.75_muy1,abf,14,main,512.0,80000.0,0.0005,40.0,0.02313856095344117,2.6334923787804048,111517.0,nan,0.46881795480178723,0.5311820451982129,1.0,0.0,0.6990247753988901,1.9967825536970527,nan,1.0,nan,physics,True,217.806640625,2.340060498388221,5.445166015625,nan,nan,437.31411820348984,2.641785459609289,0.46881795480178723
edb_slow,phi0.75_muy1,abf,15,main,512.0,80000.0,0.0005,40.0,0.024090934089091028,2.5557550896678016,107288.0,nan,0.46259785785354185,0.5374021421464581,1.0,0.0,0.7049244853624548,1.9967825536970527,nan,1.0,nan,physics,True,209.546875,2.323348799874889,5.238671875,nan,nan,421.45206126998636,2.625777433505494,0.46259785785354185
edb_slow,phi0.75_muy1,abf,16,main,512.0,80000.0,0.0005,40.0,0.026171430974221713,2.893620802661779,113739.0,nan,0.4474106691743851,0.5525893308256149,1.0,0.0,0.6495084342557322,1.9967825536970527,nan,1.0,nan,physics,True,222.146484375,2.3485900490140335,5.553662109375,nan,nan,449.262963132194,2.6534662250690007,0.4474106691743851
edb_slow,phi0.75_muy1,abf,17,main,512.0,80000.0,0.0005,40.0,0.027367431732622044,2.666197716794214,110481.0,nan,0.45871013447501924,0.5412898655249808,1.0,0.0,0.5038189981941611,1.9967825536970527,nan,1.0,nan,physics,True,215.783203125,2.3360256290069064,5.394580078125,nan,nan,434.5296429025985,2.63901771918504,0.45871013447501924
edb_slow,phi0.75_muy1,abf,18,main,512.0,80000.0,0.0005,40.0,0.025025338960015575,2.898707303605179,107852.0,nan,0.4691542298939996,0.5308457701060004,1.0,0.0,0.7430895246092233,1.9967825536970527,nan,1.0,nan,physics,True,210.6484375,2.32561506663175,5.2662109375,nan,nan,422.90639165561174,2.6272699649047038,0.4691542298939996
edb_slow,phi0.75_muy1,abf,19,main,512.0,80000.0,0.0005,40.0,0.021679590699230648,2.52486213563365,118623.0,nan,0.44361683248815414,0.5563831675118459,1.0,0.0,0.7117001592369532,1.9967825536970527,nan,1.0,nan,physics,True,231.685546875,2.3667694081798407,5.792138671875,nan,nan,469.3393282532324,2.6724112945641805,0.44361683248815414
edb_slow,phi0.75_muy1,abf,2,main,512.0,80000.0,0.0005,40.0,0.03108727168483918,2.9865620669942468,116665.0,nan,0.44453849624817426,0.5554615037518257,1.0,0.0,0.6925403648469406,1.9967825536970527,nan,1.0,nan,physics,True,227.861328125,2.3595724139030065,5.696533203125,nan,nan,461.3996780205046,2.665017523003375,0.44453849624817426
edb_slow,phi0.75_muy1,abf,3,main,512.0,80000.0,0.0005,40.0,0.023630576211148804,2.631106827071707,116683.0,nan,0.42764822928150387,0.5723517707184961,1.0,0.0,0.6999910209139871,1.9967825536970527,nan,1.0,nan,physics,True,227.896484375,2.3596391223894266,5.697412109375,nan,nan,465.5409849260782,2.6688898018775524,0.42764822928150387
edb_slow,phi0.75_muy1,abf,4,main,512.0,80000.0,0.0005,40.0,0.027549848399534,2.7723595743793323,110348.0,nan,0.4659631945297513,0.5340368054702487,1.0,0.0,0.6120576019295766,1.9967825536970527,nan,1.0,nan,physics,True,215.5234375,2.335504913280612,5.3880859375,nan,nan,433.05365277515074,2.637543415374305,0.4659631945297513
edb_slow,phi0.75_muy1,abf,5,main,512.0,80000.0,0.0005,40.0,0.024597077460702648,2.8006258926917456,118573.0,nan,0.42639396610749125,0.5736060338925087,1.0,0.0,0.6989253305935581,1.9967825536970527,nan,1.0,nan,physics,True,231.587890625,2.3665871000242364,5.789697265625,nan,nan,473.4357943633001,2.6761774474473388,0.42639396610749125
edb_slow,phi0.75_muy1,abf,6,main,512.0,80000.0,0.0005,40.0,0.022688678929270237,2.634141355465819,119391.0,nan,0.49132068442439897,0.508679315575601,1.0,0.0,0.5649611555598546,1.9967825536970527,nan,1.0,nan,physics,True,233.185546875,2.369560088404472,5.829638671875,nan,nan,466.511664012819,2.669792450616477,0.49132068442439897
edb_slow,phi0.75_muy1,abf,7,main,512.0,80000.0,0.0005,40.0,0.026348039620237764,2.768646670057353,113545.0,nan,0.42823641967317805,0.571763580326822,1.0,0.0,0.6204627317452123,1.9967825536970527,nan,1.0,nan,physics,True,221.767578125,2.347851983332872,5.544189453125,nan,nan,452.864179101177,2.6569259077206313,0.42823641967317805
edb_slow,phi0.75_muy1,abf,8,main,512.0,80000.0,0.0005,40.0,0.033104760669876124,3.0174746059288,114182.0,nan,0.46696812124655523,0.5330318787534447,1.0,0.0,0.7280467502776602,1.9967825536970527,nan,1.0,nan,physics,True,223.01171875,2.3502707382240584,5.57529296875,nan,nan,447.978604305257,2.652225645561092,0.46696812124655523
edb_slow,phi0.75_muy1,abf,9,main,512.0,80000.0,0.0005,40.0,0.025785506901653633,2.62625049951037,116189.0,nan,0.40167983733497853,0.5983201626650214,1.0,0.0,0.7272939362765367,1.9967825536970527,nan,1.0,nan,physics,True,226.931640625,2.357804616514451,5.673291015625,nan,nan,472.118899883093,2.6749702973425564,0.40167983733497853
edb_slow,phi0.9_muy0.003,abf,0,main,512.0,80000.0,0.0005,40.0,2.3740952817956895,100.8882875726139,47442.0,nan,0.6832743706068123,0.31672562939318766,1.0,0.0,0.2749551682555535,1.9953057241598087,nan,1.0,nan,physics,True,92.66015625,1.9715548779651322,2.31650390625,nan,nan,214.08423823121035,2.3326085856546848,0.31672562939318766
edb_slow,phi0.9_muy0.003,abf,1,main,512.0,80000.0,0.0005,40.0,2.095973317820383,87.12871583755994,43887.0,nan,0.6357327295193161,0.3642672704806839,1.0,0.015625,0.2387071249497567,1.9953057241598087,nan,1.0,nan,physics,True,85.716796875,1.9381032276213863,2.142919921875,nan,nan,185.07221196020618,2.2696815203987253,0.3642672704806839
edb_slow,phi0.9_muy0.003,abf,10,main,512.0,80000.0,0.0005,40.0,2.156386970818259,90.4785414143864,45966.0,nan,0.673629755148519,0.3263702448514811,1.0,0.036458333333333336,0.21851936930281107,1.9953057241598087,nan,1.0,nan,physics,True,89.77734375,1.9579774706342465,2.24443359375,nan,nan,204.17611526102414,2.3121268027649187,0.3263702448514811
edb_slow,phi0.9_muy0.003,abf,11,main,512.0,80000.0,0.0005,40.0,2.020865097537994,84.19210231693567,37411.0,nan,0.7000691192447116,0.2999308807552884,1.0,0.0,0.2716179811154679,1.9953057241598087,nan,1.0,nan,physics,True,73.068359375,1.869632725071799,1.826708984375,nan,nan,173.99519564456853,2.243026125636612,0.2999308807552884
edb_slow,phi0.9_muy0.003,abf,12,main,512.0,80000.0,0.0005,40.0,2.03112785994407,84.64294698522784,40407.0,nan,0.6823497765761863,0.3176502234238136,1.0,0.14583333333333334,0.1452405457362011,1.9953057241598087,nan,1.0,nan,physics,True,78.919921875,1.902655050677473,1.972998046875,nan,nan,182.05408664638472,2.262579428864439,0.3176502234238136
edb_slow,phi0.9_muy0.003,abf,13,main,512.0,80000.0,0.0005,40.0,2.1362627788377675,88.95664428772818,37398.0,nan,0.6703543319230604,0.3296456680769396,1.0,0.020833333333333332,0.23737441933898254,1.9953057241598087,nan,1.0,nan,physics,True,73.04296875,1.869483823450604,1.82607421875,nan,nan,165.2709895645697,2.2208164815040403,0.3296456680769396
edb_slow,phi0.9_muy0.003,abf,14,main,512.0,80000.0,0.0005,40.0,2.0065556103213202,83.2304792922822,38624.0,nan,0.6739785130026917,0.3260214869973082,1.0,0.020833333333333332,0.2411894931542396,1.9953057241598087,nan,1.0,nan,physics,True,75.4375,1.8833064743803607,1.8859375,nan,nan,171.65838282561836,2.237187668851292,0.3260214869973082
edb_slow,phi0.9_muy0.003,abf,15,main,512.0,80000.0,0.0005,40.0,2.001295193476621,85.93381210040039,43843.0,nan,0.6909453933295663,0.3090546066704338,1.0,0.03125,0.22413659376356537,1.9953057241598087,nan,1.0,nan,physics,True,85.630859375,1.9376726226059682,2.140771484375,nan,nan,200.50322378165774,2.3042819986626624,0.3090546066704338
edb_slow,phi0.9_muy0.003,abf,16,main,512.0,80000.0,0.0005,40.0,2.014392878562878,82.744255974365,38638.0,nan,0.6684586094238139,0.3315413905761862,1.0,0.0,0.28133583194466577,1.9953057241598087,nan,1.0,nan,physics,True,75.46484375,1.8834618054181314,1.88662109375,nan,nan,170.25599208435642,2.233645775981363,0.3315413905761862
edb_slow,phi0.9_muy0.003,abf,17,main,512.0,80000.0,0.0005,40.0,2.152110633556406,89.95720498670627,38813.0,nan,0.6716431611764178,0.32835683882358235,1.0,0.08854166666666667,0.19210582412046254,1.9953057241598087,nan,1.0,nan,physics,True,75.806640625,1.8853987703194937,1.895166015625,nan,nan,171.8670381410713,2.2377121909711564,0.32835683882358235
edb_slow,phi0.9_muy0.003,abf,18,main,512.0,80000.0,0.0005,40.0,1.9768721058731222,82.76498163191579,39795.0,nan,0.6517655688100747,0.34823443118992525,1.0,0.0,0.3765224949614853,1.9953057241598087,nan,1.0,nan,physics,True,77.724609375,1.8961105143806314,1.943115234375,nan,nan,171.2243117579037,2.2360944579018054,0.34823443118992525
edb_slow,phi0.9_muy0.003,abf,19,main,512.0,80000.0,0.0005,40.0,2.08702028250773,89.86453199789915,44388.0,nan,0.696669566066685,0.3033304339333151,1.0,0.0625,0.15991893169889776,1.9953057241598087,nan,1.0,nan,physics,True,86.6953125,1.9429763800274924,2.1673828125,nan,nan,205.12698441740636,2.314134849695054,0.3033304339333151
edb_slow,phi0.9_muy0.003,abf,2,main,512.0,80000.0,0.0005,40.0,2.045969114288153,87.67248069327118,39994.0,nan,0.6789445426737438,0.3210554573262562,1.0,0.046875,0.17731488900448406,1.9953057241598087,nan,1.0,nan,physics,True,78.11328125,1.8982493973966332,1.95283203125,nan,nan,179.17628480479615,2.2556976276186385,0.3210554573262562
edb_slow,phi0.9_muy0.003,abf,3,main,512.0,80000.0,0.0005,40.0,2.0881912257007023,89.37977268570017,40419.0,nan,0.6727122095820289,0.3272877904179712,1.0,0.046875,0.15269258837810712,1.9953057241598087,nan,1.0,nan,physics,True,78.943359375,1.9027823942039284,1.973583984375,nan,nan,179.2777915441311,2.2559422291966316,0.3272877904179712
edb_slow,phi0.9_muy0.003,abf,4,main,512.0,80000.0,0.0005,40.0,1.7405006183052936,72.49999806759922,44341.0,nan,0.6916880771436186,0.30831192285638137,1.0,0.0,0.2768869270546057,1.9953057241598087,nan,1.0,nan,physics,True,86.603515625,1.942521535230879,2.165087890625,nan,nan,203.05089924453884,2.309738513032743,0.30831192285638137
edb_slow,phi0.9_muy0.003,abf,5,main,512.0,80000.0,0.0005,40.0,2.0735512923698955,86.74867381388091,43345.0,nan,0.6820182033291904,0.3179817966708096,1.0,0.0,0.3001050441487066,1.9953057241598087,nan,1.0,nan,physics,True,84.658203125,1.9327689598447888,2.116455078125,nan,nan,195.18247712322898,2.2926602139076278,0.3179817966708096
edb_slow,phi0.9_muy0.003,abf,6,main,512.0,80000.0,0.0005,40.0,2.066552132040194,86.69862186151275,37383.0,nan,0.7216444413673425,0.2783555586326574,1.0,0.0,0.32144399557598907,1.9953057241598087,nan,1.0,nan,physics,True,73.013671875,1.869311950426039,1.825341796875,nan,nan,181.74020976920153,2.261834119106748,0.2783555586326574
edb_slow,phi0.9_muy0.003,abf,7,main,512.0,80000.0,0.0005,40.0,2.3289254899587988,99.43221084526908,41783.0,nan,0.6648892001513371,0.33511079984866277,1.0,0.046875,0.2100526116818516,1.9953057241598087,nan,1.0,nan,physics,True,81.607421875,1.917019068319844,2.040185546875,nan,nan,183.1310389027811,2.265127003539196,0.33511079984866277
edb_slow,phi0.9_muy0.003,abf,8,main,512.0,80000.0,0.0005,40.0,2.0572708906108863,86.39176399278206,40153.0,nan,0.6502514929476974,0.3497485070523027,1.0,0.041666666666666664,0.20398375587494597,1.9953057241598087,nan,1.0,nan,physics,True,78.423828125,1.899950815660336,1.960595703125,nan,nan,172.41729005460599,2.2390923953372197,0.3497485070523027
edb_slow,phi0.9_muy0.003,abf,9,main,512.0,80000.0,0.0005,40.0,2.1616573513084694,93.39347503524884,42227.0,nan,0.6452488364689056,0.3547511635310943,1.0,0.020833333333333332,0.23881691443576739,1.9953057241598087,nan,1.0,nan,physics,True,82.474609375,1.92155439542118,2.061865234375,nan,nan,180.1520518771608,2.258043257574981,0.3547511635310943
edb_slow,phi0.9_muy0.01,abf,0,main,512.0,80000.0,0.0005,40.0,1.4365963266529251,64.14691136513753,59879.0,nan,0.4592335978663673,0.5407664021336328,1.0,0.0,0.2607470029816037,1.9953057241598087,nan,1.0,nan,physics,True,116.951171875,2.0717022600695816,2.923779296875,nan,nan,235.46763798979168,2.373771713343835,0.4592335978663673
edb_slow,phi0.9_muy0.01,abf,1,main,512.0,80000.0,0.0005,40.0,1.283286931100436,56.63935926854548,57118.0,nan,0.4567734843673591,0.5432265156326408,1.0,0.0,0.272483753177271,1.9953057241598087,nan,1.0,nan,physics,True,111.55859375,2.0513786586055254,2.78896484375,nan,nan,224.79735136682237,2.35371884328638,0.4567734843673591
edb_slow,phi0.9_muy0.01,abf,10,main,512.0,80000.0,0.0005,40.0,1.5801599810153093,71.71454351402141,59139.0,nan,0.4957295813350264,0.5042704186649736,1.0,0.0,0.3918635688942157,1.9953057241598087,nan,1.0,nan,physics,True,115.505859375,2.0663477676816884,2.887646484375,nan,nan,231.02857133759252,2.3655414659696055,0.4957295813350264
edb_slow,phi0.9_muy0.01,abf,11,main,512.0,80000.0,0.0005,40.0,1.333556133550319,58.67375163403857,58948.0,nan,0.47505742103678766,0.5249425789632124,1.0,0.0,0.263285714581252,1.9953057241598087,nan,1.0,nan,physics,True,115.1328125,2.0649549438930883,2.8783203125,nan,nan,230.84007722222324,2.3651885127836723,0.47505742103678766
edb_slow,phi0.9_muy0.01,abf,12,main,512.0,80000.0,0.0005,40.0,1.4273875739680904,64.06154129753745,62786.0,nan,0.4337568136941373,0.5662431863058628,1.0,0.0,0.2556330197491014,1.9953057241598087,nan,1.0,nan,physics,True,122.62890625,2.092120027040168,3.06572265625,nan,nan,249.63964708739158,2.3990497703666813,0.4337568136941373
edb_slow,phi0.9_muy0.01,abf,13,main,512.0,80000.0,0.0005,40.0,1.4146260048437709,62.90794611582457,64059.0,nan,0.49092930027067405,0.5090706997293261,1.0,0.0,0.32156548535752816,1.9953057241598087,nan,1.0,nan,physics,True,125.115234375,2.1007675513262294,3.127880859375,nan,nan,250.31284930553159,2.400214694083333,0.49092930027067405
edb_slow,phi0.9_muy0.01,abf,14,main,512.0,80000.0,0.0005,40.0,1.31896294879086,58.14242206378597,64005.0,nan,0.4682127942996735,0.5317872057003266,1.0,0.046875,0.19342488490472562,1.9953057241598087,nan,1.0,nan,physics,True,125.009765625,2.1004042037898087,3.125244140625,nan,nan,251.0341373752468,2.4014593688355177,0.4682127942996735
edb_slow,phi0.9_muy0.01,abf,15,main,512.0,80000.0,0.0005,40.0,1.4049096628971047,65.61314074214673,68614.0,nan,0.4793804651306768,0.5206195348693233,1.0,0.0,0.2508158668257821,1.9953057241598087,nan,1.0,nan,physics,True,134.01171875,2.1303714660326283,3.35029296875,nan,nan,268.4800309838516,2.430526588614272,0.4793804651306768
edb_slow,phi0.9_muy0.01,abf,16,main,512.0,80000.0,0.0005,40.0,1.4664123822535937,65.4435291433544,60767.0,nan,0.4625717017151897,0.5374282982848102,1.0,0.005208333333333333,0.24833637205856166,1.9953057241598087,nan,1.0,nan,physics,True,118.685546875,2.078041708539946,2.967138671875,nan,nan,238.70870035143867,2.3796837972628904,0.4625717017151897
edb_slow,phi0.9_muy0.01,abf,17,main,512.0,80000.0,0.0005,40.0,1.4886106726362465,68.62878109826477,60345.0,nan,0.46207047733102374,0.5379295226689762,1.0,0.041666666666666664,0.20000451416673576,1.9953057241598087,nan,1.0,nan,physics,True,117.861328125,2.07504057864082,2.946533203125,nan,nan,237.08699583379104,2.376735675153478,0.46207047733102374
edb_slow,phi0.9_muy0.01,abf,18,main,512.0,80000.0,0.0005,40.0,1.348391402828355,60.73229481203573,57714.0,nan,0.45482259477305675,0.5451774052269431,1.0,0.0,0.2869149720276972,1.9953057241598087,nan,1.0,nan,physics,True,112.72265625,2.055846995067341,2.81806640625,nan,nan,227.30099596082752,2.358507806099732,0.45482259477305675
edb_slow,phi0.9_muy0.01,abf,19,main,512.0,80000.0,0.0005,40.0,1.5052823320261512,68.61234956974974,58504.0,nan,0.47914953052740195,0.520850469472598,1.0,0.036458333333333336,0.21197308283634628,1.9953057241598087,nan,1.0,nan,physics,True,114.265625,2.0616998094744923,2.856640625,nan,nan,228.9293508861706,2.3615944132626865,0.47914953052740195
edb_slow,phi0.9_muy0.01,abf,2,main,512.0,80000.0,0.0005,40.0,1.3227562497661596,59.20696302744798,58338.0,nan,0.4986644616453309,0.5013355383546692,1.0,0.0,0.2759360171567216,1.9953057241598087,nan,1.0,nan,physics,True,113.94140625,2.0604765062036225,2.84853515625,nan,nan,227.8844383758876,2.3596162664306712,0.4986644616453309
edb_slow,phi0.9_muy0.01,abf,3,main,512.0,80000.0,0.0005,40.0,1.3389826735007773,58.73688607792483,60081.0,nan,0.4604550701934654,0.5395449298065347,1.0,0.052083333333333336,0.21711480766201854,1.9953057241598087,nan,1.0,nan,physics,True,117.345703125,2.0731524942635917,2.933642578125,nan,nan,236.16869003177408,2.375057354827356,0.4604550701934654
edb_slow,phi0.9_muy0.01,abf,4,main,512.0,80000.0,0.0005,40.0,1.220500427414702,53.21750487955579,59439.0,nan,0.5061428146652068,0.4938571853347933,1.0,0.0,0.3286326912820404,1.9953057241598087,nan,1.0,nan,physics,True,116.091796875,2.068526470676882,2.902294921875,nan,nan,232.21864406303698,2.3677632660271186,0.4938571853347933
edb_slow,phi0.9_muy0.01,abf,5,main,512.0,80000.0,0.0005,40.0,1.415014741172266,63.14874544097031,56331.0,nan,0.5018967026864315,0.49810329731356856,1.0,0.041666666666666664,0.22295911970802765,1.9953057241598087,nan,1.0,nan,physics,True,110.021484375,2.0454070296213325,2.750537109375,nan,nan,220.046135197233,2.3444829260404068,0.49810329731356856
edb_slow,phi0.9_muy0.01,abf,6,main,512.0,80000.0,0.0005,40.0,1.412545212491625,62.78043501458386,61253.0,nan,0.44415758121211524,0.5558424187878848,1.0,0.026041666666666668,0.23673971819961379,1.9953057241598087,nan,1.0,nan,physics,True,119.634765625,2.081472484779871,2.990869140625,nan,nan,242.29175820941103,2.3861273969505445,0.44415758121211524
edb_slow,phi0.9_muy0.01,abf,7,main,512.0,80000.0,0.0005,40.0,1.5406728817674984,68.25873891649465,56133.0,nan,0.48025890926530435,0.5197410907346957,1.0,0.0,0.2846179976892792,1.9953057241598087,nan,1.0,nan,physics,True,109.634765625,2.0438916201566197,2.740869140625,nan,nan,219.61187160268724,2.3436288790598123,0.48025890926530435
edb_slow,phi0.9_muy0.01,abf,8,main,512.0,80000.0,0.0005,40.0,1.3664626169693352,60.831041610941895,59458.0,nan,0.49686152754593055,0.5031384724540695,1.0,0.0,0.27216704976120193,1.9953057241598087,nan,1.0,nan,physics,True,116.12890625,2.0686640878619484,2.90322265625,nan,nan,232.26696382705686,2.367853236678306,0.49686152754593055
edb_slow,phi0.9_muy0.01,abf,9,main,512.0,80000.0,0.0005,40.0,1.3309215689708775,61.790085057807474,68519.0,nan,0.46730270488555226,0.5326972951144477,1.0,0.0,0.33053010417980105,1.9953057241598087,nan,1.0,nan,physics,True,133.826171875,2.1297742037544456,3.345654296875,nan,nan,268.8018621268046,2.431044942773265,0.46730270488555226
edb_slow,phi0.9_muy0.03,abf,0,main,512.0,80000.0,0.0005,40.0,0.8379457449464842,42.298207374394906,88461.0,nan,0.2772374771998658,0.7227625228001342,1.0,0.0,0.28172072624838557,1.9953057241598087,nan,1.0,nan,physics,True,172.775390625,2.239988273421591,4.319384765625,nan,nan,431.12610900730795,2.635610507124108,0.2772374771998658
edb_slow,phi0.9_muy0.03,abf,1,main,512.0,80000.0,0.0005,40.0,0.7225372084765406,35.33373280641423,86196.0,nan,0.30966118008763277,0.6903388199123671,1.0,0.0,0.5756380554379998,1.9953057241598087,nan,1.0,nan,physics,True,168.3515625,2.2287892079602623,4.2087890625,nan,nan,393.7658926109905,2.596339622997802,0.30966118008763277
edb_slow,phi0.9_muy0.03,abf,10,main,512.0,80000.0,0.0005,40.0,0.8427211364099942,43.24902199538594,94829.0,nan,0.31166922377795137,0.6883307762220486,1.0,0.0,0.41100682859278415,1.9953057241598087,nan,1.0,nan,physics,True,185.212890625,2.27000974180928,4.630322265625,nan,nan,431.66825024944774,2.6361550272824497,0.31166922377795137
edb_slow,phi0.9_muy0.03,abf,11,main,512.0,80000.0,0.0005,40.0,0.8059435113241468,40.089978648662296,85754.0,nan,0.28861318799152513,0.7113868120084749,1.0,0.0,0.5545874147176536,1.9953057241598087,nan,1.0,nan,physics,True,167.48828125,2.226569700071185,4.18720703125,nan,nan,407.88003550463714,2.611595905658654,0.28861318799152513
edb_slow,phi0.9_muy0.03,abf,12,main,512.0,80000.0,0.0005,40.0,0.7253910390132936,35.46475561783788,82701.0,nan,0.28965177227466404,0.7103482277253359,1.0,0.0,0.33512033970218275,1.9953057241598087,nan,1.0,nan,physics,True,161.525390625,2.2109212185267966,4.038134765625,nan,nan,392.5213762873571,2.5949683284396654,0.28965177227466404
edb_slow,phi0.9_muy0.03,abf,13,main,512.0,80000.0,0.0005,40.0,0.7781580441090669,38.0670428654451,91022.0,nan,0.27811161795346734,0.7218883820465326,1.0,0.0,0.36411280279366953,1.9953057241598087,nan,1.0,nan,physics,True,177.77734375,2.252312480299929,4.44443359375,nan,nan,442.74863732654654,2.6471370324237813,0.27811161795346734
edb_slow,phi0.9_muy0.03,abf,14,main,512.0,80000.0,0.0005,40.0,0.7842547497464676,39.03573858020235,88993.0,nan,0.2805893220473265,0.7194106779526735,1.0,0.0,0.48991344730931613,1.9953057241598087,nan,1.0,nan,physics,True,173.814453125,2.2425773359239485,4.345361328125,nan,nan,430.53441359919225,2.6350154351387847,0.2805893220473265
edb_slow,phi0.9_muy0.03,abf,15,main,512.0,80000.0,0.0005,40.0,0.7760956928578658,39.2084262716359,88524.0,nan,0.25258307884197523,0.7474169211580247,1.0,0.0,0.45112751335869544,1.9953057241598087,nan,1.0,nan,physics,True,172.8984375,2.240295679828034,4.3224609375,nan,nan,457.92451517262907,2.6617412577814346,0.25258307884197523
edb_slow,phi0.9_muy0.03,abf,16,main,512.0,80000.0,0.0005,40.0,0.7417676150356939,37.0665885095283,83740.0,nan,0.3190621539817544,0.6809378460182455,1.0,0.0,0.43288103197319944,1.9953057241598087,nan,1.0,nan,physics,True,163.5546875,2.216310258106469,4.0888671875,nan,nan,376.4005371472558,2.5768025139527153,0.3190621539817544
edb_slow,phi0.9_muy0.03,abf,17,main,512.0,80000.0,0.0005,40.0,0.7099285270474024,35.38023731580754,90332.0,nan,0.32084080782417995,0.6791591921758201,1.0,0.0,0.44431639288922353,1.9953057241598087,nan,1.0,nan,physics,True,176.4296875,2.2490262876418994,4.4107421875,nan,nan,404.8372675997271,2.60835192532365,0.32084080782417995
edb_slow,phi0.9_muy0.03,abf,18,main,512.0,80000.0,0.0005,40.0,0.7630711137600812,36.877326620318385,87064.0,nan,0.2732059631908867,0.7267940368091133,1.0,0.0,0.47828299483974596,1.9953057241598087,nan,1.0,nan,physics,True,170.046875,2.2331151441004233,4.251171875,nan,nan,428.1906007532387,2.6326502023766247,0.2732059631908867
edb_slow,phi0.9_muy0.03,abf,19,main,512.0,80000.0,0.0005,40.0,0.928157121926117,46.19395357197837,93263.0,nan,0.2761379579931114,0.7238620420068885,1.0,0.0,0.26238289636617024,1.9953057241598087,nan,1.0,nan,physics,True,182.154296875,2.2628171118469296,4.553857421875,nan,nan,455.64594758045394,2.659579607935408,0.2761379579931114
edb_slow,phi0.9_muy0.03,abf,2,main,512.0,80000.0,0.0005,40.0,0.7763884338660296,37.60104261653724,76521.0,nan,0.29282548989767354,0.7071745101023265,1.0,0.0,0.6341782429368888,1.9953057241598087,nan,1.0,nan,physics,True,149.455078125,2.1774068505303856,3.736376953125,nan,nan,360.8653666077539,2.558547019662786,0.29282548989767354
edb_slow,phi0.9_muy0.03,abf,3,main,512.0,80000.0,0.0005,40.0,0.7801557097446526,38.81740254395262,90356.0,nan,0.251500272688546,0.748499727311454,1.0,0.0,0.30023202003072874,1.9953057241598087,nan,1.0,nan,physics,True,176.4765625,2.249141008382701,4.4119140625,nan,nan,468.7345146182296,2.671852471951479,0.251500272688546
edb_slow,phi0.9_muy0.03,abf,4,main,512.0,80000.0,0.0005,40.0,0.7080451113889579,33.85204405152908,81607.0,nan,0.2923324291610246,0.7076675708389754,1.0,0.0,0.46971437616949197,1.9953057241598087,nan,1.0,nan,physics,True,159.388671875,2.205173691155673,3.984716796875,nan,nan,385.2309453460403,2.5868470670990473,0.2923324291610246
edb_slow,phi0.9_muy0.03,abf,5,main,512.0,80000.0,0.0005,40.0,0.7966004329047469,40.30194643185389,92502.0,nan,0.30603611241471573,0.6939638875852842,1.0,0.0,0.2870243729302812,1.9953057241598087,nan,1.0,nan,physics,True,180.66796875,2.259278360321641,4.51669921875,nan,nan,425.3452805304591,2.6297614598819474,0.30603611241471573
edb_slow,phi0.9_muy0.03,abf,6,main,512.0,80000.0,0.0005,40.0,0.7689324364220694,38.2135939972088,83699.0,nan,0.2878813570360121,0.7121186429639879,1.0,0.0,0.3598155189426415,1.9953057241598087,nan,1.0,nan,physics,True,163.474609375,2.216098863626855,4.086865234375,nan,nan,398.70750979359667,2.6017423079580797,0.2878813570360121
edb_slow,phi0.9_muy0.03,abf,7,main,512.0,80000.0,0.0005,40.0,0.8490550769594565,42.814885791206166,92250.0,nan,0.2559589419947854,0.7440410580052146,1.0,0.0,0.3066933047495609,1.9953057241598087,nan,1.0,nan,physics,True,180.17578125,2.2581001427201763,4.50439453125,nan,nan,473.0414641413505,2.6758163308306315,0.2559589419947854
edb_slow,phi0.9_muy0.03,abf,8,main,512.0,80000.0,0.0005,40.0,0.8236301703734366,40.8875527704061,86123.0,nan,0.25505424244016905,0.744945757559831,1.0,0.0,0.29620068964918883,1.9953057241598087,nan,1.0,nan,physics,True,168.208984375,2.2284234187555856,4.205224609375,nan,nan,442.65155070279405,2.6470420038544855,0.25505424244016905
edb_slow,phi0.9_muy0.03,abf,9,main,512.0,80000.0,0.0005,40.0,0.8066853695886302,39.960447759488574,90062.0,nan,0.29978699178829443,0.7002130082117055,1.0,0.0,0.6043056494787585,1.9953057241598087,nan,1.0,nan,physics,True,175.90234375,2.2477335868438617,4.39755859375,nan,nan,418.9851895227873,2.6232339755837617,0.29978699178829443
edb_slow,phi0.9_muy0.1,abf,0,main,512.0,80000.0,0.0005,40.0,0.29070479626778944,18.01135516196932,106740.0,nan,0.2810215283631684,0.7189784716368316,1.0,0.22395833333333334,0.10379174822324917,1.9953057241598087,nan,1.0,nan,physics,True,208.4765625,2.3211354385370164,5.2119140625,nan,nan,515.9074078761781,2.7134127561504604,0.2810215283631684
edb_slow,phi0.9_muy0.1,abf,1,main,512.0,80000.0,0.0005,40.0,0.26618731027175974,16.57055376311417,112207.0,nan,0.2303251027200765,0.7696748972799236,1.0,0.0,0.2833058721084174,1.9953057241598087,nan,1.0,nan,physics,True,219.154296875,2.342727166247468,5.478857421875,nan,nan,618.1180111250686,2.7917734385120974,0.2303251027200765
edb_slow,phi0.9_muy0.1,abf,10,main,512.0,80000.0,0.0005,40.0,0.32017634804405426,19.980988605455515,117227.0,nan,0.189269528183808,0.810730471816192,1.0,0.2760416666666667,0.04177717534882591,1.9953057241598087,nan,1.0,nan,physics,True,228.958984375,2.3616503818955445,5.723974609375,nan,nan,746.054403752154,2.8733522301808807,0.189269528183808
edb_slow,phi0.9_muy0.1,abf,11,main,512.0,80000.0,0.0005,40.0,0.31586337850302104,19.926846512688698,116255.0,nan,0.2387367069520457,0.7612632930479543,1.0,0.265625,0.07166913040834387,1.9953057241598087,nan,1.0,nan,physics,True,227.060546875,2.358050161399139,5.676513671875,nan,nan,624.6799911894589,2.7963522667643974,0.2387367069520457
edb_slow,phi0.9_muy0.1,abf,12,main,512.0,80000.0,0.0005,40.0,0.3371372144414382,20.950271258234586,114459.0,nan,0.19710116841848105,0.802898831581519,1.0,0.2916666666666667,0.10061241107486193,1.9953057241598087,nan,1.0,nan,physics,True,223.552734375,2.3513183478277857,5.588818359375,nan,nan,706.3174988461168,2.849614402544911,0.19710116841848105
edb_slow,phi0.9_muy0.1,abf,13,main,512.0,80000.0,0.0005,40.0,0.3480346895342966,21.880081624164255,119862.0,nan,0.2108831987115469,0.7891168012884532,1.0,0.28125,0.013706620228535353,1.9953057241598087,nan,1.0,nan,physics,True,234.10546875,2.371262731295611,5.85263671875,nan,nan,703.3934061660406,2.8478152818791314,0.2108831987115469
edb_slow,phi0.9_muy0.1,abf,14,main,512.0,80000.0,0.0005,40.0,0.284482790133691,17.82110621367393,120837.0,nan,0.2468214514249387,0.7531785485750614,1.0,0.19791666666666666,0.20132818738453295,1.9953057241598087,nan,1.0,nan,physics,True,236.009765625,2.3747662408188526,5.900244140625,nan,nan,634.7740055911016,2.8033027672731095,0.2468214514249387
edb_slow,phi0.9_muy0.1,abf,15,main,512.0,80000.0,0.0005,40.0,0.2641129077499935,16.394680915315824,107656.0,nan,0.2427545085915612,0.7572454914084388,1.0,0.16145833333333334,0.15375863485729271,1.9953057241598087,nan,1.0,nan,physics,True,210.265625,2.3248288388067526,5.256640625,nan,nan,571.9186802145185,2.758092982804379,0.2427545085915612
edb_slow,phi0.9_muy0.1,abf,16,main,512.0,80000.0,0.0005,40.0,0.30676701056072253,18.708604373012072,108483.0,nan,0.2033289160597,0.7966710839403001,1.0,0.21354166666666666,0.16061701062900538,1.9953057241598087,nan,1.0,nan,physics,True,211.880859375,2.3281366147426326,5.297021484375,nan,nan,654.0087071935554,2.8162470732146527,0.2033289160597
edb_slow,phi0.9_muy0.1,abf,17,main,512.0,80000.0,0.0005,40.0,0.2690020366838347,16.558666815272694,114272.0,nan,0.29201724496781917,0.7079827550321809,1.0,0.109375,0.13774794014666064,1.9953057241598087,nan,1.0,nan,physics,True,223.1875,2.3506113940200417,5.5796875,nan,nan,539.7699379952888,2.7330125406894106,0.29201724496781917
edb_slow,phi0.9_muy0.1,abf,18,main,512.0,80000.0,0.0005,40.0,0.29866381058332536,18.972500445378493,120103.0,nan,0.2717591212306979,0.7282408787693021,1.0,0.21875,0.11135216168499805,1.9953057241598087,nan,1.0,nan,physics,True,234.576171875,2.372131360195936,5.864404296875,nan,nan,592.6451240845377,2.7735269050676163,0.2717591212306979
edb_slow,phi0.9_muy0.1,abf,19,main,512.0,80000.0,0.0005,40.0,0.2979096753402169,19.127696736783214,113554.0,nan,0.2575086482562335,0.7424913517437665,1.0,0.2604166666666667,0.13108062933884707,1.9953057241598087,nan,1.0,nan,physics,True,221.78515625,2.347886251252715,5.54462890625,nan,nan,579.9883388594645,2.76416741566088,0.2575086482562335
edb_slow,phi0.9_muy0.1,abf,2,main,512.0,80000.0,0.0005,40.0,0.26816544106910223,16.841809007792406,107464.0,nan,0.21496304083907314,0.7850369591609269,1.0,0.22916666666666666,0.08657400761175146,1.9953057241598087,nan,1.0,nan,physics,True,209.890625,2.3240572739013423,5.247265625,nan,nan,621.8836581214837,2.794406936941306,0.21496304083907314
edb_slow,phi0.9_muy0.1,abf,3,main,512.0,80000.0,0.0005,40.0,0.30728834487149015,18.912706554849535,119305.0,nan,0.22426244273736617,0.7757375572626337,1.0,0.23958333333333334,0.09550105303268787,1.9953057241598087,nan,1.0,nan,physics,True,233.017578125,2.3692484804698317,5.825439453125,nan,nan,669.7108296856665,2.8265353187676006,0.22426244273736617
edb_slow,phi0.9_muy0.1,abf,4,main,512.0,80000.0,0.0005,40.0,0.3079360279041183,19.572994491325908,117313.0,nan,0.21129583056723272,0.7887041694327672,1.0,0.2708333333333333,0.09276653433945307,1.9953057241598087,nan,1.0,nan,physics,True,229.126953125,2.3619674874558427,5.728173828125,nan,nan,687.4500063188402,2.8378724082557225,0.21129583056723272
edb_slow,phi0.9_muy0.1,abf,5,main,512.0,80000.0,0.0005,40.0,0.2546818747736955,16.134327717456436,110168.0,nan,0.20537154479628464,0.7946284552037153,1.0,0.19270833333333334,0.10995764386456819,1.9953057241598087,nan,1.0,nan,physics,True,215.171875,2.3347991894930837,5.379296875,nan,nan,659.2514989601855,2.8197093958530597,0.20537154479628464
edb_slow,phi0.9_muy0.1,abf,6,main,512.0,80000.0,0.0005,40.0,0.32714050718779875,20.06714677598621,113672.0,nan,0.25111051674347074,0.7488894832565293,1.0,0.20833333333333334,0.12059617586015134,1.9953057241598087,nan,1.0,nan,physics,True,222.015625,2.3483352918085094,5.550390625,nan,nan,590.2974553542648,2.7718060100189277,0.25111051674347074
edb_slow,phi0.9_muy0.1,abf,7,main,512.0,80000.0,0.0005,40.0,0.284952157114069,17.94601266699264,120421.0,nan,0.23657395360285796,0.763426046397142,1.0,0.23958333333333334,0.10615334525972012,1.9953057241598087,nan,1.0,nan,physics,True,235.197265625,2.3732748656278444,5.879931640625,nan,nan,651.1309992394027,2.8143348450144394,0.23657395360285796
edb_slow,phi0.9_muy0.1,abf,8,main,512.0,80000.0,0.0005,40.0,0.3237159982618883,20.058046679778624,120227.0,nan,0.1962528163004813,0.8037471836995187,1.0,0.296875,0.04834983690245013,1.9953057241598087,nan,1.0,nan,physics,True,234.818359375,2.372577613587173,5.870458984375,nan,nan,744.332002425816,2.8723497689943116,0.1962528163004813
edb_slow,phi0.9_muy0.1,abf,9,main,512.0,80000.0,0.0005,40.0,0.3048201441708756,18.87591104253856,118003.0,nan,0.2239673711019878,0.7760326288980123,1.0,0.19270833333333334,0.1333961141249917,1.9953057241598087,nan,1.0,nan,physics,True,230.474609375,2.3645033598762706,5.761865234375,nan,nan,663.0226389607672,2.8221828863079743,0.2239673711019878
edb_slow,phi0.9_muy1,abf,0,main,512.0,80000.0,0.0005,40.0,0.03279191456465084,3.0368075529682237,115298.0,nan,0.46381116941293304,0.5361888305870669,1.0,0.0,0.7138372406840447,1.9953057241598087,nan,1.0,nan,physics,True,225.19140625,2.354476100637613,5.62978515625,nan,nan,452.7545790602443,2.656821020745132,0.46381116941293304
edb_slow,phi0.9_muy1,abf,1,main,512.0,80000.0,0.0005,40.0,0.03282894705886543,2.927338031780435,122864.0,nan,0.4239793844297229,0.5760206155702772,1.0,0.0,0.660865497915955,1.9953057241598087,nan,1.0,nan,physics,True,239.96875,2.3819607248049777,5.99921875,nan,nan,491.2945276179404,2.692225008150288,0.4239793844297229
edb_slow,phi0.9_muy1,abf,10,main,512.0,80000.0,0.0005,40.0,0.03241565817770579,2.8495455731379336,120023.0,nan,0.4551470361080667,0.5448529638919333,1.0,0.0,0.64360113063678,1.9953057241598087,nan,1.0,nan,physics,True,234.419921875,2.3718432112444385,5.860498046875,nan,nan,472.64327673900294,2.675451376971358,0.4551470361080667
edb_slow,phi0.9_muy1,abf,11,main,512.0,80000.0,0.0005,40.0,0.028495411000024114,2.750686655774877,116115.0,nan,0.4809148229550236,0.5190851770449764,1.0,0.0,0.7345687898491946,1.9953057241598087,nan,1.0,nan,physics,True,226.787109375,2.357529143423023,5.669677734375,nan,nan,454.2360297124442,2.658236627038313,0.4809148229550236
edb_slow,phi0.9_muy1,abf,12,main,512.0,80000.0,0.0005,40.0,0.02988873351924679,3.1334399672735342,114739.0,nan,0.4429540757373941,0.5570459242626058,1.0,0.0,0.48164696909226146,1.9953057241598087,nan,1.0,nan,physics,True,224.099609375,2.3523747413513454,5.602490234375,nan,nan,454.1103504305809,2.6581167126405845,0.4429540757373941
edb_slow,phi0.9_muy1,abf,13,main,512.0,80000.0,0.0005,40.0,0.03248391687928255,2.988195514934647,109773.0,nan,0.4592154060204896,0.5407845939795105,1.0,0.0,0.6902592080051174,1.9953057241598087,nan,1.0,nan,physics,True,214.400390625,2.3332464865484446,5.360009765625,nan,nan,431.67293109372207,2.6361597256947817,0.4592154060204896
edb_slow,phi0.9_muy1,abf,14,main,512.0,80000.0,0.0005,40.0,0.028050247702614054,3.0664239171789776,114326.0,nan,0.46706234359088755,0.5329376564091124,1.0,0.0,0.7789019426929619,1.9953057241598087,nan,1.0,nan,physics,True,223.29296875,2.350815659312175,5.58232421875,nan,nan,448.53236921027406,2.6527609691799676,0.46706234359088755
edb_slow,phi0.9_muy1,abf,15,main,512.0,80000.0,0.0005,40.0,0.02962455764683651,2.600813231895923,117184.0,nan,0.4898194154204849,0.5101805845795151,1.0,0.0,0.6637908884633978,1.9953057241598087,nan,1.0,nan,physics,True,228.875,2.361491742246134,5.721875,nan,nan,457.9398514257333,2.661755770710227,0.4898194154204849
edb_slow,phi0.9_muy1,abf,16,main,512.0,80000.0,0.0005,40.0,0.030516459926192473,2.908394537766631,118298.0,nan,0.4638521033900041,0.5361478966099958,1.0,0.0,0.6220771920557984,1.9953057241598087,nan,1.0,nan,physics,True,231.05078125,2.3655830349054163,5.77626953125,nan,nan,464.52951039915325,2.667947216568245,0.4638521033900041
edb_slow,phi0.9_muy1,abf,17,main,512.0,80000.0,0.0005,40.0,0.029452237244018315,2.8239155720217015,124085.0,nan,0.4722810385810587,0.5277189614189414,1.0,0.0,0.6942756757434972,1.9953057241598087,nan,1.0,nan,physics,True,242.353515625,2.3862376246929804,6.058837890625,nan,nan,486.201304490079,2.687708442457505,0.4722810385810587
edb_slow,phi0.9_muy1,abf,18,main,512.0,80000.0,0.0005,40.0,0.030123290093652128,3.0251320979912655,116081.0,nan,0.4891892525448391,0.5108107474551609,1.0,0.0,0.6482413759295086,1.9953057241598087,nan,1.0,nan,physics,True,226.720703125,2.3574025160969847,5.668017578125,nan,nan,453.6534842828387,2.657680523695627,0.4891892525448391
edb_slow,phi0.9_muy1,abf,19,main,512.0,80000.0,0.0005,40.0,0.03212936890550719,3.2738714555334623,115784.0,nan,0.4066553431822217,0.5933446568177783,1.0,0.0,0.7742840947897304,1.9953057241598087,nan,1.0,nan,physics,True,226.140625,2.356294816454231,5.653515625,nan,nan,468.61379982214913,2.6717408503744675,0.4066553431822217
edb_slow,phi0.9_muy1,abf,2,main,512.0,80000.0,0.0005,40.0,0.029830819256767414,2.8534917674740186,111744.0,nan,0.4487387023825204,0.5512612976174796,1.0,0.0,0.6822390159908842,1.9953057241598087,nan,1.0,nan,physics,True,218.25,2.340939602038078,5.45625,nan,nan,441.1367364177922,2.645556601222771,0.4487387023825204
edb_slow,phi0.9_muy1,abf,3,main,512.0,80000.0,0.0005,40.0,0.032548549355373664,2.9447588836862613,120192.0,nan,0.46314042439099984,0.5368595756090002,1.0,0.0,0.7504850995390323,1.9953057241598087,nan,1.0,nan,physics,True,234.75,2.372451701409366,5.86875,nan,nan,472.06544592371466,2.674921227074756,0.46314042439099984
edb_slow,phi0.9_muy1,abf,4,main,512.0,80000.0,0.0005,40.0,0.03226914540556359,3.015778301547971,115713.0,nan,0.4083260483244221,0.5916739516755778,1.0,0.0,0.7331961553921982,1.9953057241598087,nan,1.0,nan,physics,True,226.001953125,2.356029593879294,5.650048828125,nan,nan,467.72723724799414,2.670920190650175,0.4083260483244221
edb_slow,phi0.9_muy1,abf,5,main,512.0,80000.0,0.0005,40.0,0.029957731465717615,2.70543013447164,114375.0,nan,0.5252631451404449,0.4747368548595551,1.0,0.0,0.8173661708233907,1.9953057241598087,nan,1.0,nan,physics,True,223.388671875,2.351000928045974,5.584716796875,nan,nan,447.920843563335,2.65216977032566,0.4747368548595551
edb_slow,phi0.9_muy1,abf,6,main,512.0,80000.0,0.0005,40.0,0.033806479470979686,2.965324399635847,118575.0,nan,0.45158863273245764,0.5484113672675422,1.0,0.0,0.6509237036509724,1.9953057241598087,nan,1.0,nan,physics,True,231.591796875,2.366594393820013,5.789794921875,nan,nan,467.5668656908417,2.6707715745801774,0.45158863273245764
edb_slow,phi0.9_muy1,abf,7,main,512.0,80000.0,0.0005,40.0,0.03922897782999833,3.4270799082215273,121144.0,nan,0.4226192432621713,0.5773807567378286,1.0,0.0,0.6354164276072669,1.9953057241598087,nan,1.0,nan,physics,True,236.609375,2.375863571959177,5.915234375,nan,nan,484.83099835616423,2.6864852214315196,0.4226192432621713
edb_slow,phi0.9_muy1,abf,8,main,512.0,80000.0,0.0005,40.0,0.026373251618848438,2.651022225152665,120069.0,nan,0.48043181652396627,0.5195681834760337,1.0,0.0,0.7460479029481982,1.9953057241598087,nan,1.0,nan,physics,True,234.509765625,2.372008920250974,5.862744140625,nan,nan,469.7390094550271,2.672780189148066,0.48043181652396627
edb_slow,phi0.9_muy1,abf,9,main,512.0,80000.0,0.0005,40.0,0.028985240792244283,2.9185596951170085,115509.0,nan,0.43133481832808723,0.5686651816719127,1.0,0.0,0.7556591510664908,1.9953057241598087,nan,1.0,nan,physics,True,225.603515625,2.355266643412171,5.640087890625,nan,nan,459.8802010872144,2.663588051706078,0.43133481832808723
edb_slow,phi0.75_muy0.003,fr,0,main,512.0,80000.0,0.0005,40.0,1.5458870079802396,67.09081793917818,141049.0,nan,0.4846777797741225,0.5153222202258775,1.0,0.0,0.8513750887799594,1.9967825536970527,nan,1.0,nan,physics,True,275.486328125,2.4416736608968796,6.887158203125,nan,nan,551.4905509509973,2.742324854836908,0.4846777797741225
edb_slow,phi0.75_muy0.003,fr,1,main,512.0,80000.0,0.0005,40.0,0.6951038350046522,30.09924073301862,132130.0,nan,0.507530954218189,0.49246904578181117,1.0,0.0,0.8386605541287225,1.9967825536970527,nan,1.0,nan,physics,True,258.06640625,2.4134111006502668,6.45166015625,nan,nan,516.249929519527,2.713700440160812,0.49246904578181117
edb_slow,phi0.75_muy0.003,fr,10,main,512.0,80000.0,0.0005,40.0,0.9849546722407393,41.705111585466994,137834.0,nan,0.5030718173581491,0.4969281826418509,1.0,0.0,0.7950812144960517,1.9967825536970527,nan,1.0,nan,physics,True,269.20703125,2.43169664591971,6.73017578125,nan,nan,538.434385300716,2.731938626340824,0.4969281826418509
edb_slow,phi0.75_muy0.003,fr,11,main,512.0,80000.0,0.0005,40.0,0.8323631680762478,36.35908797479823,130849.0,nan,0.48870444852268374,0.5112955514773162,1.0,0.0,0.8126842067649306,1.9967825536970527,nan,1.0,nan,physics,True,255.564453125,2.4091964849264293,6.389111328125,nan,nan,511.38989814122255,2.709600558963416,0.48870444852268374
edb_slow,phi0.75_muy0.003,fr,12,main,512.0,80000.0,0.0005,40.0,1.1369362925538964,48.53885918536087,142101.0,nan,0.4995334122512889,0.500466587748711,1.0,0.0,0.8273198968371115,1.9967825536970527,nan,1.0,nan,physics,True,277.541015625,2.444889154799006,6.938525390625,nan,nan,555.0825146250178,2.7451392394012006,0.4995334122512889
edb_slow,phi0.75_muy0.003,fr,13,main,512.0,80000.0,0.0005,40.0,1.0734830873276493,45.27364795848777,144001.0,nan,0.5026027798959718,0.49739722010402826,1.0,0.0,0.7378285902457308,1.9967825536970527,nan,1.0,nan,physics,True,281.251953125,2.4506369558351815,7.031298828125,nan,nan,562.5191493110756,2.750908678676407,0.49739722010402826
edb_slow,phi0.75_muy0.003,fr,14,main,512.0,80000.0,0.0005,40.0,0.9827297974829011,43.3322753287442,138259.0,nan,0.4979606014078405,0.5020393985921596,1.0,0.0,0.9031542225336249,1.9967825536970527,nan,1.0,nan,physics,True,270.037109375,2.433028756901863,6.750927734375,nan,nan,540.0832038909228,2.7332640529296164,0.4979606014078405
edb_slow,phi0.75_muy0.003,fr,15,main,512.0,80000.0,0.0005,40.0,0.9960604943519185,42.38069825329906,137915.0,nan,0.49516700000457964,0.5048329999954203,1.0,0.0,0.8574555185258516,1.9967825536970527,nan,1.0,nan,physics,True,269.365234375,2.4319508459611767,6.734130859375,nan,nan,538.7808078791278,2.732217438982323,0.49516700000457964
edb_slow,phi0.75_muy0.003,fr,16,main,512.0,80000.0,0.0005,40.0,1.1307506328209713,47.539537490056425,140421.0,nan,0.49823350803111655,0.5017664919688835,1.0,0.0,0.9185551631014591,1.9967825536970527,nan,1.0,nan,physics,True,274.259765625,2.4397427357521106,6.856494140625,nan,nan,548.526377942813,2.739988543929768,0.49823350803111655
edb_slow,phi0.75_muy0.003,fr,17,main,512.0,80000.0,0.0005,40.0,0.9912133459645834,42.22010274311289,137670.0,nan,0.4812564868235045,0.5187435131764956,1.0,0.0,0.7218564884537851,1.9967825536970527,nan,1.0,nan,physics,True,268.88671875,2.4311815132504484,6.72216796875,nan,nan,538.5302217123509,2.732015776646918,0.4812564868235045
edb_slow,phi0.75_muy0.003,fr,18,main,512.0,80000.0,0.0005,40.0,0.9964224302065475,42.538255003757065,142520.0,nan,0.5060477770011498,0.4939522229988501,1.0,0.0,0.8226994757290681,1.9967825536970527,nan,1.0,nan,physics,True,278.359375,2.4461632503961988,6.958984375,nan,nan,556.8002112220458,2.746478674384229,0.4939522229988501
edb_slow,phi0.75_muy0.003,fr,19,main,512.0,80000.0,0.0005,40.0,1.210393311021557,51.41364581968335,139657.0,nan,0.49481044600956187,0.5051895539904382,1.0,0.0,0.6969787798788752,1.9967825536970527,nan,1.0,nan,physics,True,272.767578125,2.43738201401292,6.819189453125,nan,nan,545.5939308376744,2.737664805149651,0.49481044600956187
edb_slow,phi0.75_muy0.003,fr,2,main,512.0,80000.0,0.0005,40.0,1.057032395127007,44.99749982890014,138146.0,nan,0.4825239101750773,0.5174760898249228,1.0,0.0,0.7955327489737763,1.9967825536970527,nan,1.0,nan,physics,True,269.81640625,2.432674970677864,6.74541015625,nan,nan,540.2928639042411,2.7334323016385595,0.4825239101750773
edb_slow,phi0.75_muy0.003,fr,3,main,512.0,80000.0,0.0005,40.0,1.3446060723831803,57.2329724754249,142288.0,nan,0.5074840294321921,0.492515970567808,1.0,0.0,0.7698521586029994,1.9967825536970527,nan,1.0,nan,physics,True,277.90625,2.445458246464325,6.94765625,nan,nan,555.9370536864417,2.745806112980847,0.492515970567808
edb_slow,phi0.75_muy0.003,fr,4,main,512.0,80000.0,0.0005,40.0,0.5895885337375454,25.29490848367397,134737.0,nan,0.4943522033300089,0.5056477966699912,1.0,0.0,0.8283933923555746,1.9967825536970527,nan,1.0,nan,physics,True,263.158203125,2.4218641017411318,6.578955078125,nan,nan,526.3835677551768,2.722126593898012,0.4943522033300089
edb_slow,phi0.75_muy0.003,fr,5,main,512.0,80000.0,0.0005,40.0,0.8226911221237292,35.473789284537375,133237.0,nan,0.4950292932647683,0.5049707067352317,1.0,0.0,0.8157809168853614,1.9967825536970527,nan,1.0,nan,physics,True,260.228515625,2.4170205826437496,6.505712890625,nan,nan,520.5084739882808,2.717261369668494,0.4950292932647683
edb_slow,phi0.75_muy0.003,fr,6,main,512.0,80000.0,0.0005,40.0,0.9735851888621931,41.241298700023506,131045.0,nan,0.48894092513369314,0.511059074866307,1.0,0.0,0.8162994845842276,1.9967825536970527,nan,1.0,nan,physics,True,255.947265625,2.409844000381602,6.398681640625,nan,nan,512.1450790488593,2.7102401684698707,0.48894092513369314
edb_slow,phi0.75_muy0.003,fr,7,main,512.0,80000.0,0.0005,40.0,1.2265978287468173,52.15317897015147,137592.0,nan,0.5069279848800142,0.49307201511998583,1.0,0.0,0.7733530153686915,1.9967825536970527,nan,1.0,nan,physics,True,268.734375,2.4309362965511703,6.718359375,nan,nan,537.5719573101027,2.7312437365568494,0.49307201511998583
edb_slow,phi0.75_muy0.003,fr,8,main,512.0,80000.0,0.0005,40.0,0.9434980476280453,40.680616241425255,133654.0,nan,0.5029251907910771,0.49707480920892294,1.0,0.0,0.8338599827425321,1.9967825536970527,nan,1.0,nan,physics,True,261.04296875,2.4183725110180294,6.52607421875,nan,nan,522.1038075285675,2.718587881148882,0.49707480920892294
edb_slow,phi0.75_muy0.003,fr,9,main,512.0,80000.0,0.0005,40.0,1.1504069280764295,48.99482098115489,138900.0,nan,0.5006904508716506,0.49930954912834935,1.0,0.0,0.8129989911257606,1.9967825536970527,nan,1.0,nan,physics,True,271.2890625,2.435030196641848,6.7822265625,nan,nan,542.5791596385701,2.7352627978995505,0.49930954912834935
edb_slow,phi0.75_muy0.01,fr,0,main,512.0,80000.0,0.0005,40.0,0.9488545416205454,42.76915487684023,135478.0,nan,0.49396749186151234,0.5060325081384875,1.0,0.0,0.9125835384225466,1.9967825536970527,nan,1.0,nan,physics,True,264.60546875,2.4242370128025197,6.61513671875,nan,nan,529.2879831029475,2.7245117856491836,0.49396749186151234
edb_slow,phi0.75_muy0.01,fr,1,main,512.0,80000.0,0.0005,40.0,0.7466602780168042,33.40230171983596,136744.0,nan,0.4838058298960255,0.5161941701039745,1.0,0.0,0.7827081511525711,1.9967825536970527,nan,1.0,nan,physics,True,267.078125,2.4282613772824475,6.676953125,nan,nan,534.7171707618963,2.728935566566311,0.4838058298960255
edb_slow,phi0.75_muy0.01,fr,10,main,512.0,80000.0,0.0005,40.0,0.9126733621102849,40.482517871498814,136242.0,nan,0.49570372324560014,0.5042962767543999,1.0,0.0,0.8697449335053278,1.9967825536970527,nan,1.0,nan,physics,True,266.09765625,2.4266700771559373,6.65244140625,nan,nan,532.2346084327305,2.7269183285955325,0.49570372324560014
edb_slow,phi0.75_muy0.01,fr,11,main,512.0,80000.0,0.0005,40.0,0.8657821649097264,38.613687562924866,135090.0,nan,0.4774644532957499,0.5225355467042502,1.0,0.0,0.8356318254128174,1.9967825536970527,nan,1.0,nan,physics,True,263.84765625,2.4229961340313078,6.59619140625,nan,nan,528.7694566042369,2.7240869158135768,0.4774644532957499
edb_slow,phi0.75_muy0.01,fr,12,main,512.0,80000.0,0.0005,40.0,0.6232560834640015,28.657620690043238,133627.0,nan,0.4935256074161943,0.5064743925838058,1.0,0.0,0.9032465471624547,1.9967825536970527,nan,1.0,nan,physics,True,260.990234375,2.4182851033957267,6.524755859375,nan,nan,522.0680044338534,2.7185581554646348,0.4935256074161943
edb_slow,phi0.75_muy0.01,fr,13,main,512.0,80000.0,0.0005,40.0,0.6466619703799366,28.948022413889134,128183.0,nan,0.4959785539878624,0.5040214460121375,1.0,0.0,0.8221134228988032,1.9967825536970527,nan,1.0,nan,physics,True,250.357421875,2.4002917132433073,6.258935546875,nan,nan,500.7472361433526,2.7004849888705413,0.4959785539878624
edb_slow,phi0.75_muy0.01,fr,14,main,512.0,80000.0,0.0005,40.0,0.6959383777883565,31.232158800315133,135706.0,nan,0.5151785900561531,0.4848214099438469,1.0,0.0,0.760362370700069,1.9967825536970527,nan,1.0,nan,physics,True,265.05078125,2.4249645385551064,6.62626953125,nan,nan,530.5905326540352,2.7255772377847585,0.4848214099438469
edb_slow,phi0.75_muy0.01,fr,15,main,512.0,80000.0,0.0005,40.0,0.8620003602402072,38.88273611127387,135364.0,nan,0.5110682483850293,0.48893175161497077,1.0,0.0,0.7008246131298175,1.9967825536970527,nan,1.0,nan,physics,True,264.3828125,2.423872792386294,6.6095703125,nan,nan,529.0248601368895,2.7242962401046866,0.48893175161497077
edb_slow,phi0.75_muy0.01,fr,16,main,512.0,80000.0,0.0005,40.0,1.0164999381295239,44.27679336355351,138755.0,nan,0.4941150870015188,0.5058849129984813,1.0,0.0,0.7516454275933717,1.9967825536970527,nan,1.0,nan,physics,True,271.005859375,2.4345782594269254,6.775146484375,nan,nan,542.0868133879221,2.7348692578793767,0.4941150870015188
edb_slow,phi0.75_muy0.01,fr,17,main,512.0,80000.0,0.0005,40.0,0.7010274766290925,31.523639937836577,134110.0,nan,0.4851123552460548,0.5148876447539453,1.0,0.0,0.913143957408755,1.9967825536970527,nan,1.0,nan,physics,True,261.93359375,2.419846077350911,6.54833984375,nan,nan,524.3320434404501,2.7204338920746434,0.4851123552460548
edb_slow,phi0.75_muy0.01,fr,18,main,512.0,80000.0,0.0005,40.0,0.9008575151455027,39.86493520003106,136616.0,nan,0.49245000787161824,0.5075499921283818,1.0,0.0,0.8186802452081622,1.9967825536970527,nan,1.0,nan,physics,True,266.828125,2.42785618093196,6.670703125,nan,nan,533.7779564580696,2.7281734973447582,0.49245000787161824
edb_slow,phi0.75_muy0.01,fr,19,main,512.0,80000.0,0.0005,40.0,0.9295875725059082,40.800991581368585,135997.0,nan,0.48371244801767405,0.5162875519823259,1.0,0.0,0.7312803824707582,1.9967825536970527,nan,1.0,nan,physics,True,265.619140625,2.425891324257986,6.640478515625,nan,nan,531.8025968740604,2.726566332913983,0.48371244801767405
edb_slow,phi0.75_muy0.01,fr,2,main,512.0,80000.0,0.0005,40.0,0.8221059118462729,36.81661829324834,135534.0,nan,0.49971394501610966,0.5002860549838903,1.0,0.0,0.817989785802663,1.9967825536970527,nan,1.0,nan,physics,True,264.71484375,2.4244158162794864,6.61787109375,nan,nan,529.42986078759,2.7246279648881164,0.49971394501610966
edb_slow,phi0.75_muy0.01,fr,3,main,512.0,80000.0,0.0005,40.0,0.6712530191136988,30.06979886632458,133670.0,nan,0.4877104787274381,0.5122895212725618,1.0,0.0,0.7316210333083021,1.9967825536970527,nan,1.0,nan,physics,True,261.07421875,2.418424299827476,6.52685546875,nan,nan,522.4640733718676,2.7188868803381347,0.4877104787274381
edb_slow,phi0.75_muy0.01,fr,4,main,512.0,80000.0,0.0005,40.0,0.5165359574440925,23.498946469907402,129378.0,nan,0.49957626754015605,0.5004237324598438,1.0,0.0,0.7483387512328209,1.9967825536970527,nan,1.0,nan,physics,True,252.69140625,2.4043057558247374,6.31728515625,nan,nan,505.38317546457455,2.7044792678539307,0.49957626754015605
edb_slow,phi0.75_muy0.01,fr,5,main,512.0,80000.0,0.0005,40.0,0.9447928257431641,41.94170974472098,137332.0,nan,0.477026793688003,0.522973206311997,1.0,0.0,0.7518153928681356,1.9967825536970527,nan,1.0,nan,physics,True,268.2265625,2.4301179061391442,6.7056640625,nan,nan,537.588012448434,2.731256682930981,0.477026793688003
edb_slow,phi0.75_muy0.01,fr,6,main,512.0,80000.0,0.0005,40.0,0.834400921932509,37.34370624465011,141388.0,nan,0.4975451272932699,0.5024548727067301,1.0,0.0,0.6917200131321213,1.9967825536970527,nan,1.0,nan,physics,True,276.1484375,2.4427124344816433,6.9037109375,nan,nan,552.3101887685002,2.74296866747639,0.4975451272932699
edb_slow,phi0.75_muy0.01,fr,7,main,512.0,80000.0,0.0005,40.0,0.5537733285017229,24.979517968772953,127364.0,nan,0.5196750998015515,0.48032490019844853,1.0,0.0,0.7838862527320752,1.9967825536970527,nan,1.0,nan,physics,True,248.7578125,2.397519081973389,6.2189453125,nan,nan,498.28719192693734,2.698350425364542,0.48032490019844853
edb_slow,phi0.75_muy0.01,fr,8,main,512.0,80000.0,0.0005,40.0,0.9533110185151825,42.03566865326554,140365.0,nan,0.5061258631515319,0.4938741368484682,1.0,0.0,0.8249165430931066,1.9967825536970527,nan,1.0,nan,physics,True,274.150390625,2.4395701337060034,6.853759765625,nan,nan,548.383096183553,2.739875292603391,0.4938741368484682
edb_slow,phi0.75_muy0.01,fr,9,main,512.0,80000.0,0.0005,40.0,0.7953767439023733,35.171164578485275,136361.0,nan,0.5179448498510449,0.482055150148955,1.0,0.0,0.7556576608553096,1.9967825536970527,nan,1.0,nan,physics,True,266.330078125,2.4270478253065564,6.658251953125,nan,nan,533.3471449975746,2.7278234933089247,0.482055150148955
edb_slow,phi0.75_muy0.03,fr,0,main,512.0,80000.0,0.0005,40.0,0.4088302297038794,19.798809924295597,129842.0,nan,0.4854529100784358,0.5145470899215642,1.0,0.0,0.7667182358597405,1.9967825536970527,nan,1.0,nan,physics,True,253.59765625,2.4058544013507195,6.33994140625,nan,nan,507.62500249615334,2.706397704992707,0.4854529100784358
edb_slow,phi0.75_muy0.03,fr,1,main,512.0,80000.0,0.0005,40.0,0.4609820670568485,21.58871964681976,128695.0,nan,0.5004756558270734,0.49952434417292657,1.0,0.0,0.888113922123821,1.9967825536970527,nan,1.0,nan,physics,True,251.357421875,2.4020160819326284,6.283935546875,nan,nan,502.7152987042603,2.7021851413320856,0.49952434417292657
edb_slow,phi0.75_muy0.03,fr,10,main,512.0,80000.0,0.0005,40.0,0.6388875779167879,30.706805816336043,132127.0,nan,0.4992972602481963,0.5007027397518038,1.0,0.0,0.7627170612988242,1.9967825536970527,nan,1.0,nan,physics,True,258.060546875,2.4134012779833904,6.451513671875,nan,nan,516.1221132834988,2.713593109560235,0.4992972602481963
edb_slow,phi0.75_muy0.03,fr,11,main,512.0,80000.0,0.0005,40.0,0.49759809424141627,23.64350593402647,130960.0,nan,0.4993735608641226,0.5006264391358773,1.0,0.0,0.8471715611404125,1.9967825536970527,nan,1.0,nan,physics,True,255.78125,2.409563308653718,6.39453125,nan,nan,511.5633030029445,2.7097475096246084,0.4993735608641226
edb_slow,phi0.75_muy0.03,fr,12,main,512.0,80000.0,0.0005,40.0,0.41119898676991806,19.81609036858668,131616.0,nan,0.5029181536948265,0.49708184630517344,1.0,0.0,0.8454931636419188,1.9967825536970527,nan,1.0,nan,physics,True,257.0625,2.4117249002187773,6.4265625,nan,nan,514.1425129710943,2.7119273922158227,0.49708184630517344
edb_slow,phi0.75_muy0.03,fr,13,main,512.0,80000.0,0.0005,40.0,0.5660192113406193,26.976120860701613,131941.0,nan,0.5019856763052347,0.49801432369476517,1.0,0.0,0.8191990877673034,1.9967825536970527,nan,1.0,nan,physics,True,257.697265625,2.4127918383406257,6.442431640625,nan,nan,515.4026599960109,2.7129884706559904,0.49801432369476517
edb_slow,phi0.75_muy0.03,fr,14,main,512.0,80000.0,0.0005,40.0,0.5514732978194608,25.763758663459498,130094.0,nan,0.5060455200195574,0.4939544799804425,1.0,0.0,0.7756122643580188,1.9967825536970527,nan,1.0,nan,physics,True,254.08984375,2.406693167778205,6.35224609375,nan,nan,508.25399080234837,2.7069344410627707,0.4939544799804425
edb_slow,phi0.75_muy0.03,fr,15,main,512.0,80000.0,0.0005,40.0,0.5647113790987155,26.878133695286245,130704.0,nan,0.49989775365031847,0.5001022463496816,1.0,0.0,0.8707248529963482,1.9967825536970527,nan,1.0,nan,physics,True,255.28125,2.4087168335763334,6.38203125,nan,nan,510.56252135032776,2.708898719217542,0.49989775365031847
edb_slow,phi0.75_muy0.03,fr,16,main,512.0,80000.0,0.0005,40.0,0.7452417899574525,35.31120785925353,135187.0,nan,0.4914009087225419,0.5085990912774581,1.0,0.0,0.7544882691925591,1.9967825536970527,nan,1.0,nan,physics,True,264.037109375,2.4233066862706263,6.600927734375,nan,nan,528.2304574252428,2.72364483005644,0.4914009087225419
edb_slow,phi0.75_muy0.03,fr,17,main,512.0,80000.0,0.0005,40.0,0.4862659093626886,22.457808069146267,130730.0,nan,0.5058015214108174,0.49419847858918253,1.0,0.0,0.8146461410034124,1.9967825536970527,nan,1.0,nan,physics,True,255.33203125,2.4088028790126805,6.38330078125,nan,nan,510.7328227677586,2.7090432737041,0.49419847858918253
edb_slow,phi0.75_muy0.03,fr,18,main,512.0,80000.0,0.0005,40.0,0.41829563245471646,20.19174584893139,130149.0,nan,0.49723707904916603,0.502762920950834,1.0,0.0,0.8018336504397233,1.9967825536970527,nan,1.0,nan,physics,True,254.197265625,2.4068760167170873,6.354931640625,nan,nan,508.4100555148068,2.707067513480936,0.49723707904916603
edb_slow,phi0.75_muy0.03,fr,19,main,512.0,80000.0,0.0005,40.0,0.6461157836700304,30.312516772673483,133321.0,nan,0.5031845375511341,0.4968154624488659,1.0,0.0,0.812342047352842,1.9967825536970527,nan,1.0,nan,physics,True,260.392578125,2.4172932522379544,6.509814453125,nan,nan,520.8062828181397,2.7175093039263754,0.4968154624488659
edb_slow,phi0.75_muy0.03,fr,2,main,512.0,80000.0,0.0005,40.0,0.5704684285515801,26.83293619453409,131623.0,nan,0.49818533519604574,0.5018146648039542,1.0,0.0,0.8174839675732885,1.9967825536970527,nan,1.0,nan,physics,True,257.076171875,2.411747908066066,6.426904296875,nan,nan,514.1591162710539,2.7119413895178743,0.49818533519604574
edb_slow,phi0.75_muy0.03,fr,3,main,512.0,80000.0,0.0005,40.0,0.5433872786776494,25.923265700815385,130402.0,nan,0.5048607103976107,0.4951392896023893,1.0,0.0,0.8392336247698485,1.9967825536970527,nan,1.0,nan,physics,True,254.69140625,2.4077161316989097,6.36728515625,nan,nan,509.4309567933517,2.707937005753922,0.4951392896023893
edb_slow,phi0.75_muy0.03,fr,4,main,512.0,80000.0,0.0005,40.0,0.4551627358679471,21.966378430121708,131676.0,nan,0.4866770993718932,0.5133229006281068,1.0,0.0,0.8197912147539062,1.9967825536970527,nan,1.0,nan,physics,True,257.1796875,2.4119220707976434,6.4294921875,nan,nan,514.7248289720827,2.712418040512771,0.4866770993718932
edb_slow,phi0.75_muy0.03,fr,5,main,512.0,80000.0,0.0005,40.0,0.5921255721854592,28.323005205418085,131463.0,nan,0.5031893097812372,0.49681069021876273,1.0,0.0,0.8232463269971689,1.9967825536970527,nan,1.0,nan,physics,True,256.763671875,2.4112217096971653,6.419091796875,nan,nan,513.5482383780576,2.711426095676432,0.49681069021876273
edb_slow,phi0.75_muy0.03,fr,6,main,512.0,80000.0,0.0005,40.0,0.5472589829637416,26.42304313604555,132285.0,nan,0.48552642421391,0.5144735757860899,1.0,0.0,0.7280775339469392,1.9967825536970527,nan,1.0,nan,physics,True,258.369140625,2.4139183030760307,6.459228515625,nan,nan,517.1716388036064,2.7144736389698267,0.48552642421391
edb_slow,phi0.75_muy0.03,fr,7,main,512.0,80000.0,0.0005,40.0,0.7224181167616538,33.83514175772537,134915.0,nan,0.5016181489885038,0.49838185101149624,1.0,0.0,0.8336653992680249,1.9967825536970527,nan,1.0,nan,physics,True,263.505859375,2.4224352970367793,6.587646484375,nan,nan,527.017238530712,2.7226481014666777,0.49838185101149624
edb_slow,phi0.75_muy0.03,fr,8,main,512.0,80000.0,0.0005,40.0,0.4957161701940308,24.17960131765228,132174.0,nan,0.5006329289781857,0.49936707102181427,1.0,0.0,0.8795026799678287,1.9967825536970527,nan,1.0,nan,physics,True,258.15234375,2.413555140912726,6.45380859375,nan,nan,516.3055148260806,2.713747108306181,0.49936707102181427
edb_slow,phi0.75_muy0.03,fr,9,main,512.0,80000.0,0.0005,40.0,0.6349359786288069,30.308172600345323,133218.0,nan,0.5054856054088567,0.49451439459114344,1.0,0.0,0.7428649007592033,1.9967825536970527,nan,1.0,nan,physics,True,260.19140625,2.4169588836305933,6.50478515625,nan,nan,520.4454572012943,2.717208888265298,0.49451439459114344
edb_slow,phi0.75_muy0.1,fr,0,main,512.0,80000.0,0.0005,40.0,0.28146805504416034,15.201326558038321,128732.0,nan,0.4951749217274169,0.5048250782725832,1.0,0.0,0.8496624776615234,1.9967825536970527,nan,1.0,nan,physics,True,251.4296875,2.402140429649915,6.2857421875,nan,nan,502.9062084028457,2.702349709136653,0.4951749217274169
edb_slow,phi0.75_muy0.1,fr,1,main,512.0,80000.0,0.0005,40.0,0.20599405549517538,10.997335576572622,128391.0,nan,0.4976239996596817,0.5023760003403184,1.0,0.0,0.786500808378349,1.9967825536970527,nan,1.0,nan,physics,True,250.763671875,2.4009930639670554,6.269091796875,nan,nan,501.5386692507101,2.701169485388171,0.4976239996596817
edb_slow,phi0.75_muy0.1,fr,10,main,512.0,80000.0,0.0005,40.0,0.3201274267159891,17.01150069893123,128353.0,nan,0.49985560698729076,0.5001443930127092,1.0,0.0,0.8480405201618813,1.9967825536970527,nan,1.0,nan,physics,True,250.689453125,2.400865017115376,6.267236328125,nan,nan,501.3789480636849,2.7010314322193203,0.49985560698729076
edb_slow,phi0.75_muy0.1,fr,11,main,512.0,80000.0,0.0005,40.0,0.26629645742447433,14.277327220845663,127756.0,nan,0.5036964207105399,0.4963035792894601,1.0,0.0,0.7687270462495572,1.9967825536970527,nan,1.0,nan,physics,True,249.5234375,2.398848362142472,6.2380859375,nan,nan,499.0741514507154,2.69903440669235,0.4963035792894601
edb_slow,phi0.75_muy0.1,fr,12,main,512.0,80000.0,0.0005,40.0,0.28007115398270716,14.963272351186209,130093.0,nan,0.472788395794142,0.5272116042058579,1.0,0.0,0.732200223872179,1.9967825536970527,nan,1.0,nan,physics,True,254.087890625,2.40668984253936,6.352197265625,nan,nan,509.6854111368228,2.7081534514461545,0.472788395794142
edb_slow,phi0.75_muy0.1,fr,13,main,512.0,80000.0,0.0005,40.0,0.2162092850592054,11.683438043370067,126974.0,nan,0.489819841881231,0.510180158118769,1.0,0.0,0.7290489696518573,1.9967825536970527,nan,1.0,nan,physics,True,247.99609375,2.3961925339386,6.19990234375,nan,nan,496.19788259948007,2.6965292704577006,0.489819841881231
edb_slow,phi0.75_muy0.1,fr,14,main,512.0,80000.0,0.0005,40.0,0.1927895395769512,10.320630071245326,127130.0,nan,0.4981743283270252,0.5018256716729749,1.0,0.0,0.8558860607543699,1.9967825536970527,nan,1.0,nan,physics,True,248.30078125,2.3967236394826434,6.20751953125,nan,nan,496.608183433371,2.696887513947095,0.4981743283270252
edb_slow,phi0.75_muy0.1,fr,15,main,512.0,80000.0,0.0005,40.0,0.33614898395666876,18.003289998107995,129416.0,nan,0.49832511959198456,0.5016748804080156,1.0,0.0,0.8687183363802046,1.9967825536970527,nan,1.0,nan,physics,True,252.765625,2.4044327923690103,6.319140625,nan,nan,505.53692257800304,2.7046111075194923,0.49832511959198456
edb_slow,phi0.75_muy0.1,fr,16,main,512.0,80000.0,0.0005,40.0,0.23589232859283663,12.47335459885962,129465.0,nan,0.4934614599918031,0.506538540008197,1.0,0.0,0.8891183011778903,1.9967825536970527,nan,1.0,nan,physics,True,252.861328125,2.404596547817081,6.321533203125,nan,nan,505.8091546845465,2.704844451106971,0.4934614599918031
edb_slow,phi0.75_muy0.1,fr,17,main,512.0,80000.0,0.0005,40.0,0.19757136266075176,10.520564186689407,128713.0,nan,0.49360114847164704,0.506398851528353,1.0,0.0,0.8267519266504868,1.9967825536970527,nan,1.0,nan,physics,True,251.392578125,2.402076579863898,6.284814453125,nan,nan,502.86751649706684,2.702316361013424,0.49360114847164704
edb_slow,phi0.75_muy0.1,fr,18,main,512.0,80000.0,0.0005,40.0,0.23300662503902772,12.189915332157737,130114.0,nan,0.5038949597058391,0.4961050402941608,1.0,0.0,0.8321625662381953,1.9967825536970527,nan,1.0,nan,physics,True,254.12890625,2.4067596672090175,6.35322265625,nan,nan,508.28865690149775,2.70696400348828,0.4961050402941608
edb_slow,phi0.75_muy0.1,fr,19,main,512.0,80000.0,0.0005,40.0,0.21120556902118207,11.275711897116425,128652.0,nan,0.49896040509277323,0.5010395949072267,1.0,0.0,0.7258597450490305,1.9967825536970527,nan,1.0,nan,physics,True,251.2734375,2.401871524974655,6.2818359375,nan,nan,502.549047534752,2.7020417788345394,0.49896040509277323
edb_slow,phi0.75_muy0.1,fr,2,main,512.0,80000.0,0.0005,40.0,0.21007426614304472,11.417103755378475,127254.0,nan,0.498656054452511,0.501343945547489,1.0,0.0,0.8515265679932449,1.9967825536970527,nan,1.0,nan,physics,True,248.54296875,2.397145337471643,6.21357421875,nan,nan,497.089528851818,2.697307411819364,0.498656054452511
edb_slow,phi0.75_muy0.1,fr,3,main,512.0,80000.0,0.0005,40.0,0.21340184970259643,11.561597309919623,129518.0,nan,0.5009777039626621,0.4990222960373379,1.0,0.0,0.8339499099118207,1.9967825536970527,nan,1.0,nan,physics,True,252.96484375,2.4047736015722467,6.32412109375,nan,nan,505.9316219903466,2.7049493830118623,0.4990222960373379
edb_slow,phi0.75_muy0.1,fr,4,main,512.0,80000.0,0.0005,40.0,0.19317613137855053,10.463410863548742,126478.0,nan,0.5042612077284894,0.49573879227151063,1.0,0.0,0.8519928130872603,1.9967825536970527,nan,1.0,nan,physics,True,247.02734375,2.3944995622178418,6.17568359375,nan,nan,494.09057407175595,2.694684657966322,0.49573879227151063
edb_slow,phi0.75_muy0.1,fr,5,main,512.0,80000.0,0.0005,40.0,0.28002186772985,14.752832756012795,128807.0,nan,0.494143932104443,0.505856067895557,1.0,0.0,0.851966622593022,1.9967825536970527,nan,1.0,nan,physics,True,251.576171875,2.4023923766574624,6.289404296875,nan,nan,503.2213727013756,2.702621250403391,0.494143932104443
edb_slow,phi0.75_muy0.1,fr,6,main,512.0,80000.0,0.0005,40.0,0.25472772317271014,13.4216380385735,127626.0,nan,0.49165282432574026,0.5083471756742597,1.0,0.0,0.8199843664016037,1.9967825536970527,nan,1.0,nan,physics,True,249.26953125,2.3984079801897478,6.23173828125,nan,nan,498.67804475273954,2.6986902674889945,0.49165282432574026
edb_slow,phi0.75_muy0.1,fr,7,main,512.0,80000.0,0.0005,40.0,0.2601417207431975,14.030364609175962,127546.0,nan,0.503369506509278,0.4966304934907219,1.0,0.0,0.8233558154143346,1.9967825536970527,nan,1.0,nan,physics,True,249.11328125,2.3981367537874503,6.22783203125,nan,nan,498.24919013643404,2.6983173690468703,0.4966304934907219
edb_slow,phi0.75_muy0.1,fr,8,main,512.0,80000.0,0.0005,40.0,0.2220389822388948,11.945944635525478,127578.0,nan,0.49746252673529984,0.5025374732647001,1.0,0.0,0.8618525787049682,1.9967825536970527,nan,1.0,nan,physics,True,249.17578125,2.3982452646756336,6.22939453125,nan,nan,498.364397916072,2.698417576181621,0.49746252673529984
edb_slow,phi0.75_muy0.1,fr,9,main,512.0,80000.0,0.0005,40.0,0.2771804446286072,14.9917675593402,130441.0,nan,0.4959561516142683,0.5040438483857318,1.0,0.0,0.8204892762981869,1.9967825536970527,nan,1.0,nan,physics,True,254.767578125,2.40784549114412,6.369189453125,nan,nan,509.5684875523329,2.7080540065033536,0.4959561516142683
edb_slow,phi0.75_muy1,fr,0,main,512.0,80000.0,0.0005,40.0,0.02970288159349518,2.342705143598524,125708.0,nan,0.5115656793267102,0.48843432067328985,1.0,0.0,0.788314904477215,1.9967825536970527,nan,1.0,nan,physics,True,245.5234375,2.391858214862926,6.1380859375,nan,nan,491.30975507627284,2.692238441366544,0.48843432067328985
edb_slow,phi0.75_muy1,fr,1,main,512.0,80000.0,0.0005,40.0,0.024385561662296096,2.1093360179071805,126432.0,nan,0.5098884230768117,0.49011157692318824,1.0,0.0,0.8230117579335611,1.9967825536970527,nan,1.0,nan,physics,True,246.9375,2.3943422178182256,6.1734375,nan,nan,494.0682417709995,2.6946650675837827,0.49011157692318824
edb_slow,phi0.75_muy1,fr,10,main,512.0,80000.0,0.0005,40.0,0.03191692099277234,2.33103171201892,127606.0,nan,0.5118028232918067,0.48819717670819324,1.0,0.0,0.8210464146114768,1.9967825536970527,nan,1.0,nan,physics,True,249.23046875,2.398340189467535,6.23076171875,nan,nan,498.7388480279521,2.6987431113565132,0.48819717670819324
edb_slow,phi0.75_muy1,fr,11,main,512.0,80000.0,0.0005,40.0,0.03149352017953593,2.4158586791911874,125511.0,nan,0.5044346725628839,0.4955653274371161,1.0,0.0,0.8132909351258476,1.9967825536970527,nan,1.0,nan,physics,True,245.138671875,2.391179852883962,6.128466796875,nan,nan,490.315914590161,2.691360831927917,0.4955653274371161
edb_slow,phi0.75_muy1,fr,12,main,512.0,80000.0,0.0005,40.0,0.02632480735362642,2.086088575897446,125384.0,nan,0.5001327829225243,0.4998672170774756,1.0,0.0,0.7834309489899366,1.9967825536970527,nan,1.0,nan,physics,True,244.890625,2.3907419708355717,6.122265625,nan,nan,489.78128454193205,2.6908879929809237,0.4998672170774756
edb_slow,phi0.75_muy1,fr,13,main,512.0,80000.0,0.0005,40.0,0.0246287881549479,2.1066014377639335,126016.0,nan,0.4936017046777019,0.5063982953222981,1.0,0.0,0.8496750272336335,1.9967825536970527,nan,1.0,nan,physics,True,246.125,2.392916682321729,6.153125,nan,nan,492.3306204842132,2.6931380724753438,0.4936017046777019
edb_slow,phi0.75_muy1,fr,14,main,512.0,80000.0,0.0005,40.0,0.02444747385208276,2.09601028095059,126536.0,nan,0.5130298297352984,0.4869701702647016,1.0,0.0,0.744753669171922,1.9967825536970527,nan,1.0,nan,physics,True,247.140625,2.3946978717651386,6.178515625,nan,nan,494.6171473991615,2.695146323716954,0.4869701702647016
edb_slow,phi0.75_muy1,fr,15,main,512.0,80000.0,0.0005,40.0,0.02106880238235516,1.6288489337091474,125296.0,nan,0.4969816942204869,0.5030183057795131,1.0,0.0,0.7912326431033246,1.9967825536970527,nan,1.0,nan,physics,True,244.71875,2.390438297346357,6.11796875,nan,nan,489.45533608484317,2.6905994639584034,0.4969816942204869
edb_slow,phi0.75_muy1,fr,16,main,512.0,80000.0,0.0005,40.0,0.026826801739721583,2.213823021572985,127082.0,nan,0.515999455440352,0.48400054455964797,1.0,0.0,0.813119631562919,1.9967825536970527,nan,1.0,nan,physics,True,248.20703125,2.396560291558549,6.20517578125,nan,nan,496.9228768891932,2.697162080239105,0.48400054455964797
edb_slow,phi0.75_muy1,fr,17,main,512.0,80000.0,0.0005,40.0,0.0300462124070851,2.0108042572829117,125098.0,nan,0.49876248738688456,0.5012375126131154,1.0,0.0,0.7854003471994688,1.9967825536970527,nan,1.0,nan,physics,True,244.33203125,2.3897542546350623,6.10830078125,nan,nan,488.6670559521547,2.689900886335003,0.49876248738688456
edb_slow,phi0.75_muy1,fr,18,main,512.0,80000.0,0.0005,40.0,0.029420397384789226,1.9604861129869973,127643.0,nan,0.5052404016115212,0.4947595983884789,1.0,0.0,0.9196423523513838,1.9967825536970527,nan,1.0,nan,physics,True,249.302734375,2.398465593984921,6.232568359375,nan,nan,498.66024519973803,2.698674796756556,0.4947595983884789
edb_slow,phi0.75_muy1,fr,19,main,512.0,80000.0,0.0005,40.0,0.02893787597661351,2.288479654486281,125917.0,nan,0.5095091337446639,0.4904908662553362,1.0,0.0,0.7470411964833464,1.9967825536970527,nan,1.0,nan,physics,True,245.931640625,2.392576741889927,6.148291015625,nan,nan,492.04124986300985,2.6928832556635576,0.4904908662553362
edb_slow,phi0.75_muy1,fr,2,main,512.0,80000.0,0.0005,40.0,0.026690958736712563,2.197363918390327,126502.0,nan,0.4934400775646434,0.5065599224353566,1.0,0.0,0.8992445065761753,1.9967825536970527,nan,1.0,nan,physics,True,247.07421875,2.3945816323237987,6.17685546875,nan,nan,494.2335100769056,2.6948100236314136,0.4934400775646434
edb_slow,phi0.75_muy1,fr,3,main,512.0,80000.0,0.0005,40.0,0.021322702543181016,1.942759358293269,127546.0,nan,0.49659191137511294,0.503408088624887,1.0,0.0,0.8642577218282427,1.9967825536970527,nan,1.0,nan,physics,True,249.11328125,2.3981367537874503,6.22783203125,nan,nan,498.2497113172615,2.698317822419342,0.49659191137511294
edb_slow,phi0.75_muy1,fr,4,main,512.0,80000.0,0.0005,40.0,0.026652195774946104,1.7213055234376746,125667.0,nan,0.49593022443951534,0.5040697755604847,1.0,0.0,0.8317727321405403,1.9967825536970527,nan,1.0,nan,physics,True,245.443359375,2.3917171202158425,6.136083984375,nan,nan,490.91924327527516,2.6918938119571783,0.49593022443951534
edb_slow,phi0.75_muy1,fr,5,main,512.0,80000.0,0.0005,40.0,0.025067871953311695,1.7790518545679077,125884.0,nan,0.4967974721190507,0.5032025278809493,1.0,0.0,0.7540643235672301,1.9967825536970527,nan,1.0,nan,physics,True,245.8671875,2.3924633692568076,6.1466796875,nan,nan,491.7545491021829,2.6926306423697577,0.4967974721190507
edb_slow,phi0.75_muy1,fr,6,main,512.0,80000.0,0.0005,40.0,0.024141915926093684,1.9837584008038955,125621.0,nan,0.5003856840309299,0.4996143159690701,1.0,0.0,0.8115346650282298,1.9967825536970527,nan,1.0,nan,physics,True,245.353515625,2.3915587643200555,6.133837890625,nan,nan,490.7073232251201,2.691706676487386,0.4996143159690701
edb_slow,phi0.75_muy1,fr,7,main,512.0,80000.0,0.0005,40.0,0.032301020839722416,2.36020594995607,127698.0,nan,0.49396915339717384,0.5060308466028263,1.0,0.0,0.8156057462086604,1.9967825536970527,nan,1.0,nan,physics,True,249.41015625,2.3986519392104486,6.23525390625,nan,nan,498.89289365474355,2.6988769629809,0.49396915339717384
edb_slow,phi0.75_muy1,fr,8,main,512.0,80000.0,0.0005,40.0,0.02792630812130875,1.8632627404335858,128190.0,nan,0.5041441798629268,0.4958558201370732,1.0,0.0,0.8293130327013171,1.9967825536970527,nan,1.0,nan,physics,True,250.37109375,2.4003153348191146,6.25927734375,nan,nan,500.7765893027556,2.700510395173482,0.4958558201370732
edb_slow,phi0.75_muy1,fr,9,main,512.0,80000.0,0.0005,40.0,0.02911824006855719,2.4653316848640756,125632.0,nan,0.5008336799411188,0.4991663200588812,1.0,0.0,0.9065784922322537,1.9967825536970527,nan,1.0,nan,physics,True,245.375,2.3915966372874995,6.134375,nan,nan,490.75136433245837,2.691745573515088,0.4991663200588812
edb_slow,phi0.9_muy0.003,fr,0,main,512.0,80000.0,0.0005,40.0,1.7877504289089579,77.03782292656166,144075.0,nan,0.4842479023118497,0.5157520976881502,1.0,0.0,0.7827807754121902,1.9953057241598087,nan,1.0,nan,physics,True,281.396484375,2.4508592857719695,7.034912109375,nan,nan,563.3521037837612,2.751550148340499,0.4842479023118497
edb_slow,phi0.9_muy0.003,fr,1,main,512.0,80000.0,0.0005,40.0,1.0470119154374873,44.948388719175114,134077.0,nan,0.5099612352745011,0.4900387647254989,1.0,0.0,0.6922964752539368,1.9953057241598087,nan,1.0,nan,physics,True,261.869140625,2.4197396053421554,6.546728515625,nan,nan,523.9462380439944,2.720114827755673,0.4900387647254989
edb_slow,phi0.9_muy0.003,fr,10,main,512.0,80000.0,0.0005,40.0,1.3310115603875405,56.44950262518178,136855.0,nan,0.5064876181790477,0.4935123818209523,1.0,0.0,0.7613112522905343,1.9953057241598087,nan,1.0,nan,physics,True,267.294921875,2.428612452684846,6.682373046875,nan,nan,534.6798607182116,2.7289053190565227,0.4935123818209523
edb_slow,phi0.9_muy0.003,fr,11,main,512.0,80000.0,0.0005,40.0,1.0243865491662008,44.39540434377457,134885.0,nan,0.5078736701015041,0.492126329898496,1.0,0.0,0.706967717365432,1.9953057241598087,nan,1.0,nan,physics,True,263.447265625,2.42233908078925,6.586181640625,nan,nan,527.02522229186,2.7226546680651627,0.492126329898496
edb_slow,phi0.9_muy0.003,fr,12,main,512.0,80000.0,0.0005,40.0,1.2166852866200342,52.074330765551466,136419.0,nan,0.5020410063717043,0.49795899362829565,1.0,0.0,0.7970258140151051,1.9953057241598087,nan,1.0,nan,physics,True,266.443359375,2.4272318188225546,6.661083984375,nan,nan,532.8955982977163,2.7274563403317935,0.49795899362829565
edb_slow,phi0.9_muy0.003,fr,13,main,512.0,80000.0,0.0005,40.0,1.1339012909585036,48.591555322726705,135256.0,nan,0.5017553594871524,0.49824464051284756,1.0,0.0,0.8074430284000144,1.9953057241598087,nan,1.0,nan,physics,True,264.171875,2.4235274594761846,6.604296875,nan,nan,528.3502619950251,2.723743132364107,0.49824464051284756
edb_slow,phi0.9_muy0.003,fr,14,main,512.0,80000.0,0.0005,40.0,1.1402864985641283,48.857098930741486,136017.0,nan,0.4929272943796537,0.5070727056203463,1.0,0.0,0.8903635657272269,1.9953057241598087,nan,1.0,nan,physics,True,265.658203125,2.425954948293128,6.641455078125,nan,nan,531.4227400391969,2.7262565961314067,0.4929272943796537
edb_slow,phi0.9_muy0.003,fr,15,main,512.0,80000.0,0.0005,40.0,1.375301222393422,59.51287335529351,144597.0,nan,0.4860227940853638,0.5139772059146361,1.0,0.0,0.7909064373231776,1.9953057241598087,nan,1.0,nan,physics,True,282.416015625,2.452424388258065,7.060400390625,nan,nan,565.2737639471084,2.7530264407772522,0.4860227940853638
edb_slow,phi0.9_muy0.003,fr,16,main,512.0,80000.0,0.0005,40.0,1.260576834938582,54.4154449688192,140587.0,nan,0.487281009848569,0.512718990151431,1.0,0.0,0.8108055441664288,1.9953057241598087,nan,1.0,nan,physics,True,274.583984375,2.4402539748478236,6.864599609375,nan,nan,549.5235604133456,2.740775909935481,0.487281009848569
edb_slow,phi0.9_muy0.003,fr,17,main,512.0,80000.0,0.0005,40.0,0.8797104067706112,38.39403763758692,130686.0,nan,0.4797813310697624,0.5202186689302376,1.0,0.0,0.8614672339956341,1.9953057241598087,nan,1.0,nan,physics,True,255.24609375,2.4086572536706385,6.38115234375,nan,nan,511.328300437596,2.709548346476408,0.4797813310697624
edb_slow,phi0.9_muy0.003,fr,18,main,512.0,80000.0,0.0005,40.0,1.1825192362294914,51.31487330727012,136601.0,nan,0.47750224270032865,0.5224977572996713,1.0,0.0,0.7703036503648046,1.9953057241598087,nan,1.0,nan,physics,True,266.798828125,2.427808672228046,6.669970703125,nan,nan,534.6801677575363,2.7289055679840186,0.47750224270032865
edb_slow,phi0.9_muy0.003,fr,19,main,512.0,80000.0,0.0005,40.0,1.2165725056512615,52.500835244321806,142995.0,nan,0.4961804934530477,0.5038195065469524,1.0,0.0,0.8634600120969708,1.9953057241598087,nan,1.0,nan,physics,True,279.287109375,2.4476031246741656,6.982177734375,nan,nan,558.6068159832012,2.7478829955372057,0.4961804934530477
edb_slow,phi0.9_muy0.003,fr,2,main,512.0,80000.0,0.0005,40.0,1.7276013697412196,74.9950702636711,147708.0,nan,0.4853956622056532,0.5146043377943467,1.0,0.0,0.7439195544510206,1.9953057241598087,nan,1.0,nan,physics,True,288.4921875,2.461636847954917,7.2123046875,nan,nan,577.4770476546521,2.762286132043721,0.4853956622056532
edb_slow,phi0.9_muy0.003,fr,3,main,512.0,80000.0,0.0005,40.0,1.3235049478490741,57.1410880548004,136831.0,nan,0.4954785962613847,0.5045214037386152,1.0,0.0,0.8154017535775269,1.9953057241598087,nan,1.0,nan,physics,True,267.248046875,2.428536568533616,6.681201171875,nan,nan,534.5398043350939,2.72879175557991,0.4954785962613847
edb_slow,phi0.9_muy0.003,fr,4,main,512.0,80000.0,0.0005,40.0,1.1257878486810597,48.40042777933363,135622.0,nan,0.4862181600275938,0.5137818399724062,1.0,0.0,0.82991603993444,1.9953057241598087,nan,1.0,nan,physics,True,264.88671875,2.424696644523584,6.62216796875,nan,nan,530.1762423208534,2.725238642301804,0.4862181600275938
edb_slow,phi0.9_muy0.003,fr,5,main,512.0,80000.0,0.0005,40.0,1.1727210079658354,51.18838034090435,139231.0,nan,0.4993992713558752,0.5006007286441249,1.0,0.0,0.7877880757669397,1.9953057241598087,nan,1.0,nan,physics,True,271.935546875,2.4360601014680445,6.798388671875,nan,nan,543.8718788288479,2.7362943942784757,0.4993992713558752
edb_slow,phi0.9_muy0.003,fr,6,main,512.0,80000.0,0.0005,40.0,1.2712958834348353,55.01914787947683,137308.0,nan,0.5075422077279079,0.4924577922720922,1.0,0.0,0.8725157353770666,1.9953057241598087,nan,1.0,nan,physics,True,268.1796875,2.430042284602839,6.7044921875,nan,nan,536.4814457680213,2.7303634766999285,0.4924577922720922
edb_slow,phi0.9_muy0.003,fr,7,main,512.0,80000.0,0.0005,40.0,1.5830746514176535,68.41920582198321,139354.0,nan,0.5025481704212366,0.49745182957876355,1.0,0.0,0.8008563895617159,1.9953057241598087,nan,1.0,nan,physics,True,272.17578125,2.4364421937806653,6.80439453125,nan,nan,544.3657011415928,2.7366878210398946,0.49745182957876355
edb_slow,phi0.9_muy0.003,fr,8,main,512.0,80000.0,0.0005,40.0,1.1103634863639265,48.26946146974079,138499.0,nan,0.4893446111830885,0.5106553888169115,1.0,0.0,0.8441863193441536,1.9953057241598087,nan,1.0,nan,physics,True,270.505859375,2.4337792065464905,6.762646484375,nan,nan,541.2575304479149,2.734205591869757,0.4893446111830885
edb_slow,phi0.9_muy0.003,fr,9,main,512.0,80000.0,0.0005,40.0,1.43486907096363,61.87746476099863,143920.0,nan,0.48308375514470536,0.5169162448552946,1.0,0.0,0.7582440140735478,1.9953057241598087,nan,1.0,nan,physics,True,281.09375,2.450393464139837,7.02734375,nan,nan,562.8317382349871,2.7511495187728445,0.48308375514470536
edb_slow,phi0.9_muy0.01,fr,0,main,512.0,80000.0,0.0005,40.0,0.9011676654722772,40.80986844470112,133127.0,nan,0.5076634250811419,0.4923365749188582,1.0,0.0,0.8117769726408164,1.9953057241598087,nan,1.0,nan,physics,True,260.013671875,2.416663256243879,6.500341796875,nan,nan,520.1495332918813,2.7169623531763243,0.4923365749188582
edb_slow,phi0.9_muy0.01,fr,1,main,512.0,80000.0,0.0005,40.0,0.7715794183422906,35.02968616863524,130818.0,nan,0.4941765073963477,0.5058234926036522,1.0,0.0,0.8044073979283369,1.9953057241598087,nan,1.0,nan,physics,True,255.50390625,2.4090939832876104,6.38759765625,nan,nan,511.0771412715064,2.7093353896964913,0.4941765073963477
edb_slow,phi0.9_muy0.01,fr,10,main,512.0,80000.0,0.0005,40.0,0.904779724875165,40.082247773498224,133000.0,nan,0.5061301281574653,0.4938698718425346,1.0,0.0,0.8493226459182251,1.9953057241598087,nan,1.0,nan,physics,True,259.765625,2.416250340676603,6.494140625,nan,nan,519.6093545007095,2.7165119674066007,0.4938698718425346
edb_slow,phi0.9_muy0.01,fr,11,main,512.0,80000.0,0.0005,40.0,0.9514812618891434,43.23708903900827,136528.0,nan,0.5073503550226555,0.4926496449773444,1.0,0.0,0.8779159773752747,1.9953057241598087,nan,1.0,nan,physics,True,266.65625,2.4275773889816232,6.66640625,nan,nan,533.4277795446329,2.727889024672171,0.4926496449773444
edb_slow,phi0.9_muy0.01,fr,12,main,512.0,80000.0,0.0005,40.0,0.7249788367936653,32.20961783143693,130834.0,nan,0.5194130753327655,0.4805869246672344,1.0,0.0,0.7815859459472265,1.9953057241598087,nan,1.0,nan,physics,True,255.53515625,2.4091468903801427,6.38837890625,nan,nan,511.84189879463725,2.7099834994904266,0.4805869246672344
edb_slow,phi0.9_muy0.01,fr,13,main,512.0,80000.0,0.0005,40.0,0.8969699534145424,40.23685400603996,131417.0,nan,0.48574227133110814,0.514257728668892,1.0,0.0,0.863924155875416,1.9953057241598087,nan,1.0,nan,physics,True,256.673828125,2.4110703095943258,6.416845703125,nan,nan,513.7654149934789,2.711609360722546,0.48574227133110814
edb_slow,phi0.9_muy0.01,fr,14,main,512.0,80000.0,0.0005,40.0,1.025933850197514,45.839166389200045,132544.0,nan,0.5029275947614539,0.49707240523854607,1.0,0.0,0.8599453864268172,1.9953057241598087,nan,1.0,nan,physics,True,258.875,2.4147645023395254,6.471875,nan,nan,517.7677507583154,2.714972970297486,0.49707240523854607
edb_slow,phi0.9_muy0.01,fr,15,main,512.0,80000.0,0.0005,40.0,1.1694549864707524,53.015134962649206,137580.0,nan,0.4820120502132946,0.5179879497867054,1.0,0.0,0.8299111642424831,1.9953057241598087,nan,1.0,nan,physics,True,268.7109375,2.430898558612995,6.7177734375,nan,nan,538.1183429255104,2.731684108485673,0.4820120502132946
edb_slow,phi0.9_muy0.01,fr,16,main,512.0,80000.0,0.0005,40.0,0.7872669374223816,35.99497023789553,132948.0,nan,0.4939100103227562,0.5060899896772437,1.0,0.0,0.8648821058023082,1.9953057241598087,nan,1.0,nan,physics,True,259.6640625,2.4160811595389218,6.4916015625,nan,nan,519.405179743766,2.7163416105700637,0.4939100103227562
edb_slow,phi0.9_muy0.01,fr,17,main,512.0,80000.0,0.0005,40.0,0.9737153458176371,43.37288237159546,133494.0,nan,0.4958421894629323,0.5041578105370678,1.0,0.0,0.7783305380952769,1.9953057241598087,nan,1.0,nan,physics,True,260.73046875,2.4178542829752088,6.51826171875,nan,nan,521.4969987847993,2.718083800209036,0.4958421894629323
edb_slow,phi0.9_muy0.01,fr,18,main,512.0,80000.0,0.0005,40.0,0.7529530597537057,33.806757364531784,132444.0,nan,0.4981847197208891,0.5018152802791109,1.0,0.0,0.850508957028112,1.9953057241598087,nan,1.0,nan,physics,True,258.6796875,2.4144379798500433,6.4669921875,nan,nan,517.3661943882701,2.7146366709694885,0.4981847197208891
edb_slow,phi0.9_muy0.01,fr,19,main,512.0,80000.0,0.0005,40.0,0.9069270105439794,40.46684247577883,132855.0,nan,0.4970752228383953,0.5029247771616048,1.0,0.0,0.8447920961341143,1.9953057241598087,nan,1.0,nan,physics,True,259.482421875,2.415778421146986,6.487060546875,nan,nan,518.9826019260049,2.7159888128387677,0.4970752228383953
edb_slow,phi0.9_muy0.01,fr,2,main,512.0,80000.0,0.0005,40.0,0.8071900118331314,36.164496808548634,130484.0,nan,0.49119454565004267,0.5088054543499574,1.0,0.0,0.8255591940311888,1.9953057241598087,nan,1.0,nan,physics,True,254.8515625,2.407988073577262,6.3712890625,nan,nan,509.86125546287036,2.7083029663410243,0.49119454565004267
edb_slow,phi0.9_muy0.01,fr,3,main,512.0,80000.0,0.0005,40.0,0.7052516665228441,32.239229186781394,129626.0,nan,0.5000985531010677,0.4999014468989323,1.0,0.0,0.830197980620869,1.9953057241598087,nan,1.0,nan,physics,True,253.17578125,2.4051341671048236,6.32939453125,nan,nan,506.3515821721919,2.7053090190568416,0.4999014468989323
edb_slow,phi0.9_muy0.01,fr,4,main,512.0,80000.0,0.0005,40.0,0.8465258362941485,38.247092766423435,133241.0,nan,0.5049265483651956,0.4950734516348045,1.0,0.0,0.8261286672866505,1.9953057241598087,nan,1.0,nan,physics,True,260.236328125,2.4170335707928308,6.505908203125,nan,nan,520.5231904710628,2.71727362488084,0.4950734516348045
edb_slow,phi0.9_muy0.01,fr,5,main,512.0,80000.0,0.0005,40.0,0.7411503379876727,33.75306768125519,131791.0,nan,0.491612654209058,0.508387345790942,1.0,0.0,0.8413853544632677,1.9953057241598087,nan,1.0,nan,physics,True,257.404296875,2.4122997310474528,6.435107421875,nan,nan,514.9534966574103,2.712610560047371,0.491612654209058
edb_slow,phi0.9_muy0.01,fr,6,main,512.0,80000.0,0.0005,40.0,1.0873052762543869,48.83231734684075,136555.0,nan,0.49933071301373955,0.5006692869862606,1.0,0.0,0.8560710385320335,1.9953057241598087,nan,1.0,nan,physics,True,266.708984375,2.427662946454065,6.667724609375,nan,nan,533.4189245195098,2.7278818287131372,0.49933071301373955
edb_slow,phi0.9_muy0.01,fr,7,main,512.0,80000.0,0.0005,40.0,0.945124230673232,41.69325567931521,131817.0,nan,0.5112534690155129,0.48874653098448706,1.0,0.0,0.8038968479369762,1.9953057241598087,nan,1.0,nan,physics,True,257.455078125,2.4123850696048894,6.436376953125,nan,nan,515.1711224978584,2.712793704022958,0.48874653098448706
edb_slow,phi0.9_muy0.01,fr,8,main,512.0,80000.0,0.0005,40.0,0.6919027119126056,31.293111039850547,128138.0,nan,0.5069513430214488,0.4930486569785511,1.0,0.0,0.8525030575368102,1.9953057241598087,nan,1.0,nan,physics,True,250.26953125,2.4001398295705347,6.25673828125,nan,nan,500.63582773536365,2.700388547025412,0.4930486569785511
edb_slow,phi0.9_muy0.01,fr,9,main,512.0,80000.0,0.0005,40.0,1.153461853661163,51.38926805667367,135901.0,nan,0.48343148640279676,0.5165685135972032,1.0,0.0,0.8438499529282109,1.9953057241598087,nan,1.0,nan,physics,True,265.431640625,2.4255857990750966,6.635791015625,nan,nan,531.4468431370752,2.726276256458967,0.48343148640279676
edb_slow,phi0.9_muy0.03,fr,0,main,512.0,80000.0,0.0005,40.0,0.6280927425210906,29.32889043836059,128821.0,nan,0.4855540476355335,0.5144459523644666,1.0,0.0,0.8327235742291677,1.9953057241598087,nan,1.0,nan,physics,True,251.603515625,2.4024393905815966,6.290087890625,nan,nan,503.62743029843125,2.702970853996585,0.4855540476355335
edb_slow,phi0.9_muy0.03,fr,1,main,512.0,80000.0,0.0005,40.0,0.5455426674761341,25.8291752880439,130794.0,nan,0.502971145657039,0.4970288543429609,1.0,0.0,0.7521794571726315,1.9953057241598087,nan,1.0,nan,physics,True,255.45703125,2.409014610561901,6.38642578125,nan,nan,510.93210393465125,2.709212365581656,0.4970288543429609
edb_slow,phi0.9_muy0.03,fr,10,main,512.0,80000.0,0.0005,40.0,0.6986288789761372,33.64281549858153,131450.0,nan,0.48574122087164745,0.5142587791283525,1.0,0.0,0.832383199544606,1.9953057241598087,nan,1.0,nan,physics,True,256.73828125,2.411178928061629,6.41845703125,nan,nan,513.8944877723291,2.711718242491685,0.48574122087164745
edb_slow,phi0.9_muy0.03,fr,11,main,512.0,80000.0,0.0005,40.0,0.7941095228315804,37.338564941842805,130579.0,nan,0.5040035105868322,0.49599648941316776,1.0,0.0,0.7651210106374554,1.9953057241598087,nan,1.0,nan,physics,True,255.037109375,2.4083029154243416,6.375927734375,nan,nan,510.1069229230024,2.7085117634966114,0.49599648941316776
edb_slow,phi0.9_muy0.03,fr,12,main,512.0,80000.0,0.0005,40.0,0.5473378429202137,25.996652209613693,130186.0,nan,0.49833061905698,0.5016693809430199,1.0,0.0,0.752940547738684,1.9953057241598087,nan,1.0,nan,physics,True,254.26953125,2.406998980884671,6.35673828125,nan,nan,508.5447314164147,2.7071823154368313,0.49833061905698
edb_slow,phi0.9_muy0.03,fr,13,main,512.0,80000.0,0.0005,40.0,0.6139039493371279,29.165266933749407,130748.0,nan,0.49915795466405394,0.5008420453359461,1.0,0.0,0.834789718297061,1.9953057241598087,nan,1.0,nan,physics,True,255.3671875,2.4088624389450737,6.3841796875,nan,nan,510.73582352922375,2.709045820365692,0.49915795466405394
edb_slow,phi0.9_muy0.03,fr,14,main,512.0,80000.0,0.0005,40.0,0.47622373971403476,22.737178547573876,127625.0,nan,0.5050766073202708,0.4949233926797291,1.0,0.0,0.7217752562236982,1.9953057241598087,nan,1.0,nan,physics,True,249.267578125,2.398404590904941,6.231689453125,nan,nan,498.5865544248196,2.6986107415161804,0.4949233926797291
edb_slow,phi0.9_muy0.03,fr,15,main,512.0,80000.0,0.0005,40.0,0.6492550310405443,30.890033703748607,130699.0,nan,0.502387141258835,0.497612858741165,1.0,0.0,0.8750199480246282,1.9953057241598087,nan,1.0,nan,physics,True,255.271484375,2.408700284422399,6.381787109375,nan,nan,510.55460621608336,2.7088919995585052,0.497612858741165
edb_slow,phi0.9_muy0.03,fr,16,main,512.0,80000.0,0.0005,40.0,0.6985204157959024,33.21792735698155,131430.0,nan,0.5052714916720538,0.4947285083279462,1.0,0.0,0.8449156937867464,1.9953057241598087,nan,1.0,nan,physics,True,256.69921875,2.4111131019305,6.41748046875,nan,nan,513.455510389397,2.7113478233592505,0.4947285083279462
edb_slow,phi0.9_muy0.03,fr,17,main,512.0,80000.0,0.0005,40.0,0.4205325577132198,20.283000384710483,129782.0,nan,0.5164642841097803,0.48353571589021976,1.0,0.0,0.851093691400677,1.9953057241598087,nan,1.0,nan,physics,True,253.48046875,2.4056544560653195,6.33701171875,nan,nan,507.51122715553174,2.706300545927138,0.48353571589021976
edb_slow,phi0.9_muy0.03,fr,18,main,512.0,80000.0,0.0005,40.0,0.4014882860701156,19.10438773234341,126858.0,nan,0.49277643597592186,0.5072235640240782,1.0,0.0,0.8546058815814483,1.9953057241598087,nan,1.0,nan,physics,True,247.76953125,2.3957971878342925,6.19423828125,nan,nan,495.64251276182375,2.6960438925597177,0.49277643597592186
edb_slow,phi0.9_muy0.03,fr,19,main,512.0,80000.0,0.0005,40.0,0.7312782738862461,34.95934370329908,131473.0,nan,0.5055785319517466,0.49442146804825343,1.0,0.0,0.6942635992499042,1.9953057241598087,nan,1.0,nan,physics,True,256.783203125,2.411254615780065,6.419580078125,nan,nan,513.6303429935906,2.7114953889598055,0.49442146804825343
edb_slow,phi0.9_muy0.03,fr,2,main,512.0,80000.0,0.0005,40.0,0.6387295893544889,30.514246288017688,129745.0,nan,0.505374179847809,0.4946258201521911,1.0,0.0,0.7668260300378588,1.9953057241598087,nan,1.0,nan,physics,True,253.408203125,2.405531110571052,6.335205078125,nan,nan,506.8749641136758,2.7057568046473244,0.4946258201521911
edb_slow,phi0.9_muy0.03,fr,3,main,512.0,80000.0,0.0005,40.0,0.3836995899409078,18.403835736075653,127235.0,nan,0.4827096841613241,0.5172903158386759,1.0,0.0,0.8109452788468623,1.9953057241598087,nan,1.0,nan,physics,True,248.505859375,2.3970807490149197,6.212646484375,nan,nan,497.6067669174088,2.6977581683012235,0.4827096841613241
edb_slow,phi0.9_muy0.03,fr,4,main,512.0,80000.0,0.0005,40.0,0.6021224182292612,28.961701867653723,130099.0,nan,0.5010216922561664,0.4989783077438336,1.0,0.0,0.8348617221739566,1.9953057241598087,nan,1.0,nan,physics,True,254.099609375,2.4067097935905353,6.352490234375,nan,nan,508.20134070417674,2.706889538460917,0.4989783077438336
edb_slow,phi0.9_muy0.03,fr,5,main,512.0,80000.0,0.0005,40.0,0.7234268156070035,34.541367948905986,131569.0,nan,0.4942361114034383,0.5057638885965617,1.0,0.0,0.8424743272098991,1.9953057241598087,nan,1.0,nan,physics,True,256.970703125,2.4115703873833723,6.424267578125,nan,nan,514.0097128192984,2.711815419689828,0.4942361114034383
edb_slow,phi0.9_muy0.03,fr,6,main,512.0,80000.0,0.0005,40.0,0.48595967866292283,23.210508797088778,127930.0,nan,0.5022724073944843,0.4977275926055157,1.0,0.0,0.8287200266133601,1.9953057241598087,nan,1.0,nan,physics,True,249.86328125,2.3994370984708087,6.24658203125,nan,nan,499.73688473599736,2.6996095831051496,0.4977275926055157
edb_slow,phi0.9_muy0.03,fr,7,main,512.0,80000.0,0.0005,40.0,0.5557743302676312,26.19485525936303,129147.0,nan,0.4974919210460565,0.5025080789539436,1.0,0.0,0.806228912438558,1.9953057241598087,nan,1.0,nan,physics,True,252.240234375,2.403532706791157,6.306005859375,nan,nan,504.4931627263207,2.703715285722644,0.4974919210460565
edb_slow,phi0.9_muy0.03,fr,8,main,512.0,80000.0,0.0005,40.0,0.777047096692478,36.974229097216636,132211.0,nan,0.5069791595870554,0.4930208404129446,1.0,0.0,0.8307584006600562,1.9953057241598087,nan,1.0,nan,physics,True,258.224609375,2.413676228712571,6.455615234375,nan,nan,516.5498605737756,2.7139521959240165,0.4930208404129446
edb_slow,phi0.9_muy0.03,fr,9,main,512.0,80000.0,0.0005,40.0,0.5822911415689176,28.39152337460289,131007.0,nan,0.49651837074869204,0.503481629251308,1.0,0.0,0.8375075976271165,1.9953057241598087,nan,1.0,nan,physics,True,255.873046875,2.4097185370901797,6.396826171875,nan,nan,511.77090797013665,2.7099233775356453,0.49651837074869204
edb_slow,phi0.9_muy0.1,fr,0,main,512.0,80000.0,0.0005,40.0,0.32712076843681165,17.021884612869236,128964.0,nan,0.49622477882455557,0.5037752211754444,1.0,0.0,0.8629942615994162,1.9953057241598087,nan,1.0,nan,physics,True,251.8828125,2.4029193129740336,6.2970703125,nan,nan,503.79434590239447,2.703114481820186,0.49622477882455557
edb_slow,phi0.9_muy0.1,fr,1,main,512.0,80000.0,0.0005,40.0,0.20247875676425608,11.062130019442204,129822.0,nan,0.4871380947735829,0.5128619052264172,1.0,0.0,0.7921248963229617,1.9953057241598087,nan,1.0,nan,physics,True,253.55859375,2.4057877631498426,6.33896484375,nan,nan,507.45297645412967,2.7062507940123233,0.4871380947735829
edb_slow,phi0.9_muy0.1,fr,10,main,512.0,80000.0,0.0005,40.0,0.3076055583933625,15.683221915510977,128323.0,nan,0.5027770085940116,0.49722299140598847,1.0,0.0,0.7704635577678106,1.9953057241598087,nan,1.0,nan,physics,True,250.630859375,2.4007639008211115,6.265771484375,nan,nan,501.2771817008228,2.7009434487418376,0.49722299140598847
edb_slow,phi0.9_muy0.1,fr,11,main,512.0,80000.0,0.0005,40.0,0.21344549336359808,11.27204949943956,128900.0,nan,0.49515319997531165,0.5048468000246883,1.0,0.0,0.7802543890344836,1.9953057241598087,nan,1.0,nan,physics,True,251.7578125,2.4027045880937146,6.2939453125,nan,nan,503.5629427360151,2.7029153509056023,0.49515319997531165
edb_slow,phi0.9_muy0.1,fr,12,main,512.0,80000.0,0.0005,40.0,0.27264793902740797,14.355177669236397,129730.0,nan,0.5045941965090581,0.49540580349094177,1.0,0.0,0.8487907531614493,1.9953057241598087,nan,1.0,nan,physics,True,253.37890625,2.405481095659396,6.33447265625,nan,nan,506.80059993442876,2.7056932096295863,0.49540580349094177
edb_slow,phi0.9_muy0.1,fr,13,main,512.0,80000.0,0.0005,40.0,0.27926671772359235,14.662833003085316,126427.0,nan,0.5047647232831733,0.49523527671682654,1.0,0.0,0.8296482600932199,1.9953057241598087,nan,1.0,nan,physics,True,246.927734375,2.3943251117306987,6.173193359375,nan,nan,493.9003200118446,2.694517734634218,0.49523527671682654
edb_slow,phi0.9_muy0.1,fr,14,main,512.0,80000.0,0.0005,40.0,0.21886031273833334,11.341940892139341,128036.0,nan,0.49787813861348273,0.5021218613865172,1.0,0.0,0.7410452176956693,1.9953057241598087,nan,1.0,nan,physics,True,250.0703125,2.399795363132409,6.2517578125,nan,nan,500.1496322862425,2.6999674160345,0.49787813861348273
edb_slow,phi0.9_muy0.1,fr,15,main,512.0,80000.0,0.0005,40.0,0.22079122182269367,11.831369805779318,130047.0,nan,0.5071549347030165,0.49284506529698346,1.0,0.0,0.8826439915961912,1.9953057241598087,nan,1.0,nan,physics,True,253.998046875,2.40653685402353,6.349951171875,nan,nan,508.10013861572907,2.7068032152853014,0.49284506529698346
edb_slow,phi0.9_muy0.1,fr,16,main,512.0,80000.0,0.0005,40.0,0.2806604222493898,14.656834946938075,128905.0,nan,0.5138221125694535,0.48617788743054635,1.0,0.0,0.8661176691302446,1.9953057241598087,nan,1.0,nan,physics,True,251.767578125,2.402721367298593,6.294189453125,nan,nan,503.9202537121324,2.703222791766981,0.48617788743054635
edb_slow,phi0.9_muy0.1,fr,17,main,512.0,80000.0,0.0005,40.0,0.2575902793609193,13.493142152662205,128595.0,nan,0.4924804052967356,0.5075195947032644,1.0,0.0,0.8846706206044789,1.9953057241598087,nan,1.0,nan,physics,True,251.162109375,2.401679828765089,6.279052734375,nan,nan,502.4378587471121,2.7019458715753357,0.4924804052967356
edb_slow,phi0.9_muy0.1,fr,18,main,512.0,80000.0,0.0005,40.0,0.22286931589428774,11.691277686932082,129368.0,nan,0.4878258213181243,0.5121741786818758,1.0,0.0,0.8138456353763099,1.9953057241598087,nan,1.0,nan,physics,True,252.671875,2.404272318978133,6.316796875,nan,nan,505.64351696990127,2.7047024897739593,0.4878258213181243
edb_slow,phi0.9_muy0.1,fr,19,main,512.0,80000.0,0.0005,40.0,0.28830823194514676,14.773833475367123,129425.0,nan,0.5022860634077614,0.49771393659223867,1.0,0.0,0.7813622205148073,1.9953057241598087,nan,1.0,nan,physics,True,252.783203125,2.404462874529661,6.319580078125,nan,nan,505.5769750048104,2.704645446300156,0.49771393659223867
edb_slow,phi0.9_muy0.1,fr,2,main,512.0,80000.0,0.0005,40.0,0.2594646491861128,13.356469478650359,128207.0,nan,0.5109475462854906,0.48905245371450945,1.0,0.0,0.6997648565428048,1.9953057241598087,nan,1.0,nan,physics,True,250.404296875,2.4003726961548497,6.260107421875,nan,nan,501.04879407606455,2.7007459282370023,0.48905245371450945
edb_slow,phi0.9_muy0.1,fr,3,main,512.0,80000.0,0.0005,40.0,0.2773360963047248,14.383741345676821,128530.0,nan,0.5085758711265022,0.4914241288734978,1.0,0.0,0.8190885068923642,1.9953057241598087,nan,1.0,nan,physics,True,251.03515625,2.4014611245135113,6.27587890625,nan,nan,502.21805614393116,2.7017562157897306,0.4914241288734978
edb_slow,phi0.9_muy0.1,fr,4,main,512.0,80000.0,0.0005,40.0,0.22273899942303205,11.845208487624085,127816.0,nan,0.4916816270252753,0.5083183729747248,1.0,0.0,0.8343507387912957,1.9953057241598087,nan,1.0,nan,physics,True,249.640625,2.399051464836116,6.241015625,nan,nan,499.4194799807984,2.6993342072633943,0.4916816270252753
edb_slow,phi0.9_muy0.1,fr,5,main,512.0,80000.0,0.0005,40.0,0.3203397046952055,16.65264604825005,126293.0,nan,0.5022142765537352,0.49778572344626476,1.0,0.0,0.9006986355844326,1.9953057241598087,nan,1.0,nan,physics,True,246.666015625,2.3938664174089817,6.166650390625,nan,nan,493.3417067083147,2.6940272526399753,0.49778572344626476
edb_slow,phi0.9_muy0.1,fr,6,main,512.0,80000.0,0.0005,40.0,0.28172259707896846,14.77792449016143,127861.0,nan,0.5058611839239142,0.49413881607608584,1.0,0.0,0.7563168049867355,1.9953057241598087,nan,1.0,nan,physics,True,249.728515625,2.3992037295478688,6.243212890625,nan,nan,499.5256730248566,2.6994263582730387,0.49413881607608584
edb_slow,phi0.9_muy0.1,fr,7,main,512.0,80000.0,0.0005,40.0,0.33953349304052566,17.475840675767543,128223.0,nan,0.5041815998196189,0.49581840018038115,1.0,0.0,0.8379171418534967,1.9953057241598087,nan,1.0,nan,physics,True,250.435546875,2.400426676374379,6.260888671875,nan,nan,500.90612868155927,2.7006224988028618,0.49581840018038115
edb_slow,phi0.9_muy0.1,fr,8,main,512.0,80000.0,0.0005,40.0,0.2409152201594691,12.519472129499864,129331.0,nan,0.5155370064877643,0.4844629935122356,1.0,0.0,0.8170754025166541,1.9953057241598087,nan,1.0,nan,physics,True,252.599609375,2.404148580256964,6.314990234375,nan,nan,505.6875077161335,2.7047401969750418,0.4844629935122356
edb_slow,phi0.9_muy0.1,fr,9,main,512.0,80000.0,0.0005,40.0,0.2132487932170756,11.617255458379034,126644.0,nan,0.4878352744825048,0.5121647255174951,1.0,0.0,0.8183297007182765,1.9953057241598087,nan,1.0,nan,physics,True,247.3515625,2.3950668966968283,6.1837890625,nan,nan,494.99612418871504,2.6954782828409423,0.4878352744825048
edb_slow,phi0.9_muy1,fr,0,main,512.0,80000.0,0.0005,40.0,0.02252027349111853,1.8811528922962384,125765.0,nan,0.5106194968701163,0.4893805031298838,1.0,0.0,0.8269392616959554,1.9953057241598087,nan,1.0,nan,physics,True,245.634765625,2.3920542947045798,6.140869140625,nan,nan,491.49124041987886,2.692398510425221,0.4893805031298838
edb_slow,phi0.9_muy1,fr,1,main,512.0,80000.0,0.0005,40.0,0.03192581980393652,2.2906516317501184,126091.0,nan,0.49831010211280835,0.5016898978871916,1.0,0.0,0.8314461875404754,1.9953057241598087,nan,1.0,nan,physics,True,246.271484375,2.393174035922006,6.156787109375,nan,nan,492.54859514219544,2.693329920051414,0.49831010211280835
edb_slow,phi0.9_muy1,fr,10,main,512.0,80000.0,0.0005,40.0,0.025811462346079877,1.812920414416019,125526.0,nan,0.5035748710529377,0.49642512894706237,1.0,0.0,0.7464120451145082,1.9953057241598087,nan,1.0,nan,physics,True,245.16796875,2.391231542095988,6.12919921875,nan,nan,490.36100417207285,2.6914006866477247,0.49642512894706237
edb_slow,phi0.9_muy1,fr,11,main,512.0,80000.0,0.0005,40.0,0.029140933022724982,2.097922614354912,125136.0,nan,0.5007904769534708,0.49920952304652916,1.0,0.0,0.8156574056149808,1.9953057241598087,nan,1.0,nan,physics,True,244.40625,2.389885619132417,6.11015625,nan,nan,488.8137217484735,2.6900309473794897,0.49920952304652916
edb_slow,phi0.9_muy1,fr,12,main,512.0,80000.0,0.0005,40.0,0.026296316030918313,2.0639059418083727,126153.0,nan,0.4939540214109814,0.5060459785890186,1.0,0.0,0.8092426464737585,1.9953057241598087,nan,1.0,nan,physics,True,246.392578125,2.393386666482644,6.159814453125,nan,nan,492.85721957949863,2.6936014069972423,0.4939540214109814
edb_slow,phi0.9_muy1,fr,13,main,512.0,80000.0,0.0005,40.0,0.031795782759617364,2.3517761194825386,124388.0,nan,0.502075059880104,0.49792494011989596,1.0,0.0,0.7919657499896051,1.9953057241598087,nan,1.0,nan,physics,True,242.9453125,2.387292477398305,6.0736328125,nan,nan,485.8989938784174,2.6874388771265005,0.49792494011989596
edb_slow,phi0.9_muy1,fr,14,main,512.0,80000.0,0.0005,40.0,0.024648887559237304,1.8150587603254271,126644.0,nan,0.5018187331392526,0.4981812668607475,1.0,0.0,0.7698302108282179,1.9953057241598087,nan,1.0,nan,physics,True,247.3515625,2.3950668966968283,6.1837890625,nan,nan,494.70967058326363,2.69522739144899,0.4981812668607475
edb_slow,phi0.9_muy1,fr,15,main,512.0,80000.0,0.0005,40.0,0.023983259487992483,1.9650517085109653,124698.0,nan,0.49266620849305465,0.5073337915069454,1.0,0.0,0.7958754439998157,1.9953057241598087,nan,1.0,nan,physics,True,243.55078125,2.388369054571008,6.08876953125,nan,nan,487.20637910183103,2.6886034497854405,0.49266620849305465
edb_slow,phi0.9_muy1,fr,16,main,512.0,80000.0,0.0005,40.0,0.029923197928362396,2.2624376692330266,125039.0,nan,0.4911341879616032,0.5088658120383969,1.0,0.0,0.8194151721359733,1.9953057241598087,nan,1.0,nan,physics,True,244.216796875,2.3895502151949928,6.105419921875,nan,nan,488.58721069549546,2.689830064372554,0.4911341879616032
edb_slow,phi0.9_muy1,fr,17,main,512.0,80000.0,0.0005,40.0,0.02706836263460563,2.0975058620847955,125032.0,nan,0.5102113925190777,0.48978860748092223,1.0,0.0,0.8131786176971677,1.9953057241598087,nan,1.0,nan,physics,True,244.203125,2.3895260007632113,6.105078125,nan,nan,488.61004443609744,2.689850318856509,0.48978860748092223
edb_slow,phi0.9_muy1,fr,18,main,512.0,80000.0,0.0005,40.0,0.025468517148668452,2.1284102356936407,124714.0,nan,0.5073175152262639,0.49268248477373616,1.0,0.0,0.8414759616244368,1.9953057241598087,nan,1.0,nan,physics,True,243.58203125,2.3884245474851253,6.08955078125,nan,nan,487.2684276576013,2.6886586429050805,0.49268248477373616
edb_slow,phi0.9_muy1,fr,19,main,512.0,80000.0,0.0005,40.0,0.02480333824429243,1.810584752191632,124414.0,nan,0.49605006815386093,0.503949931846139,1.0,0.0,0.8240540309544563,1.9953057241598087,nan,1.0,nan,physics,True,242.99609375,2.3873828735666,6.07490234375,nan,nan,486.02251911869905,2.687549042740057,0.49605006815386093
edb_slow,phi0.9_muy1,fr,2,main,512.0,80000.0,0.0005,40.0,0.030495088735137465,2.2758934674055844,124252.0,nan,0.4941499489612304,0.5058500510387696,1.0,0.0,0.836520567806825,1.9953057241598087,nan,1.0,nan,physics,True,242.6796875,2.386819329043869,6.0669921875,nan,nan,485.42582610083514,2.687016625136644,0.4941499489612304
edb_slow,phi0.9_muy1,fr,3,main,512.0,80000.0,0.0005,40.0,0.03170812693532687,2.3639995392849773,125544.0,nan,0.502336988220503,0.49766301177949696,1.0,0.0,0.7902900069573734,1.9953057241598087,nan,1.0,nan,physics,True,245.203125,2.39129356103089,6.130078125,nan,nan,490.4169636763396,2.6914501442154246,0.49766301177949696
edb_slow,phi0.9_muy1,fr,4,main,512.0,80000.0,0.0005,40.0,0.02323063374344667,1.7838474004052585,126487.0,nan,0.5114182135411108,0.48858178645888917,1.0,0.0,0.8086725627505025,1.9953057241598087,nan,1.0,nan,physics,True,247.044921875,2.394530340325073,6.176123046875,nan,nan,494.3476472353978,2.69491010455455,0.48858178645888917
edb_slow,phi0.9_muy1,fr,5,main,512.0,80000.0,0.0005,40.0,0.033760701415565995,2.7666290633334008,125492.0,nan,0.5158561992691552,0.48414380073084484,1.0,0.0,0.7679709251339832,1.9953057241598087,nan,1.0,nan,physics,True,245.1015625,2.3911143710493032,6.1275390625,nan,nan,490.69660690931994,2.6916972113293247,0.48414380073084484
edb_slow,phi0.9_muy1,fr,6,main,512.0,80000.0,0.0005,40.0,0.03554851513060838,2.656925363151157,125562.0,nan,0.49590258674091625,0.5040974132590837,1.0,0.0,0.7951044020187893,1.9953057241598087,nan,1.0,nan,physics,True,245.23828125,2.3913555711105117,6.13095703125,nan,nan,490.50950275476487,2.691531918819348,0.49590258674091625
edb_slow,phi0.9_muy1,fr,7,main,512.0,80000.0,0.0005,40.0,0.036410754766280695,2.882425716155748,124946.0,nan,0.5006731538551625,0.49932684614483747,1.0,0.0,0.8001935514853336,1.9953057241598087,nan,1.0,nan,physics,True,244.03515625,2.3892283989360927,6.10087890625,nan,nan,488.07119715074003,2.6893720866879085,0.49932684614483747
edb_slow,phi0.9_muy1,fr,8,main,512.0,80000.0,0.0005,40.0,0.03014383849013027,2.2404737006585473,126188.0,nan,0.48624127170400067,0.5137587282959993,1.0,0.0,0.8530259692458468,1.9953057241598087,nan,1.0,nan,physics,True,246.4609375,2.3935066539076106,6.1615234375,nan,nan,493.29540341827084,2.693986571862026,0.48624127170400067
edb_slow,phi0.9_muy1,fr,9,main,512.0,80000.0,0.0005,40.0,0.028207738002803996,2.276120487843504,125154.0,nan,0.49717125198818113,0.502828748011819,1.0,0.0,0.878515448759511,1.9953057241598087,nan,1.0,nan,physics,True,244.44140625,2.389947830554682,6.11103515625,nan,nan,488.89846080076313,2.690106074959933,0.49717125198818113
eb,om25_b8_g15,abf,0,stage1_seeds,256.0,40000.0,0.001,40.0,0.21335700362235466,10.502223367479171,nan,nan,0.4914623797355532,0.5085376202644468,1.0,0.07947019867549669,0.023404527229814346,3.9052476874582007,nan,nan,nan,physics,False,nan,nan,nan,nan,nan,nan,nan,0.4914623797355532
eb,om25_b8_g15,abf,1,stage1_seeds,256.0,40000.0,0.001,40.0,0.2131760724991455,10.826753168945723,nan,nan,0.5107389377960716,0.48926106220392834,1.0,0.08609271523178808,0.010960173404844542,3.9052476874582007,nan,nan,nan,physics,False,nan,nan,nan,nan,nan,nan,nan,0.48926106220392834
eb,om25_b8_g15,abf,10,stage1_seeds,256.0,40000.0,0.001,40.0,0.174855965151581,8.74019243815157,nan,nan,0.5031379236248988,0.4968620763751012,1.0,0.0728476821192053,0.02228592859818535,3.9052476874582007,nan,nan,nan,physics,False,nan,nan,nan,nan,nan,nan,nan,0.4968620763751012
eb,om25_b8_g15,abf,11,stage1_seeds,256.0,40000.0,0.001,40.0,0.20590353174186604,11.337516089106808,nan,nan,0.5115250041776024,0.4884749958223977,1.0,0.09271523178807947,0.024943588866736092,3.9052476874582007,nan,nan,nan,physics,False,nan,nan,nan,nan,nan,nan,nan,0.4884749958223977
eb,om25_b8_g15,abf,12,stage1_seeds,256.0,40000.0,0.001,40.0,0.18844815907895135,10.451397235287587,nan,nan,0.506961419017944,0.49303858098205605,1.0,0.059602649006622516,0.043818783287033244,3.9052476874582007,nan,nan,nan,physics,False,nan,nan,nan,nan,nan,nan,nan,0.49303858098205605
eb,om25_b8_g15,abf,13,stage1_seeds,256.0,40000.0,0.001,40.0,0.20791786303726867,10.048819405003536,nan,nan,0.48213994419313755,0.5178600558068625,1.0,0.10596026490066225,0.004489978671905665,3.9052476874582007,nan,nan,nan,physics,False,nan,nan,nan,nan,nan,nan,nan,0.48213994419313755
eb,om25_b8_g15,abf,14,stage1_seeds,256.0,40000.0,0.001,40.0,0.1981738283703872,10.732582219494173,nan,nan,0.5344119253774218,0.4655880746225783,1.0,0.07947019867549669,0.026341497566682966,3.9052476874582007,nan,nan,nan,physics,False,nan,nan,nan,nan,nan,nan,nan,0.4655880746225783
eb,om25_b8_g15,abf,15,stage1_seeds,256.0,40000.0,0.001,40.0,0.20464392511314675,10.073961661811136,nan,nan,0.5124243657900056,0.4875756342099944,1.0,0.08609271523178808,0.017314402069795527,3.9052476874582007,nan,nan,nan,physics,False,nan,nan,nan,nan,nan,nan,nan,0.4875756342099944
eb,om25_b8_g15,abf,16,stage1_seeds,256.0,40000.0,0.001,40.0,0.18823359475278678,9.111118029426304,nan,nan,0.5362840067594711,0.46371599324052887,1.0,0.08609271523178808,0.026897110816589496,3.9052476874582007,nan,nan,nan,physics,False,nan,nan,nan,nan,nan,nan,nan,0.46371599324052887
eb,om25_b8_g15,abf,17,stage1_seeds,256.0,40000.0,0.001,40.0,0.19879262152565974,9.954920735471354,nan,nan,0.5126166621003156,0.4873833378996844,1.0,0.07947019867549669,0.01806231929348952,3.9052476874582007,nan,nan,nan,physics,False,nan,nan,nan,nan,nan,nan,nan,0.4873833378996844
eb,om25_b8_g15,abf,18,stage1_seeds,256.0,40000.0,0.001,40.0,0.18531163290093092,9.392034998288091,nan,nan,0.5101434666100315,0.48985653338996854,1.0,0.06622516556291391,0.041791838360179974,3.9052476874582007,nan,nan,nan,physics,False,nan,nan,nan,nan,nan,nan,nan,0.48985653338996854
eb,om25_b8_g15,abf,19,stage1_seeds,256.0,40000.0,0.001,40.0,0.20822514871342257,10.838477301769315,nan,nan,0.5550902322047289,0.4449097677952711,1.0,0.0728476821192053,0.04795185271203256,3.9052476874582007,nan,nan,nan,physics,False,nan,nan,nan,nan,nan,nan,nan,0.4449097677952711
eb,om25_b8_g15,abf,2,stage1_seeds,256.0,40000.0,0.001,40.0,0.17762415275527954,8.71893165334642,nan,nan,0.4754042951988535,0.5245957048011466,1.0,0.0728476821192053,0.03378626548051283,3.9052476874582007,nan,nan,nan,physics,False,nan,nan,nan,nan,nan,nan,nan,0.4754042951988535
eb,om25_b8_g15,abf,3,stage1_seeds,256.0,40000.0,0.001,40.0,0.16413058481955198,9.340939907251759,nan,nan,0.46808114882767626,0.5319188511723238,1.0,0.046357615894039736,0.07078258642817892,3.9052476874582007,nan,nan,nan,physics,False,nan,nan,nan,nan,nan,nan,nan,0.46808114882767626
eb,om25_b8_g15,abf,4,stage1_seeds,256.0,40000.0,0.001,40.0,0.2120183748870205,10.710292324708409,nan,nan,0.4847238091380958,0.5152761908619041,1.0,0.08609271523178808,0.022787464141541997,3.9052476874582007,nan,nan,nan,physics,False,nan,nan,nan,nan,nan,nan,nan,0.4847238091380958
eb,om25_b8_g15,abf,5,stage1_seeds,256.0,40000.0,0.001,40.0,0.21514229743507426,10.520045323296358,nan,nan,0.5274466086123379,0.4725533913876621,1.0,0.09271523178807947,0.012836691445934576,3.9052476874582007,nan,nan,nan,physics,False,nan,nan,nan,nan,nan,nan,nan,0.4725533913876621
eb,om25_b8_g15,abf,6,stage1_seeds,256.0,40000.0,0.001,40.0,0.1943731892202666,9.927544867795579,nan,nan,0.49945602416434537,0.5005439758356547,1.0,0.08609271523178808,0.023180649523572603,3.9052476874582007,nan,nan,nan,physics,False,nan,nan,nan,nan,nan,nan,nan,0.49945602416434537
eb,om25_b8_g15,abf,7,stage1_seeds,256.0,40000.0,0.001,40.0,0.20329968219753317,10.374442038318831,nan,nan,0.5369444931202506,0.4630555068797494,1.0,0.06622516556291391,0.06273519869156886,3.9052476874582007,nan,nan,nan,physics,False,nan,nan,nan,nan,nan,nan,nan,0.4630555068797494
eb,om25_b8_g15,abf,8,stage1_seeds,256.0,40000.0,0.001,40.0,0.17942025093641983,8.870870898579076,nan,nan,0.4682249851360834,0.5317750148639167,1.0,0.059602649006622516,0.018885751364887186,3.9052476874582007,nan,nan,nan,physics,False,nan,nan,nan,nan,nan,nan,nan,0.4682249851360834
eb,om25_b8_g15,abf,9,stage1_seeds,256.0,40000.0,0.001,40.0,0.20907818652399418,11.021116425432176,nan,nan,0.54262777712547,0.45737222287453,1.0,0.0728476821192053,0.04298850254169022,3.9052476874582007,nan,nan,nan,physics,False,nan,nan,nan,nan,nan,nan,nan,0.45737222287453
eb,om25_b8_g15,fr,0,stage1_seeds,256.0,40000.0,0.001,40.0,0.1001300266379549,6.335631693539544,nan,nan,0.4664445309103747,0.5335554690896253,1.0,0.039735099337748346,0.0685418168503366,3.9052476874582007,nan,nan,nan,physics,False,nan,nan,nan,nan,nan,nan,nan,0.4664445309103747
eb,om25_b8_g15,fr,1,stage1_seeds,256.0,40000.0,0.001,40.0,0.08941603195907033,6.007376558193064,nan,nan,0.49043099840570603,0.5095690015942941,1.0,0.019867549668874173,0.12191632835285517,3.9052476874582007,nan,nan,nan,physics,False,nan,nan,nan,nan,nan,nan,nan,0.49043099840570603
eb,om25_b8_g15,fr,10,stage1_seeds,256.0,40000.0,0.001,40.0,0.09628926116353881,6.335830093294216,nan,nan,0.46997826114444474,0.5300217388555553,1.0,0.013245033112582781,0.1441132720876638,3.9052476874582007,nan,nan,nan,physics,False,nan,nan,nan,nan,nan,nan,nan,0.46997826114444474
eb,om25_b8_g15,fr,11,stage1_seeds,256.0,40000.0,0.001,40.0,0.10364995298740698,6.531740837945912,nan,nan,0.47902217519725937,0.5209778248027406,1.0,0.006622516556291391,0.19663202526904178,3.9052476874582007,nan,nan,nan,physics,False,nan,nan,nan,nan,nan,nan,nan,0.47902217519725937
eb,om25_b8_g15,fr,12,stage1_seeds,256.0,40000.0,0.001,40.0,0.10053548122932636,6.583056820380913,nan,nan,0.4922644358385457,0.5077355641614544,1.0,0.026490066225165563,0.08127258801925365,3.9052476874582007,nan,nan,nan,physics,False,nan,nan,nan,nan,nan,nan,nan,0.4922644358385457
eb,om25_b8_g15,fr,13,stage1_seeds,256.0,40000.0,0.001,40.0,0.09615881579717618,5.946523470272824,nan,nan,0.4820567367399874,0.5179432632600126,1.0,0.026490066225165563,0.10123993159801867,3.9052476874582007,nan,nan,nan,physics,False,nan,nan,nan,nan,nan,nan,nan,0.4820567367399874
eb,om25_b8_g15,fr,14,stage1_seeds,256.0,40000.0,0.001,40.0,0.10093390684597536,6.229416044539274,nan,nan,0.47501419240694204,0.524985807593058,1.0,0.019867549668874173,0.13670334634613227,3.9052476874582007,nan,nan,nan,physics,False,nan,nan,nan,nan,nan,nan,nan,0.47501419240694204
eb,om25_b8_g15,fr,15,stage1_seeds,256.0,40000.0,0.001,40.0,0.10076386573164321,6.253205341336141,nan,nan,0.47708371316411874,0.5229162868358812,1.0,0.026490066225165563,0.08294991383873683,3.9052476874582007,nan,nan,nan,physics,False,nan,nan,nan,nan,nan,nan,nan,0.47708371316411874
eb,om25_b8_g15,fr,16,stage1_seeds,256.0,40000.0,0.001,40.0,0.09294453054155472,5.888482443286234,nan,nan,0.5001688290912162,0.49983117090878376,1.0,0.013245033112582781,0.1498742032579125,3.9052476874582007,nan,nan,nan,physics,False,nan,nan,nan,nan,nan,nan,nan,0.49983117090878376
eb,om25_b8_g15,fr,17,stage1_seeds,256.0,40000.0,0.001,40.0,0.09918414512015739,6.241202583226488,nan,nan,0.48251684258428723,0.5174831574157127,1.0,0.013245033112582781,0.16360131853909285,3.9052476874582007,nan,nan,nan,physics,False,nan,nan,nan,nan,nan,nan,nan,0.48251684258428723
eb,om25_b8_g15,fr,18,stage1_seeds,256.0,40000.0,0.001,40.0,0.10211071922046537,6.570321923633651,nan,nan,0.4830459991678817,0.5169540008321183,1.0,0.033112582781456956,0.1205523140394894,3.9052476874582007,nan,nan,nan,physics,False,nan,nan,nan,nan,nan,nan,nan,0.4830459991678817
eb,om25_b8_g15,fr,19,stage1_seeds,256.0,40000.0,0.001,40.0,0.1062419182021485,6.5690179838222615,nan,nan,0.4938485319911321,0.5061514680088679,1.0,0.013245033112582781,0.1805123271324816,3.9052476874582007,nan,nan,nan,physics,False,nan,nan,nan,nan,nan,nan,nan,0.4938485319911321
eb,om25_b8_g15,fr,2,stage1_seeds,256.0,40000.0,0.001,40.0,0.11159230896198197,6.880344250513219,nan,nan,0.46625789878119067,0.5337421012188094,1.0,0.019867549668874173,0.13945229415993504,3.9052476874582007,nan,nan,nan,physics,False,nan,nan,nan,nan,nan,nan,nan,0.46625789878119067
eb,om25_b8_g15,fr,3,stage1_seeds,256.0,40000.0,0.001,40.0,0.10209345962188049,6.68768438424096,nan,nan,0.48313849211821114,0.5168615078817888,1.0,0.019867549668874173,0.19099117696321014,3.9052476874582007,nan,nan,nan,physics,False,nan,nan,nan,nan,nan,nan,nan,0.48313849211821114
eb,om25_b8_g15,fr,4,stage1_seeds,256.0,40000.0,0.001,40.0,0.09450100360664627,6.094077546912113,nan,nan,0.48832496246345686,0.5116750375365432,1.0,0.013245033112582781,0.17767333768789254,3.9052476874582007,nan,nan,nan,physics,False,nan,nan,nan,nan,nan,nan,nan,0.48832496246345686
eb,om25_b8_g15,fr,5,stage1_seeds,256.0,40000.0,0.001,40.0,0.09532848995852944,6.17513611362421,nan,nan,0.4937635846362804,0.5062364153637195,1.0,0.013245033112582781,0.15234653754263675,3.9052476874582007,nan,nan,nan,physics,False,nan,nan,nan,nan,nan,nan,nan,0.4937635846362804
eb,om25_b8_g15,fr,6,stage1_seeds,256.0,40000.0,0.001,40.0,0.09512226116422634,6.036028790185638,nan,nan,0.50613676138588,0.49386323861411996,1.0,0.0,0.2630920840164434,3.9052476874582007,nan,nan,nan,physics,False,nan,nan,nan,nan,nan,nan,nan,0.49386323861411996
eb,om25_b8_g15,fr,7,stage1_seeds,256.0,40000.0,0.001,40.0,0.0967728824091007,6.059836709857915,nan,nan,0.4936272071028592,0.5063727928971408,1.0,0.033112582781456956,0.1314792227541367,3.9052476874582007,nan,nan,nan,physics,False,nan,nan,nan,nan,nan,nan,nan,0.4936272071028592
eb,om25_b8_g15,fr,8,stage1_seeds,256.0,40000.0,0.001,40.0,0.08656397467977081,5.678399838279792,nan,nan,0.49599733929531503,0.5040026607046849,1.0,0.019867549668874173,0.1318030497672262,3.9052476874582007,nan,nan,nan,physics,False,nan,nan,nan,nan,nan,nan,nan,0.49599733929531503
eb,om25_b8_g15,fr,9,stage1_seeds,256.0,40000.0,0.001,40.0,0.0927025532345966,5.821273569955882,nan,nan,0.5027431495598623,0.4972568504401376,1.0,0.026490066225165563,0.1617952048548546,3.9052476874582007,nan,nan,nan,physics,False,nan,nan,nan,nan,nan,nan,nan,0.4972568504401376
eb,om10_b8_g15,abf,0,stage2_omega,256.0,100000.0,0.0004,40.0,0.1953448409408198,9.63976754340499,nan,nan,0.46178468438396797,0.5382153156160321,1.0,0.06622516556291391,0.0184166391888878,3.9058731902425508,nan,nan,nan,physics,False,nan,nan,nan,nan,nan,nan,nan,0.46178468438396797
eb,om10_b8_g15,abf,1,stage2_omega,256.0,100000.0,0.0004,40.0,0.21249743338659358,10.422121450061844,nan,nan,0.5030489953174039,0.4969510046825961,1.0,0.09271523178807947,0.03965310579078518,3.9058731902425508,nan,nan,nan,physics,False,nan,nan,nan,nan,nan,nan,nan,0.4969510046825961
eb,om10_b8_g15,abf,2,stage2_omega,256.0,100000.0,0.0004,40.0,0.21266269938910595,11.058595739519935,nan,nan,0.5287790796764444,0.47122092032355556,1.0,0.09271523178807947,0.016954941098455665,3.9058731902425508,nan,nan,nan,physics,False,nan,nan,nan,nan,nan,nan,nan,0.47122092032355556
eb,om10_b8_g15,abf,3,stage2_omega,256.0,100000.0,0.0004,40.0,0.18732325382010245,9.093748058872336,nan,nan,0.5135845013177782,0.48641549868222184,1.0,0.06622516556291391,0.03212865261111695,3.9058731902425508,nan,nan,nan,physics,False,nan,nan,nan,nan,nan,nan,nan,0.48641549868222184
eb,om10_b8_g15,abf,4,stage2_omega,256.0,100000.0,0.0004,40.0,0.17838072690124895,9.06733016722007,nan,nan,0.5152393081161314,0.4847606918838686,1.0,0.0728476821192053,0.01814321843541715,3.9058731902425508,nan,nan,nan,physics,False,nan,nan,nan,nan,nan,nan,nan,0.4847606918838686
eb,om10_b8_g15,abf,5,stage2_omega,256.0,100000.0,0.0004,40.0,0.2147471071176937,10.26114182156281,nan,nan,0.5042753979135529,0.4957246020864471,1.0,0.07947019867549669,0.02083603748437033,3.9058731902425508,nan,nan,nan,physics,False,nan,nan,nan,nan,nan,nan,nan,0.4957246020864471
eb,om10_b8_g15,abf,6,stage2_omega,256.0,100000.0,0.0004,40.0,0.20322517075220178,10.688654687045961,nan,nan,0.5264531404118573,0.4735468595881427,1.0,0.08609271523178808,0.027395184046507228,3.9058731902425508,nan,nan,nan,physics,False,nan,nan,nan,nan,nan,nan,nan,0.4735468595881427
eb,om10_b8_g15,abf,7,stage2_omega,256.0,100000.0,0.0004,40.0,0.20170398239202528,10.669270197368979,nan,nan,0.45564261066193723,0.5443573893380628,1.0,0.06622516556291391,0.05131868823857325,3.9058731902425508,nan,nan,nan,physics,False,nan,nan,nan,nan,nan,nan,nan,0.45564261066193723
eb,om10_b8_g15,abf,8,stage2_omega,256.0,100000.0,0.0004,40.0,0.1887472479122062,9.427552287636653,nan,nan,0.4875525799898898,0.5124474200101102,1.0,0.0728476821192053,0.051483528019350466,3.9058731902425508,nan,nan,nan,physics,False,nan,nan,nan,nan,nan,nan,nan,0.4875525799898898
eb,om10_b8_g15,abf,9,stage2_omega,256.0,100000.0,0.0004,40.0,0.2252449525536568,11.942336097994772,nan,nan,0.5293539914122585,0.4706460085877415,1.0,0.07947019867549669,0.0102416211985343,3.9058731902425508,nan,nan,nan,physics,False,nan,nan,nan,nan,nan,nan,nan,0.4706460085877415
eb,om1_b8_g15,abf,0,stage2_omega,256.0,100000.0,0.0004,40.0,0.21737489440108493,11.50886649068995,nan,nan,0.5215071620810837,0.47849283791891634,1.0,0.09933774834437085,0.012874702910619191,3.90625,nan,nan,nan,physics,False,nan,nan,nan,nan,nan,nan,nan,0.47849283791891634
eb,om1_b8_g15,abf,1,stage2_omega,256.0,100000.0,0.0004,40.0,0.1816131804414115,9.14185883007117,nan,nan,0.4292869683084694,0.5707130316915305,1.0,0.052980132450331126,0.07731224314941462,3.90625,nan,nan,nan,physics,False,nan,nan,nan,nan,nan,nan,nan,0.4292869683084694
eb,om1_b8_g15,abf,2,stage2_omega,256.0,100000.0,0.0004,40.0,0.20810419132093294,11.177089468143528,nan,nan,0.5638435859177727,0.4361564140822272,1.0,0.08609271523178808,0.023457392329273397,3.90625,nan,nan,nan,physics,False,nan,nan,nan,nan,nan,nan,nan,0.4361564140822272
eb,om1_b8_g15,abf,3,stage2_omega,256.0,100000.0,0.0004,40.0,0.22067437037615156,11.543922851408949,nan,nan,0.5332083752711981,0.4667916247288019,1.0,0.08609271523178808,0.025684096499545905,3.90625,nan,nan,nan,physics,False,nan,nan,nan,nan,nan,nan,nan,0.4667916247288019
eb,om1_b8_g15,abf,4,stage2_omega,256.0,100000.0,0.0004,40.0,0.22873021091292547,12.150469648518927,nan,nan,0.5752804350319903,0.42471956496800967,1.0,0.09933774834437085,0.008619384441266243,3.90625,nan,nan,nan,physics,False,nan,nan,nan,nan,nan,nan,nan,0.42471956496800967
eb,om1_b8_g15,abf,5,stage2_omega,256.0,100000.0,0.0004,40.0,0.21320712978817355,11.02938085380568,nan,nan,0.5844596152085753,0.41554038479142474,1.0,0.08609271523178808,0.015348737842604852,3.90625,nan,nan,nan,physics,False,nan,nan,nan,nan,nan,nan,nan,0.41554038479142474
eb,om1_b8_g15,abf,6,stage2_omega,256.0,100000.0,0.0004,40.0,0.19309034854619805,9.880745935028209,nan,nan,0.4634333740755594,0.5365666259244406,1.0,0.08609271523178808,0.03006233839125412,3.90625,nan,nan,nan,physics,False,nan,nan,nan,nan,nan,nan,nan,0.4634333740755594
eb,om1_b8_g15,abf,7,stage2_omega,256.0,100000.0,0.0004,40.0,0.1999929014417784,10.190023976110481,nan,nan,0.4876749105707934,0.5123250894292066,1.0,0.09271523178807947,0.02271791546970216,3.90625,nan,nan,nan,physics,False,nan,nan,nan,nan,nan,nan,nan,0.4876749105707934
eb,om1_b8_g15,abf,8,stage2_omega,256.0,100000.0,0.0004,40.0,0.21384164754881477,11.069197320198002,nan,nan,0.5284087584134922,0.4715912415865077,1.0,0.07947019867549669,0.03319762549969572,3.90625,nan,nan,nan,physics,False,nan,nan,nan,nan,nan,nan,nan,0.4715912415865077
eb,om1_b8_g15,abf,9,stage2_omega,256.0,100000.0,0.0004,40.0,0.18203937031586948,9.374145725697137,nan,nan,0.48835131977719787,0.5116486802228022,1.0,0.0728476821192053,0.04314155945793565,3.90625,nan,nan,nan,physics,False,nan,nan,nan,nan,nan,nan,nan,0.48835131977719787
eb,om50_b8_g15,abf,0,stage2_omega,256.0,100000.0,0.0004,40.0,0.20665932847484358,10.772951372763512,nan,nan,0.507929655793433,0.4920703442065669,1.0,0.09933774834437085,0.014028313789854911,3.90421208919053,nan,nan,nan,physics,False,nan,nan,nan,nan,nan,nan,nan,0.4920703442065669
eb,om50_b8_g15,abf,1,stage2_omega,256.0,100000.0,0.0004,40.0,0.20667712671678398,10.663054948825923,nan,nan,0.5406155731527043,0.45938442684729586,1.0,0.07947019867549669,0.023740561550347632,3.90421208919053,nan,nan,nan,physics,False,nan,nan,nan,nan,nan,nan,nan,0.45938442684729586
eb,om50_b8_g15,abf,2,stage2_omega,256.0,100000.0,0.0004,40.0,0.20951894677864033,11.462072342834603,nan,nan,0.5468221251881255,0.45317787481187444,0.9933774834437086,0.09933774834437085,0.0025454002426920394,3.90421208919053,nan,nan,nan,physics,False,nan,nan,nan,nan,nan,nan,nan,0.45317787481187444
eb,om50_b8_g15,abf,3,stage2_omega,256.0,100000.0,0.0004,40.0,0.23059019998324692,11.94852938730493,nan,nan,0.5693655569206829,0.4306344430793171,1.0,0.09271523178807947,0.01206886416924818,3.90421208919053,nan,nan,nan,physics,False,nan,nan,nan,nan,nan,nan,nan,0.4306344430793171
eb,om50_b8_g15,abf,4,stage2_omega,256.0,100000.0,0.0004,40.0,0.16875254772176135,8.163544357594226,nan,nan,0.3967021342107778,0.6032978657892222,1.0,0.039735099337748346,0.03835942446307184,3.90421208919053,nan,nan,nan,physics,False,nan,nan,nan,nan,nan,nan,nan,0.3967021342107778
eb,om50_b8_g15,abf,5,stage2_omega,256.0,100000.0,0.0004,40.0,0.20990403712053823,10.400606385051898,nan,nan,0.4732982668184311,0.5267017331815689,1.0,0.09933774834437085,0.015391938321440564,3.90421208919053,nan,nan,nan,physics,False,nan,nan,nan,nan,nan,nan,nan,0.4732982668184311
eb,om50_b8_g15,abf,6,stage2_omega,256.0,100000.0,0.0004,40.0,0.2212259071513609,12.740538915649172,nan,nan,0.5398011438301615,0.4601988561698385,1.0,0.07947019867549669,0.03920907999023625,3.90421208919053,nan,nan,nan,physics,False,nan,nan,nan,nan,nan,nan,nan,0.4601988561698385
eb,om50_b8_g15,abf,7,stage2_omega,256.0,100000.0,0.0004,40.0,0.21825956315189607,11.092080342855773,nan,nan,0.5034625685855947,0.49653743141440543,1.0,0.07947019867549669,0.04077896039041168,3.90421208919053,nan,nan,nan,physics,False,nan,nan,nan,nan,nan,nan,nan,0.49653743141440543
eb,om50_b8_g15,abf,8,stage2_omega,256.0,100000.0,0.0004,40.0,0.21274666628254368,10.848117859464386,nan,nan,0.49260075043388785,0.5073992495661122,1.0,0.0728476821192053,0.016375477093174665,3.90421208919053,nan,nan,nan,physics,False,nan,nan,nan,nan,nan,nan,nan,0.49260075043388785
eb,om50_b8_g15,abf,9,stage2_omega,256.0,100000.0,0.0004,40.0,0.20685404927647394,10.952464525246253,nan,nan,0.53186798903811,0.4681320109618901,1.0,0.09271523178807947,0.035799719465574927,3.90421208919053,nan,nan,nan,physics,False,nan,nan,nan,nan,nan,nan,nan,0.4681320109618901
eb,om5_b8_g15,abf,0,stage2_omega,256.0,100000.0,0.0004,40.0,0.20303025916807332,9.93500818053662,nan,nan,0.46148667511109054,0.5385133248889095,1.0,0.08609271523178808,0.019476638174766248,3.906082388735644,nan,nan,nan,physics,False,nan,nan,nan,nan,nan,nan,nan,0.46148667511109054
eb,om5_b8_g15,abf,1,stage2_omega,256.0,100000.0,0.0004,40.0,0.19762828649924358,10.26318970339827,nan,nan,0.5522437221427722,0.4477562778572278,1.0,0.09271523178807947,0.012389452415138951,3.906082388735644,nan,nan,nan,physics,False,nan,nan,nan,nan,nan,nan,nan,0.4477562778572278
eb,om5_b8_g15,abf,2,stage2_omega,256.0,100000.0,0.0004,40.0,0.19071614694318217,9.348361449288436,nan,nan,0.47917864227634094,0.5208213577236591,1.0,0.10596026490066225,0.0175856347626917,3.906082388735644,nan,nan,nan,physics,False,nan,nan,nan,nan,nan,nan,nan,0.47917864227634094
eb,om5_b8_g15,abf,3,stage2_omega,256.0,100000.0,0.0004,40.0,0.20044215833484638,10.21036675064317,nan,nan,0.43367118303239843,0.5663288169676015,1.0,0.07947019867549669,0.03244730546664907,3.906082388735644,nan,nan,nan,physics,False,nan,nan,nan,nan,nan,nan,nan,0.43367118303239843
eb,om5_b8_g15,abf,4,stage2_omega,256.0,100000.0,0.0004,40.0,0.21948519575436237,12.286179936135412,nan,nan,0.5217771853688451,0.47822281463115496,1.0,0.10596026490066225,0.0026966211201610974,3.906082388735644,nan,nan,nan,physics,False,nan,nan,nan,nan,nan,nan,nan,0.47822281463115496
eb,om5_b8_g15,abf,5,stage2_omega,256.0,100000.0,0.0004,40.0,0.18497340880594448,9.382984472004534,nan,nan,0.519533746004466,0.48046625399553394,1.0,0.0728476821192053,0.04902905050293351,3.906082388735644,nan,nan,nan,physics,False,nan,nan,nan,nan,nan,nan,nan,0.48046625399553394
eb,om5_b8_g15,abf,6,stage2_omega,256.0,100000.0,0.0004,40.0,0.22080746930590003,11.579985869274086,nan,nan,0.5556772361437776,0.4443227638562224,1.0,0.09271523178807947,0.01041732698506576,3.906082388735644,nan,nan,nan,physics,False,nan,nan,nan,nan,nan,nan,nan,0.4443227638562224
eb,om5_b8_g15,abf,7,stage2_omega,256.0,100000.0,0.0004,40.0,0.18555177025210967,9.31204141808239,nan,nan,0.4789855188390779,0.5210144811609221,1.0,0.0728476821192053,0.018269384668705493,3.906082388735644,nan,nan,nan,physics,False,nan,nan,nan,nan,nan,nan,nan,0.4789855188390779
eb,om5_b8_g15,abf,8,stage2_omega,256.0,100000.0,0.0004,40.0,0.22220874438699714,12.080684675200615,nan,nan,0.5279409696213558,0.4720590303786441,1.0,0.08609271523178808,0.025999026517580143,3.906082388735644,nan,nan,nan,physics,False,nan,nan,nan,nan,nan,nan,nan,0.4720590303786441
eb,om5_b8_g15,abf,9,stage2_omega,256.0,100000.0,0.0004,40.0,0.2045333343405403,10.220722931180806,nan,nan,0.4910404396072851,0.5089595603927148,1.0,0.08609271523178808,0.022736834929996015,3.906082388735644,nan,nan,nan,physics,False,nan,nan,nan,nan,nan,nan,nan,0.4910404396072851
eb,om10_b8_g15,fr,0,stage2_omega,256.0,100000.0,0.0004,40.0,0.10289192335445473,6.440351489976323,nan,nan,0.5175153880077937,0.48248461199220627,1.0,0.046357615894039736,0.07808884432158338,3.9058731902425508,nan,nan,nan,physics,False,nan,nan,nan,nan,nan,nan,nan,0.48248461199220627
eb,om10_b8_g15,fr,1,stage2_omega,256.0,100000.0,0.0004,40.0,0.09991337327975819,6.3801619202392486,nan,nan,0.48587887744582453,0.5141211225541754,1.0,0.026490066225165563,0.09605256862607832,3.9058731902425508,nan,nan,nan,physics,False,nan,nan,nan,nan,nan,nan,nan,0.48587887744582453
eb,om10_b8_g15,fr,2,stage2_omega,256.0,100000.0,0.0004,40.0,0.09902578765472553,6.496715165018988,nan,nan,0.5097087558060613,0.4902912441939387,1.0,0.013245033112582781,0.14473824507509933,3.9058731902425508,nan,nan,nan,physics,False,nan,nan,nan,nan,nan,nan,nan,0.4902912441939387
eb,om10_b8_g15,fr,3,stage2_omega,256.0,100000.0,0.0004,40.0,0.10733061094175103,6.519817415270442,nan,nan,0.4988311503660839,0.5011688496339161,1.0,0.026490066225165563,0.10782418340248572,3.9058731902425508,nan,nan,nan,physics,False,nan,nan,nan,nan,nan,nan,nan,0.4988311503660839
eb,om10_b8_g15,fr,4,stage2_omega,256.0,100000.0,0.0004,40.0,0.10435165679306065,6.630949364806744,nan,nan,0.4935690027951102,0.5064309972048899,1.0,0.019867549668874173,0.17147702000857198,3.9058731902425508,nan,nan,nan,physics,False,nan,nan,nan,nan,nan,nan,nan,0.4935690027951102
eb,om10_b8_g15,fr,5,stage2_omega,256.0,100000.0,0.0004,40.0,0.10525134051920444,6.825017061859481,nan,nan,0.4748914693441061,0.5251085306558939,1.0,0.039735099337748346,0.06351893388579881,3.9058731902425508,nan,nan,nan,physics,False,nan,nan,nan,nan,nan,nan,nan,0.4748914693441061
eb,om10_b8_g15,fr,6,stage2_omega,256.0,100000.0,0.0004,40.0,0.09887190389859261,5.783113128210383,nan,nan,0.48773027391548573,0.5122697260845144,1.0,0.013245033112582781,0.16537609804379022,3.9058731902425508,nan,nan,nan,physics,False,nan,nan,nan,nan,nan,nan,nan,0.48773027391548573
eb,om10_b8_g15,fr,7,stage2_omega,256.0,100000.0,0.0004,40.0,0.09149040932609924,5.879025152233896,nan,nan,0.507494906274102,0.492505093725898,1.0,0.006622516556291391,0.2011985747354791,3.9058731902425508,nan,nan,nan,physics,False,nan,nan,nan,nan,nan,nan,nan,0.492505093725898
eb,om10_b8_g15,fr,8,stage2_omega,256.0,100000.0,0.0004,40.0,0.10807040458456525,6.548264602834811,nan,nan,0.494284932683373,0.505715067316627,1.0,0.026490066225165563,0.12048053530235531,3.9058731902425508,nan,nan,nan,physics,False,nan,nan,nan,nan,nan,nan,nan,0.494284932683373
eb,om10_b8_g15,fr,9,stage2_omega,256.0,100000.0,0.0004,40.0,0.09556683958032396,6.08522409944017,nan,nan,0.5071394643370128,0.49286053566298715,1.0,0.039735099337748346,0.06556628172582345,3.9058731902425508,nan,nan,nan,physics,False,nan,nan,nan,nan,nan,nan,nan,0.49286053566298715
eb,om1_b8_g15,fr,0,stage2_omega,256.0,100000.0,0.0004,40.0,0.101960514378581,6.255652938517553,nan,nan,0.48635972202088007,0.5136402779791198,1.0,0.013245033112582781,0.15384823555309027,3.90625,nan,nan,nan,physics,False,nan,nan,nan,nan,nan,nan,nan,0.48635972202088007
eb,om1_b8_g15,fr,1,stage2_omega,256.0,100000.0,0.0004,40.0,0.11330836799532014,6.9004432721086495,nan,nan,0.4904323119796964,0.5095676880203036,1.0,0.013245033112582781,0.2039347507655579,3.90625,nan,nan,nan,physics,False,nan,nan,nan,nan,nan,nan,nan,0.4904323119796964
eb,om1_b8_g15,fr,2,stage2_omega,256.0,100000.0,0.0004,40.0,0.0999432830713787,6.259907919641846,nan,nan,0.5004436636786647,0.49955633632133534,1.0,0.013245033112582781,0.14707254593141889,3.90625,nan,nan,nan,physics,False,nan,nan,nan,nan,nan,nan,nan,0.49955633632133534
eb,om1_b8_g15,fr,3,stage2_omega,256.0,100000.0,0.0004,40.0,0.10626444717450093,6.692129019362461,nan,nan,0.4941723495443061,0.5058276504556939,1.0,0.033112582781456956,0.0680394307316207,3.90625,nan,nan,nan,physics,False,nan,nan,nan,nan,nan,nan,nan,0.4941723495443061
eb,om1_b8_g15,fr,4,stage2_omega,256.0,100000.0,0.0004,40.0,0.09941583300894027,6.091229941847828,nan,nan,0.4954371175144753,0.5045628824855247,1.0,0.013245033112582781,0.19058370272948616,3.90625,nan,nan,nan,physics,False,nan,nan,nan,nan,nan,nan,nan,0.4954371175144753
eb,om1_b8_g15,fr,5,stage2_omega,256.0,100000.0,0.0004,40.0,0.0974042862129399,6.037328881181281,nan,nan,0.5031390830008681,0.496860916999132,1.0,0.006622516556291391,0.19386435467014,3.90625,nan,nan,nan,physics,False,nan,nan,nan,nan,nan,nan,nan,0.496860916999132
eb,om1_b8_g15,fr,6,stage2_omega,256.0,100000.0,0.0004,40.0,0.11285413789585635,6.920829575771339,nan,nan,0.512429648060763,0.4875703519392371,1.0,0.019867549668874173,0.1540233069343716,3.90625,nan,nan,nan,physics,False,nan,nan,nan,nan,nan,nan,nan,0.4875703519392371
eb,om1_b8_g15,fr,7,stage2_omega,256.0,100000.0,0.0004,40.0,0.09136896356092204,5.6249319033819125,nan,nan,0.4988962351624516,0.5011037648375485,1.0,0.013245033112582781,0.18538731017646198,3.90625,nan,nan,nan,physics,False,nan,nan,nan,nan,nan,nan,nan,0.4988962351624516
eb,om1_b8_g15,fr,8,stage2_omega,256.0,100000.0,0.0004,40.0,0.09280729099859611,6.072013698551352,nan,nan,0.5048467753078936,0.49515322469210643,1.0,0.019867549668874173,0.1288495925668323,3.90625,nan,nan,nan,physics,False,nan,nan,nan,nan,nan,nan,nan,0.49515322469210643
eb,om1_b8_g15,fr,9,stage2_omega,256.0,100000.0,0.0004,40.0,0.10473514001418437,6.500825590309508,nan,nan,0.47371190897924387,0.526288091020756,1.0,0.013245033112582781,0.17802000576079416,3.90625,nan,nan,nan,physics,False,nan,nan,nan,nan,nan,nan,nan,0.47371190897924387
eb,om50_b8_g15,fr,0,stage2_omega,256.0,100000.0,0.0004,40.0,0.10365088090004718,6.0857055517971625,nan,nan,0.48524763204373766,0.5147523679562623,1.0,0.033112582781456956,0.06286754488376732,3.90421208919053,nan,nan,nan,physics,False,nan,nan,nan,nan,nan,nan,nan,0.48524763204373766
eb,om50_b8_g15,fr,1,stage2_omega,256.0,100000.0,0.0004,40.0,0.09275524023066227,6.1533902717631435,nan,nan,0.46755134037931906,0.5324486596206809,1.0,0.026490066225165563,0.1148499616405866,3.90421208919053,nan,nan,nan,physics,False,nan,nan,nan,nan,nan,nan,nan,0.46755134037931906
eb,om50_b8_g15,fr,2,stage2_omega,256.0,100000.0,0.0004,40.0,0.10036458126284416,6.117788151788153,nan,nan,0.5018226793690244,0.49817732063097564,1.0,0.019867549668874173,0.15736232236203854,3.90421208919053,nan,nan,nan,physics,False,nan,nan,nan,nan,nan,nan,nan,0.49817732063097564
eb,om50_b8_g15,fr,3,stage2_omega,256.0,100000.0,0.0004,40.0,0.1005752810576869,6.4717829960586535,nan,nan,0.4867753838754829,0.5132246161245171,1.0,0.019867549668874173,0.12732005704465638,3.90421208919053,nan,nan,nan,physics,False,nan,nan,nan,nan,nan,nan,nan,0.4867753838754829
eb,om50_b8_g15,fr,4,stage2_omega,256.0,100000.0,0.0004,40.0,0.08671504345681667,5.692640680997936,nan,nan,0.48645753721360263,0.5135424627863974,1.0,0.006622516556291391,0.20650915329101946,3.90421208919053,nan,nan,nan,physics,False,nan,nan,nan,nan,nan,nan,nan,0.48645753721360263
eb,om50_b8_g15,fr,5,stage2_omega,256.0,100000.0,0.0004,40.0,0.09363362190031302,5.820587610844855,nan,nan,0.5167937435855935,0.48320625641440657,1.0,0.013245033112582781,0.16524655356208942,3.90421208919053,nan,nan,nan,physics,False,nan,nan,nan,nan,nan,nan,nan,0.48320625641440657
eb,om50_b8_g15,fr,6,stage2_omega,256.0,100000.0,0.0004,40.0,0.10388495063290211,6.452941646556726,nan,nan,0.5025937062589467,0.49740629374105333,1.0,0.006622516556291391,0.20150054170052273,3.90421208919053,nan,nan,nan,physics,False,nan,nan,nan,nan,nan,nan,nan,0.49740629374105333
eb,om50_b8_g15,fr,7,stage2_omega,256.0,100000.0,0.0004,40.0,0.10388766000597713,6.328947597630582,nan,nan,0.5107856793672779,0.489214320632722,1.0,0.033112582781456956,0.08355946146728399,3.90421208919053,nan,nan,nan,physics,False,nan,nan,nan,nan,nan,nan,nan,0.489214320632722
eb,om50_b8_g15,fr,8,stage2_omega,256.0,100000.0,0.0004,40.0,0.09631576515830056,6.334699033384656,nan,nan,0.4709235272630726,0.5290764727369274,1.0,0.026490066225165563,0.07767863099362761,3.90421208919053,nan,nan,nan,physics,False,nan,nan,nan,nan,nan,nan,nan,0.4709235272630726
eb,om50_b8_g15,fr,9,stage2_omega,256.0,100000.0,0.0004,40.0,0.09809135452160692,6.125881036603785,nan,nan,0.4793200851087116,0.5206799148912885,1.0,0.019867549668874173,0.14386408769091635,3.90421208919053,nan,nan,nan,physics,False,nan,nan,nan,nan,nan,nan,nan,0.4793200851087116
eb,om5_b8_g15,fr,0,stage2_omega,256.0,100000.0,0.0004,40.0,0.09248755916149005,6.178470191622497,nan,nan,0.4832038846382671,0.5167961153617329,1.0,0.006622516556291391,0.23057241194365466,3.906082388735644,nan,nan,nan,physics,False,nan,nan,nan,nan,nan,nan,nan,0.4832038846382671
eb,om5_b8_g15,fr,1,stage2_omega,256.0,100000.0,0.0004,40.0,0.1064052557447307,6.6725459731404975,nan,nan,0.4985372892616651,0.5014627107383349,1.0,0.046357615894039736,0.08601598732518516,3.906082388735644,nan,nan,nan,physics,False,nan,nan,nan,nan,nan,nan,nan,0.4985372892616651
eb,om5_b8_g15,fr,2,stage2_omega,256.0,100000.0,0.0004,40.0,0.10406483264827472,6.3630816508649035,nan,nan,0.4821032622922429,0.5178967377077571,1.0,0.006622516556291391,0.2360563697839387,3.906082388735644,nan,nan,nan,physics,False,nan,nan,nan,nan,nan,nan,nan,0.4821032622922429
eb,om5_b8_g15,fr,3,stage2_omega,256.0,100000.0,0.0004,40.0,0.11009344087231926,6.885552655803256,nan,nan,0.48502583474968747,0.5149741652503125,1.0,0.039735099337748346,0.10862763485200008,3.906082388735644,nan,nan,nan,physics,False,nan,nan,nan,nan,nan,nan,nan,0.48502583474968747
eb,om5_b8_g15,fr,4,stage2_omega,256.0,100000.0,0.0004,40.0,0.09071379139483544,5.5386861275957555,nan,nan,0.48685761719936493,0.5131423828006351,1.0,0.006622516556291391,0.21743720566419883,3.906082388735644,nan,nan,nan,physics,False,nan,nan,nan,nan,nan,nan,nan,0.48685761719936493
eb,om5_b8_g15,fr,5,stage2_omega,256.0,100000.0,0.0004,40.0,0.10325993022271901,6.447324615223847,nan,nan,0.4952696804217678,0.5047303195782322,1.0,0.019867549668874173,0.09901206394375235,3.906082388735644,nan,nan,nan,physics,False,nan,nan,nan,nan,nan,nan,nan,0.4952696804217678
eb,om5_b8_g15,fr,6,stage2_omega,256.0,100000.0,0.0004,40.0,0.098123256943409,5.855699515598165,nan,nan,0.48370597459124776,0.5162940254087521,1.0,0.013245033112582781,0.16873065432576334,3.906082388735644,nan,nan,nan,physics,False,nan,nan,nan,nan,nan,nan,nan,0.48370597459124776
eb,om5_b8_g15,fr,7,stage2_omega,256.0,100000.0,0.0004,40.0,0.10002377301781747,5.941604200208379,nan,nan,0.4906568362498176,0.5093431637501824,1.0,0.013245033112582781,0.1759009493991095,3.906082388735644,nan,nan,nan,physics,False,nan,nan,nan,nan,nan,nan,nan,0.4906568362498176
eb,om5_b8_g15,fr,8,stage2_omega,256.0,100000.0,0.0004,40.0,0.10971673104147527,6.831210020724427,nan,nan,0.4921848625872819,0.5078151374127182,1.0,0.052980132450331126,0.0880468497745494,3.906082388735644,nan,nan,nan,physics,False,nan,nan,nan,nan,nan,nan,nan,0.4921848625872819
eb,om5_b8_g15,fr,9,stage2_omega,256.0,100000.0,0.0004,40.0,0.10345019415351621,6.629655035722934,nan,nan,0.5127214922341647,0.48727850776583514,1.0,0.033112582781456956,0.09205408202121489,3.906082388735644,nan,nan,nan,physics,False,nan,nan,nan,nan,nan,nan,nan,0.48727850776583514
eb,om25_b12_g15,abf,0,stage3_beta,256.0,40000.0,0.001,40.0,0.40369274167704794,18.932157803326625,nan,nan,0.6035736223618778,0.3964263776381222,0.9668874172185431,0.1456953642384106,0.00021132852624481277,3.9055817916388,nan,nan,nan,physics,False,nan,nan,nan,nan,nan,nan,nan,0.3964263776381222
eb,om25_b12_g15,abf,1,stage3_beta,256.0,40000.0,0.001,40.0,0.41592316472638574,21.32991934207971,nan,nan,0.6791445220913125,0.3208554779086874,0.9470198675496688,0.1456953642384106,2.3290340040016058e-05,3.9055817916388005,nan,nan,nan,physics,False,nan,nan,nan,nan,nan,nan,nan,0.3208554779086874
eb,om25_b12_g15,abf,2,stage3_beta,256.0,40000.0,0.001,40.0,0.41814965279472915,20.07180423534254,nan,nan,0.6815836719746179,0.31841632802538206,0.9602649006622517,0.15894039735099338,9.745863571063877e-05,3.9055817916388005,nan,nan,nan,physics,False,nan,nan,nan,nan,nan,nan,nan,0.31841632802538206
eb,om25_b12_g15,abf,3,stage3_beta,256.0,40000.0,0.001,40.0,0.39960399017825166,19.864515749221955,nan,nan,0.7475563042310361,0.25244369576896386,0.9602649006622517,0.1390728476821192,0.00021675978453138556,3.9055817916388005,nan,nan,nan,physics,False,nan,nan,nan,nan,nan,nan,nan,0.25244369576896386
eb,om25_b12_g15,abf,4,stage3_beta,256.0,40000.0,0.001,40.0,0.4058797327516833,20.10662872645181,nan,nan,0.6531057757535206,0.3468942242464794,0.9602649006622517,0.152317880794702,0.00024983079775244764,3.9055817916388,nan,nan,nan,physics,False,nan,nan,nan,nan,nan,nan,nan,0.3468942242464794
eb,om25_b12_g15,abf,5,stage3_beta,256.0,40000.0,0.001,40.0,0.46878368645463736,21.49334114403228,nan,nan,0.7110398511225803,0.2889601488774197,0.9602649006622517,0.17218543046357615,0.00021297084188866993,3.9055817916388005,nan,nan,nan,physics,False,nan,nan,nan,nan,nan,nan,nan,0.2889601488774197
eb,om25_b12_g15,abf,6,stage3_beta,256.0,40000.0,0.001,40.0,0.4152669414248784,20.906759880207844,nan,nan,0.6733712995638884,0.3266287004361116,0.9668874172185431,0.152317880794702,0.0004908009956131531,3.9055817916388005,nan,nan,nan,physics,False,nan,nan,nan,nan,nan,nan,nan,0.3266287004361116
eb,om25_b12_g15,abf,7,stage3_beta,256.0,40000.0,0.001,40.0,0.4182693001427895,18.806994407507844,nan,nan,0.5806366763813313,0.41936332361866874,0.9602649006622517,0.15894039735099338,6.382752294575277e-05,3.9055817916388005,nan,nan,nan,physics,False,nan,nan,nan,nan,nan,nan,nan,0.41936332361866874
eb,om25_b12_g15,abf,8,stage3_beta,256.0,40000.0,0.001,40.0,0.4310862255744069,22.681735782675716,nan,nan,0.7039754396457235,0.29602456035427654,0.9536423841059603,0.16556291390728478,3.9870912986507463e-05,3.9055817916388,nan,nan,nan,physics,False,nan,nan,nan,nan,nan,nan,nan,0.29602456035427654
eb,om25_b12_g15,abf,9,stage3_beta,256.0,40000.0,0.001,40.0,0.38744520088062917,18.33343899425755,nan,nan,0.68941612760956,0.31058387239044,0.9470198675496688,0.1456953642384106,2.3920432376412026e-05,3.9055817916388005,nan,nan,nan,physics,False,nan,nan,nan,nan,nan,nan,nan,0.31058387239044
eb,om25_b2_g15,abf,0,stage3_beta,256.0,40000.0,0.001,40.0,0.060438452229834384,3.3988726412228703,nan,nan,0.48445691619949216,0.5155430838005078,1.0,0.0,0.4744059385289809,4.105428479507179,nan,nan,nan,physics,False,nan,nan,nan,nan,nan,nan,nan,0.48445691619949216
eb,om25_b2_g15,abf,1,stage3_beta,256.0,40000.0,0.001,40.0,0.05109995874479228,3.7420797046276384,nan,nan,0.4071112477762152,0.5928887522237848,1.0,0.0,0.4796751317270236,4.105428479507179,nan,nan,nan,physics,False,nan,nan,nan,nan,nan,nan,nan,0.4071112477762152
eb,om25_b2_g15,abf,2,stage3_beta,256.0,40000.0,0.001,40.0,0.0541878717357106,3.7451597314437506,nan,nan,0.4459490049025629,0.554050995097437,1.0,0.0,0.743491030225469,4.105428479507179,nan,nan,nan,physics,False,nan,nan,nan,nan,nan,nan,nan,0.4459490049025629
eb,om25_b2_g15,abf,3,stage3_beta,256.0,40000.0,0.001,40.0,0.05309859233523312,3.501749167561928,nan,nan,0.4629962401149625,0.5370037598850375,1.0,0.0,0.6133380157576976,4.105428479507179,nan,nan,nan,physics,False,nan,nan,nan,nan,nan,nan,nan,0.4629962401149625
eb,om25_b2_g15,abf,4,stage3_beta,256.0,40000.0,0.001,40.0,0.05514919168773185,3.948432400952644,nan,nan,0.47206111334813217,0.5279388866518678,1.0,0.0,0.5760627142162322,4.105428479507179,nan,nan,nan,physics,False,nan,nan,nan,nan,nan,nan,nan,0.47206111334813217
eb,om25_b2_g15,abf,5,stage3_beta,256.0,40000.0,0.001,40.0,0.054494038853681176,4.1584515339853665,nan,nan,0.46520884744523006,0.5347911525547699,1.0,0.0,0.5862099760475463,4.105428479507179,nan,nan,nan,physics,False,nan,nan,nan,nan,nan,nan,nan,0.46520884744523006
eb,om25_b2_g15,abf,6,stage3_beta,256.0,40000.0,0.001,40.0,0.05643794301009185,3.8562895655158416,nan,nan,0.4756446480695324,0.5243553519304677,1.0,0.0,0.6861177944683192,4.105428479507179,nan,nan,nan,physics,False,nan,nan,nan,nan,nan,nan,nan,0.4756446480695324
eb,om25_b2_g15,abf,7,stage3_beta,256.0,40000.0,0.001,40.0,0.05710451531922556,3.257374578254308,nan,nan,0.4407306049308596,0.5592693950691404,1.0,0.0,0.5900100178434454,4.105428479507179,nan,nan,nan,physics,False,nan,nan,nan,nan,nan,nan,nan,0.4407306049308596
eb,om25_b2_g15,abf,8,stage3_beta,256.0,40000.0,0.001,40.0,0.05523968461529022,2.8241686353317332,nan,nan,0.5279739372687206,0.47202606273127956,1.0,0.0,0.5608112169706508,4.105428479507179,nan,nan,nan,physics,False,nan,nan,nan,nan,nan,nan,nan,0.47202606273127956
eb,om25_b2_g15,abf,9,stage3_beta,256.0,40000.0,0.001,40.0,0.05441556819164972,3.478604862353637,nan,nan,0.4987208391906921,0.5012791608093079,1.0,0.0,0.5168125159162649,4.105428479507179,nan,nan,nan,physics,False,nan,nan,nan,nan,nan,nan,nan,0.4987208391906921
eb,om25_b4_g15,abf,0,stage3_beta,256.0,40000.0,0.001,40.0,0.05213053936139311,2.9678545133005,nan,nan,0.4588759934169528,0.5411240065830472,1.0,0.0,0.41228094892346295,3.9042453749164006,nan,nan,nan,physics,False,nan,nan,nan,nan,nan,nan,nan,0.4588759934169528
eb,om25_b4_g15,abf,1,stage3_beta,256.0,40000.0,0.001,40.0,0.054636665849277406,3.3579805518028745,nan,nan,0.4598286262080612,0.5401713737919389,1.0,0.0,0.6887943756615418,3.9042453749164006,nan,nan,nan,physics,False,nan,nan,nan,nan,nan,nan,nan,0.4598286262080612
eb,om25_b4_g15,abf,2,stage3_beta,256.0,40000.0,0.001,40.0,0.04964202222778909,3.272630972524533,nan,nan,0.44819198121186105,0.551808018788139,1.0,0.0,0.5743174938724325,3.9042453749164006,nan,nan,nan,physics,False,nan,nan,nan,nan,nan,nan,nan,0.44819198121186105
eb,om25_b4_g15,abf,3,stage3_beta,256.0,40000.0,0.001,40.0,0.042864085279933364,2.916796949363649,nan,nan,0.4731327304164713,0.5268672695835287,1.0,0.0,0.5180772755548791,3.9042453749164006,nan,nan,nan,physics,False,nan,nan,nan,nan,nan,nan,nan,0.4731327304164713
eb,om25_b4_g15,abf,4,stage3_beta,256.0,40000.0,0.001,40.0,0.05311903838664804,3.1554923719617394,nan,nan,0.4693736692023291,0.530626330797671,1.0,0.0,0.4139339040454656,3.9042453749164006,nan,nan,nan,physics,False,nan,nan,nan,nan,nan,nan,nan,0.4693736692023291
eb,om25_b4_g15,abf,5,stage3_beta,256.0,40000.0,0.001,40.0,0.04854278103539156,3.288746110296761,nan,nan,0.4376962014871036,0.5623037985128965,1.0,0.0,0.5432399584658362,3.9042453749164006,nan,nan,nan,physics,False,nan,nan,nan,nan,nan,nan,nan,0.4376962014871036
eb,om25_b4_g15,abf,6,stage3_beta,256.0,40000.0,0.001,40.0,0.045801706341325896,3.0929268416036875,nan,nan,0.47788773096109793,0.5221122690389021,1.0,0.0,0.4546289669352178,3.9042453749164006,nan,nan,nan,physics,False,nan,nan,nan,nan,nan,nan,nan,0.47788773096109793
eb,om25_b4_g15,abf,7,stage3_beta,256.0,40000.0,0.001,40.0,0.04705305167168184,3.2701562663279664,nan,nan,0.4632100357211332,0.5367899642788668,1.0,0.0,0.6322231690486377,3.9042453749164006,nan,nan,nan,physics,False,nan,nan,nan,nan,nan,nan,nan,0.4632100357211332
eb,om25_b4_g15,abf,8,stage3_beta,256.0,40000.0,0.001,40.0,0.04987228908670367,3.0264555358661656,nan,nan,0.4689179703153883,0.5310820296846118,1.0,0.0,0.5147242069864664,3.9042453749164006,nan,nan,nan,physics,False,nan,nan,nan,nan,nan,nan,nan,0.4689179703153883
eb,om25_b4_g15,abf,9,stage3_beta,256.0,40000.0,0.001,40.0,0.04550386721210665,3.0429067438458306,nan,nan,0.5162997757020454,0.4837002242979545,1.0,0.0,0.5643916921680476,3.9042453749164006,nan,nan,nan,physics,False,nan,nan,nan,nan,nan,nan,nan,0.4837002242979545
eb,om25_b12_g15,fr,0,stage3_beta,256.0,40000.0,0.001,40.0,0.27943470528885905,13.648601575970869,nan,nan,0.49178193730815245,0.5082180626918477,1.0,0.11920529801324503,0.010355076238419065,3.9055817916388,nan,nan,nan,physics,False,nan,nan,nan,nan,nan,nan,nan,0.49178193730815245
eb,om25_b12_g15,fr,1,stage3_beta,256.0,40000.0,0.001,40.0,0.28424723218919296,13.907813476381058,nan,nan,0.49219821014323173,0.5078017898567683,1.0,0.11258278145695365,0.00968169625823723,3.9055817916388005,nan,nan,nan,physics,False,nan,nan,nan,nan,nan,nan,nan,0.49219821014323173
eb,om25_b12_g15,fr,2,stage3_beta,256.0,40000.0,0.001,40.0,0.2917847915298879,14.034912357180108,nan,nan,0.5136647565167463,0.4863352434832538,1.0,0.11258278145695365,0.007437252599035773,3.9055817916388005,nan,nan,nan,physics,False,nan,nan,nan,nan,nan,nan,nan,0.4863352434832538
eb,om25_b12_g15,fr,3,stage3_beta,256.0,40000.0,0.001,40.0,0.23580776995678007,11.769403492874249,nan,nan,0.45922457269442624,0.5407754273055737,0.9867549668874173,0.08609271523178808,0.00045954483337296394,3.9055817916388005,nan,nan,nan,physics,False,nan,nan,nan,nan,nan,nan,nan,0.45922457269442624
eb,om25_b12_g15,fr,4,stage3_beta,256.0,40000.0,0.001,40.0,0.2737805382189782,13.38547636255376,nan,nan,0.48246067513250745,0.5175393248674925,1.0,0.10596026490066225,0.007694653625176543,3.9055817916388,nan,nan,nan,physics,False,nan,nan,nan,nan,nan,nan,nan,0.48246067513250745
eb,om25_b12_g15,fr,5,stage3_beta,256.0,40000.0,0.001,40.0,0.2793835918467477,13.396003586057244,nan,nan,0.4838680058967619,0.5161319941032381,1.0,0.12582781456953643,0.007243030162890022,3.9055817916388005,nan,nan,nan,physics,False,nan,nan,nan,nan,nan,nan,nan,0.4838680058967619
eb,om25_b12_g15,fr,6,stage3_beta,256.0,40000.0,0.001,40.0,0.28478736422221307,13.840272789470802,nan,nan,0.48503908700053333,0.5149609129994667,1.0,0.13245033112582782,0.0019142387911060513,3.9055817916388005,nan,nan,nan,physics,False,nan,nan,nan,nan,nan,nan,nan,0.48503908700053333
eb,om25_b12_g15,fr,7,stage3_beta,256.0,40000.0,0.001,40.0,0.2950466815623037,14.626936879961644,nan,nan,0.49308669145781026,0.5069133085421897,1.0,0.11258278145695365,0.00725456714001293,3.9055817916388005,nan,nan,nan,physics,False,nan,nan,nan,nan,nan,nan,nan,0.49308669145781026
eb,om25_b12_g15,fr,8,stage3_beta,256.0,40000.0,0.001,40.0,0.2831143225947079,13.689087089901228,nan,nan,0.5057239116049416,0.4942760883950584,1.0,0.12582781456953643,0.0037591344762850885,3.9055817916388,nan,nan,nan,physics,False,nan,nan,nan,nan,nan,nan,nan,0.4942760883950584
eb,om25_b12_g15,fr,9,stage3_beta,256.0,40000.0,0.001,40.0,0.24846832780161696,12.134625649045574,nan,nan,0.4574776741196445,0.5425223258803555,1.0,0.09933774834437085,0.0022838838882867367,3.9055817916388005,nan,nan,nan,physics,False,nan,nan,nan,nan,nan,nan,nan,0.4574776741196445
eb,om25_b2_g15,fr,0,stage3_beta,256.0,40000.0,0.001,40.0,0.05767263855589705,2.901783033853151,nan,nan,0.4771352313361955,0.5228647686638045,1.0,0.0,0.5934404012953821,4.105428479507179,nan,nan,nan,physics,False,nan,nan,nan,nan,nan,nan,nan,0.4771352313361955
eb,om25_b2_g15,fr,1,stage3_beta,256.0,40000.0,0.001,40.0,0.05782842927918483,3.257279100588999,nan,nan,0.5075012466970215,0.4924987533029786,1.0,0.0,0.6813420055719284,4.105428479507179,nan,nan,nan,physics,False,nan,nan,nan,nan,nan,nan,nan,0.4924987533029786
eb,om25_b2_g15,fr,2,stage3_beta,256.0,40000.0,0.001,40.0,0.06380675287154018,3.5511418328211146,nan,nan,0.4981896454932579,0.5018103545067422,1.0,0.0,0.7561796549841635,4.105428479507179,nan,nan,nan,physics,False,nan,nan,nan,nan,nan,nan,nan,0.4981896454932579
eb,om25_b2_g15,fr,3,stage3_beta,256.0,40000.0,0.001,40.0,0.06148267962228008,3.727946544320359,nan,nan,0.46807263756054807,0.5319273624394518,1.0,0.0,0.5670303413071381,4.105428479507179,nan,nan,nan,physics,False,nan,nan,nan,nan,nan,nan,nan,0.46807263756054807
eb,om25_b2_g15,fr,4,stage3_beta,256.0,40000.0,0.001,40.0,0.06968855732922805,3.8745504784846516,nan,nan,0.49262278561724215,0.5073772143827577,1.0,0.0,0.7716639346437995,4.105428479507179,nan,nan,nan,physics,False,nan,nan,nan,nan,nan,nan,nan,0.49262278561724215
eb,om25_b2_g15,fr,5,stage3_beta,256.0,40000.0,0.001,40.0,0.0542274490639323,2.966218503352131,nan,nan,0.48729954384247576,0.5127004561575242,1.0,0.0,0.7465295602134685,4.105428479507179,nan,nan,nan,physics,False,nan,nan,nan,nan,nan,nan,nan,0.48729954384247576
eb,om25_b2_g15,fr,6,stage3_beta,256.0,40000.0,0.001,40.0,0.056608812659927364,3.144346108055817,nan,nan,0.5095614094686941,0.4904385905313059,1.0,0.0,0.6321278712242488,4.105428479507179,nan,nan,nan,physics,False,nan,nan,nan,nan,nan,nan,nan,0.4904385905313059
eb,om25_b2_g15,fr,7,stage3_beta,256.0,40000.0,0.001,40.0,0.054785895389377226,3.0589449585139135,nan,nan,0.5109071123294631,0.489092887670537,1.0,0.0,0.6607545970432205,4.105428479507179,nan,nan,nan,physics,False,nan,nan,nan,nan,nan,nan,nan,0.489092887670537
eb,om25_b2_g15,fr,8,stage3_beta,256.0,40000.0,0.001,40.0,0.06632653952091881,3.6931501915717657,nan,nan,0.5195944659434527,0.48040553405654735,1.0,0.0,0.5813478175947456,4.105428479507179,nan,nan,nan,physics,False,nan,nan,nan,nan,nan,nan,nan,0.48040553405654735
eb,om25_b2_g15,fr,9,stage3_beta,256.0,40000.0,0.001,40.0,0.06651497928356896,3.588260677040353,nan,nan,0.5139486158442947,0.4860513841557053,1.0,0.0,0.6688571409333419,4.105428479507179,nan,nan,nan,physics,False,nan,nan,nan,nan,nan,nan,nan,0.4860513841557053
eb,om25_b4_g15,fr,0,stage3_beta,256.0,40000.0,0.001,40.0,0.061644778127867915,3.224707212775677,nan,nan,0.5165676651907928,0.4834323348092071,1.0,0.0,0.737615670296555,3.9042453749164006,nan,nan,nan,physics,False,nan,nan,nan,nan,nan,nan,nan,0.4834323348092071
eb,om25_b4_g15,fr,1,stage3_beta,256.0,40000.0,0.001,40.0,0.05988296103003188,3.1992783077435343,nan,nan,0.5239909166131852,0.4760090833868148,1.0,0.0,0.8034038839752208,3.9042453749164006,nan,nan,nan,physics,False,nan,nan,nan,nan,nan,nan,nan,0.4760090833868148
eb,om25_b4_g15,fr,2,stage3_beta,256.0,40000.0,0.001,40.0,0.06702213330657092,3.4329259339000706,nan,nan,0.4918206690800792,0.5081793309199208,1.0,0.0,0.8982575520106514,3.9042453749164006,nan,nan,nan,physics,False,nan,nan,nan,nan,nan,nan,nan,0.4918206690800792
eb,om25_b4_g15,fr,3,stage3_beta,256.0,40000.0,0.001,40.0,0.06326369617727375,3.45046038070819,nan,nan,0.4885803586966635,0.5114196413033365,1.0,0.0,0.6252148952677032,3.9042453749164006,nan,nan,nan,physics,False,nan,nan,nan,nan,nan,nan,nan,0.4885803586966635
eb,om25_b4_g15,fr,4,stage3_beta,256.0,40000.0,0.001,40.0,0.058001704548517365,2.847590862741921,nan,nan,0.4945420121915626,0.5054579878084374,1.0,0.0,0.7186937501925964,3.9042453749164006,nan,nan,nan,physics,False,nan,nan,nan,nan,nan,nan,nan,0.4945420121915626
eb,om25_b4_g15,fr,5,stage3_beta,256.0,40000.0,0.001,40.0,0.058199972715121305,2.8828539712778465,nan,nan,0.48660676784396795,0.5133932321560322,1.0,0.0,0.756737739268142,3.9042453749164006,nan,nan,nan,physics,False,nan,nan,nan,nan,nan,nan,nan,0.48660676784396795
eb,om25_b4_g15,fr,6,stage3_beta,256.0,40000.0,0.001,40.0,0.06372336027676243,3.137779183030594,nan,nan,0.49233273579756637,0.5076672642024336,1.0,0.0,0.7384857441585271,3.9042453749164006,nan,nan,nan,physics,False,nan,nan,nan,nan,nan,nan,nan,0.49233273579756637
eb,om25_b4_g15,fr,7,stage3_beta,256.0,40000.0,0.001,40.0,0.059518574602870584,3.2703182606132133,nan,nan,0.5033667654576546,0.49663323454234554,1.0,0.0,0.6250212368496937,3.9042453749164006,nan,nan,nan,physics,False,nan,nan,nan,nan,nan,nan,nan,0.49663323454234554
eb,om25_b4_g15,fr,8,stage3_beta,256.0,40000.0,0.001,40.0,0.06395989321436805,3.3520290635794368,nan,nan,0.5015708790466169,0.4984291209533832,1.0,0.0,0.7604590418299492,3.9042453749164006,nan,nan,nan,physics,False,nan,nan,nan,nan,nan,nan,nan,0.4984291209533832
eb,om25_b4_g15,fr,9,stage3_beta,256.0,40000.0,0.001,40.0,0.062174007662430614,3.423042549990833,nan,nan,0.5001248214722022,0.4998751785277979,1.0,0.0,0.6511867276943262,3.9042453749164006,nan,nan,nan,physics,False,nan,nan,nan,nan,nan,nan,nan,0.4998751785277979
eb,om25_b8_g10,abf,0,stage4_gamma,256.0,40000.0,0.001,40.0,0.2135190439193237,11.495343116111549,nan,nan,0.5398700378022855,0.46012996219771446,1.0,0.09271523178807947,0.01827628443070616,3.9052476874582007,nan,nan,nan,fr_rate,False,nan,nan,nan,nan,nan,nan,nan,0.46012996219771446
eb,om25_b8_g10,abf,1,stage4_gamma,256.0,40000.0,0.001,40.0,0.20061500282993572,10.336202536205297,nan,nan,0.5092370534308016,0.49076294656919844,1.0,0.0728476821192053,0.043079370629499236,3.9052476874582007,nan,nan,nan,fr_rate,False,nan,nan,nan,nan,nan,nan,nan,0.49076294656919844
eb,om25_b8_g10,abf,2,stage4_gamma,256.0,40000.0,0.001,40.0,0.19239810793552253,9.74147682474361,nan,nan,0.49634409944416413,0.5036559005558359,1.0,0.09271523178807947,0.020321712867178265,3.9052476874582007,nan,nan,nan,fr_rate,False,nan,nan,nan,nan,nan,nan,nan,0.49634409944416413
eb,om25_b8_g10,abf,3,stage4_gamma,256.0,40000.0,0.001,40.0,0.19577546914453076,10.319553021341607,nan,nan,0.5381179923916747,0.4618820076083253,1.0,0.08609271523178808,0.013043685706175149,3.9052476874582007,nan,nan,nan,fr_rate,False,nan,nan,nan,nan,nan,nan,nan,0.4618820076083253
eb,om25_b8_g10,abf,4,stage4_gamma,256.0,40000.0,0.001,40.0,0.19018312104270355,9.145601789887321,nan,nan,0.4773282097321419,0.5226717902678581,1.0,0.0728476821192053,0.04955785467417234,3.9052476874582007,nan,nan,nan,fr_rate,False,nan,nan,nan,nan,nan,nan,nan,0.4773282097321419
eb,om25_b8_g10,abf,5,stage4_gamma,256.0,40000.0,0.001,40.0,0.21514341804937426,11.017701140622766,nan,nan,0.5279353904890018,0.47206460951099816,1.0,0.0728476821192053,0.030708231559219368,3.9052476874582007,nan,nan,nan,fr_rate,False,nan,nan,nan,nan,nan,nan,nan,0.47206460951099816
eb,om25_b8_g10,abf,6,stage4_gamma,256.0,40000.0,0.001,40.0,0.20715898498288227,10.706575932494978,nan,nan,0.5375328018275631,0.4624671981724369,1.0,0.09271523178807947,0.016604166802200636,3.9052476874582007,nan,nan,nan,fr_rate,False,nan,nan,nan,nan,nan,nan,nan,0.4624671981724369
eb,om25_b8_g10,abf,7,stage4_gamma,256.0,40000.0,0.001,40.0,0.20580878978764516,10.167202172576136,nan,nan,0.5181643747506981,0.4818356252493019,1.0,0.06622516556291391,0.05539482814111659,3.9052476874582007,nan,nan,nan,fr_rate,False,nan,nan,nan,nan,nan,nan,nan,0.4818356252493019
eb,om25_b8_g10,abf,8,stage4_gamma,256.0,40000.0,0.001,40.0,0.21313933186274864,11.256180106897673,nan,nan,0.4825352556224396,0.5174647443775604,1.0,0.09271523178807947,0.01687033742037649,3.9052476874582007,nan,nan,nan,fr_rate,False,nan,nan,nan,nan,nan,nan,nan,0.4825352556224396
eb,om25_b8_g10,abf,9,stage4_gamma,256.0,40000.0,0.001,40.0,0.19912182705452972,10.230488936914835,nan,nan,0.5243875004902248,0.4756124995097752,1.0,0.08609271523178808,0.02306341265397558,3.9052476874582007,nan,nan,nan,fr_rate,False,nan,nan,nan,nan,nan,nan,nan,0.4756124995097752
eb,om25_b8_g1,abf,0,stage4_gamma,256.0,40000.0,0.001,40.0,0.17366395049738176,8.469663726201862,nan,nan,0.44343000449203906,0.5565699955079609,1.0,0.046357615894039736,0.05554998756491453,3.9052476874582007,nan,nan,nan,fr_rate,False,nan,nan,nan,nan,nan,nan,nan,0.44343000449203906
eb,om25_b8_g1,abf,1,stage4_gamma,256.0,40000.0,0.001,40.0,0.2022576364849942,10.463992525791923,nan,nan,0.5051154874797683,0.49488451252023175,1.0,0.0728476821192053,0.04149269325100671,3.9052476874582007,nan,nan,nan,fr_rate,False,nan,nan,nan,nan,nan,nan,nan,0.49488451252023175
eb,om25_b8_g1,abf,2,stage4_gamma,256.0,40000.0,0.001,40.0,0.209114261716932,10.28316514308193,nan,nan,0.5026151661950912,0.4973848338049089,1.0,0.07947019867549669,0.01618360963516331,3.9052476874582007,nan,nan,nan,fr_rate,False,nan,nan,nan,nan,nan,nan,nan,0.4973848338049089
eb,om25_b8_g1,abf,3,stage4_gamma,256.0,40000.0,0.001,40.0,0.19211635998701285,9.977421623682481,nan,nan,0.480740344236548,0.519259655763452,1.0,0.07947019867549669,0.027732056620530736,3.9052476874582007,nan,nan,nan,fr_rate,False,nan,nan,nan,nan,nan,nan,nan,0.480740344236548
eb,om25_b8_g1,abf,4,stage4_gamma,256.0,40000.0,0.001,40.0,0.2259626618711423,11.36397143130966,nan,nan,0.49446897916966454,0.5055310208303354,1.0,0.11258278145695365,0.013469143565729176,3.9052476874582007,nan,nan,nan,fr_rate,False,nan,nan,nan,nan,nan,nan,nan,0.49446897916966454
eb,om25_b8_g1,abf,5,stage4_gamma,256.0,40000.0,0.001,40.0,0.21411514830682846,11.18005525870852,nan,nan,0.5282941403275745,0.47170585967242545,1.0,0.08609271523178808,0.028584731633616876,3.9052476874582007,nan,nan,nan,fr_rate,False,nan,nan,nan,nan,nan,nan,nan,0.47170585967242545
eb,om25_b8_g1,abf,6,stage4_gamma,256.0,40000.0,0.001,40.0,0.1859629198042325,9.503202283987111,nan,nan,0.5131921357198305,0.4868078642801695,1.0,0.09271523178807947,0.034161622912398944,3.9052476874582007,nan,nan,nan,fr_rate,False,nan,nan,nan,nan,nan,nan,nan,0.4868078642801695
eb,om25_b8_g1,abf,7,stage4_gamma,256.0,40000.0,0.001,40.0,0.2189117867435544,11.754785798328065,nan,nan,0.49589895249185506,0.5041010475081449,1.0,0.09933774834437085,0.00579964291466618,3.9052476874582007,nan,nan,nan,fr_rate,False,nan,nan,nan,nan,nan,nan,nan,0.49589895249185506
eb,om25_b8_g1,abf,8,stage4_gamma,256.0,40000.0,0.001,40.0,0.21529696628987924,10.999202323051632,nan,nan,0.5397360217338869,0.4602639782661132,1.0,0.09271523178807947,0.011892816651594902,3.9052476874582007,nan,nan,nan,fr_rate,False,nan,nan,nan,nan,nan,nan,nan,0.4602639782661132
eb,om25_b8_g1,abf,9,stage4_gamma,256.0,40000.0,0.001,40.0,0.22002625184253802,11.508169783301783,nan,nan,0.506364364221678,0.49363563577832203,1.0,0.08609271523178808,0.02984961239572726,3.9052476874582007,nan,nan,nan,fr_rate,False,nan,nan,nan,nan,nan,nan,nan,0.49363563577832203
eb,om25_b8_g25,abf,0,stage4_gamma,256.0,40000.0,0.001,40.0,0.23728757076662677,11.891246817083207,nan,nan,0.561667415188528,0.4383325848114721,1.0,0.10596026490066225,0.011173630020415614,3.9052476874582007,nan,nan,nan,fr_rate,False,nan,nan,nan,nan,nan,nan,nan,0.4383325848114721
eb,om25_b8_g25,abf,1,stage4_gamma,256.0,40000.0,0.001,40.0,0.194276046746894,10.225507242122507,nan,nan,0.5385734745112919,0.4614265254887081,1.0,0.0728476821192053,0.019757952720996327,3.9052476874582007,nan,nan,nan,fr_rate,False,nan,nan,nan,nan,nan,nan,nan,0.4614265254887081
eb,om25_b8_g25,abf,2,stage4_gamma,256.0,40000.0,0.001,40.0,0.20239611494951568,10.644262419650682,nan,nan,0.5131386297694602,0.4868613702305398,1.0,0.09933774834437085,0.0073721063550214756,3.9052476874582007,nan,nan,nan,fr_rate,False,nan,nan,nan,nan,nan,nan,nan,0.4868613702305398
eb,om25_b8_g25,abf,3,stage4_gamma,256.0,40000.0,0.001,40.0,0.19257848131066088,9.029437213491427,nan,nan,0.4672955788825549,0.5327044211174451,1.0,0.07947019867549669,0.02912662359432574,3.9052476874582007,nan,nan,nan,fr_rate,False,nan,nan,nan,nan,nan,nan,nan,0.4672955788825549
eb,om25_b8_g25,abf,4,stage4_gamma,256.0,40000.0,0.001,40.0,0.22173367333970267,11.808750584751714,nan,nan,0.5076934024091971,0.49230659759080286,1.0,0.11258278145695365,0.02033849093980172,3.9052476874582007,nan,nan,nan,fr_rate,False,nan,nan,nan,nan,nan,nan,nan,0.49230659759080286
eb,om25_b8_g25,abf,5,stage4_gamma,256.0,40000.0,0.001,40.0,0.1955401767262197,10.107766752399394,nan,nan,0.48994236743010006,0.5100576325699,1.0,0.09271523178807947,0.017655949162765576,3.9052476874582007,nan,nan,nan,fr_rate,False,nan,nan,nan,nan,nan,nan,nan,0.48994236743010006
eb,om25_b8_g25,abf,6,stage4_gamma,256.0,40000.0,0.001,40.0,0.208653937493937,10.887111002457141,nan,nan,0.5340147297183435,0.4659852702816565,1.0,0.08609271523178808,0.04480348719959029,3.9052476874582007,nan,nan,nan,fr_rate,False,nan,nan,nan,nan,nan,nan,nan,0.4659852702816565
eb,om25_b8_g25,abf,7,stage4_gamma,256.0,40000.0,0.001,40.0,0.16512151082247178,8.446217132442051,nan,nan,0.47004399437481204,0.529956005625188,1.0,0.039735099337748346,0.06157157884816389,3.9052476874582007,nan,nan,nan,fr_rate,False,nan,nan,nan,nan,nan,nan,nan,0.47004399437481204
eb,om25_b8_g25,abf,8,stage4_gamma,256.0,40000.0,0.001,40.0,0.219637740945713,12.377468250563055,nan,nan,0.4929377182675155,0.5070622817324845,1.0,0.08609271523178808,0.027495114854789452,3.9052476874582007,nan,nan,nan,fr_rate,False,nan,nan,nan,nan,nan,nan,nan,0.4929377182675155
eb,om25_b8_g25,abf,9,stage4_gamma,256.0,40000.0,0.001,40.0,0.21085623541829865,11.036501968946146,nan,nan,0.44948194119255314,0.550518058807447,1.0,0.09271523178807947,0.016594319013490545,3.9052476874582007,nan,nan,nan,fr_rate,False,nan,nan,nan,nan,nan,nan,nan,0.44948194119255314
eb,om25_b8_g3,abf,0,stage4_gamma,256.0,40000.0,0.001,40.0,0.20886607357507578,10.774851731764262,nan,nan,0.5163433818199549,0.48365661818004524,1.0,0.08609271523178808,0.022189820924448173,3.9052476874582007,nan,nan,nan,fr_rate,False,nan,nan,nan,nan,nan,nan,nan,0.48365661818004524
eb,om25_b8_g3,abf,1,stage4_gamma,256.0,40000.0,0.001,40.0,0.16882533555973955,8.102384236736341,nan,nan,0.3760136878238075,0.6239863121761925,1.0,0.046357615894039736,0.022656927862297956,3.9052476874582007,nan,nan,nan,fr_rate,False,nan,nan,nan,nan,nan,nan,nan,0.3760136878238075
eb,om25_b8_g3,abf,2,stage4_gamma,256.0,40000.0,0.001,40.0,0.21390508267474498,10.702729355451504,nan,nan,0.5298302558194719,0.4701697441805282,1.0,0.08609271523178808,0.02899585596078896,3.9052476874582007,nan,nan,nan,fr_rate,False,nan,nan,nan,nan,nan,nan,nan,0.4701697441805282
eb,om25_b8_g3,abf,3,stage4_gamma,256.0,40000.0,0.001,40.0,0.20246798309584263,10.49314230351433,nan,nan,0.5479086042709741,0.4520913957290259,1.0,0.08609271523178808,0.016803091008728663,3.9052476874582007,nan,nan,nan,fr_rate,False,nan,nan,nan,nan,nan,nan,nan,0.4520913957290259
eb,om25_b8_g3,abf,4,stage4_gamma,256.0,40000.0,0.001,40.0,0.2059949743063651,10.763657339464185,nan,nan,0.46843478828427604,0.531565211715724,1.0,0.06622516556291391,0.034782047053079364,3.9052476874582007,nan,nan,nan,fr_rate,False,nan,nan,nan,nan,nan,nan,nan,0.46843478828427604
eb,om25_b8_g3,abf,5,stage4_gamma,256.0,40000.0,0.001,40.0,0.1676733210116484,8.374325247729747,nan,nan,0.5089819813408422,0.49101801865915784,1.0,0.059602649006622516,0.04654753371985101,3.9052476874582007,nan,nan,nan,fr_rate,False,nan,nan,nan,nan,nan,nan,nan,0.49101801865915784
eb,om25_b8_g3,abf,6,stage4_gamma,256.0,40000.0,0.001,40.0,0.17187760164690924,9.265069936496076,nan,nan,0.4685903156212515,0.5314096843787485,1.0,0.052980132450331126,0.025798214520042693,3.9052476874582007,nan,nan,nan,fr_rate,False,nan,nan,nan,nan,nan,nan,nan,0.4685903156212515
eb,om25_b8_g3,abf,7,stage4_gamma,256.0,40000.0,0.001,40.0,0.19927168576176627,9.953939706175452,nan,nan,0.45691336132101457,0.5430866386789854,1.0,0.08609271523178808,0.026785680934439216,3.9052476874582007,nan,nan,nan,fr_rate,False,nan,nan,nan,nan,nan,nan,nan,0.45691336132101457
eb,om25_b8_g3,abf,8,stage4_gamma,256.0,40000.0,0.001,40.0,0.21459939794791755,11.277772398105363,nan,nan,0.533085428773701,0.4669145712262989,1.0,0.0728476821192053,0.01971091439081061,3.9052476874582007,nan,nan,nan,fr_rate,False,nan,nan,nan,nan,nan,nan,nan,0.4669145712262989
eb,om25_b8_g3,abf,9,stage4_gamma,256.0,40000.0,0.001,40.0,0.20666790498334622,10.420013258367815,nan,nan,0.4928288554024901,0.5071711445975099,1.0,0.09933774834437085,0.011346283987960372,3.9052476874582007,nan,nan,nan,fr_rate,False,nan,nan,nan,nan,nan,nan,nan,0.4928288554024901
eb,om25_b8_g50,abf,0,stage4_gamma,256.0,40000.0,0.001,40.0,0.21526182117655396,10.535914827621724,nan,nan,0.5152180266582389,0.4847819733417611,1.0,0.09271523178807947,0.025143226827845713,3.9052476874582007,nan,nan,nan,fr_rate,False,nan,nan,nan,nan,nan,nan,nan,0.4847819733417611
eb,om25_b8_g50,abf,1,stage4_gamma,256.0,40000.0,0.001,40.0,0.2041881425486749,10.039255921417947,nan,nan,0.439835484362719,0.5601645156372811,1.0,0.06622516556291391,0.017567654160217626,3.9052476874582007,nan,nan,nan,fr_rate,False,nan,nan,nan,nan,nan,nan,nan,0.439835484362719
eb,om25_b8_g50,abf,2,stage4_gamma,256.0,40000.0,0.001,40.0,0.21301166805434943,11.251859845291872,nan,nan,0.534825235397718,0.46517476460228196,1.0,0.09933774834437085,0.011537309916373497,3.9052476874582007,nan,nan,nan,fr_rate,False,nan,nan,nan,nan,nan,nan,nan,0.46517476460228196
eb,om25_b8_g50,abf,3,stage4_gamma,256.0,40000.0,0.001,40.0,0.21255024262703634,11.55521739800366,nan,nan,0.5268580800302318,0.47314191996976823,1.0,0.0728476821192053,0.020032737917524846,3.9052476874582007,nan,nan,nan,fr_rate,False,nan,nan,nan,nan,nan,nan,nan,0.47314191996976823
eb,om25_b8_g50,abf,4,stage4_gamma,256.0,40000.0,0.001,40.0,0.20970666166856508,10.858421956455894,nan,nan,0.5428064703482498,0.4571935296517502,1.0,0.0728476821192053,0.035891241942805824,3.9052476874582007,nan,nan,nan,fr_rate,False,nan,nan,nan,nan,nan,nan,nan,0.4571935296517502
eb,om25_b8_g50,abf,5,stage4_gamma,256.0,40000.0,0.001,40.0,0.20081680971696933,10.50969141468931,nan,nan,0.5418899744944518,0.45811002550554825,1.0,0.07947019867549669,0.02688226883744412,3.9052476874582007,nan,nan,nan,fr_rate,False,nan,nan,nan,nan,nan,nan,nan,0.45811002550554825
eb,om25_b8_g50,abf,6,stage4_gamma,256.0,40000.0,0.001,40.0,0.2148441418860003,9.956559137124046,nan,nan,0.5432303057690279,0.45676969423097225,1.0,0.08609271523178808,0.01075176781245617,3.9052476874582007,nan,nan,nan,fr_rate,False,nan,nan,nan,nan,nan,nan,nan,0.45676969423097225
eb,om25_b8_g50,abf,7,stage4_gamma,256.0,40000.0,0.001,40.0,0.20525005002019533,10.834978508062227,nan,nan,0.49467717200197214,0.5053228279980279,1.0,0.09933774834437085,0.02016468470669203,3.9052476874582007,nan,nan,nan,fr_rate,False,nan,nan,nan,nan,nan,nan,nan,0.49467717200197214
eb,om25_b8_g50,abf,8,stage4_gamma,256.0,40000.0,0.001,40.0,0.2029962691028125,11.127148530542193,nan,nan,0.5532988882260322,0.4467011117739677,1.0,0.09933774834437085,0.007124077333129044,3.9052476874582007,nan,nan,nan,fr_rate,False,nan,nan,nan,nan,nan,nan,nan,0.4467011117739677
eb,om25_b8_g50,abf,9,stage4_gamma,256.0,40000.0,0.001,40.0,0.1882572116563526,9.215781532507826,nan,nan,0.4201849079826441,0.5798150920173559,1.0,0.07947019867549669,0.014585909587854662,3.9052476874582007,nan,nan,nan,fr_rate,False,nan,nan,nan,nan,nan,nan,nan,0.4201849079826441
eb,om25_b8_g5,abf,0,stage4_gamma,256.0,40000.0,0.001,40.0,0.2031064386503443,10.690811318474324,nan,nan,0.5080112975119376,0.49198870248806237,1.0,0.07947019867549669,0.025113546076560758,3.9052476874582007,nan,nan,nan,fr_rate,False,nan,nan,nan,nan,nan,nan,nan,0.49198870248806237
eb,om25_b8_g5,abf,1,stage4_gamma,256.0,40000.0,0.001,40.0,0.18950011326834953,9.41056928922643,nan,nan,0.45482961659456983,0.5451703834054302,1.0,0.046357615894039736,0.041875500043529856,3.9052476874582007,nan,nan,nan,fr_rate,False,nan,nan,nan,nan,nan,nan,nan,0.45482961659456983
eb,om25_b8_g5,abf,2,stage4_gamma,256.0,40000.0,0.001,40.0,0.20406847373641251,10.535622808337617,nan,nan,0.5196708315108746,0.48032916848912544,1.0,0.06622516556291391,0.0588925359160835,3.9052476874582007,nan,nan,nan,fr_rate,False,nan,nan,nan,nan,nan,nan,nan,0.48032916848912544
eb,om25_b8_g5,abf,3,stage4_gamma,256.0,40000.0,0.001,40.0,0.17173333687744402,8.600698147092352,nan,nan,0.4040256955149746,0.5959743044850254,1.0,0.039735099337748346,0.05265390148206631,3.9052476874582007,nan,nan,nan,fr_rate,False,nan,nan,nan,nan,nan,nan,nan,0.4040256955149746
eb,om25_b8_g5,abf,4,stage4_gamma,256.0,40000.0,0.001,40.0,0.21012518287940682,11.417960095678435,nan,nan,0.5144943456573322,0.48550565434266774,1.0,0.07947019867549669,0.05110459472396427,3.9052476874582007,nan,nan,nan,fr_rate,False,nan,nan,nan,nan,nan,nan,nan,0.48550565434266774
eb,om25_b8_g5,abf,5,stage4_gamma,256.0,40000.0,0.001,40.0,0.19680866959203092,10.154425856567123,nan,nan,0.494757654288587,0.505242345711413,1.0,0.09271523178807947,0.027415732035477123,3.9052476874582007,nan,nan,nan,fr_rate,False,nan,nan,nan,nan,nan,nan,nan,0.494757654288587
eb,om25_b8_g5,abf,6,stage4_gamma,256.0,40000.0,0.001,40.0,0.20773150192334452,11.118010114649554,nan,nan,0.5521527944330823,0.4478472055669177,1.0,0.08609271523178808,0.029074186035439695,3.9052476874582007,nan,nan,nan,fr_rate,False,nan,nan,nan,nan,nan,nan,nan,0.4478472055669177
eb,om25_b8_g5,abf,7,stage4_gamma,256.0,40000.0,0.001,40.0,0.20834895034740417,11.777583641921698,nan,nan,0.47290231174016745,0.5270976882598325,1.0,0.07947019867549669,0.02384671756724067,3.9052476874582007,nan,nan,nan,fr_rate,False,nan,nan,nan,nan,nan,nan,nan,0.47290231174016745
eb,om25_b8_g5,abf,8,stage4_gamma,256.0,40000.0,0.001,40.0,0.2030739279774552,10.7705684591353,nan,nan,0.5250309952203537,0.4749690047796463,1.0,0.059602649006622516,0.060570096489957814,3.9052476874582007,nan,nan,nan,fr_rate,False,nan,nan,nan,nan,nan,nan,nan,0.4749690047796463
eb,om25_b8_g5,abf,9,stage4_gamma,256.0,40000.0,0.001,40.0,0.1972845752809471,10.086663101537514,nan,nan,0.5137987204279958,0.48620127957200415,1.0,0.08609271523178808,0.007536369859397993,3.9052476874582007,nan,nan,nan,fr_rate,False,nan,nan,nan,nan,nan,nan,nan,0.48620127957200415
eb,om25_b8_g10,fr,0,stage4_gamma,256.0,40000.0,0.001,40.0,0.13239396469009718,7.624281558611199,nan,nan,0.5055029321163322,0.4944970678836677,1.0,0.046357615894039736,0.030045487732956545,3.9052476874582007,nan,nan,nan,fr_rate,False,nan,nan,nan,nan,nan,nan,nan,0.4944970678836677
eb,om25_b8_g10,fr,1,stage4_gamma,256.0,40000.0,0.001,40.0,0.131187272630267,7.684708877268622,nan,nan,0.4969279951238163,0.5030720048761838,1.0,0.039735099337748346,0.10488881347906309,3.9052476874582007,nan,nan,nan,fr_rate,False,nan,nan,nan,nan,nan,nan,nan,0.4969279951238163
eb,om25_b8_g10,fr,2,stage4_gamma,256.0,40000.0,0.001,40.0,0.12221255712191657,6.985568790626599,nan,nan,0.48648112476508115,0.5135188752349189,1.0,0.039735099337748346,0.07464468523569169,3.9052476874582007,nan,nan,nan,fr_rate,False,nan,nan,nan,nan,nan,nan,nan,0.48648112476508115
eb,om25_b8_g10,fr,3,stage4_gamma,256.0,40000.0,0.001,40.0,0.11555374006482784,6.544691657445082,nan,nan,0.4576098037106608,0.5423901962893393,1.0,0.013245033112582781,0.149848032979825,3.9052476874582007,nan,nan,nan,fr_rate,False,nan,nan,nan,nan,nan,nan,nan,0.4576098037106608
eb,om25_b8_g10,fr,4,stage4_gamma,256.0,40000.0,0.001,40.0,0.11836901403873101,6.912599280614112,nan,nan,0.4822911824155266,0.5177088175844734,1.0,0.033112582781456956,0.06141255132385154,3.9052476874582007,nan,nan,nan,fr_rate,False,nan,nan,nan,nan,nan,nan,nan,0.4822911824155266
eb,om25_b8_g10,fr,5,stage4_gamma,256.0,40000.0,0.001,40.0,0.13149898295726561,7.6286130704924195,nan,nan,0.48101624969737433,0.5189837503026257,1.0,0.039735099337748346,0.1186699883800749,3.9052476874582007,nan,nan,nan,fr_rate,False,nan,nan,nan,nan,nan,nan,nan,0.48101624969737433
eb,om25_b8_g10,fr,6,stage4_gamma,256.0,40000.0,0.001,40.0,0.1144468023243378,7.01597908390687,nan,nan,0.48017293211349527,0.5198270678865048,1.0,0.046357615894039736,0.0582534453563142,3.9052476874582007,nan,nan,nan,fr_rate,False,nan,nan,nan,nan,nan,nan,nan,0.48017293211349527
eb,om25_b8_g10,fr,7,stage4_gamma,256.0,40000.0,0.001,40.0,0.12085375940411631,7.1352306615098104,nan,nan,0.4979930396263479,0.5020069603736521,1.0,0.026490066225165563,0.06599480332568218,3.9052476874582007,nan,nan,nan,fr_rate,False,nan,nan,nan,nan,nan,nan,nan,0.4979930396263479
eb,om25_b8_g10,fr,8,stage4_gamma,256.0,40000.0,0.001,40.0,0.1149781876892258,6.8027137598295635,nan,nan,0.5069990357766808,0.49300096422331924,1.0,0.026490066225165563,0.09107380453769151,3.9052476874582007,nan,nan,nan,fr_rate,False,nan,nan,nan,nan,nan,nan,nan,0.49300096422331924
eb,om25_b8_g10,fr,9,stage4_gamma,256.0,40000.0,0.001,40.0,0.12491389669394755,7.433571281081685,nan,nan,0.4787073215323584,0.5212926784676416,1.0,0.052980132450331126,0.04222209790872604,3.9052476874582007,nan,nan,nan,fr_rate,False,nan,nan,nan,nan,nan,nan,nan,0.4787073215323584
eb,om25_b8_g1,fr,0,stage4_gamma,256.0,40000.0,0.001,40.0,0.1905729126958755,9.675183869804272,nan,nan,0.4976114906729094,0.5023885093270906,1.0,0.08609271523178808,0.032944056522779805,3.9052476874582007,nan,nan,nan,fr_rate,False,nan,nan,nan,nan,nan,nan,nan,0.4976114906729094
eb,om25_b8_g1,fr,1,stage4_gamma,256.0,40000.0,0.001,40.0,0.19999532253006014,10.17772539380799,nan,nan,0.5095515352285039,0.490448464771496,1.0,0.0728476821192053,0.02824840635555242,3.9052476874582007,nan,nan,nan,fr_rate,False,nan,nan,nan,nan,nan,nan,nan,0.490448464771496
eb,om25_b8_g1,fr,2,stage4_gamma,256.0,40000.0,0.001,40.0,0.18815823021179207,9.722781700532535,nan,nan,0.48887136000385945,0.5111286399961406,1.0,0.08609271523178808,0.044888402910500266,3.9052476874582007,nan,nan,nan,fr_rate,False,nan,nan,nan,nan,nan,nan,nan,0.48887136000385945
eb,om25_b8_g1,fr,3,stage4_gamma,256.0,40000.0,0.001,40.0,0.1974817208289402,10.087547714983158,nan,nan,0.5060750660585464,0.49392493394145365,1.0,0.09933774834437085,0.013502949719403735,3.9052476874582007,nan,nan,nan,fr_rate,False,nan,nan,nan,nan,nan,nan,nan,0.49392493394145365
eb,om25_b8_g1,fr,4,stage4_gamma,256.0,40000.0,0.001,40.0,0.1901334521690335,9.768268510656267,nan,nan,0.5035181142345421,0.496481885765458,1.0,0.07947019867549669,0.04111924932591743,3.9052476874582007,nan,nan,nan,fr_rate,False,nan,nan,nan,nan,nan,nan,nan,0.496481885765458
eb,om25_b8_g1,fr,5,stage4_gamma,256.0,40000.0,0.001,40.0,0.1973294052353509,10.38290061671594,nan,nan,0.4771182445220412,0.5228817554779589,1.0,0.08609271523178808,0.022521354145057335,3.9052476874582007,nan,nan,nan,fr_rate,False,nan,nan,nan,nan,nan,nan,nan,0.4771182445220412
eb,om25_b8_g1,fr,6,stage4_gamma,256.0,40000.0,0.001,40.0,0.18876760297291897,9.54856863017119,nan,nan,0.46804945691862504,0.5319505430813749,1.0,0.08609271523178808,0.01924525945614273,3.9052476874582007,nan,nan,nan,fr_rate,False,nan,nan,nan,nan,nan,nan,nan,0.46804945691862504
eb,om25_b8_g1,fr,7,stage4_gamma,256.0,40000.0,0.001,40.0,0.20596150856128584,10.58692741292903,nan,nan,0.49239789932178146,0.5076021006782185,1.0,0.09271523178807947,0.015646357676873023,3.9052476874582007,nan,nan,nan,fr_rate,False,nan,nan,nan,nan,nan,nan,nan,0.49239789932178146
eb,om25_b8_g1,fr,8,stage4_gamma,256.0,40000.0,0.001,40.0,0.18790039545948176,9.34718346836873,nan,nan,0.4895559696498627,0.5104440303501373,1.0,0.09271523178807947,0.011162944140333638,3.9052476874582007,nan,nan,nan,fr_rate,False,nan,nan,nan,nan,nan,nan,nan,0.4895559696498627
eb,om25_b8_g1,fr,9,stage4_gamma,256.0,40000.0,0.001,40.0,0.19504975877004965,9.946816902659254,nan,nan,0.4958862725085874,0.5041137274914126,1.0,0.09271523178807947,0.015884005965043326,3.9052476874582007,nan,nan,nan,fr_rate,False,nan,nan,nan,nan,nan,nan,nan,0.4958862725085874
eb,om25_b8_g25,fr,0,stage4_gamma,256.0,40000.0,0.001,40.0,0.06698208264584457,4.997517901224491,nan,nan,0.4902395921934048,0.5097604078065952,1.0,0.0,0.2690308933043902,3.9052476874582007,nan,nan,nan,fr_rate,False,nan,nan,nan,nan,nan,nan,nan,0.4902395921934048
eb,om25_b8_g25,fr,1,stage4_gamma,256.0,40000.0,0.001,40.0,0.06596811129384847,4.896747302552601,nan,nan,0.4814534140735933,0.5185465859264067,1.0,0.013245033112582781,0.17830019355590268,3.9052476874582007,nan,nan,nan,fr_rate,False,nan,nan,nan,nan,nan,nan,nan,0.4814534140735933
eb,om25_b8_g25,fr,2,stage4_gamma,256.0,40000.0,0.001,40.0,0.06611178483928554,5.1112934082406625,nan,nan,0.49748098917084926,0.5025190108291507,1.0,0.0,0.3401659365148898,3.9052476874582007,nan,nan,nan,fr_rate,False,nan,nan,nan,nan,nan,nan,nan,0.49748098917084926
eb,om25_b8_g25,fr,3,stage4_gamma,256.0,40000.0,0.001,40.0,0.06603750209600573,5.017833282114784,nan,nan,0.5190812900306521,0.48091870996934805,1.0,0.0,0.48529019055453687,3.9052476874582007,nan,nan,nan,fr_rate,False,nan,nan,nan,nan,nan,nan,nan,0.48091870996934805
eb,om25_b8_g25,fr,4,stage4_gamma,256.0,40000.0,0.001,40.0,0.0650542724798055,4.869411916155498,nan,nan,0.47185120630175986,0.5281487936982402,1.0,0.0,0.39421812162162445,3.9052476874582007,nan,nan,nan,fr_rate,False,nan,nan,nan,nan,nan,nan,nan,0.47185120630175986
eb,om25_b8_g25,fr,5,stage4_gamma,256.0,40000.0,0.001,40.0,0.062441827630917254,4.759312826951179,nan,nan,0.5146203140533322,0.4853796859466678,1.0,0.0,0.45496292369472896,3.9052476874582007,nan,nan,nan,fr_rate,False,nan,nan,nan,nan,nan,nan,nan,0.4853796859466678
eb,om25_b8_g25,fr,6,stage4_gamma,256.0,40000.0,0.001,40.0,0.06595843374583742,5.049420666622247,nan,nan,0.48913932940191973,0.5108606705980803,1.0,0.006622516556291391,0.24136199863753538,3.9052476874582007,nan,nan,nan,fr_rate,False,nan,nan,nan,nan,nan,nan,nan,0.48913932940191973
eb,om25_b8_g25,fr,7,stage4_gamma,256.0,40000.0,0.001,40.0,0.060922720726077406,4.677646022329197,nan,nan,0.48086618789119606,0.5191338121088039,1.0,0.0,0.39461826469151134,3.9052476874582007,nan,nan,nan,fr_rate,False,nan,nan,nan,nan,nan,nan,nan,0.48086618789119606
eb,om25_b8_g25,fr,8,stage4_gamma,256.0,40000.0,0.001,40.0,0.06558378207140735,4.82291515459543,nan,nan,0.4849382898802385,0.5150617101197615,1.0,0.0,0.2981160166867854,3.9052476874582007,nan,nan,nan,fr_rate,False,nan,nan,nan,nan,nan,nan,nan,0.4849382898802385
eb,om25_b8_g25,fr,9,stage4_gamma,256.0,40000.0,0.001,40.0,0.0660681996495329,4.631035678002547,nan,nan,0.48402295731633505,0.5159770426836651,1.0,0.0,0.36572127784024383,3.9052476874582007,nan,nan,nan,fr_rate,False,nan,nan,nan,nan,nan,nan,nan,0.48402295731633505
eb,om25_b8_g3,fr,0,stage4_gamma,256.0,40000.0,0.001,40.0,0.18197299064334269,9.837973951652286,nan,nan,0.49410598746782375,0.5058940125321761,1.0,0.0728476821192053,0.049132436716165524,3.9052476874582007,nan,nan,nan,fr_rate,False,nan,nan,nan,nan,nan,nan,nan,0.49410598746782375
eb,om25_b8_g3,fr,1,stage4_gamma,256.0,40000.0,0.001,40.0,0.17769558419949183,8.681725141325,nan,nan,0.5065386818660831,0.49346131813391686,1.0,0.09271523178807947,0.011669560964453655,3.9052476874582007,nan,nan,nan,fr_rate,False,nan,nan,nan,nan,nan,nan,nan,0.49346131813391686
eb,om25_b8_g3,fr,2,stage4_gamma,256.0,40000.0,0.001,40.0,0.1976705051970268,10.139244590806737,nan,nan,0.49003907420026016,0.5099609257997398,1.0,0.09271523178807947,0.019490906354936242,3.9052476874582007,nan,nan,nan,fr_rate,False,nan,nan,nan,nan,nan,nan,nan,0.49003907420026016
eb,om25_b8_g3,fr,3,stage4_gamma,256.0,40000.0,0.001,40.0,0.1815291889027488,9.387991540039337,nan,nan,0.5033885977358605,0.49661140226413947,1.0,0.08609271523178808,0.045655395990996515,3.9052476874582007,nan,nan,nan,fr_rate,False,nan,nan,nan,nan,nan,nan,nan,0.49661140226413947
eb,om25_b8_g3,fr,4,stage4_gamma,256.0,40000.0,0.001,40.0,0.18694529520199044,9.795262185028276,nan,nan,0.5031889886095885,0.49681101139041145,1.0,0.0728476821192053,0.046945410758100874,3.9052476874582007,nan,nan,nan,fr_rate,False,nan,nan,nan,nan,nan,nan,nan,0.49681101139041145
eb,om25_b8_g3,fr,5,stage4_gamma,256.0,40000.0,0.001,40.0,0.16462370083612637,8.54701321676295,nan,nan,0.4885218748063964,0.5114781251936036,1.0,0.07947019867549669,0.03715254334199428,3.9052476874582007,nan,nan,nan,fr_rate,False,nan,nan,nan,nan,nan,nan,nan,0.4885218748063964
eb,om25_b8_g3,fr,6,stage4_gamma,256.0,40000.0,0.001,40.0,0.14632406417825772,7.599228336356864,nan,nan,0.49592316007519194,0.504076839924808,1.0,0.052980132450331126,0.011234348443214632,3.9052476874582007,nan,nan,nan,fr_rate,False,nan,nan,nan,nan,nan,nan,nan,0.49592316007519194
eb,om25_b8_g3,fr,7,stage4_gamma,256.0,40000.0,0.001,40.0,0.17763049743733367,9.654050676451831,nan,nan,0.5153425378597959,0.48465746214020416,1.0,0.09271523178807947,0.02491739163817361,3.9052476874582007,nan,nan,nan,fr_rate,False,nan,nan,nan,nan,nan,nan,nan,0.48465746214020416
eb,om25_b8_g3,fr,8,stage4_gamma,256.0,40000.0,0.001,40.0,0.15259353885772947,7.653186016979386,nan,nan,0.4857931004295457,0.5142068995704543,1.0,0.0728476821192053,0.024271299168041646,3.9052476874582007,nan,nan,nan,fr_rate,False,nan,nan,nan,nan,nan,nan,nan,0.4857931004295457
eb,om25_b8_g3,fr,9,stage4_gamma,256.0,40000.0,0.001,40.0,0.17924307771482692,9.427512019177273,nan,nan,0.48133301073687884,0.518666989263121,1.0,0.09271523178807947,0.011510560683180054,3.9052476874582007,nan,nan,nan,fr_rate,False,nan,nan,nan,nan,nan,nan,nan,0.48133301073687884
eb,om25_b8_g50,fr,0,stage4_gamma,256.0,40000.0,0.001,40.0,0.05670110299072288,3.737801209855137,nan,nan,0.4969412785833824,0.5030587214166176,1.0,0.0,0.8250085604487838,3.9052476874582007,nan,nan,nan,fr_rate,False,nan,nan,nan,nan,nan,nan,nan,0.4969412785833824
eb,om25_b8_g50,fr,1,stage4_gamma,256.0,40000.0,0.001,40.0,0.05963683392974458,3.9185805494504136,nan,nan,0.5012601521248412,0.4987398478751588,1.0,0.0,0.8328042530413691,3.9052476874582007,nan,nan,nan,fr_rate,False,nan,nan,nan,nan,nan,nan,nan,0.4987398478751588
eb,om25_b8_g50,fr,2,stage4_gamma,256.0,40000.0,0.001,40.0,0.05691544084476379,4.039474434106573,nan,nan,0.4990953208055474,0.5009046791944526,1.0,0.0,0.7413863198925693,3.9052476874582007,nan,nan,nan,fr_rate,False,nan,nan,nan,nan,nan,nan,nan,0.4990953208055474
eb,om25_b8_g50,fr,3,stage4_gamma,256.0,40000.0,0.001,40.0,0.056327029804279984,3.830365516827719,nan,nan,0.4998008975593015,0.5001991024406985,1.0,0.0,0.7970166046130462,3.9052476874582007,nan,nan,nan,fr_rate,False,nan,nan,nan,nan,nan,nan,nan,0.4998008975593015
eb,om25_b8_g50,fr,4,stage4_gamma,256.0,40000.0,0.001,40.0,0.05788016929862538,4.06306708074395,nan,nan,0.4780339752509582,0.5219660247490419,1.0,0.0,0.8180808125746758,3.9052476874582007,nan,nan,nan,fr_rate,False,nan,nan,nan,nan,nan,nan,nan,0.4780339752509582
eb,om25_b8_g50,fr,5,stage4_gamma,256.0,40000.0,0.001,40.0,0.0602523316977683,4.158532415916619,nan,nan,0.4942165969692498,0.5057834030307502,1.0,0.0,0.7474142457394994,3.9052476874582007,nan,nan,nan,fr_rate,False,nan,nan,nan,nan,nan,nan,nan,0.4942165969692498
eb,om25_b8_g50,fr,6,stage4_gamma,256.0,40000.0,0.001,40.0,0.05691079321285904,4.033765132805928,nan,nan,0.4954567494048414,0.5045432505951586,1.0,0.0,0.6313428216698432,3.9052476874582007,nan,nan,nan,fr_rate,False,nan,nan,nan,nan,nan,nan,nan,0.4954567494048414
eb,om25_b8_g50,fr,7,stage4_gamma,256.0,40000.0,0.001,40.0,0.0553907164110254,4.128638187088404,nan,nan,0.4804991064094585,0.5195008935905415,1.0,0.0,0.5145656725707866,3.9052476874582007,nan,nan,nan,fr_rate,False,nan,nan,nan,nan,nan,nan,nan,0.4804991064094585
eb,om25_b8_g50,fr,8,stage4_gamma,256.0,40000.0,0.001,40.0,0.05544992492449822,3.9371388316422076,nan,nan,0.49815489174950833,0.5018451082504918,1.0,0.0,0.8300771866397407,3.9052476874582007,nan,nan,nan,fr_rate,False,nan,nan,nan,nan,nan,nan,nan,0.49815489174950833
eb,om25_b8_g50,fr,9,stage4_gamma,256.0,40000.0,0.001,40.0,0.056713115986936964,3.902607829192855,nan,nan,0.4908994083630699,0.5091005916369301,1.0,0.0,0.8220419332232266,3.9052476874582007,nan,nan,nan,fr_rate,False,nan,nan,nan,nan,nan,nan,nan,0.4908994083630699
eb,om25_b8_g5,fr,0,stage4_gamma,256.0,40000.0,0.001,40.0,0.1686740192716079,8.918053400665338,nan,nan,0.4625375946068983,0.5374624053931017,1.0,0.0728476821192053,0.04755577463299847,3.9052476874582007,nan,nan,nan,fr_rate,False,nan,nan,nan,nan,nan,nan,nan,0.4625375946068983
eb,om25_b8_g5,fr,1,stage4_gamma,256.0,40000.0,0.001,40.0,0.1631001143503545,8.662143766013589,nan,nan,0.45705435237535647,0.5429456476246435,1.0,0.059602649006622516,0.10322218529516772,3.9052476874582007,nan,nan,nan,fr_rate,False,nan,nan,nan,nan,nan,nan,nan,0.45705435237535647
eb,om25_b8_g5,fr,2,stage4_gamma,256.0,40000.0,0.001,40.0,0.15508511446603346,8.402759915988382,nan,nan,0.4850885517925292,0.5149114482074708,1.0,0.039735099337748346,0.09539540112587698,3.9052476874582007,nan,nan,nan,fr_rate,False,nan,nan,nan,nan,nan,nan,nan,0.4850885517925292
eb,om25_b8_g5,fr,3,stage4_gamma,256.0,40000.0,0.001,40.0,0.16467390083910433,8.817631510613236,nan,nan,0.4895702657812894,0.5104297342187105,1.0,0.07947019867549669,0.05138845693755736,3.9052476874582007,nan,nan,nan,fr_rate,False,nan,nan,nan,nan,nan,nan,nan,0.4895702657812894
eb,om25_b8_g5,fr,4,stage4_gamma,256.0,40000.0,0.001,40.0,0.15979855777793703,8.638491236292708,nan,nan,0.4569990358699161,0.5430009641300839,1.0,0.10596026490066225,0.0059918666320569365,3.9052476874582007,nan,nan,nan,fr_rate,False,nan,nan,nan,nan,nan,nan,nan,0.4569990358699161
eb,om25_b8_g5,fr,5,stage4_gamma,256.0,40000.0,0.001,40.0,0.14432281356727367,7.55566592242168,nan,nan,0.4760208087038894,0.5239791912961106,1.0,0.046357615894039736,0.04489511709794734,3.9052476874582007,nan,nan,nan,fr_rate,False,nan,nan,nan,nan,nan,nan,nan,0.4760208087038894
eb,om25_b8_g5,fr,6,stage4_gamma,256.0,40000.0,0.001,40.0,0.1606414374409823,8.545183732117156,nan,nan,0.4762036546401189,0.5237963453598812,1.0,0.08609271523178808,0.043974018053647396,3.9052476874582007,nan,nan,nan,fr_rate,False,nan,nan,nan,nan,nan,nan,nan,0.4762036546401189
eb,om25_b8_g5,fr,7,stage4_gamma,256.0,40000.0,0.001,40.0,0.16223377037530706,8.62602843370566,nan,nan,0.5035893354838272,0.4964106645161727,1.0,0.0728476821192053,0.05035519797042622,3.9052476874582007,nan,nan,nan,fr_rate,False,nan,nan,nan,nan,nan,nan,nan,0.4964106645161727
eb,om25_b8_g5,fr,8,stage4_gamma,256.0,40000.0,0.001,40.0,0.14755157510899425,8.065472569557281,nan,nan,0.4869764260578375,0.5130235739421626,1.0,0.039735099337748346,0.09340714995879093,3.9052476874582007,nan,nan,nan,fr_rate,False,nan,nan,nan,nan,nan,nan,nan,0.4869764260578375
eb,om25_b8_g5,fr,9,stage4_gamma,256.0,40000.0,0.001,40.0,0.16656701705507865,8.651905047553576,nan,nan,0.5010049723774352,0.4989950276225647,1.0,0.039735099337748346,0.11615257046003702,3.9052476874582007,nan,nan,nan,fr_rate,False,nan,nan,nan,nan,nan,nan,nan,0.4989950276225647
toy2d,toy2d_base,fr,0,production_gpu,1000.0,100000.0,0.002,200.0,0.0138729664851216,15.759007896706398,485364.0,nan,0.4632237871674491,0.5367762128325508,nan,nan,nan,10.902123869773273,nan,1.0,nan,physics,False,485.364,2.6869614215690367,2.4268199999999998,nan,nan,976.0081644669451,2.989898192959435,0.4632237871674491
toy2d,toy2d_base,fr,1,production_gpu,1000.0,100000.0,0.002,200.0,0.0166749887771402,15.90374519582595,514661.0,nan,0.5131964809384164,0.4868035190615836,nan,nan,nan,10.902123869773273,nan,1.0,nan,physics,False,514.661,2.7123642864866486,2.5733049999999995,nan,nan,1030.0395136144577,3.013275309527827,0.4868035190615836
toy2d,toy2d_base,fr,2,production_gpu,1000.0,100000.0,0.002,200.0,0.0140848594849533,14.884380352893992,537434.0,nan,0.4992412746585736,0.5007587253414264,nan,nan,nan,10.902123869773273,nan,1.0,nan,physics,False,537.434,2.7311324760787863,2.68717,nan,nan,1074.8704750575664,3.0317599894031004,0.4992412746585736
toy2d,toy2d_base,fr,3,production_gpu,1000.0,100000.0,0.002,200.0,0.0118361655369209,14.177407646749067,471692.0,nan,0.47014925373134336,0.5298507462686566,nan,nan,nan,10.902123869773273,nan,1.0,nan,physics,False,471.692,2.674578252217753,2.35846,nan,nan,946.7585012295999,2.9766976886622243,0.47014925373134336
toy2d,toy2d_base,fr,4,production_gpu,1000.0,100000.0,0.002,200.0,0.0146663513422004,15.725307877652885,453859.0,nan,0.48562783661119513,0.5143721633888049,nan,nan,nan,10.902123869773273,nan,1.0,nan,physics,False,453.859,2.6578767922350237,2.269295,nan,nan,908.4686097626901,2.958787714018402,0.48562783661119513
toy2d,toy2d_base,fr,0,production_gpu,1000.0,100000.0,0.002,200.0,0.0147690335947862,17.512387125070074,486876.0,nan,0.5404984423676013,0.45950155763239875,nan,nan,nan,10.902123869773273,nan,1.0,nan,physics,False,486.876,2.688309454464118,2.43438,nan,nan,980.1824826063596,2.9917497859924542,0.45950155763239875
toy2d,toy2d_base,fr,1,production_gpu,1000.0,100000.0,0.002,200.0,0.0139222093268528,13.203438615440822,529526.0,nan,0.5289017341040463,0.4710982658959537,nan,nan,nan,10.902123869773273,nan,1.0,nan,physics,False,529.526,2.7247066726479803,2.64763,nan,nan,1062.602410674176,3.026779312996974,0.4710982658959537
toy2d,toy2d_base,fr,2,production_gpu,1000.0,100000.0,0.002,200.0,0.0116593345662759,14.196741224631785,482153.0,nan,0.5145038167938931,0.4854961832061069,nan,nan,nan,10.902123869773273,nan,1.0,nan,physics,False,482.153,2.6840846805107876,2.410765,nan,nan,965.1180916755314,2.9850302148507466,0.4854961832061069
toy2d,toy2d_base,fr,3,production_gpu,1000.0,100000.0,0.002,200.0,0.012421726395945,15.92752827534158,452623.0,nan,0.48316251830161056,0.5168374816983894,nan,nan,nan,10.902123869773273,nan,1.0,nan,physics,False,452.623,2.6566950664312556,2.263115,nan,nan,906.2737172589923,2.9577383300167925,0.48316251830161056
toy2d,toy2d_base,fr,4,production_gpu,1000.0,100000.0,0.002,200.0,0.0135624183641672,15.836929160689932,481976.0,nan,0.5082956259426847,0.49170437405731526,nan,nan,nan,10.902123869773273,nan,1.0,nan,physics,False,481.976,2.6839255503653168,2.40988,nan,nan,964.21741978118,2.984625151246046,0.49170437405731526
toy2d,toy2d_base,fr,0,production_gpu,1000.0,100000.0,0.002,200.0,0.0148626219862183,14.9953813322079,485109.0,nan,0.4984567901234568,0.5015432098765432,nan,nan,nan,10.902123869773273,nan,1.0,nan,physics,False,485.109,2.6867336618360187,2.425545,nan,nan,970.2272423719933,2.987320855615346,0.4984567901234568
toy2d,toy2d_base,fr,1,production_gpu,1000.0,100000.0,0.002,200.0,0.0109668898411988,14.346652277864964,490374.0,nan,0.4876543209876543,0.5123456790123457,nan,nan,nan,10.902123869773273,nan,1.0,nan,physics,False,490.374,2.6914121729921265,2.45187,nan,nan,981.3462906817141,2.9922646096010355,0.4876543209876543
toy2d,toy2d_base,fr,2,production_gpu,1000.0,100000.0,0.002,200.0,0.0136714970290143,14.83270686937264,518025.0,nan,0.5097159940209267,0.4902840059790733,nan,nan,nan,10.902123869773273,nan,1.0,nan,physics,False,518.025,2.7151882771173574,2.590125,nan,nan,1036.4413624964236,3.0159635592020524,0.4902840059790733
toy2d,toy2d_base,fr,3,production_gpu,1000.0,100000.0,0.002,200.0,0.0135080571117314,15.76808996494269,505325.0,nan,0.5007496251874063,0.4992503748125937,nan,nan,nan,10.902123869773273,nan,1.0,nan,physics,False,505.325,2.7044293713805203,2.526625,nan,nan,1010.652271695348,3.005031261085925,0.4992503748125937
toy2d,toy2d_base,fr,4,production_gpu,1000.0,100000.0,0.002,200.0,0.0120324702262647,15.93308946387623,523992.0,nan,0.5162790697674419,0.48372093023255813,nan,nan,nan,10.902123869773273,nan,1.0,nan,physics,False,523.992,2.7201526855348583,2.61996,nan,nan,1049.0960758835758,3.0212290355625577,0.48372093023255813
toy2d,toy2d_base,fr,0,production_gpu,1000.0,100000.0,0.002,200.0,0.0176749090641443,17.759326740245196,453074.0,nan,0.5037707390648567,0.4962292609351433,nan,nan,nan,10.902123869773273,nan,1.0,nan,physics,False,453.074,2.657126635176016,2.26537,nan,nan,906.1995390950622,2.957702820904517,0.4962292609351433
toy2d,toy2d_base,fr,1,production_gpu,1000.0,100000.0,0.002,200.0,0.0115501331708052,13.699998173438662,443131.0,nan,0.47800586510263937,0.5219941348973607,nan,nan,nan,10.902123869773273,nan,1.0,nan,physics,False,443.131,2.6475110876503027,2.215655,nan,nan,887.9802131901839,2.948892094605814,0.47800586510263937
toy2d,toy2d_base,fr,2,production_gpu,1000.0,100000.0,0.002,200.0,0.0164357228293767,15.91109920444742,502174.0,nan,0.5037707390648567,0.4962292609351433,nan,nan,nan,10.902123869773273,nan,1.0,nan,physics,False,502.174,2.701718192158485,2.5108699999999997,nan,nan,1004.4051244289536,3.0023410944444198,0.4962292609351433
toy2d,toy2d_base,fr,3,production_gpu,1000.0,100000.0,0.002,200.0,0.0126394139727194,14.081111206279628,483510.0,nan,0.49382716049382713,0.5061728395061729,nan,nan,nan,10.902123869773273,nan,1.0,nan,physics,False,483.51,2.6853027450606763,2.41755,nan,nan,967.1674115853659,2.9859504602436844,0.49382716049382713
toy2d,toy2d_base,fr,4,production_gpu,1000.0,100000.0,0.002,200.0,0.0114271283109813,13.766937973843982,465009.0,nan,0.4892638036809816,0.5107361963190185,nan,nan,nan,10.902123869773273,nan,1.0,nan,physics,False,465.009,2.668394304270672,2.3250450000000003,nan,nan,930.4469952836849,2.9691581460698635,0.4892638036809816
toy2d,toy2d_base,fr,0,production_gpu,1000.0,100000.0,0.002,200.0,0.0137425095019043,15.911281768619345,489670.0,nan,0.512743628185907,0.487256371814093,nan,nan,nan,10.902123869773273,nan,1.0,nan,physics,False,489.67,2.6907895056419178,2.44835,nan,nan,979.9765930274405,2.9916586448516114,0.487256371814093
toy2d,toy2d_base,fr,1,production_gpu,1000.0,100000.0,0.002,200.0,0.0147411371708485,15.921778448586403,475474.0,nan,0.5107033639143731,0.4892966360856269,nan,nan,nan,10.902123869773273,nan,1.0,nan,physics,False,475.474,2.678039207252199,2.37737,nan,nan,951.3839697979041,2.9788120768977904,0.4892966360856269
toy2d,toy2d_base,fr,2,production_gpu,1000.0,100000.0,0.002,200.0,0.0170067463746425,16.90065676195055,490062.0,nan,0.5336391437308868,0.46636085626911317,nan,nan,nan,10.902123869773273,nan,1.0,nan,physics,False,490.062,2.6911363282899594,2.45031,nan,nan,984.5805739677768,2.9936921348551078,0.46636085626911317
toy2d,toy2d_base,fr,3,production_gpu,1000.0,100000.0,0.002,200.0,0.0134340807463879,16.458464555323285,530112.0,nan,0.4897660818713451,0.5102339181286548,nan,nan,nan,10.902123869773273,nan,1.0,nan,physics,False,530.112,2.725186114024875,2.65056,nan,nan,1060.6683482530043,3.0259888698353072,0.4897660818713451
toy2d,toy2d_base,fr,4,production_gpu,1000.0,100000.0,0.002,200.0,0.0146438478032414,14.374483378070064,532170.0,nan,0.5329341317365269,0.46706586826347307,nan,nan,nan,10.902123869773273,nan,1.0,nan,physics,False,532.17,2.7268657048809843,2.66085,nan,nan,1068.977897579948,3.0293748066027733,0.46706586826347307
toy2d,toy2d_base,fr,0,production_gpu,1000.0,100000.0,0.002,200.0,0.0209734339624705,16.924620016313614,470295.0,nan,0.5416036308623298,0.45839636913767023,nan,nan,nan,10.902123869773273,nan,1.0,nan,physics,False,470.295,2.6732928323250333,2.351475,nan,nan,947.147527034128,2.9768759166546217,0.45839636913767023
toy2d,toy2d_base,fr,1,production_gpu,1000.0,100000.0,0.002,200.0,0.017466880747861,14.380326162375876,493546.0,nan,0.5029154518950437,0.4970845481049563,nan,nan,nan,10.902123869773273,nan,1.0,nan,physics,False,493.546,2.6942066935409574,2.46773,nan,nan,987.12556171533,2.9948121341578013,0.4970845481049563
toy2d,toy2d_base,fr,2,production_gpu,1000.0,100000.0,0.002,200.0,0.0127000850408578,16.439125545369844,488863.0,nan,0.49923195084485406,0.500768049155146,nan,nan,nan,10.902123869773273,nan,1.0,nan,physics,False,488.863,2.6900746378587237,2.444315,nan,nan,977.7283070457763,2.9906621492833976,0.49923195084485406
toy2d,toy2d_base,fr,3,production_gpu,1000.0,100000.0,0.002,200.0,0.013021369383148,13.871832947600709,505794.0,nan,0.5343283582089553,0.4656716417910447,nan,nan,nan,10.902123869773273,nan,1.0,nan,physics,False,505.794,2.7048314645730525,2.5289699999999997,nan,nan,1016.3789509024496,3.0074827480373436,0.4656716417910447
toy2d,toy2d_base,fr,4,production_gpu,1000.0,100000.0,0.002,200.0,0.0117703037976361,14.777090896066005,482175.0,nan,0.5068285280728376,0.4931714719271624,nan,nan,nan,10.902123869773273,nan,1.0,nan,physics,False,482.175,2.6841044553255577,2.410875,nan,nan,964.5298994702902,2.984765727078543,0.4931714719271624
toy2d,toy2d_base,fr,0,production_gpu,1000.0,100000.0,0.002,200.0,0.0115286745725152,14.36039293809373,470977.0,nan,0.5067064083457526,0.49329359165424735,nan,nan,nan,10.902123869773273,nan,1.0,nan,physics,False,470.977,2.673920835463617,2.354885,nan,nan,942.123491456371,2.9745685624580904,0.49329359165424735
toy2d,toy2d_base,fr,1,production_gpu,1000.0,100000.0,0.002,200.0,0.0174532423323388,16.56124488634162,511348.0,nan,0.47568389057750765,0.5243161094224924,nan,nan,nan,10.902123869773273,nan,1.0,nan,physics,False,511.348,2.709565045235314,2.55674,nan,nan,1025.1205050331064,3.0111983662317163,0.47568389057750765
toy2d,toy2d_base,fr,2,production_gpu,1000.0,100000.0,0.002,200.0,0.0126931812891742,14.117782990922269,491084.0,nan,0.5283582089552239,0.4716417910447761,nan,nan,nan,10.902123869773273,nan,1.0,nan,physics,False,491.084,2.692039244276761,2.45542,nan,nan,985.3375867124365,2.9940255832511338,0.4716417910447761
toy2d,toy2d_base,fr,3,production_gpu,1000.0,100000.0,0.002,200.0,0.0130888296524476,16.836502369614013,502502.0,nan,0.5110410094637224,0.48895899053627756,nan,nan,nan,10.902123869773273,nan,1.0,nan,physics,False,502.502,2.702001199988423,2.5125100000000002,nan,nan,1005.4942946634808,3.0028113174231925,0.48895899053627756
toy2d,toy2d_base,fr,4,production_gpu,1000.0,100000.0,0.002,200.0,0.0168193222153136,17.47971222895542,512454.0,nan,0.49538461538461537,0.5046153846153847,nan,nan,nan,10.902123869773273,nan,1.0,nan,physics,False,512.454,2.7105015415242835,2.56227,nan,nan,1024.9953368807753,3.0111453869243845,0.49538461538461537
toy2d,toy2d_base,fr,0,production_gpu,1000.0,100000.0,0.002,200.0,0.0140497740358106,18.10625809624853,489641.0,nan,0.5114503816793893,0.4885496183206107,nan,nan,nan,10.902123869773273,nan,1.0,nan,physics,False,489.641,2.6907638368376774,2.448205,nan,nan,979.7958489972016,2.9915786191223166,0.4885496183206107
toy2d,toy2d_base,fr,1,production_gpu,1000.0,100000.0,0.002,200.0,0.0147574522397117,15.184708942746177,482284.0,nan,0.4879154078549849,0.5120845921450151,nan,nan,nan,10.902123869773273,nan,1.0,nan,physics,False,482.284,2.684202417264405,2.41142,nan,nan,965.1317812177502,2.9850363686021106,0.4879154078549849
toy2d,toy2d_base,fr,2,production_gpu,1000.0,100000.0,0.002,200.0,0.0173287542166951,16.36541491363758,468949.0,nan,0.5082458770614693,0.4917541229385307,nan,nan,nan,10.902123869773273,nan,1.0,nan,physics,False,468.949,2.672050729807279,2.344745,nan,nan,938.1531569762213,2.9727364227301103,0.4917541229385307
toy2d,toy2d_base,fr,3,production_gpu,1000.0,100000.0,0.002,200.0,0.0175500853007899,16.334888158062462,489963.0,nan,0.49691358024691357,0.5030864197530864,nan,nan,nan,10.902123869773273,nan,1.0,nan,physics,False,489.963,2.6910487640143983,2.449815,nan,nan,979.9633404717449,2.991652777687473,0.49691358024691357
toy2d,toy2d_base,fr,4,production_gpu,1000.0,100000.0,0.002,200.0,0.0149796791372924,13.30343207715247,471153.0,nan,0.5213549337260677,0.47864506627393233,nan,nan,nan,10.902123869773273,nan,1.0,nan,physics,False,471.153,2.6740827534827467,2.355765,nan,nan,944.0280324771838,2.9754446912284043,0.47864506627393233
toy2d,toy2d_base,fr,0,production_gpu,1000.0,100000.0,0.002,200.0,0.011973576338127,15.379817452988757,488820.0,nan,0.5123839009287926,0.4876160990712074,nan,nan,nan,10.902123869773273,nan,1.0,nan,physics,False,488.82,2.690036513970213,2.4441,nan,nan,978.2400955258237,2.9908891875926535,0.4876160990712074
toy2d,toy2d_base,fr,1,production_gpu,1000.0,100000.0,0.002,200.0,0.0115066035427653,14.167846794063772,505884.0,nan,0.48714069591527986,0.5128593040847201,nan,nan,nan,10.902123869773273,nan,1.0,nan,physics,False,505.884,2.704908582757474,2.52942,nan,nan,1012.4376736656956,3.005797044775068,0.48714069591527986
toy2d,toy2d_base,fr,2,production_gpu,1000.0,100000.0,0.002,200.0,0.0123297450877755,13.59471754473496,532166.0,nan,0.46960486322188455,0.5303951367781155,nan,nan,nan,10.902123869773273,nan,1.0,nan,physics,False,532.166,2.7268624466623224,2.6608300000000003,nan,nan,1068.2797823833237,3.0290913553932914,0.46960486322188455
toy2d,toy2d_base,fr,3,production_gpu,1000.0,100000.0,0.002,200.0,0.0119151847522327,15.24662204164353,495267.0,nan,0.4878048780487805,0.5121951219512195,nan,nan,nan,10.902123869773273,nan,1.0,nan,physics,False,495.267,2.695715397110689,2.476335,nan,nan,991.1236035714285,2.996565782038248,0.4878048780487805
toy2d,toy2d_base,fr,4,production_gpu,1000.0,100000.0,0.002,200.0,0.0147026294603446,15.925762293986152,539640.0,nan,0.5076219512195121,0.49237804878048785,nan,nan,nan,10.902123869773273,nan,1.0,nan,physics,False,539.64,2.732908174430821,2.6982,nan,nan,1079.5308576688144,3.033637173925352,0.49237804878048785
toy2d,toy2d_base,fr,0,production_gpu,1000.0,100000.0,0.002,200.0,0.0125686845605112,16.576662593729882,512125.0,nan,0.5356600910470409,0.46433990895295907,nan,nan,nan,10.902123869773273,nan,1.0,nan,physics,False,512.125,2.710223174463516,2.560625,nan,nan,1029.486553745672,3.0130423292815043,0.46433990895295907
toy2d,toy2d_base,fr,1,production_gpu,1000.0,100000.0,0.002,200.0,0.0114040716496297,13.925107512834655,486351.0,nan,0.519650655021834,0.48034934497816595,nan,nan,nan,10.902123869773273,nan,1.0,nan,physics,False,486.351,2.687841861534421,2.431755,nan,nan,974.2067529029794,2.9890966999302053,0.48034934497816595
toy2d,toy2d_base,fr,2,production_gpu,1000.0,100000.0,0.002,200.0,0.0144535775189179,15.004838123018654,512892.0,nan,0.5226277372262773,0.4773722627737227,nan,nan,nan,10.902123869773273,nan,1.0,nan,physics,False,512.892,2.7108718568700367,2.5644600000000004,nan,nan,1027.889176618318,3.0123685986933193,0.4773722627737227
toy2d,toy2d_base,fr,3,production_gpu,1000.0,100000.0,0.002,200.0,0.0129854732750663,14.656029184507666,513589.0,nan,0.5177195685670262,0.48228043143297383,nan,nan,nan,10.902123869773273,nan,1.0,nan,physics,False,513.589,2.7114604983718786,2.5679450000000004,nan,nan,1028.4696884461052,3.012613563839534,0.48228043143297383
toy2d,toy2d_base,fr,4,production_gpu,1000.0,100000.0,0.002,200.0,0.0149568717590026,15.582047604576871,523063.0,nan,0.4947994056463596,0.5052005943536404,nan,nan,nan,10.902123869773273,nan,1.0,nan,physics,False,523.063,2.719383498639692,2.615315,nan,nan,1046.2391871003356,3.020045884901578,0.4947994056463596
toy2d,toy2d_base,fr,0,production_gpu,1000.0,100000.0,0.002,200.0,0.0131020229174504,14.828638917420564,486345.0,nan,0.5164179104477612,0.4835820895522388,nan,nan,nan,10.902123869773273,nan,1.0,nan,physics,False,486.345,2.6878365147044523,2.431725,nan,nan,973.7398777028475,2.988888733902985,0.4835820895522388
toy2d,toy2d_base,fr,1,production_gpu,1000.0,100000.0,0.002,200.0,0.0153649975289849,13.811179364306994,524285.0,nan,0.48411497730711045,0.5158850226928895,nan,nan,nan,10.902123869773273,nan,1.0,nan,physics,False,524.285,2.7203949992987484,2.621425,nan,nan,1049.6294285419722,3.021449561396075,0.48411497730711045
toy2d,toy2d_base,fr,2,production_gpu,1000.0,100000.0,0.002,200.0,0.0151045309930977,17.59189053971878,500030.0,nan,0.5099540581929556,0.4900459418070444,nan,nan,nan,10.902123869773273,nan,1.0,nan,physics,False,500.03,2.699863730746263,2.5001499999999997,nan,nan,1000.4565140296546,3.0006320957893653,0.4900459418070444
toy2d,toy2d_base,fr,3,production_gpu,1000.0,100000.0,0.002,200.0,0.0163257401164165,14.889698356030308,489132.0,nan,0.5176110260336907,0.4823889739663093,nan,nan,nan,10.902123869773273,nan,1.0,nan,physics,False,489.132,2.6903130578885524,2.44566,nan,nan,979.4791349112426,2.991438356097297,0.4823889739663093
toy2d,toy2d_base,fr,4,production_gpu,1000.0,100000.0,0.002,200.0,0.0129391712284831,14.411966702755429,520178.0,nan,0.5134328358208955,0.4865671641791045,nan,nan,nan,10.902123869773273,nan,1.0,nan,physics,False,520.178,2.7169860749602397,2.60089,nan,nan,1041.1074341917533,3.0179124940801065,0.4865671641791045
toy2d,toy2d_base,fr,0,production_gpu,1000.0,100000.0,0.002,200.0,0.0123647940520157,15.595159782197571,476411.0,nan,0.5155096011816839,0.4844903988183161,nan,nan,nan,10.902123869773273,nan,1.0,nan,physics,False,476.411,2.6788924213407492,2.382055,nan,nan,953.7396796552869,2.97988497252534,0.4844903988183161
toy2d,toy2d_base,fr,1,production_gpu,1000.0,100000.0,0.002,200.0,0.0197616172716002,17.256187588091528,453229.0,nan,0.5023328149300156,0.4976671850699844,nan,nan,nan,10.902123869773273,nan,1.0,nan,physics,False,453.229,2.657274858060557,2.266145,nan,nan,906.477732299729,2.9578359771153107,0.4976671850699844
toy2d,toy2d_base,fr,2,production_gpu,1000.0,100000.0,0.002,200.0,0.0152258387207829,15.93169099284386,482940.0,nan,0.5107361963190185,0.48926380368098155,nan,nan,nan,10.902123869773273,nan,1.0,nan,physics,False,482.94,2.684791520148147,2.4147,nan,nan,966.3255375751928,2.985572653380278,0.48926380368098155
toy2d,toy2d_base,fr,3,production_gpu,1000.0,100000.0,0.002,200.0,0.0192990706964285,16.576898252014995,528228.0,nan,0.5325264750378215,0.46747352496217853,nan,nan,nan,10.902123869773273,nan,1.0,nan,physics,False,528.228,2.723642813451603,2.6411399999999996,nan,nan,1060.945802018976,3.0261023524472166,0.46747352496217853
toy2d,toy2d_base,fr,4,production_gpu,1000.0,100000.0,0.002,200.0,0.0143878316426237,18.2292520015434,479878.0,nan,0.48323170731707316,0.5167682926829269,nan,nan,nan,10.902123869773273,nan,1.0,nan,physics,False,479.878,2.6820349087079194,2.39939,nan,nan,960.8366554441993,2.983101323947815,0.48323170731707316
toy2d,toy2d_base,fr,0,production_gpu,1000.0,100000.0,0.002,200.0,0.0169684183499245,15.308105612786209,507698.0,nan,0.4776579352850539,0.5223420647149462,nan,nan,nan,10.902123869773273,nan,1.0,nan,physics,False,507.698,2.7064600301600135,2.53849,nan,nan,1017.4274683509371,3.007930104306599,0.4776579352850539
toy2d,toy2d_base,fr,1,production_gpu,1000.0,100000.0,0.002,200.0,0.0153287393553663,13.93825374110694,507982.0,nan,0.5465648854961832,0.4534351145038168,nan,nan,nan,10.902123869773273,nan,1.0,nan,physics,False,507.982,2.7067024239106274,2.5399100000000003,nan,nan,1024.8527055941163,3.0110850082028024,0.4534351145038168
toy2d,toy2d_base,fr,2,production_gpu,1000.0,100000.0,0.002,200.0,0.0136763457634928,16.285100182392615,492026.0,nan,0.5169366715758468,0.4830633284241532,nan,nan,nan,10.902123869773273,nan,1.0,nan,physics,False,492.026,2.6928698226419123,2.46013,nan,nan,985.1824016138559,2.9939572482963297,0.4830633284241532
toy2d,toy2d_base,fr,3,production_gpu,1000.0,100000.0,0.002,200.0,0.0168498143580384,15.765204929155548,507779.0,nan,0.4879154078549849,0.5120845921450151,nan,nan,nan,10.902123869773273,nan,1.0,nan,physics,False,507.779,2.706529177380262,2.538895,nan,nan,1016.1515844087053,3.007385679930181,0.4879154078549849
toy2d,toy2d_base,fr,4,production_gpu,1000.0,100000.0,0.002,200.0,0.0111078883535738,14.64140865736501,444209.0,nan,0.47799696509863426,0.5220030349013658,nan,nan,nan,10.902123869773273,nan,1.0,nan,physics,False,444.209,2.648563935111974,2.221045,nan,nan,890.1417900009228,2.9499468103397124,0.47799696509863426
toy2d,toy2d_base,fr,0,production_gpu,1000.0,100000.0,0.002,200.0,0.012398737118458,16.970677983720364,463112.0,nan,0.47058823529411764,0.5294117647058824,nan,nan,nan,10.902123869773273,nan,1.0,nan,physics,False,463.112,2.6666227976075842,2.31556,nan,nan,929.4400555555557,2.9686883985521786,0.47058823529411764
toy2d,toy2d_base,fr,1,production_gpu,1000.0,100000.0,0.002,200.0,0.0145804570682472,15.67224006720666,476089.0,nan,0.47242921013412814,0.5275707898658719,nan,nan,nan,10.902123869773273,nan,1.0,nan,physics,False,476.089,2.67859940336594,2.380445,nan,nan,955.0820164724018,2.980495149361418,0.47242921013412814
toy2d,toy2d_base,fr,2,production_gpu,1000.0,100000.0,0.002,200.0,0.0130620684001651,14.652912277224198,503770.0,nan,0.49768875192604006,0.50231124807396,nan,nan,nan,10.902123869773273,nan,1.0,nan,physics,False,503.77,2.7030935355751806,2.51885,nan,nan,1007.5615290413872,3.003702398243412,0.49768875192604006
toy2d,toy2d_base,fr,3,production_gpu,1000.0,100000.0,0.002,200.0,0.0123940155077774,14.147067679737686,490019.0,nan,0.4755351681957186,0.5244648318042814,nan,nan,nan,10.902123869773273,nan,1.0,nan,physics,False,490.019,2.691098297490598,2.450095,nan,nan,982.3899515528766,2.9927257662813407,0.4755351681957186
toy2d,toy2d_base,fr,4,production_gpu,1000.0,100000.0,0.002,200.0,0.0117590968815201,14.720626526953254,495616.0,nan,0.5,0.5,nan,nan,nan,10.902123869773273,nan,1.0,nan,physics,False,495.616,2.696020707566053,2.47808,nan,nan,991.232,2.996613229149793,0.5
toy2d,toy2d_base,fr,0,production_gpu,1000.0,100000.0,0.002,200.0,0.0147354387597841,16.30307014676993,537716.0,nan,0.5045045045045045,0.49549549549549554,nan,nan,nan,10.902123869773273,nan,1.0,nan,physics,False,537.716,2.731359874392289,2.68858,nan,nan,1075.5192915584416,3.032021816920591,0.49549549549549554
toy2d,toy2d_base,fr,1,production_gpu,1000.0,100000.0,0.002,200.0,0.0135610255711321,14.64769277958001,542042.0,nan,0.5105421686746988,0.4894578313253012,nan,nan,nan,10.902123869773273,nan,1.0,nan,physics,False,542.042,2.734833420128161,2.71021,nan,nan,1084.5661430996142,3.0356562899811728,0.4894578313253012
toy2d,toy2d_base,fr,2,production_gpu,1000.0,100000.0,0.002,200.0,0.0124117622173707,16.66840515816323,449053.0,nan,0.4497681607418856,0.5502318392581145,nan,nan,nan,10.902123869773273,nan,1.0,nan,physics,False,449.053,2.653263661002379,2.245265,nan,nan,907.2629603314799,2.9582116036834303,0.4497681607418856
toy2d,toy2d_base,fr,3,production_gpu,1000.0,100000.0,0.002,200.0,0.0117274388742289,14.180922619674435,508963.0,nan,0.4912280701754387,0.5087719298245613,nan,nan,nan,10.902123869773273,nan,1.0,nan,physics,False,508.963,2.707538667316074,2.5448150000000003,nan,nan,1018.239400862069,3.00827620389064,0.4912280701754387
toy2d,toy2d_base,fr,4,production_gpu,1000.0,100000.0,0.002,200.0,0.0137720519564401,14.193470336041589,486207.0,nan,0.5237366003062788,0.4762633996937212,nan,nan,nan,10.902123869773273,nan,1.0,nan,physics,False,486.207,2.6877135194432387,2.431035,nan,nan,974.6104843036047,2.989276458770369,0.4762633996937212
toy2d,toy2d_base,fr,0,production_gpu,1000.0,100000.0,0.002,200.0,0.0123142132851759,14.473462915888463,479308.0,nan,0.5051094890510948,0.49489051094890524,nan,nan,nan,10.902123869773273,nan,1.0,nan,physics,False,479.308,2.6815198202990094,2.39654,nan,nan,958.7161163401368,2.9821427878941322,0.49489051094890524
toy2d,toy2d_base,fr,1,production_gpu,1000.0,100000.0,0.002,200.0,0.0126655607880728,16.151852180048426,468696.0,nan,0.492732558139535,0.507267441860465,nan,nan,nan,10.902123869773273,nan,1.0,nan,physics,False,468.696,2.671816861683516,2.34348,nan,nan,937.5900779471056,2.9724759588732823,0.492732558139535
toy2d,toy2d_base,fr,2,production_gpu,1000.0,100000.0,0.002,200.0,0.0124490580743742,16.923502194392018,474021.0,nan,0.49775112443778113,0.5022488755622189,nan,nan,nan,10.902123869773273,nan,1.0,nan,physics,False,474.021,2.6767128095880706,2.370105,nan,nan,948.0611790550261,2.9772942091286723,0.49775112443778113
toy2d,toy2d_base,fr,3,production_gpu,1000.0,100000.0,0.002,200.0,0.0123859795468583,13.765906571292886,455055.0,nan,0.4918759231905465,0.5081240768094535,nan,nan,nan,10.902123869773273,nan,1.0,nan,physics,False,455.055,2.659017221515565,2.275275,nan,nan,910.3503347606328,2.9596853574402924,0.4918759231905465
toy2d,toy2d_base,fr,4,production_gpu,1000.0,100000.0,0.002,200.0,0.0202495986133395,16.89567969521242,498306.0,nan,0.49846153846153846,0.5015384615384615,nan,nan,nan,10.902123869773273,nan,1.0,nan,physics,False,498.306,2.698366784863912,2.49153,nan,nan,996.6214354692115,2.998965772072313,0.49846153846153846
toy2d,toy2d_base,fr,0,production_gpu,1000.0,100000.0,0.002,200.0,0.0124382892584743,15.537319524874954,479888.0,nan,0.5185185185185185,0.4814814814814815,nan,nan,nan,10.902123869773273,nan,1.0,nan,physics,False,479.888,2.682043939896003,2.39944,nan,nan,961.0943736263736,2.9832176748807564,0.4814814814814815
toy2d,toy2d_base,fr,1,production_gpu,1000.0,100000.0,0.002,200.0,0.0126346805196996,14.996332306390505,472395.0,nan,0.5264705882352941,0.47352941176470587,nan,nan,nan,10.902123869773273,nan,1.0,nan,physics,False,472.395,2.675223666597126,2.3619749999999997,nan,nan,947.4454700024289,2.9770123665817505,0.47352941176470587
toy2d,toy2d_base,fr,2,production_gpu,1000.0,100000.0,0.002,200.0,0.0170182342502294,14.954878638528267,474657.0,nan,0.4789156626506025,0.5210843373493975,nan,nan,nan,10.902123869773273,nan,1.0,nan,physics,False,474.657,2.6772938924188443,2.373285,nan,nan,951.0050744901298,2.9786392633184957,0.4789156626506025
toy2d,toy2d_base,fr,3,production_gpu,1000.0,100000.0,0.002,200.0,0.013163598731725,17.666493045362,514602.0,nan,0.5030487804878049,0.4969512195121951,nan,nan,nan,10.902123869773273,nan,1.0,nan,physics,False,514.602,2.712314593295949,2.57301,nan,nan,1029.2422674846625,3.0129393635981354,0.4969512195121951
toy2d,toy2d_base,fr,4,production_gpu,1000.0,100000.0,0.002,200.0,0.0126300541382146,15.186212133361918,523525.0,nan,0.546583850931677,0.45341614906832295,nan,nan,nan,10.902123869773273,nan,1.0,nan,physics,False,523.525,2.7197661924405407,2.617625,nan,nan,1056.2182071139475,3.0241646338212225,0.45341614906832295
toy2d,toy2d_base,fr,0,production_gpu,1000.0,100000.0,0.002,200.0,0.0123787300871573,14.464179471849729,459558.0,nan,0.5069124423963134,0.4930875576036866,nan,nan,nan,10.902123869773273,nan,1.0,nan,physics,False,459.558,2.663284330502033,2.29779,nan,nan,919.2917018691589,2.9639255060766705,0.4930875576036866
toy2d,toy2d_base,fr,1,production_gpu,1000.0,100000.0,0.002,200.0,0.014419309486226,14.450483736397832,518585.0,nan,0.5022692889561271,0.4977307110438729,nan,nan,nan,10.902123869773273,nan,1.0,nan,physics,False,518.585,2.7156566048504502,2.592925,nan,nan,1037.1913647828396,3.0162774122881983,0.4977307110438729
toy2d,toy2d_base,fr,2,production_gpu,1000.0,100000.0,0.002,200.0,0.0157468565563899,16.691146771715523,493900.0,nan,0.512781954887218,0.487218045112782,nan,nan,nan,10.902123869773273,nan,1.0,nan,physics,False,493.9,2.694517453811156,2.4695,nan,nan,988.445962763839,2.9953920807917243,0.487218045112782
toy2d,toy2d_base,fr,3,production_gpu,1000.0,100000.0,0.002,200.0,0.0129941473339373,16.19603220144494,504565.0,nan,0.5062305295950156,0.4937694704049844,nan,nan,nan,10.902123869773273,nan,1.0,nan,physics,False,504.565,2.7037770003356236,2.522825,nan,nan,1009.2867200194128,3.004444644328238,0.4937694704049844
toy2d,toy2d_base,fr,4,production_gpu,1000.0,100000.0,0.002,200.0,0.0131770863155524,16.13365622662046,500025.0,nan,0.5207715133531158,0.4792284866468842,nan,nan,nan,10.902123869773273,nan,1.0,nan,physics,False,500.025,2.699859396707893,2.5001249999999997,nan,nan,1001.7788931227011,3.0012051841844523,0.4792284866468842
toy2d,toy2d_base,fr,0,production_gpu,1000.0,100000.0,0.002,200.0,0.0137960280312128,17.277476694907396,482240.0,nan,0.5060422960725075,0.4939577039274925,nan,nan,nan,10.902123869773273,nan,1.0,nan,physics,False,482.24,2.6841628756550566,2.4112,nan,nan,964.6208706924095,2.984806643925035,0.4939577039274925
toy2d,toy2d_base,fr,1,production_gpu,1000.0,100000.0,0.002,200.0,0.0130510228265759,15.032087652884782,525612.0,nan,0.5091463414634146,0.49085365853658536,nan,nan,nan,10.902123869773273,nan,1.0,nan,physics,False,525.612,2.7214907512273308,2.6280599999999996,nan,nan,1051.5758806858332,3.0222534141279027,0.49085365853658536
toy2d,toy2d_base,fr,2,production_gpu,1000.0,100000.0,0.002,200.0,0.0125455897693954,15.821609595906438,462131.0,nan,0.5194610778443114,0.4805389221556886,nan,nan,nan,10.902123869773273,nan,1.0,nan,physics,False,462.131,2.665703851774172,2.3106549999999997,nan,nan,925.6643205400989,2.9669224416540483,0.4805389221556886
toy2d,toy2d_base,fr,3,production_gpu,1000.0,100000.0,0.002,200.0,0.0138624833293911,15.56935394990979,503733.0,nan,0.521021021021021,0.478978978978979,nan,nan,nan,10.902123869773273,nan,1.0,nan,physics,False,503.733,2.7030617003139925,2.518665,nan,nan,1009.2498827748819,3.0044288087209963,0.478978978978979
toy2d,toy2d_base,fr,4,production_gpu,1000.0,100000.0,0.002,200.0,0.0111270607971358,14.561554740772586,454808.0,nan,0.513950073421439,0.48604992657856105,nan,nan,nan,10.902123869773273,nan,1.0,nan,physics,False,454.808,2.658781943322122,2.27404,nan,nan,910.3246132412602,2.9596730999459515,0.48604992657856105
toy2d,toy2d_base,fr,0,production_gpu,1000.0,100000.0,0.002,200.0,0.0186232180995276,17.22448377544738,534624.0,nan,0.4946727549467275,0.5053272450532724,nan,nan,nan,10.902123869773273,nan,1.0,nan,physics,False,534.624,2.7288600284483473,2.67312,nan,nan,1069.3693928452274,3.029533681974129,0.4946727549467275
toy2d,toy2d_base,fr,1,production_gpu,1000.0,100000.0,0.002,200.0,0.0199321570077709,16.024733040193684,523777.0,nan,0.5118694362017804,0.4881305637982196,nan,nan,nan,10.902123869773273,nan,1.0,nan,physics,False,523.777,2.7199747924652122,2.618885,nan,nan,1048.1446652217965,3.020835376635657,0.4881305637982196
toy2d,toy2d_base,fr,2,production_gpu,1000.0,100000.0,0.002,200.0,0.0161039483708938,15.083556797858558,495076.0,nan,0.510670731707317,0.489329268292683,nan,nan,nan,10.902123869773273,nan,1.0,nan,physics,False,495.076,2.69554821651473,2.47538,nan,nan,990.6031782024457,2.9963379100618717,0.489329268292683
toy2d,toy2d_base,fr,3,production_gpu,1000.0,100000.0,0.002,200.0,0.0120536305163324,15.183435864022202,480073.0,nan,0.5038639876352395,0.49613601236476046,nan,nan,nan,10.902123869773273,nan,1.0,nan,physics,False,480.073,2.6822109830092735,2.400365,nan,nan,960.2033448817918,2.9828152734314646,0.49613601236476046
toy2d,toy2d_base,fr,4,production_gpu,1000.0,100000.0,0.002,200.0,0.0230735539327923,17.667136841974862,529649.0,nan,0.5067466266866567,0.4932533733133433,nan,nan,nan,10.902123869773273,nan,1.0,nan,physics,False,529.649,2.7248073501451198,2.648245,nan,nan,1059.4908992688981,3.0255069459178725,0.4932533733133433
toy2d,toy2d_base,fr,0,production_gpu,1000.0,100000.0,0.002,200.0,0.016066417349491,16.74262388420778,492065.0,nan,0.5,0.5,nan,nan,nan,10.902123869773273,nan,1.0,nan,physics,False,492.065,2.6929041754243697,2.460325,nan,nan,984.13,2.993493544768984,0.5
toy2d,toy2d_base,fr,1,production_gpu,1000.0,100000.0,0.002,200.0,0.0128807559940222,14.477940774042164,494698.0,nan,0.5237388724035609,0.4762611275964391,nan,nan,nan,10.902123869773273,nan,1.0,nan,physics,False,494.698,2.695217166654362,2.47349,nan,nan,991.6312719987997,2.9967879531528436,0.4762611275964391
toy2d,toy2d_base,fr,2,production_gpu,1000.0,100000.0,0.002,200.0,0.0117574888105092,15.784878845185442,495833.0,nan,0.517829457364341,0.48217054263565895,nan,nan,nan,10.902123869773273,nan,1.0,nan,physics,False,495.833,2.6962104342738598,2.479165,nan,nan,992.928566460327,2.9973551728209626,0.48217054263565895
toy2d,toy2d_base,fr,3,production_gpu,1000.0,100000.0,0.002,200.0,0.0131605796731386,15.797980361136132,473505.0,nan,0.5274566473988439,0.4725433526011561,nan,nan,nan,10.902123869773273,nan,1.0,nan,physics,False,473.505,2.6762407930772603,2.367525,nan,nan,949.8743174563277,2.978123117523828,0.4725433526011561
toy2d,toy2d_base,fr,4,production_gpu,1000.0,100000.0,0.002,200.0,0.011664518670683,15.016683047630256,520386.0,nan,0.4992721979621543,0.5007278020378457,nan,nan,nan,10.902123869773273,nan,1.0,nan,physics,False,520.386,2.7171593655274076,2.60193,nan,nan,1040.7742051749271,3.017773599891764,0.4992721979621543
toy2d,toy2d_base,fr,0,production_gpu,1000.0,100000.0,0.002,200.0,0.0141718238529187,16.40577323179742,526943.0,nan,0.5187406296851573,0.48125937031484267,nan,nan,nan,10.902123869773273,nan,1.0,nan,physics,False,526.943,2.722587035939569,2.634715,nan,nan,1055.3686291349288,3.023815495530069,0.48125937031484267
toy2d,toy2d_base,fr,1,production_gpu,1000.0,100000.0,0.002,200.0,0.012671484927354,15.741951717046897,532915.0,nan,0.5266457680250783,0.47335423197492166,nan,nan,nan,10.902123869773273,nan,1.0,nan,physics,False,532.915,2.727472122254647,2.6645749999999997,nan,nan,1068.8655651805423,3.0293292094905593,0.47335423197492166
toy2d,toy2d_base,fr,2,production_gpu,1000.0,100000.0,0.002,200.0,0.0113978574372814,15.51182474828633,515484.0,nan,0.5096296296296295,0.49037037037037046,nan,nan,nan,10.902123869773273,nan,1.0,nan,physics,False,515.484,2.713056872187991,2.57742,nan,nan,1031.3505475830816,3.0138271924756888,0.49037037037037046
toy2d,toy2d_base,fr,3,production_gpu,1000.0,100000.0,0.002,200.0,0.0156416955031964,14.426871597910267,534110.0,nan,0.49399399399399396,0.5060060060060061,nan,nan,nan,10.902123869773273,nan,1.0,nan,physics,False,534.11,2.7284430670352506,2.67055,nan,nan,1068.3741540320907,3.029129683320626,0.49399399399399396
toy2d,toy2d_base,fr,4,production_gpu,1000.0,100000.0,0.002,200.0,0.0142776251128202,15.21947299702619,487410.0,nan,0.5007407407407407,0.4992592592592593,nan,nan,nan,10.902123869773273,nan,1.0,nan,physics,False,487.41,2.688784547370221,2.43705,nan,nan,974.8221395273296,2.9893706671944447,0.4992592592592593
toy2d,toy2d_base,fr,0,production_gpu,1000.0,100000.0,0.002,200.0,0.0120137024002412,16.876188870676668,509177.0,nan,0.495253164556962,0.504746835443038,nan,nan,nan,10.902123869773273,nan,1.0,nan,physics,False,509.177,2.7077208756805935,2.545885,nan,nan,1018.4457923022225,3.008364137686576,0.495253164556962
toy2d,toy2d_base,fr,1,production_gpu,1000.0,100000.0,0.002,200.0,0.0126862356866446,14.514986062674136,523804.0,nan,0.514792899408284,0.485207100591716,nan,nan,nan,10.902123869773273,nan,1.0,nan,physics,False,523.804,2.7199971365263447,2.61902,nan,nan,1048.5257950658818,3.020993117065254,0.485207100591716
toy2d,toy2d_base,fr,2,production_gpu,1000.0,100000.0,0.002,200.0,0.0146701076252562,16.281727488249008,491974.0,nan,0.4992272024729521,0.500772797527048,nan,nan,nan,10.902123869773273,nan,1.0,nan,physics,False,491.974,2.6928240147046307,2.45987,nan,nan,983.95035052364,2.9934143390894232,0.4992272024729521
toy2d,toy2d_base,fr,3,production_gpu,1000.0,100000.0,0.002,200.0,0.0144064429942753,15.2337595609309,528182.0,nan,0.482225656877898,0.517774343122102,nan,nan,nan,10.902123869773273,nan,1.0,nan,physics,False,528.182,2.7236050633430815,2.64091,nan,nan,1057.7006258993495,3.0247731698327756,0.482225656877898
toy2d,toy2d_base,fr,4,production_gpu,1000.0,100000.0,0.002,200.0,0.011824247517316,15.567865195269794,491947.0,nan,0.4971014492753624,0.5028985507246376,nan,nan,nan,10.902123869773273,nan,1.0,nan,physics,False,491.947,2.6928002279082963,2.4597350000000002,nan,nan,983.9270662320095,2.9934040722177038,0.4971014492753624
toy2d,toy2d_base,fr,0,production_gpu,1000.0,100000.0,0.002,200.0,0.0128506033538414,16.573302744438667,448086.0,nan,0.5051698670605613,0.49483013293943867,nan,nan,nan,10.902123869773273,nan,1.0,nan,physics,False,448.086,2.652329516390887,2.24043,nan,nan,896.2678200837915,2.9529220923462702,0.49483013293943867
toy2d,toy2d_base,fr,1,production_gpu,1000.0,100000.0,0.002,200.0,0.0122071881058751,15.334215536691742,487233.0,nan,0.5,0.5,nan,nan,nan,10.902123869773273,nan,1.0,nan,physics,False,487.233,2.688627130332187,2.436165,nan,nan,974.466,2.9892121366011493,0.5
toy2d,toy2d_base,fr,2,production_gpu,1000.0,100000.0,0.002,200.0,0.0118338212156231,16.63613517481477,500601.0,nan,0.5204855842185129,0.4795144157814871,nan,nan,nan,10.902123869773273,nan,1.0,nan,physics,False,500.601,2.7003583936401423,2.503005,nan,nan,1002.8854803160866,3.0016841728652794,0.4795144157814871
toy2d,toy2d_base,fr,3,production_gpu,1000.0,100000.0,0.002,200.0,0.0172179744262552,18.02423242749072,460026.0,nan,0.5241809672386896,0.47581903276131043,nan,nan,nan,10.902123869773273,nan,1.0,nan,physics,False,460.026,2.66372541853091,2.3001300000000002,nan,nan,922.2089329918033,2.965299998075822,0.47581903276131043
toy2d,toy2d_base,fr,4,production_gpu,1000.0,100000.0,0.002,200.0,0.0123276446526955,15.373962704287417,460170.0,nan,0.5170876671619613,0.4829123328380387,nan,nan,nan,10.902123869773273,nan,1.0,nan,physics,False,460.17,2.6638610478459412,2.30085,nan,nan,921.4161712201592,2.96492690813109,0.4829123328380387
toy2d,toy2d_base,fr,0,production_gpu,1000.0,100000.0,0.002,200.0,0.0128716562575839,16.37122591331283,487005.0,nan,0.513302034428795,0.48669796557120504,nan,nan,nan,10.902123869773273,nan,1.0,nan,physics,False,487.005,2.688424271718459,2.435025,nan,nan,974.699869642577,2.9893162469664674,0.48669796557120504
toy2d,toy2d_base,fr,1,production_gpu,1000.0,100000.0,0.002,200.0,0.0128111205903069,14.964203000469976,506811.0,nan,0.4869831546707504,0.5130168453292496,nan,nan,nan,10.902123869773273,nan,1.0,nan,physics,False,506.811,2.7057021041540077,2.534055,nan,nan,1014.3094513235708,3.006598428968111,0.4869831546707504
toy2d,toy2d_base,fr,2,production_gpu,1000.0,100000.0,0.002,200.0,0.0162727471208156,16.87850026350616,493726.0,nan,0.4546805349182763,0.5453194650817237,nan,nan,nan,10.902123869773273,nan,1.0,nan,physics,False,493.726,2.694364735025211,2.46863,nan,nan,995.6315268383466,2.998534621261049,0.4546805349182763
toy2d,toy2d_base,fr,3,production_gpu,1000.0,100000.0,0.002,200.0,0.0117905158257876,14.09245378814042,514442.0,nan,0.5174506828528073,0.48254931714719274,nan,nan,nan,10.902123869773273,nan,1.0,nan,physics,False,514.442,2.712179803475801,2.57221,nan,nan,1030.1388175823975,3.0133171363327045,0.48254931714719274
toy2d,toy2d_base,fr,4,production_gpu,1000.0,100000.0,0.002,200.0,0.0111724405306494,14.31455322958933,501015.0,nan,0.4787701317715959,0.5212298682284041,nan,nan,nan,10.902123869773273,nan,1.0,nan,physics,False,501.015,2.700716693877895,2.5050749999999997,nan,nan,1003.8397516364292,3.002096807498676,0.4787701317715959
toy2d,toy2d_base,fr,0,production_gpu,1000.0,100000.0,0.002,200.0,0.0130063317965525,15.075379975587806,461240.0,nan,0.5238095238095238,0.47619047619047616,nan,nan,nan,10.902123869773273,nan,1.0,nan,physics,False,461.24,2.6648675245001217,2.3062,nan,nan,924.5765454545455,2.9664123408564778,0.47619047619047616
toy2d,toy2d_base,fr,1,production_gpu,1000.0,100000.0,0.002,200.0,0.0165113497778863,16.714185908245273,482027.0,nan,0.4745222929936305,0.5254777070063694,nan,nan,nan,10.902123869773273,nan,1.0,nan,physics,False,482.027,2.683971407404265,2.410135,nan,nan,966.5636382346961,2.9856795388850133,0.4745222929936305
toy2d,toy2d_base,fr,2,production_gpu,1000.0,100000.0,0.002,200.0,0.0129857146287412,15.040244275469192,523011.0,nan,0.4892966360856269,0.5107033639143731,nan,nan,nan,10.902123869773273,nan,1.0,nan,physics,False,523.011,2.7193404037569304,2.615055,nan,nan,1046.5015572417665,3.020154677271749,0.4892966360856269
toy2d,toy2d_base,fr,3,production_gpu,1000.0,100000.0,0.002,200.0,0.0115038883332946,16.467687837056022,501570.0,nan,0.4908814589665653,0.5091185410334347,nan,nan,nan,10.902123869773273,nan,1.0,nan,physics,False,501.57,2.701196560612873,2.50785,nan,nan,1003.4737464996997,3.0019385902636495,0.4908814589665653
toy2d,toy2d_base,fr,4,production_gpu,1000.0,100000.0,0.002,200.0,0.0139091799169945,16.98975388462311,508261.0,nan,0.4946889226100152,0.5053110773899848,nan,nan,nan,10.902123869773273,nan,1.0,nan,physics,False,508.261,2.706940418502259,2.541305,nan,nan,1016.6367072947181,3.007592764074798,0.4946889226100152
toy2d,toy2d_base,fr,0,production_gpu,1000.0,100000.0,0.002,200.0,0.0144920349391368,14.961284405510424,492201.0,nan,0.5441860465116278,0.45581395348837217,nan,nan,nan,10.902123869773273,nan,1.0,nan,physics,False,492.201,2.6930239484874443,2.461005,nan,nan,992.1503237833595,2.997014988524174,0.45581395348837217
toy2d,toy2d_base,fr,1,production_gpu,1000.0,100000.0,0.002,200.0,0.0154379500970499,15.020201861915591,494120.0,nan,0.5007194244604316,0.4992805755395684,nan,nan,nan,10.902123869773273,nan,1.0,nan,physics,False,494.12,2.6947104696847575,2.4706,nan,nan,988.2420459438868,2.995302566982982,0.4992805755395684
toy2d,toy2d_base,fr,2,production_gpu,1000.0,100000.0,0.002,200.0,0.0122172503013612,13.138915313416945,522195.0,nan,0.4888558692421991,0.5111441307578009,nan,nan,nan,10.902123869773273,nan,1.0,nan,physics,False,522.195,2.718663584928624,2.6109750000000003,nan,nan,1044.9090759304095,3.0194939316268155,0.4888558692421991
toy2d,toy2d_base,fr,3,production_gpu,1000.0,100000.0,0.002,200.0,0.0134133792355628,14.639589126195633,461045.0,nan,0.5103550295857988,0.4896449704142012,nan,nan,nan,10.902123869773273,nan,1.0,nan,physics,False,461.045,2.664684274906701,2.305225,nan,nan,922.4856601427384,2.965430156117103,0.4896449704142012
toy2d,toy2d_base,fr,4,production_gpu,1000.0,100000.0,0.002,200.0,0.0123747737746693,15.99038183507429,523015.0,nan,0.4886535552193646,0.5113464447806354,nan,nan,nan,10.902123869773273,nan,1.0,nan,physics,False,523.015,2.7193437188997374,2.615075,nan,nan,1046.5689487194752,3.020182616901297,0.4886535552193646
toy2d,toy2d_base,fr,0,production_gpu,1000.0,100000.0,0.002,200.0,0.0128311583909947,16.083944688057223,468859.0,nan,0.5,0.5,nan,nan,nan,10.902123869773273,nan,1.0,nan,physics,False,468.859,2.6719675500439855,2.344295,nan,nan,937.718,2.972535145580488,0.5
toy2d,toy2d_base,fr,1,production_gpu,1000.0,100000.0,0.002,200.0,0.0107891564498442,13.08016488666397,485844.0,nan,0.49408284023668636,0.5059171597633136,nan,nan,nan,10.902123869773273,nan,1.0,nan,physics,False,485.844,2.687389822010087,2.42922,nan,nan,971.8241050530518,2.9880343231969846,0.49408284023668636
toy2d,toy2d_base,fr,2,production_gpu,1000.0,100000.0,0.002,200.0,0.015712453750634,17.114276468144453,471903.0,nan,0.5022156573116692,0.4977843426883308,nan,nan,nan,10.902123869773273,nan,1.0,nan,physics,False,471.903,2.6747720690996157,2.359515,nan,nan,943.8245334569733,2.975351161708182,0.4977843426883308
toy2d,toy2d_base,fr,3,production_gpu,1000.0,100000.0,0.002,200.0,0.0126328950978365,13.8505744768911,492022.0,nan,0.5460122699386504,0.4539877300613496,nan,nan,nan,10.902123869773273,nan,1.0,nan,physics,False,492.022,2.6928662991259626,2.46011,nan,nan,992.448566504707,2.997145387438374,0.4539877300613496
toy2d,toy2d_base,fr,4,production_gpu,1000.0,100000.0,0.002,200.0,0.0179040548488045,15.883102680994185,492641.0,nan,0.48358208955223886,0.5164179104477611,nan,nan,nan,10.902123869773273,nan,1.0,nan,physics,False,492.641,2.6934112234204126,2.4632050000000003,nan,nan,986.3454689395563,2.994469137474738,0.48358208955223886
toy2d,toy2d_base,fr,0,production_gpu,1000.0,100000.0,0.002,200.0,0.0129224617074167,15.098842092327468,459016.0,nan,0.47787610619469034,0.5221238938053097,nan,nan,nan,10.902123869773273,nan,1.0,nan,physics,False,459.016,2.6627729373138918,2.29508,nan,nan,919.8329102322662,2.9641808324254493,0.47787610619469034
toy2d,toy2d_base,fr,1,production_gpu,1000.0,100000.0,0.002,200.0,0.0132964040009777,16.191454084733373,518865.0,nan,0.5060422960725075,0.4939577039274925,nan,nan,nan,10.902123869773273,nan,1.0,nan,physics,False,518.865,2.715890579467554,2.594325,nan,nan,1037.8815694919897,3.0165660416402584,0.4939577039274925
toy2d,toy2d_base,fr,2,production_gpu,1000.0,100000.0,0.002,200.0,0.0130693463065426,16.078184753602503,480431.0,nan,0.5217391304347826,0.4782608695652174,nan,nan,nan,10.902123869773273,nan,1.0,nan,physics,False,480.431,2.6825340516545806,2.402155,nan,nan,962.6818143939394,2.983933663505127,0.4782608695652174
toy2d,toy2d_base,fr,3,production_gpu,1000.0,100000.0,0.002,200.0,0.0144896527590603,15.867338270268888,486779.0,nan,0.4829629629629629,0.5170370370370371,nan,nan,nan,10.902123869773273,nan,1.0,nan,physics,False,486.779,2.688223099010841,2.433895,nan,nan,974.6896561384851,2.989311700802404,0.4829629629629629
toy2d,toy2d_base,fr,4,production_gpu,1000.0,100000.0,0.002,200.0,0.0115564086537324,15.60704637503522,505613.0,nan,0.514637904468413,0.48536209553158705,nan,nan,nan,10.902123869773273,nan,1.0,nan,physics,False,505.613,2.704676329860029,2.528065,nan,nan,1012.0934379479138,3.005649502333417,0.48536209553158705
toy2d,toy2d_base,fr,0,production_gpu,1000.0,100000.0,0.002,200.0,0.0133127061382351,15.46346677788028,467223.0,nan,0.4925149700598802,0.5074850299401198,nan,nan,nan,10.902123869773273,nan,1.0,nan,physics,False,467.223,2.6704527432515626,2.336115,nan,nan,934.6554588051753,2.9711159556972286,0.4925149700598802
toy2d,toy2d_base,fr,1,production_gpu,1000.0,100000.0,0.002,200.0,0.0124105222159872,15.705661582392496,531487.0,nan,0.5224111282843895,0.4775888717156105,nan,nan,nan,10.902123869773273,nan,1.0,nan,physics,False,531.487,2.7263090094869593,2.657435,nan,nan,1065.1138506683135,3.027803585625644,0.4775888717156105
toy2d,toy2d_base,fr,2,production_gpu,1000.0,100000.0,0.002,200.0,0.0151088673775307,14.41629039002726,508327.0,nan,0.4941176470588236,0.5058823529411764,nan,nan,nan,10.902123869773273,nan,1.0,nan,physics,False,508.327,2.7069966992278234,2.541635,nan,nan,1016.7947328349944,3.007660199036179,0.4941176470588236
toy2d,toy2d_base,fr,3,production_gpu,1000.0,100000.0,0.002,200.0,0.0154678150629105,16.728751285515862,466746.0,nan,0.49473684210526314,0.5052631578947369,nan,nan,nan,10.902123869773273,nan,1.0,nan,physics,False,466.746,2.6700100822535964,2.33373,nan,nan,933.5954454787234,2.9706236602659986,0.49473684210526314
toy2d,toy2d_base,fr,4,production_gpu,1000.0,100000.0,0.002,200.0,0.0112930794794848,15.159671843273063,488185.0,nan,0.5007656967840735,0.49923430321592654,nan,nan,nan,10.902123869773273,nan,1.0,nan,physics,False,488.185,2.6894731316898732,2.440925,nan,nan,976.3722897553516,2.9900600218448643,0.49923430321592654
toy2d,toy2d_base,fr,0,production_gpu,1000.0,100000.0,0.002,200.0,0.0124165882600122,15.658326840640186,479570.0,nan,0.5248447204968945,0.47515527950310554,nan,nan,nan,10.902123869773273,nan,1.0,nan,physics,False,479.57,2.68175665610351,2.39785,nan,nan,961.5140170940172,2.983407062858208,0.47515527950310554
toy2d,toy2d_base,fr,1,production_gpu,1000.0,100000.0,0.002,200.0,0.0120984619002633,14.37378062242275,485527.0,nan,0.5267727930535455,0.4732272069464545,nan,nan,nan,10.902123869773273,nan,1.0,nan,physics,False,485.527,2.687106946609792,2.427635,nan,nan,973.8461432898141,2.988936077859686,0.4732272069464545
toy2d,toy2d_base,fr,2,production_gpu,1000.0,100000.0,0.002,200.0,0.0117829509358554,13.262797475590226,485554.0,nan,0.45757575757575764,0.5424242424242424,nan,nan,nan,10.902123869773273,nan,1.0,nan,physics,False,485.554,2.6871310472777,2.4277699999999998,nan,nan,978.1499611528358,2.990849211020354,0.45757575757575764
toy2d,toy2d_base,fr,3,production_gpu,1000.0,100000.0,0.002,200.0,0.0121921850499077,16.37126890041129,518575.0,nan,0.5015015015015015,0.4984984984984985,nan,nan,nan,10.902123869773273,nan,1.0,nan,physics,False,518.575,2.7156482462823393,2.5928750000000003,nan,nan,1037.1593531310873,3.0162640210209197,0.4984984984984985
toy2d,toy2d_base,fr,4,production_gpu,1000.0,100000.0,0.002,200.0,0.0171096166921033,16.36933702427445,540734.0,nan,0.4894578313253012,0.5105421686746988,nan,nan,nan,10.902123869773273,nan,1.0,nan,physics,False,540.734,2.7337860933848894,2.7036700000000002,nan,nan,1081.9489796414796,3.034607996438693,0.4894578313253012
toy2d,toy2d_base,fr,0,production_gpu,1000.0,100000.0,0.002,200.0,0.013461163750109,15.361538634490143,486825.0,nan,0.4946889226100152,0.5053110773899848,nan,nan,nan,10.902123869773273,nan,1.0,nan,physics,False,486.825,2.6882640532221447,2.434125,nan,nan,973.7598694937269,2.9888976411362123,0.4946889226100152
toy2d,toy2d_base,fr,1,production_gpu,1000.0,100000.0,0.002,200.0,0.0139931543977965,15.09565842424935,504550.0,nan,0.5097159940209267,0.4902840059790733,nan,nan,nan,10.902123869773273,nan,1.0,nan,physics,False,504.55,2.703764114724731,2.5227500000000003,nan,nan,1009.4811822741578,3.0045282302604366,0.4902840059790733
toy2d,toy2d_base,fr,2,production_gpu,1000.0,100000.0,0.002,200.0,0.013587469982336,14.444803833250765,479370.0,nan,0.4945736434108527,0.5054263565891473,nan,nan,nan,10.902123869773273,nan,1.0,nan,physics,False,479.37,2.681575877079565,2.39685,nan,nan,958.8529350250977,2.9822046972064937,0.4945736434108527
toy2d,toy2d_base,fr,3,production_gpu,1000.0,100000.0,0.002,200.0,0.0141039441648169,15.533815461712424,485564.0,nan,0.5015015015015015,0.4984984984984985,nan,nan,nan,10.902123869773273,nan,1.0,nan,physics,False,485.564,2.6871399731116052,2.42782,nan,nan,971.136757737537,2.987727364672094,0.4984984984984985
toy2d,toy2d_base,fr,4,production_gpu,1000.0,100000.0,0.002,200.0,0.0178284851793797,16.299308811741245,487766.0,nan,0.48435171385991055,0.5156482861400895,nan,nan,nan,10.902123869773273,nan,1.0,nan,physics,False,487.766,2.689100987484178,2.4388300000000003,nan,nan,976.4884464473098,2.990111632897743,0.48435171385991055
toy2d,toy2d_base,fr,0,production_gpu,1000.0,100000.0,0.002,200.0,0.0130375478305699,14.181191580684477,516438.0,nan,0.4962178517397882,0.5037821482602118,nan,nan,nan,10.902123869773273,nan,1.0,nan,physics,False,516.438,2.7138583195956594,2.5821899999999998,nan,nan,1032.9351030817402,3.014493280287907,0.4962178517397882
toy2d,toy2d_base,fr,1,production_gpu,1000.0,100000.0,0.002,200.0,0.0187381631503116,15.36911851359396,498493.0,nan,0.4623188405797102,0.5376811594202898,nan,nan,nan,10.902123869773273,nan,1.0,nan,physics,False,498.493,2.6985294063103993,2.492465,nan,nan,1002.6807041039636,3.001595574860443,0.4623188405797102
toy2d,toy2d_base,fr,2,production_gpu,1000.0,100000.0,0.002,200.0,0.0145437255072085,14.887742727915464,475078.0,nan,0.5065693430656933,0.49343065693430666,nan,nan,nan,10.902123869773273,nan,1.0,nan,physics,False,475.078,2.677678112792807,2.37539,nan,nan,950.3200490680899,2.978326649598518,0.49343065693430666
toy2d,toy2d_base,fr,3,production_gpu,1000.0,100000.0,0.002,200.0,0.0150324542777529,16.113240630695202,475808.0,nan,0.5159332321699545,0.48406676783004554,nan,nan,nan,10.902123869773273,nan,1.0,nan,physics,False,475.808,2.678343533491216,2.37904,nan,nan,952.5833212612944,2.9793586463941364,0.48406676783004554
toy2d,toy2d_base,fr,4,production_gpu,1000.0,100000.0,0.002,200.0,0.0126152813236727,15.581742260153538,503435.0,nan,0.4857997010463378,0.5142002989536623,nan,nan,nan,10.902123869773273,nan,1.0,nan,physics,False,503.435,2.702805212277573,2.517175,nan,nan,1007.6827908542039,3.00375461138955,0.4857997010463378
toy2d,toy2d_base,fr,0,production_gpu,1000.0,100000.0,0.002,200.0,0.016877847349412,15.984379215434103,444935.0,nan,0.5283307810107197,0.47166921898928027,nan,nan,nan,10.902123869773273,nan,1.0,nan,physics,False,444.935,2.6492715600606176,2.224675,nan,nan,892.7361585497836,2.9512093288656414,0.47166921898928027
toy2d,toy2d_base,fr,1,production_gpu,1000.0,100000.0,0.002,200.0,0.0121427592602382,15.643128771711652,515284.0,nan,0.49399399399399396,0.5060060060060061,nan,nan,nan,10.902123869773273,nan,1.0,nan,physics,False,515.284,2.712888666167924,2.57642,nan,nan,1030.7167205000314,3.0135604689850757,0.49399399399399396
toy2d,toy2d_base,fr,2,production_gpu,1000.0,100000.0,0.002,200.0,0.0150543818991318,15.546000110179245,511585.0,nan,0.5281582952815829,0.47184170471841713,nan,nan,nan,10.902123869773273,nan,1.0,nan,physics,False,511.585,2.7097658930839943,2.557925,nan,nan,1026.4253679696942,3.0117502846054127,0.47184170471841713
toy2d,toy2d_base,fr,3,production_gpu,1000.0,100000.0,0.002,200.0,0.0133533485802915,14.550530946743672,494510.0,nan,0.513595166163142,0.48640483383685795,nan,nan,nan,10.902123869773273,nan,1.0,nan,physics,False,494.51,2.695052423505443,2.47255,nan,nan,989.7517374862989,2.9959648426313095,0.48640483383685795
toy2d,toy2d_base,fr,4,production_gpu,1000.0,100000.0,0.002,200.0,0.0177949982980854,15.140366273499936,495770.0,nan,0.5235204855842185,0.4764795144157815,nan,nan,nan,10.902123869773273,nan,1.0,nan,physics,False,495.77,2.6961553608644664,2.47885,nan,nan,993.7389982922551,2.9977091445941113,0.4764795144157815
toy2d,toy2d_base,fr,0,production_gpu,1000.0,100000.0,0.002,200.0,0.0152875428361255,14.472257195324582,508471.0,nan,0.5122699386503068,0.4877300613496932,nan,nan,nan,10.902123869773273,nan,1.0,nan,physics,False,508.471,2.7071194682277833,2.542355,nan,nan,1017.5547771626558,3.007984390017356,0.4877300613496932
toy2d,toy2d_base,fr,1,production_gpu,1000.0,100000.0,0.002,200.0,0.0145047824280686,13.70799834691523,491522.0,nan,0.5117647058823529,0.4882352941176471,nan,nan,nan,10.902123869773273,nan,1.0,nan,physics,False,491.522,2.692425634356897,2.45761,nan,nan,983.5885472926187,2.9932547797644373,0.4882352941176471
toy2d,toy2d_base,fr,2,production_gpu,1000.0,100000.0,0.002,200.0,0.0124054169905793,15.477455999820643,534213.0,nan,0.48377125193199383,0.5162287480680061,nan,nan,nan,10.902123869773273,nan,1.0,nan,physics,False,534.213,2.728526653638125,2.671065,nan,nan,1069.5527621290964,3.029608076335591,0.48377125193199383
toy2d,toy2d_base,fr,3,production_gpu,1000.0,100000.0,0.002,200.0,0.0148298191330401,16.08010343058621,527459.0,nan,0.513888888888889,0.48611111111111105,nan,nan,nan,10.902123869773273,nan,1.0,nan,physics,False,527.459,2.723011298617004,2.637295,nan,nan,1055.7326084942085,3.023965109023271,0.48611111111111105
toy2d,toy2d_base,fr,4,production_gpu,1000.0,100000.0,0.002,200.0,0.0124979246100637,14.58694283671768,527591.0,nan,0.46904024767801855,0.5309597523219814,nan,nan,nan,10.902123869773273,nan,1.0,nan,physics,False,527.591,2.7231197643885556,2.637955,nan,nan,1059.2431648336847,3.0254054813349236,0.46904024767801855
toy2d,toy2d_base,fr,0,production_gpu,1000.0,100000.0,0.002,200.0,0.0111252092409179,14.926447053901198,462613.0,nan,0.4947683109118087,0.5052316890881914,nan,nan,nan,10.902123869773273,nan,1.0,nan,physics,False,462.613,2.666155605352619,2.313065,nan,nan,925.3273069459589,2.966764466686753,0.4947683109118087
toy2d,toy2d_base,fr,1,production_gpu,1000.0,100000.0,0.002,200.0,0.0139123405545656,17.66656077639876,489572.0,nan,0.5283582089552239,0.4716417910447761,nan,nan,nan,10.902123869773273,nan,1.0,nan,physics,False,489.572,2.690702756686272,2.44786,nan,nan,982.3038278624043,2.9926877298122694,0.4716417910447761
toy2d,toy2d_base,fr,2,production_gpu,1000.0,100000.0,0.002,200.0,0.0135293172463779,14.156716936848005,505673.0,nan,0.5385756676557863,0.46142433234421365,nan,nan,nan,10.902123869773273,nan,1.0,nan,physics,False,505.673,2.704727761872205,2.528365,nan,nan,1017.4019104284589,3.007919205342928,0.46142433234421365
toy2d,toy2d_base,fr,3,production_gpu,1000.0,100000.0,0.002,200.0,0.0127915092259545,14.589863523413172,492825.0,nan,0.5043731778425656,0.49562682215743437,nan,nan,nan,10.902123869773273,nan,1.0,nan,physics,False,492.825,2.693573072406798,2.464125,nan,nan,985.7254067494049,2.9941963107998784,0.49562682215743437
toy2d,toy2d_base,fr,4,production_gpu,1000.0,100000.0,0.002,200.0,0.0144143769444963,14.837200126865866,480402.0,nan,0.5132743362831859,0.48672566371681414,nan,nan,nan,10.902123869773273,nan,1.0,nan,physics,False,480.402,2.6825078902330692,2.4020099999999998,nan,nan,961.4816830721003,2.9833924732284274,0.48672566371681414
toy2d,toy2d_base,abf,0,production_gpu,1000.0,100000.0,0.002,200.0,0.0135688751960505,14.939722122714867,505041.0,nan,0.43047266041122473,0.5695273395887752,nan,nan,nan,10.902123869773273,nan,1.0,nan,physics,False,505.041,2.7041857052832867,2.525205,nan,nan,1029.9982561966701,3.0132579307298752,0.43047266041122473
toy2d,toy2d_base,abf,1,production_gpu,1000.0,100000.0,0.002,200.0,0.0147994357580381,16.52712671330062,518787.0,nan,0.43252049150387917,0.5674795084961208,nan,nan,nan,10.902123869773273,nan,1.0,nan,physics,False,518.787,2.715825413489607,2.593935,nan,nan,1056.8229050384168,3.0244129665628052,0.43252049150387917
toy2d,toy2d_base,abf,2,production_gpu,1000.0,100000.0,0.002,200.0,0.0121918928351795,14.84501309462817,480029.0,nan,0.43424014873128153,0.5657598512687185,nan,nan,nan,10.902123869773273,nan,1.0,nan,physics,False,480.029,2.6821712596593232,2.400145,nan,nan,976.9568447407902,2.9903196906726124,0.43424014873128153
toy2d,toy2d_base,abf,3,production_gpu,1000.0,100000.0,0.002,200.0,0.013688331632008,15.91035585335706,486431.0,nan,0.4208609512710321,0.5791390487289678,nan,nan,nan,10.902123869773273,nan,1.0,nan,physics,False,486.431,2.687913146311182,2.432155,nan,nan,997.8603538124696,2.9995047757055637,0.4208609512710321
toy2d,toy2d_base,abf,4,production_gpu,1000.0,100000.0,0.002,200.0,0.015057558113507,17.771971931967684,478188.0,nan,0.4287914674726457,0.5712085325273544,nan,nan,nan,10.902123869773273,nan,1.0,nan,physics,False,478.188,2.6805059337572215,2.39094,nan,nan,976.1753949989326,2.989972523026407,0.4287914674726457
