seed,t,e_F,e_F_full,e_Fprime
5200,0.0,2.9066038639870517,5.408116675855963,6.564657815288973
5200,1.0,0.4997837048664809,0.5031833727159123,1.2087101639693647
5200,2.0,0.45600943732707877,0.43814674408356,1.0896127243120448
5200,3.0,0.3973757481950552,0.37369900883837387,0.984477171789995
5200,4.0,0.3539984432361588,0.3330869566254858,0.88054638013308
5200,5.0,0.3328691601263473,0.31332524139012147,0.824199158684173
5200,6.0,0.30728970759250385,0.2878779687168209,0.7744188624156811
5200,7.0,0.28280124165279963,0.2636336747756037,0.7336545876608002
5200,8.0,0.2648436420047416,0.24762169326733882,0.6848144775580408
5200,9.0,0.2584669915019268,0.24278842067729117,0.6491131489677093
5200,10.0,0.24805599694863095,0.23368210611910245,0.6203575202408428
5200,11.0,0.24312262670679732,0.22969313548302286,0.6110129235082414
5200,12.0,0.23793500821450494,0.22590980131243002,0.5871690563959511
5200,13.0,0.23334913799930898,0.22209013429116217,0.5666859952487727
5200,14.0,0.22985425752063554,0.21954919449030094,0.5445774648521908
5200,15.0,0.21966150075580781,0.20956916057635644,0.520951891202358
5200,16.0,0.2101614834227073,0.20050284855303843,0.49822851388873984
5200,17.0,0.20461938812272165,0.19562116555173256,0.47833396046740145
5200,18.0,0.1982484478386106,0.1895220390983852,0.4629993478749156
5200,19.0,0.1879437948303371,0.17912307184573908,0.4440384467183586
5200,20.0,0.17991804253657828,0.17147093314027687,0.4232489189618522
5200,21.0,0.16519348362578898,0.1566768070507561,0.39760274214749675
5200,22.0,0.1452658109942668,0.1365742099968258,0.3639743558072542
5200,23.0,0.12400379306040323,0.11541185862164843,0.3225893812095435
5200,24.0,0.1085947568081056,0.10064094055389025,0.28561738455381364
5200,25.0,0.0998756398973222,0.09246011585480256,0.26408207482073426
5200,26.0,0.08786444922288546,0.08101709152001979,0.2348329515044248
5200,27.0,0.0773818328644863,0.07095055848715016,0.21080033708236454
5200,28.0,0.0698342649328895,0.06372663606036665,0.19322348953384413
5200,29.0,0.06375047865030045,0.05832469902678815,0.17566535022675242
5200,30.0,0.05988081474773842,0.05479715260381657,0.16579349104713814
5200,31.0,0.05590338877041127,0.051339113219048355,0.15392524719203912
5200,32.0,0.053106802364225,0.049121748035425294,0.1448553604914552
5200,33.0,0.050555360933784835,0.04704288794180965,0.1374171991874849
5200,34.0,0.04679051578736314,0.04363938609625466,0.13089120202805096
5200,35.0,0.0430833514722308,0.040525756582672476,0.12398789597451577
5200,36.0,0.03894841426542936,0.03677731341831725,0.11844187198337539
5200,37.0,0.037275389600852825,0.035410543877671605,0.1161395744070156
5200,38.0,0.034137100668171896,0.03275883713989762,0.11201794203658298
5200,39.0,0.034191146258256415,0.0332119482054062,0.11163175613389145
5200,40.0,0.03498325450107656,0.03425786121509295,0.11224059807898457
5200,41.0,0.034644176756178834,0.03435094595972958,0.1114803744181307
5200,42.0,0.033322886248251166,0.03337774289462348,0.11010874048106847
5200,43.0,0.03157921631469796,0.0319346945274723,0.11015535106733845
5200,44.0,0.03242781027219796,0.032964508070110636,0.11210150429176194
5200,45.0,0.03354293262167184,0.034168236012344734,0.1131920815103386
5200,46.0,0.03347503943709896,0.03415778989511417,0.11369061060471936
5200,47.0,0.033719583383839236,0.03450326331788157,0.11412369928540668
5200,48.0,0.032891224691846466,0.033814530584433226,0.11489672193617846
5200,49.0,0.03266910782605554,0.03376066546246882,0.11637821039262987
5200,50.0,0.03338725185544662,0.03451840903137679,0.11685002961955933
5200,51.0,0.032046014905318485,0.033295464148962506,0.11619852920648567
5200,52.0,0.03213209211284421,0.03338555262517065,0.1160622495533051
5200,53.0,0.03200239847818724,0.03330559121766311,0.11642611156305943
5200,54.0,0.031229906861343845,0.032672406491439564,0.11709045236984725
5200,55.0,0.03116392628671516,0.03260999607865091,0.11795114099844795
5200,56.0,0.031082974412065836,0.03262614610550238,0.1192706603441879
5200,57.0,0.031234093387256485,0.03282676171824999,0.12214729174304641
5200,58.0,0.030427264694754905,0.032085913854103254,0.12188881546296713
5200,59.0,0.030499921561731896,0.03221770091072262,0.12289817410813322
5200,60.0,0.03123765191061881,0.03294079170794108,0.12317354343474825
5200,61.0,0.033054112471754694,0.03474801387450725,0.12434610796140824
5200,62.0,0.03237618079651409,0.03414714148224264,0.1235846128253372
5200,63.0,0.03270097154827341,0.03446583509573003,0.12389583398945109
5200,64.0,0.033212303497519004,0.0350024227756009,0.12421253331012652
5200,65.0,0.03205299964680404,0.033909780191437665,0.12492667141248333
5200,66.0,0.031918654515676666,0.03383431275480505,0.1255895059095791
5200,67.0,0.03118073011853739,0.033115355961121175,0.1265562606384473
5200,68.0,0.031237424054760703,0.0331845522433705,0.12694557129916798
5200,69.0,0.030644337213110353,0.03262349381357178,0.12706434121789426
5200,70.0,0.031244045756752496,0.03325803107529828,0.1273751079449667
5200,71.0,0.03162452856903248,0.03360361834660944,0.12728840762976812
5200,72.0,0.03215666909395356,0.034013114719343186,0.12742013702945948
5200,73.0,0.03230337023726439,0.03409592219339319,0.12658614239250834
5200,74.0,0.03313730556371939,0.034870878600684364,0.12637694495294285
5200,75.0,0.0332059055615435,0.03496843562118115,0.1266464947136907
5200,76.0,0.03412845093835352,0.035899451882083856,0.12639265675966294
5200,77.0,0.034125439655483314,0.035886838034671346,0.12543851383307433
5200,78.0,0.034432536122731554,0.03608261212957541,0.12446992166454121
5200,79.0,0.034698029821709296,0.03625374670529815,0.12380032958694567
5200,80.0,0.034173718955961045,0.03568425860933569,0.12273057861157172
5200,81.0,0.03440399398991418,0.03595122596402012,0.12291908037180971
5200,82.0,0.035199943039249525,0.036706164696979564,0.1229870530344477
5200,83.0,0.036054643788365794,0.037554425283394664,0.12259902965818519
5200,84.0,0.03673759920663514,0.03823439483341245,0.12183461215097705
5200,85.0,0.036537247831329694,0.03803343984534506,0.1208146669789283
5200,86.0,0.03643685075086624,0.037876806855224675,0.1198158779957653
5200,87.0,0.03724485272928174,0.038673294089666944,0.11893595581891657
5200,88.0,0.03872526580350697,0.04011418295812395,0.11889536550433781
5200,89.0,0.03939882143265107,0.040755721010716,0.11838249799310556
5200,90.0,0.03960539459994746,0.040962362869789916,0.11804880862448083
5200,91.0,0.039724825512756336,0.041030784981984966,0.11771250494392606
5200,92.0,0.03993955232506482,0.04127157514795675,0.1166922898945812
5200,93.0,0.039321883200531774,0.040737056082045094,0.11563085958584025
5200,94.0,0.03956516478735121,0.04097805232502639,0.11503154249948211
5200,95.0,0.04020634835852726,0.04162899431837488,0.11492414785490485
5200,96.0,0.03999027090714754,0.04143338659214538,0.11409256271476555
5200,97.0,0.03984359825234948,0.041251645176580296,0.11341951648554774
5200,98.0,0.040068638938917385,0.04147628668531077,0.11323849357924926
5200,99.0,0.0403393124321513,0.04173043413493908,0.11310807585821561
5200,100.0,0.040200221579553996,0.04162170396875912,0.11257039059368897
5201,0.0,2.9066038639870517,5.408116675855963,6.564657815288973
5201,1.0,0.3938159778433162,0.4319743813889128,1.0889107246497163
5201,2.0,0.3265397715982541,0.33274612880554616,0.9359530361323078
5201,3.0,0.2940540193960814,0.28508907364925956,0.8546268020550938
5201,4.0,0.27094513274531934,0.25713729833465643,0.7968850552554544
5201,5.0,0.2526025656774058,0.23696740218685525,0.7485105208008161
5201,6.0,0.23937570047365392,0.22163410154546892,0.706151544820194
5201,7.0,0.22847096791238033,0.21027127890570121,0.6694032436397063
5201,8.0,0.21165827603331844,0.19439849952328261,0.6217075924902075
5201,9.0,0.20243064173621053,0.18532955256798528,0.5948032208956073
5201,10.0,0.1989765443224212,0.18177818802381226,0.5822781043929587
5201,11.0,0.18965322558639353,0.17322214115209297,0.5532454775147665
5201,12.0,0.1827008886432189,0.16707215191112465,0.5236581114298554
5201,13.0,0.17512829446443334,0.16020938775362045,0.4980775457256215
5201,14.0,0.1706527824917843,0.15613321366439584,0.48421073929286207
5201,15.0,0.16790796479131295,0.1538771853737115,0.47200550348225756
5201,16.0,0.167595185483113,0.15449894252506188,0.45765322160417077
5201,17.0,0.16465348029088184,0.15205515828888336,0.4470618987838083
5201,18.0,0.16197516169569673,0.14994275662943715,0.4363262689237115
5201,19.0,0.1629379310010076,0.15152218511377694,0.4322269686816061
5201,20.0,0.15932967011891142,0.14812805428094225,0.4248442829053678
5201,21.0,0.15438417415224653,0.14330865115681085,0.41504394421747637
5201,22.0,0.14922631914251397,0.1384000567816065,0.40190878339087927
5201,23.0,0.14243027148151832,0.1319722678639823,0.3851496773048047
5201,24.0,0.13202375184570123,0.12191215754483846,0.36089710868282665
5201,25.0,0.12027569612318104,0.11058062380241235,0.3322431461361253
5201,26.0,0.11220438464534237,0.10312737435399098,0.3091433951928174
5201,27.0,0.10377844755723024,0.09536289228431043,0.2852606187786075
5201,28.0,0.09856077449924752,0.09073287233243389,0.268412606189561
5201,29.0,0.09390747096976687,0.08655588593025285,0.2542298175381662
5201,30.0,0.0900005179971973,0.08302984294807109,0.24263140667466138
5201,31.0,0.08656898030632566,0.07997134617147421,0.2327576363285185
5201,32.0,0.08297807037584577,0.0769161173367239,0.22026071353202167
5201,33.0,0.07769730597922696,0.0719230314314004,0.2093684241131806
5201,34.0,0.07509356191841705,0.0696293863451456,0.20189720570826494
5201,35.0,0.07094628818345672,0.06576377630284952,0.192937705871929
5201,36.0,0.0684724529169584,0.06364250031108552,0.18463521151881326
5201,37.0,0.0639674271713613,0.059471636424029924,0.1733568981230025
5201,38.0,0.06049516673112823,0.05643460572967292,0.16318599033058373
5201,39.0,0.05691656535047398,0.05302516366469597,0.15669622518675455
5201,40.0,0.05343119324968051,0.049781934213048114,0.14996047625104159
5201,41.0,0.05008884143075535,0.046793970235916284,0.14241714230310795
5201,42.0,0.047753544107739986,0.04481860135274875,0.13629030738287218
5201,43.0,0.04428217298729174,0.041673158850681874,0.12942560825565202
5201,44.0,0.04229407293253516,0.039957783657237046,0.12500199362328623
5201,45.0,0.04027662453480316,0.03815625125734716,0.12167848510868964
5201,46.0,0.03885771876901619,0.03698243411788844,0.11908156398183081
5201,47.0,0.037078374986425314,0.035493352625563815,0.11640609745453746
5201,48.0,0.035155990745722045,0.033886279741368215,0.11289217827472693
5201,49.0,0.0340485044911526,0.032980148375082015,0.11125931460009122
5201,50.0,0.03292310476507084,0.03207509980189018,0.10971438059024147
5201,51.0,0.03202467091853021,0.03137552651617759,0.10867200834777255
5201,52.0,0.031695194739327096,0.031098905742705824,0.10836566269407412
5201,53.0,0.03083386254470579,0.030331061273344607,0.10678074238680596
5201,54.0,0.030328126196890088,0.029928865104004887,0.1056055045246624
5201,55.0,0.030068269759106207,0.029699085913799432,0.10512250955341684
5201,56.0,0.029909411734656523,0.029562304504049557,0.10466808771212716
5201,57.0,0.02943216065281371,0.02918581392151674,0.10386455584951938
5201,58.0,0.028912537424303136,0.028658214540813017,0.10322179843243132
5201,59.0,0.028922999929415907,0.028641198529643384,0.10369538610461909
5201,60.0,0.028906101934496112,0.028587063397518746,0.1036472921720687
5201,61.0,0.028549652785466603,0.028298731360309064,0.10259257693120101
5201,62.0,0.028060157129768937,0.027909061310793886,0.10193833990529104
5201,63.0,0.028100024302059726,0.02795425244029383,0.10195699189312883
5201,64.0,0.027909797547410777,0.02786717003702115,0.10162668906586494
5201,65.0,0.02766628851312813,0.027734053042840236,0.10149645246366212
5201,66.0,0.027617158986237126,0.0277496426180088,0.10177075590307941
5201,67.0,0.027241113690407482,0.027561489611619486,0.10101858283764069
5201,68.0,0.026743201825510852,0.027173167731426216,0.10073275431562648
5201,69.0,0.026216429893491197,0.026906339770052495,0.1000887996832241
5201,70.0,0.02580123381410326,0.026685053566596097,0.099747979858239
5201,71.0,0.0254629463767632,0.026553455920042518,0.09935447290791874
5201,72.0,0.02490895548926673,0.026134106036628146,0.09908060181324749
5201,73.0,0.024470295845068487,0.025793020864496245,0.09878391671669766
5201,74.0,0.024134643361605163,0.025496884677526255,0.0985708768982798
5201,75.0,0.023934877765099494,0.025407578865582273,0.09878452165077278
5201,76.0,0.023980128815867238,0.02566067121838465,0.09931176597100712
5201,77.0,0.02411111239385695,0.02597716767784335,0.09947366766877982
5201,78.0,0.024101258805326372,0.026064323948021682,0.09996029104041687
5201,79.0,0.024089038568069224,0.0260151039169026,0.10003065738454989
5201,80.0,0.023764914669511104,0.025703649372640986,0.0999094355379598
5201,81.0,0.023473605130635546,0.025434978946020866,0.1003189907955335
5201,82.0,0.023370841262028635,0.02547346915243087,0.10050391019176745
5201,83.0,0.023250711374269345,0.025479497525592205,0.10064775451136312
5201,84.0,0.02304857316047343,0.02528842944876994,0.10061669566840428
5201,85.0,0.023253695340835254,0.025573246902835987,0.10110935680626931
5201,86.0,0.023221143394352012,0.025510664071519227,0.1012771196666779
5201,87.0,0.023334140584319256,0.025509345904767295,0.10146890646356962
5201,88.0,0.023811736003520195,0.02598582837226177,0.10173017176649304
5201,89.0,0.02365793666392313,0.025827994683547444,0.10195234164642727
5201,90.0,0.023724113227621874,0.025820947906670527,0.1016334188748286
5201,91.0,0.02347161142355424,0.025620543125361068,0.10184465124335568
5201,92.0,0.02339557971943531,0.025538670386294184,0.10194401103023158
5201,93.0,0.023537604847198974,0.025753560050246857,0.10204572742129558
5201,94.0,0.023001326551227715,0.025113243934037657,0.10194845335842438
5201,95.0,0.022611677483842955,0.024645781468417408,0.10210359124068344
5201,96.0,0.02253424511790316,0.02451541333169649,0.10189955525297886
5201,97.0,0.022703997421111514,0.024672785414910747,0.10216551451058127
5201,98.0,0.022599508069807928,0.02463396088608098,0.10217461374104357
5201,99.0,0.022532767765378315,0.024535617578831905,0.10202919585897377
5201,100.0,0.02236691680060766,0.024375097285378677,0.1021959042857538
5202,0.0,2.9066038639870517,5.408116675855963,6.564657815288973
5202,1.0,0.4397101169898715,0.4627643511291073,1.1876465973513466
5202,2.0,0.3831047710490697,0.37669601821520815,1.0692902958029284
5202,3.0,0.3423707905069571,0.3266790418537341,0.9705805846785078
5202,4.0,0.3229196556113642,0.30400529232868456,0.8911407331151128
5202,5.0,0.28931483901433114,0.27063934154193053,0.8038168608372255
5202,6.0,0.2630519974231151,0.2436241799937524,0.7342979073756062
5202,7.0,0.24598624327916757,0.22712505195501473,0.6868249352416792
5202,8.0,0.23129597276830177,0.21265954559241051,0.6530242274670552
5202,9.0,0.2213470425498498,0.20346111608549655,0.6230733586068232
5202,10.0,0.20960677249363846,0.19231300237996748,0.5935398123712645
5202,11.0,0.1976407836483787,0.1808585158045357,0.5637876136032285
5202,12.0,0.18455317322053233,0.16871175006748493,0.5291345968241857
5202,13.0,0.17935843256372971,0.16426667564060154,0.5114188944922615
5202,14.0,0.16904104716653887,0.15481980174530147,0.48290138852085723
5202,15.0,0.16061514018892092,0.14695286649026418,0.46187153168686074
5202,16.0,0.15066196492998618,0.1378216925573705,0.4328996752386747
5202,17.0,0.1430674322625192,0.13072099557843267,0.4113540888068378
5202,18.0,0.13608483343430952,0.12423964775982727,0.39183498352318513
5202,19.0,0.1295753008618063,0.1183126413283424,0.37264059448240716
5202,20.0,0.12482998774990502,0.11396558849366686,0.35908741286178936
5202,21.0,0.12047998787113305,0.10993455703460825,0.3463699641305774
5202,22.0,0.11515016640406646,0.10509193226854875,0.33058752729690505
5202,23.0,0.1082859734614253,0.09897584954120468,0.3091026899779162
5202,24.0,0.1002335707005864,0.0915016805713089,0.2863300643744755
5202,25.0,0.09159046419037276,0.08357648128567663,0.26168168476126763
5202,26.0,0.08299107459513906,0.07574383954206512,0.23601969107573767
5202,27.0,0.07735347349159048,0.07068539612574459,0.21943824626618905
5202,28.0,0.07241178277125392,0.0663445488891323,0.20403166048017451
5202,29.0,0.06801763003463523,0.06234898934160128,0.1918778820457277
5202,30.0,0.06399787527722059,0.058815849457868205,0.1802705331910543
5202,31.0,0.06083675114848964,0.05633653882257102,0.16812881931816837
5202,32.0,0.05613348588458741,0.0522457483215848,0.15457639246532343
5202,33.0,0.05217351520986607,0.04874391453375489,0.14538910005173497
5202,34.0,0.04950710044593476,0.046531861289803696,0.1388034891378461
5202,35.0,0.045404688325472724,0.04294503458661425,0.12951085913656565
5202,36.0,0.04158275159204795,0.039510764108541624,0.12222290205617717
5202,37.0,0.03881750095365285,0.037200669313119536,0.11622318871440569
5202,38.0,0.035060203854154495,0.034029158632154215,0.10938556546413232
5202,39.0,0.031259388625770476,0.030822330148250206,0.1034598359740082
5202,40.0,0.028927804599375422,0.02913044374996609,0.10062563035986752
5202,41.0,0.027102269120423808,0.02791162717285973,0.09971705379542642
5202,42.0,0.025620486126564614,0.026889191997499062,0.09912882890785293
5202,43.0,0.024524543892381945,0.026085897907465953,0.09983093697789966
5202,44.0,0.023636712857854823,0.025436848672706784,0.10012542509459176
5202,45.0,0.022971765247983944,0.025070753048918076,0.10062830276309992
5202,46.0,0.022879555310243965,0.025314688998009992,0.10223460643951493
5202,47.0,0.022027170312815685,0.024578264882322887,0.10288842621235658
5202,48.0,0.02168156717449873,0.02424338375434081,0.10414755751799307
5202,49.0,0.02132006624625163,0.023975015513029916,0.10452176099249402
5202,50.0,0.021081644172359592,0.023771942139107775,0.10499847912986875
5202,51.0,0.02131433838231279,0.024020355063215062,0.10623324609942163
5202,52.0,0.02131686733940444,0.024258401717549005,0.10855260553039024
5202,53.0,0.021847938732949778,0.024887656312846545,0.11098725952933945
5202,54.0,0.022125315631759897,0.025148882322430663,0.11361526768259528
5202,55.0,0.022210586878373594,0.02522505744971451,0.11538898164295246
5202,56.0,0.0226903766370722,0.025627275111643234,0.1171845831426385
5202,57.0,0.023224140722592965,0.026149672458798557,0.11823437244548653
5202,58.0,0.02378063850759618,0.02660409367336457,0.12040467561344065
5202,59.0,0.02414424672572751,0.026734559654726663,0.12196851165121797
5202,60.0,0.02488095270190848,0.027404650909463826,0.1236815779910916
5202,61.0,0.02554675903161909,0.027982951430342518,0.12489252588403668
5202,62.0,0.02645998964674938,0.028799290168253337,0.12690314465755362
5202,63.0,0.026354721297955387,0.028679191804624152,0.12905244298666133
5202,64.0,0.027006704382423273,0.029215649141488796,0.13081497402763084
5202,65.0,0.027584849237217525,0.029752263115799895,0.13230626596152514
5202,66.0,0.028206804586632876,0.030322836947445506,0.13373682500959672
5202,67.0,0.028750918289001393,0.030994203292476933,0.13516905902588283
5202,68.0,0.029261136809173003,0.031563922736781026,0.13701240828175143
5202,69.0,0.028919139696695306,0.03131272582326173,0.13822379871863835
5202,70.0,0.02840539466918243,0.030805703333044592,0.13874069179265106
5202,71.0,0.02833064825176152,0.030688112114808794,0.13967971583011451
5202,72.0,0.028439076094529513,0.030701928415459344,0.13976668759297287
5202,73.0,0.029059894089769327,0.03126863709228813,0.14084564703588318
5202,74.0,0.029621849741823386,0.03176070320065574,0.14285817801124254
5202,75.0,0.03005485416449919,0.032216274517810624,0.14507945706131947
5202,76.0,0.03059729810042871,0.032694593992644995,0.14703730147256025
5202,77.0,0.03092635459087407,0.03287818858421525,0.14833158763891452
5202,78.0,0.03131488636049508,0.033223116138605076,0.14975537596008542
5202,79.0,0.03180868958189626,0.03365943952111731,0.15030521480513007
5202,80.0,0.03253691422815623,0.034283729636887784,0.1515912247859339
5202,81.0,0.03288954299862492,0.034545069638092805,0.15212218345164075
5202,82.0,0.03299322139758438,0.034626835927249196,0.15253096733902954
5202,83.0,0.03326083831947865,0.034808178365531926,0.15286823449099352
5202,84.0,0.03375663258365677,0.035242344357097576,0.15355486168343407
5202,85.0,0.03374240073254054,0.035210002521934125,0.15423994015671139
5202,86.0,0.0336256983599137,0.035128347634290645,0.15519249151932557
5202,87.0,0.03390120503143673,0.035307887733334445,0.1557603280165632
5202,88.0,0.03398104547153721,0.03543116850983818,0.15533782123647977
5202,89.0,0.03433006733633135,0.03580206083226467,0.15579711184033276
5202,90.0,0.035072480703423004,0.036501367896121704,0.15746373544403905
5202,91.0,0.03538114333359944,0.03677569290091329,0.15822639068457459
5202,92.0,0.03584999558797643,0.03720967120428586,0.15981459669338488
5202,93.0,0.03570160489721905,0.037081960795376255,0.16053435463162288
5202,94.0,0.03599225007379851,0.03732342319060075,0.16137617235858664
5202,95.0,0.03613953175034698,0.03745314366871687,0.16170660531532258
5202,96.0,0.036456108656492556,0.037761064851120595,0.16183101771738248
5202,97.0,0.03667332265118601,0.03797842200789693,0.16264203475667977
5202,98.0,0.03708657775253418,0.03831834967091593,0.16335235311808244
5202,99.0,0.037289952760527274,0.038498906663259364,0.16420441502643748
5202,100.0,0.0375481928227112,0.038698885128685634,0.1647975552725577
5203,0.0,2.9066038639870517,5.408116675855963,6.564657815288973
5203,1.0,0.5103940888624643,0.5164357296631187,1.3027501865138225
5203,2.0,0.4414242253271685,0.4289708124208057,1.1156525367573713
5203,3.0,0.416404081881394,0.39521334618243864,1.0450342992324353
5203,4.0,0.3847167826083309,0.36223622690207813,0.9626470949014483
5203,5.0,0.36793642264779436,0.3455424498377191,0.9115292495132222
5203,6.0,0.34620959821573133,0.32555922726391684,0.8469120068850909
5203,7.0,0.3307041229857759,0.3117190271969589,0.8066443771444312
5203,8.0,0.32445834613988633,0.3068803225346103,0.7870304450774711
5203,9.0,0.31781682153862506,0.30240947040827537,0.7588134265234898
5203,10.0,0.30952625427701624,0.29554687146925335,0.7257971385879888
5203,11.0,0.29793084974193557,0.28498030603521385,0.6908009038938772
5203,12.0,0.29561275677609833,0.28398389296034227,0.6722127287873607
5203,13.0,0.2870386030586609,0.2765798387065201,0.648007934385571
5203,14.0,0.28224993017630545,0.27259091258668,0.6319110422759984
5203,15.0,0.2710014614441335,0.2621729273497876,0.6032538398193489
5203,16.0,0.26346328983715495,0.2558657558778111,0.5784152563890791
5203,17.0,0.25612121768637447,0.2488733119401306,0.5588108857019974
5203,18.0,0.24964360935048766,0.24281542630618158,0.5421323056841101
5203,19.0,0.24268460289540553,0.23627573871404467,0.5233990455125439
5203,20.0,0.24073979369740497,0.23516753866813966,0.5091686809351513
5203,21.0,0.23713442472604512,0.23232910223271458,0.4907336563164495
5203,22.0,0.22362237614685754,0.21905750088040304,0.46094885594477214
5203,23.0,0.21726883217378193,0.21383090330558643,0.43283819771503623
5203,24.0,0.2097768619538634,0.207202821482231,0.40472980714965234
5203,25.0,0.19815057272262,0.19638658672112946,0.36745568464532435
5203,26.0,0.1860881417893619,0.1847412352364206,0.33731014542192816
5203,27.0,0.17480258005825794,0.1736809122257094,0.3139340975516456
5203,28.0,0.16110977996653789,0.16032456119881122,0.2828385756030657
5203,29.0,0.15088842847275177,0.15053537261755992,0.25690421003311215
5203,30.0,0.1429072163544622,0.14273314444163238,0.23791406610069132
5203,31.0,0.13631509515777307,0.13665707332432198,0.22041635799048043
5203,32.0,0.12916482505430216,0.12970891649207014,0.2057954352935333
5203,33.0,0.11706951888273394,0.11772543472888752,0.18684010995434275
5203,34.0,0.10794368463992685,0.10868142359963284,0.1726605479824836
5203,35.0,0.10197152411273518,0.10287490429109254,0.1622841042426421
5203,36.0,0.09419030851251943,0.09502696468365039,0.15233625445091897
5203,37.0,0.09263521542294299,0.09354919822163456,0.1482439122798711
5203,38.0,0.08814012175530289,0.08902530387301462,0.14343540403282434
5203,39.0,0.08332595852885401,0.08421169899022184,0.13855504690508247
5203,40.0,0.08005637907428668,0.08096638669265964,0.13508138635710934
5203,41.0,0.07528270395756793,0.07620390839323975,0.13212340328086333
5203,42.0,0.07040579279205512,0.07143701060654735,0.12942749908528348
5203,43.0,0.0662886628858519,0.06751245774140824,0.12858036295519512
5203,44.0,0.06719622450475089,0.06852312354039272,0.12894793359529846
5203,45.0,0.06595623738505017,0.067224833029072,0.1290813853319073
5203,46.0,0.06481980751433845,0.0661052404673606,0.13028001066171346
5203,47.0,0.0644016538976396,0.06576320287020945,0.1307334254703597
5203,48.0,0.06198545612096511,0.06324086684779177,0.13071993064075857
5203,49.0,0.05849616759245014,0.05982501556628252,0.13094984842832424
5203,50.0,0.0551931893472774,0.05658208104204252,0.13136416003615303
5203,51.0,0.05308201422163216,0.05448821548739468,0.1326416663665334
5203,52.0,0.05197724527307709,0.053451007897933424,0.1342510290883656
5203,53.0,0.048939014868714714,0.050507260145090195,0.13726023161774353
5203,54.0,0.04878907487202932,0.0504069879427614,0.1406817482156717
5203,55.0,0.04720501441538245,0.048781881979555845,0.14314747558838448
5203,56.0,0.04470058606273894,0.04619193326110914,0.14625221007607375
5203,57.0,0.04370944346970504,0.04520663260045206,0.1482262141839001
5203,58.0,0.042343435803982685,0.04381006950887221,0.14877697289502576
5203,59.0,0.04277927056218278,0.04413716795498687,0.14954477173006478
5203,60.0,0.042250871823189345,0.04363648154861621,0.1506232498757619
5203,61.0,0.04147099340000362,0.04298648637412552,0.15173405159917977
5203,62.0,0.04032269149274889,0.04184395537576495,0.15049384515596642
5203,63.0,0.038649438167209636,0.040205373328659914,0.15155103910978301
5203,64.0,0.037382666620188444,0.03887575180395207,0.15234444931437424
5203,65.0,0.03722382418483874,0.038720008323140306,0.1539099242408221
5203,66.0,0.038335447592726765,0.03979140159872281,0.15488956275311452
5203,67.0,0.037317530481837266,0.03877522100226129,0.15483194767256672
5203,68.0,0.03678491812058201,0.03827341473964142,0.15545338042041076
5203,69.0,0.03670797362382908,0.03820505011788214,0.15580696821472872
5203,70.0,0.03604595608233665,0.03755615746392628,0.1559320487178765
5203,71.0,0.034731637509294234,0.03625544093766622,0.15607273115762257
5203,72.0,0.03472492849493585,0.036227776740227105,0.1566939211021909
5203,73.0,0.03427289490526774,0.03574361595274583,0.1560837964357227
5203,74.0,0.03415692791750903,0.03575986405750285,0.15557217744442553
5203,75.0,0.0335038688523419,0.0350676872635594,0.15514284200600434
5203,76.0,0.032897478247805804,0.034376258797546626,0.15435252486414908
5203,77.0,0.03221681124605806,0.03362271389631729,0.15291145297449524
5203,78.0,0.03239557486119613,0.03380355191244178,0.15144642243104958
5203,79.0,0.032169454245759184,0.03356812658046903,0.15003746580777805
5203,80.0,0.03123121254372313,0.03271624383202513,0.14851574537414264
5203,81.0,0.030745070986976923,0.03217852187261317,0.14734338538280697
5203,82.0,0.0303848690194414,0.031857624446841544,0.14567405760872087
5203,83.0,0.03009414602495084,0.03159066287938383,0.14457835792204388
5203,84.0,0.02978721898679488,0.03126344025987301,0.14386157017848109
5203,85.0,0.029536629731654943,0.031074238404515033,0.14282059266205527
5203,86.0,0.02951468007907828,0.03113931733699834,0.1418332756289148
5203,87.0,0.029317172838291935,0.030945176163313527,0.14104573348489985
5203,88.0,0.029187856170023,0.03079954845278427,0.14031309754762553
5203,89.0,0.028857026835872022,0.030444203903542955,0.13901522814289044
5203,90.0,0.028897891376987516,0.03042702231223224,0.1390500907747579
5203,91.0,0.02882835776355343,0.03034658545570999,0.1381551312881793
5203,92.0,0.028596553736155893,0.03008819715520958,0.1369097767979583
5203,93.0,0.02834137909339904,0.029829774252007352,0.13556887218211633
5203,94.0,0.028248911800483938,0.029738340125210257,0.13487751188681416
5203,95.0,0.028084298826230893,0.029572954158529608,0.13358451360055656
5203,96.0,0.027979954470304297,0.029449062025957647,0.13295182552227283
5203,97.0,0.027966794068066795,0.029459137471431134,0.1322890669887445
5203,98.0,0.027980403188577075,0.02943835551399288,0.1319965847601125
5203,99.0,0.028007151034596136,0.029502330376076663,0.1315671449993193
5203,100.0,0.0276851721438153,0.029255479577358467,0.13035562785556876
5204,0.0,2.9066038639870517,5.408116675855963,6.564657815288973
5204,1.0,0.6203437003365764,0.5919504517090386,1.54925844788086
5204,2.0,0.5594565755041827,0.5170182534987461,1.411678110323807
5204,3.0,0.5080759812042649,0.46543820102327005,1.3132595511964513
5204,4.0,0.47102414011626825,0.4306690382874548,1.2309133318942527
5204,5.0,0.4163846075574877,0.3800908227316399,1.1097521899004468
5204,6.0,0.38606502452719627,0.35192728005115004,1.0442862782296252
5204,7.0,0.36252130104308794,0.33046584561846615,0.9900533593238198
5204,8.0,0.34224844812174127,0.31202633053894907,0.9399662185447947
5204,9.0,0.32520155732611744,0.2966872327060717,0.8962545334581634
5204,10.0,0.29954311964332253,0.2732115490193199,0.8307828601089801
5204,11.0,0.2825953453467916,0.25779270021010003,0.7885031733500976
5204,12.0,0.2698973011557096,0.24642640051764633,0.7549757191894825
5204,13.0,0.25445320991333165,0.23262196860052065,0.7116239673509878
5204,14.0,0.24345497196200572,0.2226860365434791,0.6816789026140917
5204,15.0,0.22932641449116348,0.21007582050017146,0.6397711993584245
5204,16.0,0.21442029141369423,0.19715580729354956,0.5923616782079959
5204,17.0,0.20162532131285463,0.18553869724079708,0.5551030192071545
5204,18.0,0.18739379322995328,0.17220442572366673,0.5157885306270183
5204,19.0,0.17860713281023108,0.16439845796436509,0.48809740174224175
5204,20.0,0.16740968597082673,0.15413380362565193,0.45501639691487566
5204,21.0,0.15507141636318986,0.14262401933099347,0.4200449084807798
5204,22.0,0.14178244263343293,0.13043676711934524,0.3817526806590688
5204,23.0,0.13289936143822353,0.12231965020340593,0.35675174341302973
5204,24.0,0.1178472879145828,0.10838060874943767,0.31378323538456265
5204,25.0,0.1049512114507119,0.09606349887742663,0.2813584411182433
5204,26.0,0.09555394489912486,0.08742119726175619,0.2549415643272948
5204,27.0,0.08362050209624951,0.07657734938668732,0.2222131324615433
5204,28.0,0.0733384888697473,0.06702737499154386,0.19656142381501282
5204,29.0,0.06376388874757963,0.0583958950835599,0.17392295021034576
5204,30.0,0.055494139048048924,0.05109395051472314,0.15653037108185208
5204,31.0,0.04932930041203721,0.0459185835440393,0.14593082820274847
5204,32.0,0.044599790362867237,0.04210199289755434,0.13823512069994962
5204,33.0,0.03897339914632031,0.03752748112152096,0.13474301203408307
5204,34.0,0.036558200173213144,0.03613604022569797,0.1374362783551611
5204,35.0,0.032683693640029425,0.03328476226367061,0.14102421818559202
5204,36.0,0.031669274959799015,0.03299089998996767,0.14756822234641664
5204,37.0,0.03092491913660068,0.03253487284804192,0.15288417210097494
5204,38.0,0.029167079032700348,0.031429965725804,0.15962157790021653
5204,39.0,0.027959812027209697,0.030855551081278576,0.16570757565526295
5204,40.0,0.029504677882006773,0.03251753931648314,0.17371106508543746
5204,41.0,0.030696070706106453,0.033480532090940256,0.17890055814607647
5204,42.0,0.03219463263032658,0.034781864051959856,0.1849243543208239
5204,43.0,0.033335799933457776,0.03570692304015731,0.18845594677018357
5204,44.0,0.034966209728719055,0.03715621216732874,0.19256344038393844
5204,45.0,0.036598733210731066,0.03852045563590285,0.19543771398172138
5204,46.0,0.03713785544914597,0.03901559434812681,0.19775070905189915
5204,47.0,0.03829194698844947,0.040170543132473854,0.20182189753289073
5204,48.0,0.04009050558333985,0.04192369868823461,0.20721575214502516
5204,49.0,0.04140461300126832,0.04313326751813419,0.21109771393004398
5204,50.0,0.04172523136905072,0.04350640348353404,0.21083856081515856
5204,51.0,0.04193048495668563,0.04369574468631358,0.21033628193644466
5204,52.0,0.042178613194430135,0.0439121077289812,0.2102989265417766
5204,53.0,0.04273818344959758,0.04451315676729989,0.21053959706126962
5204,54.0,0.04325608700904586,0.04500365944143613,0.21033504627214383
5204,55.0,0.04413856483140154,0.04588977086572179,0.21017183015305013
5204,56.0,0.04456692142229866,0.04629971687069769,0.20832669733895862
5204,57.0,0.04399273767454112,0.045837323742237125,0.2057167703065184
5204,58.0,0.0434339698306435,0.04533913228910922,0.2034581571495777
5204,59.0,0.04320024886552713,0.045061462906684155,0.2024557995310328
5204,60.0,0.042756952596806966,0.04465022441525053,0.20072869160525925
5204,61.0,0.04238101903641049,0.0443199004740216,0.19922442882388033
5204,62.0,0.04225588388592499,0.04429547745617751,0.1979583903530311
5204,63.0,0.042271644540810435,0.04433764487450287,0.1956965857970105
5204,64.0,0.04229814858552839,0.044364550638810285,0.19433318429565982
5204,65.0,0.042594745162214113,0.04475931244540355,0.19289382606985142
5204,66.0,0.043452161503746235,0.0455801002059939,0.19287299396552005
5204,67.0,0.0440311174568575,0.04613964925723873,0.19181606222991684
5204,68.0,0.044232503622716815,0.04638895835405383,0.18982472714800025
5204,69.0,0.04451988921857356,0.04673579847419979,0.18749470330237428
5204,70.0,0.043783511701240355,0.04604757746302793,0.18524385580135824
5204,71.0,0.043607614621172595,0.04590903629288241,0.18325235779455876
5204,72.0,0.043003650140692434,0.04534117893980119,0.18161532939891115
5204,73.0,0.04219246182627586,0.044522025412316306,0.17965425939875698
5204,74.0,0.042060773377071224,0.04441454348579163,0.17733915810065834
5204,75.0,0.04263659549389205,0.045022503535744364,0.17594867642609324
5204,76.0,0.04191811371496396,0.04426403065338572,0.1742454262395659
5204,77.0,0.04166578364072708,0.044033673073629084,0.1722931867181246
5204,78.0,0.041789953680822424,0.044163831514392744,0.17157819751041162
5204,79.0,0.04152216528556143,0.04392533381863238,0.16969763060261447
5204,80.0,0.041510517645204165,0.0439386698259523,0.16869498353280898
5204,81.0,0.040819319052438297,0.04325237093683479,0.1669200209185936
5204,82.0,0.040560401313547705,0.0429181253179099,0.16652144171864197
5204,83.0,0.039708249573498444,0.041967651603273384,0.16588639191887955
5204,84.0,0.039346840625397415,0.04161622886805334,0.16463806164678513
5204,85.0,0.0393455314874723,0.04157723802956196,0.16433887442752806
5204,86.0,0.03867709914784879,0.040899478900204254,0.16330805937236453
5204,87.0,0.03824733991627648,0.04043118419685859,0.16313934667000707
5204,88.0,0.0382295237563265,0.04040225409060895,0.16255928305955955
5204,89.0,0.038388167510396726,0.040617802599202966,0.16137976910276144
5204,90.0,0.03818333741589054,0.04044929955383149,0.1598633076189134
5204,91.0,0.03772945166938405,0.04001307131001378,0.15849020352656382
5204,92.0,0.0375424950870854,0.039829210912362446,0.15762325100629831
5204,93.0,0.03740016050225642,0.039733182057821656,0.1571743267276963
5204,94.0,0.03754696975712106,0.03989760690936435,0.15640057780503505
5204,95.0,0.03701136363604351,0.03946057976109136,0.15473473562526313
5204,96.0,0.03687781278267619,0.03935713653332543,0.15390323641018186
5204,97.0,0.0369321654135233,0.03944626217157854,0.15274908137616666
5204,98.0,0.03711117120266042,0.039597712931473544,0.15205933695666984
5204,99.0,0.03734623460630107,0.03988162773948868,0.15117880431054145
5204,100.0,0.037627496315535434,0.04018259580573443,0.15022467012570803
5205,0.0,2.9066038639870517,5.408116675855963,6.564657815288973
5205,1.0,0.5238319245167624,0.5289672104786602,1.3828472080174317
5205,2.0,0.47896846839896706,0.4549362858753965,1.275610069727257
5205,3.0,0.44833773103955926,0.41743405995875205,1.1848351591433997
5205,4.0,0.4094185923579507,0.3774992746155417,1.1005940491928488
5205,5.0,0.3811513655715345,0.35000573304001753,1.024186132421111
5205,6.0,0.3564060426417809,0.32617129689634833,0.9605622934371653
5205,7.0,0.33547223063058945,0.3064431626089273,0.9028920257380507
5205,8.0,0.31416899179206176,0.2870094760667542,0.8450683815023968
5205,9.0,0.29696754437842987,0.27132684755155057,0.8014521680933785
5205,10.0,0.28376196467943915,0.2593786009204719,0.7682705192889512
5205,11.0,0.26892131985157813,0.24593788307439537,0.7303527564014283
5205,12.0,0.2559124489715858,0.23438240436835509,0.6916068017687126
5205,13.0,0.24522073112527765,0.2245803302556464,0.6661400649058011
5205,14.0,0.2319438861127105,0.21238092833963645,0.6331198942542976
5205,15.0,0.22250379567016515,0.203832214101057,0.6084287346331997
5205,16.0,0.2144667737919135,0.19669426218942537,0.5849031795274843
5205,17.0,0.2089629356449267,0.19207905041294673,0.5664718793373494
5205,18.0,0.2020868347439366,0.18595138435602218,0.5470622117995431
5205,19.0,0.19751107251331323,0.18209445635828153,0.5312962480978805
5205,20.0,0.18956474634988407,0.17480534421364866,0.5103350152386364
5205,21.0,0.18173059602984323,0.16747015392033912,0.49156603287293565
5205,22.0,0.17029849199725877,0.156271338566676,0.46960637981098047
5205,23.0,0.1609559704770151,0.1474033231924451,0.44732390867472616
5205,24.0,0.14921467677358527,0.13631338614568783,0.4197139910074173
5205,25.0,0.13918781002117853,0.12703388292364973,0.3920065989979042
5205,26.0,0.12955126664781091,0.11813317933661574,0.3674877317907088
5205,27.0,0.12232189372139071,0.11152347050603362,0.3472448392446731
5205,28.0,0.11588943543241154,0.10564985553408715,0.32851789541121107
5205,29.0,0.10904581246798069,0.09944284431377277,0.3098935351183653
5205,30.0,0.10345507636734425,0.09433218104889679,0.2945356139051991
5205,31.0,0.09811809044212932,0.08942148283050953,0.27865824708668685
5205,32.0,0.09330451255688427,0.08504201251707712,0.2647758889882877
5205,33.0,0.08852669549248296,0.08072259578091263,0.2514000744415592
5205,34.0,0.08432544829815478,0.07692054555192018,0.23978608843981622
5205,35.0,0.07971096314218236,0.07277314412457354,0.22649380109091258
5205,36.0,0.07678813858116042,0.07025474882006653,0.21787934912052867
5205,37.0,0.07396606529987343,0.06790962842218702,0.20931409228993514
5205,38.0,0.07107177708508113,0.06528458100893976,0.20136308647082962
5205,39.0,0.06815253552124857,0.06274829035731938,0.1929726538487923
5205,40.0,0.06398416976457036,0.05906251943846534,0.18089615030652573
5205,41.0,0.062430566295251816,0.05806281153157876,0.1750705059224334
5205,42.0,0.06084500830676111,0.057013253480591816,0.16933192970259822
5205,43.0,0.059981773884913686,0.0565490245010886,0.165316879880347
5205,44.0,0.05906095303246743,0.05608364883319581,0.16106628703991016
5205,45.0,0.057269666671792445,0.05470150338716427,0.15543997163476125
5205,46.0,0.056323497214330075,0.05402601369069418,0.1520777315023912
5205,47.0,0.054625370999824695,0.052820869372975386,0.1463319162997708
5205,48.0,0.05302061442513918,0.051662065314509766,0.14144358075482752
5205,49.0,0.05231942221708995,0.05141532667011136,0.1384138180456681
5205,50.0,0.05168335295691092,0.050846501827019316,0.13702842830643489
5205,51.0,0.05232921461600079,0.05175134713480992,0.1359101004442519
5205,52.0,0.052831392456019935,0.0524977617987961,0.1350461108742853
5205,53.0,0.05222871909689598,0.05209830369685331,0.1326022232395677
5205,54.0,0.05215184708090474,0.05233268528241966,0.1313370015370448
5205,55.0,0.05232891506636898,0.0526680005712393,0.1305976341241615
5205,56.0,0.05337534207109971,0.05386559723004794,0.1304445091372373
5205,57.0,0.05237334388364225,0.05294728975612805,0.12900548696539377
5205,58.0,0.051316180989556426,0.05191977721675326,0.12770326766758802
5205,59.0,0.04905867416186211,0.049725143788044504,0.12625022136866848
5205,60.0,0.0493565473898074,0.050192212581923,0.12654546484802187
5205,61.0,0.048297723709979756,0.04913960034802921,0.12493118603342908
5205,62.0,0.04621683440786888,0.0470464728192107,0.12309549556936457
5205,63.0,0.044542382789524174,0.04536199652473339,0.1215723800621382
5205,64.0,0.04418730458552461,0.045091823276035066,0.12055764215036803
5205,65.0,0.04445698846117539,0.045451058476029184,0.12054896059701176
5205,66.0,0.04395989241116947,0.04495865305223788,0.11987419795443006
5205,67.0,0.043823495048360174,0.044710060970450154,0.11941886983322601
5205,68.0,0.04211957735650927,0.04299228054485647,0.11809431880549315
5205,69.0,0.04003760573592287,0.040835508319868555,0.11653604398318841
5205,70.0,0.03946288627527243,0.04022154294299231,0.11589798263339833
5205,71.0,0.0385556988847707,0.039336787201667944,0.11491964277592484
5205,72.0,0.0371895806320318,0.03793411520344355,0.11384624109136439
5205,73.0,0.03549451915071286,0.03618945701372398,0.11251186056840562
5205,74.0,0.03314861169045569,0.03371488676499129,0.11055987294449302
5205,75.0,0.03185015271247268,0.032450592202074774,0.10935963222246692
5205,76.0,0.030910551596286237,0.03148502990658965,0.10861341117971142
5205,77.0,0.030823507554805906,0.031498216948287444,0.108132909026388
5205,78.0,0.03017898503912236,0.030821305502121435,0.10727094827841262
5205,79.0,0.029861055094440463,0.03040032113316345,0.1070123694642488
5205,80.0,0.029325889421671362,0.029816696045820525,0.10627881139183801
5205,81.0,0.029003790124069312,0.02963214317836493,0.1061210722346049
5205,82.0,0.02829241528631473,0.028967463337202747,0.10554671271186367
5205,83.0,0.02814049925266677,0.028821280174403413,0.10509974292310377
5205,84.0,0.027723716915701694,0.02839096775383296,0.10477701760658856
5205,85.0,0.027260931358540925,0.027938308195081734,0.10497745790797765
5205,86.0,0.02702510377205205,0.027794998384751,0.10476631835171517
5205,87.0,0.02656281078573596,0.02735678476688973,0.10444835927948883
5205,88.0,0.026299475606796,0.02718734715798324,0.10415767459849634
5205,89.0,0.0260065995141832,0.02700162174157474,0.10387917982629442
5205,90.0,0.025626982668284604,0.026636587070338034,0.10327612251596714
5205,91.0,0.02541090971877824,0.026399060352032145,0.10304872225845112
5205,92.0,0.025268121653383026,0.026264019689410046,0.10269746263340601
5205,93.0,0.025169276010482838,0.026111430586984966,0.10246813800596628
5205,94.0,0.025028016040687343,0.026007397170478775,0.1025426613817229
5205,95.0,0.024892771611741728,0.025886771515055515,0.1023717135533487
5205,96.0,0.024873762757645777,0.02591087802476919,0.10238792403995661
5205,97.0,0.0247358569847831,0.02580386413618959,0.1023890135753175
5205,98.0,0.024718146991951014,0.02574366250823491,0.1022044734258863
5205,99.0,0.024605860563692825,0.02568992254612062,0.10214254730444566
5205,100.0,0.02451201258262758,0.02570021801370012,0.10195305790474944
5206,0.0,2.9066038639870517,5.408116675855963,6.564657815288973
5206,1.0,0.5046843858068915,0.5129433903169307,1.2177297493720296
5206,2.0,0.45429737533473424,0.44646409531662024,1.089442717115618
5206,3.0,0.43315511470445994,0.42638508155972105,1.0119813563782853
5206,4.0,0.39720792543269823,0.3908401569148629,0.9299095829918055
5206,5.0,0.3805722149264702,0.3735988986563677,0.8753772392931832
5206,6.0,0.36238657745649,0.35441779186582273,0.8179741660216706
5206,7.0,0.3468604203690656,0.3396542383879557,0.7749804907305214
5206,8.0,0.3367067307812396,0.3301442659494504,0.7402509015212275
5206,9.0,0.33209877299889584,0.32612889402117634,0.7170227138424323
5206,10.0,0.32756361846386395,0.32189248638798945,0.6930491349538231
5206,11.0,0.31858273590063235,0.3133755605580485,0.6631241222467186
5206,12.0,0.3012931119473607,0.29556429425983,0.6366416627033964
5206,13.0,0.2853648205062086,0.2787537423294931,0.613800653598468
5206,14.0,0.27451661919054565,0.26774260135223743,0.5875207762185068
5206,15.0,0.2656475024577779,0.259137171384474,0.5608939166646155
5206,16.0,0.2485452873481926,0.24212108826270012,0.5264494959542091
5206,17.0,0.23898899966783888,0.23291184796658462,0.5063882472255894
5206,18.0,0.2328632625400757,0.22723140585372636,0.48955423722207664
5206,19.0,0.2246708162636361,0.21915372143996392,0.4723390369042942
5206,20.0,0.2185246691947949,0.2130779303934449,0.4575297565016066
5206,21.0,0.20773744025962443,0.2029212020053332,0.4288632510484433
5206,22.0,0.1949542296233573,0.1910009031791795,0.3972050344302663
5206,23.0,0.17910253691232494,0.17570743720841675,0.3603563826042821
5206,24.0,0.16085857032177114,0.15765650381570698,0.32671162397931247
5206,25.0,0.15415278922096812,0.15194156025546232,0.30086420690229015
5206,26.0,0.14523354587404147,0.14359747115051397,0.27692172843806434
5206,27.0,0.13633434659330468,0.13545595118752862,0.24996386041573243
5206,28.0,0.12228909534459005,0.1215710181854506,0.22494429171930472
5206,29.0,0.11115754870526483,0.11078759028432686,0.2029067857878843
5206,30.0,0.10084041019954676,0.10076690172797145,0.18288904601445807
5206,31.0,0.09420382946619446,0.0944549884304435,0.16818252024495497
5206,32.0,0.09292781724072295,0.09358938123048267,0.1610087589711558
5206,33.0,0.08920545148962736,0.09031704385175537,0.15150138367485053
5206,34.0,0.083487851424018,0.08504867136119153,0.14200060710168727
5206,35.0,0.07970317164368494,0.08162315329980599,0.13565058966935378
5206,36.0,0.07178767747987119,0.0739035053852886,0.12847517096017164
5206,37.0,0.06680599357070341,0.06931781988895062,0.12460652612785694
5206,38.0,0.06245939144611409,0.06547712771729161,0.12308749883865334
5206,39.0,0.05745891607265112,0.060878839359050134,0.12186544098037495
5206,40.0,0.05465036813696464,0.05822967403610142,0.12283072934901092
5206,41.0,0.05257612451462787,0.056384713856166536,0.12614372240088906
5206,42.0,0.049138585617380465,0.05302592909556992,0.12771973432371844
5206,43.0,0.05061049736460348,0.0544844857886886,0.13188826324044847
5206,44.0,0.047347169176343414,0.05120661765052991,0.13349255296681375
5206,45.0,0.04487600103387207,0.048647957367913816,0.13486057608712254
5206,46.0,0.04095826507526125,0.044803811220375765,0.1376015320882988
5206,47.0,0.04043099524673183,0.04430933195573381,0.13926859240743403
5206,48.0,0.03990225051264961,0.04381475791565647,0.139036116850685
5206,49.0,0.04076573327878493,0.04469839145317887,0.1385142121309126
5206,50.0,0.03918880278446015,0.043167276273103114,0.1375269807850901
5206,51.0,0.0375321096464679,0.041610079813669223,0.13711243638602014
5206,52.0,0.03600441470357738,0.04017343415351861,0.1348143673651264
5206,53.0,0.03534080940321476,0.03949083676078326,0.1325713684983431
5206,54.0,0.03654026685609978,0.040593359456223804,0.1319698798357694
5206,55.0,0.037550201745613895,0.04150390682400704,0.1321080122094529
5206,56.0,0.038034557887325016,0.041874239350553434,0.13119271253382597
5206,57.0,0.038080865748781306,0.041762539769498126,0.130782486204137
5206,58.0,0.0381815589747677,0.04165234929346832,0.13023976761048534
5206,59.0,0.03816943089018697,0.041645876051796836,0.13149228140038066
5206,60.0,0.038548714520935425,0.042227184455127804,0.13192548181566238
5206,61.0,0.03788842904238729,0.04163987463594007,0.13108138764935026
5206,62.0,0.037947863311027605,0.04168009693567516,0.1311795962318417
5206,63.0,0.03867891036041435,0.04235248829954374,0.13148838161796184
5206,64.0,0.03874798386943129,0.04239124379574755,0.13097906213333138
5206,65.0,0.03838064015628906,0.041945329875025576,0.13125866165236288
5206,66.0,0.03729360727691202,0.0409569923813958,0.12921828624521542
5206,67.0,0.036859834703660645,0.040584465555244705,0.12715289985085065
5206,68.0,0.035575072546636506,0.039258727136965155,0.12478464921033111
5206,69.0,0.03519572080659546,0.03871215912946355,0.12384496295530766
5206,70.0,0.03508415477315053,0.03857648779373807,0.12300781236233434
5206,71.0,0.0349054254083834,0.03830758345243326,0.12261746868248241
5206,72.0,0.03408648181473056,0.03742281313769095,0.12146790928918752
5206,73.0,0.03423021992598356,0.0374726469967819,0.12019524345863561
5206,74.0,0.03348630336450691,0.0367206477186249,0.11971016176127365
5206,75.0,0.033024721573822156,0.03618712389378385,0.11873071172082908
5206,76.0,0.03234905399618239,0.03550690673816638,0.1184583083057907
5206,77.0,0.031452223254335714,0.034729092303918865,0.11866971226450643
5206,78.0,0.03133749460842966,0.03463912322603277,0.1178607994123495
5206,79.0,0.03149117430563553,0.03483929603831862,0.11657870077752643
5206,80.0,0.031028359334542642,0.03443639764604156,0.11573951832530385
5206,81.0,0.029637231264378464,0.033110239830443824,0.11485748333124982
5206,82.0,0.028859149727694933,0.03236568596167045,0.11402834156058908
5206,83.0,0.028859398874850936,0.032499553858188396,0.11271975988910035
5206,84.0,0.02871673380878631,0.03238152334801138,0.11214971509029856
5206,85.0,0.02857268716662631,0.03231688345705814,0.11204678139236346
5206,86.0,0.028390916727466395,0.032183544766936384,0.11149712299933554
5206,87.0,0.028447029702523025,0.032241938255811314,0.11098719884202954
5206,88.0,0.028927708034411068,0.03261393451182123,0.1111268164731465
5206,89.0,0.02834274838346393,0.03198869834517419,0.10982660582546404
5206,90.0,0.02771049891031494,0.031404607384251805,0.10860274144373204
5206,91.0,0.027370918826121082,0.0310534021688299,0.10780045994092437
5206,92.0,0.02786340713235359,0.031511644766182484,0.10671884973736775
5206,93.0,0.02758879705547492,0.03115832275505239,0.10575048762761902
5206,94.0,0.02743589443475722,0.031017545946626816,0.10466914391396687
5206,95.0,0.026931188012439596,0.030476559908950665,0.10372134794065022
5206,96.0,0.02654984791955532,0.030044101370806094,0.10250953170025975
5206,97.0,0.0267588353840543,0.03021423299667104,0.10159943631832961
5206,98.0,0.02646654329262196,0.029930319602252387,0.10113985441596124
5206,99.0,0.02648498648711441,0.029877706777796522,0.10031878008279031
5206,100.0,0.0266030818331103,0.029908256259168188,0.09969257753972119
5207,0.0,2.9066038639870517,5.408116675855963,6.564657815288973
5207,1.0,0.536464716468703,0.5125770328829404,1.4015059598325628
5207,2.0,0.4524638910813332,0.4226809361408983,1.2074304024543108
5207,3.0,0.3988051388542433,0.36814779982017626,1.0786819543162796
5207,4.0,0.36051295645419335,0.3304701014595758,0.9845718423637617
5207,5.0,0.3346271390485483,0.3058860390012025,0.9179484803145903
5207,6.0,0.3087454557452418,0.28211438522063265,0.8467573051512233
5207,7.0,0.2873389241651004,0.2632301561416546,0.7864485152128585
5207,8.0,0.276609328023154,0.25417072838037114,0.7491304295964728
5207,9.0,0.26595473479027043,0.2449024705647135,0.7103603771054052
5207,10.0,0.258142533338372,0.2386198700799368,0.6805793136585501
5207,11.0,0.25048929136316916,0.23270095508439417,0.6483765143960586
5207,12.0,0.24282966204088363,0.2267745727893768,0.6197218290506596
5207,13.0,0.2297558947189196,0.2146155708705964,0.5909392312196671
5207,14.0,0.2186180422810107,0.20396703651616105,0.5658062698464085
5207,15.0,0.21086466873000737,0.19699048285676513,0.5427316352251782
5207,16.0,0.20476639415614029,0.19162519001580566,0.5253237423201657
5207,17.0,0.19947114830283613,0.18719718484837375,0.5054690427616428
5207,18.0,0.1919649797948085,0.18053534482920408,0.48007804950008487
5207,19.0,0.1861624081474241,0.17551125566840478,0.4630728648348913
5207,20.0,0.18163104423560952,0.17166436146969397,0.4430136261346156
5207,21.0,0.16888466745525982,0.1591766616732616,0.41442380863452355
5207,22.0,0.15446246714240874,0.14493257036240373,0.3830798952855975
5207,23.0,0.14310852508532174,0.13426894534134795,0.355363279883971
5207,24.0,0.12992755060542938,0.12119864210346051,0.3285469018114713
5207,25.0,0.12019953794045683,0.1120386836454895,0.30146844433938064
5207,26.0,0.1120124087127156,0.10426144110480504,0.28089052498191075
5207,27.0,0.10657065482205114,0.09944729739972313,0.26188134397747553
5207,28.0,0.09905225126600832,0.09195632966415673,0.24861713408971092
5207,29.0,0.0937176698197661,0.0868823062794921,0.23511592985723398
5207,30.0,0.08895194346481562,0.08259797731374377,0.22160275871169438
5207,31.0,0.08392727637060667,0.07801478560619421,0.20825174152223358
5207,32.0,0.07486275559069358,0.06913751898730684,0.19091653153321914
5207,33.0,0.06794605960694759,0.06253906483176704,0.177010220388645
5207,34.0,0.060856044504988535,0.055735140782438276,0.16384403214490603
5207,35.0,0.057271342385011546,0.052462650644314365,0.15622392256045398
5207,36.0,0.053206646740122175,0.048728801960644705,0.14738151070641434
5207,37.0,0.049982614649463054,0.045818441879745736,0.14025233560278924
5207,38.0,0.04688554132093122,0.04298884421591599,0.13479829768883433
5207,39.0,0.04438864128046028,0.040771619079440706,0.12991730212844735
5207,40.0,0.04218799773508801,0.038847111966632604,0.12582596254735384
5207,41.0,0.0394967521277867,0.036564509193994996,0.12087547062803689
5207,42.0,0.036833167480304,0.03430734178751446,0.1168918196813869
5207,43.0,0.03427743783067953,0.03221216883807662,0.11314685783022012
5207,44.0,0.032245031611550436,0.03071141171503252,0.11067074727876096
5207,45.0,0.030659678302520116,0.029619254147332977,0.10883288266348103
5207,46.0,0.02825563316809175,0.027419805048170997,0.10745365204971581
5207,47.0,0.025973374324603414,0.025509862656048606,0.10693560294039105
5207,48.0,0.02521784390097604,0.02506594385696606,0.10797862031940762
5207,49.0,0.02400082019885079,0.024137211170000564,0.10923159972739713
5207,50.0,0.02343030203357245,0.02377824844118812,0.11116460224266142
5207,51.0,0.02298475444558343,0.0235454973744934,0.1145211888005811
5207,52.0,0.0228999963816856,0.02356961948381557,0.11605949393982548
5207,53.0,0.02363971255550785,0.02446164691142364,0.11932131901071705
5207,54.0,0.024205518440937424,0.025023255430230373,0.12254260822051982
5207,55.0,0.02466738646658891,0.025510023554396532,0.12695429106799622
5207,56.0,0.02528306678488218,0.02614828321805257,0.13051936972650005
5207,57.0,0.026425328242110968,0.02734261121870971,0.13389085216199628
5207,58.0,0.027294389497959,0.028187995006900952,0.13637095461874785
5207,59.0,0.027490268335012603,0.02827627109741602,0.13844893259649854
5207,60.0,0.027798346232684894,0.028529176017226262,0.14118394633350637
5207,61.0,0.02932842343646657,0.03005350726309881,0.14387610449398885
5207,62.0,0.02979419224333094,0.03041183519846216,0.1460375741096789
5207,63.0,0.030286481049339422,0.03087062853958123,0.14736066704043674
5207,64.0,0.03117014744508538,0.03165995410507691,0.14956611444409457
5207,65.0,0.03201748558611112,0.03245619808037,0.1497815930649196
5207,66.0,0.03316940130657819,0.03359668642314176,0.15118572737175087
5207,67.0,0.0331934208107215,0.033592497033529914,0.15151710452132744
5207,68.0,0.03323808540296102,0.03369506875258943,0.1517099314314568
5207,69.0,0.03359271082151277,0.03406701440768363,0.15219899307469625
5207,70.0,0.03306007885907019,0.03347324738995519,0.15273983370369162
5207,71.0,0.03292040196160225,0.03325279708306549,0.1538271747850994
5207,72.0,0.032637309992699634,0.03293861188386875,0.15327571207654314
5207,73.0,0.03285488601453665,0.03311261929487797,0.15341203273074613
5207,74.0,0.033081531066003075,0.033354587511200594,0.1541908194557427
5207,75.0,0.03331108274448842,0.03352855545005848,0.15481227027743918
5207,76.0,0.03348962404487984,0.033707569251948205,0.1555527188080655
5207,77.0,0.03375633608171881,0.034008795008041805,0.1554966161841307
5207,78.0,0.034275497734007614,0.03447399577919846,0.155802041374304
5207,79.0,0.03454104444110636,0.03469544378502113,0.15667424638572358
5207,80.0,0.034402449649489096,0.0345174701094613,0.15655528229016227
5207,81.0,0.03474749715971921,0.03482085722577641,0.15638853596299712
5207,82.0,0.034506719301041155,0.03466048899129321,0.15517334245020942
5207,83.0,0.03444548043029022,0.03462762162721831,0.15470143505640443
5207,84.0,0.034474988022247834,0.034651768752478315,0.15390500916925834
5207,85.0,0.033850871921270044,0.03409215131918678,0.15228908067739966
5207,86.0,0.033180025732146984,0.033478426740067145,0.15047928213455422
5207,87.0,0.0323388390673672,0.03267024187967225,0.1487021283683055
5207,88.0,0.03200524122835772,0.03237274010197224,0.14698062539601564
5207,89.0,0.031380711669751586,0.03183994932002381,0.145247077550459
5207,90.0,0.031198729336244548,0.03167544881157618,0.14458117685837502
5207,91.0,0.03113449743640221,0.03161012843778059,0.14401975531249941
5207,92.0,0.0309177645801757,0.03140520361563253,0.14266155317183948
5207,93.0,0.030758586430378387,0.03126354475895959,0.1420220049306286
5207,94.0,0.030394817980708123,0.030967787232174946,0.14098365875356694
5207,95.0,0.029922525334584636,0.030607323115860098,0.13954676286939424
5207,96.0,0.02957467084799565,0.030313018526057615,0.13764398975490302
5207,97.0,0.029445165757563948,0.030092764042030713,0.13688546896256842
5207,98.0,0.02928521821837396,0.029905547149411307,0.13594707354923743
5207,99.0,0.029209417653919042,0.029843688977880114,0.13517886985240843
5207,100.0,0.029037542112137882,0.029751960582165577,0.13441174868272612
5208,0.0,2.9066038639870517,5.408116675855963,6.564657815288973
5208,1.0,0.4463012894027696,0.4571515711341567,1.228182422574981
5208,2.0,0.37161846767295353,0.35901085271413286,1.057253168386674
5208,3.0,0.3313649654362059,0.310237667500253,0.9601195420013393
5208,4.0,0.30141652822806186,0.280300067342511,0.8742454839739013
5208,5.0,0.2806804352876407,0.2604392845584768,0.806538362512147
5208,6.0,0.26286480310591803,0.24293724905460093,0.7486631408079941
5208,7.0,0.2439811296680141,0.2263978927663069,0.6878386676152338
5208,8.0,0.22835175071944827,0.21173516717674096,0.6424401480999782
5208,9.0,0.21925771977249442,0.20343719721432588,0.6137763851718194
5208,10.0,0.21160209505794975,0.1960443078709657,0.5870678621336824
5208,11.0,0.19961024673716457,0.18450161830965797,0.5562715645490816
5208,12.0,0.19275838753906355,0.17847526262336147,0.5321586004696031
5208,13.0,0.185750002698299,0.17240238614374065,0.5060493083815315
5208,14.0,0.18172706413107576,0.1692006068984367,0.48970281274691946
5208,15.0,0.17130435931587995,0.1592477374360058,0.46408671147020064
5208,16.0,0.16182992353669684,0.15033547625114732,0.4378879226356882
5208,17.0,0.15641101996867707,0.145612171874565,0.41923950487701167
5208,18.0,0.15103376614253722,0.14090240251995978,0.40080049403548196
5208,19.0,0.14586425336106765,0.13662824704287624,0.38267350373455356
5208,20.0,0.13804634274682492,0.12956048691987246,0.35770140679825185
5208,21.0,0.13176478628788865,0.12358682433892565,0.3394973673898968
5208,22.0,0.12168648431989294,0.11344224143262244,0.3213109725368246
5208,23.0,0.11343974218963425,0.10555776555066525,0.30061034939400977
5208,24.0,0.10517638725958811,0.09759853000845234,0.2801109590820111
5208,25.0,0.09614901516181706,0.08890763581926225,0.25870735452435367
5208,26.0,0.08901198538115362,0.08236858386136384,0.2387571633958652
5208,27.0,0.08178469936135503,0.07578338745975158,0.2181484581059869
5208,28.0,0.0738273103927335,0.068215705557602,0.199732406650874
5208,29.0,0.0665679018902788,0.06141693053755589,0.18194912213122616
5208,30.0,0.05885588258810058,0.054123972847374295,0.1653179513188729
5208,31.0,0.051492042536887175,0.047321428083646394,0.14976991169825465
5208,32.0,0.046193722064528694,0.04263879915149894,0.13864386276589463
5208,33.0,0.04243849068035053,0.03941668997452635,0.13089646703283245
5208,34.0,0.038349337918627824,0.03584583634218995,0.123418768184244
5208,35.0,0.03466810732073787,0.03281526944166916,0.11726236068426286
5208,36.0,0.03254500556615269,0.031294808054737985,0.1143842333633599
5208,37.0,0.03138081709873522,0.030556541475612417,0.11410260732250295
5208,38.0,0.030772539081105745,0.030153169098589436,0.11378118192020403
5208,39.0,0.031223919814523823,0.030933441645488773,0.11386388411042528
5208,40.0,0.030266741478844318,0.030225006634564847,0.11451746312284761
5208,41.0,0.028672258491914324,0.02893760792053541,0.11452435997077152
5208,42.0,0.027518524946148457,0.027950218169629833,0.1137281378410396
5208,43.0,0.026213778411172086,0.026741893543657965,0.11438550170571406
5208,44.0,0.025864628525809882,0.02646807035145799,0.11450397173557632
5208,45.0,0.025962002267842982,0.026690956394025443,0.1143954260558808
5208,46.0,0.02516300687613449,0.026108156564629,0.1150979512740319
5208,47.0,0.0241470877652791,0.02515651460552597,0.11515249593584069
5208,48.0,0.02352503565431733,0.024493483630206106,0.11557126000647394
5208,49.0,0.023247184994921292,0.024293653470450136,0.1158988778445752
5208,50.0,0.023015838369124506,0.024179286302005432,0.11501997492901721
5208,51.0,0.02312075007253109,0.024281440390767083,0.11467275344267493
5208,52.0,0.02356607866579537,0.024690263527532542,0.11581204264406464
5208,53.0,0.023530760627271455,0.024702583515181235,0.11608369818872845
5208,54.0,0.023341901941108124,0.024631077720764935,0.11584448211022398
5208,55.0,0.02325276206696615,0.024616432312794836,0.11617295231023711
5208,56.0,0.023019671245569834,0.024429002105366988,0.11644921733549272
5208,57.0,0.023343230854576708,0.024710575994901618,0.11683248990740859
5208,58.0,0.02329794483920506,0.024660285429723733,0.11725288029675125
5208,59.0,0.023069359419890377,0.02447747836052298,0.11594158009260289
5208,60.0,0.02281722337353195,0.02421471581976532,0.11515284391348053
5208,61.0,0.022784711250319358,0.02419608513343736,0.11493993191404697
5208,62.0,0.022878392396238734,0.024332255943915606,0.11538955484874493
5208,63.0,0.022906817437463478,0.024372643940677022,0.11548091408986624
5208,64.0,0.02293700103133439,0.024476628951375146,0.1151757943231778
5208,65.0,0.023032361190608773,0.024687617218707634,0.11454484110437065
5208,66.0,0.023032804296757376,0.024755106146485455,0.11402430582813917
5208,67.0,0.023031299845637048,0.02479015376931885,0.11332188104960804
5208,68.0,0.023053720572086996,0.02480942772486967,0.11343747676608071
5208,69.0,0.023042606199484453,0.02471689891755329,0.11333425697429135
5208,70.0,0.023178397823778348,0.02486692815070151,0.11356083200834373
5208,71.0,0.0232651222666687,0.025004513510938863,0.11362624821540694
5208,72.0,0.02347683544879873,0.025257897633396843,0.11440090736728414
5208,73.0,0.023511815928323028,0.025349949209831885,0.11426205091941338
5208,74.0,0.023707665860027507,0.025583346502820896,0.11445592951004857
5208,75.0,0.02374521972510972,0.025555550217234737,0.11381223298673579
5208,76.0,0.023808493280260495,0.025711664048890758,0.11383626652030554
5208,77.0,0.02385410460270722,0.025838222392612176,0.11396930658456081
5208,78.0,0.02399090369814791,0.026074154672884355,0.11441599481869147
5208,79.0,0.024110948157876306,0.026217349524115547,0.11455009080884329
5208,80.0,0.024028411634826722,0.026145001616734297,0.11353206378340189
5208,81.0,0.023931954715589808,0.02598245142486863,0.11309353714007597
5208,82.0,0.02389376092147346,0.02588113130518669,0.11262207840725198
5208,83.0,0.023805748319193354,0.02569268838658706,0.11247772262070616
5208,84.0,0.023779832342744184,0.02568089587339547,0.1123880975447085
5208,85.0,0.02376505780510938,0.025694170813964443,0.11197462558380128
5208,86.0,0.023600037623414026,0.025523166617549903,0.11093506545143464
5208,87.0,0.023466467230630155,0.025372932678962245,0.11018257957384504
5208,88.0,0.02340859105465527,0.025299770100428602,0.10981451978105233
5208,89.0,0.023453030676734613,0.025325951085896536,0.10977148867384269
5208,90.0,0.023404902533784945,0.02524415694316984,0.10977311110176617
5208,91.0,0.023308212392867428,0.025076494188839442,0.10964427136347199
5208,92.0,0.023362632072130265,0.025105228964030685,0.1097931196045957
5208,93.0,0.023279512238255733,0.02501726989415765,0.10926134180109848
5208,94.0,0.02323009179136945,0.02500515058896829,0.10873452679963984
5208,95.0,0.023147907290773,0.02488725644217899,0.10845740965393204
5208,96.0,0.023062840670388225,0.024820509978320623,0.10795584620707525
5208,97.0,0.023108683279358902,0.024850480147744578,0.10740304610573002
5208,98.0,0.023156552425376523,0.02491557931074796,0.10741794086695992
5208,99.0,0.023272496045528036,0.0250612678636252,0.10756183831688512
5208,100.0,0.023392279575955893,0.02517393680155732,0.10769410830230497
5209,0.0,2.9066038639870517,5.408116675855963,6.564657815288973
5209,1.0,0.5334084512385322,0.5699137350293613,1.2893970037228608
5209,2.0,0.4079355954273414,0.4187962401128424,1.0894662061003713
5209,3.0,0.3647171361864821,0.36246327463821126,0.9806370429009688
5209,4.0,0.33811311309599873,0.33300599614230364,0.9006810732050795
5209,5.0,0.32478430587313534,0.318762342514637,0.8398146055151445
5209,6.0,0.30269613526268735,0.29525813690615554,0.7795126104810096
5209,7.0,0.2918752449355649,0.2847195544567835,0.7260483265376801
5209,8.0,0.2725434535738476,0.26537662266659345,0.6810171884630294
5209,9.0,0.25593847990782664,0.24830089356687968,0.6336411443358023
5209,10.0,0.24382644666449646,0.23688143969934375,0.5940259750480639
5209,11.0,0.23606367089761277,0.22856784356075224,0.5684764340939439
5209,12.0,0.23544366420675752,0.22816606331203373,0.5482219866364976
5209,13.0,0.22368875928217546,0.21575656991046058,0.5229690984635441
5209,14.0,0.20680827254838924,0.19820136060753818,0.49440079054857133
5209,15.0,0.19617129285978863,0.18720873827107218,0.4707969779458477
5209,16.0,0.18240431704254506,0.17322387117955462,0.4458398202210046
5209,17.0,0.17283035997652227,0.1636554139935863,0.4259953912234938
5209,18.0,0.1642145950078411,0.15509805078322628,0.4076798291641665
5209,19.0,0.1551041187710971,0.14587453345690643,0.38700471850431484
5209,20.0,0.14379391557768112,0.13414960611351798,0.37096740156441393
5209,21.0,0.1380216066436465,0.12821883089697264,0.362146776224621
5209,22.0,0.13074134010153587,0.12138543161103255,0.3414193123979865
5209,23.0,0.12018719013312376,0.11088364876205883,0.323182874086338
5209,24.0,0.11310485243065972,0.10407285058465514,0.30635731422349877
5209,25.0,0.10390134215722127,0.09549083543417299,0.28154578370327293
5209,26.0,0.09450631704995283,0.08658196189445658,0.2589331895872684
5209,27.0,0.08682554394587769,0.07962484824783686,0.2362788417273021
5209,28.0,0.07787353853137467,0.07111894852497122,0.21690302147004475
5209,29.0,0.0686091743239184,0.0626863750429214,0.19484977606172818
5209,30.0,0.06325634274602324,0.05824525009172361,0.17927816588108852
5209,31.0,0.059835449199586006,0.05537419932414418,0.16926641840734002
5209,32.0,0.05489843593757276,0.05104267734521036,0.1560232824528019
5209,33.0,0.05279091416100432,0.04968545095926441,0.14860230559343765
5209,34.0,0.052601984112120484,0.050204513235981234,0.14433066178351248
5209,35.0,0.049678157585009215,0.04787759853007711,0.13639462310661177
5209,36.0,0.0474020294314987,0.04626540218758535,0.1293685604069101
5209,37.0,0.04545901853482775,0.044834157556841434,0.12336019448389798
5209,38.0,0.04336928065111292,0.043164394727808836,0.11955740245189264
5209,39.0,0.04282443858168317,0.04300481543867112,0.11759826550894967
5209,40.0,0.04172544132075678,0.042178219054672964,0.11555648905320272
5209,41.0,0.04218651779620653,0.042802603124881794,0.11534654637058271
5209,42.0,0.040042279801039304,0.04074197549890278,0.11297858592380987
5209,43.0,0.03975533288789418,0.040665561071569656,0.11234903059512948
5209,44.0,0.041255483913925986,0.0424000868316616,0.11303461455784039
5209,45.0,0.04105518936156055,0.04263546805909324,0.11314000560232097
5209,46.0,0.038932295047533705,0.04063715776025759,0.11246376566712801
5209,47.0,0.03742358333901397,0.039274774240824394,0.11104182892483187
5209,48.0,0.036522948121683704,0.0383993064576878,0.11004951340309373
5209,49.0,0.03577948796422209,0.037603720033687976,0.10955028666826962
5209,50.0,0.03506641718202747,0.036901432178297104,0.10978540536817158
5209,51.0,0.03481069188893846,0.03666180809858808,0.10922270657464173
5209,52.0,0.034593932391917145,0.03649637655632798,0.10913021167634368
5209,53.0,0.03372215432985604,0.03566526952077285,0.10961687236318994
5209,54.0,0.03294011228709038,0.03480597167178089,0.10890888921869883
5209,55.0,0.032707737995751766,0.0347025557756052,0.10902794447484582
5209,56.0,0.03376782259397788,0.035801931666331825,0.11011533310892917
5209,57.0,0.034146995448822534,0.03623984892394741,0.11094709894470862
5209,58.0,0.0346699123615136,0.03679412446881713,0.11162846090303125
5209,59.0,0.03420951681563456,0.03633959925559642,0.1116193932570421
5209,60.0,0.03278434908789899,0.03484668410424976,0.11079677312091592
5209,61.0,0.032021846503707076,0.03413323255199439,0.11135808439168156
5209,62.0,0.0315177952235564,0.03362583177164526,0.11046191152604896
5209,63.0,0.03064074261887116,0.032839911217583895,0.11061728653492744
5209,64.0,0.029897284799777202,0.03229766925022202,0.11108616350640572
5209,65.0,0.030490522525331028,0.032957778383840244,0.11138831925322559
5209,66.0,0.029470801796608128,0.03197816662240766,0.11088626759867291
5209,67.0,0.029775541986146688,0.032324797856327685,0.11143740096164015
5209,68.0,0.030120317187403316,0.03273373434822728,0.11193686607803024
5209,69.0,0.030937057930648396,0.03352534991204544,0.11322939739831846
5209,70.0,0.03156444844339031,0.03417353927678096,0.11343737900036031
5209,71.0,0.030347847933477664,0.03293762937581526,0.11217376177337061
5209,72.0,0.0304809796021081,0.03314577641660712,0.11248528969815264
5209,73.0,0.03010926918674748,0.0328704764070327,0.11240691057961116
5209,74.0,0.029519643418616282,0.03243946849498543,0.11224004384071605
5209,75.0,0.029036768044701164,0.03197372669316751,0.11187715379715256
5209,76.0,0.02912999871659517,0.032122357036235394,0.1124368661348627
5209,77.0,0.02931815628344213,0.03228279343372514,0.11288757970302658
5209,78.0,0.029155623615434684,0.032119106770528365,0.11290560563225539
5209,79.0,0.029404650989363686,0.03238708275184708,0.11254308888598921
5209,80.0,0.02903065397227728,0.032011630421224596,0.11216409400692699
5209,81.0,0.028855988585563284,0.0318393577016117,0.11237417303843479
5209,82.0,0.02948996070769343,0.03246172554272846,0.11287000285641792
5209,83.0,0.029540337541495203,0.032540045691261836,0.11305563924446654
5209,84.0,0.029755808100552842,0.03273925399293041,0.11307689233323139
5209,85.0,0.02977446708815301,0.03274174053386676,0.11337408437528194
5209,86.0,0.029395524309298652,0.03238798309325877,0.11377899157931719
5209,87.0,0.029411777496089787,0.03239015185763785,0.11364305599170585
5209,88.0,0.029565730443895,0.03246098927976308,0.11378796927618487
5209,89.0,0.029935314610386406,0.032845497023955325,0.11375440910626831
5209,90.0,0.029800407315381215,0.03287528926257443,0.11378204532006565
5209,91.0,0.029948252586835283,0.03301447316912051,0.11406064325777308
5209,92.0,0.029759251474360284,0.032894554085309044,0.11407287894402518
5209,93.0,0.029522234218594727,0.03268161899400999,0.11398383705532081
5209,94.0,0.02982334519256366,0.032925028345839144,0.11384002288367413
5209,95.0,0.029375691735617944,0.032505161261851157,0.11380186635508652
5209,96.0,0.029451159880948864,0.03256860847746486,0.1135978654480863
5209,97.0,0.029075916838373426,0.03213068505710601,0.11314269267357561
5209,98.0,0.02830202108320927,0.03129439420946555,0.11252323413884188
5209,99.0,0.02816404238255459,0.0311477200259762,0.1123095471120524
5209,100.0,0.028320526493489713,0.03127787959489505,0.11214015751577425
5210,0.0,2.9066038639870517,5.408116675855963,6.564657815288973
5210,1.0,0.42436560475499446,0.4408563096400798,1.1584714933944786
5210,2.0,0.3664781970972926,0.35410454497717087,1.0285741267152413
5210,3.0,0.3322505125216419,0.31243619734899314,0.9222531335733087
5210,4.0,0.3111151424110854,0.2887100036150969,0.8704166198602736
5210,5.0,0.28516310396554256,0.2643870699697443,0.7925348967935428
5210,6.0,0.2609868025174388,0.24047347322197543,0.7347096985657515
5210,7.0,0.2483206466695784,0.2290977112663656,0.6924557531468778
5210,8.0,0.23657634902088046,0.21871127613936495,0.6610516491488573
5210,9.0,0.22448118708440237,0.207407103443925,0.6268657608548908
5210,10.0,0.21244874167574096,0.19695288049187526,0.5887828398681456
5210,11.0,0.19920804350007976,0.1847892351777842,0.5549798614469136
5210,12.0,0.1898011008961453,0.17608890923585313,0.5293963201016221
5210,13.0,0.18278384118919055,0.16970847631549157,0.5085425258402425
5210,14.0,0.1719991511163147,0.15928772295610388,0.4810329733130097
5210,15.0,0.16002188074044016,0.1480344358141225,0.4481178578353594
5210,16.0,0.15125641111156793,0.13973633202837255,0.4261319126232719
5210,17.0,0.14406749883109646,0.13322177005448393,0.40448977347256354
5210,18.0,0.13902339541820383,0.12853927233228069,0.3883060470575253
5210,19.0,0.13386388983659064,0.12375928467979708,0.374603640359904
5210,20.0,0.12371638533764348,0.11397244864831592,0.3485505063775936
5210,21.0,0.11482956531110888,0.10560075815539448,0.3235426535461953
5210,22.0,0.10479116490777486,0.09585971335218578,0.2983067455945027
5210,23.0,0.09430611443900778,0.0860675224635668,0.26820866574198915
5210,24.0,0.08605956277160601,0.0784562046285593,0.24431352786343605
5210,25.0,0.07833974974093498,0.07141978659499289,0.2204134890567531
5210,26.0,0.07035061662238165,0.06429442493810546,0.19524198891163083
5210,27.0,0.06519564540560872,0.05982587064865616,0.17806248821921467
5210,28.0,0.06091553570554356,0.05644339416981886,0.16175104861678144
5210,29.0,0.052917730398739794,0.04911993835491192,0.1431696820554129
5210,30.0,0.04744477317260846,0.044234073229907564,0.13204449913419977
5210,31.0,0.041277911727013755,0.038914704064587184,0.12068141832257023
5210,32.0,0.03663796109089308,0.03509192078122532,0.11307006453465963
5210,33.0,0.03177932140205761,0.03096176845027285,0.10889171391111821
5210,34.0,0.02791377893898835,0.027994771840170414,0.10890685690016355
5210,35.0,0.02593695784540741,0.026543813779285576,0.110615488521692
5210,36.0,0.025030804544161855,0.02595628429725739,0.11267030974283528
5210,37.0,0.024692237256772023,0.0259863670490291,0.11576767386410888
5210,38.0,0.025611851994221096,0.027029883311187313,0.11925350198676216
5210,39.0,0.02635492608745007,0.027794626313518807,0.12280366173100915
5210,40.0,0.027404986670760138,0.02897788485926063,0.1290311434243533
5210,41.0,0.02881059200516349,0.03050642308026611,0.13244608691754958
5210,42.0,0.0318463852538543,0.033545906398332666,0.1368535332567238
5210,43.0,0.03323908669547331,0.034875655974373414,0.14185867785922368
5210,44.0,0.034385436434315686,0.03601273712545575,0.14646708298635067
5210,45.0,0.035093936662138996,0.03665616385583386,0.1478227978466003
5210,46.0,0.03513441233093209,0.036590780086105404,0.1498987839796869
5210,47.0,0.03502328587450534,0.036430119426809134,0.15234636488403272
5210,48.0,0.0349324601086658,0.03632698879303794,0.1523644202000215
5210,49.0,0.035072364242876096,0.0363440930810225,0.1538483209807848
5210,50.0,0.03629890597368493,0.03752690824883789,0.15457129959630764
5210,51.0,0.03499637981054296,0.03619145857571958,0.1545132646432537
5210,52.0,0.03447078633618657,0.0356544523501655,0.15552966388780637
5210,53.0,0.03498405470224632,0.036174129683398684,0.15552559237902655
5210,54.0,0.035312256722774375,0.036539448208026605,0.15610725263829145
5210,55.0,0.03513610849856385,0.03632413435834163,0.15707283616726742
5210,56.0,0.03548828415243664,0.036671857094852336,0.1598513990473302
5210,57.0,0.03658265886895681,0.03770721430938956,0.16267889463061655
5210,58.0,0.036907013243896516,0.038044555108614174,0.16367028615250362
5210,59.0,0.0366583281273227,0.037835832400270476,0.16489784517752495
5210,60.0,0.03678410698219112,0.037939827361952755,0.1654898267668088
5210,61.0,0.03698743098743958,0.03812494209975521,0.16739328903066925
5210,62.0,0.037187584345741875,0.0383144260455701,0.16749474394936087
5210,63.0,0.037235241944650145,0.03838721362078298,0.16670247930536616
5210,64.0,0.03656271205554525,0.03773912200797663,0.16562138003751065
5210,65.0,0.036151735844362445,0.037358207669557546,0.16466005356402946
5210,66.0,0.03589021533757767,0.03706178089788472,0.16383856405608613
5210,67.0,0.035393414498699885,0.03662943083142805,0.16171170533141452
5210,68.0,0.03492637836266897,0.03625909332829508,0.16006111093238246
5210,69.0,0.034924765882557864,0.03624619590614302,0.15960725867404862
5210,70.0,0.03497193321575501,0.03634994213069078,0.15838288988415053
5210,71.0,0.03474809177345219,0.03607578463390606,0.15752736154914254
5210,72.0,0.03461897049782218,0.03596625237585513,0.15634291044405207
5210,73.0,0.034169945956575735,0.035476151502159735,0.15498082186191967
5210,74.0,0.033635008003753936,0.03489779147926379,0.15356594989554645
5210,75.0,0.03331508039638321,0.03458932725585863,0.15172503894881986
5210,76.0,0.03286478894363934,0.03410987472154498,0.15036151946174664
5210,77.0,0.032543014310071686,0.03382347115922635,0.14919909386083602
5210,78.0,0.032169413722380004,0.03353296847986908,0.1477538808775816
5210,79.0,0.03172443175699176,0.03304943668668881,0.14626609766898466
5210,80.0,0.031606324311568616,0.03285747938429523,0.14554857263314322
5210,81.0,0.031099139235007733,0.032369131369211455,0.1434786097332185
5210,82.0,0.030935592297989846,0.03219229827325058,0.14232043138333142
5210,83.0,0.030546773961240812,0.031822649720774004,0.14097705843219385
5210,84.0,0.03024114881250584,0.031558558746998595,0.14008337762345976
5210,85.0,0.030221295020475828,0.03157471089536347,0.13964626072281028
5210,86.0,0.03021749849361731,0.03153167336206077,0.1388356901546356
5210,87.0,0.030088690156649354,0.03143612564539746,0.13749239160495366
5210,88.0,0.029746439719248008,0.0310541976801849,0.136283724356781
5210,89.0,0.029759825246044008,0.03110196011973189,0.13597816393483417
5210,90.0,0.029636117566919883,0.03104271942949436,0.13558547093124954
5210,91.0,0.029515449591788423,0.030884923081410554,0.13510834125854154
5210,92.0,0.029556098617991983,0.030912267861704208,0.13551848990573168
5210,93.0,0.029490437496207764,0.030801707675018324,0.13528466511947743
5210,94.0,0.029427341326556864,0.030837224401635555,0.1349515660686456
5210,95.0,0.029459828627558818,0.03088662083403397,0.1345481065525923
5210,96.0,0.02944257731280272,0.030893905188341234,0.13416275954645035
5210,97.0,0.029426314289111244,0.030843204562265657,0.13400446105430008
5210,98.0,0.02938929329765965,0.030791950004190626,0.13395690309543642
5210,99.0,0.02924139756769984,0.030659091265090824,0.13355430766882553
5210,100.0,0.029185754254443814,0.03064445111723735,0.1332609150951561
5211,0.0,2.9066038639870517,5.408116675855963,6.564657815288973
5211,1.0,0.6120239245310019,0.6249280773440419,1.2561601488332823
5211,2.0,0.555223829498116,0.5474418945256679,1.0461289858452412
5211,3.0,0.4907872695543817,0.4772561877967144,0.9097324329779939
5211,4.0,0.43368444959711544,0.41948286610852414,0.7855939271801835
5211,5.0,0.40656760641815703,0.3914122985501812,0.7402067363817492
5211,6.0,0.37703752513110467,0.3641550381261664,0.6617289265172257
5211,7.0,0.35910706849538465,0.3481750965771259,0.6009829543100721
5211,8.0,0.3462771562454068,0.33787525803053353,0.5455924741844732
5211,9.0,0.343573598617768,0.3373051826353808,0.5176813487118008
5211,10.0,0.3305042005821277,0.3253907107666621,0.4831290924795679
5211,11.0,0.31015179509985963,0.305663929925738,0.44663506185563084
5211,12.0,0.2945318455691469,0.2907866865330215,0.421791462962562
5211,13.0,0.2750164311703575,0.27185893189738297,0.3907208117534152
5211,14.0,0.26646981133026515,0.2639920869550924,0.37155253697216506
5211,15.0,0.2598997198433571,0.2579813715667948,0.35471789521033387
5211,16.0,0.2587039212873218,0.25767070451388346,0.34862822442084096
5211,17.0,0.2412438440987155,0.24046839006698656,0.32243641224264785
5211,18.0,0.22727189538921314,0.22663866994650825,0.29855234502305394
5211,19.0,0.2122719194226395,0.21197580745394004,0.2772972252944957
5211,20.0,0.1984583147157025,0.1983521528577122,0.2591389653045615
5211,21.0,0.18113694142665263,0.18150452934964942,0.23250676867222794
5211,22.0,0.16268929247590028,0.1630488636502863,0.20782686497963607
5211,23.0,0.14443476899030014,0.14487330528687217,0.18337796563224892
5211,24.0,0.12622225317704144,0.12677819874748944,0.16279339341002294
5211,25.0,0.1170810431550051,0.1177764889569795,0.15456037396111624
5211,26.0,0.10451508442776863,0.10541374786834372,0.14508813639369897
5211,27.0,0.09400255605864573,0.0952000511470033,0.13669611819306704
5211,28.0,0.08466443010936331,0.08610247121683773,0.13331088406434902
5211,29.0,0.07824770045738136,0.07989991150409795,0.13154672845642226
5211,30.0,0.07651007035194941,0.07836160575286429,0.13358144614882414
5211,31.0,0.06832022336375637,0.0702959480066642,0.13311736273594868
5211,32.0,0.059411325082975315,0.06143219734561969,0.13329326992533386
5211,33.0,0.05680838981400226,0.058949118036817606,0.137299294196212
5211,34.0,0.05323464923067865,0.05545647250929511,0.14237840452555414
5211,35.0,0.04511499033640489,0.04731235608580079,0.14380237940450008
5211,36.0,0.03874721595523339,0.04101705161514638,0.1455242851795096
5211,37.0,0.03683865642934443,0.03926909892232,0.14613265609209997
5211,38.0,0.033473988517532215,0.03591824302426031,0.14655005544517255
5211,39.0,0.03200945006075551,0.03456886313324077,0.14843053757086844
5211,40.0,0.03208669481579797,0.03457873358566506,0.15243036759336184
5211,41.0,0.032510558940792744,0.03496658436303383,0.15616637153064308
5211,42.0,0.03310580919267256,0.03537344086892846,0.1593492194254422
5211,43.0,0.03351845641988751,0.035857254372186446,0.16022797467091254
5211,44.0,0.03309038033546801,0.03548339026388235,0.15945632767503667
5211,45.0,0.03297076644126965,0.03543418403012318,0.15849957294693615
5211,46.0,0.032283180818133764,0.03491290093360283,0.15594194179821833
5211,47.0,0.0319826359509945,0.034686956490540585,0.15407945853776972
5211,48.0,0.032088803249656045,0.03468996025251371,0.1536727892407286
5211,49.0,0.03205054925215851,0.034652908467301256,0.15281828612345402
5211,50.0,0.032030862984324004,0.03460896485869179,0.15173422786036314
5211,51.0,0.03214153516302356,0.034638703901744665,0.15161996593580038
5211,52.0,0.031864327993070936,0.03433734045482052,0.1499911181836874
5211,53.0,0.03190065812165613,0.03429386019683915,0.14840691772065132
5211,54.0,0.03210250530037991,0.03447300413883851,0.14831479075462262
5211,55.0,0.03273027292025503,0.03508187049924351,0.1473999428371914
5211,56.0,0.032346393832818426,0.03480621783422658,0.1462029388623484
5211,57.0,0.03191238444287419,0.03449767874744644,0.1450327350408352
5211,58.0,0.03183202018093609,0.03438127101885096,0.14489485553432668
5211,59.0,0.03133490418856758,0.03390608519751932,0.1447041770904278
5211,60.0,0.03127033707223274,0.033881654912290005,0.1439366720976796
5211,61.0,0.03130305553798187,0.033822376549863434,0.1439764260175943
5211,62.0,0.0315943242596728,0.033991540512171216,0.14463293716463527
5211,63.0,0.03179453251932508,0.03416495048115127,0.1448014881358716
5211,64.0,0.0314635735338894,0.03384148670828204,0.14372365153412484
5211,65.0,0.03132281689767996,0.03373533668154405,0.14208163143032693
5211,66.0,0.03128928178442632,0.03381373909960665,0.14095841544609064
5211,67.0,0.031080769747044393,0.03368198388970941,0.13938094406522689
5211,68.0,0.03098201844302136,0.033517810190374135,0.13804710815746518
5211,69.0,0.03078419683927373,0.033296129585229754,0.1370085668353252
5211,70.0,0.03042041666126893,0.03299213902788665,0.13570442776774722
5211,71.0,0.029902155723796862,0.03259898639000897,0.13394820224270002
5211,72.0,0.02952597396580097,0.032355804686266844,0.1326190875706701
5211,73.0,0.029142767100963828,0.03209750407538265,0.13145001758899627
5211,74.0,0.02914304419462768,0.03213880150324174,0.13132297956778308
5211,75.0,0.02928071397986723,0.03222021271222013,0.13063806720983334
5211,76.0,0.029018736748944736,0.03195885789442297,0.12904763562177277
5211,77.0,0.02874426822448058,0.03171240344710095,0.12785354949803746
5211,78.0,0.028431247859795773,0.031439509319989276,0.12631867596005322
5211,79.0,0.028131430548790776,0.03106542315470219,0.12472436215967016
5211,80.0,0.028397855219499675,0.031245689962007783,0.12356185797332957
5211,81.0,0.028317780060941582,0.031247771997638396,0.12246768905752026
5211,82.0,0.028262019383866358,0.03125485647140513,0.12105859745517245
5211,83.0,0.028075998962711863,0.031066673660214598,0.11970726645138295
5211,84.0,0.02786440780034531,0.030785530668808004,0.11859063495721002
5211,85.0,0.02762311365320474,0.030534803897005896,0.11737936393060104
5211,86.0,0.02736611451047993,0.0303022206190053,0.1161135612827199
5211,87.0,0.027083429957492064,0.030087176965754414,0.11510463987818131
5211,88.0,0.027255601772220164,0.030300818069009323,0.1148523357588309
5211,89.0,0.02677773573664059,0.02987238208587143,0.11478893252248615
5211,90.0,0.026854358115526233,0.02991782962452894,0.11451980423553154
5211,91.0,0.02715606064530476,0.030190481852879855,0.114193593402829
5211,92.0,0.027533369493695056,0.030562582703096065,0.11385184063168181
5211,93.0,0.027461551304751277,0.030489276004546866,0.11341778059422929
5211,94.0,0.0275657232861105,0.030661357910820242,0.1131143573088778
5211,95.0,0.027779107037843333,0.030880532836484932,0.11274780817198914
5211,96.0,0.02737599442998904,0.030455381536064134,0.11194303098833179
5211,97.0,0.027210408083246637,0.030195463443684963,0.11137043613961056
5211,98.0,0.027191580886618605,0.030125104446818866,0.11101202040933313
5211,99.0,0.026813880808249146,0.0297007807849331,0.10977808114763686
5211,100.0,0.026440636349045858,0.029335416975262325,0.10882292701136928
5212,0.0,2.9066038639870517,5.408116675855963,6.564657815288973
5212,1.0,0.6068214273365935,0.6421522990479399,1.2765394150957907
5212,2.0,0.5267977297083571,0.536952592172619,1.0448880410098509
5212,3.0,0.4528684693386752,0.46123524561718593,0.9079878300175583
5212,4.0,0.4356719948019403,0.44517018253414675,0.8402559565109634
5212,5.0,0.42685137987146493,0.4397218157444661,0.7790176126255576
5212,6.0,0.4266980857264746,0.4434217007074224,0.7198883901771871
5212,7.0,0.42124706309586424,0.43706562693721185,0.6719924122756314
5212,8.0,0.4239424492228402,0.4371605761253833,0.6532380463256553
5212,9.0,0.40029732777184546,0.41212564532037127,0.6176536030401366
5212,10.0,0.37247214933302714,0.3829884519867761,0.5690218502765083
5212,11.0,0.36754045010087005,0.3762646540906895,0.553773892478805
5212,12.0,0.34590138996270714,0.3530340003860008,0.5189217219758665
5212,13.0,0.3318837240237711,0.33764759157033114,0.4981677992262002
5212,14.0,0.3140975050840798,0.31867547575728017,0.46655807714429054
5212,15.0,0.3032667212786747,0.3074062742750486,0.4445782577676998
5212,16.0,0.2903016294161841,0.2942186858668766,0.4211954357025159
5212,17.0,0.28076581738409856,0.2847932171221864,0.4044396195802628
5212,18.0,0.2698433240494149,0.27382612999901046,0.38445062926895784
5212,19.0,0.2651642797549003,0.26930915060143107,0.3740805928184856
5212,20.0,0.2561164263913174,0.2603281248441277,0.35700908924482055
5212,21.0,0.23766274109832303,0.2418517051993034,0.32601796591735416
5212,22.0,0.2176602264091383,0.22189429351329115,0.29175518370594467
5212,23.0,0.19396173774814354,0.19815051624498267,0.25514820517970616
5212,24.0,0.16613594609831442,0.1704736461436023,0.21451231500315018
5212,25.0,0.1371103393015034,0.14131199075694967,0.17658871736135673
5212,26.0,0.1228823574811091,0.127075653934812,0.1570993135889345
5212,27.0,0.10539344333086154,0.10971518183428695,0.13764382769773362
5212,28.0,0.09060420243227844,0.09505429093900511,0.1259813050840254
5212,29.0,0.07456876236396746,0.07888270011313872,0.11693677870416054
5212,30.0,0.06156286162996597,0.06615599981556308,0.11574096693552319
5212,31.0,0.054844277615291794,0.05960605244677231,0.11771333844268275
5212,32.0,0.04957789146500169,0.05447978016657492,0.12101645280372537
5212,33.0,0.04626176812494667,0.05136075335245357,0.12486515781242218
5212,34.0,0.03967446488960342,0.04474689636872368,0.12764586431297414
5212,35.0,0.035348177560421565,0.04037336218239897,0.13092207834539285
5212,36.0,0.03428299334344536,0.039135991131151945,0.13541032295922728
5212,37.0,0.031263858440262506,0.03575324772869785,0.1385426806186104
5212,38.0,0.03202010498683725,0.036180611887330766,0.1471225251602847
5212,39.0,0.033111581004816204,0.037106400093390966,0.1547002062036228
5212,40.0,0.034394405655140826,0.03794075697932833,0.1616721301961577
5212,41.0,0.03551336972605657,0.03852742745023888,0.16738437066674572
5212,42.0,0.03671149573130097,0.03929989759485326,0.17348955144959913
5212,43.0,0.03817351960023865,0.04066197662430217,0.17755812611963337
5212,44.0,0.039669665005849716,0.04199805478489763,0.18274180107260476
5212,45.0,0.04058561020481071,0.04276676892605812,0.18532928035396354
5212,46.0,0.041672746171945343,0.04369644962944804,0.1879197224963957
5212,47.0,0.043175783168820994,0.044927676514540715,0.19286383540860802
5212,48.0,0.04388243976620154,0.045449983631276746,0.19496177814399251
5212,49.0,0.04468318433324009,0.046038046810035996,0.19713877777059058
5212,50.0,0.04603004699259533,0.04728080444592283,0.2004568566693302
5212,51.0,0.04676066433656489,0.04789099534221529,0.20305077274175723
5212,52.0,0.047135170057544744,0.04815280471584399,0.203618386283777
5212,53.0,0.04736027842647151,0.04826775311164063,0.20334331669243325
5212,54.0,0.04775017871389427,0.048529976671458336,0.20283825884477838
5212,55.0,0.048296113679855576,0.04897519219492337,0.2038639874655499
5212,56.0,0.048518033482287906,0.04908914783865238,0.20487948902464856
5212,57.0,0.04927063690159991,0.04968466672224323,0.20575397899441725
5212,58.0,0.05007505453790692,0.05042276400671972,0.20738186054230717
5212,59.0,0.05071482719680878,0.050880681305862374,0.20827772674450293
5212,60.0,0.05108924577026696,0.05126977173754029,0.2088991603909279
5212,61.0,0.05145500040566361,0.05162655119932132,0.20937806833068795
5212,62.0,0.05178565390193934,0.05195299963615509,0.20858898695424993
5212,63.0,0.05216719814265519,0.05223264510992551,0.2085076487283451
5212,64.0,0.052208842480545026,0.05223744113524465,0.20777990087638995
5212,65.0,0.05188031814942439,0.05194945565386142,0.2051488158930498
5212,66.0,0.051379672829022484,0.05142792229657409,0.20342897466904858
5212,67.0,0.05135208003153637,0.051413308576532486,0.20195574816283107
5212,68.0,0.050917337357708044,0.05101355348116439,0.20158524345972645
5212,69.0,0.05145489452579717,0.05146330600099033,0.20152755587976334
5212,70.0,0.05122131652088381,0.051189779022852086,0.20024197787759296
5212,71.0,0.050885648832889714,0.05081816233455872,0.19949020939331621
5212,72.0,0.05068352883146407,0.05055010145825967,0.1994577750784788
5212,73.0,0.05097462260154131,0.05076876253128497,0.19912028463070391
5212,74.0,0.051426479228364144,0.051215712866733924,0.19853371501274647
5212,75.0,0.052401455768672896,0.052096468906552125,0.1973844051140754
5212,76.0,0.05232150037019324,0.052057359242127406,0.1965301921160092
5212,77.0,0.0520147659806961,0.051796997225736656,0.1951441590022379
5212,78.0,0.05223335031458763,0.0520405432958896,0.19462613901616105
5212,79.0,0.05180065973702173,0.051578987880105356,0.19317752363040713
5212,80.0,0.05147763197012236,0.051377856423964946,0.1917947713372521
5212,81.0,0.051372694492885715,0.05136416369919213,0.1905573253999759
5212,82.0,0.05110026468687966,0.051124849352153286,0.1906231131162812
5212,83.0,0.05078871803614147,0.050808515645324306,0.19017494227256473
5212,84.0,0.05092356463384708,0.05095785654215569,0.190411265981831
5212,85.0,0.05137534203945075,0.05140965781824651,0.19030865009041822
5212,86.0,0.051452753375779745,0.051477404977453525,0.1905783363394472
5212,87.0,0.05173964484537442,0.05176325714302256,0.1906019163839218
5212,88.0,0.05235451075739322,0.05233668266921197,0.19059573183377718
5212,89.0,0.05220065547301528,0.052148202749613105,0.18923357222272136
5212,90.0,0.05181705704798012,0.051784737580151695,0.18820801027703207
5212,91.0,0.05186581550624778,0.05180675139611351,0.1873357808522626
5212,92.0,0.05185760723983664,0.05181741317632299,0.18647739585362075
5212,93.0,0.051536039072974105,0.05155144366358712,0.18553024339510926
5212,94.0,0.051433662485929614,0.05154313276558335,0.18451929107521578
5212,95.0,0.051306512146490006,0.05143090930781608,0.1834576112905511
5212,96.0,0.051551163620097575,0.05170263596310279,0.18269480048914205
5212,97.0,0.051591730089862134,0.05173938443716866,0.1816207813488697
5212,98.0,0.051184733906249384,0.05138673509565574,0.1802121484600149
5212,99.0,0.0507805954570708,0.05100186757161006,0.17938766902702752
5212,100.0,0.050053522647181596,0.05030771720690201,0.17777454743502616
5213,0.0,2.9066038639870517,5.408116675855963,6.564657815288973
5213,1.0,0.5004905678187385,0.5049229957040956,1.2461980577536114
5213,2.0,0.40528501219594787,0.3917122518806307,1.0753415987352566
5213,3.0,0.37000632027597125,0.34846084665138,0.9996047290538924
5213,4.0,0.33349008999333823,0.310183173901361,0.9141952877221781
5213,5.0,0.3032817557623098,0.2800629613371606,0.8404881916574859
5213,6.0,0.28435377345262225,0.2620911190257867,0.7879795495220034
5213,7.0,0.2677009560733682,0.24661641905081144,0.7393393979181111
5213,8.0,0.25102149315564826,0.23092783845872822,0.6945651880711988
5213,9.0,0.23685448784055507,0.2176197878006906,0.6566116971760437
5213,10.0,0.2215501204523998,0.20363045814996314,0.6151841364442223
5213,11.0,0.20492626722760032,0.1880725782599118,0.5708661873641232
5213,12.0,0.19035048208176375,0.1739766601329309,0.5345518813108778
5213,13.0,0.17987397464080832,0.16408072792771997,0.5078502067944672
5213,14.0,0.170590871351101,0.1555966135621453,0.48148702088659034
5213,15.0,0.16179730849490742,0.14758628123641948,0.4565132539698199
5213,16.0,0.15438594138191575,0.14098918306855562,0.4343646361575202
5213,17.0,0.14720251159759834,0.13459188897368338,0.409780070452826
5213,18.0,0.14093076155608325,0.12880228627424448,0.3928731831832842
5213,19.0,0.13796277768726442,0.1261492976226761,0.3834741774551976
5213,20.0,0.13176973378463486,0.1203227605239185,0.3683338819725411
5213,21.0,0.1248983733565329,0.1138769194130195,0.35128554061859546
5213,22.0,0.11735115763907661,0.10709510678880715,0.32947489254593687
5213,23.0,0.10625854883795827,0.09756396644111173,0.29359368105799516
5213,24.0,0.0980818244026316,0.09087606816193011,0.26400208227088534
5213,25.0,0.09249565125244642,0.08678112006677602,0.23973091530155
5213,26.0,0.0879430076146132,0.08363608954737425,0.21828619249490105
5213,27.0,0.08350844180511753,0.08023242197728177,0.2012487857568448
5213,28.0,0.077869773391206,0.07550305211461789,0.18205994706772682
5213,29.0,0.07387084128122638,0.07255646248549064,0.16539421832909956
5213,30.0,0.0678856024049633,0.0674007950320225,0.15058692173553542
5213,31.0,0.06466502820293285,0.06514570368279704,0.14037171110182647
5213,32.0,0.06021193894828631,0.061210625776415936,0.13400484454890013
5213,33.0,0.05675235490618147,0.05829015859589252,0.12978783009899722
5213,34.0,0.05635603180564193,0.05846836955851713,0.1305275562606864
5213,35.0,0.05848621319815897,0.06118916649854276,0.13579362055207905
5213,36.0,0.05478495447480263,0.05768512351125486,0.1383841121505281
5213,37.0,0.05852775228978265,0.06148585699675464,0.14631876303005378
5213,38.0,0.061751086728310596,0.06472421635996595,0.1539733435696302
5213,39.0,0.06347615612860708,0.06652014087712438,0.16059799248914675
5213,40.0,0.06350936931513813,0.06662624966116622,0.16650770934450487
5213,41.0,0.06369792709233543,0.0669696123931206,0.17263727980795324
5213,42.0,0.061497807935527435,0.06481042382482846,0.17683632745203806
5213,43.0,0.0581578870916224,0.06154311528706797,0.17969567599531105
5213,44.0,0.05562092962082635,0.0589182890309961,0.18279558461775947
5213,45.0,0.055242017482805064,0.05846807753312341,0.18706404244372446
5213,46.0,0.05534318340272626,0.05857210267026517,0.19017778748273942
5213,47.0,0.05458607166381313,0.057808350085946036,0.19149752439164533
5213,48.0,0.05286726352199806,0.05604076747368859,0.19153656284084597
5213,49.0,0.05189480987081762,0.05502444951924175,0.19031873610506647
5213,50.0,0.053054631181276575,0.056156720258027946,0.19145688325562893
5213,51.0,0.051933624401799806,0.05494704328610592,0.18958034155042644
5213,52.0,0.050978342932079264,0.05399278394215188,0.18728069926816937
5213,53.0,0.05046516022704935,0.05336419271064001,0.18566482014822486
5213,54.0,0.049898231981483,0.05269569874409715,0.18380414560363564
5213,55.0,0.04983115583998627,0.052546288105114886,0.18205371631815292
5213,56.0,0.04814880642383574,0.05093936594418491,0.17650662181717766
5213,57.0,0.04753376532057256,0.05033015591154108,0.17177181719352802
5213,58.0,0.04798594902478565,0.05082302766993616,0.1678651700728429
5213,59.0,0.04480323037812048,0.04780354433163796,0.16406397233736558
5213,60.0,0.04211908591218681,0.04517284661490027,0.1601130142577263
5213,61.0,0.04077327227635833,0.04395164628025675,0.15592503939924848
5213,62.0,0.039019774396594986,0.04214717725980258,0.15231064980707115
5213,63.0,0.03783376314957876,0.04092414537260046,0.14940328571418696
5213,64.0,0.03666409251819774,0.03991798879752923,0.14541031723248227
5213,65.0,0.03642868264356466,0.039679702092771635,0.14309792208704983
5213,66.0,0.0363424763557923,0.03963543939229786,0.1406084207635768
5213,67.0,0.03577459491143817,0.03911160778423722,0.13816845197630917
5213,68.0,0.033639440919145315,0.037041260153199244,0.13520805658854881
5213,69.0,0.032483122935030403,0.03589562316750796,0.13392880768020204
5213,70.0,0.03235753486905904,0.035717706633305306,0.1323274760364425
5213,71.0,0.03178909040810736,0.03511493555900866,0.13023558980497021
5213,72.0,0.03184919462810034,0.03510187709408527,0.129348685354779
5213,73.0,0.03167334414773732,0.0349090358763613,0.12801585747542235
5213,74.0,0.03111816715783434,0.03430410420648179,0.12627817174822797
5213,75.0,0.030338393881909145,0.03353205441828445,0.12488354482065217
5213,76.0,0.029372743186156524,0.03255359862914366,0.12257502534034945
5213,77.0,0.02922797509784899,0.03237799585789164,0.12022112975114346
5213,78.0,0.029234801909173613,0.032312483589897203,0.1190699127978109
5213,79.0,0.029321894286331716,0.032353520220493606,0.1184205726315258
5213,80.0,0.028379852950549747,0.03142567383669304,0.11650028872656144
5213,81.0,0.0283360700786688,0.03138640099246596,0.11460869634759382
5213,82.0,0.027736275909936495,0.03081824152768503,0.1135647543988298
5213,83.0,0.027419412351964375,0.030409990272984064,0.11236179806350333
5213,84.0,0.02723739259884552,0.030213271438783044,0.11120049228853576
5213,85.0,0.027591373482284246,0.030616908668721708,0.1105281304893166
5213,86.0,0.02725305566705863,0.030254570895508048,0.10866177270718089
5213,87.0,0.026812462935491926,0.029753998966510493,0.1081817998595197
5213,88.0,0.026033663990984605,0.028933843160019224,0.10741522064784165
5213,89.0,0.026017831012014214,0.02880660505361594,0.10664517690685126
5213,90.0,0.02622236939991636,0.028956687691614556,0.1057835296764434
5213,91.0,0.026068254734492386,0.02872710618755559,0.10513290244270321
5213,92.0,0.02597967811918723,0.028628190186045222,0.10447625649600063
5213,93.0,0.025473470512567147,0.028099768181474992,0.10398828588900186
5213,94.0,0.025122510226092215,0.02770567059269371,0.10349705640108296
5213,95.0,0.025056833135195997,0.027587871862537132,0.10296323682254384
5213,96.0,0.025060738562458506,0.027534086967827734,0.10263538810994367
5213,97.0,0.024986628165946576,0.027501985198634584,0.10199000599225859
5213,98.0,0.024761509350186922,0.027200873948043117,0.10156545868398703
5213,99.0,0.02455295868962765,0.026898062564564396,0.10094054637335721
5213,100.0,0.024863129322106506,0.027113248341384795,0.10058028810302545
5214,0.0,2.9066038639870517,5.408116675855963,6.564657815288973
5214,1.0,0.5148688014477627,0.5171315732929891,1.3651187440256674
5214,2.0,0.4577648935526056,0.4512121063168896,1.221241109771827
5214,3.0,0.40849097575063786,0.3866604242323907,1.118538544296574
5214,4.0,0.3758483012148425,0.3503872401727444,1.036527919445606
5214,5.0,0.36489714059767514,0.33838454682550934,1.003124700045462
5214,6.0,0.34118879886883524,0.3142631364093359,0.9439643262226572
5214,7.0,0.3269503588831183,0.30008596974551216,0.9054399160944028
5214,8.0,0.31203280011374707,0.2859194114517723,0.8718991279658398
5214,9.0,0.2987539048879035,0.2740527160875736,0.8389767053711993
5214,10.0,0.28772667208456726,0.26386488353509163,0.8114977100589308
5214,11.0,0.2755319599532585,0.25279026996126225,0.7813908968101007
5214,12.0,0.2628080001927577,0.24123295085447655,0.7465419691088224
5214,13.0,0.2516930961671865,0.2310706991395702,0.7152267108309296
5214,14.0,0.2423003461408726,0.22215069365254997,0.6912691066515475
5214,15.0,0.2347554075174291,0.21528131616162174,0.6708852350515391
5214,16.0,0.227538435653956,0.2085998434506904,0.6530504350368117
5214,17.0,0.2197226646252431,0.20136275113762764,0.6314770099672238
5214,18.0,0.21390604589239248,0.19605267555656056,0.6144517842425768
5214,19.0,0.2063240356499927,0.18903078739963056,0.5925453546859676
5214,20.0,0.2000294619386028,0.18333986551628825,0.5719733891270947
5214,21.0,0.1923035277216375,0.17631486348382513,0.5462420874796577
5214,22.0,0.1819627455742276,0.16699031408415216,0.5116310987775252
5214,23.0,0.17028269141004362,0.15643086336214107,0.47509377088683
5214,24.0,0.15804606963883017,0.14512629809073668,0.4386082094401639
5214,25.0,0.1496634982870244,0.1374612632055934,0.41263500994995406
5214,26.0,0.1396606105061943,0.12844040665278567,0.3803571349830312
5214,27.0,0.13101638732126564,0.12086830100755498,0.34974192677975735
5214,28.0,0.12336981501872052,0.11405962166526994,0.3248469088189227
5214,29.0,0.11954893857230875,0.11102301659014793,0.3067008433601866
5214,30.0,0.11814981275766201,0.11047945946011976,0.2920943090307125
5214,31.0,0.11502956914460108,0.10841848227745693,0.2717375753837714
5214,32.0,0.10585840274359033,0.0998472005348097,0.24958007887977968
5214,33.0,0.0987688946669516,0.09353092565533397,0.2282204249478112
5214,34.0,0.09424386110134855,0.08979443146394304,0.21040363001210988
5214,35.0,0.08764945602628542,0.08382753212348469,0.19324133386579523
5214,36.0,0.08040917649497505,0.07699451801232335,0.1780555236847865
5214,37.0,0.07845974098216721,0.07568010750512431,0.16901640232481893
5214,38.0,0.07625370763597039,0.07391550316915435,0.1618358194797167
5214,39.0,0.07261653440021842,0.07058897295440403,0.15529859107988697
5214,40.0,0.06652918677950852,0.0647678804409609,0.14789891215002274
5214,41.0,0.06298196290081749,0.061486794404251505,0.14322303650265555
5214,42.0,0.061710948519219495,0.06053758847464789,0.14010393925068024
5214,43.0,0.06410360744548037,0.06315520842319255,0.14097962719753235
5214,44.0,0.061330554264519596,0.06041036675169131,0.13723295648456368
5214,45.0,0.05731049839979587,0.05649833656860066,0.13291849062518438
5214,46.0,0.05470779161554596,0.05394461623781849,0.13048719890888708
5214,47.0,0.054932300259188487,0.054382039234954396,0.12946554997458007
5214,48.0,0.05400646529742261,0.05369624200513777,0.12761947606159915
5214,49.0,0.050852091859026935,0.05066241748669718,0.1252063682277696
5214,50.0,0.05071698664507228,0.05076202408604992,0.12532713731604886
5214,51.0,0.049821500833632563,0.05013962535938234,0.12553279672915493
5214,52.0,0.050151222769251304,0.050585391159080756,0.12530785825524451
5214,53.0,0.05098421249141275,0.051514395687144464,0.12593052877387514
5214,54.0,0.049858696744206114,0.05044733496791347,0.12558499524511588
5214,55.0,0.0483585762335295,0.04910981409786323,0.12556034822338827
5214,56.0,0.04768008944134305,0.04853633492785992,0.12627148620532352
5214,57.0,0.0483266529153419,0.04938404806491255,0.1271165488614942
5214,58.0,0.046731491585285445,0.0478908691744222,0.12684716791763553
5214,59.0,0.04636348841508856,0.04757565760640821,0.1271157090588997
5214,60.0,0.045033652669281554,0.04633842512578069,0.12990304159811003
5214,61.0,0.04453155912332464,0.04588962619281671,0.13136792319292034
5214,62.0,0.043475573572260943,0.04496373935913078,0.13356860302654266
5214,63.0,0.04351172980346944,0.044975918307199034,0.13633574021608802
5214,64.0,0.044133699589858036,0.0454877461802282,0.13739474552875108
5214,65.0,0.043056550949179415,0.04448727110522054,0.13881829139378485
5214,66.0,0.04282411899629918,0.04440049444377634,0.14018676009727937
5214,67.0,0.042443538408665514,0.04397956334718416,0.14201495458560429
5214,68.0,0.04256003778914202,0.04409374124776037,0.14289704273366166
5214,69.0,0.04237630727365401,0.04390245332512275,0.14399381348067883
5214,70.0,0.03973683939231074,0.04129663186695044,0.14415541365427134
5214,71.0,0.03995723144847111,0.04154832521202128,0.14562390380939522
5214,72.0,0.0386811201986049,0.04029854958952417,0.14545322323499635
5214,73.0,0.03793533788482641,0.039607828950869776,0.14526423397131935
5214,74.0,0.03670291738529239,0.03842377257917918,0.14574898155929533
5214,75.0,0.03524019897233703,0.037046115793232505,0.14548173295226946
5214,76.0,0.033889718946784754,0.035716703968800896,0.1443148953495887
5214,77.0,0.03222505982903099,0.03414850612240491,0.143552263207147
5214,78.0,0.030493305637289688,0.03262127421291557,0.14228074131018525
5214,79.0,0.029580318147541564,0.03179754854949897,0.14066876103984707
5214,80.0,0.028898300261477695,0.03119264753467731,0.13957126519729152
5214,81.0,0.02811646074661119,0.03041008044659,0.13826820467415007
5214,82.0,0.027736869752376173,0.03008705316569558,0.1367525760430753
5214,83.0,0.02720615236319191,0.029654342419371184,0.13518071954597344
5214,84.0,0.026810356034935014,0.029281579708529112,0.1343299156906315
5214,85.0,0.026209464143403364,0.02873899230552896,0.13244251749059943
5214,86.0,0.025893394135691455,0.028479395365625892,0.1304059741422431
5214,87.0,0.02562226280061688,0.028206911425549243,0.12835684699543756
5214,88.0,0.025524232637476572,0.02809858203459361,0.12689997329427116
5214,89.0,0.02525211804882682,0.02776298509744636,0.12482908402009371
5214,90.0,0.025312895492544295,0.027790757788817625,0.12328906111795958
5214,91.0,0.02571347593657118,0.02821401938431392,0.12234861140331196
5214,92.0,0.025987351316926515,0.028529835255559195,0.12080608791851435
5214,93.0,0.0260692537741409,0.02866249299641642,0.11989134120486471
5214,94.0,0.026433000746434468,0.029042566259195757,0.11940654866162964
5214,95.0,0.026873129753513966,0.02946695132414117,0.11919947739376588
5214,96.0,0.027446035622752298,0.030033349425346634,0.1187523025527539
5214,97.0,0.02778273717982239,0.030369885196766543,0.11780070071722207
5214,98.0,0.02778441133100828,0.030396559308892127,0.11760886437980947
5214,99.0,0.02807209712643216,0.03064850488042158,0.11750960582724236
5214,100.0,0.02856016247856477,0.031141384667095838,0.11723987783978933
5215,0.0,2.9066038639870517,5.408116675855963,6.564657815288973
5215,1.0,0.567013297342911,0.5869691660595703,1.2059396087972027
5215,2.0,0.4634819211366756,0.4692190650179053,1.0125654657908156
5215,3.0,0.4100579654663201,0.4056261749972185,0.8993700663424067
5215,4.0,0.37560256085852006,0.3682193042132952,0.8213784020480417
5215,5.0,0.3599317497433214,0.355933038966179,0.7509413453995245
5215,6.0,0.3389644671226614,0.3356299282898446,0.6985813620097563
5215,7.0,0.32411654321453365,0.32065993208097654,0.660250270866131
5215,8.0,0.31335046687072327,0.309584603101971,0.6313285538616701
5215,9.0,0.29824073520985367,0.2946696947009224,0.6043716514702783
5215,10.0,0.2923585243952044,0.29004676212435776,0.5756928606214041
5215,11.0,0.28594980066310804,0.28454385048039466,0.5501411777830073
5215,12.0,0.2795408178727632,0.27822329303610593,0.5329507978088069
5215,13.0,0.27170897029589686,0.26986522225099147,0.5139010350242394
5215,14.0,0.26492171591082536,0.26332297670558497,0.49254954271846313
5215,15.0,0.25527396591484214,0.2533766311444178,0.4707264330780409
5215,16.0,0.25006763400379795,0.248289693352881,0.45229752697606124
5215,17.0,0.2450845830768699,0.2433336428632693,0.4422306095863497
5215,18.0,0.24330660173788862,0.24165042031684794,0.43393736785567194
5215,19.0,0.23771185892403154,0.23607447398394743,0.42023603893982303
5215,20.0,0.2264796432430456,0.22506812405714388,0.4020971035868415
5215,21.0,0.20810689189238926,0.20662995279746002,0.3733171908636272
5215,22.0,0.1877629046197748,0.1863543984559172,0.33701478045708616
5215,23.0,0.173291184512963,0.17231860787303616,0.3070945596418324
5215,24.0,0.1599264635026946,0.15927957258250813,0.2791163746567553
5215,25.0,0.14437384718937313,0.14379466953521847,0.25059282333849087
5215,26.0,0.13310967503246177,0.13281594373420133,0.22653866190612848
5215,27.0,0.11980369433892174,0.11981372043541164,0.20065343321341458
5215,28.0,0.10795954652053762,0.10832966399125343,0.17790839517176285
5215,29.0,0.09740985132897362,0.09794595626654586,0.15797688268466906
5215,30.0,0.08492594224258117,0.08537334372947217,0.14150618948907978
5215,31.0,0.07812000842667503,0.07895568273794437,0.12863014004821874
5215,32.0,0.06858666479981332,0.06990839256268255,0.11621281093848704
5215,33.0,0.06027093286449394,0.061917065650751994,0.10925024892809033
5215,34.0,0.049623300638012215,0.05170416183664034,0.10535926394197336
5215,35.0,0.04463358534228278,0.0470118656352045,0.10580940334354008
5215,36.0,0.04216422985734272,0.04484870208199476,0.10808014319416732
5215,37.0,0.04291533635720497,0.045877942425387626,0.1123382525324936
5215,38.0,0.041459855262590446,0.04445581284554143,0.11443518867024861
5215,39.0,0.040185551351287874,0.04322834629838694,0.11495309561116175
5215,40.0,0.0369313826939151,0.040108989496171976,0.11789901005265317
5215,41.0,0.035298437443633465,0.03844783755914197,0.12049013762847464
5215,42.0,0.03680891900257075,0.039881249066878725,0.12388287403416529
5215,43.0,0.03583259464670019,0.03885758988434375,0.12522343758100124
5215,44.0,0.03520915932097067,0.03823663177964585,0.12841688005866117
5215,45.0,0.035285627858466465,0.038376463513264666,0.13087393334000078
5215,46.0,0.03494237522113999,0.03805382431902605,0.13369980586813052
5215,47.0,0.033599160061605696,0.03667139011839548,0.13503386991691946
5215,48.0,0.0315228273061518,0.034584387118538826,0.1361964772072162
5215,49.0,0.03194930962809507,0.034996994353465614,0.13963801727632716
5215,50.0,0.03255826495554652,0.03548142213729444,0.1419544217448337
5215,51.0,0.0327289541139384,0.03549240630254823,0.14373886698618302
5215,52.0,0.03205042713792249,0.03473089620358545,0.14553326969792088
5215,53.0,0.031466395398673644,0.03403345645030163,0.1462182582645706
5215,54.0,0.030993762368665696,0.03349929195159502,0.1477644007481913
5215,55.0,0.03142515685121792,0.03391227797138012,0.14973891014558832
5215,56.0,0.031631329561897834,0.03394202109154725,0.15158389835393424
5215,57.0,0.0324671991592372,0.03457747757523677,0.15440721408189956
5215,58.0,0.0331675857117592,0.03514086169486105,0.15644455259366416
5215,59.0,0.033541013315811795,0.03548149168504286,0.15721236642460976
5215,60.0,0.03406082570194431,0.035892059232292835,0.1582005016047706
5215,61.0,0.03441728627841887,0.03623761136527733,0.1583563664679266
5215,62.0,0.03504998232662029,0.036873920266161,0.15967484547922492
5215,63.0,0.03582963338742222,0.03770735619658285,0.1612819242125785
5215,64.0,0.03672225678632342,0.038654090798632426,0.16233258349638538
5215,65.0,0.037074978874422036,0.039056412771775406,0.16280537443231916
5215,66.0,0.03730740507189436,0.03930815501171847,0.1628895149191483
5215,67.0,0.03767618306812222,0.03964084997618262,0.1626121421903312
5215,68.0,0.03784474676403539,0.03977862176868753,0.16181684443296435
5215,69.0,0.038173993687944115,0.04009609124944324,0.16203040537610694
5215,70.0,0.038114965238352276,0.040063703533562006,0.16294811192053998
5215,71.0,0.03853741151396409,0.04045854561508927,0.1633869008640696
5215,72.0,0.03874871974166116,0.04070010955184401,0.16316916755387223
5215,73.0,0.039081060084223976,0.0410473942439254,0.16290639565509968
5215,74.0,0.039037422788579294,0.041065301410736214,0.1619981911686019
5215,75.0,0.039862472856647055,0.04185106264109495,0.16297562605950014
5215,76.0,0.040162369457483055,0.04217927242280664,0.16257767408758256
5215,77.0,0.04076402146782712,0.04266321700319652,0.16157611975772612
5215,78.0,0.0412249841915296,0.043038348538685336,0.16076968391783766
5215,79.0,0.041370098826879614,0.043273384163073934,0.1597600598865993
5215,80.0,0.041540090431018924,0.04342205882423987,0.1588565519633602
5215,81.0,0.04182899779209172,0.043719060802405084,0.15798804932170082
5215,82.0,0.0416491824199459,0.043536189738761076,0.1574327357022822
5215,83.0,0.04165600179130271,0.04356466880069609,0.15568411609758828
5215,84.0,0.0411457763381877,0.04315171829919451,0.15559855814871537
5215,85.0,0.04148302715260499,0.043433390733083804,0.15623990607239654
5215,86.0,0.0413232936186329,0.04325432109950408,0.15619327289505386
5215,87.0,0.04111103346895867,0.043056433122373707,0.15622069666266886
5215,88.0,0.041007327201093194,0.04290828164793875,0.15618197525853617
5215,89.0,0.04077525655772003,0.042621987205704814,0.15648577719613574
5215,90.0,0.0405353241726392,0.04241228291826577,0.15641116235701702
5215,91.0,0.040695912568516575,0.04256326350902534,0.15638171515571286
5215,92.0,0.04012991565552092,0.041980488805806,0.15587554186383484
5215,93.0,0.039758091478142236,0.0415844079095798,0.15510988484459579
5215,94.0,0.03956916677072016,0.04134962739157944,0.15425683475461635
5215,95.0,0.03907251333736906,0.04087183140818482,0.1542513052332699
5215,96.0,0.03892329076500375,0.040715296715859425,0.1539692470375257
5215,97.0,0.03879131508139028,0.04053955329696106,0.15320197342901154
5215,98.0,0.039022276792396955,0.04069063829250533,0.15275474753161875
5215,99.0,0.03898768529294423,0.0406394081659524,0.1519726135944997
5215,100.0,0.039016780203730964,0.04069635179948185,0.15122956394755976
5216,0.0,2.9066038639870517,5.408116675855963,6.564657815288973
5216,1.0,0.5052637679012282,0.49341666556734914,1.2619584696331865
5216,2.0,0.4297741244251072,0.40384252512340196,1.1157105276843413
5216,3.0,0.40139119907572324,0.37170949893114236,1.0527309591766714
5216,4.0,0.3654015605459263,0.33775057495058175,0.9576247224192604
5216,5.0,0.3324761413702875,0.3063855900913754,0.8844973308604156
5216,6.0,0.31215587071591955,0.2872486841766354,0.8392967244248161
5216,7.0,0.286161082246481,0.2627558539977603,0.7811048401487725
5216,8.0,0.26997915302987424,0.24841228254900363,0.7322472208114295
5216,9.0,0.26253285416917926,0.24224539799385705,0.7086063501732242
5216,10.0,0.2552334894319025,0.23630793664245717,0.6811085771951958
5216,11.0,0.24674019103711056,0.22867206552250777,0.6601090159063416
5216,12.0,0.2368769861075216,0.21979591598423323,0.6333319253007107
5216,13.0,0.22859345259947342,0.21289538475986688,0.6022253222793007
5216,14.0,0.22116646459646364,0.2063989410697737,0.5790451578272716
5216,15.0,0.2188685642088944,0.20509247488235063,0.5648134862005206
5216,16.0,0.20778243795099818,0.19469811601281534,0.5374121683908717
5216,17.0,0.19920663911875197,0.18686393424663297,0.510662585168703
5216,18.0,0.19101210512493838,0.17961897051382336,0.4868387138865159
5216,19.0,0.18598478491264847,0.17520476619600522,0.47199470338258387
5216,20.0,0.1851249256093474,0.17488022443103876,0.464637369974896
5216,21.0,0.18435262663569482,0.17484003359616762,0.4507320846263325
5216,22.0,0.17725210384719942,0.16801348788700332,0.436348655598446
5216,23.0,0.167818335285371,0.15860405814287404,0.41676190089533355
5216,24.0,0.15765874844379468,0.14877838493820753,0.3948905768900404
5216,25.0,0.14716189832976387,0.13855821272348692,0.36957564651986236
5216,26.0,0.13841524576796913,0.1300069444689163,0.34872941867080065
5216,27.0,0.12730908164196456,0.11924080399007059,0.3229375441703086
5216,28.0,0.11514454080319532,0.10744420677008694,0.2942826772128789
5216,29.0,0.10895279950529445,0.1015961583175152,0.2767796674808129
5216,30.0,0.10078929877334808,0.09378342685559775,0.25569102248157805
5216,31.0,0.094054648165625,0.08747907660801928,0.2371138197624145
5216,32.0,0.08582210175984352,0.07972527384281826,0.21593716980856967
5216,33.0,0.08191461975339721,0.0763307272182972,0.20323766536175586
5216,34.0,0.07792009434396635,0.07266998081818701,0.19180659858865187
5216,35.0,0.07347859459797923,0.06858609194454773,0.17956795106836146
5216,36.0,0.07007969969418858,0.0655120349988478,0.1695693455463672
5216,37.0,0.07072251546708685,0.0664721676774551,0.1658322430858525
5216,38.0,0.06820175423935287,0.06425398018795614,0.1588844840405318
5216,39.0,0.06980215320947074,0.06619163768889542,0.15629406523345207
5216,40.0,0.06900965393272787,0.06563299180467935,0.1530328985825785
5216,41.0,0.06838368626092331,0.06534375825274172,0.1471514572798155
5216,42.0,0.06501083740356661,0.0620826123686407,0.1408428747113071
5216,43.0,0.06278494217277304,0.05989272228573329,0.13736001621519353
5216,44.0,0.06015043077949942,0.05734028148627587,0.13333618355474586
5216,45.0,0.05831987423398251,0.05572969358263003,0.1289537642410924
5216,46.0,0.057050737408823375,0.0546143857762089,0.12585395770573313
5216,47.0,0.056776561167554994,0.05452176951024881,0.12354828543878839
5216,48.0,0.05825494197892222,0.056258006237336344,0.12328734069928746
5216,49.0,0.05724540224581373,0.05534438772107439,0.12120931265357596
5216,50.0,0.053738452429891975,0.0518570954477524,0.11820131833991487
5216,51.0,0.05413762937901145,0.05233716595358824,0.11773124290953682
5216,52.0,0.05105856323783809,0.04926263008843059,0.115509756812152
5216,53.0,0.049819943338002846,0.048131565840134255,0.11450775332533017
5216,54.0,0.04810763135705261,0.0464515818523079,0.11333525272600922
5216,55.0,0.04813194619548851,0.0465472906824918,0.11331219814596591
5216,56.0,0.048556602591093304,0.04709132771478401,0.11323473231010049
5216,57.0,0.04840548248937922,0.0471450386199324,0.11274118009221676
5216,58.0,0.04632127039280526,0.045119702703917346,0.11146886103421662
5216,59.0,0.04455830229938216,0.043460691830345184,0.11036406558069063
5216,60.0,0.04410658740318549,0.04304860561594889,0.10982461025436417
5216,61.0,0.041957827565822614,0.04083393882711291,0.10937997354607015
5216,62.0,0.04172685326748814,0.040562568439730017,0.10940359914852935
5216,63.0,0.040540469025731295,0.0393785926733529,0.10900973441466805
5216,64.0,0.039421332728711594,0.03832390237943731,0.10856773130616296
5216,65.0,0.038453011208319614,0.03736719967244178,0.10756246458357924
5216,66.0,0.03817272869855272,0.03714710379602284,0.10760016094847837
5216,67.0,0.03735703200256924,0.03640565480781733,0.10734594911997418
5216,68.0,0.03596893415136774,0.035170203043505904,0.10665252793331768
5216,69.0,0.03471250732581299,0.033966854692837216,0.10594568620107601
5216,70.0,0.03539280966024115,0.034640739298183856,0.1059354887863951
5216,71.0,0.035731499266222544,0.035074970347434,0.1060240255982129
5216,72.0,0.03443290903611139,0.03385335040396409,0.10513762367123576
5216,73.0,0.034358805669675765,0.033853481544221395,0.10492410849584223
5216,74.0,0.03342610923364909,0.03293874098461681,0.10491038710873028
5216,75.0,0.03209870088544559,0.031618517434337065,0.1043881458911255
5216,76.0,0.031127890601678143,0.030676275517020807,0.10354619123231158
5216,77.0,0.03145299525163372,0.031019090921742987,0.10359310124817275
5216,78.0,0.03161525055663857,0.031240256321019396,0.10335381122815158
5216,79.0,0.031649126973252534,0.031206538988465357,0.10273723415603904
5216,80.0,0.030680550414813858,0.030171156634588484,0.10236213102618778
5216,81.0,0.030691089095289965,0.030255227960983178,0.10190533347369152
5216,82.0,0.03012267396743401,0.029609523956328626,0.10209595161857535
5216,83.0,0.029682667369946736,0.02915712478945625,0.10190119367421957
5216,84.0,0.029159487391758825,0.028649357817413304,0.10208508110744337
5216,85.0,0.029105897501684908,0.028674786161532177,0.10239016566430488
5216,86.0,0.028279747416613692,0.027906860620982906,0.102094753489742
5216,87.0,0.028145775486276232,0.027738755588457016,0.10183750617584549
5216,88.0,0.02784684390871195,0.02747220597139266,0.10160870467175907
5216,89.0,0.027659240312077848,0.027267219334064636,0.10178431951043043
5216,90.0,0.027492076176585424,0.027053220520094286,0.10193083619067363
5216,91.0,0.027910115014615527,0.02739334527134275,0.10219323251745097
5216,92.0,0.027518137930289968,0.026932579868782176,0.10172225587089126
5216,93.0,0.02731132852345068,0.026767748847151565,0.10200608731942525
5216,94.0,0.027351488878896758,0.02685715407868263,0.10176263925858095
5216,95.0,0.027144311567902094,0.026674645737891516,0.10183334472364607
5216,96.0,0.026652049479749917,0.026157329293794277,0.10179382962193657
5216,97.0,0.026138923861247942,0.02568101987279776,0.10153948665609873
5216,98.0,0.025998727829523935,0.025588357277289444,0.10133584985262564
5216,99.0,0.025532016773820585,0.025147228849463663,0.10106597611827489
5216,100.0,0.025431632211616782,0.025056077766258584,0.10107139336285047
5217,0.0,2.9066038639870517,5.408116675855963,6.564657815288973
5217,1.0,0.4962981784611784,0.5380442043835956,1.1712804498160754
5217,2.0,0.4377754956921683,0.45438673778648586,1.023068820769254
5217,3.0,0.4484702575975496,0.4635287163336771,0.937547323626533
5217,4.0,0.4361175994797873,0.4486013315387586,0.8702503790730203
5217,5.0,0.4249783060793054,0.4375660979949362,0.814423491512086
5217,6.0,0.4169813672418379,0.4277345531678484,0.7772500589103862
5217,7.0,0.4087448096132748,0.4178284045695727,0.7426080131325649
5217,8.0,0.40868101632479803,0.4174670158778164,0.7181816310387461
5217,9.0,0.4030933854477959,0.4116317553267811,0.6806718023395042
5217,10.0,0.39779839944496964,0.40532129438866554,0.6650769477651375
5217,11.0,0.3861409777930731,0.392883219122935,0.6418755981586102
5217,12.0,0.3803176014584384,0.38664493810059375,0.6218870697192564
5217,13.0,0.36956378771821025,0.3752552700722234,0.600430991718284
5217,14.0,0.364194387815599,0.3703648017508434,0.5803744632082665
5217,15.0,0.35404646009348567,0.36018245979446223,0.5591752452403265
5217,16.0,0.35265926709957207,0.35833989051219517,0.5502298146539792
5217,17.0,0.34570677354853924,0.35064404677748584,0.5353861728139776
5217,18.0,0.3344358664552471,0.33891237650290945,0.5185069309592062
5217,19.0,0.3290529745057245,0.3331308756970014,0.5072969548570178
5217,20.0,0.3280243318915996,0.3321146356046863,0.501667405641025
5217,21.0,0.31791319551961866,0.3220931534645966,0.48275606949511
5217,22.0,0.30072871128832895,0.3049877129861449,0.45576204787557667
5217,23.0,0.28461744197493194,0.2891569262568752,0.4290764895623636
5217,24.0,0.2704359114552235,0.2751496219319797,0.4017202012383318
5217,25.0,0.2557459324253354,0.26052090275499046,0.37231945813882283
5217,26.0,0.24186560470432755,0.2464410553902624,0.3492159871028585
5217,27.0,0.23103400324877496,0.23581927641865158,0.3288732996756343
5217,28.0,0.21945713154914093,0.22429945867569723,0.30910298985465184
5217,29.0,0.20825670750404532,0.21317041891602714,0.29064448449677166
5217,30.0,0.19596411820182436,0.20080630113449854,0.27014445459543696
5217,31.0,0.18371199860538828,0.18841867882858018,0.25042803129088176
5217,32.0,0.17402384611379962,0.17875533995816523,0.23540049365871996
5217,33.0,0.16551714494642134,0.17020416268829403,0.22227721192252461
5217,34.0,0.15761865539213749,0.16237959392309134,0.2098520972124395
5217,35.0,0.15157997566141418,0.15665202512627036,0.19798501621947678
5217,36.0,0.14196581453840404,0.14692310465164818,0.18470769999585632
5217,37.0,0.13257985014285806,0.13757710805404788,0.17285879231206877
5217,38.0,0.12607627708437172,0.13105129950779298,0.16550964275714686
5217,39.0,0.12193310414479629,0.12679996819309103,0.16110815334810316
5217,40.0,0.11767685321916845,0.12260182604104325,0.15792185863851088
5217,41.0,0.11256502003232663,0.11769564200521213,0.1554929283831192
5217,42.0,0.10867791018386735,0.11384522701412833,0.15417101540943173
5217,43.0,0.10413355632987449,0.10928466360329424,0.1534499514502189
5217,44.0,0.10041443272196204,0.10554633175288346,0.1536596222394998
5217,45.0,0.09666449155434234,0.10157869957666048,0.15289745831966212
5217,46.0,0.09136065708474408,0.09629300627403621,0.15032765432777667
5217,47.0,0.08704630581361449,0.09187430698155737,0.14708810880242973
5217,48.0,0.08462200698368631,0.08924205044939733,0.14710917452590447
5217,49.0,0.0811122549065316,0.08574983492684375,0.14613770521278222
5217,50.0,0.07758642169050714,0.0820287459085519,0.14656193873015752
5217,51.0,0.07471247571095258,0.07924375024647184,0.14644207437211712
5217,52.0,0.07049564635086665,0.07498804875787009,0.14466561181343995
5217,53.0,0.0673146582938792,0.0717526874867927,0.1448304097994088
5217,54.0,0.06098005388407092,0.06535478611923193,0.14329430732112433
5217,55.0,0.05821870873765081,0.06243897931925484,0.14386623990361022
5217,56.0,0.057062454056580586,0.06128593566495474,0.1444548689486285
5217,57.0,0.05534947206383918,0.059727172737769584,0.1453206141840067
5217,58.0,0.05326501809045152,0.05755991446631872,0.1456947366117532
5217,59.0,0.052203556692401,0.056395324023685495,0.1477663475244037
5217,60.0,0.0500910709721818,0.05427568204353466,0.14867535168473367
5217,61.0,0.04637873125311523,0.05073944100682312,0.149291581250013
5217,62.0,0.045122509506617337,0.04963847116738034,0.1500662424834411
5217,63.0,0.0444913494855267,0.04890931857831206,0.1518241934227677
5217,64.0,0.044001532570258205,0.04826282985577004,0.15270982271530797
5217,65.0,0.04380426201262627,0.04791703235077659,0.1548179795640818
5217,66.0,0.04367606975157249,0.047742645519094185,0.15640962569792274
5217,67.0,0.04490105611791789,0.04885359038787482,0.15887611644926736
5217,68.0,0.04408328967449258,0.04791129730872995,0.16120901215816813
5217,69.0,0.04294743501068668,0.04665759767411816,0.16180876846441486
5217,70.0,0.04366586172861905,0.047433016897226385,0.1612153618720095
5217,71.0,0.0441475518768164,0.04790357556233978,0.16210761543190635
5217,72.0,0.04438299454398282,0.04803474288940161,0.1633703002064614
5217,73.0,0.044798694734472407,0.04833972598699281,0.16436910759315315
5217,74.0,0.04507306294424835,0.04860317471603534,0.16496902717929746
5217,75.0,0.04532529432219036,0.04883349416133491,0.16544480041255083
5217,76.0,0.04542047080321959,0.04885095426705805,0.16669588778170927
5217,77.0,0.04623480768248666,0.049710896355974414,0.1676960116295982
5217,78.0,0.04499612377343965,0.04833637152357138,0.16769576251789803
5217,79.0,0.044039783472484974,0.047362359947919874,0.16633858483217523
5217,80.0,0.044025060601974114,0.0473193596626844,0.16549890969077963
5217,81.0,0.042861781819418666,0.04608930503545546,0.16409601849874603
5217,82.0,0.04271758000362966,0.04591025550182319,0.16296887124944515
5217,83.0,0.042507804119187344,0.04565376918408489,0.1626762410616959
5217,84.0,0.041617556412171394,0.044747226284805944,0.1617826487711326
5217,85.0,0.040551098291895536,0.04367227519291975,0.16090242871573754
5217,86.0,0.04011633068084729,0.043218965826048006,0.1600968001821903
5217,87.0,0.03923917404720174,0.04223056216685415,0.15916628253935847
5217,88.0,0.03910540400005216,0.04201457227841464,0.1590143701723339
5217,89.0,0.03864041384585686,0.041509473824695886,0.15745687012480314
5217,90.0,0.03793912295578556,0.040724818355849575,0.15611476524037426
5217,91.0,0.037311375336484355,0.03999477679386465,0.1553457800627318
5217,92.0,0.03657996480393513,0.03934713747962981,0.15412707559263708
5217,93.0,0.036297211523563654,0.03908791669870465,0.15420566964826676
5217,94.0,0.03590340348887176,0.03875965690783156,0.15397456342602922
5217,95.0,0.03552354574167445,0.03833376803638187,0.1535120500224842
5217,96.0,0.03525879887547131,0.0380333785702883,0.15355616978054135
5217,97.0,0.03535574121721118,0.03810246376797052,0.15389098989399405
5217,98.0,0.03537809779570189,0.038122376533562014,0.15433677730104253
5217,99.0,0.03559515138852295,0.03836308317574526,0.15420421744244078
5217,100.0,0.03575072525455262,0.03855733745125737,0.15405582904547419
5218,0.0,2.9066038639870517,5.408116675855963,6.564657815288973
5218,1.0,0.4967734106723563,0.49215392588915063,1.3199409100111683
5218,2.0,0.42282973827385484,0.4001313886600127,1.138629029590181
5218,3.0,0.3955733185908624,0.3651063089542011,1.0769776330423475
5218,4.0,0.3687562963465176,0.3374471396882137,1.009334559962683
5218,5.0,0.3403912026052906,0.3112350490949601,0.9348721953061396
5218,6.0,0.32409476340488447,0.29621420046663005,0.8913220561865844
5218,7.0,0.3105876747550658,0.28366545384477043,0.8564893529787727
5218,8.0,0.29488352718873234,0.26912530097399023,0.818863723677975
5218,9.0,0.28178278415270414,0.2578627800580904,0.7764948756580793
5218,10.0,0.2685738801826878,0.24642807408879933,0.7360353431558477
5218,11.0,0.26003326819569983,0.23946265703536274,0.7088629411444226
5218,12.0,0.24975493670660515,0.23025492045226514,0.6774428467235366
5218,13.0,0.2402698904516491,0.22170624423749152,0.6494094451357201
5218,14.0,0.23287408833309559,0.21511955719989978,0.6291852351463298
5218,15.0,0.22211198115219546,0.2050160267911317,0.6047537522674655
5218,16.0,0.21513324244024337,0.19896925445429103,0.5829938988370572
5218,17.0,0.20960697527766622,0.19457270672783425,0.5637556413682351
5218,18.0,0.20568133283760168,0.19116794186723715,0.5515036165774925
5218,19.0,0.2008257958353908,0.18702526649993423,0.5359031299007426
5218,20.0,0.19633902890499202,0.18361484285173557,0.5143637525211657
5218,21.0,0.190943547377982,0.1787701340504553,0.49605701933581786
5218,22.0,0.1782583530458825,0.16632909811495744,0.47008246672462417
5218,23.0,0.16529377863650316,0.15388460037900326,0.4386310541838051
5218,24.0,0.15581438467250577,0.14520063212660564,0.4109284639474232
5218,25.0,0.14134925229415873,0.13105360579353548,0.37882272690347346
5218,26.0,0.1307044061745552,0.12087535969335494,0.3523081336398323
5218,27.0,0.11745420403460562,0.10816281329581483,0.3198756968626615
5218,28.0,0.10948988867959639,0.10084423668511684,0.2960375646044608
5218,29.0,0.10417292443422285,0.09607010764392444,0.27908043826520074
5218,30.0,0.09893300473336405,0.09145017138110528,0.2621641268145358
5218,31.0,0.09374729880195688,0.08686166489641724,0.24352840325537856
5218,32.0,0.0884922876002243,0.08214018574930801,0.22670647204663769
5218,33.0,0.08535563310836053,0.07954989954559603,0.2148867355794787
5218,34.0,0.08053212923696827,0.07531489318358614,0.20059307846490593
5218,35.0,0.07376039041046152,0.06907500742879809,0.18329219034054797
5218,36.0,0.06880674345345658,0.06470136193084453,0.1705607648981234
5218,37.0,0.06257637872364064,0.05885502630798606,0.1570693725677208
5218,38.0,0.057104439512138234,0.05368305700803149,0.1464624469690476
5218,39.0,0.050112342842081894,0.04693633650101281,0.13595171290790034
5218,40.0,0.046282007358114996,0.043574474634942274,0.12925685132615478
5218,41.0,0.04306064774846116,0.04080259780501807,0.12413731152471202
5218,42.0,0.041218345893496953,0.03933707277982563,0.12149596628005531
5218,43.0,0.036988722926071436,0.03543033373103157,0.11819265443008048
5218,44.0,0.032926964572012066,0.031739935849441174,0.11568831148253672
5218,45.0,0.028786702706485437,0.027910366470889295,0.11603213204344559
5218,46.0,0.027401397492502522,0.02697477620035988,0.11656193268387499
5218,47.0,0.02592098007762962,0.025855484331195975,0.11736408656267776
5218,48.0,0.0248575951634645,0.02509407486905691,0.11841871530952584
5218,49.0,0.024551317984774678,0.025099308072667137,0.11932590420607263
5218,50.0,0.024156408812355097,0.0248273154802163,0.12114619717467165
5218,51.0,0.023336743686044856,0.024156074278647542,0.12237907195232589
5218,52.0,0.02346186605459316,0.024414544746249565,0.12294478840042071
5218,53.0,0.023010108596011793,0.024007633798654702,0.12379483057053155
5218,54.0,0.02342684352692381,0.02448284096519898,0.12617804160333188
5218,55.0,0.02456312380625204,0.0257389990356862,0.12840532882003985
5218,56.0,0.02487705358379766,0.02610810335169349,0.13192123404814815
5218,57.0,0.025970186267354037,0.02718042894457252,0.1338281442829431
5218,58.0,0.027252416737013906,0.02850378303371807,0.1351960980795642
5218,59.0,0.028253916120973305,0.029510390753367373,0.1371554291108832
5218,60.0,0.02912099643904382,0.030321773275523645,0.1401494059031408
5218,61.0,0.02945756342740725,0.030591207054692753,0.14220007344813096
5218,62.0,0.029142704726053167,0.03019167055721373,0.14524268043047148
5218,63.0,0.029468602154743173,0.030507238082291693,0.1475301630625227
5218,64.0,0.029488337583613224,0.030542755652776858,0.14886890258612964
5218,65.0,0.030420864000760873,0.03140600738420921,0.15170721086543457
5218,66.0,0.030742242711372075,0.03169987122119557,0.1540740809068855
5218,67.0,0.0315319696300967,0.032464679653760764,0.15690536481946143
5218,68.0,0.03168044924310371,0.03260626032753061,0.1585380844199593
5218,69.0,0.03135317038851377,0.03211028307580831,0.15955560647648098
5218,70.0,0.031696114212136035,0.03243170134781391,0.16049834830353174
5218,71.0,0.03193692674030567,0.032673992450698866,0.16083963239576943
5218,72.0,0.03238964584985709,0.033054680309358396,0.1611913009820957
5218,73.0,0.03314866215874909,0.03373521422054343,0.16239444547151008
5218,74.0,0.03322836747925828,0.03387432728718202,0.16125727783168903
5218,75.0,0.03341621082156404,0.034050776804442476,0.1605027002742898
5218,76.0,0.033760717020839166,0.0344069452735719,0.16028970619886515
5218,77.0,0.03366815866885186,0.03433380261828561,0.15907590742093664
5218,78.0,0.03371343036263852,0.03444269075876043,0.15752139728933598
5218,79.0,0.03404459132321776,0.03484012996034902,0.1566938098307237
5218,80.0,0.03492320466623345,0.03576579343932597,0.15604024304887573
5218,81.0,0.03530537483124458,0.03621478718593301,0.15527125144372186
5218,82.0,0.035673828900345594,0.036555519856701094,0.15525756267418428
5218,83.0,0.03556717253797009,0.03644209797061066,0.1551673051096154
5218,84.0,0.035778652086926516,0.03663970916874115,0.15437004981812297
5218,85.0,0.035681211973062094,0.0365461519382632,0.15257511514330593
5218,86.0,0.035638793195364275,0.0364933937827536,0.15089406247718223
5218,87.0,0.035952850255676745,0.03686727383281581,0.14934327577855164
5218,88.0,0.03498025485515435,0.03598427547263149,0.14766686163081227
5218,89.0,0.03497994928294671,0.03599940419146286,0.14638552415632894
5218,90.0,0.0356087188757409,0.03663806378795562,0.14633023764463185
5218,91.0,0.034801643537179114,0.0358708509598623,0.14509612082991633
5218,92.0,0.03427906056435395,0.035361323424152165,0.14453161462857297
5218,93.0,0.03432995556587649,0.03541589100349996,0.14434435562362244
5218,94.0,0.03454426157770655,0.035650178447547025,0.14370548643124742
5218,95.0,0.03464926366191164,0.0357671168526532,0.14353374857242568
5218,96.0,0.03502945199266069,0.03613161385518637,0.14347249769968898
5218,97.0,0.03456691364274144,0.03564508776572934,0.1428066803993271
5218,98.0,0.03406699940460874,0.03512292368195403,0.14280431542248637
5218,99.0,0.03327077791118382,0.03441228044195242,0.14202132772479664
5218,100.0,0.033210078493990325,0.03433048222408269,0.14141521639948498
5219,0.0,2.9066038639870517,5.408116675855963,6.564657815288973
5219,1.0,0.501630590148575,0.5072452241574713,1.3402855203331703
5219,2.0,0.4014055297218753,0.38790933504569547,1.089248678170632
5219,3.0,0.357052446182088,0.341668125068459,0.9692290116680146
5219,4.0,0.32417181353341545,0.30628404238181084,0.8915201709894486
5219,5.0,0.298814616524466,0.2789986191968983,0.8170751668293927
5219,6.0,0.27283072585120155,0.2526760877521909,0.7452686842148823
5219,7.0,0.2621092510584588,0.24202453247743635,0.702942626116347
5219,8.0,0.2512070412403155,0.23178479863387055,0.6682460288951493
5219,9.0,0.24110649342392604,0.22271187346736118,0.6393156875623544
5219,10.0,0.23001308730139397,0.21201232093715153,0.6168749981898676
5219,11.0,0.2233939803553009,0.20635130866068588,0.5974056724011353
5219,12.0,0.21175829288299594,0.19544509533503318,0.5704745131828682
5219,13.0,0.20262162382466978,0.18696512886143488,0.5455843007714227
5219,14.0,0.19301618498736706,0.17800928941512606,0.5214615806025682
5219,15.0,0.18637173225274237,0.17205615413783779,0.5019414979072456
5219,16.0,0.17981903847914146,0.16602164207664857,0.48739329007280385
5219,17.0,0.17484964215123172,0.16135040960738942,0.4744002353866733
5219,18.0,0.17054021919961784,0.1576723522773846,0.46032621874750024
5219,19.0,0.16448052585790776,0.15247818711220643,0.44124924619708833
5219,20.0,0.15946439221639602,0.14817492413854022,0.42169492343224013
5219,21.0,0.15497044104492702,0.14423310033667425,0.4065560246291674
5219,22.0,0.15107320705446545,0.14084232040677166,0.39132649699728955
5219,23.0,0.14271460674971725,0.13299554742976463,0.3672395787663395
5219,24.0,0.1367200174548884,0.12773513281560533,0.3435219875769482
5219,25.0,0.13323212408524027,0.1251060131505623,0.32464668522681933
5219,26.0,0.12703695225219938,0.11910120262485384,0.31034659868180897
5219,27.0,0.12131434173802319,0.11382802561952038,0.2945635935449489
5219,28.0,0.11371569902250851,0.10657621272836432,0.27931398576983246
5219,29.0,0.10594185846240375,0.09909813039238913,0.2626513709536042
5219,30.0,0.10078052422601932,0.09436886721597475,0.24892831171327456
5219,31.0,0.09441740397446098,0.08816758303523504,0.2386347655071348
5219,32.0,0.0889486935362394,0.08309112792147676,0.22378673389416864
5219,33.0,0.08334885202840148,0.07752696025400577,0.21432676142878024
5219,34.0,0.07624667959216269,0.07066524974260228,0.19890869846231654
5219,35.0,0.06915683856521933,0.06396749984728727,0.18361657578869478
5219,36.0,0.06338391083295748,0.05875865257132876,0.16947769095677537
5219,37.0,0.06167771315829791,0.05765176778402801,0.1594221324507935
5219,38.0,0.05985834511411179,0.05630098264095529,0.15108340154701785
5219,39.0,0.05768795633095735,0.05472435703235241,0.14182001673092115
5219,40.0,0.056238325642704555,0.053661581603361375,0.13574592274056882
5219,41.0,0.05735811280897353,0.05519068789102392,0.13290610146172643
5219,42.0,0.05488546428803766,0.05298364319661566,0.1271274259161693
5219,43.0,0.04776285848912677,0.04618880437300304,0.11950477892770268
5219,44.0,0.043871459762880274,0.04257962530256954,0.11535540717903152
5219,45.0,0.04031556695582019,0.03938069024756114,0.11213612566161596
5219,46.0,0.038198386307576486,0.037691963306819856,0.1112913925972026
5219,47.0,0.036361210119728885,0.036269164503388455,0.10990197005248677
5219,48.0,0.034433367519943865,0.03455754464164787,0.10958380236570911
5219,49.0,0.031934733148623086,0.03232953799582633,0.10894521854663126
5219,50.0,0.032367290817789565,0.032885090665183914,0.10963192095324285
5219,51.0,0.03355820256371853,0.03414674231164444,0.1110791265486769
5219,52.0,0.03203735962953301,0.032834555290518146,0.11257404058798233
5219,53.0,0.031227542788189625,0.03219913757644179,0.11290881519897084
5219,54.0,0.031812375407041536,0.03281562125389634,0.11422511006881132
5219,55.0,0.034408055473576234,0.0354209487582819,0.11634916778900783
5219,56.0,0.032916877243535154,0.034058136500310025,0.11605438177084164
5219,57.0,0.03254219387561954,0.033724723868556176,0.11596699021116852
5219,58.0,0.030433839509811055,0.031800039182883405,0.11549974447904882
5219,59.0,0.0291265420042805,0.030755410030159223,0.11613146669702316
5219,60.0,0.0294290615326009,0.031045449851203822,0.11736926497173171
5219,61.0,0.02988360981790395,0.031553586134389446,0.11834848645559735
5219,62.0,0.029578865972606984,0.03128312015678084,0.11797424934603286
5219,63.0,0.029640614939710357,0.03131076073448626,0.11770967997701393
5219,64.0,0.02816863845636785,0.02987661849261329,0.11737733387048933
5219,65.0,0.027449029529093207,0.02915364493900135,0.11781794531653474
5219,66.0,0.028045903637238433,0.029788877626546854,0.11840001515420563
5219,67.0,0.02814793701236829,0.029896577307428895,0.11823322908600396
5219,68.0,0.02791660020350165,0.029657684166586568,0.11759235411383887
5219,69.0,0.027178985046175726,0.028984470568890117,0.11740179862458912
5219,70.0,0.026869194750476503,0.028684130246593092,0.11618567051806847
5219,71.0,0.02614704997245595,0.028002820469980517,0.11545018219995361
5219,72.0,0.02562758058139387,0.027481833031583948,0.11442055653119082
5219,73.0,0.025082569717094386,0.026919949756984477,0.11403928357942932
5219,74.0,0.02518922875830993,0.02701449010175059,0.11398432697064022
5219,75.0,0.02504604349834286,0.027002220624115402,0.11392880142423273
5219,76.0,0.024899384479829978,0.026921463996194973,0.11367720006341697
5219,77.0,0.024616037686091698,0.02669894568809645,0.11317612651840357
5219,78.0,0.024440795683537183,0.02665480488688396,0.11216134322262468
5219,79.0,0.02422106120937212,0.02649237392608316,0.11105590856562167
5219,80.0,0.02412372123415779,0.02648494386433751,0.11050720964911606
5219,81.0,0.024145171349751363,0.02656744285877173,0.10967678758797839
5219,82.0,0.024056107231421785,0.02643483555067196,0.10865878750804556
5219,83.0,0.02398968063840149,0.026350343315249054,0.10760287768040783
5219,84.0,0.023988859831510036,0.026288078488134182,0.10709132643845982
5219,85.0,0.024051191964130178,0.026291507250531233,0.10646676809613825
5219,86.0,0.024062194892670426,0.026244157292635042,0.10578467751361044
5219,87.0,0.024087514898883628,0.026288918698809248,0.10526920834584588
5219,88.0,0.024308700985134584,0.026573112349118518,0.10510889379415231
5219,89.0,0.024593358892479628,0.026937799144796094,0.10483608017863587
5219,90.0,0.024913006720402798,0.027311096174302517,0.10471419475618132
5219,91.0,0.025173998761334467,0.027632834071602025,0.10414844263902866
5219,92.0,0.025133083602596105,0.027530207437209058,0.10394024961320232
5219,93.0,0.025065603423799685,0.027368587217156685,0.10353885211321735
5219,94.0,0.02508406088898893,0.027406921971692234,0.10354420327542481
5219,95.0,0.025115723945390068,0.02747763995300233,0.1032888789947207
5219,96.0,0.02493688418473853,0.02723250936666918,0.10317244566808749
5219,97.0,0.024892717515566046,0.027162166384642798,0.10282231240215026
5219,98.0,0.024829509789420726,0.02703906015216961,0.10284284882674466
5219,99.0,0.024644740372711197,0.026805782994912764,0.1026767394075811
5219,100.0,0.024561123142102247,0.026688652695774077,0.10235886498698363
5220,0.0,2.9066038639870517,5.408116675855963,6.564657815288973
5220,1.0,0.5060921368947379,0.4930228130485957,1.3384936070638618
5220,2.0,0.4461395250658692,0.4182649529271799,1.193923457058661
5220,3.0,0.3896452734018731,0.3613889811953301,1.0573186198627404
5220,4.0,0.362531632632784,0.333128126389103,0.9860591661975825
5220,5.0,0.3351301149657705,0.30651475846040926,0.9221034433864851
5220,6.0,0.31048251115262393,0.28333170371154814,0.8649986504007329
5220,7.0,0.2894477049891291,0.2639927728390837,0.8109259780199116
5220,8.0,0.267803833066332,0.24415939909636586,0.7542893676095499
5220,9.0,0.2517000378499623,0.22945685079228886,0.710572938437106
5220,10.0,0.24246362769854876,0.22116499053308356,0.6857387379434524
5220,11.0,0.23271216163827751,0.21244825425802913,0.6596544553259897
5220,12.0,0.2260699739445284,0.20652841150278997,0.6433727817371732
5220,13.0,0.2199985068552269,0.20104944006215728,0.6271215527721642
5220,14.0,0.2113917414726243,0.1931759332581056,0.603409691011654
5220,15.0,0.2042901557166693,0.18674261245239532,0.5825971296601615
5220,16.0,0.1961498109861113,0.17926960624342173,0.5600839868804095
5220,17.0,0.18669563804059705,0.17069423398616,0.5315859894063818
5220,18.0,0.18277826269116168,0.1672027245539588,0.5197094997834099
5220,19.0,0.1766623771860414,0.16170906133614846,0.5012516319842478
5220,20.0,0.16928504702264333,0.1549931709170705,0.4808827525166221
5220,21.0,0.1638434085861305,0.14999137540661855,0.4665489963765235
5220,22.0,0.15600631918987073,0.14283383845020767,0.44393190114081577
5220,23.0,0.15071809894094804,0.13817824979868093,0.4277550313309026
5220,24.0,0.1456673960963098,0.13372741816310943,0.4106882129317762
5220,25.0,0.13910317979622847,0.12784976936189252,0.38971374030012623
5220,26.0,0.13292140640545058,0.12265914285129735,0.36508577156317806
5220,27.0,0.12716484608981074,0.11765370086926359,0.34389796546017193
5220,28.0,0.1192905044348023,0.11078301501951483,0.31645888553648466
5220,29.0,0.11493745677337108,0.10718489413466455,0.29943834782672807
5220,30.0,0.10546672303692618,0.09833030900439306,0.2734359482042452
5220,31.0,0.10142935168101211,0.09472317078214226,0.25990984031301
5220,32.0,0.09618885841750435,0.09009763977781798,0.24323522097002484
5220,33.0,0.09057413279598062,0.08517031110360866,0.22492126494243092
5220,34.0,0.08653775237934647,0.08175513095621285,0.2101405712133298
5220,35.0,0.08208768022247866,0.07741759830237684,0.20047050568206534
5220,36.0,0.0799898714333952,0.07565754149805788,0.19298192795763477
5220,37.0,0.08045774183060898,0.07666192108240172,0.18776404874245017
5220,38.0,0.07976224944656485,0.0763823675613406,0.18164368174750561
5220,39.0,0.07613573256856339,0.07299369030624178,0.17343714763506557
5220,40.0,0.076717522410384,0.0741690052841602,0.16725537683300434
5220,41.0,0.07763644759978788,0.07554701244202353,0.16365635538901366
5220,42.0,0.0774123297623033,0.0756196824637692,0.16088910356084313
5220,43.0,0.07585416949307228,0.07453134578305723,0.15459084785614616
5220,44.0,0.07122803554927774,0.07007243138642466,0.14763497357246783
5220,45.0,0.06688486093721199,0.06578540863567392,0.14264899935709383
5220,46.0,0.06339420513654712,0.06229602273348352,0.13831669618671233
5220,47.0,0.06146400066495786,0.06057761923207606,0.13462425146541418
5220,48.0,0.05906475398065381,0.05834642379700998,0.13101056535177888
5220,49.0,0.05816604932228659,0.05758383727871195,0.1281818832079019
5220,50.0,0.05859874051867856,0.058107726702881723,0.12751615965686314
5220,51.0,0.05884976254655146,0.05854772528813392,0.12640192895233288
5220,52.0,0.05846015608315406,0.058276546255951,0.1255257559843203
5220,53.0,0.059329250216762504,0.05919229936339218,0.12489789193126966
5220,54.0,0.05929442203913202,0.05933868640687637,0.12404371023075
5220,55.0,0.058688605853398,0.05894169458660401,0.12370730177801202
5220,56.0,0.061380587390193024,0.06180010991559947,0.12497207241411133
5220,57.0,0.06124370308820281,0.06171635835329778,0.1241185375983956
5220,58.0,0.0606051629346439,0.06114209981260422,0.12322086299611247
5220,59.0,0.05726436352620396,0.05785085077465938,0.1211001742750798
5220,60.0,0.055879417386281625,0.056509698884165994,0.12113109648247278
5220,61.0,0.052745256530980694,0.053451638263564125,0.11921613068267878
5220,62.0,0.05282572286071407,0.05358606922689818,0.11871471882488581
5220,63.0,0.05129837132453719,0.052121796544749514,0.11790444619369238
5220,64.0,0.050430926889438975,0.05134402251601827,0.1178553869366588
5220,65.0,0.04896703161862241,0.04989666063263043,0.11726805969462585
5220,66.0,0.04784466865727382,0.0488835102205868,0.11712382368016741
5220,67.0,0.04686771095667764,0.04798688896246857,0.11673173977750621
5220,68.0,0.045781356170308235,0.046879301393355534,0.1170090169467781
5220,69.0,0.04540680045996493,0.046662164207832944,0.117459178028527
5220,70.0,0.045952967370485064,0.047303803112104185,0.1174012784310293
5220,71.0,0.046904057364467656,0.048320648479027846,0.11821437705583573
5220,72.0,0.0457710991590039,0.04720414796408708,0.11792777416493756
5220,73.0,0.04579966470212926,0.047291819972003636,0.11837378915285177
5220,74.0,0.04531738217136808,0.04687152257477371,0.11747209684689652
5220,75.0,0.04500182327290424,0.046558239964405626,0.11743956256266239
5220,76.0,0.044384659319997785,0.046035423979192525,0.11743511357483279
5220,77.0,0.04290664192204247,0.044536638139509505,0.11683646153846909
5220,78.0,0.04225083362674621,0.04381280955129623,0.11641961011849795
5220,79.0,0.04232668294254885,0.043874150631410716,0.11675582869388633
5220,80.0,0.04241131727068063,0.04388687557626973,0.11628703879939827
5220,81.0,0.04208860673517313,0.04358022958909321,0.11568856942076892
5220,82.0,0.042498892643499986,0.04399366998916052,0.11688175554718612
5220,83.0,0.04269200349041525,0.04417477939521545,0.11664382034710974
5220,84.0,0.042441908994968414,0.04392313800244303,0.11657401844174381
5220,85.0,0.04268338505119234,0.04417816139759093,0.11587692180509421
5220,86.0,0.04220422932554011,0.04369071383853814,0.11559735700050526
5220,87.0,0.04171396480392608,0.04318477720904718,0.11460480341847
5220,88.0,0.040922638518897894,0.04240097725094991,0.11405440639289084
5220,89.0,0.041299219364131244,0.04272646820978835,0.11364115676900866
5220,90.0,0.04113556984245316,0.04251098703983384,0.11324541718519585
5220,91.0,0.04036365778089579,0.04168857084605224,0.11248030517308034
5220,92.0,0.04068115171321991,0.04194206321522196,0.11203936550545943
5220,93.0,0.03967257755449882,0.04093587244173248,0.11141975237255591
5220,94.0,0.038994758454038596,0.04022195584301758,0.11060813011740592
5220,95.0,0.03833263861828819,0.039535935954571846,0.10985429068233421
5220,96.0,0.03745377989725923,0.03857892201668012,0.10917645770818914
5220,97.0,0.03750197533489084,0.03861019321606024,0.10915460973599378
5220,98.0,0.03721883719309654,0.038368650034992235,0.1087163898971854
5220,99.0,0.03703904043530859,0.038173902694006015,0.1082077145976919
5220,100.0,0.03690377954277554,0.03799681079527652,0.10778696400522413
5221,0.0,2.9066038639870517,5.408116675855963,6.564657815288973
5221,1.0,0.600672747115374,0.6295655663586884,1.468414466722308
5221,2.0,0.5159241909191173,0.522367346701907,1.282439693254415
5221,3.0,0.45476754314754664,0.447830504111093,1.1598326997634536
5221,4.0,0.4111419703353853,0.4044788455689228,1.0306343598236394
5221,5.0,0.3654616798202592,0.35255167084929767,0.9382442672285578
5221,6.0,0.3355739145105621,0.32250470381213364,0.8705059410727661
5221,7.0,0.3131351092481674,0.3033241171176235,0.8009737969268811
5221,8.0,0.29578518483459415,0.2866003025005137,0.7522977664454418
5221,9.0,0.27185994593944,0.26199927357155584,0.6999944797518235
5221,10.0,0.25568553711729963,0.24725669436396197,0.6453321844761702
5221,11.0,0.2411382018100341,0.23340176044685884,0.6041056413729433
5221,12.0,0.2255991521913579,0.21845332224344624,0.5601533431153148
5221,13.0,0.2151815349845597,0.20873215927978928,0.5242500906312151
5221,14.0,0.20167370763692616,0.19569132359187993,0.4906616660360988
5221,15.0,0.18375781707858385,0.1777562389377029,0.4516523172432531
5221,16.0,0.17315428871386274,0.16717232493591722,0.4302960580319743
5221,17.0,0.16392294032124802,0.15806502674745987,0.4084000519807004
5221,18.0,0.154058800256711,0.14858598338094586,0.38091335599982984
5221,19.0,0.14718986401892964,0.14188667247790018,0.36162168586980226
5221,20.0,0.14225548807758134,0.13738853865551087,0.3457418207979316
5221,21.0,0.12922600253990635,0.12414452111869496,0.3212108496657834
5221,22.0,0.11388332747160175,0.10870155709398228,0.29163775359373484
5221,23.0,0.09981213670088591,0.09439301161095724,0.26417352266632027
5221,24.0,0.0897032762489507,0.08419942572032638,0.24115218887689482
5221,25.0,0.07895824598473421,0.07348193853482331,0.21632871153255728
5221,26.0,0.07022387169326734,0.0651064952320268,0.19481179496941048
5221,27.0,0.06294428752893189,0.057765555660239123,0.17435055529783436
5221,28.0,0.057698999337578084,0.05310603578457335,0.15962312821552438
5221,29.0,0.055461655214481695,0.05146242136599948,0.14963899618083942
5221,30.0,0.056950053340970266,0.053360151399315735,0.1468945210039484
5221,31.0,0.05726805967107724,0.05415043615809278,0.14507558757152586
5221,32.0,0.04933646156176126,0.046784833764302494,0.13725656801850486
5221,33.0,0.04738150668335611,0.04523105922646926,0.1361067947776183
5221,34.0,0.045457126648380926,0.04375155099673073,0.13818244983217406
5221,35.0,0.044295167428914324,0.04285772708800559,0.13899109452585073
5221,36.0,0.04605190920118921,0.04469621334062767,0.14401697886871193
5221,37.0,0.045399454731954926,0.04438577585164107,0.14647144614876323
5221,38.0,0.046521155930094,0.04561950025206288,0.15082185219192162
5221,39.0,0.04749095685422906,0.046617954082892314,0.15395683594133985
5221,40.0,0.05039587649346542,0.04955242245902017,0.1582092926402129
5221,41.0,0.05011974014317126,0.0494493286435917,0.162462797382698
5221,42.0,0.051193662983194735,0.05068164047087854,0.1686860267564396
5221,43.0,0.0510783551251214,0.05071130692626007,0.17115457364042566
5221,44.0,0.050138150174959706,0.049866360050503385,0.17331498248856567
5221,45.0,0.04981550818628233,0.049684600768747644,0.1755746623780205
5221,46.0,0.05089088702859949,0.05081576640183776,0.1807017608410316
5221,47.0,0.05084059365016688,0.05086176260977401,0.18398182957820547
5221,48.0,0.05281999216924823,0.0527031477409798,0.18674598391963762
5221,49.0,0.05453523186496494,0.054236855941254006,0.18865310368465465
5221,50.0,0.05438460184965231,0.05404484478885561,0.19033606572399095
5221,51.0,0.05612797625799686,0.05571416308923188,0.19385221748377013
5221,52.0,0.05712518042274303,0.056581303706000854,0.19737186268571555
5221,53.0,0.05683252079903375,0.056255133907406586,0.1980931272910879
5221,54.0,0.056733176890388606,0.05614252856106449,0.1993337247135392
5221,55.0,0.05631453973082293,0.055661314352069086,0.1996246446376514
5221,56.0,0.05451969067142764,0.05394656557536778,0.19997160323128843
5221,57.0,0.05448343324021693,0.053902952684139846,0.20131375734687118
5221,58.0,0.054216970018446574,0.05362748616376175,0.19998059573130048
5221,59.0,0.05567623166966179,0.05501096080537302,0.20175465601199608
5221,60.0,0.0567184400274948,0.0560374783561009,0.2032129644186004
5221,61.0,0.056561701303523684,0.05592715044058479,0.20359931998607483
5221,62.0,0.056945595784355936,0.05635342513998537,0.2051859511683425
5221,63.0,0.0572631699854523,0.05665330128560052,0.20608494874717473
5221,64.0,0.05638684482760097,0.05580969266470418,0.20591874416961392
5221,65.0,0.0567530895668323,0.05618698025294942,0.20604269165164532
5221,66.0,0.05629706791092549,0.05579915065850609,0.20467941488027683
5221,67.0,0.05585171785610763,0.055439182267455304,0.2040683404382191
5221,68.0,0.056066133661039706,0.05566206497714033,0.20353932193109597
5221,69.0,0.055230209425257165,0.05486082073703443,0.2023522316823397
5221,70.0,0.054977198053071843,0.05466337078236815,0.20114554255767142
5221,71.0,0.05440148275710626,0.054105245335210855,0.1999070605384051
5221,72.0,0.0541756802202921,0.053870638974714585,0.1997588560633531
5221,73.0,0.053031270790730486,0.052779831955511156,0.19774417481276493
5221,74.0,0.05202408256439913,0.05194364797286037,0.19566213968680876
5221,75.0,0.051275274615660366,0.051249903889952736,0.1941647126763423
5221,76.0,0.05034655070681867,0.050414669626259206,0.19289457758353262
5221,77.0,0.04878228739038776,0.049039475439685384,0.19041877146128847
5221,78.0,0.04809397697986091,0.048430695555173646,0.18847803610570696
5221,79.0,0.04741284964537461,0.047841493443349675,0.18668506358764617
5221,80.0,0.04599034418708425,0.046528852744578554,0.18392437902476252
5221,81.0,0.04509471005256936,0.04575616611207373,0.1812330623336513
5221,82.0,0.044439716563178445,0.045231545485983356,0.17828671238603086
5221,83.0,0.044008470394236075,0.04477799790343685,0.17603304084324042
5221,84.0,0.04363999273502649,0.04441980867462887,0.17447075978480048
5221,85.0,0.04313294003315963,0.04393989430382605,0.17216466100565894
5221,86.0,0.04281442897773581,0.04360181219907982,0.17069529355243931
5221,87.0,0.04230884773719138,0.043166021036308316,0.1692947562496602
5221,88.0,0.041804217599274725,0.0427267065641462,0.16803439043615745
5221,89.0,0.041939836995595364,0.04277403307256209,0.1668045467821749
5221,90.0,0.04182262531156428,0.042675233706959345,0.16512771596333925
5221,91.0,0.04184568200798682,0.042719434577707716,0.1644658822030287
5221,92.0,0.041513461956499666,0.04240927309977992,0.1637256589987003
5221,93.0,0.04125914120311538,0.04222075889088845,0.16276093872155833
5221,94.0,0.04103971900311103,0.04200436121963825,0.1616695010273599
5221,95.0,0.040796926929790145,0.04171440795379814,0.16020416012906527
5221,96.0,0.04058121561194988,0.041497994731578565,0.15940988326524122
5221,97.0,0.04078096170679526,0.04170233007597894,0.15881649120314575
5221,98.0,0.039810952757903945,0.04088968268562711,0.1574359724721043
5221,99.0,0.03946340422170712,0.040628750315879196,0.1568190494344102
5221,100.0,0.039476011009548666,0.040617559390836486,0.15608180441926664
5222,0.0,2.9066038639870517,5.408116675855963,6.564657815288973
5222,1.0,0.5168294571965925,0.5267100141450989,1.2259505203210594
5222,2.0,0.4695244295238955,0.4577075251558869,1.0914318245147767
5222,3.0,0.4507726796184575,0.43585196000076504,0.9977026838669686
5222,4.0,0.42630284660689965,0.4118661546011792,0.9154677618527327
5222,5.0,0.3990759406090956,0.38436335744465644,0.8661385054134217
5222,6.0,0.387965787279972,0.37436605734213446,0.8178082555183848
5222,7.0,0.37344241373849885,0.36028430399860645,0.7794520357061562
5222,8.0,0.35810386186253396,0.346199663781028,0.7457995720249704
5222,9.0,0.3456904901922716,0.3351538381163026,0.7099494455437485
5222,10.0,0.3312635801382948,0.3224562249511626,0.6721615737396749
5222,11.0,0.32410615330730425,0.31676474545724786,0.6421249942390311
5222,12.0,0.3157033464699673,0.30879019694593063,0.624714603544832
5222,13.0,0.3051823366978006,0.29879923517651424,0.6020862020573312
5222,14.0,0.29866073071665267,0.2928773243072185,0.5881007271470904
5222,15.0,0.2965932699780708,0.2916250108256355,0.5688551798154412
5222,16.0,0.2872810774858698,0.28280239247282085,0.5455003242959475
5222,17.0,0.2752136337635935,0.27109623870887145,0.5234041478955057
5222,18.0,0.27279765447031373,0.2690448967022203,0.5079328773930114
5222,19.0,0.2655015586561414,0.26171184007578296,0.4920481845317165
5222,20.0,0.26271382816986955,0.25915285838455693,0.4794014697490872
5222,21.0,0.2571470138986513,0.2538248878549671,0.4669852061822712
5222,22.0,0.24820881391885036,0.24516479664385063,0.4452935772360599
5222,23.0,0.2377135076449841,0.23526590067557893,0.41803250873252273
5222,24.0,0.2235538698926888,0.22154926940935837,0.38843962215962896
5222,25.0,0.21171930624974847,0.21025522240709216,0.3596100335087508
5222,26.0,0.1989630854053318,0.1978875374770988,0.33402669310547073
5222,27.0,0.1851326696707261,0.18445255057478832,0.3057552571298132
5222,28.0,0.17260075148355883,0.17229093154916722,0.2789907346540314
5222,29.0,0.15914947525457535,0.1588898627830682,0.25579806273917105
5222,30.0,0.15136049550599417,0.15119368529514407,0.23961540149349905
5222,31.0,0.14943007400301042,0.14978394655550656,0.22786855856604268
5222,32.0,0.14553752358863217,0.14624791449673785,0.21669649245675177
5222,33.0,0.14280717476025273,0.14380412247835583,0.2079384693661049
5222,34.0,0.13443151185945926,0.13534699175876103,0.19723072259661997
5222,35.0,0.12063206635653764,0.12128266073931562,0.18188710408228462
5222,36.0,0.1146377624611352,0.1152602321944068,0.17400277035633466
5222,37.0,0.11108338525963196,0.11169480349748385,0.16900557460681787
5222,38.0,0.11015448395849518,0.11096535393115034,0.16484219002749176
5222,39.0,0.11164179112146003,0.11252284243999744,0.16378839233494014
5222,40.0,0.1053572661400962,0.10627092326277275,0.15656788576766592
5222,41.0,0.10155347565764698,0.10242325637984984,0.1518105115643297
5222,42.0,0.09762490640563085,0.09849396863807056,0.14818651336023395
5222,43.0,0.09532819411750508,0.09628169257652769,0.14674255088118537
5222,44.0,0.0905339468450788,0.0915046056314892,0.142892522437428
5222,45.0,0.08632459098011246,0.08735608212149001,0.13979822678363638
5222,46.0,0.0879032460788896,0.08892392307678362,0.14066739926717456
5222,47.0,0.08631675066078832,0.08723432497409903,0.13884274427619533
5222,48.0,0.0835096577973161,0.08430945438596778,0.13664671876548848
5222,49.0,0.08194993134608082,0.08271169511798185,0.1351280877729274
5222,50.0,0.0795737550718201,0.08022127941771877,0.13323178153730425
5222,51.0,0.07887356486697959,0.07946616288834141,0.13192761550055973
5222,52.0,0.08078250837108124,0.08133223800376772,0.13270969550940984
5222,53.0,0.07818279510185937,0.07863872277217017,0.13118412392102105
5222,54.0,0.07729680989955363,0.0777140103684913,0.13046806558798899
5222,55.0,0.07695115995403017,0.07735353233900558,0.13007387183319202
5222,56.0,0.07430628876556755,0.07465879908845642,0.12828186769859112
5222,57.0,0.07226470706716506,0.07260245957963542,0.12680393059112022
5222,58.0,0.07092486466869563,0.07136499857538445,0.12571632305677943
5222,59.0,0.06858412125490398,0.06900359067037483,0.12374975695308431
5222,60.0,0.06761943293390435,0.06812828881998814,0.12271177910822872
5222,61.0,0.06750109309523529,0.06800534911444629,0.12223544512104474
5222,62.0,0.06615816422566481,0.06664856034370657,0.12162355964795227
5222,63.0,0.06560803635656061,0.06613891096066543,0.12102703142854883
5222,64.0,0.06360586552092674,0.06415697201602057,0.11922712666056051
5222,65.0,0.06122430899654712,0.061766311867415546,0.117348815853889
5222,66.0,0.05959600463897513,0.0600611252146245,0.11569933605230626
5222,67.0,0.05802155979293334,0.05844099289298905,0.11466525577936987
5222,68.0,0.05534355095099836,0.05570234194944351,0.11343541556685378
5222,69.0,0.05428215725468067,0.054687995117596054,0.11228463438059538
5222,70.0,0.0535325196935188,0.05389563415855455,0.111633320421689
5222,71.0,0.0536655432453178,0.054028400829421605,0.11115433674366615
5222,72.0,0.05290266783470251,0.05326514598184846,0.11082820461878683
5222,73.0,0.05254943582723786,0.052884143267256836,0.11045728751483232
5222,74.0,0.05251623868100954,0.05288616031433704,0.11038456313995601
5222,75.0,0.05127683270483173,0.05163911691773479,0.10996687174646468
5222,76.0,0.050702943515858634,0.05103481333844849,0.11018906177217942
5222,77.0,0.04938759777194829,0.04973557284597531,0.1092305088200177
5222,78.0,0.04848886204941884,0.04887350355074237,0.10842742872700792
5222,79.0,0.048968790540033044,0.04939826754511132,0.10874517547275735
5222,80.0,0.04737587107509517,0.047769642643417695,0.10785536202321641
5222,81.0,0.04686203979719142,0.047322482732503064,0.10739436920449885
5222,82.0,0.04685048112805737,0.04725390802224945,0.10726320465705232
5222,83.0,0.046220267676451474,0.046562396876320716,0.10693208688580459
5222,84.0,0.044361852113003815,0.044643261895466066,0.1058979269562138
5222,85.0,0.04352153215155138,0.04371376516909898,0.10533623625639511
5222,86.0,0.04336332538150652,0.04351092845187644,0.1053619494001599
5222,87.0,0.04287703452430883,0.04295673314895191,0.10548318539480464
5222,88.0,0.04206219962772917,0.04209305845517873,0.10489603561527101
5222,89.0,0.04111786145362861,0.0411476621660296,0.10424165470443081
5222,90.0,0.03990219171627429,0.039912802052514365,0.10369739803312945
5222,91.0,0.039282460022066555,0.03924206125208763,0.1031823119819365
5222,92.0,0.03841946039969211,0.03843299569801167,0.1027698398188076
5222,93.0,0.038142064020136535,0.03813634273035396,0.10211317411928109
5222,94.0,0.03806251244701721,0.037987670096424786,0.10218403945662877
5222,95.0,0.038047638853637565,0.0379526346797183,0.1023095387598161
5222,96.0,0.0375049610797098,0.03744708392672544,0.10199359718636361
5222,97.0,0.03655723503608028,0.03653792701282602,0.10171437807570391
5222,98.0,0.03622137143216769,0.03621807869451648,0.10159301236363706
5222,99.0,0.03608765308713764,0.03603680179763366,0.10145854372144052
5222,100.0,0.03616042585636429,0.036121140884742144,0.10146757560048858
5223,0.0,2.9066038639870517,5.408116675855963,6.564657815288973
5223,1.0,0.4827124574079538,0.5319658044009208,1.2818790932230073
5223,2.0,0.4111427528159556,0.41921038427883534,1.1370162475137857
5223,3.0,0.3599953024662545,0.3534114278944016,1.0180103414885193
5223,4.0,0.33126909897876844,0.31628714955513626,0.9476884536574701
5223,5.0,0.31320745012268264,0.29422079686124397,0.89983063966363
5223,6.0,0.2966999216409037,0.27593712045686924,0.8485508999456968
5223,7.0,0.28863327487523277,0.2677955221545202,0.8160447925564347
5223,8.0,0.2728717746110269,0.25326895888707734,0.7723019058483925
5223,9.0,0.26393098942052967,0.24497587280343883,0.7421087929193814
5223,10.0,0.2538943348037613,0.2349466492042073,0.7167204207227736
5223,11.0,0.24529634143500123,0.22657686339006006,0.6947656456358183
5223,12.0,0.23525481921833843,0.21690661097536423,0.6701633386244308
5223,13.0,0.23053412975795734,0.21259466097420746,0.6536302344547511
5223,14.0,0.22529056622229685,0.20762188726043188,0.6375636117962475
5223,15.0,0.2154092140436594,0.19833318131403463,0.6125794779079587
5223,16.0,0.2064819374451086,0.18991512735972088,0.5898241682876626
5223,17.0,0.19973315652746773,0.18357597110670326,0.5721899188268401
5223,18.0,0.1941196274911763,0.1783152887640149,0.5575235357157026
5223,19.0,0.18814504968687604,0.1727620219404221,0.5425319561649522
5223,20.0,0.18176558893534026,0.16673107616930138,0.5268071759532069
5223,21.0,0.17735503340236933,0.16281475450365113,0.5119771104100385
5223,22.0,0.17186734938185133,0.15782859733132648,0.49660734095665
5223,23.0,0.16455475811386072,0.15152240816611273,0.47149656368339815
5223,24.0,0.15903119193330142,0.1468265629277025,0.4514941378568252
5223,25.0,0.15383283665304132,0.1423661829091109,0.4323450967484824
5223,26.0,0.14566764122256348,0.1351839460016143,0.40377138699591875
5223,27.0,0.1382880314260603,0.12905100978707068,0.3748892609348964
5223,28.0,0.13439737856475165,0.12592824251252988,0.35902412126933547
5223,29.0,0.129856032897195,0.12198256337572173,0.34186570605887134
5223,30.0,0.12437949851086699,0.1171867378848447,0.32153523200861006
5223,31.0,0.11797438207505238,0.11146808954038942,0.3018506036516503
5223,32.0,0.11378789016360137,0.10782842027037985,0.2865789844931208
5223,33.0,0.11163246155437831,0.10656485269007576,0.27139508978333315
5223,34.0,0.10777199520059128,0.10321173851695686,0.25781956049250393
5223,35.0,0.10311977251912888,0.0989398251911133,0.2449065570224312
5223,36.0,0.09780666756305284,0.0938917786591488,0.23235127532331987
5223,37.0,0.0942922345554261,0.0906784532337874,0.22381299485404088
5223,38.0,0.09012280598822327,0.08680475423738217,0.21360730202346698
5223,39.0,0.08588787432652,0.0829327291321674,0.202628478315153
5223,40.0,0.08569632081606987,0.08322487876999843,0.19560355151658065
5223,41.0,0.08146937158192792,0.07939010721251694,0.18494940804525536
5223,42.0,0.07848704014777719,0.07657384703934804,0.17813116350075708
5223,43.0,0.07816928116286473,0.07656060408215364,0.17343632232961423
5223,44.0,0.07676169082608188,0.0755247780212777,0.16790663855110316
5223,45.0,0.07536085751459441,0.07444985836878057,0.16233083955710226
5223,46.0,0.0726931082528731,0.07200398904683056,0.15656054237323241
5223,47.0,0.07093748673300199,0.07054988344370877,0.15187147311085863
5223,48.0,0.06866159463430192,0.06834716443154591,0.1480130507007176
5223,49.0,0.06590119197562212,0.0657001873259857,0.14378803738789028
5223,50.0,0.06387454733421413,0.06379253628154373,0.1405988740895008
5223,51.0,0.06360349965465603,0.06375549753495958,0.1388914341035035
5223,52.0,0.06138393419636761,0.06162643932664463,0.1356974069593752
5223,53.0,0.05917172343303491,0.05953852118738667,0.13253620721619755
5223,54.0,0.05775011647399373,0.05813994892394027,0.1307020464300779
5223,55.0,0.05543660663502412,0.055810278840191664,0.1279597261683786
5223,56.0,0.05172139992272759,0.05214460048403647,0.12497511908452096
5223,57.0,0.048632309628099474,0.04911226462220815,0.12231657626519084
5223,58.0,0.04642301197326968,0.0469905034425614,0.12047388133265523
5223,59.0,0.04603588509474112,0.04667705282821959,0.11967322378863811
5223,60.0,0.04485332645115836,0.045777196536950435,0.11820012224781605
5223,61.0,0.04452621305607444,0.04544781587017891,0.11715754866362876
5223,62.0,0.04279442587022781,0.04370583111413469,0.11622689144305809
5223,63.0,0.04259677275167478,0.04355176036051793,0.11607411257700194
5223,64.0,0.04247571293155734,0.04353619127377287,0.11604541036557861
5223,65.0,0.04119539865728015,0.04230224513843438,0.11530177192483711
5223,66.0,0.041376646686513786,0.04256451464558887,0.1152245255880645
5223,67.0,0.04098389489750419,0.042194124036140646,0.11485823330412799
5223,68.0,0.03992454450645685,0.041232684669888275,0.11450714327899816
5223,69.0,0.03858249830056649,0.040012812060010366,0.11343470369739268
5223,70.0,0.03864548701114694,0.04017255256829755,0.1130734457697509
5223,71.0,0.03875555503196066,0.0403405621000884,0.11324552584210448
5223,72.0,0.03931045351352863,0.04079843234194972,0.113249345616505
5223,73.0,0.0409700104022359,0.04243495969105046,0.11425073975430824
5223,74.0,0.041307913943426276,0.04284929702771734,0.11461547650598317
5223,75.0,0.04032301199396393,0.04190679386849542,0.11455468522499514
5223,76.0,0.038963949377738685,0.04052764084900157,0.11399106241170393
5223,77.0,0.0384071234232918,0.039965917791697766,0.11340328616009651
5223,78.0,0.03796956989426056,0.039631221481624165,0.11340313221402165
5223,79.0,0.03766565073592563,0.039489565648962235,0.11325375072186947
5223,80.0,0.039236898054298,0.04108704735653541,0.11372727113498887
5223,81.0,0.03912946555002042,0.04111590705859044,0.11361637203494696
5223,82.0,0.038760609291109895,0.04084733489623976,0.11354508715962845
5223,83.0,0.038710871447934,0.04081815433773556,0.11376037281417777
5223,84.0,0.039026742190251,0.04121616026053863,0.11406351393724969
5223,85.0,0.03993482468731172,0.04218782660082284,0.11442182097427812
5223,86.0,0.03964684172410601,0.041934446390507835,0.11494926904084839
5223,87.0,0.03867539004555015,0.04101473107422228,0.11439649461947538
5223,88.0,0.03873985902684097,0.041173390941203564,0.1144755450010136
5223,89.0,0.03818336766738597,0.040606392832667385,0.1142434313805497
5223,90.0,0.03870568843317381,0.04113248041499383,0.11440551208940926
5223,91.0,0.03916805029200745,0.04157690776309578,0.11445147766454725
5223,92.0,0.0392868436011522,0.041715722480351165,0.11415973252312892
5223,93.0,0.03868505802012599,0.04114695430415203,0.11372466240236528
5223,94.0,0.03852789001321703,0.041011698658061535,0.11326359542097311
5223,95.0,0.038170695372378376,0.04059799951967939,0.11313316279058798
5223,96.0,0.0385069955441814,0.04087103481796381,0.1130697878042065
5223,97.0,0.03846801183714962,0.040848668272139795,0.11305228012660229
5223,98.0,0.037671415704280724,0.040169580544443674,0.11251798096402353
5223,99.0,0.037028914307903116,0.03959782301506046,0.11234438168036799
5223,100.0,0.03672970083291439,0.03937468434976756,0.11241745943795979
5224,0.0,2.9066038639870517,5.408116675855963,6.564657815288973
5224,1.0,0.4193198335540238,0.44854632532803435,1.0698029641748008
5224,2.0,0.3274909090467429,0.32794909349223383,0.9156677351964039
5224,3.0,0.28454897285262015,0.2745157242844994,0.8255751981072498
5224,4.0,0.2465333639612425,0.23263110431199135,0.7237030168141346
5224,5.0,0.2218810995150976,0.206250841054309,0.6508318618556007
5224,6.0,0.20284155478569096,0.1882408837885632,0.5966846904219792
5224,7.0,0.18710671081218194,0.17287900413763121,0.5516403301415892
5224,8.0,0.17607311406542225,0.16235475930645196,0.5165195029458404
5224,9.0,0.16850389452394782,0.15485384235431673,0.49746710607468486
5224,10.0,0.15800674321461777,0.14531491658944834,0.46430109437751654
5224,11.0,0.1490621896990395,0.1370396026551716,0.4369573596320577
5224,12.0,0.1394278606723599,0.12772839542697154,0.4101359740092316
5224,13.0,0.13246024049517732,0.12121185549403411,0.3894114135581646
5224,14.0,0.12646248701752338,0.11593815275290018,0.36412467295837336
5224,15.0,0.1235797858730415,0.11369933246757745,0.3482770007082717
5224,16.0,0.11844670326974677,0.10925284202011405,0.33105675759008235
5224,17.0,0.11294346455552233,0.10413266560153656,0.3149874260810743
5224,18.0,0.10712543337901116,0.0988138449450244,0.29817361645937723
5224,19.0,0.10259153837113284,0.09485640673235933,0.28363127391178583
5224,20.0,0.09768246122385908,0.09056836285275995,0.26781461563374603
5224,21.0,0.08880982750708596,0.08202891958840297,0.24698497399269143
5224,22.0,0.08029387793635274,0.07387641275406831,0.2269887662796772
5224,23.0,0.07200444091004143,0.06630636028941579,0.2040919908112858
5224,24.0,0.06641232251876548,0.06109573928507842,0.19085486746367863
5224,25.0,0.06120843842639704,0.05635536450656158,0.17590383356810158
5224,26.0,0.05728831362372505,0.05295457919715053,0.1647302869120669
5224,27.0,0.05333012314149615,0.04967254697818394,0.15314141918701876
5224,28.0,0.049471197465025214,0.0467169817935663,0.13940140035001547
5224,29.0,0.0493735069803346,0.047397936619708605,0.1321412266019584
5224,30.0,0.051282619900748526,0.05030683711236796,0.1250579408835159
5224,31.0,0.05405700505461231,0.05365086916483039,0.12315303535532139
5224,32.0,0.05536683836826421,0.05543259170365374,0.11967234612589907
5224,33.0,0.05870148383330196,0.0591649569255554,0.11917692019841905
5224,34.0,0.06091459625339468,0.061737959541442095,0.11798582708558811
5224,35.0,0.06343573669976507,0.06451021982912895,0.1185680734116845
5224,36.0,0.062160992293385876,0.0633155756250725,0.11709509284651462
5224,37.0,0.05952299778232175,0.06083945462525266,0.1152437461093494
5224,38.0,0.05396327692500185,0.05540853810395987,0.11212327822179477
5224,39.0,0.054826915021926916,0.05635135995514176,0.11397307717196538
5224,40.0,0.05487767162177913,0.056473700702985866,0.1139602141820281
5224,41.0,0.05445543166532841,0.056053092644613604,0.11393094028242637
5224,42.0,0.054208497768092494,0.05586347272474212,0.11529335635857012
5224,43.0,0.05488996600605399,0.056672566725134245,0.116729067350267
5224,44.0,0.05746559161340967,0.05943540372898837,0.11968020876783626
5224,45.0,0.059140384900739744,0.061032454638962313,0.12303573716347495
5224,46.0,0.05805248512997133,0.05993093785554335,0.12481971783875517
5224,47.0,0.05845787684256014,0.06043661012724552,0.12663369214975131
5224,48.0,0.05916753138851518,0.061223328259834016,0.12860954393996366
5224,49.0,0.060284028466282,0.062274395344939525,0.13032175183966718
5224,50.0,0.060552824114806565,0.06259336565749415,0.1318227925303918
5224,51.0,0.060968834654311264,0.06293647285525171,0.13322058428229713
5224,52.0,0.06129804888382201,0.06319768275830684,0.1330204862660867
5224,53.0,0.06342800500127492,0.06520989355335641,0.13442742631404955
5224,54.0,0.06365769039073559,0.06538700966604372,0.13536877021231217
5224,55.0,0.06320070423489223,0.06489878225730521,0.1358669713128359
5224,56.0,0.06401973601101438,0.06574900580961705,0.13690463964940708
5224,57.0,0.061552317406615334,0.06324226562206638,0.13485652195162917
5224,58.0,0.061133528298159094,0.06278305269735521,0.13560127002064226
5224,59.0,0.06018628512558003,0.061881602199502554,0.13539978977369138
5224,60.0,0.060057265915078754,0.061770294300425146,0.13435807110527428
5224,61.0,0.058200897693989014,0.05992960363441419,0.13257128291608652
5224,62.0,0.058063712656978156,0.05984100759961372,0.13226259955577868
5224,63.0,0.058469656845722764,0.06026345991502374,0.13144926994074957
5224,64.0,0.05808385512836391,0.05984232818035582,0.13067679672418875
5224,65.0,0.058363275108679495,0.05999198129424006,0.1295853923853151
5224,66.0,0.0561947633752656,0.0578137021924983,0.12819041039960086
5224,67.0,0.054466915470701205,0.05607580909239565,0.12647358383913582
5224,68.0,0.053935154936578335,0.05557307018313382,0.12513396000415916
5224,69.0,0.05470141202385679,0.056352550520395873,0.12545407745098508
5224,70.0,0.05574995743864657,0.057351257922869305,0.12526112792595578
5224,71.0,0.056236855276375175,0.057791294929951165,0.12474834547703276
5224,72.0,0.056683327393135086,0.0582599439006959,0.12390975114801861
5224,73.0,0.05630789243164677,0.05787042750559156,0.12312853520484741
5224,74.0,0.056873070491732944,0.05847942711739145,0.12246570448907007
5224,75.0,0.05812348801664049,0.05977533523335063,0.12272163281167761
5224,76.0,0.059347106351628494,0.06100020525188375,0.12320236164022112
5224,77.0,0.06032463179736789,0.061947753316557025,0.12368425357870833
5224,78.0,0.059959855418430186,0.06156339736795407,0.12298116115250834
5224,79.0,0.0596631348233829,0.06124706947145485,0.12265513286591671
5224,80.0,0.05986846214244206,0.061459883051338406,0.12253152459982258
5224,81.0,0.05996875095069576,0.061594911124290455,0.12248000873038982
5224,82.0,0.06006674217167439,0.06169657490434569,0.12216886231757555
5224,83.0,0.05961850704542705,0.06124639468954186,0.12175086557507529
5224,84.0,0.05893939973664245,0.06062993624580669,0.12105438484865819
5224,85.0,0.05740869383669884,0.0591295528265952,0.11977733741676395
5224,86.0,0.057851231626448715,0.05955370114765207,0.11952726047635842
5224,87.0,0.05793926211764176,0.05961458003241257,0.11989217870223916
5224,88.0,0.057632208033542805,0.059246056242067746,0.11977753899128828
5224,89.0,0.056944248711578056,0.05855474984235593,0.11954254337955379
5224,90.0,0.05441643613011529,0.05606860610072036,0.11772770845470529
5224,91.0,0.05347195612502602,0.05509771036526297,0.1167050079368247
5224,92.0,0.054338038211068335,0.05592700925622924,0.11683149366662886
5224,93.0,0.054790144449953046,0.05639838501753219,0.11673852283473499
5224,94.0,0.05467241750794127,0.056281405122293265,0.11630775393598138
5224,95.0,0.05538269838614567,0.05700152694750141,0.11677359656989787
5224,96.0,0.05585182250319489,0.05741379764312859,0.11689497334422684
5224,97.0,0.05503890357477626,0.05662626485489669,0.11664157615002932
5224,98.0,0.05427594823801318,0.05606015360288088,0.11623097429026046
5224,99.0,0.05374977874467357,0.055510899418817906,0.11591870548785302
5224,100.0,0.05271688208317656,0.05445312910786445,0.11515543552824857
5225,0.0,2.9066038639870517,5.408116675855963,6.564657815288973
5225,1.0,0.5658828134273353,0.5644283190532048,1.4910462507937345
5225,2.0,0.48440013482222166,0.4602796613783778,1.3083298351241095
5225,3.0,0.410889193789274,0.38574086357972087,1.1287247911884595
5225,4.0,0.3595302724083502,0.33483480204247906,0.9975920021161697
5225,5.0,0.3302215797295435,0.3044695926688481,0.924269698585826
5225,6.0,0.3104964474470325,0.28413590465596616,0.8717144277278216
5225,7.0,0.28390522703465226,0.25997406024531106,0.7955798927920738
5225,8.0,0.26772226096978113,0.24513294937632854,0.7539338409424948
5225,9.0,0.24993023577510956,0.2284193021498755,0.7066180418879302
5225,10.0,0.2368782575266855,0.21665883701649782,0.6669872140523898
5225,11.0,0.22399274267698274,0.2054286905383486,0.6253591725311157
5225,12.0,0.21223099515542201,0.19511219647406966,0.591260156600092
5225,13.0,0.20011634757011676,0.18428938621362648,0.5554379688013297
5225,14.0,0.18940405363667287,0.1746557689707968,0.51994617045662
5225,15.0,0.1803010480562865,0.16717759961333747,0.4824757906269302
5225,16.0,0.17189508197110032,0.15979833937446694,0.4545059406214148
5225,17.0,0.15669633514961653,0.14499154935949965,0.4198605689656962
5225,18.0,0.15210861413426605,0.14118936602532942,0.40268841877703115
5225,19.0,0.14590095475368722,0.1357579905041264,0.38096163258858806
5225,20.0,0.1345765754482832,0.12487651374308693,0.35374356328443535
5225,21.0,0.12740242408110633,0.11855047785130823,0.3279565942642202
5225,22.0,0.1197376597395023,0.11209480721425351,0.2976848737972542
5225,23.0,0.10834359886727483,0.10132537221180858,0.2691766875688409
5225,24.0,0.10283291259548256,0.09649317239175655,0.25048507152821387
5225,25.0,0.10069925165348324,0.09553200775081488,0.23238940387837556
5225,26.0,0.09414653387896782,0.08977907338528751,0.20962707893905877
5225,27.0,0.08596977527474142,0.0820763068313084,0.19195210870982957
5225,28.0,0.07737205728204453,0.07408722096571911,0.17303990182939782
5225,29.0,0.07123605080456374,0.06869193388012726,0.15787944769165727
5225,30.0,0.06485174768010626,0.06301217452134238,0.14496325310517907
5225,31.0,0.059854768293913264,0.05853202290830233,0.137482500579195
5225,32.0,0.05977245996984235,0.05892419890998367,0.13516186397689667
5225,33.0,0.06226050180427562,0.06198466185197202,0.13727635369367763
5225,34.0,0.06454568746103588,0.06465940760174202,0.13875402761461472
5225,35.0,0.06332516176401315,0.06363035738454378,0.1391770874818601
5225,36.0,0.0628619885882581,0.06342089281298609,0.14245214635967476
5225,37.0,0.0656535754005957,0.06640202188359864,0.14636100605813399
5225,38.0,0.06729382192559916,0.06817548722567762,0.1524387136129584
5225,39.0,0.062442477700551384,0.06341026059530515,0.15445361136246993
5225,40.0,0.060696724151619245,0.06172134632897178,0.15404438388031313
5225,41.0,0.05971889885495349,0.06076754231268926,0.1551905832743511
5225,42.0,0.06165717124724757,0.06261150740230323,0.15738659312797326
5225,43.0,0.06228062191374325,0.06318746741607711,0.15834005090100822
5225,44.0,0.06158741758262913,0.06257698249123209,0.15997932194228687
5225,45.0,0.06153273086488609,0.0625314281708761,0.16033358115608
5225,46.0,0.06135188793627966,0.062304429906924724,0.16118131103589659
5225,47.0,0.05989654791116003,0.06084250844089501,0.16276186014067143
5225,48.0,0.059479705885142724,0.060389949046615536,0.16412495589732393
5225,49.0,0.05862285778410024,0.05947981686076378,0.16568491431185772
5225,50.0,0.0576239802228066,0.05843301621647313,0.16645868286474613
5225,51.0,0.05620923287670205,0.05706964574576559,0.16799948104616505
5225,52.0,0.05476396079736144,0.05556960458453208,0.16995583324233196
5225,53.0,0.05352590895812999,0.05427395329092371,0.1705574037926975
5225,54.0,0.05316370194650119,0.05389298288309835,0.1716066423599472
5225,55.0,0.05292934006327116,0.053624505159366204,0.1714846118167434
5225,56.0,0.05264072033929296,0.053360080807910694,0.17129507544083605
5225,57.0,0.052283903798892827,0.05306631156327966,0.1720753055697829
5225,58.0,0.05225397930059008,0.052976559808337945,0.17246036706298706
5225,59.0,0.05165980512896632,0.052372623471113315,0.17185032028242686
5225,60.0,0.05102317408215077,0.0518043704918536,0.17192087765183844
5225,61.0,0.05218926844828685,0.05291165528433831,0.17482379953025842
5225,62.0,0.05279529737014405,0.053446726438443726,0.1769397540287341
5225,63.0,0.05219181996884813,0.05287504409650374,0.17699765492971906
5225,64.0,0.05216695192759232,0.05284424866070984,0.1775800069143922
5225,65.0,0.05193619735034969,0.05250711200336738,0.17707917894714004
5225,66.0,0.05337446928071978,0.05388478796781568,0.17680156738992148
5225,67.0,0.05187335016703559,0.052399980314713726,0.17579154694786697
5225,68.0,0.05132947914643205,0.05186484527754516,0.17568346000588614
5225,69.0,0.05050521580519854,0.0510484662823048,0.17530659087890738
5225,70.0,0.05049740728743417,0.05111433531166232,0.1741138784329063
5225,71.0,0.051131934019773465,0.05175991341359068,0.17392789746034537
5225,72.0,0.05090533105118445,0.05150009252479475,0.17444479832400137
5225,73.0,0.0506730581500022,0.05126643611819212,0.17512674300151557
5225,74.0,0.05021414057299143,0.05091024303340868,0.17462911068863166
5225,75.0,0.049648182619852495,0.05039488670647554,0.17413896321450942
5225,76.0,0.0490103950687463,0.049732453525848645,0.17348635391183828
5225,77.0,0.04816918805285829,0.048902619934889445,0.17303051711615675
5225,78.0,0.04802952902164355,0.04881108237753662,0.1716986141610892
5225,79.0,0.048550199620225706,0.04929291023282824,0.1728586410787932
5225,80.0,0.04875913488795005,0.049500673722149904,0.17253439288011954
5225,81.0,0.04880135462133681,0.04959100657079373,0.1722054762579769
5225,82.0,0.048115815791955695,0.048969230863426576,0.1716062846445605
5225,83.0,0.048002701087822786,0.04889029656323937,0.17081911845733286
5225,84.0,0.04863174252228708,0.049593897736422025,0.17066114409690508
5225,85.0,0.04789651138039929,0.0488067288358015,0.17102763635056814
5225,86.0,0.047117264830190145,0.04803796037399193,0.17065034270274662
5225,87.0,0.04710551540182314,0.04808081005138518,0.1699894245755883
5225,88.0,0.046323131327052486,0.04729389192378713,0.16882749926684612
5225,89.0,0.044967626124038984,0.045937201672232204,0.16680127824213764
5225,90.0,0.04459773313782712,0.04562907657452464,0.16533741591329462
5225,91.0,0.04384593893953367,0.044880264869503986,0.16443806174376935
5225,92.0,0.043588998073113845,0.04460122126706336,0.16358027120755742
5225,93.0,0.04336414949699283,0.04438705880417409,0.16274693371884355
5225,94.0,0.043564522099059894,0.044582657507335095,0.16232296873251328
5225,95.0,0.04323662500300464,0.044238964517331704,0.16192664295359635
5225,96.0,0.04243070699588452,0.043476677304537394,0.16100715339836363
5225,97.0,0.04145777389713654,0.04259219615793461,0.16051767263300953
5225,98.0,0.04090858913693678,0.04206496152452648,0.15983955905229913
5225,99.0,0.0402173894721368,0.04138203505714254,0.15954427213659741
5225,100.0,0.039675878664485735,0.04082954009446483,0.15855436146194032
5226,0.0,2.9066038639870517,5.408116675855963,6.564657815288973
5226,1.0,0.5288932976411888,0.5205551269879649,1.3642801684572075
5226,2.0,0.4705326347929937,0.44654408956995684,1.2452447768975157
5226,3.0,0.406876951967123,0.3816380962136896,1.1063884009891443
5226,4.0,0.3694668246459956,0.3435824148485851,1.0183514356932784
5226,5.0,0.3295606002987384,0.303743953207017,0.9261137753758623
5226,6.0,0.3045596165004077,0.2789522416813254,0.8617621391910293
5226,7.0,0.28478383093585663,0.2603635223655816,0.8040768981704567
5226,8.0,0.26924314932567767,0.24590015836658818,0.7596332807615435
5226,9.0,0.2550478288489096,0.23275553178039932,0.7218039333236899
5226,10.0,0.24511254415183722,0.2239246681686579,0.6935918728708146
5226,11.0,0.2362415476353698,0.21609040957645131,0.67098520009062
5226,12.0,0.2278976827655491,0.20911537871965444,0.6413045180271647
5226,13.0,0.22286237093637437,0.20544299991361523,0.6176373829762488
5226,14.0,0.2177875103389291,0.20164840938919878,0.5948248140202053
5226,15.0,0.21334446938537485,0.19825220583033532,0.5773307159737985
5226,16.0,0.20759309236466092,0.1936767030992797,0.5519688080442645
5226,17.0,0.2018608005069516,0.18915577023828833,0.5262654816909652
5226,18.0,0.1981059610471599,0.18672575427884197,0.5046600366468645
5226,19.0,0.1899311879451742,0.1792187460379377,0.47925298368194263
5226,20.0,0.18279075227201597,0.17261593449206591,0.4608000946037695
5226,21.0,0.16772487137811556,0.1577599063360489,0.4263997292020526
5226,22.0,0.15414169092192126,0.14444413086966854,0.3963943102390017
5226,23.0,0.13896653810850806,0.12992363207086366,0.3566681238006994
5226,24.0,0.12586142477447004,0.11751243100143219,0.3214635157385279
5226,25.0,0.11449014341706193,0.10664102876372718,0.29236385348948757
5226,26.0,0.10549325735276983,0.09838937243091522,0.26486555715879684
5226,27.0,0.09572975280471042,0.08924773986590225,0.23870676910004782
5226,28.0,0.08968386764170318,0.08409899143572191,0.21722469232387598
5226,29.0,0.08126671213816708,0.07611670166326552,0.19759510685739956
5226,30.0,0.07295650286140438,0.0680807702535247,0.1806225360228303
5226,31.0,0.06655227712097796,0.06200378218834042,0.16664939380114996
5226,32.0,0.05779909980778306,0.05345089174007109,0.15256090892097401
5226,33.0,0.05174938150196999,0.04754120456406239,0.14315400321001315
5226,34.0,0.04764160250911163,0.04375040245740969,0.13628824090800043
5226,35.0,0.0443399167065776,0.04093746190699529,0.12957631570226644
5226,36.0,0.042666684509351564,0.03950358779563201,0.12607883680595375
5226,37.0,0.04054139838512813,0.03752252704426677,0.12250885934225417
5226,38.0,0.03854137666007919,0.03571135294936698,0.11876993166144248
5226,39.0,0.03657200140048033,0.03398263852256239,0.11667330277095181
5226,40.0,0.03586405618285188,0.033515839185943,0.11588560978161412
5226,41.0,0.03505916902586302,0.03304687094408166,0.11406647695289648
5226,42.0,0.033658168309457275,0.03194095337396216,0.11245291885618115
5226,43.0,0.03177157892505245,0.030120194962644283,0.11122296355229806
5226,44.0,0.031214545535797816,0.029772082352701776,0.10979451219969757
5226,45.0,0.030125250049342977,0.028854497734725083,0.10842462887547759
5226,46.0,0.028652804939958056,0.027413819974473803,0.1081678928243603
5226,47.0,0.028085932808280843,0.026810655180343326,0.10829844364088535
5226,48.0,0.02754680099987014,0.0264221254134342,0.10772536554232343
5226,49.0,0.02689984175351806,0.025817884512190706,0.10708483030940802
5226,50.0,0.02647899150272433,0.025504874586202455,0.10653350599343436
5226,51.0,0.026065297731944624,0.025219939948938053,0.10609289171982145
5226,52.0,0.02551471459049917,0.024911281672289343,0.10545577609848424
5226,53.0,0.024964749787116214,0.02450651124692344,0.10476067294495003
5226,54.0,0.02528889332558801,0.024822962183671374,0.10471844545612005
5226,55.0,0.025692339175698953,0.025312029116767075,0.10530005811979994
5226,56.0,0.025057052461019996,0.02481978194178242,0.10548809022752494
5226,57.0,0.02446872250099336,0.02436320269448714,0.1047660133860483
5226,58.0,0.023679052783338254,0.023723721145624984,0.10553482047513411
5226,59.0,0.023385641047884372,0.023503268165912108,0.10525038144442332
5226,60.0,0.02323928232873809,0.0234787992460886,0.10544923723404097
5226,61.0,0.023151933261883004,0.0234318550077741,0.10510362503406541
5226,62.0,0.023240814564509684,0.023532061928504173,0.10494498310846118
5226,63.0,0.023687079655802124,0.02395823377473076,0.10396547452535367
5226,64.0,0.024310212717773432,0.024427266610957593,0.10381281428041093
5226,65.0,0.02474493374275046,0.024776175454569477,0.10302485071323625
5226,66.0,0.02477941431363786,0.02474017643921492,0.10275150873709027
5226,67.0,0.02583114110511128,0.025752172015486276,0.10311754702084047
5226,68.0,0.026186338356425334,0.026110721809115413,0.10352932638209698
5226,69.0,0.02610574404604769,0.02600517730403965,0.10365946285275202
5226,70.0,0.025585256104907153,0.025545702050570943,0.10333549967233838
5226,71.0,0.025512626266349203,0.025504884856050476,0.10297967880281902
5226,72.0,0.025284567929573638,0.025352030943398284,0.10289279065300116
5226,73.0,0.02483654036208661,0.024935277234387442,0.10312991780264558
5226,74.0,0.024504103435957568,0.024611234336260026,0.10329381142456717
5226,75.0,0.024795548669367267,0.024916948385652525,0.10348527227749539
5226,76.0,0.02433069255144187,0.02452945609171994,0.10323393597607412
5226,77.0,0.024122183529587955,0.024329565251527883,0.1033045541496043
5226,78.0,0.023712513211155428,0.023977431220390526,0.10352993058906616
5226,79.0,0.02376797602632374,0.024039026605699836,0.1037652584912569
5226,80.0,0.024515307799316814,0.024825799243426247,0.10417934980526221
5226,81.0,0.024333220843747005,0.02467762854375477,0.10502688288061195
5226,82.0,0.02393672215383933,0.024438292816833167,0.10558576704871345
5226,83.0,0.023400012424038975,0.024013710772059365,0.10583371166443359
5226,84.0,0.023147479265919507,0.023827937393425085,0.1063932237183081
5226,85.0,0.022709387016824623,0.023456061927344733,0.10708231442245747
5226,86.0,0.022428304427828928,0.023259321359944164,0.10727714164725606
5226,87.0,0.022305966981995128,0.02316749781862964,0.10723170946548119
5226,88.0,0.022490628867294023,0.023322203808986072,0.10733537923637715
5226,89.0,0.02279976664984918,0.02359651561243094,0.10780144374840599
5226,90.0,0.022955944004260632,0.023749938671681233,0.10801102198784755
5226,91.0,0.023105005390990644,0.023927548207573267,0.10856250724133959
5226,92.0,0.023229320028097415,0.02409703120040631,0.10875418592226287
5226,93.0,0.023024312550361876,0.02398281869742296,0.1087084495215103
5226,94.0,0.022868420033338548,0.02389754115425287,0.10860570431931252
5226,95.0,0.02287042596662084,0.023882122964565284,0.10891146198323373
5226,96.0,0.022727188731832534,0.02378562820301918,0.10898465236571772
5226,97.0,0.022621378534261227,0.02373969072290213,0.10912642738346305
5226,98.0,0.02255745803136248,0.023704893353749423,0.10964468419655297
5226,99.0,0.022627372236530177,0.023829636445950698,0.11032841697568946
5226,100.0,0.022657725227620825,0.023873041924914653,0.11081283627782926
5227,0.0,2.9066038639870517,5.408116675855963,6.564657815288973
5227,1.0,0.4667776203739406,0.49786885186700935,1.2732352938709626
5227,2.0,0.3808665671329063,0.3796063323111931,1.0704205498391743
5227,3.0,0.32905202152627683,0.32189542543129496,0.9523910825493138
5227,4.0,0.3002765409129966,0.28792351585785647,0.8729683398180345
5227,5.0,0.2730644842382718,0.25779340385207816,0.8018469951621547
5227,6.0,0.25815798068469537,0.24028121731087296,0.754895740977636
5227,7.0,0.252377726068192,0.2327716106813617,0.7341365035055963
5227,8.0,0.249111449630729,0.22865317622991863,0.7225728171363357
5227,9.0,0.2394093060274427,0.21934005143244123,0.6916756133897364
5227,10.0,0.22790064188957257,0.20867912719246717,0.6605057040207951
5227,11.0,0.2169315962732195,0.19853338466115064,0.6290927163889023
5227,12.0,0.2071029451327495,0.18965900401810679,0.5998094946508437
5227,13.0,0.19764370758644065,0.18119570223453546,0.5706421515960711
5227,14.0,0.19024866773693372,0.1745791161661741,0.5493161268898376
5227,15.0,0.18368245604574981,0.16886578146709094,0.5279112200400624
5227,16.0,0.17646140479495692,0.16252470142875317,0.5034475756649319
5227,17.0,0.1698155968471861,0.1564563893259251,0.4827387828592851
5227,18.0,0.16384393709569153,0.15105095888504969,0.4638534199897953
5227,19.0,0.15541575788922202,0.14325789231108738,0.4392726927827979
5227,20.0,0.1496498140686019,0.13805085805069794,0.42223712694568843
5227,21.0,0.1390131670919775,0.12803504527613296,0.3930363438197864
5227,22.0,0.12835386922228953,0.1178755407614942,0.36411989340202006
5227,23.0,0.11753606453583852,0.10766625042625957,0.3359568867500969
5227,24.0,0.10846341244450747,0.0993080107863217,0.31100522440100514
5227,25.0,0.10069607044708337,0.09211907136753947,0.2892131695053767
5227,26.0,0.0927083348307784,0.0849403493530906,0.2655653744291275
5227,27.0,0.08567119901768853,0.0787001078386595,0.2447847291843489
5227,28.0,0.08061318626007855,0.0742842210060183,0.23024607417352924
5227,29.0,0.07529818797456043,0.06960223186590313,0.21534883185204776
5227,30.0,0.06951553026008549,0.06463354819584781,0.19875088397976995
5227,31.0,0.06425069764434466,0.05988030540108732,0.1846230656496208
5227,32.0,0.059530420148370795,0.05586382044519608,0.17192776694276016
5227,33.0,0.05616491336397577,0.05312153143783493,0.16215088718771814
5227,34.0,0.053922494992312525,0.05166973971914113,0.1536011772991975
5227,35.0,0.050982342974617276,0.04945806819135344,0.14485817653759886
5227,36.0,0.04863328860257397,0.04762202227950203,0.1395207213063467
5227,37.0,0.04662535538507376,0.0460078473421807,0.1349572941872832
5227,38.0,0.041958381980566645,0.04221637011310427,0.12817689044279668
5227,39.0,0.039560784999235356,0.04030786658572465,0.12342158139082768
5227,40.0,0.03867823387745381,0.039974776177648254,0.12075750985854083
5227,41.0,0.03647420145619383,0.03843610817757977,0.11705137059802825
5227,42.0,0.03609635700847924,0.038487537486018866,0.11557733576641245
5227,43.0,0.03450606927322226,0.03759274929034859,0.11454801616927578
5227,44.0,0.03307835146183119,0.03661765959560622,0.11414021910999604
5227,45.0,0.031528892371041964,0.03549771994501803,0.11268178069697853
5227,46.0,0.03058037673667449,0.03475574013193389,0.11135569416729205
5227,47.0,0.029998952152922108,0.034375486112560576,0.11080975366605375
5227,48.0,0.030063493923429004,0.03455716530557183,0.11123906760524752
5227,49.0,0.02876980580728275,0.033691150122284984,0.11190373371246651
5227,50.0,0.029134049542267573,0.03397619267303635,0.11267662023174851
5227,51.0,0.03048951840966724,0.03495634584115244,0.11319253449138403
5227,52.0,0.031397019479213265,0.035668952849380445,0.11369534139062658
5227,53.0,0.0309921402803307,0.03540841364986864,0.11316157469718764
5227,54.0,0.03077709990078677,0.035263796150563124,0.11312239126586782
5227,55.0,0.03116045715251213,0.03544737636973504,0.11223405624395232
5227,56.0,0.030735744664902604,0.03501063903003154,0.11145502621006428
5227,57.0,0.03157169312463573,0.035593059449826034,0.11122409335787656
5227,58.0,0.032281806729253,0.036096945593457136,0.11150521308687379
5227,59.0,0.032213138689202864,0.03607569659418236,0.11065595543484187
5227,60.0,0.032666633414901995,0.03645215309036191,0.11015125795565951
5227,61.0,0.03196583877195961,0.035744399941591946,0.10900695110654013
5227,62.0,0.030798981155313265,0.034747923878428164,0.10863076784382966
5227,63.0,0.03179902055948572,0.035683722038235006,0.10897863863326775
5227,64.0,0.03235273223822302,0.03614155280893511,0.10905595207080754
5227,65.0,0.03228616450896753,0.03590370823826013,0.10852136924692454
5227,66.0,0.03331786179791882,0.03670191574698372,0.10870369698024995
5227,67.0,0.03328480317973919,0.036573717368794514,0.10836414433215028
5227,68.0,0.03259113035821532,0.03588585556300688,0.10781816644928381
5227,69.0,0.03223429369188857,0.03541155839586831,0.10717423079416176
5227,70.0,0.03150098083675681,0.0346493681518784,0.10611459861711127
5227,71.0,0.030913410527310912,0.03416686613035647,0.10532889301527698
5227,72.0,0.03034674772398661,0.03367697304566504,0.10518326564376312
5227,73.0,0.029629244987618254,0.03325157599745229,0.10547580681413075
5227,74.0,0.02983875760341814,0.03340060780285231,0.10556334109310536
5227,75.0,0.030936149611697095,0.03434705544435417,0.10585870738878674
5227,76.0,0.030522746637469445,0.03393923286543913,0.10538921532805999
5227,77.0,0.030168224156510465,0.03366717451755913,0.10518737268703253
5227,78.0,0.030101794708339475,0.03358795555304263,0.10554602478525331
5227,79.0,0.02972093340400702,0.033382234654889306,0.10507274546279016
5227,80.0,0.02923027260399568,0.0329575450914749,0.10459937873526384
5227,81.0,0.028628299367580996,0.03241773750795503,0.10435220759048303
5227,82.0,0.028783751682463003,0.03249058221454309,0.10451510017883012
5227,83.0,0.028183713068756153,0.03204066516883753,0.10407540946287283
5227,84.0,0.027864745093784903,0.031870025222094825,0.10405145356100233
5227,85.0,0.027876269830870645,0.03184754144390299,0.10401706997143359
5227,86.0,0.027960842723446927,0.03204630030918035,0.10414120660586276
5227,87.0,0.027825050609660194,0.03190451166123211,0.10429289847745567
5227,88.0,0.027268293651154022,0.0313818723987449,0.10414661782078909
5227,89.0,0.026904799572798423,0.031079445701931316,0.10399627569170855
5227,90.0,0.02715710423197827,0.03122483141771295,0.10396847673103843
5227,91.0,0.02675715652777451,0.030852789321397282,0.10371776389920657
5227,92.0,0.02662674588084276,0.030679723934034047,0.10364515546161594
5227,93.0,0.02669490450190658,0.03074925405164983,0.10388397649917658
5227,94.0,0.02640156645501669,0.03052502811586213,0.10374206809772579
5227,95.0,0.02620710421387031,0.030334605658756057,0.10383257809545514
5227,96.0,0.025945074984198294,0.0300210835782378,0.10373022069046803
5227,97.0,0.02587305889563185,0.029964501427334197,0.10350873617682443
5227,98.0,0.02559067082334793,0.029733956299254866,0.1035424419632309
5227,99.0,0.024864695607923443,0.029133112583852407,0.10366231840191813
5227,100.0,0.024743412564028986,0.028985877779897855,0.10374915981185566
5228,0.0,2.9066038639870517,5.408116675855963,6.564657815288973
5228,1.0,0.6858290903166422,0.655560799595454,1.6106152330577304
5228,2.0,0.6128073564017034,0.5833375846759131,1.4029750079348455
5228,3.0,0.5432396045244116,0.5161948663417177,1.2746129592759368
5228,4.0,0.4787431395906208,0.4553592375257166,1.1389246527154535
5228,5.0,0.4550728219036916,0.4356499209431803,1.0530734752484185
5228,6.0,0.4118262196112433,0.39400313945545623,0.9598006834725293
5228,7.0,0.35629464844494274,0.34004896309769,0.8405656912317314
5228,8.0,0.3289309467813749,0.31430965873524136,0.7727038436741019
5228,9.0,0.30662825543688027,0.2931391630799764,0.719922906096199
5228,10.0,0.28379299787043655,0.2712412006652796,0.6633977424848502
5228,11.0,0.2680585822673485,0.25656559313566113,0.6213105716000077
5228,12.0,0.25945934549041444,0.24958064505261077,0.5819722235085037
5228,13.0,0.23907421873524373,0.2299609888853145,0.5356993828675601
5228,14.0,0.232761468991433,0.2254486143956489,0.5082334554595551
5228,15.0,0.22164730640754224,0.21553106065284955,0.4722237997023543
5228,16.0,0.21245171042645503,0.20787358752539595,0.4335987983508157
5228,17.0,0.20937475656552565,0.2059660216747497,0.40942744426401145
5228,18.0,0.20385563322802058,0.20125362367339372,0.3871733113810168
5228,19.0,0.18971734002901344,0.18765892730039505,0.3520437191323478
5228,20.0,0.17531231367146002,0.17394240505011982,0.3121358261946432
5228,21.0,0.1665945196373365,0.16566241329009695,0.28893219198760195
5228,22.0,0.15085660735690995,0.1497284970997072,0.262036465914561
5228,23.0,0.13606122217955344,0.13547946994436927,0.23058065265387948
5228,24.0,0.12552594465574649,0.12552782257469722,0.20851374329919029
5228,25.0,0.11698023285044727,0.11778882496778278,0.19034013630554592
5228,26.0,0.10814984427713285,0.10933747498036002,0.17631455280443606
5228,27.0,0.10623691847061381,0.10801092180671754,0.16839549162040862
5228,28.0,0.09873655153518895,0.10075212023603172,0.15921197365852643
5228,29.0,0.09014888252081998,0.0922630295297859,0.15226260018791968
5228,30.0,0.08302069144843219,0.08541627250034323,0.1484704434141395
5228,31.0,0.07406331785329033,0.07656608893560302,0.1443113955457475
5228,32.0,0.0707060193524135,0.07344353573123533,0.14425624925122355
5228,33.0,0.06631823050022075,0.06892107510175384,0.1477948480134946
5228,34.0,0.057132985790644165,0.05951030507246676,0.14855576585817165
5228,35.0,0.051580424359144526,0.05387785393009757,0.14805749806844076
5228,36.0,0.05074728026027488,0.05294488505199469,0.15358360730970766
5228,37.0,0.049368670505995915,0.0514882142216607,0.1574736918278251
5228,38.0,0.05213623213304044,0.054305332765895935,0.16031242304463494
5228,39.0,0.05624568716097855,0.05865220872113198,0.16377999370467164
5228,40.0,0.053423761661427656,0.05569085934891367,0.16337210806133295
5228,41.0,0.0499693811192898,0.052103996493476926,0.16675400908932667
5228,42.0,0.048378775542135696,0.05033068990892944,0.17220976843606056
5228,43.0,0.049301483813832266,0.05113681616263106,0.17484442681416562
5228,44.0,0.05034918391049909,0.05201133777202229,0.1784938755374307
5228,45.0,0.05364761589602709,0.05519628354766969,0.18293447783705388
5228,46.0,0.0546017685051284,0.05611922868943079,0.18515683098412375
5228,47.0,0.054437960831541676,0.05589275039815991,0.18516706244306977
5228,48.0,0.05360077194886146,0.05491682683920702,0.18480156654579072
5228,49.0,0.05154877343274052,0.05260760847490629,0.18695276974364827
5228,50.0,0.05168266081475374,0.05271150806532031,0.1887608255051564
5228,51.0,0.05009329968247578,0.051026909884785754,0.1887066418815677
5228,52.0,0.05012779462722431,0.05098270817356538,0.18850171148807088
5228,53.0,0.05181306546685079,0.05269253422883099,0.18975405784716845
5228,54.0,0.05050187151075616,0.051305206787504755,0.18985000059843476
5228,55.0,0.04997520361783253,0.05069137862984082,0.19008296870182587
5228,56.0,0.04877918478385074,0.04939002890224484,0.1905214078724083
5228,57.0,0.048929679010641505,0.04946871441981075,0.19041717141150466
5228,58.0,0.049564384321608174,0.050091749961814626,0.1895500569333073
5228,59.0,0.04973657985225107,0.05029876341883121,0.18830396727292886
5228,60.0,0.05012985302917596,0.05067902230627971,0.18700858371312284
5228,61.0,0.05046407005675283,0.05097447349099223,0.18767942946064903
5228,62.0,0.049708841232926355,0.050201203991542105,0.1849955117362594
5228,63.0,0.049229411761441,0.04968769115133772,0.18216763467756497
5228,64.0,0.04778492743032961,0.04818726817809632,0.1798148245147807
5228,65.0,0.046931927950163314,0.04735795272525805,0.1773632845407143
5228,66.0,0.0465391609749961,0.047029686839094656,0.17524252933404288
5228,67.0,0.04653975050827521,0.04715200264883238,0.1736649065889606
5228,68.0,0.045992711254980716,0.046618876992544245,0.17222202523613703
5228,69.0,0.044616303635727654,0.04527389364945808,0.1700420381752682
5228,70.0,0.04503799592923164,0.04571567603413523,0.16819275543424173
5228,71.0,0.044581424307679834,0.04529760989992493,0.1654958767930001
5228,72.0,0.04415564602318459,0.044835168510008246,0.16409847436587205
5228,73.0,0.04365496119834371,0.04434361542695567,0.16387816015742854
5228,74.0,0.043746531608728,0.04450696402898591,0.1633888270100312
5228,75.0,0.0435014068413641,0.04437942942234309,0.16255658627735725
5228,76.0,0.04308921095739315,0.04399419972451091,0.16170258120094627
5228,77.0,0.0429108835064364,0.043824306774929794,0.1607201210100473
5228,78.0,0.042088234916233085,0.04299642926711777,0.15853445689205864
5228,79.0,0.041418053279297706,0.042344549400787954,0.1554465321899742
5228,80.0,0.04106584770066748,0.041956089581982596,0.15345678969198984
5228,81.0,0.04053108005833106,0.04137246643183826,0.15168143391203873
5228,82.0,0.03934930537721207,0.040111516558575484,0.1502128231037269
5228,83.0,0.03880158046695973,0.03956591757413283,0.14913677832295272
5228,84.0,0.038977290965381724,0.0396799628913273,0.14970681278891154
5228,85.0,0.03882641547222703,0.0395191834531239,0.1488302454961429
5228,86.0,0.03853934221659081,0.0392687411707259,0.1479184543197992
5228,87.0,0.03812596651620899,0.038866045066956297,0.14781117185002013
5228,88.0,0.03904096849539627,0.03978090521567239,0.14763778695287844
5228,89.0,0.03890107282456197,0.03968668577407731,0.146298833407469
5228,90.0,0.038897887510128196,0.039692969672439786,0.14553144263800405
5228,91.0,0.03803355987398205,0.03883034002995725,0.14422223489835637
5228,92.0,0.03795912403573719,0.03874737428305841,0.14315877883400885
5228,93.0,0.03799641413592322,0.038741749474332766,0.14172028426035393
5228,94.0,0.037877921861195304,0.038620055315107996,0.14066084409052376
5228,95.0,0.03691451461863847,0.03771078122198851,0.13902024254339324
5228,96.0,0.03623779602803242,0.037057376101615844,0.13773943868830896
5228,97.0,0.03626456687981862,0.037055571974801894,0.13694586084999538
5228,98.0,0.035536577523886385,0.03630354395149816,0.13584646263436048
5228,99.0,0.035120402480631675,0.03591981265561315,0.1348977280899217
5228,100.0,0.03492158922778122,0.035735574753085184,0.1340904790032283
5229,0.0,2.9066038639870517,5.408116675855963,6.564657815288973
5229,1.0,0.6055992341849337,0.6480305631502955,1.2779194494253947
5229,2.0,0.45592234584344693,0.4687760035802357,1.112412010767112
5229,3.0,0.375923987534406,0.3710452326879598,0.9916116004129408
5229,4.0,0.3359520590828287,0.3277319833288978,0.8870460564704755
5229,5.0,0.32316053842624415,0.30833667958649935,0.8398816142248946
5229,6.0,0.3185241527102643,0.3007317797599026,0.8117133635142749
5229,7.0,0.30762786221771254,0.28933614622481096,0.7813990027712152
5229,8.0,0.29774590881556356,0.2795951951519042,0.746885549043619
5229,9.0,0.2839848541053672,0.2659474994267696,0.7154730543890718
5229,10.0,0.2731975886342184,0.2562621027093942,0.6808302752003093
5229,11.0,0.2628828797598634,0.24639817106574421,0.6555465151142079
5229,12.0,0.25190793461320865,0.23633458619519163,0.6310623555304143
5229,13.0,0.24559607790493312,0.2310496939857206,0.6144811273349602
5229,14.0,0.24104104039768134,0.22717479933809975,0.5994129031198844
5229,15.0,0.2360158723575686,0.22275166651999795,0.5829339922510736
5229,16.0,0.22600149053299773,0.21239130907085768,0.5680083053499498
5229,17.0,0.2169238216000377,0.20374791526596991,0.5475658220654785
5229,18.0,0.20781489236586995,0.1949258198727425,0.529536223459444
5229,19.0,0.1996125649065406,0.18679954985393302,0.5149435860507793
5229,20.0,0.19212742313880182,0.17963149568996925,0.4973331996692071
5229,21.0,0.182089171878613,0.17017533956314904,0.4710259720368825
5229,22.0,0.17117381652414154,0.15982154391285874,0.44424969886552695
5229,23.0,0.15968202590154768,0.1488389012668205,0.4176175813854219
5229,24.0,0.1519290995188447,0.14156898383117372,0.3988005006489716
5229,25.0,0.14283873077958037,0.13297145661735021,0.37694502556220133
5229,26.0,0.13343906264863648,0.12394432677335013,0.3556498165631021
5229,27.0,0.12455372573847669,0.11545674941361424,0.3358356411318143
5229,28.0,0.11874063135620387,0.11020929815599519,0.31949097994813985
5229,29.0,0.11249132392696408,0.10424277642582559,0.3057421145950853
5229,30.0,0.10468566082630072,0.09693107340757419,0.2864309670423918
5229,31.0,0.09814505201889703,0.09066608917053795,0.27179263383663765
5229,32.0,0.09205097366405689,0.08468572686270176,0.25900121194893344
5229,33.0,0.0864328562876681,0.07926502981567116,0.2473064318521402
5229,34.0,0.08197780523564098,0.07521310672729588,0.23591625186238693
5229,35.0,0.0776542433088352,0.07131921286917614,0.22383277772652416
5229,36.0,0.0734350464819565,0.06751186629422791,0.21288696402088647
5229,37.0,0.07059698934323086,0.0648932231511564,0.20557301506727976
5229,38.0,0.06708997187322467,0.06180811593486639,0.1959195807257291
5229,39.0,0.06399119092495771,0.059076528058633254,0.18718121500059431
5229,40.0,0.06139231315041948,0.05682576745020672,0.1798673058385572
5229,41.0,0.059107768068199416,0.05487678254769034,0.1731205412341066
5229,42.0,0.05631351159793959,0.052558243558801565,0.16541526238108803
5229,43.0,0.05527162665218973,0.051829767295570706,0.16161162625568126
5229,44.0,0.05413296433933423,0.05090562686228171,0.1580728740463097
5229,45.0,0.051555018537057004,0.04859251398903444,0.15228296258178475
5229,46.0,0.04917239952165459,0.046595623244614665,0.14627246662053398
5229,47.0,0.0474764735417271,0.04517952088787878,0.1417427865110855
5229,48.0,0.04544583179843732,0.043411387912017756,0.13717130340966813
5229,49.0,0.043291951586865544,0.04169541968032169,0.1324469932682423
5229,50.0,0.04082362071182352,0.03961056086374848,0.1274731476938303
5229,51.0,0.03980125790088362,0.03885672247321818,0.12433215578218636
5229,52.0,0.039274259495965184,0.038608349175081436,0.12212270569992352
5229,53.0,0.03889755299490627,0.03843663665822652,0.12045144451696516
5229,54.0,0.038019420797735584,0.037694773281912376,0.11893397044462908
5229,55.0,0.03615533526812856,0.036156824614134796,0.11596841252749149
5229,56.0,0.03480303967943609,0.03502794202619743,0.1141871030257356
5229,57.0,0.03401051467614188,0.034540624514963855,0.1128469300756327
5229,58.0,0.03332659375934369,0.03423209967065176,0.11162379388855548
5229,59.0,0.034708988982923794,0.03583350702332332,0.11219689128114879
5229,60.0,0.03463524541648032,0.03597569805355617,0.11180259863040583
5229,61.0,0.03450391664718887,0.03584617948145068,0.1114083790789577
5229,62.0,0.03460886987317074,0.03610870147099194,0.11175565219990162
5229,63.0,0.03392181423872483,0.03571837299913692,0.11173047836634897
5229,64.0,0.033561003735974204,0.03548965024071919,0.11195190090428038
5229,65.0,0.03415732141494594,0.03621058199801933,0.11245613610524136
5229,66.0,0.033717136561229474,0.03597587856926118,0.11215071429765265
5229,67.0,0.033235812621762395,0.03572862812270357,0.11284322424703379
5229,68.0,0.03272490718667186,0.035374837813005613,0.11354081166824577
5229,69.0,0.03251997205700037,0.03529458499672063,0.11464624250191996
5229,70.0,0.033422294911651315,0.03616119789328156,0.11648122471427745
5229,71.0,0.03311957415431022,0.0359683795318321,0.11801939873355444
5229,72.0,0.032840444090150064,0.0358717648781997,0.11905262761237129
5229,73.0,0.031972136346128444,0.03523340941390259,0.12050241569368475
5229,74.0,0.03184002141833765,0.03520480178526349,0.12213038541165136
5229,75.0,0.03191121932740528,0.03532977845226735,0.12276535367472054
5229,76.0,0.03202408531645283,0.035480302069020746,0.12330699460120459
5229,77.0,0.03247318645132636,0.03589897454607226,0.12511969519043034
5229,78.0,0.032132065614925695,0.03559148826574003,0.12573361073896344
5229,79.0,0.032773654386101865,0.036131442987796865,0.12580400315489673
5229,80.0,0.03280278568279198,0.03616231924707728,0.12696799737340547
5229,81.0,0.03327517063945114,0.0365939402843431,0.1277213260575142
5229,82.0,0.03364679974775966,0.03687717083739739,0.12833437842189865
5229,83.0,0.033632419194862755,0.0367950049467233,0.12914863014905897
5229,84.0,0.03344978786872745,0.03662530976741188,0.13000977605878086
5229,85.0,0.03364207323539391,0.03684596047950192,0.13074456792146494
5229,86.0,0.03412843904347659,0.03729390811291479,0.13146406674838418
5229,87.0,0.03369692642220549,0.03695269147183414,0.13162986220569547
5229,88.0,0.03369261084585365,0.0368720273781702,0.13294616355069094
5229,89.0,0.03432113425312116,0.03737315620867207,0.13455367880978136
5229,90.0,0.034703763759004316,0.037679722791750234,0.13527753082327448
5229,91.0,0.03462044525876036,0.03759308419426323,0.13524935294211285
5229,92.0,0.03444961801899165,0.037373926284281545,0.13591246123945344
5229,93.0,0.03431817735482867,0.03724761699590534,0.13639895987868744
5229,94.0,0.03463978537640818,0.03752776488777018,0.136528560409613
5229,95.0,0.03491825663260633,0.03780204925507567,0.1365132747752375
5229,96.0,0.03452134551478116,0.03750360713947972,0.13661616632701157
5229,97.0,0.033677684524655166,0.036697991757395285,0.13650149934822797
5229,98.0,0.03303330571328449,0.03607652359779893,0.13582768575534146
5229,99.0,0.03322375665223037,0.03621428110834681,0.13577231046582355
5229,100.0,0.03337032428676282,0.03629896700832772,0.13600440728998073
5230,0.0,2.9066038639870517,5.408116675855963,6.564657815288973
5230,1.0,0.3918602395774489,0.4364109084258567,1.026050943639454
5230,2.0,0.32911086409186974,0.34688375295128837,0.876408267554982
5230,3.0,0.28226813652291954,0.2869019681427679,0.765942482208229
5230,4.0,0.26366308808273603,0.26570296760816764,0.699081969980212
5230,5.0,0.24117888508352192,0.23976255212084333,0.6480529699493358
5230,6.0,0.22643519204912263,0.22368455252379038,0.5933672040704561
5230,7.0,0.2086676286255101,0.20381933035322078,0.5475616669923582
5230,8.0,0.1947779751715641,0.18743280535623852,0.5205126604423382
5230,9.0,0.1885344693831106,0.1789242443330341,0.5085120497406858
5230,10.0,0.17794340941233786,0.16669886947162935,0.49180560438240256
5230,11.0,0.16866334280921758,0.15717109059412382,0.47182203011416707
5230,12.0,0.16244798248158207,0.15049527187116432,0.45783837915253783
5230,13.0,0.16186759155793412,0.15039324266003917,0.4496418039631342
5230,14.0,0.15606970942751905,0.14474554442325682,0.4349923829342846
5230,15.0,0.15066634782003793,0.13955164325711109,0.4217479709650101
5230,16.0,0.14821953541948416,0.1375147736493762,0.4103960005467916
5230,17.0,0.14890327351781238,0.13882657345044194,0.4046878725822922
5230,18.0,0.1498919609796799,0.14037462003626341,0.39874964300906407
5230,19.0,0.1497459837312717,0.14047410653537354,0.39371678194356524
5230,20.0,0.14590414591457104,0.1370859383750224,0.38004548401555244
5230,21.0,0.1375723903315349,0.12896221147404413,0.3609138046146218
5230,22.0,0.12815765679993218,0.11941467917791908,0.34259508845388836
5230,23.0,0.11977416941225072,0.11125878701234113,0.3240147290256526
5230,24.0,0.10925483821434238,0.10072989244190793,0.30266804445633694
5230,25.0,0.1001669368436947,0.09196930589194562,0.27998986795352626
5230,26.0,0.09133042408893946,0.08336967328491315,0.26037769751363143
5230,27.0,0.08491356728140331,0.07739681468629354,0.24271692293070346
5230,28.0,0.07882929669209311,0.07190660105921376,0.22516680720570537
5230,29.0,0.07424310464544014,0.06784949403402413,0.21147373754530582
5230,30.0,0.07042363216441258,0.06448465761494249,0.2002249373250854
5230,31.0,0.06703985576945266,0.06144255245108622,0.1900814632979005
5230,32.0,0.0643611767479462,0.05914946772938198,0.1814975491297802
5230,33.0,0.061299866695578326,0.056513232392795626,0.17188754583213267
5230,34.0,0.05916970142219208,0.05470419768970323,0.16510369412297385
5230,35.0,0.056635728948511745,0.05250787048422345,0.15751750950172863
5230,36.0,0.05456897562554917,0.05075113495021346,0.15095780375534343
5230,37.0,0.05212943815691866,0.04841539572765895,0.1456820577769605
5230,38.0,0.050417893070423006,0.04702184232320851,0.13957703643965563
5230,39.0,0.048944901909692695,0.045970918643491655,0.1344852818045895
5230,40.0,0.047659972279402815,0.04497747702019032,0.13081075241414133
5230,41.0,0.04650796641705324,0.044170338706676394,0.12661952856059383
5230,42.0,0.04696127269333661,0.04493236564486646,0.12496365480483508
5230,43.0,0.04685431099432675,0.04509056371994814,0.12205000966379986
5230,44.0,0.04479962276497726,0.0432304399443228,0.11866162113905447
5230,45.0,0.04347354126700151,0.04216679973542695,0.11560739930498293
5230,46.0,0.042296748505087946,0.04119856157029706,0.1134436762766166
5230,47.0,0.04108466599595756,0.040141894635751185,0.11133624943258454
5230,48.0,0.04079744521304716,0.0399467373520815,0.11046306120817127
5230,49.0,0.040441929618591596,0.03973732425472065,0.10860362760877262
5230,50.0,0.03899924744253658,0.03842067963665454,0.10676024082205213
5230,51.0,0.03878351710956843,0.038324116996251746,0.10614784699754011
5230,52.0,0.03990419664656458,0.039714108408979626,0.1063749501046658
5230,53.0,0.04086722523683106,0.0408746674603095,0.10616867832508992
5230,54.0,0.03922333695134073,0.03939080265747349,0.1051769802270764
5230,55.0,0.038413225784535765,0.038805358961832105,0.10594525139456473
5230,56.0,0.037464748366266745,0.03800518294456089,0.10630366599131304
5230,57.0,0.038031990098808074,0.03873402660769483,0.10752538599301048
5230,58.0,0.037461583804862954,0.03824880184668405,0.10810491299006175
5230,59.0,0.03724351963498956,0.03804390905965461,0.10854096507118505
5230,60.0,0.03641866566262651,0.03724226767555497,0.1087738305320299
5230,61.0,0.03588554199553503,0.03676240852456607,0.10973196441935823
5230,62.0,0.03540484328807848,0.03646963464146208,0.11169079761893626
5230,63.0,0.033711039865807806,0.034901521301036596,0.11257032456179833
5230,64.0,0.032812450049796056,0.03402588935214122,0.11305358445925426
5230,65.0,0.03190973457120388,0.03307443780323354,0.11349377357081962
5230,66.0,0.030048914595637313,0.03130114032217122,0.1144748698175543
5230,67.0,0.028206434857389363,0.029670278544029142,0.11610502366584335
5230,68.0,0.0265990757920193,0.028274330101859303,0.11657964517279555
5230,69.0,0.02627078267212073,0.02805219584943044,0.1176103693230863
5230,70.0,0.025976195015187706,0.027753787788038248,0.11864834308262749
5230,71.0,0.025421215964292622,0.027255376710821077,0.11979946295628079
5230,72.0,0.025062758921467504,0.026941281193856713,0.1210652253542825
5230,73.0,0.025079621072808717,0.02695449352330211,0.12117005809816438
5230,74.0,0.024572215419833458,0.02648274013989366,0.12058468239635889
5230,75.0,0.02473503627807313,0.0265655899010486,0.12025241067009303
5230,76.0,0.025007312301354917,0.02679733397028462,0.12027163088729666
5230,77.0,0.025050170785881058,0.026842366868966218,0.12070963032122349
5230,78.0,0.02533488737261013,0.027045816257568245,0.12071861058625862
5230,79.0,0.025276040136951627,0.026923817912531713,0.12038523588670609
5230,80.0,0.02514326189370323,0.026729542190897383,0.11958694303002397
5230,81.0,0.024836151691933213,0.026454705105400763,0.11961288623822225
5230,82.0,0.024759285554097146,0.026435843207102953,0.12012886494268939
5230,83.0,0.02487588039919869,0.026572773196577387,0.11947813449593811
5230,84.0,0.0248289102173694,0.026669940315330806,0.11884555984282562
5230,85.0,0.02466731805396582,0.026538580000987435,0.11803196683957341
5230,86.0,0.024144458108113803,0.02606819557833591,0.11667958667665597
5230,87.0,0.024104332508621474,0.02607479565857736,0.1169732881674875
5230,88.0,0.023770569016949836,0.025742987183525398,0.11623424059495976
5230,89.0,0.023667715842416163,0.0256637629710855,0.11549137311187246
5230,90.0,0.023418826320453782,0.02539707934067865,0.11423346017101121
5230,91.0,0.023389233276693244,0.02542159698063241,0.11355248161010799
5230,92.0,0.02333126711700775,0.025387548263321597,0.11296457012417785
5230,93.0,0.023267644481402987,0.025307099247856325,0.11229329113808599
5230,94.0,0.023197454661071388,0.025252555300155664,0.11168834660681737
5230,95.0,0.023163585083315983,0.02523494245418065,0.1113459303115663
5230,96.0,0.023125569884917117,0.02518062903996791,0.1108803966719301
5230,97.0,0.02314150774673082,0.025294627344588556,0.11003415358920753
5230,98.0,0.02311116455849055,0.025256921697117678,0.10959662678589858
5230,99.0,0.02315638938430321,0.025311587498131515,0.10950449178135087
5230,100.0,0.023129923871783354,0.025203100107972783,0.10944869207478007
5231,0.0,2.9066038639870517,5.408116675855963,6.564657815288973
5231,1.0,0.5022742765075573,0.5068394403207613,1.337353842656367
5231,2.0,0.4564106543120099,0.43914331946798313,1.20441236370002
5231,3.0,0.3970769874668791,0.3739757050964959,1.05854577731266
5231,4.0,0.3603085802629942,0.33718988045305515,0.9459023825687078
5231,5.0,0.3167267031810779,0.29421115204529374,0.8511951624318046
5231,6.0,0.29489992430649253,0.2727385283811961,0.8000798338808246
5231,7.0,0.2757632072001669,0.2551057376878577,0.7445078265199329
5231,8.0,0.2679166533449969,0.24885255620508206,0.716047618269256
5231,9.0,0.255448725687542,0.23809081630021367,0.6742996226652525
5231,10.0,0.24665811470597387,0.22985588037440366,0.6474674280089023
5231,11.0,0.22815343752821016,0.2122941786155478,0.6000630439909977
5231,12.0,0.210572818630259,0.19474111157553695,0.5631080678635018
5231,13.0,0.20147510440248453,0.18632934729406883,0.5397663443435704
5231,14.0,0.19241129957892486,0.1786337080846362,0.5075676123990542
5231,15.0,0.181743399946106,0.1689314954450515,0.47837519779635695
5231,16.0,0.17235440771175742,0.16023582095654276,0.45563255543606307
5231,17.0,0.16222866780415346,0.15095788478639754,0.42827468840676086
5231,18.0,0.15514053827422458,0.1451066455576436,0.4006102409807313
5231,19.0,0.1483124535760677,0.13914890002884708,0.378477266942801
5231,20.0,0.14093794329697742,0.13221451333775455,0.36048501424378443
5231,21.0,0.13037455412532467,0.12190866294948564,0.33680429319580885
5231,22.0,0.11848456436572179,0.11048257403496946,0.3081953118883679
5231,23.0,0.1035591415612377,0.09581344419986063,0.2743887023033737
5231,24.0,0.0916654661329746,0.08424852106407545,0.24753584602062434
5231,25.0,0.08282461146464659,0.0760146398780179,0.22390210494582063
5231,26.0,0.07684258252043387,0.07064686540262606,0.20667108134433357
5231,27.0,0.06809720570854903,0.06256757781812253,0.1842225563723849
5231,28.0,0.060242228717961074,0.05552521542330524,0.16308796419078242
5231,29.0,0.05222028338395595,0.048076236157794286,0.14582437260495448
5231,30.0,0.04867728381583069,0.044952636320894995,0.13737556950493396
5231,31.0,0.04463099860064782,0.04142524694526668,0.12963757920355262
5231,32.0,0.04117228834374142,0.03833593670910096,0.12356400350479674
5231,33.0,0.037746296882587,0.035380561693763954,0.11791091809762784
5231,34.0,0.03500931173828704,0.03325751052457626,0.11391975103421503
5231,35.0,0.033631016647877675,0.03254101241486222,0.11181830056680327
5231,36.0,0.03093858254202897,0.030442480187640838,0.1110504692748311
5231,37.0,0.02991063992321971,0.02990084253513244,0.1127377060355788
5231,38.0,0.029419369974171713,0.02970544847546949,0.11477511600580759
5231,39.0,0.028312516523959642,0.028937953190931717,0.11868422237265036
5231,40.0,0.026521012023267353,0.027555962743758225,0.12060126981853718
5231,41.0,0.026308807156000136,0.027703041265716575,0.12443955353142577
5231,42.0,0.02642003518235762,0.027988593145151612,0.12773324517381734
5231,43.0,0.026809842449234955,0.028380746093199856,0.1328202132015884
5231,44.0,0.02638603222385769,0.028046728664231146,0.1355846120914968
5231,45.0,0.025632360116518135,0.027558904044600093,0.1368602370232165
5231,46.0,0.026071521138310804,0.028035116577104943,0.1388648995243146
5231,47.0,0.02622761181947767,0.028254239422126372,0.14211768599663693
5231,48.0,0.026820438672220732,0.028782214129466816,0.1452775401139984
5231,49.0,0.027740302851952975,0.029633696562215622,0.14716526877368305
5231,50.0,0.027552374278165644,0.029614811008764716,0.14683698950543062
5231,51.0,0.027984224290735427,0.030092961858566004,0.14943606847504662
5231,52.0,0.028585664744528245,0.030717541745071776,0.15086367702692305
5231,53.0,0.0289733694786421,0.03110707613020523,0.15147371791941566
5231,54.0,0.029837323476604612,0.031893559920333645,0.15055973858098842
5231,55.0,0.030128546432384343,0.03221187117429108,0.1517701037334961
5231,56.0,0.03038543005602264,0.03241240341382364,0.15216890718550802
5231,57.0,0.030357562280482357,0.03238865134272151,0.15262165698450228
5231,58.0,0.030649255261688123,0.0327249776358061,0.1532372396051401
5231,59.0,0.0313946174784712,0.033320689579214614,0.15445508469632965
5231,60.0,0.03180229619103256,0.033702556492762915,0.15547040968851167
5231,61.0,0.03228788312367893,0.03411620572654108,0.15540555173767753
5231,62.0,0.03297259257814929,0.03481244621564823,0.1559848691555128
5231,63.0,0.03224223850531959,0.034203439666923297,0.15339270803977373
5231,64.0,0.031783932382388726,0.033742144477470544,0.15196002491458516
5231,65.0,0.03153496156014307,0.03360900079867367,0.1503292121155573
5231,66.0,0.03048637318491589,0.032675202309793594,0.1474289940169133
5231,67.0,0.029830585684409976,0.03206540324443503,0.1451940453747295
5231,68.0,0.02899475944441297,0.03125992706498918,0.14319050273781306
5231,69.0,0.02850560280063732,0.030759081679792088,0.14146666968215338
5231,70.0,0.02792434878097689,0.030165941058864866,0.13876226903884223
5231,71.0,0.027661924959771326,0.029874295718848733,0.1367813932966981
5231,72.0,0.027325994704001006,0.02949353429163138,0.1356673244525176
5231,73.0,0.02732557080632751,0.02942884025096075,0.13464756343686946
5231,74.0,0.02695243687519684,0.029035704603978647,0.1333762877113119
5231,75.0,0.026790717079564482,0.028893588864381942,0.13235829409646604
5231,76.0,0.027084701375490638,0.029155325717450248,0.13172695218421776
5231,77.0,0.027077635818245394,0.029179572310329947,0.13148183426379917
5231,78.0,0.026811283764890937,0.02901898036611976,0.13070303300887134
5231,79.0,0.02682529910943346,0.02899776220953633,0.13037442132791907
5231,80.0,0.026695063972979167,0.028928093415726754,0.12934365508548343
5231,81.0,0.02634732746426056,0.02859817242053111,0.1283286229969223
5231,82.0,0.02628597696522424,0.028497712125177828,0.12765863992647908
5231,83.0,0.02629457536539804,0.028466682489890822,0.12643067643321707
5231,84.0,0.025850957340148282,0.02807639872720698,0.12478566470199907
5231,85.0,0.025481727637989202,0.02775471574009718,0.12413791767751643
5231,86.0,0.025193442017402822,0.027482165171037146,0.12282838307084083
5231,87.0,0.024966710589981005,0.027353828920992265,0.122036932450367
5231,88.0,0.024761430973237422,0.02704998262668799,0.12122122826315114
5231,89.0,0.024635542637349794,0.026960964706593697,0.12031726364255133
5231,90.0,0.02440160140062827,0.02672549086312411,0.11931691062303793
5231,91.0,0.02434529398195515,0.02673700244108864,0.11841381033486056
5231,92.0,0.024311756263994077,0.026683837221241503,0.11814492292368964
5231,93.0,0.024250212949883696,0.026605626298928858,0.11806049491648078
5231,94.0,0.024160305499653933,0.026493421063320186,0.1177041141913484
5231,95.0,0.024030645313679884,0.026357288441819327,0.11703581356326939
5231,96.0,0.024043950833099573,0.026393469491359622,0.11659273374900198
5231,97.0,0.024229245409346793,0.026637485224179556,0.11692896418558264
5231,98.0,0.0243548706920197,0.02677564075787985,0.11721570943235843
5231,99.0,0.024410915594583967,0.026731377970768418,0.11728335944214555
5231,100.0,0.02427545329380996,0.026631228580300054,0.1172466875404268
