seed,t,e_F,e_F_full,e_Fprime
5200,0.0,2.9066038639870517,5.408116675855963,6.564657815288973
5200,1.0,0.6242240738684425,0.6835619539968066,1.5083118839714675
5200,2.0,0.5408419928180378,0.5697411555737905,1.3584771482841378
5200,3.0,0.4848341195765922,0.49169874117050566,1.2709345295143863
5200,4.0,0.43959122676248324,0.4421198679007626,1.164193993879996
5200,5.0,0.40740606869351426,0.40556854021217453,1.094181409759062
5200,6.0,0.37960811027628527,0.374918684417937,1.0336910297354793
5200,7.0,0.3578125952304903,0.3477604818149806,0.9912847235979161
5200,8.0,0.3391077913906765,0.32724991721296587,0.9444999538365112
5200,9.0,0.3256064941069129,0.3128699777625643,0.9039043992622983
5200,10.0,0.31205700563754674,0.29921959313545643,0.8642993986847217
5200,11.0,0.30596320505152336,0.2925974448699319,0.8461574130782633
5200,12.0,0.2961129236230803,0.28303701994722547,0.8156777494828824
5200,13.0,0.288838031091824,0.27551962911755445,0.7924495657932811
5200,14.0,0.2801288366628341,0.26728024135384354,0.765193628550888
5200,15.0,0.2696086472372914,0.25635470012883316,0.7377989462386835
5200,16.0,0.2585229600537636,0.24520920952364048,0.7115687409221925
5200,17.0,0.24942385267427755,0.23683788656144672,0.6805669465452786
5200,18.0,0.2406936168129981,0.22780780196033906,0.6561042944991283
5200,19.0,0.23132292246235767,0.2179671081401991,0.6338223281788073
5200,20.0,0.22303113587951864,0.2094587156086784,0.6110565536289182
5200,21.0,0.21519933356320614,0.2016965590339422,0.5898164500954132
5200,22.0,0.20748696869958105,0.19411859959862268,0.5713077881339279
5200,23.0,0.1961464034576409,0.18260420502251715,0.546020209550465
5200,24.0,0.18656110018842947,0.17370752792305816,0.5198145152127532
5200,25.0,0.1821846491963101,0.17039233518347588,0.5033724371850102
5200,26.0,0.17446508134357921,0.16346329633679285,0.47934991950935096
5200,27.0,0.16790742747972448,0.15705107116516479,0.46226295244604143
5200,28.0,0.16047075764800658,0.14951970893032734,0.4446390069428831
5200,29.0,0.15152747506873304,0.14077910078070424,0.42189944545086316
5200,30.0,0.14723026649306709,0.13678597648729052,0.4089215100673564
5200,31.0,0.14189255611788892,0.13163519445154587,0.3942229929336577
5200,32.0,0.1356150758484966,0.12556987648666373,0.3765523065733077
5200,33.0,0.130765485729411,0.1207769413589836,0.36391159024131003
5200,34.0,0.12688603253095895,0.11735405012337885,0.35117563613787955
5200,35.0,0.12307986285178406,0.11365694398227363,0.3406939379336514
5200,36.0,0.11997398316604704,0.1107976557837752,0.3318321126144892
5200,37.0,0.11779358442527288,0.10884525065854554,0.3242853036229627
5200,38.0,0.11444840195529059,0.10613423703969482,0.31208589317977264
5200,39.0,0.11159419304418734,0.10349001045321041,0.3038257783989992
5200,40.0,0.10887804885876588,0.10102028897228196,0.2964239058231117
5200,41.0,0.10613988047148462,0.09855337561461536,0.28800724336686245
5200,42.0,0.10391185827274996,0.09666431004498688,0.2800624350564026
5200,43.0,0.10093449118411096,0.09394472494264415,0.27104453359698755
5200,44.0,0.0965060209588622,0.08958920468769302,0.25957392040978194
5200,45.0,0.09340401527743528,0.08645193947937264,0.25238794553262345
5200,46.0,0.09125008094486291,0.08450439093795487,0.24597599995093344
5200,47.0,0.08884734684767359,0.08244213592369397,0.2388188144369615
5200,48.0,0.0862981662314437,0.08004099265945283,0.23180645335735472
5200,49.0,0.08303531667192106,0.07698915403991875,0.22245364458507388
5200,50.0,0.08121548653171727,0.07532024089948561,0.21713900835038272
5200,51.0,0.07842139000779474,0.0728301468634044,0.2087626311102342
5200,52.0,0.07653195580439996,0.07104146672224994,0.20366988101880706
5200,53.0,0.07468398013935651,0.06935348318865754,0.19833840143900885
5200,54.0,0.07267213318754162,0.06748208759006442,0.193358401833356
5200,55.0,0.07014545368906515,0.06527746009710551,0.1852413914132008
5200,56.0,0.06778030270104718,0.0631252849507375,0.17835640889879892
5200,57.0,0.0655655272938933,0.06125286541284493,0.17060671429206395
5200,58.0,0.06469007140112873,0.0607365866446427,0.16583318567704314
5200,59.0,0.06469175727600164,0.061078694852661326,0.1628192074721387
5200,60.0,0.06320783102408921,0.05971074058074792,0.1593237877424723
5200,61.0,0.060047419823140054,0.05649739891136783,0.1534371267773167
5200,62.0,0.05772779568362043,0.054217646066939865,0.14899733641670562
5200,63.0,0.056362930822897846,0.052939593082275686,0.14534068035764072
5200,64.0,0.05512404320222626,0.05189235580022572,0.14113570571653225
5200,65.0,0.053301265279916014,0.05015371847989375,0.1376518368573214
5200,66.0,0.052694433209035135,0.04983900762184362,0.1346643633369128
5200,67.0,0.05123520990779008,0.048609053315727395,0.13142140255633433
5200,68.0,0.048644410282506205,0.04601154560817404,0.12692282578910385
5200,69.0,0.047792430700735224,0.0453210604948098,0.12432123176464677
5200,70.0,0.04498055344071996,0.04254055522403144,0.12041184880171689
5200,71.0,0.04359613664965516,0.04131923861463708,0.11832222428643631
5200,72.0,0.04163450512275543,0.03936760995931074,0.11681429459194224
5200,73.0,0.04049696219445894,0.03839361008422007,0.1151719517006937
5200,74.0,0.038279522198500074,0.03617332423175225,0.11243408423543771
5200,75.0,0.03648779489682566,0.03439859066016786,0.11075549558437509
5200,76.0,0.03490383983136596,0.032866607173036445,0.10919657654391965
5200,77.0,0.034561876687501485,0.032663619440392054,0.10865731372659497
5200,78.0,0.033864812369720235,0.03194109215005206,0.10788685711397403
5200,79.0,0.03256763528527781,0.030573411381768948,0.10718566086110183
5200,80.0,0.03161757622161985,0.029627215210111957,0.10708656019898598
5200,81.0,0.030904882581343485,0.028987003230086888,0.10644829600830441
5200,82.0,0.030172295313658396,0.028265088233037403,0.10603878047915077
5200,83.0,0.029208825613069794,0.02724171056513404,0.10455556263650588
5200,84.0,0.028474783557340125,0.026527314461652733,0.1036767345075242
5200,85.0,0.028190899407341104,0.026256558651092728,0.1035648097179941
5200,86.0,0.027791142079338825,0.025924361095999982,0.10233020591990019
5200,87.0,0.027324446144742193,0.02539241515892889,0.10174119174967958
5200,88.0,0.026831286239727324,0.024814516479737064,0.10095849938506432
5200,89.0,0.02634880729857295,0.024299579077356238,0.10041406718011961
5200,90.0,0.025979740213264647,0.02387411216695508,0.09986184685047776
5200,91.0,0.025689705569512913,0.02358003197678451,0.09938458175340563
5200,92.0,0.02533269467732366,0.023229357212393657,0.09860122516283791
5200,93.0,0.0248424580062765,0.02281801215603857,0.09800171981444951
5200,94.0,0.024627800228081094,0.022618121857634753,0.097271426112955
5200,95.0,0.024084520887458865,0.02206777329698902,0.09724591629013213
5200,96.0,0.02366591187857078,0.021678166584234493,0.09728502030143085
5200,97.0,0.023068853161021016,0.021137757081776586,0.09701052882211952
5200,98.0,0.02277859364160377,0.020885673220654127,0.09751601926810514
5200,99.0,0.02263589645957124,0.020771133690064784,0.09773268229091711
5200,100.0,0.022456499797597004,0.020624627334779464,0.0977712232765735
5201,0.0,2.9066038639870517,5.408116675855963,6.564657815288973
5201,1.0,0.5176225701938006,0.5746972429177254,1.3752100534828406
5201,2.0,0.4551061465975495,0.47736962568896457,1.243277798432478
5201,3.0,0.4179155876568574,0.4186464344399501,1.1518912606859049
5201,4.0,0.388082299890635,0.381339292275344,1.0796226209477593
5201,5.0,0.3714742803402421,0.35901013754862343,1.0336651003440338
5201,6.0,0.3456690260546328,0.3308814333217649,0.9813779634442211
5201,7.0,0.3264286905699279,0.31072488913414736,0.9408497588299455
5201,8.0,0.3087342484088456,0.29285113656203776,0.8938633412262308
5201,9.0,0.30153313156773287,0.28327647054368077,0.8689274126419939
5201,10.0,0.296244570270632,0.27631693344355795,0.8499709540406397
5201,11.0,0.28406241534931514,0.26406781415986363,0.8181268481025201
5201,12.0,0.2709068787692755,0.25127498445283575,0.7868110360882121
5201,13.0,0.2618062286231373,0.2419066651380134,0.7596950204480519
5201,14.0,0.2571389740599292,0.23654940591426596,0.7430073064356388
5201,15.0,0.24984584312859565,0.22924298577527968,0.7235915124328524
5201,16.0,0.2405987433544703,0.2205494234224929,0.7001443623875837
5201,17.0,0.235157273931975,0.21520074326968033,0.6847031504685799
5201,18.0,0.23016199046416147,0.21039296534787752,0.6720033900309199
5201,19.0,0.22844233189454524,0.2086523087657876,0.6657609741644473
5201,20.0,0.224379624578286,0.2048485973440954,0.6539347895992433
5201,21.0,0.2199038151767535,0.20072759745138855,0.6413930448815999
5201,22.0,0.21631904850697345,0.19747981682990817,0.6312109033876628
5201,23.0,0.21125362351503757,0.1928418633884522,0.616847748429465
5201,24.0,0.20621683588071107,0.18812900506420413,0.602448232559477
5201,25.0,0.2019486547038227,0.18413627684404402,0.5890339252861567
5201,26.0,0.1980110514678452,0.18055152932016694,0.5780685243643439
5201,27.0,0.19255267556323094,0.17556780681790288,0.5626296857868403
5201,28.0,0.18747278864326825,0.17098367006194076,0.548611170629925
5201,29.0,0.1835139522168675,0.16738840929390614,0.536940837299984
5201,30.0,0.1806345100720378,0.16481464844703494,0.5283227952686599
5201,31.0,0.17790177851149164,0.1623933304554933,0.5206685112486181
5201,32.0,0.17364478533801497,0.15862689817250372,0.5077644953365675
5201,33.0,0.1697456510285912,0.15513583876964213,0.49640468304559976
5201,34.0,0.16664418785359447,0.1524026281036489,0.4875264239544803
5201,35.0,0.16368171027637907,0.14978409817332397,0.47917338741793725
5201,36.0,0.1604426594508807,0.1469396359872172,0.46811641064194587
5201,37.0,0.157763332688446,0.14446516345478638,0.46027128888120183
5201,38.0,0.15487129796191018,0.14200518296310885,0.4512727564435733
5201,39.0,0.15238583333522754,0.1397520567404812,0.44406528472945855
5201,40.0,0.14954442022406034,0.13716798791615142,0.4354127892110208
5201,41.0,0.1473452569003378,0.13512573012760498,0.42898553176453164
5201,42.0,0.14522265653300986,0.13331686911653828,0.42193051757690453
5201,43.0,0.14251931462760933,0.1309226947985615,0.41280667269675425
5201,44.0,0.13998022998505003,0.12874691321154164,0.4042462854421023
5201,45.0,0.13844023406902928,0.12745515231883045,0.3982854830202791
5201,46.0,0.13726742013570684,0.1264891596977968,0.3937941267622518
5201,47.0,0.13527943548685073,0.12462720329840399,0.38804806116813373
5201,48.0,0.13300061979111524,0.12253265058673146,0.3812561569731472
5201,49.0,0.13098806251104805,0.12066419735132408,0.3752413505790097
5201,50.0,0.12910224588665384,0.118813043820727,0.37080675732041124
5201,51.0,0.12746444007028968,0.11734015915995699,0.3655699917584032
5201,52.0,0.12703747592287581,0.11701529331137572,0.363554547166712
5201,53.0,0.1250047731662101,0.11514165019987721,0.3575628238049904
5201,54.0,0.12299673995648228,0.11333180851352007,0.3515246881517693
5201,55.0,0.12207642031125197,0.11252274777881584,0.34830672821989755
5201,56.0,0.12147911610823214,0.11204480617692515,0.34586632600930234
5201,57.0,0.12036841561645471,0.11110857950265887,0.3415010113994322
5201,58.0,0.11886664740319493,0.10981478005643253,0.3361808315880232
5201,59.0,0.11727706977759143,0.10834174699848215,0.33133127198165974
5201,60.0,0.11526478346079096,0.1064845681565841,0.3253921741561437
5201,61.0,0.11343369944249489,0.10482848507164479,0.3195805964214287
5201,62.0,0.11098508525611733,0.10260991232357287,0.31214406726594557
5201,63.0,0.11030828755174521,0.10212130182260624,0.3088526810208964
5201,64.0,0.1088435259601875,0.10081669650021095,0.30357382771314034
5201,65.0,0.10703325119982059,0.09917331321043513,0.2974734263299455
5201,66.0,0.10557121423226819,0.09789056038691096,0.2925400952793044
5201,67.0,0.10424028516459907,0.09671510312573041,0.28760436362647074
5201,68.0,0.10328744105580076,0.09599079313679568,0.2828956001878676
5201,69.0,0.102080455214431,0.0949505643277034,0.27849204202710853
5201,70.0,0.10045527364028828,0.0934291571501815,0.2739859845922197
5201,71.0,0.098887492012366,0.09203683767061642,0.2688916712431402
5201,72.0,0.0980124137835137,0.09132893192553071,0.265246728989178
5201,73.0,0.09667739535705291,0.09015120916578252,0.26035565824628537
5201,74.0,0.09576977856834311,0.08939579937419517,0.2571854814743606
5201,75.0,0.09554480612218358,0.0893981788474938,0.2539666307085352
5201,76.0,0.09362594751063065,0.08760985846592603,0.24798590434887202
5201,77.0,0.09224454010217646,0.08628146865621523,0.2444996120756971
5201,78.0,0.09075514877936618,0.08486981292942655,0.24109408224572662
5201,79.0,0.08919578424972398,0.08345753472570643,0.2364139382723468
5201,80.0,0.08797157653700921,0.08245167000507984,0.23117958839679223
5201,81.0,0.0858699258798224,0.08051531917415529,0.22496813538122185
5201,82.0,0.08381217454410636,0.07849124949615817,0.2203625035783918
5201,83.0,0.08247308768767543,0.07717982688655882,0.21682534115041122
5201,84.0,0.08195902562423214,0.07675556261795857,0.21444782185283837
5201,85.0,0.08052908607420478,0.07537225370606976,0.21074702520290273
5201,86.0,0.07953449222501192,0.07448731591559789,0.20758799827768679
5201,87.0,0.07837618371118393,0.07343891341099988,0.20422339919481397
5201,88.0,0.07722089950805897,0.07243434154499946,0.20027809178997963
5201,89.0,0.07625779816550136,0.07154054402436084,0.1979510438394314
5201,90.0,0.07590710512458206,0.07134041777305677,0.19569284453908445
5201,91.0,0.07490611239918735,0.07046469455096782,0.19245648815096325
5201,92.0,0.07424591427068393,0.06996828915425495,0.1895245033438306
5201,93.0,0.07433806358510933,0.07024762517382528,0.1876527502678384
5201,94.0,0.07429954998688326,0.07041939351948782,0.18534295205744875
5201,95.0,0.07382087838746972,0.07009729298195456,0.1827012244285378
5201,96.0,0.07424972081448011,0.07072828348117152,0.1813199576187459
5201,97.0,0.07410549760798557,0.07069753193614142,0.1793920712823358
5201,98.0,0.07310151977721455,0.06979702901348193,0.17663042425111594
5201,99.0,0.07259150657435708,0.06937464747784601,0.17447076598800373
5201,100.0,0.07218074855793713,0.06910760738658615,0.17215070917316824
5202,0.0,2.9066038639870517,5.408116675855963,6.564657815288973
5202,1.0,0.5653622076057039,0.6027007470303115,1.5083361554973371
5202,2.0,0.5108211767176083,0.51580246671833,1.3944136400216907
5202,3.0,0.4815543069950437,0.4733199039815561,1.3208059086134634
5202,4.0,0.4596501327871402,0.44070231582533487,1.234177756633392
5202,5.0,0.4320752050207819,0.41066478203718804,1.1645622319600233
5202,6.0,0.40524364604237834,0.381470416339501,1.0972013935377107
5202,7.0,0.3899485310276891,0.3640960638482649,1.0512488361179533
5202,8.0,0.3738914408628829,0.34734945724454164,1.0141374240109589
5202,9.0,0.3587015713354812,0.331958051794193,0.9764512842856703
5202,10.0,0.34781084446852856,0.320422288957419,0.9458136692654594
5202,11.0,0.3312627075742937,0.3044873837058983,0.9080974569218486
5202,12.0,0.31758715183072145,0.2912212203932262,0.8731432895002713
5202,13.0,0.31011497289804685,0.28370594906378777,0.8477565092704563
5202,14.0,0.29902687188913324,0.27325060545730573,0.8186650877845223
5202,15.0,0.2883155510710628,0.26323690127237176,0.7955481315540164
5202,16.0,0.2775390340952801,0.2532811459414265,0.7695296321553784
5202,17.0,0.2680200345931213,0.24452979924507834,0.7457961063046362
5202,18.0,0.260668415801136,0.23776561304739546,0.7289812577709857
5202,19.0,0.253321472827944,0.23098259989720665,0.7085542793192064
5202,20.0,0.24880174361344382,0.22681875411448957,0.6969374515344026
5202,21.0,0.24362515330323214,0.2220757698813697,0.6843378028023119
5202,22.0,0.2374747279306318,0.21647433129462357,0.6684979921934567
5202,23.0,0.23111739840294374,0.21071029456257634,0.6492015325677805
5202,24.0,0.224783597293415,0.20494830053271212,0.6336912225653164
5202,25.0,0.21630405362770683,0.1972183975384315,0.6122022913864785
5202,26.0,0.20909960596140245,0.19067498803954777,0.5942083718826969
5202,27.0,0.20352336782660282,0.1855980946647594,0.5785439380658424
5202,28.0,0.19949173610070323,0.18195006865661606,0.5665892481074534
5202,29.0,0.1941892477566826,0.1771416219562584,0.5514807642223347
5202,30.0,0.18910630557163527,0.17251154355602233,0.5376615372131514
5202,31.0,0.18550799130628037,0.169267730596705,0.5259022545886554
5202,32.0,0.18198621749522842,0.1660796084732442,0.5142358533359632
5202,33.0,0.17858206762839682,0.16299658277170326,0.5057859417654781
5202,34.0,0.17499796930034356,0.15979366763111533,0.4948432412211147
5202,35.0,0.1714424910542123,0.1566430622841819,0.48205399831753226
5202,36.0,0.16851435369774728,0.15397193921801164,0.47306938547871147
5202,37.0,0.16645041775561734,0.15220448703368036,0.46526199604012475
5202,38.0,0.162477373434086,0.1485999676081046,0.4534578383384684
5202,39.0,0.15860161105922954,0.1450334107237134,0.4435674285015722
5202,40.0,0.15426360261612784,0.14103169977529684,0.43205025144969544
5202,41.0,0.15009555120476417,0.13714323887195495,0.42073082260268224
5202,42.0,0.14606528875051053,0.13337978132223416,0.4111786573888301
5202,43.0,0.14353379098981733,0.13107209079904875,0.40436249667098056
5202,44.0,0.1403536006750442,0.1281776009054681,0.3969163190520273
5202,45.0,0.1367141674967707,0.12487098576599748,0.38719855703600725
5202,46.0,0.13293604693556993,0.12143510372012307,0.37694011950759376
5202,47.0,0.1308212231764701,0.11951628534382426,0.3701605255263201
5202,48.0,0.12817887742367953,0.11714082892728188,0.36087192085945874
5202,49.0,0.1263297673072662,0.11549903074235159,0.35548660969050794
5202,50.0,0.12388288350855065,0.11329019950566459,0.3492179848610658
5202,51.0,0.12225260725921361,0.1118237336817456,0.3433400212399677
5202,52.0,0.11954129676659261,0.1093505522821919,0.33568262007400346
5202,53.0,0.11664927835850314,0.1067087345570162,0.3272280458531334
5202,54.0,0.11401154525019169,0.10428632354713932,0.31983207380820944
5202,55.0,0.1107551136075311,0.10130615402047094,0.31117801868304107
5202,56.0,0.1079448111140451,0.09874859103994284,0.3029946859909985
5202,57.0,0.10612590662355537,0.0970931614558315,0.29774808811878684
5202,58.0,0.10357626579016979,0.09477848049880497,0.2902204401049947
5202,59.0,0.10145774326706875,0.09287879486934535,0.28414169583584115
5202,60.0,0.09935565933041805,0.09098378733390677,0.278417056138573
5202,61.0,0.09796953560313255,0.08973127323715273,0.274480814369411
5202,62.0,0.09627468807297067,0.08813483093537136,0.2691803523974562
5202,63.0,0.0939248890943696,0.08603605742596934,0.26317541272937267
5202,64.0,0.091635207575299,0.08400287630432891,0.25656239750618953
5202,65.0,0.08977108228473617,0.08232067069169388,0.251234027842813
5202,66.0,0.08752215312583932,0.08028708994766026,0.24458428046752406
5202,67.0,0.08583395388397579,0.07874376243589282,0.23968817603328813
5202,68.0,0.08311065437765895,0.07628722296614811,0.23233109740143343
5202,69.0,0.0802578276581023,0.07378861914559827,0.22431527352777378
5202,70.0,0.07833753596557373,0.07209268197245343,0.21855550786847946
5202,71.0,0.07683406378800416,0.0707340141093548,0.21427113887183982
5202,72.0,0.07545967896721988,0.06954442634476234,0.21029135501588672
5202,73.0,0.07414490896653811,0.06829996574746229,0.2062528344004295
5202,74.0,0.07266371037957492,0.06701929048950966,0.20202841873235286
5202,75.0,0.0705162851541068,0.06508731473002916,0.1957969043013727
5202,76.0,0.06885504893668126,0.06356551465907914,0.19088444116789782
5202,77.0,0.06688078696921759,0.06187338234099777,0.18503697717579176
5202,78.0,0.06499711024763963,0.060199279496145605,0.17970597884349876
5202,79.0,0.0636082575662464,0.058987114712987086,0.1755591273813731
5202,80.0,0.06261862097322457,0.05816971510192641,0.17244250975076633
5202,81.0,0.06129543963951876,0.05694371042383252,0.16895228143370222
5202,82.0,0.059678758968822396,0.05550718187849707,0.16445769195136534
5202,83.0,0.05797541242361341,0.053961963022160137,0.16007911998612437
5202,84.0,0.05619599234345036,0.05241917345818545,0.15500810726742245
5202,85.0,0.05450212772776623,0.050977725689376995,0.15052799810407802
5202,86.0,0.053642177731392765,0.05031483083729701,0.1476329891431125
5202,87.0,0.05188833382997691,0.048634929071747345,0.14402886363385964
5202,88.0,0.050737312944721835,0.0476214430664109,0.14092013169108344
5202,89.0,0.04982178836885166,0.046816049662929515,0.13871184307577086
5202,90.0,0.04893353977669166,0.04602042055096023,0.13634962018037852
5202,91.0,0.04813808597141215,0.04539003850038146,0.13425050346128928
5202,92.0,0.04726618272860466,0.0447855476846807,0.13165517133590776
5202,93.0,0.04732100209653509,0.04506030180353119,0.13094003349874944
5202,94.0,0.04613001906611746,0.04383511819959948,0.12904154441028517
5202,95.0,0.045178678889022966,0.04295788599790213,0.12711821966684417
5202,96.0,0.0439865524089871,0.04179783607151451,0.12486846347028209
5202,97.0,0.043068844687304715,0.041026492972802565,0.1230543159159069
5202,98.0,0.04151498028240071,0.03944567014443639,0.12090300942074608
5202,99.0,0.040225742102680005,0.03814804152884741,0.11882041515490266
5202,100.0,0.039538505317475804,0.03745355220741915,0.11759715588942131
5203,0.0,2.9066038639870517,5.408116675855963,6.564657815288973
5203,1.0,0.6147087995443411,0.6381487438050906,1.5659654255633269
5203,2.0,0.5637325369743043,0.5593369055726939,1.4087899807957147
5203,3.0,0.548003392954285,0.5286292711857993,1.3465362649453239
5203,4.0,0.5281847472745619,0.5013122883333629,1.2726405890066594
5203,5.0,0.5189327910392234,0.48623787250179196,1.2095388746920421
5203,6.0,0.5042186546620651,0.4697481691468583,1.146563242213921
5203,7.0,0.49336984919258425,0.4585362666988745,1.1087734093059667
5203,8.0,0.4922055672043708,0.45720106296025065,1.0914399701794326
5203,9.0,0.4899435779146722,0.45621839651616697,1.0662543518314946
5203,10.0,0.48165347136824105,0.4492685582900981,1.0347825341532315
5203,11.0,0.46761484372134265,0.4365992639710778,0.9972485037757645
5203,12.0,0.4681789394024479,0.4389058731174233,0.9803149149521597
5203,13.0,0.4619720999964814,0.43474654726095124,0.9540174234098372
5203,14.0,0.4617340185142608,0.43661663206160095,0.9388240105571364
5203,15.0,0.45199697407538814,0.42868258217728294,0.9100871722241902
5203,16.0,0.44615266605720844,0.42485905644655997,0.8825885641239121
5203,17.0,0.4409545191570083,0.4206337527746961,0.8668651250280033
5203,18.0,0.4359280190800085,0.4167494889607622,0.8528158831510381
5203,19.0,0.42790795725610187,0.409970681354096,0.8337120734521453
5203,20.0,0.42467175053190576,0.40788351926746524,0.8208231017615316
5203,21.0,0.42164000029149706,0.4058391912963122,0.8103980222292837
5203,22.0,0.41387377603652814,0.398941645693289,0.7918470034660198
5203,23.0,0.4139556631223791,0.400314397883034,0.7808386143651503
5203,24.0,0.41205549026229144,0.3995983419522291,0.7675143572673443
5203,25.0,0.40567081677614303,0.39375665564387946,0.750910149562048
5203,26.0,0.4026345233957161,0.3910288381934387,0.7411208802920838
5203,27.0,0.3987932710512088,0.3876555402439629,0.7323790840902129
5203,28.0,0.39457453002159687,0.38390740736090845,0.721491595682734
5203,29.0,0.3919946362425217,0.38169978470105737,0.7137695411137179
5203,30.0,0.390205010709306,0.3802607393647409,0.7053727397632934
5203,31.0,0.38752915740286764,0.37806079783251284,0.6967719935987875
5203,32.0,0.3849867030906395,0.3759742944420847,0.6860480157054827
5203,33.0,0.3775336133874839,0.36890647497727524,0.6714017949785586
5203,34.0,0.3714541437874742,0.3630519057462192,0.6576924769434191
5203,35.0,0.3665710367017099,0.3584630130139754,0.6473700844217636
5203,36.0,0.36216897328934616,0.35424922137551335,0.6359049168883311
5203,37.0,0.3645915684125681,0.35721854904756695,0.6314200676665519
5203,38.0,0.3627412779974399,0.35562040232159775,0.6245754490815724
5203,39.0,0.3602438099206862,0.3534080855880838,0.6196548254201073
5203,40.0,0.3596237826028893,0.353081201547562,0.6170940127067257
5203,41.0,0.3567310144664554,0.350396059789008,0.6101549538511378
5203,42.0,0.35296751550125616,0.347011858642717,0.6010002726707188
5203,43.0,0.34871644751875464,0.34303947799135953,0.5901881100428693
5203,44.0,0.34632340021483815,0.3411158638526355,0.5818747770811616
5203,45.0,0.3446349739389157,0.33966618906239476,0.5777094374213659
5203,46.0,0.34200709110951283,0.3373285367948751,0.5726083289530657
5203,47.0,0.3386355624281897,0.33428660186428605,0.56513669588223
5203,48.0,0.33593890336953497,0.331806607197584,0.5591746102943049
5203,49.0,0.334265516315716,0.33044669042141533,0.5528342184353352
5203,50.0,0.3297444959618061,0.3261235518141746,0.5443489376997321
5203,51.0,0.32568305829702443,0.3222003304645716,0.5365770757513532
5203,52.0,0.3225059597383992,0.3192621339819024,0.5295289211491006
5203,53.0,0.3174646640604066,0.31445790728601775,0.5195552913873271
5203,54.0,0.31378763984325614,0.31112516568233567,0.5099500592768406
5203,55.0,0.30980551129361406,0.30745697399923066,0.4999137583345737
5203,56.0,0.3049638015222648,0.30278187980537496,0.48994352942843483
5203,57.0,0.2996501692866702,0.2976160291776263,0.4796917277297502
5203,58.0,0.29409979210749687,0.2923136548521659,0.4697844634447721
5203,59.0,0.2913536191560471,0.2897374031714987,0.4641351470637039
5203,60.0,0.2883516342530737,0.28689162374014116,0.4568533998134932
5203,61.0,0.2856725842094365,0.2844525427912227,0.4500768579427948
5203,62.0,0.283502819516396,0.2824293290604378,0.44533935560009963
5203,63.0,0.28108932597643504,0.2801312652260476,0.43931171152106274
5203,64.0,0.27682378428745286,0.27587070781893036,0.4319765920682562
5203,65.0,0.27131140374744156,0.2703702214956654,0.42226857232022214
5203,66.0,0.2680906961728704,0.2672672815000025,0.4147201027313749
5203,67.0,0.2662399871739937,0.26554580378474113,0.40977543572293934
5203,68.0,0.2624391461263266,0.2618274323789225,0.4028076369995942
5203,69.0,0.2578760611241813,0.2573189102099896,0.3957845710641049
5203,70.0,0.2538444764700114,0.25333965806724595,0.38829847659182554
5203,71.0,0.24894233117968675,0.2485076053818041,0.37975409948340866
5203,72.0,0.2460240582119466,0.24573352863880937,0.373131587149376
5203,73.0,0.24196553831856543,0.2417373295975018,0.36485165553468235
5203,74.0,0.23998422079325835,0.23992727513375078,0.35906646323382324
5203,75.0,0.2366023990020488,0.23667847852585136,0.3515449493331626
5203,76.0,0.23111638042616284,0.2311597861888772,0.3430633385147474
5203,77.0,0.22638031238431017,0.2264098809674765,0.3354322749130118
5203,78.0,0.22272812919188562,0.22290981494219828,0.32908869206148245
5203,79.0,0.2202117649331853,0.2204735272620821,0.3240498835431665
5203,80.0,0.2165396139252989,0.21690208055572208,0.3175521014495183
5203,81.0,0.21306759449107973,0.21356118173242797,0.3110837558924223
5203,82.0,0.21181475790258494,0.21241384852693335,0.3076109046444495
5203,83.0,0.21068150144974931,0.21134067493865658,0.30464792451750783
5203,84.0,0.2068922654105707,0.20756847664021527,0.2979296725894868
5203,85.0,0.20354809914494595,0.20423820705625476,0.2928159974718441
5203,86.0,0.19905236983132688,0.1998178105397511,0.28550985571495097
5203,87.0,0.195496252643846,0.19639550279607423,0.27916551659686817
5203,88.0,0.1927025044460808,0.19367125007965352,0.2734897006249654
5203,89.0,0.19026784287290785,0.19128327018046287,0.26858080999139566
5203,90.0,0.18606643634223755,0.18711007375408806,0.26221060347599434
5203,91.0,0.18343655890084198,0.18445192251715145,0.25780124500597945
5203,92.0,0.18068633749335347,0.18172868417983953,0.25283000344792644
5203,93.0,0.1776137966676365,0.1786789988624679,0.2484279687364303
5203,94.0,0.1735505612647927,0.17465627099444783,0.24270770832958452
5203,95.0,0.1705750056352079,0.17174409035330726,0.23769183316795067
5203,96.0,0.16828633705994134,0.16947328050674074,0.2341249249695254
5203,97.0,0.16561729230924568,0.1668585969559643,0.23012748987950324
5203,98.0,0.16344438832855254,0.1648018475302676,0.22626455420327074
5203,99.0,0.16133232213767748,0.16274831176212748,0.22250351441065647
5203,100.0,0.15931729539636247,0.1607764955933702,0.21946163439595157
5204,0.0,2.9066038639870517,5.408116675855963,6.564657815288973
5204,1.0,0.6907016181198005,0.6821501472326318,1.765271656046398
5204,2.0,0.6369257035791763,0.6059712413732448,1.629939659408252
5204,3.0,0.5907540789490561,0.5585178579857982,1.5367601830568998
5204,4.0,0.5620277208773892,0.5274780411938749,1.4669704845717042
5204,5.0,0.5194857549425839,0.4868377829337637,1.3702410117402681
5204,6.0,0.4929798786304094,0.4587799306487322,1.3061203414474962
5204,7.0,0.4757729526058515,0.43997041931457653,1.2609148311781044
5204,8.0,0.4604465574096994,0.4239497839659756,1.2194200416948997
5204,9.0,0.44436735215221435,0.4079667269515746,1.1735873071121097
5204,10.0,0.41595364902812465,0.3819879624820386,1.1110384304271916
5204,11.0,0.3993803039170851,0.3663837202740608,1.072638248382762
5204,12.0,0.3840895840414655,0.3521492578639582,1.036211966066515
5204,13.0,0.36736227267896215,0.3368546047804187,0.9957823621003843
5204,14.0,0.3552549036368942,0.32564070850129023,0.9658972008142322
5204,15.0,0.34282592124898603,0.3139540654443539,0.9339030993818296
5204,16.0,0.3270013911498923,0.2993016852717557,0.8947070684880131
5204,17.0,0.31507453905093574,0.28808698780801967,0.8630572067552233
5204,18.0,0.302985019650504,0.27660000281677677,0.825889201774922
5204,19.0,0.293694498479573,0.2679887769421335,0.801231791400989
5204,20.0,0.2838068126414574,0.25883827232856604,0.7721723853057025
5204,21.0,0.27359799544641655,0.249482873530607,0.7460681518241088
5204,22.0,0.2642881931045329,0.24098719626099496,0.7223008202901676
5204,23.0,0.2581863380898178,0.23541715868187457,0.7069199219127785
5204,24.0,0.24882109815280173,0.22684709210732326,0.6815406750172568
5204,25.0,0.2419742386305437,0.22054859881394873,0.6599590962513074
5204,26.0,0.23552476678432038,0.2146776109961947,0.6422822266021814
5204,27.0,0.22719913587839108,0.2071091999128089,0.6217560835372925
5204,28.0,0.21956648091600706,0.20016498149496412,0.5991180193973136
5204,29.0,0.21378845344270656,0.19495611090952644,0.5783118654131497
5204,30.0,0.20743622365847633,0.18918504804881328,0.5592408057595238
5204,31.0,0.20327416427326078,0.1854436145596794,0.5461924798338667
5204,32.0,0.1997254864753099,0.18229702427094766,0.5337624321979467
5204,33.0,0.19454957921662971,0.17759728034319486,0.5187913145225841
5204,34.0,0.1886438914831395,0.17232307325913454,0.49694774544247333
5204,35.0,0.1825299768329284,0.1667908519365393,0.4778126613658914
5204,36.0,0.17581877931788778,0.16069257304858353,0.4574941987004848
5204,37.0,0.170746305913449,0.15622338915649805,0.4382152017860173
5204,38.0,0.16445773484931328,0.15041083556329435,0.4215692267731987
5204,39.0,0.15833910131892284,0.14470245474914767,0.40751825291488586
5204,40.0,0.14888139238890094,0.13592102150437904,0.3858427581137797
5204,41.0,0.14395216917867598,0.13140801548617845,0.37261832952713586
5204,42.0,0.13856643862532056,0.1264942242952264,0.3568562964165426
5204,43.0,0.13320978357196167,0.12165362065930711,0.3401260312637161
5204,44.0,0.12951943396678678,0.1183717303220191,0.32717017584595065
5204,45.0,0.1266207487534435,0.11586388130339097,0.31573372949198497
5204,46.0,0.12301863622697369,0.112518904108667,0.3065665104706924
5204,47.0,0.11907746152987737,0.10886823042116671,0.29702131591137826
5204,48.0,0.11518179781595199,0.10533335501653036,0.28621495660030793
5204,49.0,0.11005508687907033,0.10054318701733526,0.27527869630929586
5204,50.0,0.10619667574197282,0.09699585367637326,0.2653620595054637
5204,51.0,0.10209849726329054,0.09317958711322696,0.25644703305885674
5204,52.0,0.09984696043604663,0.09112198658525894,0.25018954520449044
5204,53.0,0.0983196571130638,0.08975561720629827,0.24477264524107434
5204,54.0,0.09574022224667277,0.08744599513648799,0.23667935780713145
5204,55.0,0.09136610680864968,0.08342120213879733,0.22676704104146508
5204,56.0,0.08693291974501167,0.07934465523212438,0.21690829687047333
5204,57.0,0.08368183370708218,0.07638143487622362,0.20825813698318216
5204,58.0,0.08166619618439326,0.0746106589372577,0.20108582464007244
5204,59.0,0.08013014340705434,0.0732312392469234,0.196119849062211
5204,60.0,0.07821842013313775,0.07146374777443057,0.19227688861423584
5204,61.0,0.07664361211857698,0.07000077420709319,0.18910395843805192
5204,62.0,0.07662191281768267,0.0700114026020257,0.1874889720182814
5204,63.0,0.0747761373797465,0.06827651994975839,0.18445661300965685
5204,64.0,0.07348465222115981,0.06709456827888705,0.181037547114779
5204,65.0,0.07175402894567393,0.0655113079195156,0.17673385725609134
5204,66.0,0.07001932947383754,0.06396962200054944,0.17151028576134866
5204,67.0,0.06852634393110675,0.06261419001055027,0.16775060996381222
5204,68.0,0.06561119947476687,0.05989991299736206,0.16355120826825706
5204,69.0,0.06418857177987647,0.05860407373065548,0.160324779123988
5204,70.0,0.0630592819274348,0.057620115431494645,0.1565681213151594
5204,71.0,0.06164910047424019,0.05634081609897839,0.15371615094760682
5204,72.0,0.060132655139227366,0.0549608039524544,0.15056928959149202
5204,73.0,0.058553730095335335,0.053497681739154854,0.1478466092565236
5204,74.0,0.057962523995156,0.05298570033609415,0.145284850136048
5204,75.0,0.05629154815782833,0.05145950299698684,0.14199197283507956
5204,76.0,0.05474680848738175,0.0500566249079604,0.13907595027102082
5204,77.0,0.05459388262098234,0.04994824361995018,0.1372235591726421
5204,78.0,0.053521962921931,0.04897168073911721,0.1355782036885302
5204,79.0,0.05249441771251393,0.04800668048532146,0.134473084674268
5204,80.0,0.05177787603194846,0.04731225693985208,0.13395100728968393
5204,81.0,0.05141200733704159,0.04698950322642435,0.13286263092211384
5204,82.0,0.051497502909356535,0.047113355144621,0.13162338495075876
5204,83.0,0.0505467046800676,0.04624234200968886,0.12998512779125698
5204,84.0,0.049495308924241754,0.0452632034081539,0.12779422608652322
5204,85.0,0.04845906425685438,0.04429474692271562,0.1260498337476895
5204,86.0,0.04781545323751987,0.04371464365034144,0.12435987039968968
5204,87.0,0.04792328054963503,0.04387456203414427,0.12324908593509055
5204,88.0,0.046227593561914554,0.04226948334898953,0.12101801771434147
5204,89.0,0.04524891659127476,0.04136430560761892,0.11974290398193435
5204,90.0,0.044255507538246364,0.040457522752448266,0.11779009658965785
5204,91.0,0.044240701500261895,0.040462953513452755,0.1170174884752019
5204,92.0,0.04397598101692044,0.040206894674107686,0.11645240526040015
5204,93.0,0.04212764475367764,0.038470757218432156,0.11428606410454356
5204,94.0,0.041216816017654576,0.03762187101310479,0.11277786020117676
5204,95.0,0.04087147556490525,0.037299432115617655,0.11183541103937893
5204,96.0,0.03988541161027931,0.03639442145454959,0.11091251680928634
5204,97.0,0.03896622408855444,0.03556262043975742,0.10972000519952814
5204,98.0,0.03829643609607983,0.03497210565234639,0.10897680520544946
5204,99.0,0.03752027144450564,0.034287590285942,0.10779051000038431
5204,100.0,0.03649652322628733,0.03341888931888902,0.10723040034796777
5205,0.0,2.9066038639870517,5.408116675855963,6.564657815288973
5205,1.0,0.6433442414737262,0.6704814096956309,1.668899631260654
5205,2.0,0.5901749514909492,0.5925678757856822,1.5689368302736504
5205,3.0,0.5510424814816621,0.5458607756580844,1.490477833161324
5205,4.0,0.5178786534560208,0.5071528609507532,1.4170199165388535
5205,5.0,0.4855323536976054,0.4725973073487801,1.3402101523406982
5205,6.0,0.45647001093828315,0.4417910311067743,1.2697691676919716
5205,7.0,0.43205189923082105,0.41419853841394716,1.2031828895360681
5205,8.0,0.40578731360058407,0.38600206409610816,1.1344421078355165
5205,9.0,0.3888133584480219,0.3673112578772801,1.0907690984590577
5205,10.0,0.37591953478998585,0.35281942676073247,1.0556582121041131
5205,11.0,0.36061693064510847,0.3370786578880984,1.014561735765779
5205,12.0,0.3448120500726795,0.32107405172079756,0.9719780030917531
5205,13.0,0.3349546097331407,0.3103766287172252,0.9429665093877287
5205,14.0,0.32226172382124346,0.2972901450130331,0.9061939179929256
5205,15.0,0.312341051227194,0.2874499179196755,0.878567227253663
5205,16.0,0.3010480597919692,0.27689178494036437,0.8476685619675352
5205,17.0,0.2933156199487031,0.26951327887085785,0.8282232919339472
5205,18.0,0.2841026910790228,0.26074343061483807,0.8029356148058903
5205,19.0,0.27514636351081956,0.25235489410739365,0.7791686752535638
5205,20.0,0.26765792155533696,0.24504107660655972,0.7565680010684778
5205,21.0,0.260984349221219,0.23865484703060572,0.7375351512452211
5205,22.0,0.2559682122277931,0.23375526548428135,0.722509587844871
5205,23.0,0.25080970055929747,0.22884773202472483,0.7068693723623881
5205,24.0,0.24673113646597475,0.22494753416006655,0.6945020889031804
5205,25.0,0.2410616097967008,0.21971940678805202,0.677527046805602
5205,26.0,0.23489676642921994,0.21406299243050045,0.6601326171538756
5205,27.0,0.23085505453714136,0.21036999442559795,0.6483612051461878
5205,28.0,0.2275980614797442,0.2074202333623228,0.6380659091769256
5205,29.0,0.22408653557598324,0.20425650612986554,0.6261827289265486
5205,30.0,0.21963793648799043,0.2002330699325557,0.614512458868018
5205,31.0,0.21553677839039462,0.19652509316556716,0.6062039073860435
5205,32.0,0.2116138928812091,0.1929748378588848,0.5951832264636278
5205,33.0,0.20848507177710618,0.19014817697438613,0.5865255994953494
5205,34.0,0.2056651195327303,0.18760771346551,0.5791211147072416
5205,35.0,0.2018453879363668,0.18416221982881403,0.567271805714072
5205,36.0,0.19970244056193986,0.18226396062833494,0.5594622142358474
5205,37.0,0.19651899878848636,0.17949502890622662,0.5464314957051389
5205,38.0,0.19355524244241473,0.17680070233618972,0.5387163132133984
5205,39.0,0.1912855199792781,0.17481669781884177,0.5317946396556847
5205,40.0,0.1874694714768456,0.171397233029976,0.5206828903589302
5205,41.0,0.18421063968299692,0.16856918551649366,0.5089761549674068
5205,42.0,0.18172029764059539,0.1664979975458516,0.49962654961539826
5205,43.0,0.180013222742622,0.16513836759891476,0.4921025234618786
5205,44.0,0.17915320714617472,0.16460052613565546,0.4871988033595594
5205,45.0,0.17636374955915438,0.16214092193082857,0.4784275902946044
5205,46.0,0.1738454448217084,0.15985999732219736,0.47128274845140816
5205,47.0,0.17046117548955414,0.15679362842191732,0.46143576141120685
5205,48.0,0.16744172119712927,0.15424705464963748,0.4509147262116843
5205,49.0,0.1654526123643895,0.15266986547543504,0.4420844322156993
5205,50.0,0.16375218349115653,0.1512382322716685,0.4365855880579594
5205,51.0,0.16273786189818565,0.1505374653452666,0.4312614633709463
5205,52.0,0.1607831222934595,0.14882865194985073,0.4248730866557314
5205,53.0,0.15837630288678856,0.1466060163792039,0.41866631820466976
5205,54.0,0.15557315968229288,0.14415909772704957,0.4097099039836279
5205,55.0,0.15427368426214175,0.14324921188783232,0.40276912973774304
5205,56.0,0.15299957379937992,0.14224367565080445,0.3964069998343227
5205,57.0,0.15093775802353368,0.140403830644516,0.3899963302470453
5205,58.0,0.14870446747695545,0.1382589908116316,0.38476717425734996
5205,59.0,0.1458317357254075,0.1356120489363742,0.37725615107073757
5205,60.0,0.144353861042406,0.13434609362258151,0.3721758722619767
5205,61.0,0.1428697381686039,0.13305881176311976,0.3679949877790941
5205,62.0,0.14064788335525935,0.1309918304066683,0.3627842934703914
5205,63.0,0.13921738091992872,0.12984603063932726,0.35777609369127755
5205,64.0,0.13718267711673146,0.12800708040110204,0.3527078262884781
5205,65.0,0.1361092299599292,0.12710962943108187,0.34962139660540914
5205,66.0,0.13479501391590373,0.12589790114036514,0.3465940858555981
5205,67.0,0.13374937823999894,0.1249693120048209,0.34322338356241094
5205,68.0,0.13257388959591238,0.1239224344732626,0.3384233077593666
5205,69.0,0.1312087922591284,0.12280984276364809,0.3329346161557948
5205,70.0,0.12994387560578852,0.12173132751189682,0.32888346545874514
5205,71.0,0.1282679573557198,0.12018969977970678,0.3234023376997207
5205,72.0,0.1262893407781819,0.11832481913926689,0.31798486274156124
5205,73.0,0.12429787925492247,0.11638939920405704,0.31312389001769214
5205,74.0,0.1210889393406096,0.11325995864644782,0.30594327323794235
5205,75.0,0.1195306092468094,0.11171131564987302,0.3030621076170982
5205,76.0,0.11691809737793428,0.10918325750256433,0.2974799465433161
5205,77.0,0.11410408341354449,0.10637361330041244,0.29223449347102853
5205,78.0,0.11328343693341557,0.10564161685603862,0.289518744828271
5205,79.0,0.11194378349139665,0.10439078331847422,0.28595639796777284
5205,80.0,0.11013025101950906,0.10263361113551343,0.28162220619170764
5205,81.0,0.1086529098771798,0.1012509624281891,0.2778067868682338
5205,82.0,0.10699920882585291,0.09972364463099327,0.27409234405308036
5205,83.0,0.10544463656269396,0.09825529703659018,0.270595741491277
5205,84.0,0.10400540472335157,0.09689813501675679,0.26691815799111523
5205,85.0,0.10229251258006848,0.09530140148682775,0.26227871546548637
5205,86.0,0.10095399513573507,0.09404760709246729,0.25850545222155996
5205,87.0,0.09859959758194041,0.09177092483803428,0.25283019670194434
5205,88.0,0.09755935893070215,0.09082813880431134,0.24968355698005754
5205,89.0,0.09558546143435312,0.08895674509059809,0.24446059180091437
5205,90.0,0.09403452709756639,0.08749621764488406,0.2401586712293362
5205,91.0,0.09210582904658275,0.08560686744914499,0.23583240733909105
5205,92.0,0.08996826057089724,0.08356108521263347,0.23092339330480627
5205,93.0,0.08864377808250805,0.08225575802142124,0.22823724085446453
5205,94.0,0.08705182349409524,0.08076241452444784,0.22414748576291177
5205,95.0,0.08605062290857085,0.07987768187838981,0.22092683511240313
5205,96.0,0.08441966561054372,0.07835219017060797,0.21631155450827014
5205,97.0,0.08301657668411268,0.07699631311728523,0.21324968135233452
5205,98.0,0.08170310810804393,0.07578331191242485,0.2097956632289228
5205,99.0,0.08018212086016056,0.0743157397609825,0.20644767554734872
5205,100.0,0.07866381067112846,0.07284792635140269,0.20306217423916517
5206,0.0,2.9066038639870517,5.408116675855963,6.564657815288973
5206,1.0,0.6123465910928286,0.6374012447940701,1.5385097173479823
5206,2.0,0.5910476543163454,0.5841390584992221,1.4514062865813095
5206,3.0,0.5757379843231429,0.5609117014037382,1.3683138460842212
5206,4.0,0.545191674077841,0.5271802786036741,1.2863727628604513
5206,5.0,0.5294554049377402,0.5075581101598757,1.2299814630727803
5206,6.0,0.5165115431480561,0.49088424474213327,1.1723112888845213
5206,7.0,0.5071350297149465,0.4802345852360283,1.1300982872531864
5206,8.0,0.49583758399198674,0.4679779087546797,1.0875516480721277
5206,9.0,0.49120515889670435,0.46302529582461993,1.057436722896552
5206,10.0,0.4835756501626944,0.4554805700084729,1.0273654482178916
5206,11.0,0.4702764445500097,0.4428976574960221,0.9884675312533514
5206,12.0,0.4563001291403097,0.4292668692692752,0.9632110102794655
5206,13.0,0.44329120321972015,0.41665411751653586,0.9351059413159429
5206,14.0,0.4329914201957848,0.4071334166742045,0.9050248130474788
5206,15.0,0.42506862399640905,0.4002722390236636,0.880235616027225
5206,16.0,0.41302632140506645,0.38926723100784977,0.8545501207028878
5206,17.0,0.4037286606734929,0.38103445098376654,0.8331836703708188
5206,18.0,0.4000424079817946,0.3784135823481371,0.8177465037718176
5206,19.0,0.39492871961197723,0.37411346936790973,0.8034141495327402
5206,20.0,0.388955965638215,0.3687466468442487,0.7880109991228087
5206,21.0,0.38545661036972256,0.3662022706318829,0.7759518312041619
5206,22.0,0.3802188059182803,0.3621575887147551,0.7619282575142546
5206,23.0,0.37144242876962374,0.3543425140143372,0.7403952729643213
5206,24.0,0.36294215489132015,0.3466598063688178,0.726875197693911
5206,25.0,0.35584414513901064,0.34054035005903116,0.7109521505542893
5206,26.0,0.3497769030167766,0.33519577961918384,0.6965400974280384
5206,27.0,0.34369093018081465,0.32969572560716975,0.6807348755412449
5206,28.0,0.334743286491922,0.3210126398967543,0.6656106775168139
5206,29.0,0.32458852471917066,0.3112014492331646,0.648280877837322
5206,30.0,0.3178456573047077,0.304921729590575,0.6316423832289684
5206,31.0,0.3103173717733857,0.29763224397041754,0.6184879044588091
5206,32.0,0.3078314662333,0.29547542535366,0.6105652070811545
5206,33.0,0.3014383109464548,0.28954172838940795,0.5966274281408002
5206,34.0,0.2943583285111707,0.2827838485532435,0.584850856883383
5206,35.0,0.2895141488113514,0.27841593995488423,0.5729976946915616
5206,36.0,0.2828970880706476,0.27205079972738627,0.5629792624534274
5206,37.0,0.2793483912799205,0.268911623360604,0.5536488174281537
5206,38.0,0.27472237108003783,0.26460635032804913,0.5450101917993202
5206,39.0,0.2723370916385304,0.2626412163839926,0.538597808597523
5206,40.0,0.269592052089594,0.260274249058165,0.5321324995154688
5206,41.0,0.2650973440460945,0.25612617693437373,0.522096224368513
5206,42.0,0.25952409233335183,0.250631691452821,0.510965685068317
5206,43.0,0.25539107696777963,0.2468912465425041,0.4992477366232413
5206,44.0,0.2517446779790005,0.24347672227835046,0.48931821675819404
5206,45.0,0.24729368487538933,0.23923339406901256,0.4785952189211202
5206,46.0,0.24074284373633983,0.2327169560361162,0.466748649829146
5206,47.0,0.23875577206235268,0.2311147035232121,0.4593296907408909
5206,48.0,0.23738893103199762,0.23023954110242095,0.4518593927442481
5206,49.0,0.2344915451411108,0.2276327284746054,0.44398084351566797
5206,50.0,0.2295019553061567,0.22282889752100457,0.4348240040501665
5206,51.0,0.2249788398069067,0.21835564628219922,0.42571692496105135
5206,52.0,0.2211017635053674,0.2146580848899297,0.41752192423369094
5206,53.0,0.21917626475124055,0.2130101595320916,0.4110154270748019
5206,54.0,0.21536754430545346,0.2094133915622796,0.4026123584631419
5206,55.0,0.21269766525309203,0.2068437599425224,0.39621972921579474
5206,56.0,0.21032670043658333,0.20462266150509717,0.3915389171880966
5206,57.0,0.20836291524274236,0.20266661633298708,0.38713835759896587
5206,58.0,0.20561219560669527,0.20008340035513308,0.3811616761335027
5206,59.0,0.20187100973701821,0.1964993959025816,0.37324239998306064
5206,60.0,0.19984843227934881,0.19460122948793454,0.3684930933383417
5206,61.0,0.19538849042566483,0.19001379653080966,0.3612206843619391
5206,62.0,0.1920816492195749,0.18675834513580114,0.3556861152810247
5206,63.0,0.18789818605150777,0.18267060617460815,0.3472845829662057
5206,64.0,0.18744568344797122,0.18244748672894578,0.3432261193398978
5206,65.0,0.18655741712485824,0.1816673295590295,0.33951161011353664
5206,66.0,0.18516602955253156,0.180520097630748,0.33355207083600924
5206,67.0,0.18454366501827818,0.17996319037547526,0.3315127384877046
5206,68.0,0.18209371212436853,0.17759891542431774,0.32700023821464175
5206,69.0,0.17923731950588345,0.17480020701101884,0.32102762859183187
5206,70.0,0.17691833253869035,0.17263953219928252,0.3152459120712261
5206,71.0,0.1731648649977769,0.16888916153219605,0.3098932899156774
5206,72.0,0.16815162546962323,0.16387564106432587,0.30271712487106545
5206,73.0,0.16593859020402543,0.16179844425164028,0.2978548374480541
5206,74.0,0.16282024652326182,0.15864938975787046,0.29409216826348755
5206,75.0,0.1608105765292865,0.1566443180673858,0.2908661352766666
5206,76.0,0.1567399457578992,0.15252746442726714,0.28594791127904784
5206,77.0,0.15441924993775302,0.1503174922524179,0.28087507271592754
5206,78.0,0.1527056856232885,0.1487436706847277,0.2752169043469622
5206,79.0,0.15061839711681785,0.1467303566218282,0.27060337395091644
5206,80.0,0.14835374949057156,0.14452575602959788,0.26658132076625496
5206,81.0,0.14544242110671285,0.1415552861151621,0.26229732981470494
5206,82.0,0.14310340110979358,0.13921261667766094,0.25817996692388084
5206,83.0,0.1414132709548245,0.13762191060829213,0.255609284391128
5206,84.0,0.13864412392756592,0.13484788349993795,0.25161969110960364
5206,85.0,0.13620773543167114,0.13243000124575735,0.24855300742991945
5206,86.0,0.1341185647308834,0.13049430592551217,0.24474433665265707
5206,87.0,0.13193541923223845,0.12837922838509835,0.24075620438512393
5206,88.0,0.12988924425362047,0.12640203269028052,0.23709046631551078
5206,89.0,0.12830814402997415,0.12483759394310026,0.23411329254789576
5206,90.0,0.1254396535034418,0.1218813185075746,0.23105241951276284
5206,91.0,0.12421507502112555,0.12068555544918255,0.22915950106395366
5206,92.0,0.1228433403155871,0.119351339722934,0.2272551470911152
5206,93.0,0.12059514152872958,0.1170933854881878,0.22436987329736127
5206,94.0,0.11819887767767016,0.11467441714134348,0.22091566144207253
5206,95.0,0.11628183624073593,0.11282084493346012,0.21753771303656944
5206,96.0,0.11456992765749706,0.11115975416871722,0.21415017138157166
5206,97.0,0.11284071808557108,0.10946325197632353,0.21058521328346164
5206,98.0,0.11036944807826185,0.10694218962216151,0.2069098808876767
5206,99.0,0.10979914212201555,0.10645062839600157,0.2051493437907475
5206,100.0,0.10881975854114616,0.10555603633101651,0.20265958473029663
5207,0.0,2.9066038639870517,5.408116675855963,6.564657815288973
5207,1.0,0.6362065193512307,0.6405936742083987,1.65228659840526
5207,2.0,0.5666082683020254,0.5577781026158298,1.5101650835083635
5207,3.0,0.5313817133659703,0.512843482012425,1.41084472641045
5207,4.0,0.49896396677607413,0.4747309773037787,1.3198356408973386
5207,5.0,0.4644213502184334,0.43868192996984745,1.2374145436676347
5207,6.0,0.4422164666124471,0.4130687785688566,1.1716106642689377
5207,7.0,0.4148317415104846,0.3841193669940107,1.1053595825017088
5207,8.0,0.3968304703601386,0.365346260103165,1.064724156331595
5207,9.0,0.38315233036920293,0.3517221946949827,1.0303026666825612
5207,10.0,0.36740926316814065,0.33631369267384725,0.9918688679612426
5207,11.0,0.34975207374913236,0.31980317541542946,0.953306538760709
5207,12.0,0.3362407613047436,0.30722312413978276,0.921287998108598
5207,13.0,0.3254303736817349,0.2968786785410182,0.8893652348430308
5207,14.0,0.31445327396839956,0.2866804104530727,0.8604369709442352
5207,15.0,0.30417262994855887,0.277216901045813,0.8332093971614372
5207,16.0,0.2965773664068173,0.2702898176560034,0.8130948920639989
5207,17.0,0.2877613536739623,0.2622715960219455,0.7913898984775019
5207,18.0,0.27850492418300543,0.2538921970283021,0.7665769161829117
5207,19.0,0.270711879075423,0.24684833525288624,0.7458389620930453
5207,20.0,0.26219008949065326,0.23916031183075187,0.7247786555910247
5207,21.0,0.25523498766998637,0.23295213746940335,0.7051984138534414
5207,22.0,0.24831854854577953,0.22688141276221185,0.6832830138204741
5207,23.0,0.241153637192343,0.22041214405174855,0.6646680874001446
5207,24.0,0.23696402438183306,0.2168709681077217,0.6495844840238414
5207,25.0,0.2305365171877535,0.2110716951266454,0.6323602347173671
5207,26.0,0.22592992291783504,0.20715709945879324,0.6166240173464085
5207,27.0,0.22083758798336373,0.2025231243136676,0.6029229634822754
5207,28.0,0.21594953210791046,0.19811711390991077,0.5892873513263118
5207,29.0,0.2109832997012988,0.19358595693922565,0.5752572536985693
5207,30.0,0.2042194316428023,0.18724735305115298,0.5595972378411685
5207,31.0,0.19900979476959887,0.18250405592400867,0.5442778794671098
5207,32.0,0.19455156274609428,0.17860570534750822,0.5295595173518399
5207,33.0,0.18991696301932934,0.17443954114402055,0.5146343255785111
5207,34.0,0.18479580583088084,0.16977742185082997,0.5002944333254031
5207,35.0,0.18153250848730648,0.1669563367521305,0.48949167970276514
5207,36.0,0.17809569441406228,0.16393830590229472,0.47823501952579284
5207,37.0,0.1751766353316735,0.16146779208801681,0.46816204376254955
5207,38.0,0.17246316939718598,0.15918848779086242,0.45808858117810275
5207,39.0,0.16750961655804011,0.15459610489245415,0.4459080495464063
5207,40.0,0.16383127054889696,0.15128333444659967,0.4353415649442541
5207,41.0,0.16025145910777755,0.14816124074089235,0.42412889725365227
5207,42.0,0.15668372009266635,0.14501471746144656,0.412230045810575
5207,43.0,0.15256203334146748,0.14121504177231717,0.4009362066753198
5207,44.0,0.15004801948711796,0.13925050225310326,0.38926175190179124
5207,45.0,0.147900580442339,0.1374535945744401,0.3813680593184702
5207,46.0,0.14412542674214893,0.1338193029254626,0.37203210849624796
5207,47.0,0.13809970528513732,0.12797924166076408,0.35882053796107966
5207,48.0,0.13472493103782646,0.12488256077312483,0.348746142912756
5207,49.0,0.13166008779227265,0.12210203505869702,0.3397237369826571
5207,50.0,0.12944897946485204,0.12012984261871802,0.3333760189516966
5207,51.0,0.12687679333902027,0.11777939225529395,0.32585872583411835
5207,52.0,0.12455512618696143,0.1155439798202567,0.32019718044586143
5207,53.0,0.12218861081254295,0.11333151872351035,0.3138308234687715
5207,54.0,0.12007346968953148,0.111508888170121,0.3062433878770577
5207,55.0,0.11865598295823919,0.1103734755335464,0.2993444475170821
5207,56.0,0.11622511293861588,0.10818015346189301,0.29234635478441273
5207,57.0,0.11504866686174862,0.1072677202237754,0.28737559910739274
5207,58.0,0.11289043047499259,0.10526764218136025,0.28155025871696754
5207,59.0,0.10898985377166341,0.10148459021682665,0.2741345909763805
5207,60.0,0.10637053340186738,0.09897768839652081,0.2669491641967786
5207,61.0,0.10473598849539131,0.09762435644564534,0.2607089419418228
5207,62.0,0.10283788106805472,0.09594156732346396,0.25519038581878944
5207,63.0,0.10127640237744633,0.09459528728987705,0.24996207678129667
5207,64.0,0.09963783905384198,0.09321134910425273,0.24367898988360415
5207,65.0,0.09750518105235978,0.09124108170796182,0.23682452317157873
5207,66.0,0.0963336979258959,0.09028335114408449,0.23207318523866632
5207,67.0,0.09352382531657194,0.08763720538873265,0.22445827190023726
5207,68.0,0.09051674080462864,0.08475702622827597,0.21780839016460923
5207,69.0,0.08879988912095248,0.08322224352469072,0.2120886165512802
5207,70.0,0.08549283675207246,0.08002177796920149,0.2053565246390691
5207,71.0,0.08369860666657414,0.07842975009739274,0.199792323927317
5207,72.0,0.08226831029638774,0.07720356906098229,0.19459895749294545
5207,73.0,0.08019360712573018,0.07518480963485187,0.19016665126423907
5207,74.0,0.07842879599125852,0.0736113029700995,0.18510087385978852
5207,75.0,0.07661769137862279,0.07192514090637811,0.1805794517907047
5207,76.0,0.07490096890685978,0.07035418108539598,0.17638992240548573
5207,77.0,0.074166229188214,0.0697817834715071,0.17287550093238027
5207,78.0,0.0731332476847158,0.06888505445591511,0.16888177345639963
5207,79.0,0.07150686599959272,0.0673337022018177,0.16447566661445417
5207,80.0,0.07000512852776657,0.06591175831719971,0.16155376888495776
5207,81.0,0.0690303945483987,0.06504319605507297,0.158198595670764
5207,82.0,0.06801761306407114,0.06410870667244269,0.15555050949208418
5207,83.0,0.06628703268237876,0.06243840562400106,0.1522865274652434
5207,84.0,0.06568839236375196,0.06196058531261717,0.1495350603336545
5207,85.0,0.06391445509298548,0.06026882237437689,0.14660812682905724
5207,86.0,0.06344555521602097,0.05987348673698752,0.14490916517552285
5207,87.0,0.06132488584999863,0.0577355144437152,0.1419798888804662
5207,88.0,0.06124409735546141,0.05774155522987596,0.1404229957557944
5207,89.0,0.06017837261720324,0.056696601599186734,0.13867440901866204
5207,90.0,0.05851904834130103,0.05504656783931473,0.13616544971972766
5207,91.0,0.05763337313629943,0.05437815733788587,0.13314047177617414
5207,92.0,0.05733628632976152,0.05419527661566032,0.13180024488008577
5207,93.0,0.05670783434121609,0.05367436935590878,0.1300925414920191
5207,94.0,0.05570944604445515,0.05272125761376397,0.12838294957599164
5207,95.0,0.05427613426368795,0.051364106056035995,0.1262744208693305
5207,96.0,0.053211656161183896,0.05042337891145915,0.12434130319777553
5207,97.0,0.052153649642771784,0.049499800539578136,0.1222352083322361
5207,98.0,0.051218590673251616,0.048641616147286446,0.12063570135116244
5207,99.0,0.05004675421727533,0.047490868089789924,0.11885475928921213
5207,100.0,0.05015507548942369,0.04761656439920066,0.11840677046103845
5208,0.0,2.9066038639870517,5.408116675855963,6.564657815288973
5208,1.0,0.573740954377108,0.6265552623303023,1.5334900668393419
5208,2.0,0.4885819739945394,0.5140418553053343,1.353961173165332
5208,3.0,0.4430102536405741,0.45389422756316267,1.2602683870491302
5208,4.0,0.4098000065195256,0.4121125238603534,1.1804727195687732
5208,5.0,0.38476397705114856,0.3812294381148551,1.1111630672173636
5208,6.0,0.36876234093200844,0.36111329598868164,1.0634190244503885
5208,7.0,0.3506408468849257,0.3433491189253138,1.0142560505645102
5208,8.0,0.3332488692451676,0.322989771731631,0.967553291752237
5208,9.0,0.32174909123363665,0.30954576263243455,0.9323234678407708
5208,10.0,0.3117807464924572,0.2971044895796457,0.8995449927734902
5208,11.0,0.30051782829912477,0.2826082336421582,0.8687547203494824
5208,12.0,0.2911343352933519,0.2727323367280999,0.8407717974659216
5208,13.0,0.28360155097851686,0.26563708849854956,0.8164148382615148
5208,14.0,0.27911249045861225,0.26119948244928415,0.8019580889847611
5208,15.0,0.27075046647752926,0.25179827275654965,0.7801893997186692
5208,16.0,0.2628009944643448,0.24359999056177148,0.7562157636866238
5208,17.0,0.25549252595350636,0.23673564749354192,0.7348621678690889
5208,18.0,0.24870157144584637,0.23065941019580713,0.7126110455386104
5208,19.0,0.24161813563658532,0.22422409997608617,0.6919775888227865
5208,20.0,0.23257092538742077,0.21566585941228714,0.6679357310321982
5208,21.0,0.22642902194142717,0.20970951902543794,0.6518241617440952
5208,22.0,0.22210022648446573,0.20514210538397615,0.6414263984897679
5208,23.0,0.21794556281507113,0.2010792030388273,0.630388473836333
5208,24.0,0.2130995224205001,0.19644655392738558,0.6170779800592852
5208,25.0,0.20846085394161346,0.1920807296937482,0.6040524847107825
5208,26.0,0.20448801024473165,0.18869611450052332,0.5919218851082367
5208,27.0,0.19983603536647773,0.18458051783058854,0.5767120000201768
5208,28.0,0.19548719132014786,0.18035070374317008,0.5656029080352003
5208,29.0,0.19099344237578833,0.17603967652070998,0.5528600007064614
5208,30.0,0.18513910290747868,0.17046980104004258,0.5363386558289982
5208,31.0,0.179474980134697,0.16503537481501482,0.5198525189355724
5208,32.0,0.17448735152470146,0.1606014390686233,0.5047140552228149
5208,33.0,0.17025918916280003,0.1570271493940906,0.49099581407553106
5208,34.0,0.16629560681180502,0.1533333781166592,0.47982662438084767
5208,35.0,0.16229103255840277,0.14954297910902306,0.4692406846082481
5208,36.0,0.1587507853174702,0.1462405700999177,0.45847022423105027
5208,37.0,0.15434388846845232,0.14217691571600383,0.44531400012298833
5208,38.0,0.15194309529486308,0.14010825501942722,0.4377138374393617
5208,39.0,0.1485185545488019,0.1368339253182432,0.4282997928178568
5208,40.0,0.14604564399057818,0.13462958759724777,0.42067184073000374
5208,41.0,0.14341833328784073,0.13231732791455203,0.41238187191684567
5208,42.0,0.14086664459922726,0.13002877388427161,0.4046682792252611
5208,43.0,0.13784152182483128,0.12737224978309364,0.39467210600108305
5208,44.0,0.13558455229939484,0.12541086503625334,0.3870647227494131
5208,45.0,0.13215492180737173,0.12225696495590711,0.3767294945084541
5208,46.0,0.12918450161305464,0.11945151256716098,0.3684490760291137
5208,47.0,0.1262047324900763,0.11674118047490732,0.35940702134365576
5208,48.0,0.12251682882458885,0.11334287216257957,0.3480720942975971
5208,49.0,0.11981158605676884,0.11087535732157264,0.3399576428413216
5208,50.0,0.11728187598465735,0.10853668108524514,0.3322952987670226
5208,51.0,0.1149563528689588,0.10627893223101238,0.3261260988875277
5208,52.0,0.1128448929720813,0.1042260894388093,0.3206166179146365
5208,53.0,0.11056070470519912,0.10204117873472164,0.3140820063118944
5208,54.0,0.10900540056722352,0.10059323292914502,0.3094636183615274
5208,55.0,0.10703107678177746,0.09896453501480872,0.302384568148328
5208,56.0,0.10478422354092308,0.09696526005706166,0.2953494963235455
5208,57.0,0.1017934962777804,0.09411251776512927,0.2867318241818749
5208,58.0,0.09947450387340659,0.09188914463488554,0.2802353210601164
5208,59.0,0.0978690726709649,0.09047006680095848,0.2747951241895203
5208,60.0,0.09661865416766706,0.08934973999282304,0.27055031584687234
5208,61.0,0.0954127725156481,0.08829518497061178,0.266529772965591
5208,62.0,0.09438923798806587,0.08749638355066698,0.2624600836424644
5208,63.0,0.09299924863024484,0.08628396317600409,0.25794285374279485
5208,64.0,0.0921707647880973,0.08575574580662876,0.2539614219341789
5208,65.0,0.09131270470446132,0.08514572563703374,0.2504221625803025
5208,66.0,0.08980454343342736,0.08377745140678158,0.24583587815726893
5208,67.0,0.0881178380172758,0.08229631078870295,0.2401524637542233
5208,68.0,0.08593761937120524,0.08032465682673215,0.23354280542939745
5208,69.0,0.08381971372494522,0.07833065831635085,0.22744499143756342
5208,70.0,0.08203995381800874,0.07671907530147132,0.22202569389896668
5208,71.0,0.08064555678577766,0.07565704114121606,0.2164328567382418
5208,72.0,0.0783696337645383,0.07368193375511824,0.20936680556263898
5208,73.0,0.07671133063138141,0.07223074723423688,0.2043709651806017
5208,74.0,0.07414271078892869,0.06983517701090741,0.1972307741851822
5208,75.0,0.07253823843871668,0.0684003621719188,0.19223579352515408
5208,76.0,0.07140044137807593,0.06732667510677784,0.188608149357683
5208,77.0,0.07013795849912705,0.06619857066356459,0.18481692415512865
5208,78.0,0.06867390626840499,0.06483387404873064,0.18084658048845373
5208,79.0,0.0668221267521128,0.06288699718294534,0.17695353249676332
5208,80.0,0.06619381737554993,0.06239089613794781,0.1744989064585775
5208,81.0,0.06508201948210955,0.061355246183205,0.17092655230062867
5208,82.0,0.06422378691041573,0.06061577864852266,0.16799190018166404
5208,83.0,0.06288284103621361,0.05929752414396898,0.16483752035185323
5208,84.0,0.06219467374909875,0.058763556157249035,0.1619988973586073
5208,85.0,0.061437734933004556,0.058157747737210955,0.1592750235651019
5208,86.0,0.06021655003022599,0.056991067479476784,0.15614381118020482
5208,87.0,0.05921905684572283,0.05596606007586667,0.15417805176019284
5208,88.0,0.05783251189987024,0.054640953631014226,0.15083802412367528
5208,89.0,0.056615316816355385,0.053434908281342064,0.14827529873050102
5208,90.0,0.05559509876137214,0.052428002109613944,0.14589149196816123
5208,91.0,0.05426383537084768,0.05117403488842312,0.1429377429373774
5208,92.0,0.053472166047765245,0.05049256837649669,0.14039522907476729
5208,93.0,0.05233228827555212,0.04937559511319655,0.13805167616162076
5208,94.0,0.05200978745261815,0.04919254240711268,0.13653915124261057
5208,95.0,0.051470021524190175,0.04881611520987954,0.13444331182797797
5208,96.0,0.051057027077072784,0.04854970088503533,0.13195997573743268
5208,97.0,0.050300778816285335,0.04781452959791719,0.1304032469603705
5208,98.0,0.04979674506779493,0.047544230446704125,0.12819561448591507
5208,99.0,0.0499075392110607,0.047791083407808244,0.12708568534523998
5208,100.0,0.049254682003600156,0.04726968123264724,0.12498110685526449
5209,0.0,2.9066038639870517,5.408116675855963,6.564657815288973
5209,1.0,0.6431913964124901,0.7398378853531206,1.571123440129262
5209,2.0,0.53317655516439,0.6079974637846858,1.3994659506001823
5209,3.0,0.4803879400833686,0.5359300692925004,1.3031166360576403
5209,4.0,0.4441013714490749,0.4913279172350985,1.2118652605393248
5209,5.0,0.4286693604621944,0.47975009306836547,1.1478548657481917
5209,6.0,0.40380322224748527,0.4494191338735749,1.0916182709223914
5209,7.0,0.38329717402059943,0.4263686249559358,1.0237520958154875
5209,8.0,0.36085985758043443,0.4004283131777018,0.9703657893083468
5209,9.0,0.33930605452357804,0.37454101520829475,0.907985438426281
5209,10.0,0.32179996397744554,0.3556242524645771,0.8565842177643117
5209,11.0,0.3107517254301357,0.33848820994169354,0.8255513773327002
5209,12.0,0.3058346309534788,0.32875921878190073,0.7971219024536583
5209,13.0,0.29513785529346803,0.3136368746036082,0.7707794405964299
5209,14.0,0.28036645578132635,0.29295000820581013,0.7403941451971718
5209,15.0,0.2710851348092066,0.2786384582469208,0.7204830973522682
5209,16.0,0.2603209059021749,0.26271422590386817,0.6996404297914346
5209,17.0,0.2503169938664154,0.2495642060372152,0.6767890488118955
5209,18.0,0.24280090741835214,0.24038136024268902,0.6589964736494967
5209,19.0,0.23402138867234568,0.22992578000453714,0.6356660866434155
5209,20.0,0.22530552501719503,0.21888370383440614,0.621073554941626
5209,21.0,0.22139240745705807,0.2132186647120376,0.6117574201679838
5209,22.0,0.21790436342952896,0.20944555891760855,0.5981465265503629
5209,23.0,0.21295053979784592,0.20407129422289416,0.5854778985675437
5209,24.0,0.2124037842938058,0.2038340880458065,0.57757215013591
5209,25.0,0.20890486722664858,0.2009657226632856,0.5617321283785149
5209,26.0,0.20584768536473255,0.19793631674249185,0.5518813510753166
5209,27.0,0.20352095536585982,0.1958306846366619,0.5435679731581132
5209,28.0,0.19840120581875378,0.19017877539036113,0.5347452576335028
5209,29.0,0.1923998484095844,0.18374890482547662,0.5241131914545778
5209,30.0,0.18647228954796938,0.17755702464141473,0.5104376084556778
5209,31.0,0.18309070552320272,0.1738680562188828,0.5019908701513911
5209,32.0,0.18146683650384618,0.17226643379696346,0.4953170563061606
5209,33.0,0.1779366753370086,0.1686263767379795,0.48543435163957005
5209,34.0,0.17425227639862068,0.16479385001290456,0.4771543455720705
5209,35.0,0.1718139418170594,0.16258054918190815,0.46828370580966877
5209,36.0,0.1680621761862279,0.1590105036640926,0.4572702251508456
5209,37.0,0.1631733247510876,0.15426494591745893,0.4464178044459398
5209,38.0,0.16134443453735295,0.15246396821331742,0.44140157743422076
5209,39.0,0.1578975463328171,0.14904028850997908,0.4327149526784898
5209,40.0,0.15553912145331095,0.1470656876247354,0.42371185350958274
5209,41.0,0.15313545521011884,0.14479569457269795,0.4166922850871025
5209,42.0,0.15148528325320515,0.14341541573075728,0.4109523051534703
5209,43.0,0.14977479752735806,0.1418258926121371,0.40648835669301137
5209,44.0,0.14626830658553497,0.13804179987314555,0.4004201703696171
5209,45.0,0.14321827828840755,0.13509330105180092,0.3916516220729995
5209,46.0,0.14085807918823698,0.13282508401112744,0.3854460251211701
5209,47.0,0.13965790843108425,0.13177727179620016,0.3811446324833593
5209,48.0,0.13761783149938345,0.12966770994566476,0.3769095015433495
5209,49.0,0.1355944415607368,0.12775405364799192,0.37262961688751317
5209,50.0,0.13428254884754734,0.12678488931179277,0.3672897784156539
5209,51.0,0.1321163421537874,0.12483879462229044,0.3609615771957713
5209,52.0,0.1303162909705741,0.1231824296903661,0.35541372850946684
5209,53.0,0.12770824061092143,0.12079814621142478,0.346572079604558
5209,54.0,0.1254969083606428,0.11861779561087163,0.3406062513026403
5209,55.0,0.12379948321950349,0.11701468070841575,0.33558102923638533
5209,56.0,0.12176570450348599,0.11498392419936113,0.3305636986597042
5209,57.0,0.11850841553553616,0.1116431191355819,0.3230764621418194
5209,58.0,0.11653877580136683,0.1096681794595861,0.31811810487410097
5209,59.0,0.11574263398012058,0.10903169403531275,0.31450881140339515
5209,60.0,0.11491991543167274,0.10847105428324808,0.3106520125415747
5209,61.0,0.11406419778403476,0.10777633779473067,0.30692994769419324
5209,62.0,0.11351146589144015,0.10743228976487372,0.30381859879276535
5209,63.0,0.11177398980829928,0.10580376962762998,0.2984816187027539
5209,64.0,0.11026333437695611,0.10451538874541572,0.2928145269243854
5209,65.0,0.10912060638538934,0.10343753563810927,0.28934509318171237
5209,66.0,0.1081376602703331,0.10263286925749882,0.284706730284784
5209,67.0,0.10618207670823988,0.10072998360656776,0.27917961280484027
5209,68.0,0.10477559026504701,0.09935082558133229,0.2754032060181477
5209,69.0,0.10244611098849488,0.09695562428141256,0.2701622053323452
5209,70.0,0.10033935524842855,0.09475960139546354,0.2662288006173266
5209,71.0,0.09970595028110248,0.09426693381794836,0.26332324765882187
5209,72.0,0.09850599528655773,0.09313156194093408,0.25966084552710433
5209,73.0,0.09750461900689618,0.09227698547395045,0.25562393022532387
5209,74.0,0.09691554711935431,0.09196042619860685,0.25132038012795427
5209,75.0,0.09645763640489001,0.09173459132836026,0.2468051761506125
5209,76.0,0.09602139137368264,0.09152556143992864,0.24334320746099838
5209,77.0,0.0941126248151388,0.08964803181592552,0.23842083194252683
5209,78.0,0.09270927648447053,0.08833557156463408,0.23453321738352156
5209,79.0,0.09154376700899342,0.08727576214453421,0.23130551702256744
5209,80.0,0.09103376330365384,0.08691414826009307,0.22852201539215286
5209,81.0,0.09063993370711657,0.08663961432091355,0.22647251474652147
5209,82.0,0.08907203526433508,0.08509343458070559,0.22324780490245402
5209,83.0,0.08703566726306118,0.0830351268675715,0.21861119766453924
5209,84.0,0.0866141818444559,0.08272766055953029,0.21662676146670376
5209,85.0,0.08560897214744828,0.08184665515796255,0.2137334820039525
5209,86.0,0.08459754862427718,0.08097802385490256,0.21052928932911477
5209,87.0,0.08406967301192174,0.08053740400769975,0.20851660914036074
5209,88.0,0.0835560786729501,0.08001059084213655,0.20726449236848898
5209,89.0,0.08275043742359564,0.07930317656334673,0.20433971678754156
5209,90.0,0.08232163621546017,0.07888468413691786,0.20314001846763635
5209,91.0,0.08137049359403846,0.07806257190672558,0.1998790542803843
5209,92.0,0.08061952846801548,0.07734309085190894,0.19752216745853118
5209,93.0,0.0794371677464258,0.07613161221823923,0.1948350022028357
5209,94.0,0.07873932949497986,0.0753923036543772,0.19260127344891942
5209,95.0,0.077601179964965,0.07426233927506877,0.18999905552160642
5209,96.0,0.07682787498394247,0.07352815767416174,0.1877361914019326
5209,97.0,0.07653226591524649,0.07338405180364273,0.18545246650615288
5209,98.0,0.07620454556916247,0.07321719838691952,0.1831082226339736
5209,99.0,0.07575510469770169,0.07288362533883687,0.18098041099958095
5209,100.0,0.07487847299317114,0.07207658881803669,0.1785194927174262
5210,0.0,2.9066038639870517,5.408116675855963,6.564657815288973
5210,1.0,0.5542022345818715,0.6045129915525126,1.4620561918932369
5210,2.0,0.4806294810860119,0.505201019417636,1.320636019970008
5210,3.0,0.4355783149186578,0.4445380972072839,1.2141060448612901
5210,4.0,0.4059208722481801,0.4074562614087012,1.1429874452734496
5210,5.0,0.3697258856709897,0.37229673647976996,1.0561765394632634
5210,6.0,0.34792960587025823,0.34498576738627845,0.9945349389632772
5210,7.0,0.329560177304983,0.32232839624776227,0.9456647525806997
5210,8.0,0.31487422342751953,0.30374666705945846,0.90724268132508
5210,9.0,0.3040416845465582,0.2894585271575289,0.8722600268425187
5210,10.0,0.29018834743752997,0.2744372744303189,0.8337670658743359
5210,11.0,0.2820635178156873,0.2647428072625044,0.8092345701409177
5210,12.0,0.273446104289582,0.25460588366861686,0.7822692436839288
5210,13.0,0.2682914422015518,0.24801028277413206,0.7630884211511135
5210,14.0,0.25831889989709694,0.23797227601585427,0.7317638397748998
5210,15.0,0.24980779327641908,0.22918156531586828,0.7012934002651985
5210,16.0,0.24650581883309433,0.22545110122194686,0.6826667535659138
5210,17.0,0.237620939258621,0.2171908142066513,0.65688268089058
5210,18.0,0.23126169796580834,0.21120412808957945,0.6394907208322939
5210,19.0,0.22475800694958917,0.2051692773200982,0.6205750134427999
5210,20.0,0.2187052101933937,0.19980775126488687,0.5929880942677868
5210,21.0,0.21192019927186231,0.19365489140611397,0.5731946522710122
5210,22.0,0.20718436283443759,0.18951586191958397,0.5553429169587254
5210,23.0,0.20314895487419266,0.18627901134142638,0.5361034196870574
5210,24.0,0.19789880669673693,0.18167966228355575,0.5181790529530522
5210,25.0,0.19337595677465394,0.17760677063981986,0.5047802585992546
5210,26.0,0.18865221897719225,0.1734598462179252,0.490293509789668
5210,27.0,0.18475051430274228,0.17007781635531266,0.47771272722511915
5210,28.0,0.18191632474653563,0.167974532891336,0.46465428601879916
5210,29.0,0.1776955734462972,0.1642402177408898,0.45070014064383396
5210,30.0,0.17178759511407385,0.15862330650222034,0.43840137800981493
5210,31.0,0.16625900907979355,0.15356611210325077,0.4234337488276676
5210,32.0,0.16176584037369213,0.1495300079121101,0.41098173264001986
5210,33.0,0.15705984100790568,0.14526579976218798,0.39817890241314174
5210,34.0,0.15084108766394339,0.13954273267859776,0.3815551308397168
5210,35.0,0.14702717342876245,0.13624914939862892,0.36899078692666143
5210,36.0,0.14303064026228302,0.1326280079772554,0.35709323854130176
5210,37.0,0.1412183629444306,0.13111222803175115,0.3505243901740753
5210,38.0,0.1382247320349714,0.12847773927554607,0.3400401779002337
5210,39.0,0.13775254883122157,0.12845990722850897,0.33327848194190857
5210,40.0,0.1367815034795691,0.12795104919196745,0.3262019629818581
5210,41.0,0.13424301757433613,0.1257558041574759,0.3181866555099127
5210,42.0,0.13423637118270604,0.1262030642736073,0.3129128277451478
5210,43.0,0.132032369116227,0.12418767803065486,0.3063146200801775
5210,44.0,0.1298553159974627,0.12210779933761072,0.3000797686971391
5210,45.0,0.1280642456693876,0.12051649574816142,0.2939458377750492
5210,46.0,0.12628864982870192,0.11902712170228567,0.2875139100411087
5210,47.0,0.12487634665738878,0.11786273536064706,0.2809756165272757
5210,48.0,0.12094591656167353,0.11402923110127414,0.27325629508332694
5210,49.0,0.11884431156056803,0.11211183807267489,0.2680325881911014
5210,50.0,0.11803324370845183,0.11138345362358147,0.26490956495891477
5210,51.0,0.116040625449275,0.10945562478190726,0.26097392854460966
5210,52.0,0.11454621510196218,0.10816496158204555,0.25609909178318885
5210,53.0,0.11303689984438518,0.10678929419451354,0.2526268635629436
5210,54.0,0.10953726608166375,0.10345955565539319,0.24659998847788905
5210,55.0,0.10787422773204809,0.10200123387233784,0.24127046922098663
5210,56.0,0.10510761526863344,0.09941713574734115,0.23355046118951453
5210,57.0,0.10355421608707843,0.09805280696798571,0.22868587204942317
5210,58.0,0.10273249039759798,0.09746118849709554,0.2243730462247499
5210,59.0,0.10144113971230542,0.09645448812788357,0.21910805212112128
5210,60.0,0.0992401457309409,0.094418590876161,0.21359425191279738
5210,61.0,0.09637454789190356,0.0917201975335569,0.20714724837165943
5210,62.0,0.09489344105422545,0.09039338966155394,0.2026517991773423
5210,63.0,0.09256320418951171,0.08822742735301041,0.19772466150709134
5210,64.0,0.0903691198227566,0.08626060694409157,0.19184970543627425
5210,65.0,0.08744525213700738,0.08351647835644523,0.18560310273172123
5210,66.0,0.08639689019390633,0.08262950964862845,0.18196597045725735
5210,67.0,0.08418890716132216,0.08051222143003053,0.17778713294178156
5210,68.0,0.08280345541922664,0.07927536557107281,0.17405642421369083
5210,69.0,0.08189185443548204,0.07850198563050108,0.17046069696345947
5210,70.0,0.08135850484802946,0.07808921917479046,0.16846536435071655
5210,71.0,0.07971653405846015,0.07663032514563896,0.16448896708789384
5210,72.0,0.07775394450363822,0.07483139719800706,0.1598887167957519
5210,73.0,0.07653905999878692,0.07374552271038995,0.1564073552409918
5210,74.0,0.075137510535013,0.07248129494862579,0.15230825982851487
5210,75.0,0.07425440810560904,0.0717255632682932,0.1502577806916563
5210,76.0,0.07283398085800927,0.07039639295484279,0.14697936808545958
5210,77.0,0.0703544951713467,0.06798562281017609,0.14204958206325397
5210,78.0,0.06796545522513238,0.06568527172400324,0.13769632882137722
5210,79.0,0.06644423470365607,0.06427346758487311,0.1345350304811856
5210,80.0,0.06486798151056651,0.06274023805880771,0.1313408745154367
5210,81.0,0.06472323565804695,0.06265303686927738,0.12988962684052865
5210,82.0,0.0635661575230606,0.06160235068989969,0.12787442358806125
5210,83.0,0.0625914145394336,0.060719273198306264,0.12636154792529583
5210,84.0,0.06221757917519518,0.060477323302141894,0.12433933179613996
5210,85.0,0.0607094412730405,0.05912562050487176,0.12162653831302722
5210,86.0,0.06000537395771624,0.058583996276736786,0.11955958368841356
5210,87.0,0.05949255314964702,0.058149136260646404,0.11805478003684013
5210,88.0,0.059024590684214326,0.0577706148430622,0.11631396038447302
5210,89.0,0.05778689508384022,0.05659346889605997,0.11464993365373596
5210,90.0,0.05696185003097518,0.05589656173355529,0.11308550823541695
5210,91.0,0.056239193667331606,0.055147371845561614,0.11193076177507183
5210,92.0,0.05472024413549959,0.05358064125540891,0.11018945117270983
5210,93.0,0.05367676597291181,0.05258985009730699,0.10851084754533359
5210,94.0,0.05317029384527735,0.05211085305631011,0.10748792530032072
5210,95.0,0.05224677295420377,0.05121043228225887,0.10614424904887729
5210,96.0,0.05066120171932986,0.04958969540968866,0.10490547286802049
5210,97.0,0.05010920634454974,0.04913072726702296,0.10402480600744493
5210,98.0,0.04947598016603965,0.04858470556695937,0.10263895099598767
5210,99.0,0.048822585325668806,0.047941286419143095,0.1018118165290975
5210,100.0,0.04776796285393422,0.04692663478640422,0.10077704584925155
5211,0.0,2.9066038639870517,5.408116675855963,6.564657815288973
5211,1.0,0.6529277874996157,0.7098385537673177,1.5189948303600391
5211,2.0,0.5887557251493425,0.6337240584113234,1.3067696725873783
5211,3.0,0.5082027996384731,0.5353338699779405,1.1584018485178138
5211,4.0,0.4630834144953066,0.4808634254135638,1.0381296054554612
5211,5.0,0.4386913590079596,0.45215268946776094,0.9811830167424133
5211,6.0,0.4164917486780354,0.43120900923901795,0.8932235516124947
5211,7.0,0.3977264069842156,0.41332385338516525,0.8130749081353781
5211,8.0,0.3846638784515749,0.40010950087038155,0.745623684811789
5211,9.0,0.37095652110728317,0.386545424563904,0.7000244170712908
5211,10.0,0.3657095955938296,0.38060150087324424,0.6558836767230304
5211,11.0,0.3544001414815335,0.36760235121654955,0.6233292165100889
5211,12.0,0.3429609599078567,0.35470783821480917,0.5985780156280389
5211,13.0,0.3292893316213836,0.3395153347623175,0.5668540623116577
5211,14.0,0.3224976981127132,0.3322420286565275,0.5442216998284971
5211,15.0,0.3172082106150112,0.32683897971530124,0.5231185855094962
5211,16.0,0.3196226821808943,0.32928589432140265,0.5186531890172535
5211,17.0,0.3074780948243936,0.3168002021787105,0.4939027546249663
5211,18.0,0.29788352516371397,0.30652190150182795,0.4712640347432143
5211,19.0,0.286680220251041,0.2950785233451371,0.45021783700255785
5211,20.0,0.2778506079479608,0.28620121436405094,0.434137891256181
5211,21.0,0.27414925812459934,0.28293872099744033,0.4177853627120753
5211,22.0,0.26989224643673554,0.2786955812328283,0.40713363534601127
5211,23.0,0.26540709588755873,0.27402808914092436,0.3966146352593121
5211,24.0,0.2546683505246456,0.26301499362537056,0.37588651138566953
5211,25.0,0.24792821573831456,0.2561137289872297,0.36076562100624493
5211,26.0,0.23809252276353776,0.24610223272004939,0.3434331263060045
5211,27.0,0.23326528766583976,0.24111559669020471,0.33360070089206145
5211,28.0,0.2246306827642336,0.23241485431494704,0.31834488589784893
5211,29.0,0.21983424484561387,0.22781341944827666,0.30802191339727236
5211,30.0,0.21630847294451017,0.2243441129447463,0.30115843517884927
5211,31.0,0.21080360199539805,0.21879416958004316,0.29173637838184063
5211,32.0,0.20360864573788706,0.21144868702703998,0.27943376354669636
5211,33.0,0.19932981324335822,0.20713060764770164,0.2717795626416854
5211,34.0,0.19385598443590882,0.20148409724909744,0.2622291644340938
5211,35.0,0.18624279000572513,0.19343825433134001,0.25096667474188983
5211,36.0,0.17811685465612248,0.18509061115645645,0.23813829521629978
5211,37.0,0.1746180155680161,0.18140925341866165,0.23197167273637165
5211,38.0,0.171340643117773,0.17780156906310343,0.22631770837099277
5211,39.0,0.16838553145696217,0.17465575082731624,0.2217096985804607
5211,40.0,0.1628226607730892,0.1688655021222126,0.21295874170109538
5211,41.0,0.15612701185379613,0.1620921902068404,0.20559945680003372
5211,42.0,0.15155884707352263,0.1577713796023631,0.19921531995878825
5211,43.0,0.14878717951461656,0.15495981590535537,0.1949578239667572
5211,44.0,0.14324095790165547,0.14941725318763924,0.18752656848013052
5211,45.0,0.1400478782257654,0.14613729258316854,0.1825487036826293
5211,46.0,0.13901729234485025,0.14539519177618482,0.1812801007206459
5211,47.0,0.13774825035671986,0.14428137047757572,0.18078338885086376
5211,48.0,0.1365343363886677,0.14316546215187217,0.1797948921138432
5211,49.0,0.13642036028722382,0.1430452164851364,0.1797271811631625
5211,50.0,0.13408215149558325,0.14064829872427323,0.17732689854336256
5211,51.0,0.13054292160109776,0.13705112889388715,0.17448164365521793
5211,52.0,0.12994495695730449,0.13634982257487901,0.17435577071644828
5211,53.0,0.12653253710413864,0.13280618611484996,0.1717231368736357
5211,54.0,0.1233910000316638,0.12953543659036418,0.16961984835012878
5211,55.0,0.12083165545103244,0.12695165203338893,0.16871996230585606
5211,56.0,0.12190629253461936,0.12823557085067086,0.17087499496811182
5211,57.0,0.11834672242471055,0.12463263577671686,0.16952440050105638
5211,58.0,0.11461421804378737,0.12076887051436151,0.16917559270750274
5211,59.0,0.11460375566988387,0.12071534682970243,0.17115903768173202
5211,60.0,0.11145496291922662,0.11756821338352305,0.1702487067262471
5211,61.0,0.10957919252453238,0.11576373571342223,0.17106047158641846
5211,62.0,0.10978221653644558,0.11591516529008129,0.17232710165682197
5211,63.0,0.10909064054903163,0.11518045121724883,0.1728434289543709
5211,64.0,0.10399486550267616,0.10994069265699863,0.1716637554816671
5211,65.0,0.1016913962528072,0.10751046802759723,0.17155515259399692
5211,66.0,0.0999690175695481,0.10566272254187838,0.1715830280384791
5211,67.0,0.09781152197728987,0.10349092336248604,0.17324382251332884
5211,68.0,0.09494342519458061,0.10051289516330465,0.172219171268661
5211,69.0,0.09382300250113906,0.09931309165745143,0.1723078647623095
5211,70.0,0.09282060834456721,0.09825240223556,0.17277529560179047
5211,71.0,0.09235764781470443,0.09765161036056984,0.17333346909926656
5211,72.0,0.09069459584303922,0.09582711106989272,0.17310071645873226
5211,73.0,0.0899313634866377,0.0949826897985449,0.17484333926822504
5211,74.0,0.08885831811569589,0.09387786933157567,0.1752363727483841
5211,75.0,0.08583995023241822,0.09073444183708228,0.17467691244951666
5211,76.0,0.0838726370414326,0.08855951844099394,0.17404664520798732
5211,77.0,0.0820973625250613,0.08656699910892933,0.1744795614932215
5211,78.0,0.07996718476579,0.08427465835359281,0.17443669865513262
5211,79.0,0.0769765174826974,0.08123290757608105,0.1733024999226027
5211,80.0,0.07431859722991042,0.07843373939242704,0.17245715048899693
5211,81.0,0.07295728077476965,0.07699838067696885,0.1719389493785717
5211,82.0,0.07077827652879137,0.07466734030514208,0.1723923400382245
5211,83.0,0.0684877256734389,0.0722244382071852,0.1717779472018937
5211,84.0,0.0662235701928859,0.06975706268585181,0.17178675496372875
5211,85.0,0.06512398994316572,0.06851743998366631,0.17300272920825
5211,86.0,0.0653211259046958,0.06865216064037676,0.1732161102978058
5211,87.0,0.06501701369098258,0.06821038916512022,0.17339129909706788
5211,88.0,0.0645850010015937,0.06777205366027352,0.17414839699898527
5211,89.0,0.06462351914358172,0.06773352884104163,0.17579546657152803
5211,90.0,0.06465918212774216,0.06770746510525752,0.17604161341416064
5211,91.0,0.06417633810474169,0.06718793414489502,0.17564999293732772
5211,92.0,0.062440768950487474,0.06530667838136887,0.1752266155295296
5211,93.0,0.061885632593690273,0.06464139307603457,0.1753043031890042
5211,94.0,0.0608510183023198,0.06348012918974029,0.17495609957426525
5211,95.0,0.06016405395422099,0.0627305775577476,0.17506584190772703
5211,96.0,0.060040113692125176,0.06259185368884428,0.17559952073344492
5211,97.0,0.06068804217011356,0.06322826482920979,0.17639183501324088
5211,98.0,0.05965778044404602,0.06204030505205531,0.17629032053893243
5211,99.0,0.059118335232674575,0.06148955313848308,0.17595008304165533
5211,100.0,0.059863448557284156,0.062293068682997735,0.1762377598440329
5212,0.0,2.9066038639870517,5.408116675855963,6.564657815288973
5212,1.0,0.6595411004129283,0.723544558006688,1.5701845006039872
5212,2.0,0.5718738801355575,0.6249771067870429,1.3610788414497916
5212,3.0,0.5029248455631946,0.5519329317054436,1.2302402828731307
5212,4.0,0.47832084653828083,0.5261467639495991,1.1658362794592687
5212,5.0,0.4598732249590884,0.5163053455783326,1.0836613492633829
5212,6.0,0.450046989551142,0.5121708936093188,1.0017223128079311
5212,7.0,0.4362748348086609,0.4976784080152805,0.9361264883699486
5212,8.0,0.4286931062704367,0.4839320642933386,0.8852035996660421
5212,9.0,0.40548799399639684,0.4561904020162406,0.836702360965082
5212,10.0,0.37504352540311836,0.42004267849115323,0.7781531133213669
5212,11.0,0.3659040772389252,0.40694870966018615,0.7464719949957921
5212,12.0,0.34664752187675224,0.38366158858021204,0.7113291564494538
5212,13.0,0.3327828954024086,0.36614473428290056,0.6835705186132
5212,14.0,0.3190294597562037,0.34969250567637544,0.6467079910740733
5212,15.0,0.30739905160238107,0.336100328686159,0.6168227259013667
5212,16.0,0.2991888046979473,0.3258146430416661,0.5887743219874134
5212,17.0,0.29064948096770743,0.31565212339701293,0.5673132283072613
5212,18.0,0.2803184200774202,0.30367012950585653,0.5414443533809957
5212,19.0,0.27655353692868456,0.2991247177760199,0.5242051006815414
5212,20.0,0.27572413214160646,0.2975389027007387,0.504498867919851
5212,21.0,0.2697239534007991,0.2912651469341763,0.4861116695136576
5212,22.0,0.26041803208883374,0.28100965869467587,0.4657205494751147
5212,23.0,0.2522147318468357,0.2720580659613568,0.4481067793165327
5212,24.0,0.24910083827873047,0.26819555921377697,0.4346784235291023
5212,25.0,0.2382499961855251,0.25662340319241295,0.4137737564966217
5212,26.0,0.22800837465017215,0.24557666923787497,0.3960501459088794
5212,27.0,0.22328397510497222,0.24087380389375235,0.382931748374409
5212,28.0,0.213552562867129,0.23079681862220358,0.36258728877998736
5212,29.0,0.20507358324498914,0.2214865796256522,0.3478197417058796
5212,30.0,0.1972158669629266,0.21306586574028455,0.33127978358809856
5212,31.0,0.19007462190748486,0.20534021952946163,0.3190121041081054
5212,32.0,0.1867469621879188,0.2011918732833446,0.3102188877531028
5212,33.0,0.1829805350795258,0.19686349295846864,0.30269143858897385
5212,34.0,0.17645361807708349,0.18959075086238744,0.2902384375655552
5212,35.0,0.17211166042879403,0.18430109604810357,0.28229232472713944
5212,36.0,0.16698382104480414,0.17876403660377851,0.2726072171656203
5212,37.0,0.16398519963218772,0.17557679877463678,0.265770219443801
5212,38.0,0.15992826971359372,0.17135743165661266,0.2553199627420933
5212,39.0,0.15118799733112462,0.16224632026076438,0.2420570323320991
5212,40.0,0.14497981290914747,0.1559120953782552,0.23160375681517087
5212,41.0,0.1414302722350705,0.15227740447007226,0.22409228655803423
5212,42.0,0.13589738050892144,0.14648288428306772,0.21335782023220176
5212,43.0,0.13174062082562513,0.1420390691057368,0.20627190100471476
5212,44.0,0.12781960839079456,0.138007446955697,0.19934421520810244
5212,45.0,0.12267672409849091,0.1327909358805666,0.19357070118344666
5212,46.0,0.1205041042186912,0.13053210065297682,0.18954118004399412
5212,47.0,0.11771980470505837,0.12761402508440559,0.18412869464841078
5212,48.0,0.11691460335534004,0.12668295986809458,0.18087903569428257
5212,49.0,0.1131097662577077,0.1225917242281195,0.17517499602583228
5212,50.0,0.1082793022960425,0.11767605538949574,0.16793108510126592
5212,51.0,0.10658040389916763,0.11607663261689792,0.16359560346626784
5212,52.0,0.10431591145440974,0.11356428104325207,0.1603207090293379
5212,53.0,0.10173441357562693,0.11078576192759601,0.15714763117901975
5212,54.0,0.09809522281691246,0.1067186554730658,0.15366626560954244
5212,55.0,0.09386391317858214,0.10222297395045782,0.14965825156555856
5212,56.0,0.08972925666783664,0.09797974889767493,0.14450735721405147
5212,57.0,0.08637048815988717,0.09452294231770875,0.14097575449352645
5212,58.0,0.08454818146562298,0.09264872656508488,0.13760688721990372
5212,59.0,0.0831943029882161,0.09131961099594943,0.13519944779819879
5212,60.0,0.08145581681336561,0.08979532607544849,0.1327958120664283
5212,61.0,0.07939484518994493,0.08779282403879159,0.13034492986765678
5212,62.0,0.07675277898559177,0.08509402107648972,0.1270781999849497
5212,63.0,0.07438127266499485,0.08272751150838524,0.1242631416881468
5212,64.0,0.07113570486994587,0.07941646688985599,0.12092009707364564
5212,65.0,0.06990942675381939,0.07818533526173214,0.11923895261310805
5212,66.0,0.06776817369734855,0.07617341459885481,0.11646262240563116
5212,67.0,0.06588027642622514,0.07441510532118288,0.11508260932729705
5212,68.0,0.06361661628523436,0.0721538448744291,0.11324995716561398
5212,69.0,0.06143308975572035,0.06991597318817101,0.112018981939864
5212,70.0,0.06034389543465998,0.06878237897454718,0.11108371224242722
5212,71.0,0.06057541582164027,0.06896576619689226,0.1112877274841841
5212,72.0,0.059824708506391794,0.06828181221868301,0.11135665298101971
5212,73.0,0.058647888628585366,0.0670322193754589,0.11090337496556117
5212,74.0,0.05682704158673306,0.06520058950534476,0.11082375437530351
5212,75.0,0.05214335123320924,0.060411118325914115,0.10876486664033108
5212,76.0,0.049157315292641286,0.057318959513776184,0.10921972256122121
5212,77.0,0.046882089272638504,0.055010749858498166,0.10949662632436344
5212,78.0,0.04536456757050614,0.053375909049541995,0.11042011965683145
5212,79.0,0.04373801080578276,0.05179706168710174,0.11202659907351148
5212,80.0,0.04179516073884891,0.04971967629655184,0.11251622413544336
5212,81.0,0.038918476404269375,0.04662392477672126,0.11197400684285194
5212,82.0,0.03878426291009237,0.0464105408907202,0.11255484801393716
5212,83.0,0.03628211765549781,0.04391750787424161,0.11345979928466096
5212,84.0,0.03622127110911796,0.043725570696084445,0.11506363357674007
5212,85.0,0.03522685934208091,0.04266453620350826,0.11599564962577588
5212,86.0,0.0341875333791564,0.041532000360118164,0.11698282681943978
5212,87.0,0.03312080849311463,0.04020470291265927,0.11843275898941434
5212,88.0,0.03204275907744742,0.03897884718218377,0.11928600572483376
5212,89.0,0.032375139907509634,0.03906919690941336,0.12017720587312633
5212,90.0,0.031626881205590984,0.03816285255226362,0.12127219954898284
5212,91.0,0.031175546133238086,0.03769339331908162,0.12202686733138297
5212,92.0,0.030513070963501667,0.03691217476108717,0.12245119673573077
5212,93.0,0.02927472210957631,0.03545662213723369,0.12263728194285009
5212,94.0,0.028180444752286156,0.03419118241778898,0.12311906625956533
5212,95.0,0.02732565905080214,0.033096255264661215,0.12365351039427883
5212,96.0,0.026635523292923464,0.032173398319481177,0.12394770802886566
5212,97.0,0.025848610283654132,0.031071699939284433,0.12429308719614118
5212,98.0,0.024729871135617986,0.02962689975941211,0.12495648645199771
5212,99.0,0.024451639275656058,0.029140552486104296,0.12558348217667314
5212,100.0,0.024478111221273992,0.029075929109048416,0.12610752219110768
5213,0.0,2.9066038639870517,5.408116675855963,6.564657815288973
5213,1.0,0.5988121038776035,0.6545309893535599,1.506964451780239
5213,2.0,0.5086672303963686,0.5411690939212067,1.3548815845182338
5213,3.0,0.46814758516000265,0.47803635911840425,1.2719120817019443
5213,4.0,0.43327181362906636,0.43323549352861435,1.1927560196755644
5213,5.0,0.4028441289946211,0.3964044287744128,1.1203151955061172
5213,6.0,0.37939487143017203,0.369968761393197,1.0596177464961662
5213,7.0,0.3614428843944042,0.34970680943007837,1.0149865442414865
5213,8.0,0.346182203153021,0.3322282681884694,0.9733220128293814
5213,9.0,0.33134204579546456,0.3154077469680826,0.9342024641832092
5213,10.0,0.31717637075570887,0.3001311403588151,0.8976473686972986
5213,11.0,0.30180754657157527,0.2849006950994235,0.8564534139770181
5213,12.0,0.2895451991099178,0.2699901139941419,0.822719353951271
5213,13.0,0.2805100510129504,0.25973236514578524,0.7968257788948362
5213,14.0,0.2683761324403069,0.24817646308141816,0.7642181030796859
5213,15.0,0.25794277083037187,0.2379336199007146,0.7356472080040972
5213,16.0,0.2488518879852303,0.22943060163379475,0.7113622354643766
5213,17.0,0.24102056374548622,0.22245125464706858,0.6880732155193842
5213,18.0,0.23623882205542898,0.21743713058311523,0.675950749225272
5213,19.0,0.23314207623614355,0.21438454520491743,0.6655202586184296
5213,20.0,0.22881805836660374,0.20978981901412794,0.6538212457860032
5213,21.0,0.22386030411514504,0.20475159887317515,0.6395355763960533
5213,22.0,0.2181897064722872,0.19930414651927628,0.6227286557062182
5213,23.0,0.21019900540144884,0.19179521467902783,0.5996656316833219
5213,24.0,0.2056320303637942,0.18755438970580543,0.5871980110609912
5213,25.0,0.20096473082613467,0.18320010153259508,0.5722029562174814
5213,26.0,0.19776304115105195,0.18028801033230943,0.5622323777626222
5213,27.0,0.19498486154279926,0.17779837544300073,0.5535206724077752
5213,28.0,0.19069523132180308,0.17391886634541015,0.5417732620127694
5213,29.0,0.18550059852364348,0.16921209780783006,0.5261663783620336
5213,30.0,0.1796909916080071,0.16390895845194345,0.5103499509404275
5213,31.0,0.1746369983197131,0.15931935759491753,0.4954783045836704
5213,32.0,0.16924552668775444,0.15439806542586965,0.47902222086029955
5213,33.0,0.16490477875177018,0.150470261287338,0.4664487301294081
5213,34.0,0.16062469936520993,0.14657454506504033,0.45476029363559595
5213,35.0,0.15722614623269796,0.14353008104080217,0.44352212810409897
5213,36.0,0.15312413958291674,0.13974785585508803,0.4334562600577786
5213,37.0,0.14990987089967456,0.1368525431906223,0.4238535487170241
5213,38.0,0.14691048382694913,0.13420694433257135,0.41309626632739727
5213,39.0,0.14468367831102616,0.13231510894975898,0.40505846909861004
5213,40.0,0.14118447096335188,0.1292019302146479,0.3934756450841565
5213,41.0,0.13708751009169698,0.12548085277950394,0.3813433733984958
5213,42.0,0.13423168302365376,0.12284691050588611,0.3741125063503563
5213,43.0,0.1292188702978064,0.11815451953057962,0.36021467036714805
5213,44.0,0.1254750356332232,0.11467692719517733,0.3489396678328906
5213,45.0,0.122260583341904,0.11172019231221147,0.3401318373065838
5213,46.0,0.11920214757358438,0.10897021940859135,0.3298622597203747
5213,47.0,0.11759748783608268,0.10759798503267629,0.3224847595412362
5213,48.0,0.11570539517132315,0.10592296790375204,0.31605765025137017
5213,49.0,0.11311397179368235,0.10352328056832419,0.3099189052998436
5213,50.0,0.1106635896234293,0.10139076294290802,0.30156697694488066
5213,51.0,0.10898845261013035,0.09990764962696373,0.2958941143421216
5213,52.0,0.10706214563129328,0.09820266531385059,0.28959333571380935
5213,53.0,0.10519452848433201,0.09662505931101065,0.28250186536035476
5213,54.0,0.1029321435327413,0.0945492683467307,0.27641411696339896
5213,55.0,0.10173455594693488,0.09349013502187063,0.2723620548993643
5213,56.0,0.10022006234711468,0.0920518643368033,0.2684490175080093
5213,57.0,0.09931489330497892,0.09128294855832013,0.2648393416463112
5213,58.0,0.09818219311125985,0.09032630395884657,0.2608083307189879
5213,59.0,0.09591920138920186,0.08816066405806888,0.2560457428984928
5213,60.0,0.09535241475024009,0.08766876545599545,0.25456355754137583
5213,61.0,0.09357293141595106,0.08603240809676224,0.24964512559530228
5213,62.0,0.09235523721853038,0.08493612059811782,0.2461302441778429
5213,63.0,0.09030731366524211,0.08302093482907474,0.2407742127363635
5213,64.0,0.08870278137765507,0.08149283029861137,0.23747154619542568
5213,65.0,0.08719676132773035,0.08011479457777168,0.23306398960030875
5213,66.0,0.08568725628653547,0.07873429777682213,0.2284038640838481
5213,67.0,0.08494623451214325,0.07812438116094772,0.22561810917946076
5213,68.0,0.08407457879088844,0.0773351346905987,0.22336987462652536
5213,69.0,0.08243355283679764,0.07577470753968327,0.219589857983569
5213,70.0,0.08103470949251831,0.07461629539563155,0.21409196654236495
5213,71.0,0.07982485725745263,0.0735574627498241,0.21088313691126764
5213,72.0,0.07865980465967744,0.07256042033801967,0.20708498443214565
5213,73.0,0.07752161994549873,0.07149386824138465,0.20459300376631986
5213,74.0,0.07604106409474372,0.07015358832196539,0.2004481015303953
5213,75.0,0.0752862431619941,0.06943625447729598,0.19864923063784795
5213,76.0,0.07421647726091048,0.0684272617735239,0.1961762752650103
5213,77.0,0.07357126059912607,0.06782912436918212,0.19479485810061586
5213,78.0,0.07279388932343459,0.06710498105538022,0.19320576438873366
5213,79.0,0.07278053309209509,0.06717742464162975,0.19277467527008138
5213,80.0,0.07193071997690798,0.0663661779171753,0.19107567953118326
5213,81.0,0.07104920405453471,0.06557063306613341,0.1888474315759431
5213,82.0,0.07020346120299907,0.06481631207474847,0.18657988122722552
5213,83.0,0.06998392883405248,0.06468634873420696,0.1855876711210918
5213,84.0,0.06898590713081616,0.0637603731513323,0.18327222950953262
5213,85.0,0.06833360330161421,0.06319943681586444,0.18106851151803888
5213,86.0,0.06734061124337436,0.0622843855344531,0.17817890956538204
5213,87.0,0.06617769307677919,0.0612013495322643,0.17541865386538685
5213,88.0,0.06522303665976185,0.060277771076508634,0.17348481244700442
5213,89.0,0.0648667579316616,0.06002400030561347,0.17190972831107573
5213,90.0,0.0641205954365051,0.059361007076911575,0.16948772444964733
5213,91.0,0.06266014734391201,0.05796484417090292,0.16615155668756246
5213,92.0,0.061797337104032304,0.057119820957818535,0.16408316921669192
5213,93.0,0.06017234205270257,0.05554910780839382,0.16058559284278776
5213,94.0,0.05898458749931956,0.054419934163997805,0.15762074164716103
5213,95.0,0.05814944184605183,0.053626788365884366,0.15575501205040476
5213,96.0,0.057563142040661916,0.05310283934397309,0.15396835068143613
5213,97.0,0.05673440346982769,0.052320217099454364,0.15213147326437715
5213,98.0,0.056221339866245904,0.05190337208138529,0.15022321184460413
5213,99.0,0.055787506761727675,0.05152032932883953,0.14926704257564105
5213,100.0,0.05542448599062501,0.05119913343043052,0.14835690362136694
5214,0.0,2.9066038639870517,5.408116675855963,6.564657815288973
5214,1.0,0.5968844284075356,0.6446211369628543,1.5761601393036515
5214,2.0,0.5383212726569362,0.581319637902587,1.4527231929554931
5214,3.0,0.49058116602815355,0.5069301312640514,1.3665955734037516
5214,4.0,0.4623899359485759,0.47366473518154817,1.3032298094186368
5214,5.0,0.4463325711584564,0.45391500703699333,1.259967551891119
5214,6.0,0.4230374140265818,0.4231152952598687,1.2006469678735694
5214,7.0,0.40526414344770834,0.3989610455801297,1.1508627438631769
5214,8.0,0.39111502341192833,0.38149466481197497,1.1146312790419723
5214,9.0,0.378746934388526,0.36654035656508166,1.0833014099132723
5214,10.0,0.3675580652856542,0.3521453112667094,1.0522724333514495
5214,11.0,0.3548319787275835,0.33781726631175724,1.018296145010336
5214,12.0,0.34000888936543583,0.32136256077816283,0.9776240683113882
5214,13.0,0.32859128231315493,0.3081826307183224,0.9441928029809186
5214,14.0,0.31920123744958623,0.29590207968376975,0.9142969452555674
5214,15.0,0.31040494251200235,0.28612017441033316,0.8882228019103421
5214,16.0,0.30401849504630674,0.27892698208379996,0.8693762482623134
5214,17.0,0.29710380330349123,0.27186465642897284,0.8489103395412521
5214,18.0,0.29062152140408254,0.26543985748665394,0.8289233268379962
5214,19.0,0.2847467678594628,0.25972805428571455,0.8098124704598801
5214,20.0,0.2800191686027888,0.2552529256258938,0.7920680239768602
5214,21.0,0.2733068011263628,0.24911449475737574,0.7711193712678985
5214,22.0,0.2664092224966957,0.24288958886677797,0.7477903461078858
5214,23.0,0.25999402011636547,0.2371534994177286,0.7270762178252866
5214,24.0,0.25213546330473263,0.23008191062917835,0.705485433155013
5214,25.0,0.2467932727511601,0.22527215609044912,0.6907591001692625
5214,26.0,0.2404473125330113,0.21958458503694067,0.6711318968129057
5214,27.0,0.2356424239837451,0.21541938665793275,0.6551938630760684
5214,28.0,0.23079665888758963,0.21115221095023268,0.640356808671941
5214,29.0,0.22711274701941014,0.20790440435571367,0.6305245507182484
5214,30.0,0.22430176484823697,0.205544816022984,0.6210610573425334
5214,31.0,0.22058781713083433,0.2024056669535559,0.6076193202468069
5214,32.0,0.21447119084569594,0.19681773961285345,0.5915885116078677
5214,33.0,0.20925584819680582,0.19209735586029233,0.5769649793199916
5214,34.0,0.20442956496293946,0.18780011037079108,0.5611785725751487
5214,35.0,0.19938004938574055,0.1831357248082811,0.5484333399532113
5214,36.0,0.19283064408401637,0.17699921529037954,0.5320401398022748
5214,37.0,0.1888766125533874,0.1734648537736069,0.5185425329429585
5214,38.0,0.1856101557370609,0.1706709620458741,0.5046826304191437
5214,39.0,0.18163413817577112,0.16718273000302916,0.4901280604425237
5214,40.0,0.17687652266307013,0.16280630095132767,0.4764445343424538
5214,41.0,0.17194133397086153,0.15834393478147726,0.46246831430332935
5214,42.0,0.16923278383579726,0.15598600448617328,0.45326463623002844
5214,43.0,0.16736046787336983,0.15437481023200683,0.446074197039962
5214,44.0,0.16369296365175906,0.15097297377004615,0.43530062356691135
5214,45.0,0.1591026177533308,0.1465959980723087,0.4243494070355131
5214,46.0,0.1547616033901315,0.14244757755236293,0.4137698489054513
5214,47.0,0.15072693009170582,0.13876074399993407,0.4024505071618419
5214,48.0,0.14830534987852212,0.136638077823678,0.39308908231906614
5214,49.0,0.14571106202771525,0.13432172484510388,0.3849331770036816
5214,50.0,0.14345943987241697,0.1325035323685714,0.3749808883110451
5214,51.0,0.13932661141104158,0.12876944658682948,0.3626549403722455
5214,52.0,0.13781879548690137,0.12756773591517895,0.3555555958753077
5214,53.0,0.13508284781060662,0.12515716340899455,0.34695214293279447
5214,54.0,0.13197493831647591,0.12234389680522814,0.338424154527409
5214,55.0,0.129491132553485,0.12014366737432142,0.3315299856485985
5214,56.0,0.12695778397642196,0.11801220020061333,0.3218306357347503
5214,57.0,0.125901268851059,0.11736257108546484,0.3157180135927883
5214,58.0,0.12383517631141674,0.11565372613560937,0.3079301345246544
5214,59.0,0.12114948379908325,0.11323242588074267,0.2999360373241025
5214,60.0,0.1176530172912482,0.11003977807100426,0.289032021838158
5214,61.0,0.11484782306331952,0.10741634366024667,0.2812771210888663
5214,62.0,0.11243034929347344,0.10518964939833023,0.2737985004492669
5214,63.0,0.11118598581889623,0.10421989687056893,0.268008395660225
5214,64.0,0.10921930673340814,0.1024634371202511,0.2615372687353967
5214,65.0,0.10757976394763322,0.10094004409261823,0.2570726147720995
5214,66.0,0.10563912253795044,0.09928394338185884,0.2504473880459334
5214,67.0,0.10396787020278302,0.0978624108738753,0.24470001697803953
5214,68.0,0.10246093078560656,0.09652860508669282,0.23894867499394695
5214,69.0,0.1014597510982185,0.09586623448115701,0.232888877756912
5214,70.0,0.09976227518798313,0.09420840187970292,0.22904159788206596
5214,71.0,0.09820624750702096,0.09282602224096445,0.22440487314851124
5214,72.0,0.09534045698643887,0.0900406519410435,0.21927369269583102
5214,73.0,0.09383357425756005,0.08857908568224239,0.21654959868012352
5214,74.0,0.09159090529879421,0.08634981176781147,0.21228615428929126
5214,75.0,0.08834124570403976,0.08319070986773877,0.20617294885409654
5214,76.0,0.08658942064538726,0.08151980456120735,0.20309962419233354
5214,77.0,0.08506476534351239,0.0801100986146754,0.19898554560144233
5214,78.0,0.08324252632381708,0.07835130139052063,0.1952298830642251
5214,79.0,0.08082643453232093,0.0759290570317984,0.19170978451951068
5214,80.0,0.07802784134621199,0.07318830597084762,0.1866884770294286
5214,81.0,0.07554889336272691,0.07069225095649902,0.18360163823752448
5214,82.0,0.07344513481404312,0.0685754572565658,0.18029334693798724
5214,83.0,0.07101844830288231,0.06618494760054701,0.17624096622105156
5214,84.0,0.06929092484521816,0.0645567244505063,0.17301672965797005
5214,85.0,0.06743045399088499,0.06273942285183962,0.1696946255916731
5214,86.0,0.06627735878697147,0.06160497188948011,0.16755721870988385
5214,87.0,0.06513409594751815,0.06053330952389285,0.16478411945455193
5214,88.0,0.06433838534297792,0.05979944449452149,0.16282130691096927
5214,89.0,0.06387282579581,0.05944702772159739,0.16056715746100242
5214,90.0,0.06219991080188477,0.05786897915435795,0.15674710734475839
5214,91.0,0.05970366304746278,0.055426354800735836,0.1527122456808149
5214,92.0,0.05816396243966859,0.0539161782357624,0.15003725169714477
5214,93.0,0.05794602191481573,0.0537110924902741,0.1492715916897471
5214,94.0,0.057659284701486256,0.053435741663321046,0.14843898757009544
5214,95.0,0.05662088299550123,0.05247733502706688,0.14568780558364655
5214,96.0,0.05604353727367763,0.0519550181749327,0.14394704154212115
5214,97.0,0.05507953599789821,0.05107985292087424,0.1417660054915488
5214,98.0,0.05407190168270025,0.050142623013490456,0.13929247615010307
5214,99.0,0.052020890216861876,0.04815297688591565,0.13642374146135225
5214,100.0,0.05097037295281812,0.047142747577463395,0.13414131551763314
5215,0.0,2.9066038639870517,5.408116675855963,6.564657815288973
5215,1.0,0.635681941549866,0.7098014042566991,1.4790543070699433
5215,2.0,0.5283065955558345,0.5878966241304403,1.2928754409063177
5215,3.0,0.4675514088902684,0.5084744263917729,1.180468496025996
5215,4.0,0.4211302704722914,0.4530648515666153,1.0838773155325951
5215,5.0,0.38822218308648926,0.4182947922195737,0.9895587309660547
5215,6.0,0.36200888356948424,0.38938668292075057,0.9258942218975768
5215,7.0,0.3429503318983084,0.3661310112614533,0.8759727074550893
5215,8.0,0.33066070082881627,0.35068446284714017,0.841708657036942
5215,9.0,0.315158600095329,0.33137075723195786,0.8086453812400003
5215,10.0,0.30208511981276026,0.31647496003578707,0.7649297798159629
5215,11.0,0.28869897454179166,0.30067231536059974,0.7286554747013028
5215,12.0,0.279273676668951,0.2881344040610729,0.7042876020281253
5215,13.0,0.2682681212300417,0.2743579951245758,0.6819499003891872
5215,14.0,0.25845146191852036,0.26231959337959154,0.6530481426229492
5215,15.0,0.24793307930518407,0.24927008452531402,0.6271356582686953
5215,16.0,0.23876510272425638,0.23870730074592245,0.6024491280719693
5215,17.0,0.23296877663858861,0.23147581015097057,0.5906099175751356
5215,18.0,0.22851734460450177,0.22634386178338017,0.5752290113222405
5215,19.0,0.22223169395699632,0.21916770041560807,0.5589605251366874
5215,20.0,0.21457830037480954,0.21114530623568065,0.5426642775434904
5215,21.0,0.207029641687902,0.20309868200129166,0.5250874657435494
5215,22.0,0.2000552538141537,0.1964365925500574,0.50374443775088
5215,23.0,0.19515597712596827,0.1925159589108867,0.48775013476173934
5215,24.0,0.19205653625514343,0.19029595321061804,0.4722305015418008
5215,25.0,0.1856757671319708,0.18345136053638805,0.45666123664177755
5215,26.0,0.18281460254271378,0.1804609198988051,0.44524825119439093
5215,27.0,0.17840709562938936,0.1761766714464298,0.4311366448491335
5215,28.0,0.17440539829089396,0.17218213570198548,0.4182519981639744
5215,29.0,0.16813637243377902,0.16560966112283065,0.4031193728745875
5215,30.0,0.162851540310066,0.15962284761508858,0.392877895347242
5215,31.0,0.1597068520183022,0.15651812001192608,0.3840657797523464
5215,32.0,0.1532770271951795,0.15024150071010728,0.3685415757682704
5215,33.0,0.15058624253246541,0.14753486709394198,0.36135699689781364
5215,34.0,0.1453059096856303,0.14237243333592886,0.34705742090251007
5215,35.0,0.1405234408784309,0.13766292946309577,0.3351488811177265
5215,36.0,0.13664005297457718,0.1339083054939587,0.32424689456987915
5215,37.0,0.1331087765178543,0.13069017351861087,0.3134638392563806
5215,38.0,0.1305241562324188,0.12810878061448247,0.30568510527886
5215,39.0,0.1287702536457042,0.12654788645556156,0.29956979117864396
5215,40.0,0.1249300533213298,0.12275582541508374,0.2913273102333468
5215,41.0,0.12172483619207498,0.11977369889423817,0.2820803393335191
5215,42.0,0.12116760924130786,0.11966632378448366,0.27426734850579215
5215,43.0,0.11990195093275154,0.11849622476148917,0.2686836950269933
5215,44.0,0.11863258409693266,0.11749422400328267,0.26143917773845476
5215,45.0,0.11652125858755098,0.11544562940266498,0.255028095301561
5215,46.0,0.11509414950440229,0.11425229255316532,0.2488365796086555
5215,47.0,0.1130437622492097,0.11220251927180919,0.24372289973960307
5215,48.0,0.10937865478241714,0.10837570763109061,0.23805902416785196
5215,49.0,0.10569374797387492,0.10463387352128975,0.2298240877830015
5215,50.0,0.10166498903421747,0.10059519353307327,0.22105202739194954
5215,51.0,0.09853143484102785,0.09743471961429055,0.21421402030415598
5215,52.0,0.09546706138570062,0.09429030023984908,0.20751764688543256
5215,53.0,0.09345534762998002,0.09221089723843652,0.20238613117335486
5215,54.0,0.09112636518083914,0.08988232853054409,0.19719196277397297
5215,55.0,0.08984179369181654,0.08883286707507568,0.19112243040063184
5215,56.0,0.08721449763350765,0.0862277318559532,0.18570786846628667
5215,57.0,0.08408509080207296,0.08305242220307289,0.17943940310177048
5215,58.0,0.08011940119792693,0.07900773713277266,0.17247574164615703
5215,59.0,0.07811891641369753,0.07698348650469804,0.16844219031856902
5215,60.0,0.07414066346421416,0.07302052928741999,0.16161152513426352
5215,61.0,0.07177707789798049,0.07081717354512207,0.1568316977058427
5215,62.0,0.06978479754668772,0.06897585461098849,0.1515092622536242
5215,63.0,0.06806883820642053,0.06739679898519764,0.14757149232557457
5215,64.0,0.06586301495391468,0.06527491631560596,0.1433908253255521
5215,65.0,0.06439531843763475,0.06387409449944646,0.14002127967065547
5215,66.0,0.062484667713686944,0.06205151952534481,0.13688277588656908
5215,67.0,0.060781970411689534,0.06027571079126512,0.13446869051116708
5215,68.0,0.05873464043045612,0.05817828202626678,0.13107018462832296
5215,69.0,0.05841046591351788,0.05802210384541021,0.12845326534726376
5215,70.0,0.05712840222161529,0.05694510059050107,0.12497923142940867
5215,71.0,0.0548819437383195,0.05485866922573652,0.12082556638595725
5215,72.0,0.05395055338181583,0.0540568608061693,0.11835577587960873
5215,73.0,0.052967416474947245,0.053077506599501535,0.11595424209589968
5215,74.0,0.051922829107068545,0.05201791017403354,0.11459196067720173
5215,75.0,0.050562160270580796,0.050758092212894755,0.1123128289016076
5215,76.0,0.049232971636413665,0.04951032084427849,0.10987400499254978
5215,77.0,0.04827829396684825,0.048552466339522496,0.10819121519662082
5215,78.0,0.04644871830078478,0.04673689499880418,0.1054991406578084
5215,79.0,0.04487422179996437,0.04525240011964193,0.10339563332163115
5215,80.0,0.043448949059109294,0.04380975971186611,0.10139339419152218
5215,81.0,0.04162959207563792,0.041979221904610606,0.09927609286620119
5215,82.0,0.04040668809833592,0.040864543466645795,0.09715395252512984
5215,83.0,0.03870056321731655,0.03903914978253564,0.0955992261801906
5215,84.0,0.03783473279235103,0.03832743413402821,0.09417781651335624
5215,85.0,0.036359869883588136,0.03685913864662359,0.09251641989839499
5215,86.0,0.03520724139610803,0.03562857206967959,0.09155793704957943
5215,87.0,0.03475445989998175,0.03525278689891481,0.09049885219614451
5215,88.0,0.03437859269739561,0.0349137875454152,0.08959399208236776
5215,89.0,0.03364638151808585,0.03424227950312106,0.0883394071005595
5215,90.0,0.032717957942315995,0.03338474714073607,0.08748062671738606
5215,91.0,0.032237286621600844,0.03305082374387129,0.0874032959233425
5215,92.0,0.03203212973817564,0.03295418331941467,0.08749058123606308
5215,93.0,0.031527094681495164,0.03249633148265422,0.08759289724798186
5215,94.0,0.03163459841137116,0.03272965707546339,0.08713833103690342
5215,95.0,0.03180339838294897,0.033006852375454226,0.08687836651881244
5215,96.0,0.031512277915601704,0.03273538275540935,0.08641352346809483
5215,97.0,0.031185067634169027,0.03248884055748018,0.08545540602947659
5215,98.0,0.030356585035329516,0.031690558937359725,0.08484224695850022
5215,99.0,0.029983695165601516,0.031406616438341355,0.08428956302557769
5215,100.0,0.028967120682391507,0.030245955090401056,0.08342097438443966
5216,0.0,2.9066038639870517,5.408116675855963,6.564657815288973
5216,1.0,0.5606397042115637,0.5934892192906793,1.4737968888300412
5216,2.0,0.4869299045188297,0.5000098465169953,1.3236042671208874
5216,3.0,0.4437775090335334,0.44096905451523816,1.2269322182006155
5216,4.0,0.4011782472841293,0.3928072515280853,1.1187960835668167
5216,5.0,0.36673699639052365,0.3578431573822364,1.0405264991885341
5216,6.0,0.34504125011454195,0.33405636829557167,0.9869493746532715
5216,7.0,0.32195846515426063,0.3095504273324658,0.9276746187230687
5216,8.0,0.30555271318628585,0.2907353142167577,0.8785305029825126
5216,9.0,0.2955770056522612,0.277687298154552,0.847375050594539
5216,10.0,0.2893469864540289,0.2686432530871019,0.8202755061677334
5216,11.0,0.283315675586595,0.2609440558984818,0.7972242274375962
5216,12.0,0.2724106058488583,0.24983304859032993,0.7655982089290723
5216,13.0,0.2671534072243483,0.2443507456998015,0.7401655809101517
5216,14.0,0.2609789540811477,0.23847006818527292,0.7200138444445138
5216,15.0,0.2578012275019868,0.2353688860511093,0.7070173342114218
5216,16.0,0.2501498722116965,0.2283900614189729,0.6844712368431909
5216,17.0,0.24211729209069044,0.2211567324849401,0.658461524376621
5216,18.0,0.23474935784596657,0.2145897498062563,0.6371477290326522
5216,19.0,0.23102670114643606,0.21144562300860464,0.6242519405715169
5216,20.0,0.23089595872509483,0.21168809083460277,0.6188129739542316
5216,21.0,0.23051263585137868,0.21169705874042796,0.6121862057305629
5216,22.0,0.22736873493515822,0.2089498056491886,0.6039250422673588
5216,23.0,0.2249703989052143,0.20681598562393397,0.596748068670339
5216,24.0,0.22430109125279565,0.20648110991884194,0.5932603167479757
5216,25.0,0.22077456247108396,0.20329507212005957,0.5830804639056308
5216,26.0,0.21735419569615988,0.20021220385237548,0.5746703320403577
5216,27.0,0.21347444568468388,0.19672576243993725,0.5663176390400544
5216,28.0,0.20711210562627225,0.190767294176926,0.5536934106807231
5216,29.0,0.20550557547085274,0.18951419113016504,0.54781104397119
5216,30.0,0.2025768917996373,0.18679514509827638,0.5424400621192682
5216,31.0,0.19717597364969627,0.1815964876779502,0.5321956174236251
5216,32.0,0.19168242868233745,0.17640972320131004,0.5205569586429767
5216,33.0,0.1899373785273064,0.17498104570609885,0.5135509470163544
5216,34.0,0.18693449792180986,0.17227954402142268,0.504924477132907
5216,35.0,0.1834263079523672,0.16904242084785503,0.49522106622149714
5216,36.0,0.18098463321932273,0.16680561843827976,0.48956154325258555
5216,37.0,0.1809634545005536,0.16703294353476336,0.4862920644980896
5216,38.0,0.1798849423034515,0.16631114396176044,0.4802711471763321
5216,39.0,0.18005733798487739,0.16668584993482266,0.47704835772226406
5216,40.0,0.17813606957030648,0.16498045752403248,0.4715402480172919
5216,41.0,0.17613911700162566,0.16322207116186893,0.4659501627311852
5216,42.0,0.17358808809612025,0.16082656579846474,0.46048297178652814
5216,43.0,0.17191747292234572,0.15925855340639125,0.45702948174946634
5216,44.0,0.1702019934341889,0.1576261971633473,0.4529157682427004
5216,45.0,0.16903675720980926,0.15664581745273237,0.44795004900561813
5216,46.0,0.16822670171166837,0.15598517408623122,0.4450423764823145
5216,47.0,0.1674628333683881,0.1554325555189645,0.4406372514279245
5216,48.0,0.1666939734814149,0.1550044362561443,0.4350313850048549
5216,49.0,0.16518528010584763,0.15365882936899167,0.4309598673031478
5216,50.0,0.16308965820148144,0.151725845227176,0.4263726175872975
5216,51.0,0.16266707577798162,0.1514725625667241,0.4235140811775992
5216,52.0,0.1617315079925137,0.15077219751681672,0.4192012193587427
5216,53.0,0.16066345938035104,0.14996771232743397,0.41392630812266396
5216,54.0,0.1594071495305561,0.14889498867121034,0.40925650957126064
5216,55.0,0.15943760654081765,0.14917144164669488,0.4059079498781523
5216,56.0,0.15964629268007238,0.14958513724788924,0.40479620417770534
5216,57.0,0.15921178689875273,0.14931742480248802,0.4022743724816446
5216,58.0,0.15911236309609683,0.14940573421327236,0.39978898833913096
5216,59.0,0.15865250247714321,0.14905692874928006,0.39819250561372393
5216,60.0,0.15730898660404846,0.14785420473660668,0.39404885378982063
5216,61.0,0.15541116550749073,0.14602433674753162,0.3886161282249733
5216,62.0,0.1538151836547803,0.14461290401701468,0.38330705071493953
5216,63.0,0.15237632911615737,0.143330402658315,0.37932340216151617
5216,64.0,0.1507963048540923,0.141935863421944,0.37331198203150684
5216,65.0,0.1493971229887396,0.14069263810775803,0.36924298564338454
5216,66.0,0.14708074276433777,0.13847798328373107,0.3639744930493668
5216,67.0,0.14472789163701158,0.13626899089542288,0.3580340308854481
5216,68.0,0.14287963049714428,0.13456330490426988,0.35247619397630436
5216,69.0,0.14055051893732903,0.13245576575590298,0.34510425726125826
5216,70.0,0.1382103014360427,0.13028988450475698,0.33829005446156063
5216,71.0,0.1367214868389196,0.12898663951370384,0.3328409915013586
5216,72.0,0.1354313052362339,0.12786855242669437,0.32756244415676905
5216,73.0,0.1341540202923087,0.12671608384916278,0.3234037291783212
5216,74.0,0.13116835705838825,0.12384086785673683,0.3162907220089568
5216,75.0,0.12910750882191305,0.12187146951422963,0.3106361546277642
5216,76.0,0.12796231675263423,0.12083497543148979,0.3071002354835005
5216,77.0,0.1269509532167074,0.119928005497354,0.30374583865454996
5216,78.0,0.12454035207865904,0.11766691054158923,0.298428404254766
5216,79.0,0.12380008483431522,0.11711204434177962,0.2953342765334243
5216,80.0,0.12153155210869157,0.1149314623908755,0.29108498949214434
5216,81.0,0.12003447201034767,0.11352068472172212,0.28779197338816953
5216,82.0,0.11810696691248591,0.1117192732913805,0.282958633326519
5216,83.0,0.11694023466828532,0.1106599815435225,0.2800340199368065
5216,84.0,0.11534803784900476,0.10916065002014431,0.27567559836099226
5216,85.0,0.11314150890921214,0.10701730545762954,0.2707380049395322
5216,86.0,0.1113313912237814,0.10533470116933429,0.26646064465187363
5216,87.0,0.11018498630110604,0.10428047941324715,0.2633058794207492
5216,88.0,0.108296880525262,0.10246554049849424,0.25942039300227276
5216,89.0,0.10713892675644951,0.10139824440153192,0.2562510050101028
5216,90.0,0.10635458255877309,0.10060778163099515,0.25477679864617697
5216,91.0,0.10516959761585926,0.0994773242128958,0.25149198913052667
5216,92.0,0.10362488638057829,0.09799877958885622,0.24779532769647883
5216,93.0,0.10245325054742285,0.09691694202514975,0.24436107763858136
5216,94.0,0.1020227494018808,0.09656611791316018,0.24279068950540994
5216,95.0,0.10142292710605501,0.0960547945414337,0.24027288446099093
5216,96.0,0.09993825168204633,0.09458180005716979,0.23702297894124816
5216,97.0,0.09793352259161689,0.0925679799244707,0.23323178662551428
5216,98.0,0.09564484197929712,0.09029875448143113,0.22895070502709833
5216,99.0,0.09402563221974972,0.08870766419259672,0.22583363181646748
5216,100.0,0.09338254460798207,0.08808652161207695,0.22453744115958768
5217,0.0,2.9066038639870517,5.408116675855963,6.564657815288973
5217,1.0,0.5889712158836834,0.6416097450977315,1.448206074520386
5217,2.0,0.5388090546665539,0.5559931753927096,1.314762435958279
5217,3.0,0.5501163074389821,0.5514867207544273,1.2319172781236343
5217,4.0,0.5451770149789059,0.5393624592429013,1.1670855943144591
5217,5.0,0.5363583529680656,0.5296882869557118,1.101735306850866
5217,6.0,0.5258205531724401,0.5173593613790884,1.0448459571953364
5217,7.0,0.5198895009905437,0.5092527438945835,1.0054587684552307
5217,8.0,0.5193148317523197,0.5082495912965812,0.9709578579958457
5217,9.0,0.5171852414894393,0.5063607716517983,0.9305447177046544
5217,10.0,0.5118537051737021,0.5004490093786876,0.9063170370606302
5217,11.0,0.49951739526100536,0.48756841788901484,0.8807450149166596
5217,12.0,0.494590642746569,0.4825701852116294,0.8602660979695931
5217,13.0,0.4843013624989217,0.4723881161190869,0.8373010731753185
5217,14.0,0.4802200600155757,0.4696069841684254,0.8177182808014207
5217,15.0,0.4737929775536548,0.46424887779425517,0.7962316810850818
5217,16.0,0.4705788276353424,0.461605805237993,0.7846944680051786
5217,17.0,0.4631010947602089,0.4544940812275538,0.7688566592098731
5217,18.0,0.45524329966095894,0.44718047832567903,0.7548318201206197
5217,19.0,0.45276164657997187,0.4450484340249294,0.7437381503013784
5217,20.0,0.45540744073524375,0.4486651859006368,0.7381549486632816
5217,21.0,0.45053530946694237,0.4447849078727029,0.7211517879203438
5217,22.0,0.4428173965046064,0.4375287944805756,0.7069658236079885
5217,23.0,0.4371700009300691,0.43265331932150525,0.6963793151330053
5217,24.0,0.43265314217451983,0.42891364747147204,0.6858199048564125
5217,25.0,0.42888845692646776,0.4255262157808581,0.6771534714747942
5217,26.0,0.42412297447041747,0.42108737462988294,0.6680550282014153
5217,27.0,0.4213325380306399,0.41865439503392726,0.6609560017754341
5217,28.0,0.4187939323489831,0.4163724966709576,0.6543383625898872
5217,29.0,0.4139680785231054,0.4118899588176444,0.6449232494249483
5217,30.0,0.40760923609047434,0.40568339360047007,0.6357062487005747
5217,31.0,0.4010628283021444,0.3992334147581139,0.6259987930923375
5217,32.0,0.39817063271747904,0.39645441602093934,0.6211780779534477
5217,33.0,0.3945651466438015,0.39318679731578365,0.6150325091572952
5217,34.0,0.3890657002877055,0.38804080087773074,0.605759968990654
5217,35.0,0.38658982288654037,0.38590206701489926,0.6003653935725551
5217,36.0,0.38169830425562506,0.38100861729575897,0.5935078570792348
5217,37.0,0.37644260964632303,0.37571004400740265,0.5850819142052213
5217,38.0,0.3713128259769158,0.3705347399669451,0.5763586804546763
5217,39.0,0.3669779973632994,0.36623616436080564,0.5688436281003101
5217,40.0,0.3627623998490324,0.36225855027407317,0.5599062485953663
5217,41.0,0.35770397452041547,0.357422104831704,0.5511688617811975
5217,42.0,0.35231432503098165,0.35218439336578883,0.5422685149200482
5217,43.0,0.34570290443248036,0.34577536237944634,0.5313316583497615
5217,44.0,0.3406678491695634,0.34085691468675583,0.5229493433260989
5217,45.0,0.33792160499956475,0.3382949516735741,0.5173290897377573
5217,46.0,0.3363407098722266,0.3368062024673507,0.5143028576419406
5217,47.0,0.33210920972576286,0.33276254439814357,0.5076461224911899
5217,48.0,0.32466044034509567,0.32532918164596614,0.4969947468135074
5217,49.0,0.3205972871381753,0.3212608429685979,0.4924010162356412
5217,50.0,0.3154644553995868,0.3161086152565924,0.48482377022901935
5217,51.0,0.31194432285120416,0.3126158045818856,0.4793616137519121
5217,52.0,0.3084869884987597,0.30914196330255184,0.47333766052030546
5217,53.0,0.30442997209858924,0.30493194536668516,0.46632414994565735
5217,54.0,0.298179879875367,0.2985298004294879,0.4568433781325411
5217,55.0,0.2942636826449854,0.29447497664452615,0.4496082398377884
5217,56.0,0.29104823706557564,0.29125495616757197,0.4434343988203444
5217,57.0,0.2883771716877322,0.28859944799311976,0.43869381191616047
5217,58.0,0.2841276820650678,0.28435234364536477,0.43149695165739843
5217,59.0,0.2788724225846948,0.27906675588891894,0.4226338098740304
5217,60.0,0.27538818634152634,0.275568745708025,0.41688469278506957
5217,61.0,0.27041082441065983,0.27062101971082875,0.410102587299879
5217,62.0,0.2654954623390064,0.2658666601939705,0.4020031488030156
5217,63.0,0.2636612417941298,0.26401597143157834,0.3984210686322965
5217,64.0,0.26197812782018437,0.2621909741653832,0.39448741645488344
5217,65.0,0.2590374779679651,0.2591727106038817,0.3889812924993579
5217,66.0,0.25555871378416445,0.2556867145572205,0.38339585318137026
5217,67.0,0.25301753084334017,0.253268445960076,0.37827278828710587
5217,68.0,0.24899583358400318,0.24922005361112448,0.37145915334473534
5217,69.0,0.24654634524711685,0.24684536467558063,0.36689300761342125
5217,70.0,0.2447228709937332,0.2451192362912762,0.3633681006386165
5217,71.0,0.24183598219912203,0.24233542215946557,0.3577627822877358
5217,72.0,0.23951213320668918,0.24010090747447138,0.3533318942916988
5217,73.0,0.23860712512683624,0.23926430550128916,0.3498359420921845
5217,74.0,0.23512539601291801,0.235808160884796,0.34424046513777457
5217,75.0,0.23165708560070036,0.23232864489510172,0.3396928098618695
5217,76.0,0.22794710539007826,0.22864166312549203,0.3336350327366156
5217,77.0,0.2252381048256383,0.22603062829099,0.3290843177749539
5217,78.0,0.22315580173848637,0.22395153198895676,0.3255212749358893
5217,79.0,0.22175114272378524,0.2224956740160022,0.3233152117964768
5217,80.0,0.21941476482158795,0.220164755509331,0.31915339216937266
5217,81.0,0.2158048633354431,0.21649425292252805,0.31437232307363083
5217,82.0,0.21191978170992676,0.21257438608695867,0.30923252855979516
5217,83.0,0.2115535792734966,0.2122120874679196,0.3073087762294883
5217,84.0,0.20902781192024522,0.20958998836700968,0.3026995192887368
5217,85.0,0.20527584262254678,0.20567307304270585,0.2977775349050613
5217,86.0,0.20129996409661025,0.20164499306013334,0.2919964538774792
5217,87.0,0.19747739963359898,0.1977975130529899,0.28658343893508836
5217,88.0,0.19577726076403162,0.19612358824730208,0.28436376190454477
5217,89.0,0.19171832656085339,0.1920330901864949,0.2795301569937581
5217,90.0,0.18872833436555886,0.18904178890072426,0.2755075151061247
5217,91.0,0.18551493190374224,0.18583730319778805,0.27068003579729855
5217,92.0,0.18237970849730742,0.1826733260425816,0.2671234089947762
5217,93.0,0.17987192236779073,0.18018991039005244,0.2629736194154671
5217,94.0,0.17715018923486575,0.17741121587212472,0.2594601789620343
5217,95.0,0.17597726871941982,0.17622983532465078,0.25695814565516056
5217,96.0,0.17394424772510536,0.17421016989458288,0.2533131038237651
5217,97.0,0.17326398138942126,0.17352480383896843,0.25143073564867746
5217,98.0,0.17095229227306338,0.17123377064258338,0.24758268647612952
5217,99.0,0.16983490187100467,0.1702089992408489,0.24498113210297065
5217,100.0,0.16830935268033867,0.16875874153669448,0.2424299820163565
5218,0.0,2.9066038639870517,5.408116675855963,6.564657815288973
5218,1.0,0.566898096359004,0.5963740910645551,1.5102323819237575
5218,2.0,0.5170570970240895,0.5163412126307698,1.3748876923825026
5218,3.0,0.4886353701121664,0.4748905011405305,1.3178238767850934
5218,4.0,0.45896682958606577,0.43720698414781084,1.2437163829245772
5218,5.0,0.430328226508856,0.40835840850211197,1.1754293818718706
5218,6.0,0.4130627591408034,0.38868378629633793,1.1323836217101706
5218,7.0,0.402188249973847,0.37501645059091687,1.1037150372836264
5218,8.0,0.3880554989192115,0.3592640867790699,1.0636166965089828
5218,9.0,0.3694676047434329,0.34196412321513575,1.0186110373762878
5218,10.0,0.3535423240021544,0.3271163935802005,0.9793084830230395
5218,11.0,0.3401707857036274,0.31483534499713395,0.9462325747011939
5218,12.0,0.32655255486652185,0.30199888189040797,0.9131700113494279
5218,13.0,0.3144430840075099,0.29011768112772046,0.8807631697472895
5218,14.0,0.305895065424287,0.28175255540258587,0.8574326234810131
5218,15.0,0.296375335659432,0.27202738917831554,0.8313703444201483
5218,16.0,0.2874191856368703,0.26368064653890294,0.8084888364939288
5218,17.0,0.2792616686111566,0.2564116742494715,0.7876982278377308
5218,18.0,0.27296992947180093,0.2506468664343639,0.7703854940667809
5218,19.0,0.2665176649584169,0.2449147389543383,0.7533075752066125
5218,20.0,0.2591693003126069,0.23832800612152474,0.732308129576231
5218,21.0,0.2527337941798883,0.23240862659035139,0.7160616176424506
5218,22.0,0.2464573901673106,0.22627668622034305,0.6995136242977534
5218,23.0,0.23995315195980474,0.22010825790118257,0.6815625902004512
5218,24.0,0.2335247881863731,0.214454548966009,0.6637201817713297
5218,25.0,0.22799873968004966,0.2093104568727015,0.6479231845659414
5218,26.0,0.22323388202123945,0.2049535616299032,0.6346147250671152
5218,27.0,0.2164072942962884,0.1987202195969093,0.6149796444932684
5218,28.0,0.21104059499309188,0.19396359769404078,0.5994935307103664
5218,29.0,0.20719990257152518,0.19061232801759695,0.5888770503897687
5218,30.0,0.20322801385278763,0.18734270480826912,0.5765183036957688
5218,31.0,0.19873865703076515,0.18351768224006956,0.5613131668763414
5218,32.0,0.19510347977058104,0.18029056421043033,0.549693737037011
5218,33.0,0.1927875746800182,0.17847592875622095,0.541700835457024
5218,34.0,0.18920070439745565,0.17533130289693635,0.5303492263143528
5218,35.0,0.18416704785843369,0.17085366341830854,0.5148516940884602
5218,36.0,0.18040069390632593,0.16758067452671102,0.5022990561296854
5218,37.0,0.17621266237124938,0.16372151034186058,0.48998609135985305
5218,38.0,0.1735338957380653,0.16143832855301904,0.48091077129143683
5218,39.0,0.16903553885590408,0.157253914664569,0.4683298399232342
5218,40.0,0.1655374742312476,0.1540319520605739,0.45882366167501437
5218,41.0,0.16264455508755965,0.15144401797024712,0.45002927567827106
5218,42.0,0.16106981239458218,0.15023568162062736,0.44363117067272395
5218,43.0,0.15867669579100965,0.14808810597727654,0.4366066532098071
5218,44.0,0.1548179337339916,0.14440503237583002,0.42590509850043223
5218,45.0,0.15030689799129074,0.1400219962476468,0.4141673945283598
5218,46.0,0.1461456047336699,0.1363324836417323,0.40066899250367755
5218,47.0,0.1428035483828916,0.13308697384874255,0.3916761741707179
5218,48.0,0.13974125029476778,0.13024271829634604,0.3829588251392072
5218,49.0,0.136713926376575,0.1275058429235672,0.3735926857947378
5218,50.0,0.13342166587242343,0.12453546096958501,0.36307588376385325
5218,51.0,0.13043088970835703,0.12172027254637831,0.3543490499589433
5218,52.0,0.12852482912844218,0.12003125270987826,0.3481263296929426
5218,53.0,0.12658264211761475,0.11818578066480266,0.343145976256945
5218,54.0,0.1232334219655907,0.11496502727100302,0.3343233349559354
5218,55.0,0.11907730474234768,0.11106961901460317,0.3227401868605628
5218,56.0,0.11560778361713694,0.1078521316351713,0.31232717806384935
5218,57.0,0.1123131051612433,0.10482692245797214,0.30240379901973297
5218,58.0,0.11048320837853981,0.10330222493647302,0.29593456718668876
5218,59.0,0.10839857283895923,0.10162660279537286,0.28751955652414873
5218,60.0,0.10510971782967235,0.09855752282391941,0.27806096725187673
5218,61.0,0.1028447469825823,0.09661085486488036,0.27016643704030163
5218,62.0,0.09962380399155289,0.09354467700685995,0.26160997518744705
5218,63.0,0.09588219108422678,0.09003088699205626,0.2519960335643446
5218,64.0,0.0926211405314699,0.08689133408282779,0.24395375958251259
5218,65.0,0.09064931299605725,0.08525069563296739,0.23677605519996023
5218,66.0,0.08921838407507818,0.08414765592269559,0.2308764763679608
5218,67.0,0.08612778933904522,0.08128055102095377,0.22295811839120963
5218,68.0,0.08346538017723473,0.0788124284133434,0.21581410421716624
5218,69.0,0.08025904025860306,0.07565258047515404,0.20903511645849424
5218,70.0,0.07817990321498017,0.07375795368269265,0.2031527667084803
5218,71.0,0.07596258826770946,0.07173000600913668,0.19724448039048426
5218,72.0,0.07356253599862912,0.06956074614281225,0.1909534246518125
5218,73.0,0.07229083055330034,0.06862272656926659,0.18543587350792334
5218,74.0,0.0713199586496862,0.06781836994573757,0.18150569737249542
5218,75.0,0.0701196451989686,0.06669865342647988,0.1785074150541052
5218,76.0,0.06898407008502835,0.06572362279010464,0.17478233479447494
5218,77.0,0.06815692987874628,0.06494908175119382,0.17309164334317553
5218,78.0,0.06709358930734986,0.0639450761365879,0.17091716733298068
5218,79.0,0.06605396200321478,0.0630341011992052,0.16793531174009677
5218,80.0,0.06491033259705994,0.062131322572661976,0.16323978595061908
5218,81.0,0.06355626136669577,0.06079043352080588,0.16065383109332576
5218,82.0,0.06212134600974683,0.05938242444197103,0.15811216289459024
5218,83.0,0.05955550198572757,0.05678879803280548,0.15415689129433582
5218,84.0,0.0576114197736631,0.054978691773583124,0.14988639981049326
5218,85.0,0.05599087019110195,0.053434381555579544,0.14615812751337415
5218,86.0,0.05385645920995105,0.05128795308664106,0.14244397131697084
5218,87.0,0.052730457435219126,0.05024346180920374,0.14032619901458973
5218,88.0,0.05109682456880403,0.04863338190750458,0.13759377436419462
5218,89.0,0.04964870777247363,0.0473283704953132,0.1339021339379068
5218,90.0,0.047938975423439625,0.04568879051312471,0.13113012611700017
5218,91.0,0.0466315212135626,0.04449732558123647,0.12869331461262357
5218,92.0,0.044701413048067726,0.04260633988521042,0.12588134470937545
5218,93.0,0.043355722481414755,0.04130988169027818,0.12418005217087354
5218,94.0,0.04257660033749726,0.04068095427730021,0.12235180176007569
5218,95.0,0.04222521445879422,0.040403341961713135,0.1214003829537258
5218,96.0,0.04137699342948934,0.03970072180064072,0.11976545558956964
5218,97.0,0.04010280329410253,0.038433001509358744,0.1176378019249801
5218,98.0,0.03924957312635529,0.03767048501994273,0.1166399483925099
5218,99.0,0.038162450395287977,0.036553471369803255,0.11515390191126369
5218,100.0,0.03762162225754332,0.0362833913901356,0.11395381413897142
5219,0.0,2.9066038639870517,5.408116675855963,6.564657815288973
5219,1.0,0.6258850892374052,0.6675355348493656,1.6518132222845143
5219,2.0,0.5631053998495475,0.5809064305447078,1.481736593382356
5219,3.0,0.5284873894153073,0.535125809200103,1.3897740486393968
5219,4.0,0.49405847103188977,0.4958289276662554,1.3079056237966553
5219,5.0,0.47282754127129845,0.4658790668299576,1.2365018802440613
5219,6.0,0.4432494558638907,0.43336394961938585,1.1635025673496935
5219,7.0,0.42904155620703394,0.4135371207725516,1.1095763640056975
5219,8.0,0.4143624786152152,0.39589606126076954,1.0645651652453896
5219,9.0,0.40492960476474466,0.38301701420779577,1.0271410144966469
5219,10.0,0.3902049321175822,0.36565868054512535,0.9885064570251944
5219,11.0,0.37823296839386866,0.3517462083202144,0.9515154961595576
5219,12.0,0.362969366729625,0.33597896648439207,0.9111415010545034
5219,13.0,0.35573707344762134,0.32776570434487234,0.8885459680989124
5219,14.0,0.34810624104030685,0.3198385996270174,0.8636143717304302
5219,15.0,0.3414932886964991,0.3136560006349453,0.8385333186289133
5219,16.0,0.3336310900506365,0.3063614281205456,0.8174618662933899
5219,17.0,0.327254368510596,0.30063323314990603,0.7996123725121155
5219,18.0,0.3218757026332232,0.29607346131515844,0.7795210515447933
5219,19.0,0.3148037935653464,0.29005183022097464,0.7571875263303285
5219,20.0,0.3104479784434803,0.2869946858196543,0.7309766022045148
5219,21.0,0.3078745217548119,0.28548818743078336,0.7127095431864217
5219,22.0,0.3043275036043414,0.28288934458501525,0.6974070997543539
5219,23.0,0.30012359338694966,0.27956793930988005,0.6808516619812477
5219,24.0,0.2971801409617403,0.2774522112839907,0.6684859342911126
5219,25.0,0.2961639252990283,0.2774193575148592,0.6588906229203073
5219,26.0,0.29273614914290497,0.27447642861583754,0.6498176204217121
5219,27.0,0.2895150580898052,0.27191705876271755,0.6393068362847744
5219,28.0,0.2841681191899335,0.26720251708353066,0.6282158133364253
5219,29.0,0.2784946846972829,0.2621210273063394,0.6173286833089977
5219,30.0,0.27356385874720945,0.25781151052420603,0.6039983595496097
5219,31.0,0.26987699330812753,0.25474455694204373,0.5945346264378699
5219,32.0,0.2661456134792056,0.2516038677415907,0.5848662283413028
5219,33.0,0.26087920893517513,0.24682059796376782,0.5736374307199394
5219,34.0,0.25413978547773675,0.24043975489304856,0.5606480590506294
5219,35.0,0.24852057377470427,0.23512765118948173,0.5500174697144982
5219,36.0,0.2417318284986773,0.22860261078077174,0.5375647868762699
5219,37.0,0.2396366329499621,0.2269247780623216,0.5305402134014757
5219,38.0,0.23775920615109963,0.22560100036351752,0.5196720162413668
5219,39.0,0.23692602026876367,0.2253522882509202,0.510336870954359
5219,40.0,0.23429998326711732,0.22310305379240664,0.49958801472282255
5219,41.0,0.23579271387905795,0.22512906712692207,0.4943873195852164
5219,42.0,0.23246703658487844,0.22200935722031187,0.4846176078070338
5219,43.0,0.2270224167892762,0.2166518263273905,0.4744168087282159
5219,44.0,0.22325255253731902,0.2131282128951466,0.46619855325286236
5219,45.0,0.2209228384608044,0.21124201515213425,0.4581170512668301
5219,46.0,0.21723944711349522,0.20785246977104904,0.4489086530703452
5219,47.0,0.2131669003148735,0.20409698701093237,0.4390442427458216
5219,48.0,0.2106601369713305,0.20183271146137421,0.43290479452688096
5219,49.0,0.20887255621245818,0.20026324274611668,0.4293334264325847
5219,50.0,0.20716360484049978,0.19884508957372976,0.4235405850496537
5219,51.0,0.20728933688965692,0.1991683754844979,0.4208475584032543
5219,52.0,0.2028741908295038,0.19488379630830932,0.4138610515456282
5219,53.0,0.20137683074986626,0.19367408634519387,0.4079569746367829
5219,54.0,0.19942974285625775,0.19201199021046506,0.4015056601767906
5219,55.0,0.19978412070307738,0.19275929028820343,0.39762296835887395
5219,56.0,0.19843158253965593,0.19166888845266788,0.39165251743347534
5219,57.0,0.1960972785205599,0.18961990338300239,0.38638751400567933
5219,58.0,0.19319004877919974,0.1867726793660888,0.38113087186635775
5219,59.0,0.1895530740416021,0.18312276537509653,0.3745839276344302
5219,60.0,0.18721598889975208,0.1808623355458726,0.3695019041806364
5219,61.0,0.18477301955397316,0.17855943339593217,0.3643934715122777
5219,62.0,0.18272380040684744,0.17670755964887766,0.3584194468216199
5219,63.0,0.18059778560887474,0.1747397638252285,0.35385054555891654
5219,64.0,0.17784186048243222,0.1721019403234235,0.34708058879490006
5219,65.0,0.17683987482440824,0.1713680087489361,0.34328416563682784
5219,66.0,0.1754542450610115,0.17015206442878558,0.3388472452225188
5219,67.0,0.17367293413993884,0.16858215450488376,0.3341714922410804
5219,68.0,0.17316413840477837,0.1683191130620009,0.3313552797172956
5219,69.0,0.17147732574419425,0.16680589258242726,0.32594150870366023
5219,70.0,0.16783537564286366,0.16326177951755494,0.32085625509566706
5219,71.0,0.1652193163786193,0.1607279864645673,0.3159786551619508
5219,72.0,0.1632806990395825,0.15895682153490495,0.3114500990204111
5219,73.0,0.15883418408319228,0.15450802885720502,0.3055133479070191
5219,74.0,0.15669858828296895,0.15244563377957587,0.30146346326301254
5219,75.0,0.1547037556712689,0.1503845264927525,0.29847069898679235
5219,76.0,0.15283415397782768,0.14843629411378492,0.2958530308656557
5219,77.0,0.1507109686186051,0.14632946698345695,0.291861363567444
5219,78.0,0.1498072962709783,0.14552477308381667,0.28874644878213185
5219,79.0,0.14840573963779538,0.14423514785683567,0.2853219907059873
5219,80.0,0.14523657934982637,0.1410785150940736,0.28055254130541135
5219,81.0,0.14375716408280662,0.13963374868478123,0.27757348755507283
5219,82.0,0.14185230156834466,0.13773274192635432,0.2747107452862495
5219,83.0,0.14013089981988097,0.13605437216164343,0.2717056088365125
5219,84.0,0.1379054516098413,0.13386194310982175,0.26795264458866
5219,85.0,0.13665570055366222,0.13258353342160528,0.26585143895691127
5219,86.0,0.13418490934415833,0.1301994031807141,0.261500264106802
5219,87.0,0.1331119924872686,0.12917928517706273,0.25918904182467234
5219,88.0,0.13100873575967928,0.12708791653972595,0.25574984688976016
5219,89.0,0.1297395120790876,0.12589339037301234,0.25270701529529316
5219,90.0,0.12876259305136367,0.1250378630465055,0.2505535897213939
5219,91.0,0.12781758672515073,0.12414456698434463,0.2487708071462515
5219,92.0,0.12719430896758424,0.12355912829953311,0.24745542045401092
5219,93.0,0.12685678709044815,0.12333039597619046,0.24573877404885436
5219,94.0,0.12509419491911633,0.12155416321809925,0.24330972731090375
5219,95.0,0.12300729395914331,0.11950333090139285,0.2397287311251559
5219,96.0,0.12021311293430732,0.11678632939099359,0.23539286080575847
5219,97.0,0.1193274184548585,0.11593210610575255,0.23364393231144626
5219,98.0,0.11813314434815333,0.11478038446961991,0.2310996708404005
5219,99.0,0.11598648601393972,0.11255179769633941,0.2286042663859805
5219,100.0,0.11540121743875721,0.11203829499915359,0.22623825987050278
5220,0.0,2.9066038639870517,5.408116675855963,6.564657815288973
5220,1.0,0.5640173200635669,0.573524620702435,1.5015938313625208
5220,2.0,0.5057891743899172,0.4946529375321479,1.3696387541617137
5220,3.0,0.4630942861039216,0.44567310642576424,1.2650098688732168
5220,4.0,0.4348501740445089,0.41287654327137635,1.1939434193523761
5220,5.0,0.4066550795440948,0.38164896612863025,1.124105062192565
5220,6.0,0.38631722272262686,0.3590530582402628,1.069852690686127
5220,7.0,0.3666096724220617,0.33914687234213214,1.0186189428899917
5220,8.0,0.34706364401850265,0.31976328681341154,0.9664744347969866
5220,9.0,0.3338004268952494,0.3059868620646954,0.9281935863309735
5220,10.0,0.32882318672423866,0.30059081616611205,0.905919248881778
5220,11.0,0.3200540285926357,0.292370135732456,0.8808540721959124
5220,12.0,0.31545518786418747,0.2882802054494371,0.865009877210775
5220,13.0,0.3088561844126652,0.2823604645579681,0.8475218779902663
5220,14.0,0.29969655600992695,0.27390767230862506,0.8250526006808611
5220,15.0,0.2952236367823063,0.27000300026769114,0.8092392579179366
5220,16.0,0.2861621053255211,0.2615332345225342,0.7896373024967173
5220,17.0,0.27619709768482537,0.2524193464880214,0.7632624302164467
5220,18.0,0.2716007688391554,0.24830145729644093,0.7508405039388407
5220,19.0,0.26549140189567755,0.24277189641205224,0.7350545598840686
5220,20.0,0.25982720464644893,0.2379419255375459,0.7156999886509016
5220,21.0,0.2569602464317318,0.2356923730691659,0.7061564006378301
5220,22.0,0.25194859647697077,0.2312675570584818,0.6911216169379699
5220,23.0,0.2507243834099265,0.23063652388532324,0.6842945138217454
5220,24.0,0.24946803389656075,0.23005459159372577,0.6753474318966574
5220,25.0,0.2464240507313434,0.22764046399549315,0.6638795283326964
5220,26.0,0.2421685131295247,0.22416385322329224,0.6489357993537305
5220,27.0,0.24085664387015554,0.22346942469853218,0.6382381241352367
5220,28.0,0.23382867751785233,0.21697775615285783,0.6181587148246296
5220,29.0,0.22963039775678665,0.21329707747709162,0.6063710995787149
5220,30.0,0.22381485739421728,0.20805654697042406,0.5882324769372582
5220,31.0,0.2207350776960287,0.20523508997775675,0.5803351660853184
5220,32.0,0.21711519121675774,0.2019000498114816,0.5700983379521541
5220,33.0,0.21250822814877265,0.19775540958266652,0.5552242301779715
5220,34.0,0.2082267511950414,0.19404129599850528,0.5414342111060257
5220,35.0,0.20454319152460862,0.19063421452579496,0.5308712250208942
5220,36.0,0.2015608841249799,0.18803480893625546,0.5210533998125382
5220,37.0,0.19923466107165075,0.18629478207780475,0.5107157971915413
5220,38.0,0.19761343065465603,0.18503515371790497,0.504666829243343
5220,39.0,0.1939408484488212,0.18165778288435702,0.49544732865781543
5220,40.0,0.19132219306560297,0.17945367985172636,0.4854785210639178
5220,41.0,0.18897010676534529,0.1774566152491542,0.4776715777291915
5220,42.0,0.18769327065245664,0.17649099526992967,0.4726268236582163
5220,43.0,0.18442392597197516,0.1734603736517031,0.46443042101619303
5220,44.0,0.18129913701225975,0.17054959313747495,0.4566740843073703
5220,45.0,0.1784528001242229,0.16782049501328442,0.4499242675759119
5220,46.0,0.173618294697042,0.16310844464680438,0.4394399321511821
5220,47.0,0.1683986517004252,0.15808271744420416,0.4275397069054763
5220,48.0,0.16329999733691458,0.15306414351490652,0.4165851341960974
5220,49.0,0.1587521812969623,0.14861343865133972,0.40720032572905146
5220,50.0,0.1570825871986614,0.14707889543891997,0.4021190634072299
5220,51.0,0.1550943329572843,0.1454286740841977,0.39416802211036245
5220,52.0,0.15319093759914376,0.1437989934556248,0.38790229400596793
5220,53.0,0.1521381011178162,0.14279634893909623,0.3856575845772437
5220,54.0,0.15073436953502134,0.14151052999251498,0.38174288306810233
5220,55.0,0.1501635376541957,0.14127153499328554,0.37655758839880565
5220,56.0,0.14955895510801245,0.14099735045666864,0.37148805687855607
5220,57.0,0.14792275594561044,0.13954794467035395,0.36648842303858103
5220,58.0,0.1464581606107037,0.13835011324354385,0.35981138057399265
5220,59.0,0.14333768344183792,0.135287162928657,0.3523248637022068
5220,60.0,0.1413712382864825,0.1334664399189029,0.34611459948438716
5220,61.0,0.13899982205629138,0.1311667673187816,0.34056501091504304
5220,62.0,0.13720882337552023,0.12952925814340618,0.33581782239060176
5220,63.0,0.13380011755595006,0.12626329434825886,0.32695020622930826
5220,64.0,0.1321254582744579,0.12476669569499411,0.32137409245972226
5220,65.0,0.12825912428150504,0.12094181603773607,0.31457899033083253
5220,66.0,0.12491786609898285,0.11772807247927429,0.3064809406917972
5220,67.0,0.12275921681090159,0.1157510673786463,0.29911084100201224
5220,68.0,0.11934092295911686,0.11234642032058963,0.29191266850213615
5220,69.0,0.11764267407274151,0.11081719350451998,0.2860841863102025
5220,70.0,0.11643999009446396,0.10978148134256814,0.2818931906893149
5220,71.0,0.11514219573903613,0.10871561796146967,0.2767126994620526
5220,72.0,0.11399053725651988,0.10772919177555271,0.27242070641403326
5220,73.0,0.11303514823798975,0.10693782356769578,0.2680565123833592
5220,74.0,0.1128467887177449,0.10693943114965684,0.2643522839373659
5220,75.0,0.11213949311144303,0.10636476130460787,0.26161754828930983
5220,76.0,0.1110870391526408,0.10538375538475753,0.2585492794163772
5220,77.0,0.10968447510578508,0.10405612740568056,0.2543826082323454
5220,78.0,0.108242091012073,0.1027119031449116,0.2508988693818491
5220,79.0,0.10792228363005157,0.1025772737181272,0.24750469744986645
5220,80.0,0.10794667674755805,0.10279745603554409,0.24499789885456727
5220,81.0,0.10745712454688826,0.10239580964452247,0.2423692491706852
5220,82.0,0.10542024208537172,0.10048060548575949,0.23712753023545433
5220,83.0,0.10358688453163346,0.0987670131582042,0.23180155236949762
5220,84.0,0.10234712566724469,0.09761645887057652,0.22744304513825345
5220,85.0,0.10126929506119217,0.09664404708759418,0.2243701959826087
5220,86.0,0.09954527352477378,0.09495841341540129,0.221361209781907
5220,87.0,0.0978043867643656,0.09327613459804684,0.2171967007792822
5220,88.0,0.09545588262577848,0.09093797364113047,0.21332542146762404
5220,89.0,0.09467042574527036,0.09022880390223037,0.21079225722698852
5220,90.0,0.09340496421923163,0.08906336341987245,0.20648807844859018
5220,91.0,0.09227562305045789,0.08794162869255066,0.203755136411766
5220,92.0,0.09185343605131319,0.087633980696319,0.20135970972312545
5220,93.0,0.0903063877445707,0.08613611608911541,0.19786664931209247
5220,94.0,0.08905281017193567,0.08491371009463873,0.19529148880121952
5220,95.0,0.0882912231535483,0.08416276792965928,0.19424025183937949
5220,96.0,0.08708525232488311,0.08293193529009149,0.1925552931710192
5220,97.0,0.08558174673130355,0.08147550523960138,0.18989898628087404
5220,98.0,0.08422342769948539,0.08015262060798345,0.18692699397225532
5220,99.0,0.08250530536603057,0.07851917240013935,0.1831734057000848
5220,100.0,0.08176602794579756,0.07780950532681792,0.18189189714915635
5221,0.0,2.9066038639870517,5.408116675855963,6.564657815288973
5221,1.0,0.7015909523853324,0.775493352726472,1.7307772226960885
5221,2.0,0.6105730156552909,0.6669481468193397,1.5451463811912263
5221,3.0,0.5524634502554852,0.5873233425932364,1.454283426485463
5221,4.0,0.4949460355841335,0.5249281910901181,1.3193431461983813
5221,5.0,0.4525169749389105,0.473744578108342,1.2349072826237029
5221,6.0,0.42233794445480777,0.4432675633873976,1.1641681020881027
5221,7.0,0.3926676457556142,0.41762502134050394,1.0823494840557628
5221,8.0,0.37365441994314663,0.3967039985696582,1.0353116363798671
5221,9.0,0.3473441473862682,0.3685619286052887,0.9755875432137642
5221,10.0,0.3241592391756398,0.34430338298302876,0.9134964658706819
5221,11.0,0.3048193354145639,0.32075341247843514,0.8636956950432859
5221,12.0,0.283637842111133,0.2958719360612426,0.805169389985995
5221,13.0,0.26617375441476776,0.2759009287010853,0.7509493658552862
5221,14.0,0.2520650524903655,0.2599267510202045,0.7118345230173714
5221,15.0,0.2363845522033333,0.24151735094254884,0.667589642012841
5221,16.0,0.22630596225804717,0.2292433294957616,0.6403555145861789
5221,17.0,0.21620939468740588,0.21724645369779486,0.6112185107869073
5221,18.0,0.2050666991138391,0.20377757093402404,0.5799604641366566
5221,19.0,0.1970066717478108,0.19497994790740195,0.5550900813359574
5221,20.0,0.1885107143916567,0.18636998852929007,0.5302810812791364
5221,21.0,0.1802305922143042,0.1767640117853419,0.508228866562052
5221,22.0,0.17413077042713346,0.17013824787877369,0.49040309003342636
5221,23.0,0.16732549197009128,0.16229686894139783,0.4718298702859693
5221,24.0,0.16188055096466553,0.15549812712181893,0.45616854830350795
5221,25.0,0.155211649158281,0.14825265493517964,0.43596377571775285
5221,26.0,0.1499812423875616,0.14274042370026077,0.4203191849875085
5221,27.0,0.14435616298471649,0.13627039300193033,0.40355731365503056
5221,28.0,0.138567308756692,0.13095322488408237,0.388084674940354
5221,29.0,0.13254275290223647,0.1251542296282635,0.36995856746192346
5221,30.0,0.12671397981542148,0.11896529197939579,0.3505881535662983
5221,31.0,0.12107796010377207,0.11374326616191453,0.33430018831244596
5221,32.0,0.11644782665655588,0.10944766741178,0.3214973649698103
5221,33.0,0.11215246154542306,0.10535743017062886,0.3089533264311246
5221,34.0,0.10694589994704311,0.10048129751811553,0.2931882388120666
5221,35.0,0.10295687262813563,0.09696603330362388,0.2816464262794991
5221,36.0,0.10025731501834419,0.09451345606352213,0.27352389319678855
5221,37.0,0.09595703175360708,0.09097342701187572,0.26248304964584834
5221,38.0,0.09274269164550869,0.08786231507499338,0.25322966784325585
5221,39.0,0.08983800227436001,0.085179479459627,0.24566322311466118
5221,40.0,0.08720975381061447,0.08247733232885286,0.237607971487629
5221,41.0,0.08449865446316422,0.08001833798776713,0.23094309850174702
5221,42.0,0.08173396855540953,0.07726835631299815,0.2233418519900826
5221,43.0,0.0798811301061562,0.0754714091173445,0.2181280731773558
5221,44.0,0.07806938185302414,0.0738178102512231,0.21348040728955592
5221,45.0,0.07557438765641675,0.07140898340469573,0.206506825240844
5221,46.0,0.072894581103587,0.06876921523012325,0.19860575510048706
5221,47.0,0.07014158569854557,0.06610331755629618,0.19140808688947947
5221,48.0,0.06818890492206144,0.06425009811173794,0.18653887552561343
5221,49.0,0.06676027539504674,0.06253109451539636,0.18202076841539125
5221,50.0,0.06532716849075658,0.060901383839361924,0.17716243393567524
5221,51.0,0.06475737191294421,0.060147665914955704,0.17240828869657362
5221,52.0,0.062380939326561566,0.05791744153140057,0.16641464158679822
5221,53.0,0.060369610399072925,0.05604694012571194,0.16154030803713929
5221,54.0,0.058570573554507926,0.05435293657790569,0.15782744558418252
5221,55.0,0.056707841204178155,0.05260819961982712,0.15444948673762693
5221,56.0,0.054690069862728036,0.050725322267561684,0.15093833767777937
5221,57.0,0.05288360334438636,0.04904889966601735,0.14752784682553952
5221,58.0,0.052454290296720614,0.04851286946452432,0.14584507851332287
5221,59.0,0.05172407194950885,0.04777009384055924,0.1431240551264218
5221,60.0,0.05169902716221356,0.04778639520095087,0.14168275822281134
5221,61.0,0.0498516112861949,0.046158515336155614,0.13984741606564127
5221,62.0,0.04776901269238073,0.04432532069411376,0.13885343247215862
5221,63.0,0.047190916710210556,0.04379641609990926,0.13833964132519624
5221,64.0,0.04535808089530453,0.04212533715389512,0.13670857750185
5221,65.0,0.04386662603058316,0.040777457463288425,0.13595961275003282
5221,66.0,0.04262090765897967,0.03965939767926473,0.13430684787697086
5221,67.0,0.04292033578159595,0.03988484385781693,0.13350705393150286
5221,68.0,0.04238935020561567,0.03942441841829579,0.13339083793026987
5221,69.0,0.04158450595938872,0.038738209803820575,0.1329933426581969
5221,70.0,0.04180192599496587,0.03896893304484013,0.13179549157544768
5221,71.0,0.03975772862604992,0.03709054119777952,0.1308476098122208
5221,72.0,0.03885170240172195,0.03627981448369383,0.13077899970248433
5221,73.0,0.03776793796858085,0.03528183823488831,0.12919769844604065
5221,74.0,0.036374749503286494,0.034044595455467,0.12757226270034788
5221,75.0,0.036771071521412124,0.034394080450593306,0.12746545488532157
5221,76.0,0.03589268697174222,0.03360178207689024,0.12829742384147103
5221,77.0,0.03499561820720814,0.03279440906782332,0.12869024423544365
5221,78.0,0.03480556674535036,0.03258965951565367,0.12924235725694241
5221,79.0,0.03429989138201442,0.03207748094809292,0.12775331587334063
5221,80.0,0.03308068233662787,0.030946418727252567,0.12696112225226058
5221,81.0,0.03163005174509055,0.029591181157462513,0.12568293454643334
5221,82.0,0.03215172656723182,0.03006020455046342,0.12458158449430543
5221,83.0,0.03183363122724373,0.02972064865249934,0.12415478901660565
5221,84.0,0.03174067976592712,0.029617450693597287,0.12447607965354995
5221,85.0,0.03153348721176712,0.029417569683949374,0.12443337874987677
5221,86.0,0.03175076929889809,0.02966552907690395,0.12469845347728795
5221,87.0,0.03265590261456821,0.03052993592583105,0.12405916024971794
5221,88.0,0.03231163197608411,0.030233531971799427,0.12461622022531499
5221,89.0,0.034403736488634235,0.03222851637019439,0.12479408934635647
5221,90.0,0.03398154117352228,0.03182154752941738,0.12420660700736798
5221,91.0,0.034695244697975317,0.032553783043039464,0.12388995450788812
5221,92.0,0.034753780527161396,0.03262777713825994,0.12418318253591336
5221,93.0,0.03431171528569879,0.03223188045718178,0.12390552606076174
5221,94.0,0.03395347945037001,0.03188551746788244,0.12373217774283649
5221,95.0,0.03290343640577802,0.030842129679621907,0.1224972893968873
5221,96.0,0.032628540031870684,0.030575295665927038,0.12230979099298718
5221,97.0,0.03249178970998667,0.03045866232592632,0.12219705008881387
5221,98.0,0.031174171366863793,0.02916696046282401,0.12171880762792275
5221,99.0,0.030753831650843097,0.028765116391001665,0.12134782252689053
5221,100.0,0.03092022620662966,0.028968730047923066,0.12036350919471021
5222,0.0,2.9066038639870517,5.408116675855963,6.564657815288973
5222,1.0,0.5662052171870825,0.6155168876885988,1.470320892769374
5222,2.0,0.5269765640752978,0.5365383160829574,1.3492027590354858
5222,3.0,0.507173019992598,0.49870372632627796,1.2594657075521467
5222,4.0,0.49056183663841674,0.474263886572699,1.1903380660895388
5222,5.0,0.4751284247371604,0.4534806940699775,1.1464948164147433
5222,6.0,0.46604230311177547,0.44120282341328343,1.096855860252039
5222,7.0,0.4598289386736421,0.4327979302441302,1.0652167801525558
5222,8.0,0.45193809196052265,0.42315265196267854,1.0317600573238734
5222,9.0,0.44231617367184844,0.41325488317872816,0.99411736998961
5222,10.0,0.429408444026996,0.40133917292419935,0.9535020999051879
5222,11.0,0.42187885086740273,0.39468721555640696,0.9212801639220343
5222,12.0,0.41790451078430446,0.39123950076467223,0.9049134048005343
5222,13.0,0.4091930660037028,0.3835454115976766,0.8813193777767268
5222,14.0,0.40498890171929275,0.3803056573572765,0.8663530789660778
5222,15.0,0.40395582161928695,0.3804435418670601,0.8492795111731072
5222,16.0,0.39581769599646943,0.3735566706675019,0.826448729135193
5222,17.0,0.38822794722832266,0.3668578057458481,0.8085609889793399
5222,18.0,0.3836378357655982,0.36311186487031644,0.7908304423008932
5222,19.0,0.3761132337498777,0.3562326431653245,0.7758763434602612
5222,20.0,0.373336299891441,0.35436363927684994,0.7653915505686582
5222,21.0,0.3732016498371112,0.3553677730422943,0.7545302753230713
5222,22.0,0.3710232764063056,0.3541410301907862,0.7416544004352419
5222,23.0,0.36827860045862837,0.35227450142917816,0.7300543317996929
5222,24.0,0.36504537153956346,0.350025309445879,0.7174491402516978
5222,25.0,0.3626906742508656,0.3487102721994877,0.7060377953854032
5222,26.0,0.3599030593821781,0.34687420904829613,0.6964532748075732
5222,27.0,0.35544627924372824,0.34330091530629675,0.6863673196258645
5222,28.0,0.35167529002397163,0.3402102435437815,0.6759005694305168
5222,29.0,0.34503566166971983,0.3338573669477237,0.663698973162454
5222,30.0,0.3401091925375404,0.32904942990004166,0.6530307415656571
5222,31.0,0.33857218572596487,0.32809516295802105,0.641618939895103
5222,32.0,0.33588438862795084,0.3259070190600925,0.6328517146042978
5222,33.0,0.33221092675323205,0.3228218379125118,0.6217685089204065
5222,34.0,0.3283409177717729,0.31940413788228783,0.6117714379793314
5222,35.0,0.3208179062073448,0.3120046411466664,0.5978018658450769
5222,36.0,0.31763657540828877,0.3092719277964687,0.5888386870505037
5222,37.0,0.31643952644382495,0.3084141815177493,0.5823981517030128
5222,38.0,0.3162480358583873,0.3086083465397078,0.5762667351061228
5222,39.0,0.3145256483467476,0.30720733247081505,0.5685451214648044
5222,40.0,0.31157038310769947,0.30457987511927215,0.5595774338522026
5222,41.0,0.31176629384209376,0.30529599937642304,0.5518798315298207
5222,42.0,0.30965965704577064,0.30349671258263317,0.5437325623370997
5222,43.0,0.30492099303159254,0.2989948182659585,0.5342661979456382
5222,44.0,0.2992448180335158,0.2936535826254908,0.5227120452890673
5222,45.0,0.29428995495373667,0.2889499327684655,0.513424515212973
5222,46.0,0.2918201731165435,0.2867826733609005,0.5063694746420556
5222,47.0,0.28950315737423526,0.28466882028710094,0.49974690518782117
5222,48.0,0.2867331084984648,0.2822058493019857,0.49114539799597756
5222,49.0,0.2857647257875708,0.28159617837467216,0.48308925828469884
5222,50.0,0.28317952892592296,0.2791866870422904,0.47472746989516384
5222,51.0,0.28039896213440196,0.27649827900922197,0.4686044546026317
5222,52.0,0.2803118779570043,0.2766419507804484,0.4655323125128187
5222,53.0,0.27660966355581756,0.2729493919111182,0.45793584215530747
5222,54.0,0.2743722601620417,0.2707949311413723,0.4533715954498354
5222,55.0,0.27296196745448015,0.269603310560522,0.44775282248272474
5222,56.0,0.27070443920419895,0.2675602479766083,0.44185287257551886
5222,57.0,0.26917093383366014,0.2661707702081442,0.43725514901396545
5222,58.0,0.2645993626830002,0.26181775613422253,0.42808145340044823
5222,59.0,0.26202157521851793,0.259406406370751,0.42110680028077135
5222,60.0,0.259101023742587,0.2566915995257875,0.4158944024449381
5222,61.0,0.2560967118036399,0.2537675757581971,0.41040925041619686
5222,62.0,0.25311254253788223,0.2507966852279557,0.4046163815019743
5222,63.0,0.2504473072713861,0.2482542167922163,0.39865511500793166
5222,64.0,0.24778946032446358,0.2455260086438312,0.39442591775997793
5222,65.0,0.2446889324375168,0.2424411448474733,0.3893456638788551
5222,66.0,0.24169346219724513,0.2395000392894989,0.384327785194621
5222,67.0,0.2383804382644573,0.23623922898374353,0.378592394275417
5222,68.0,0.2348119563480637,0.2327571020664883,0.37219946366246714
5222,69.0,0.2308188212979799,0.22885595070495848,0.36527623988208757
5222,70.0,0.22813446858078007,0.22617462849603703,0.36086512348671335
5222,71.0,0.22652521489941554,0.22466282874666874,0.35802216767820105
5222,72.0,0.22402955724405188,0.22231269255719954,0.35358339800044164
5222,73.0,0.2224335262806249,0.2208957930021078,0.3497534775239345
5222,74.0,0.22114474645523302,0.21978561939595226,0.34547890791634256
5222,75.0,0.21804068263910664,0.2167473308448306,0.3392550850424395
5222,76.0,0.21284110963876474,0.2116096843251346,0.33004802487355817
5222,77.0,0.2090055256615099,0.2077889956833735,0.3236269450450136
5222,78.0,0.20626111937054925,0.2051367663761682,0.31883510362503126
5222,79.0,0.2034470587461595,0.202513006589403,0.3131025839682303
5222,80.0,0.2001272136467593,0.19924699458769615,0.3075172360793474
5222,81.0,0.19741859746228682,0.1966486138426688,0.30229768213098795
5222,82.0,0.19444108018243741,0.19375246966316906,0.2965802950156135
5222,83.0,0.19340456133120937,0.19282692102821988,0.29357552553908317
5222,84.0,0.19118139746365242,0.19066083422549782,0.2892765226204828
5222,85.0,0.1895879040091121,0.18915203121690846,0.2851629558162601
5222,86.0,0.1886651493351944,0.18839676589307308,0.2819625414152139
5222,87.0,0.18618044112166496,0.18601823817783994,0.27662025869393503
5222,88.0,0.18520623918066476,0.1850992550192017,0.2737383963499077
5222,89.0,0.18401080551285734,0.18390985145369604,0.2714948869827924
5222,90.0,0.1818879796233954,0.18182679926623257,0.26792190911372826
5222,91.0,0.17832124279271389,0.17829664356795313,0.2625523834253355
5222,92.0,0.17585603643086326,0.1759331543791451,0.258990089498766
5222,93.0,0.17321354476844594,0.17336033924585437,0.2552890696900936
5222,94.0,0.17176556503319917,0.1719710230204148,0.2529747999312081
5222,95.0,0.1707000782977199,0.1708608355970422,0.25192038884188345
5222,96.0,0.16794773944224742,0.1681136549380476,0.24832859746538793
5222,97.0,0.1648666283905832,0.16512742292948518,0.2436915541602854
5222,98.0,0.16309316032669366,0.1634122323820578,0.2409067868108432
5222,99.0,0.16190779365624142,0.16230320248624336,0.23904803742211897
5222,100.0,0.1606712362219652,0.16112402266979212,0.23624792176174164
5223,0.0,2.9066038639870517,5.408116675855963,6.564657815288973
5223,1.0,0.6035587152583372,0.6723123283579423,1.557868191670861
5223,2.0,0.5461545889481422,0.5739053209333366,1.4431357842365686
5223,3.0,0.5036820705631093,0.5137908059975564,1.3453516991604415
5223,4.0,0.4743416635143468,0.47281237852704405,1.2828118870033196
5223,5.0,0.45728348739102875,0.4483919262802824,1.2463591453661467
5223,6.0,0.44628851393136465,0.4296260009105437,1.198407477396017
5223,7.0,0.43886788198845333,0.4157516797067118,1.1554109716155159
5223,8.0,0.42189022424495215,0.39680073668173466,1.1054929865642564
5223,9.0,0.41604617025445295,0.38807074201485303,1.0759406228064459
5223,10.0,0.4047824803464369,0.3759780832758526,1.0507220983774532
5223,11.0,0.395559587398593,0.3660520356654031,1.0255780670676242
5223,12.0,0.3868059506454031,0.3566968576688562,1.0018386445505052
5223,13.0,0.3837362747450761,0.3529430675759481,0.9844028164853174
5223,14.0,0.3784835648830345,0.3473630013723636,0.9686451389645186
5223,15.0,0.3682110735671718,0.33762406915468063,0.9456484337296696
5223,16.0,0.3603980664935272,0.33035600559185035,0.9262966928254219
5223,17.0,0.35333351030643556,0.32395419806989373,0.9076593481063439
5223,18.0,0.3487442547883016,0.3198240169581852,0.896660074625969
5223,19.0,0.34275113382273603,0.31435384185916426,0.8840538032188822
5223,20.0,0.3362997788394837,0.3084745059072055,0.8719410361579909
5223,21.0,0.33152432753521793,0.30433478314579054,0.859692614495116
5223,22.0,0.3278611029755681,0.3010676729347553,0.8535189759010305
5223,23.0,0.322938196078728,0.296885500366934,0.8397992856335774
5223,24.0,0.31990207260916476,0.2946577335427162,0.8277764646619101
5223,25.0,0.31566434129101906,0.29105001612489817,0.8165625080472482
5223,26.0,0.30994923998956914,0.28604740502241,0.8015811139272445
5223,27.0,0.304821463428534,0.28174127291450407,0.7874840446032216
5223,28.0,0.30091529160265124,0.2784045793271661,0.7775314716135227
5223,29.0,0.2971533022848138,0.27512615983388394,0.7672385957296616
5223,30.0,0.2927584197627922,0.2712403852690413,0.7544446227612862
5223,31.0,0.28782816193634414,0.2669419468583194,0.7401861803913551
5223,32.0,0.2848529834260182,0.26442413455736324,0.7318988225949953
5223,33.0,0.2816778303460283,0.2619251551554841,0.7207654030101933
5223,34.0,0.27800181879434605,0.2587785387852395,0.7107281628108827
5223,35.0,0.2751568288141333,0.25646651939796034,0.7011462936354959
5223,36.0,0.2708890573649104,0.25252016768836866,0.6916697629027573
5223,37.0,0.26921301630047395,0.2512102687923618,0.6867644646687181
5223,38.0,0.26487711304386974,0.24720309940937246,0.678278988381058
5223,39.0,0.2617985270842998,0.24451911729174972,0.6697907339518008
5223,40.0,0.2603418092361644,0.24368990938163965,0.6604309165981174
5223,41.0,0.2589686890724521,0.24288263460075538,0.6528219485273198
5223,42.0,0.25778733690354355,0.24222309771574174,0.6464529444194325
5223,43.0,0.2559785462293925,0.2408053908847134,0.6403196783917097
5223,44.0,0.25312085803613793,0.238230824045766,0.6321383476302423
5223,45.0,0.25039733371975004,0.23585392058032104,0.6236320795190333
5223,46.0,0.24831587987797785,0.23403239728947267,0.617475520849474
5223,47.0,0.24619149325868211,0.23214097943270753,0.6119176036075459
5223,48.0,0.2436718716329108,0.23003679215761647,0.6039283848469248
5223,49.0,0.24084136383104718,0.22747269601530035,0.5974715828188752
5223,50.0,0.23765761282040057,0.22447280921221424,0.5901544054918543
5223,51.0,0.2365757847539405,0.22379650958399339,0.5847702297564579
5223,52.0,0.23414579122156334,0.22153204444602803,0.5776092497172174
5223,53.0,0.232182870481548,0.21964597824052082,0.5728981389774277
5223,54.0,0.22998038481917255,0.21760821845359965,0.5661472567697774
5223,55.0,0.2261184102971547,0.21392844015398252,0.5580815688215912
5223,56.0,0.2236808702369593,0.21168939234753045,0.5512332836626046
5223,57.0,0.21987653620549963,0.20802189672850735,0.5428716056270395
5223,58.0,0.21742108972318921,0.20559603374862445,0.536961750490826
5223,59.0,0.2156923763217768,0.20396157376854265,0.5323533694559351
5223,60.0,0.21340330704826904,0.2018160908357109,0.5267248726207611
5223,61.0,0.21159317720461623,0.2001973013640426,0.5209154137765882
5223,62.0,0.20939515171662512,0.19812035849392326,0.51537889450641
5223,63.0,0.20732549817463633,0.196237130189193,0.5096067971875761
5223,64.0,0.20537510545786136,0.19450078021469358,0.5029718285371902
5223,65.0,0.20188532069938364,0.19118695352472087,0.49429328785947124
5223,66.0,0.2003173888692544,0.1898738787219757,0.4890285738523928
5223,67.0,0.1989240688883398,0.18865251002288683,0.4844779518781704
5223,68.0,0.1960747665871232,0.1858652335967736,0.47885448086139143
5223,69.0,0.19337021576856897,0.18335257598574806,0.4718235889549958
5223,70.0,0.19041136623496333,0.18055565701191534,0.4640959650482416
5223,71.0,0.18699488868192243,0.17724667181318393,0.45650854725241546
5223,72.0,0.18493797298640077,0.17539943852756265,0.4497803125022458
5223,73.0,0.1834540943475421,0.17418429364762755,0.4426694781290564
5223,74.0,0.1814721997304731,0.17237208202742688,0.4369433613679559
5223,75.0,0.17875310043633655,0.16973350808786808,0.4309859439857157
5223,76.0,0.17693233471247566,0.16801119896986652,0.42544653185788106
5223,77.0,0.17547155606049084,0.16663674599704179,0.42127254481448406
5223,78.0,0.17373280755747975,0.1649198230689078,0.4166712156459034
5223,79.0,0.17160515123101538,0.16286343790006788,0.41136238685622734
5223,80.0,0.17013593151611647,0.16154155729905148,0.40660268865157806
5223,81.0,0.168683288821605,0.16021513822365008,0.4012568083665169
5223,82.0,0.16730313629771862,0.1589440204156795,0.39715979853870426
5223,83.0,0.16526369352791806,0.1569812619467252,0.3923857777756872
5223,84.0,0.16433561503265876,0.15629214255966942,0.3880511368508243
5223,85.0,0.16376604922811488,0.15587776217357294,0.3851475764742375
5223,86.0,0.16267198940392985,0.15492422084718746,0.38088620122137684
5223,87.0,0.16090447859569154,0.15322424464886325,0.3769079833314599
5223,88.0,0.1591380093745417,0.1516020680549219,0.372387937905561
5223,89.0,0.15902892737612775,0.15165961856348167,0.36990457615815653
5223,90.0,0.1582572136869395,0.15100706318963902,0.36726781759155985
5223,91.0,0.15707814052472352,0.14981567144090183,0.3650743756748069
5223,92.0,0.1557973080986116,0.1485658956541599,0.3619349568813635
5223,93.0,0.1541426597381818,0.14696546493205975,0.35809529802322865
5223,94.0,0.1535942808153297,0.1466048383519635,0.35472859102451976
5223,95.0,0.1519118800381257,0.14502085540404902,0.3499403989367705
5223,96.0,0.1510728368767662,0.14432348122174135,0.34532204454665805
5223,97.0,0.1504777190404646,0.1438731101596997,0.3421571437534104
5223,98.0,0.14907704962717602,0.14259542360159985,0.3382580674651755
5223,99.0,0.14791346117980925,0.14156353674428357,0.3339417335169286
5223,100.0,0.1471059942354086,0.1409340282486669,0.3302087218285116
5224,0.0,2.9066038639870517,5.408116675855963,6.564657815288973
5224,1.0,0.543364754089292,0.5839398409200078,1.3692893141470714
5224,2.0,0.45240967522878855,0.47022495007455284,1.216192837967132
5224,3.0,0.40424747167790953,0.414839769949052,1.1305934644337325
5224,4.0,0.3626239535203924,0.36339939554849826,1.0219929774451475
5224,5.0,0.338545416364795,0.33085603052446677,0.9433663032572208
5224,6.0,0.32063732152143626,0.3105761782908823,0.8856781296195244
5224,7.0,0.3015174564846029,0.2916987720978965,0.8462689143736333
5224,8.0,0.28722259622217594,0.27540246668929824,0.8094183820222204
5224,9.0,0.2799936192586881,0.265570755655927,0.7918524646504717
5224,10.0,0.27147092327377437,0.25561795387468,0.7672527737985546
5224,11.0,0.26359404133576464,0.24688862100096237,0.7418970924919918
5224,12.0,0.2598934064684644,0.2414810310364957,0.719152168457251
5224,13.0,0.25250151265187626,0.2333006665900928,0.6936674055581074
5224,14.0,0.24169536960051924,0.22258237432968125,0.6689407722400467
5224,15.0,0.23175993992278968,0.21294818158281795,0.6514874594023163
5224,16.0,0.2270147899678469,0.2079629468724989,0.638936952651314
5224,17.0,0.2211350146236049,0.20238402914062117,0.6257650917353178
5224,18.0,0.21671352942547326,0.19812938185700507,0.6146935554759009
5224,19.0,0.21181468662745462,0.19349550685193967,0.6019910912543248
5224,20.0,0.20863170860623811,0.19045736432320745,0.5906824575197324
5224,21.0,0.20606761545289443,0.18807734951760302,0.5803041205007333
5224,22.0,0.20444087448563233,0.18665712904043313,0.5697932177938925
5224,23.0,0.19934507168494084,0.18193680129309434,0.5583818719235376
5224,24.0,0.19589144432661093,0.1788738802974976,0.5456696790423475
5224,25.0,0.194607454947081,0.17792400866541275,0.5372398632524327
5224,26.0,0.19281712097562706,0.17642317846753822,0.5302249121747581
5224,27.0,0.18980949488258772,0.17365162641364448,0.5249501264769741
5224,28.0,0.18556893565815602,0.16997608246415616,0.5117037143574875
5224,29.0,0.18300651925151995,0.16791010000321463,0.5004044689409535
5224,30.0,0.18205681350985423,0.1674162020034677,0.49253634446833566
5224,31.0,0.18109836148932745,0.16693584016686655,0.48581332524539
5224,32.0,0.1792728408097579,0.16552651617745912,0.4780336043823623
5224,33.0,0.17777102040441836,0.1643580701603739,0.4715065365244296
5224,34.0,0.17668735494012272,0.1638248342338396,0.46305397229847056
5224,35.0,0.1762285638152132,0.16367624681020732,0.4556623026966964
5224,36.0,0.17419246653743395,0.16195561141043208,0.450554718763317
5224,37.0,0.17157408167950672,0.15958934411255404,0.44460857621164207
5224,38.0,0.16830519982993883,0.1564267579058041,0.4382191164689083
5224,39.0,0.16602746989018177,0.15440904011613557,0.4318387085056989
5224,40.0,0.1643129142088778,0.15293024772672098,0.42777646265371466
5224,41.0,0.16272265058837132,0.15158006357613663,0.42412510202725673
5224,42.0,0.15933394956563324,0.14838317568414333,0.4170887310207612
5224,43.0,0.15871584326591698,0.14793566993204008,0.41546486785811254
5224,44.0,0.15846953426971835,0.14797365672634605,0.41235433860058923
5224,45.0,0.15815894314719478,0.14796859078981467,0.40795557242866753
5224,46.0,0.15581046011507305,0.14575598455505817,0.4017954076564255
5224,47.0,0.15422733000695216,0.14435940439579628,0.3969570437508516
5224,48.0,0.15198759363057962,0.14233523689371366,0.3901530791843377
5224,49.0,0.14982540508569545,0.14033826311316186,0.38411149596538385
5224,50.0,0.1478716688677959,0.13846648220032182,0.3793850016598571
5224,51.0,0.1462744751953016,0.13701828329642116,0.3750184435172085
5224,52.0,0.1450537944047284,0.13597171630207103,0.3715543810019057
5224,53.0,0.14353129120349095,0.13463394949480834,0.36681050724044684
5224,54.0,0.1415926733585813,0.13288028966735999,0.36066392309818485
5224,55.0,0.1393795895047325,0.13075304512469835,0.3551709997649919
5224,56.0,0.1378748723813216,0.12944607550997608,0.3501550499261442
5224,57.0,0.1349219565880197,0.12660977104746302,0.34461002777911487
5224,58.0,0.13318463506182138,0.1249837377307001,0.33985199473500277
5224,59.0,0.13156523454990934,0.12346909617206227,0.3349824282497052
5224,60.0,0.13016783084837177,0.12217031126976066,0.3319219065259325
5224,61.0,0.128495411409939,0.12051927438115878,0.32914922216991593
5224,62.0,0.12804218681064436,0.12029315844591892,0.32618900340386703
5224,63.0,0.1283946074691325,0.1208046854503977,0.3244520157317325
5224,64.0,0.12715896967599388,0.11967477124750404,0.3215992727608125
5224,65.0,0.12512792488237026,0.1176726476693101,0.3182979987514041
5224,66.0,0.12356696138943732,0.11617127288024376,0.315324859261263
5224,67.0,0.1222172724008624,0.11485150211853683,0.3130564424552446
5224,68.0,0.12062626363303627,0.11333782884546566,0.30948177290377465
5224,69.0,0.11817197440105899,0.11089419104292918,0.30528341072520715
5224,70.0,0.11652802201446094,0.10922696565046146,0.3023986624440568
5224,71.0,0.11545645409360887,0.1081768382903492,0.30020321238133474
5224,72.0,0.11494653702668675,0.10776063672731374,0.2979770273366295
5224,73.0,0.11425295181514591,0.10713073117433755,0.2959056235844633
5224,74.0,0.11235127769338116,0.10522850092622343,0.29344260737061084
5224,75.0,0.11186225336940943,0.10483622543987196,0.2921001339431328
5224,76.0,0.11142541251754116,0.1045281947456499,0.2898032522318722
5224,77.0,0.11083781990066591,0.10402496744556827,0.287109118455794
5224,78.0,0.1098722680924339,0.10311820929672806,0.28416121035082365
5224,79.0,0.10836856546213258,0.10163842135499179,0.28094558661409075
5224,80.0,0.1076328342877212,0.1010006298205688,0.2781081039283475
5224,81.0,0.10674675079034918,0.10020370249177385,0.27492898708326374
5224,82.0,0.10587849304292325,0.09946877003185925,0.2712627104352393
5224,83.0,0.10416196150896358,0.0978063413453806,0.2676307231487805
5224,84.0,0.10303665855536931,0.09680008723719766,0.2646857161460869
5224,85.0,0.1015179911626125,0.09537766708393666,0.26185589749993654
5224,86.0,0.10092452051510073,0.09492024961090342,0.259476469820208
5224,87.0,0.09928644377043563,0.09334480788511296,0.2555037077616344
5224,88.0,0.09788795726140218,0.09204658859794843,0.25205883437351073
5224,89.0,0.09624634085122996,0.090545878812314,0.24732306787615865
5224,90.0,0.09375441182161527,0.08800688202788226,0.24287482747916328
5224,91.0,0.092526875092803,0.0868020719385611,0.24072693513250074
5224,92.0,0.09239333406341144,0.08668199233374152,0.24069053851453098
5224,93.0,0.0921288947382759,0.08651481069169847,0.2390734812802485
5224,94.0,0.09148499175695061,0.08593604864212574,0.23711281228811504
5224,95.0,0.09088827995949925,0.08539841039472344,0.23525815483716656
5224,96.0,0.09052909099898233,0.08516552373741972,0.23355866968598354
5224,97.0,0.08972380106508328,0.0844033332928876,0.23148039234266304
5224,98.0,0.0883400306854009,0.08306604123046873,0.22896939532453403
5224,99.0,0.0872170660777873,0.08200854408507671,0.22643237363702562
5224,100.0,0.08600108375355135,0.08085540736100845,0.22392772593720267
5225,0.0,2.9066038639870517,5.408116675855963,6.564657815288973
5225,1.0,0.6657737193759174,0.6882400359841305,1.7408937904766923
5225,2.0,0.6098580662376349,0.6069525222018487,1.61542959645211
5225,3.0,0.5417613707260752,0.5345237009463932,1.4597833779717881
5225,4.0,0.4964863940449124,0.48356047749665304,1.3445952314433438
5225,5.0,0.4602338994921458,0.4446474000094091,1.2578218547553015
5225,6.0,0.4388586667621818,0.4163411259933473,1.1919243976593972
5225,7.0,0.4195014842457588,0.39297810488884427,1.118060859942687
5225,8.0,0.39996326096293816,0.3729195518084831,1.0701857951543192
5225,9.0,0.3795848527281965,0.3527094528206087,1.0225813300260014
5225,10.0,0.36298049504299956,0.3361888565406938,0.9770253461619807
5225,11.0,0.3514271661633563,0.32363516473893517,0.9329125561019249
5225,12.0,0.3379150149841815,0.31029527245432675,0.8907487420313278
5225,13.0,0.32612977768166734,0.29898607690854845,0.8560786074368798
5225,14.0,0.3132498013227798,0.2869811283339555,0.8174037331049915
5225,15.0,0.30415569620645333,0.27851250355772067,0.7813856904380643
5225,16.0,0.2943936441642954,0.26962947978590124,0.7508250500901161
5225,17.0,0.2772038029590281,0.2536645216997489,0.7143050656420245
5225,18.0,0.27033765430491546,0.24747555417324593,0.6951543741010401
5225,19.0,0.2607809110243981,0.23879812970631514,0.6688058299129493
5225,20.0,0.24659856900495497,0.22569360621704979,0.6377995066095391
5225,21.0,0.2393933983290163,0.21915484549936856,0.615133486577883
5225,22.0,0.2294549742744443,0.21014632125394528,0.5842311632230316
5225,23.0,0.22013666494424572,0.2015701069285398,0.5637723879468428
5225,24.0,0.21513311020129025,0.1970629541591455,0.547705861841547
5225,25.0,0.21268338232278333,0.19508766574088732,0.533163836036353
5225,26.0,0.20868849043426624,0.19155727337840958,0.5210388227801553
5225,27.0,0.20266441721560918,0.1860320487528695,0.5059204248923146
5225,28.0,0.19457252315110335,0.17848947279838168,0.48731784515561066
5225,29.0,0.18865079383641675,0.17313007638428934,0.4710177233092639
5225,30.0,0.18011330746656165,0.16518641993123898,0.45202965720273475
5225,31.0,0.17544713784721805,0.16090711702495547,0.4396422642389355
5225,32.0,0.17084517856554365,0.1567476529070759,0.4260647780835215
5225,33.0,0.16709599985903437,0.15349151926450702,0.4124636798152328
5225,34.0,0.16327998865794083,0.15010217272811716,0.40148374105677537
5225,35.0,0.15900162371319743,0.14614990379327134,0.39064637687851145
5225,36.0,0.15419480392378856,0.14172382417801002,0.37888727462798444
5225,37.0,0.1526348871279281,0.1405223945203119,0.37095383870057097
5225,38.0,0.14950043944946328,0.13786231220271647,0.3583572771223073
5225,39.0,0.14348439439445937,0.1321673071380745,0.3455538895467388
5225,40.0,0.14131922077873538,0.1302579494438453,0.33790003446573164
5225,41.0,0.13735642221998734,0.12665560452498356,0.3278478372280055
5225,42.0,0.13506516941014873,0.12469734121234506,0.31978468346238004
5225,43.0,0.1316108925991271,0.12160731602365459,0.3099320745891399
5225,44.0,0.12800572068984406,0.11839259214459139,0.29981782607484386
5225,45.0,0.12628497637246985,0.11697730432708857,0.2936158789819373
5225,46.0,0.1237370791239587,0.11470307956537759,0.2857537207020433
5225,47.0,0.12028985741379333,0.11153100859727351,0.27683581035031285
5225,48.0,0.11583694519105905,0.1073375056876886,0.2671854736202453
5225,49.0,0.11256856998236985,0.10429194264042356,0.25913490235178216
5225,50.0,0.1093032248583434,0.10121873516558647,0.25134059237328854
5225,51.0,0.10622370154518455,0.09834947592928601,0.24384889991532072
5225,52.0,0.1032485920944236,0.09560889938912477,0.2351036551853923
5225,53.0,0.09989614193382429,0.09244660621048241,0.22643664130189287
5225,54.0,0.09518588364002535,0.08795111426906724,0.21740015820407665
5225,55.0,0.09210420448139674,0.0850265091776149,0.2113291551630719
5225,56.0,0.09028876425864982,0.08344093680664094,0.20440861867260426
5225,57.0,0.08624293361113919,0.07967582847777697,0.19553636078484968
5225,58.0,0.08379999353540558,0.0774993733677655,0.18878397016556728
5225,59.0,0.08078935269975208,0.07470839129988778,0.18234734198276165
5225,60.0,0.07838070141168751,0.07259935245971721,0.17501674833590386
5225,61.0,0.07775278017452764,0.07233664455174023,0.16930161634111765
5225,62.0,0.07591276988801236,0.0708560818772291,0.16212941924013075
5225,63.0,0.07277019950314453,0.06798435243505792,0.15538180055013437
5225,64.0,0.06943171352610811,0.06487548961172648,0.14993730897037785
5225,65.0,0.06652275745760206,0.06212995599407773,0.14509220995252198
5225,66.0,0.06448953147115902,0.06029179509352914,0.1409370666510091
5225,67.0,0.062427876797551504,0.05841575787566298,0.13795658426827612
5225,68.0,0.060962103961033805,0.0571413463746459,0.13556853614277548
5225,69.0,0.060146751230586604,0.05647473330801095,0.13398985513543954
5225,70.0,0.05912195462651475,0.05565236068034968,0.13226774042089978
5225,71.0,0.059087583103361804,0.05580725276929026,0.13064920877836256
5225,72.0,0.05885349622667053,0.05575558121515305,0.12947558914735505
5225,73.0,0.058809378832051076,0.055871082888570574,0.12875519979224734
5225,74.0,0.05776128720580781,0.05505449645713991,0.12768533962394293
5225,75.0,0.05552805629621147,0.052901558590201174,0.12608318602210877
5225,76.0,0.054057914225864985,0.05152818371882466,0.12475792150038413
5225,77.0,0.05167331565579866,0.04928772992343563,0.12349213584934969
5225,78.0,0.050611901636308104,0.048350850056001565,0.12282962468306376
5225,79.0,0.04984810081232905,0.04768685327296599,0.1228245767799439
5225,80.0,0.05062035675715143,0.04855369743924054,0.12340738442445054
5225,81.0,0.050880182164675075,0.04891956280175148,0.12374505768330732
5225,82.0,0.04881593644488969,0.046965363990095196,0.12350470072057029
5225,83.0,0.04783359810293535,0.045979972646386924,0.12331101879110173
5225,84.0,0.047347065025708304,0.045554016023082136,0.12357289654841229
5225,85.0,0.04638485898583435,0.04461234805735117,0.12374312665637692
5225,86.0,0.04507228621779799,0.043351253012577216,0.12350255371926222
5225,87.0,0.04465208703764942,0.043022875909530064,0.1237889360964942
5225,88.0,0.04404702594555439,0.04238632042329996,0.12357490493353943
5225,89.0,0.0435520779393843,0.04188988491652947,0.12347831362271339
5225,90.0,0.04313554088486586,0.04150252663837171,0.12409093515299502
5225,91.0,0.04345192859642816,0.041879890224116104,0.12452710402006197
5225,92.0,0.04272960479922729,0.04117767028362338,0.12456722738329881
5225,93.0,0.042099735675991234,0.04054505667063457,0.12495095565229565
5225,94.0,0.04229410838589414,0.04076100363968477,0.1252690797471361
5225,95.0,0.04206799551910633,0.040559636324143174,0.1261483692785547
5225,96.0,0.041961708592495706,0.04045384683463821,0.12720127177881968
5225,97.0,0.03900751148570088,0.0375063415463757,0.12757344651015176
5225,98.0,0.03606766569599668,0.034596436651781935,0.12769928345214587
5225,99.0,0.0349375765535933,0.033483277279495745,0.12901089575746266
5225,100.0,0.035329627223372184,0.033907470143215844,0.1299396296048377
5226,0.0,2.9066038639870517,5.408116675855963,6.564657815288973
5226,1.0,0.6365209284205854,0.6526946058612229,1.6538960044463633
5226,2.0,0.5715291094077604,0.5717691380636175,1.5276657373003222
5226,3.0,0.524562076012868,0.5163295825289801,1.419683872515108
5226,4.0,0.48703168964294996,0.4749439645296351,1.3385486872353305
5226,5.0,0.44875701150105257,0.4314911955042734,1.2336578436108687
5226,6.0,0.4231654611122188,0.40159751855788356,1.1673613070827276
5226,7.0,0.40031792850279774,0.3777525962677183,1.1110696691592137
5226,8.0,0.38369733792223487,0.35918797223575105,1.0659814169063226
5226,9.0,0.3701126620368767,0.3441104587264263,1.0257098786143533
5226,10.0,0.3567985229518364,0.3302115000699775,0.9896670737036313
5226,11.0,0.3448963594673899,0.3180726195132269,0.9564954787034198
5226,12.0,0.33144722384351527,0.3053314564203664,0.9227985946096149
5226,13.0,0.31824126149849435,0.2933016427621255,0.8905480980253105
5226,14.0,0.3066529629570494,0.2828383477042237,0.8629898205715896
5226,15.0,0.300067991603596,0.27613308024380756,0.844413234470734
5226,16.0,0.2892279617190343,0.26590715130388715,0.8152656888758493
5226,17.0,0.2781719025197018,0.2556777278797345,0.7849369714620347
5226,18.0,0.2706952281667404,0.24874448485822462,0.7640104060176827
5226,19.0,0.26212898096143483,0.2405588750937459,0.7390102833743168
5226,20.0,0.25547255724503887,0.2342470541149128,0.720341290230563
5226,21.0,0.2460844084807105,0.22554129347727722,0.6958362061036765
5226,22.0,0.237868018665091,0.21817152832772366,0.6747229201908893
5226,23.0,0.22909592099832196,0.2102593264118083,0.6499947341253576
5226,24.0,0.22159799689048768,0.20325693734661496,0.629373129356205
5226,25.0,0.21479112240338022,0.1969597415883544,0.6102849316744203
5226,26.0,0.20824260277049478,0.19116303296894135,0.5918003458161316
5226,27.0,0.20137796164860586,0.18505138680439825,0.5721119995104719
5226,28.0,0.1955357625801182,0.17992600857785654,0.5549279530106864
5226,29.0,0.1902976408790742,0.17512314480112692,0.540242970834687
5226,30.0,0.1858015909055556,0.17102951777692957,0.5267206375951196
5226,31.0,0.18181597128988758,0.16739319088103477,0.515117322449103
5226,32.0,0.17737039797709991,0.16322397633578503,0.5021526269787826
5226,33.0,0.17262721459353025,0.15882444577001126,0.48795286834444906
5226,34.0,0.1693728389666126,0.1559392901244445,0.47783040253757475
5226,35.0,0.1650930872502821,0.1522271984474905,0.4644866795255921
5226,36.0,0.1620823694156649,0.14959645860160373,0.45500330896816304
5226,37.0,0.15857110159974233,0.1464371658756871,0.4445356221109549
5226,38.0,0.15620007056007287,0.14440298016165123,0.43691752426079933
5226,39.0,0.1523948145558073,0.14110023064601349,0.42486296795329215
5226,40.0,0.15052711484296533,0.13955944352943295,0.418927249259095
5226,41.0,0.14695764045177892,0.13655810586928352,0.4072135640695175
5226,42.0,0.14424825465111307,0.13405090107015333,0.3996140596616698
5226,43.0,0.14183506263999301,0.13170806241502664,0.3938001439357946
5226,44.0,0.13990681195832147,0.13015001626739522,0.38752793483279613
5226,45.0,0.1373448417222099,0.1278225110325232,0.3797064412203711
5226,46.0,0.13366577452907183,0.12427698409881019,0.36992565140033307
5226,47.0,0.1306188005940781,0.12142912299350478,0.36071434161685123
5226,48.0,0.12808079711618325,0.11929448594967537,0.35164599278498726
5226,49.0,0.1257018304283224,0.11713455848216087,0.34421340122830685
5226,50.0,0.12300553309655546,0.11471262868174596,0.3358267850463181
5226,51.0,0.12094241573044312,0.11287633066413465,0.32900563389854104
5226,52.0,0.11901190681960672,0.11114167069103516,0.32299444599493454
5226,53.0,0.11707412664467606,0.10938625389841919,0.31749457733351144
5226,54.0,0.11497053066440244,0.1076434640919428,0.31080617280584055
5226,55.0,0.11190696220885733,0.10469603580789168,0.30230872627217076
5226,56.0,0.1080266270954268,0.1009321674959744,0.29212064083126504
5226,57.0,0.10617557213695707,0.0992698110430125,0.2862857907392287
5226,58.0,0.10396919624234098,0.09744284991206943,0.27865902799498476
5226,59.0,0.10116749403428803,0.09499379594725756,0.26957400803888926
5226,60.0,0.09932753542497567,0.09350332602027413,0.2628474805381826
5226,61.0,0.09761347335521817,0.09192808423346559,0.2581716889593705
5226,62.0,0.09519987231895964,0.08972156308334764,0.25125540136598584
5226,63.0,0.09321200713013232,0.08779700329700779,0.24675352598886602
5226,64.0,0.09081325994747451,0.08529887892280705,0.24216622162620807
5226,65.0,0.08918394273295516,0.08358961731462804,0.2384701810501623
5226,66.0,0.08715292647752519,0.0815610123314948,0.23340691050688073
5226,67.0,0.08535101372676926,0.07959850462721865,0.22996645781261804
5226,68.0,0.08344751086984757,0.07762600002340368,0.2253796670105382
5226,69.0,0.08262478599002358,0.07700476168743736,0.2221199573944601
5226,70.0,0.08230803616842249,0.07680984527265312,0.22066550439592125
5226,71.0,0.08152795125622928,0.07616696332423144,0.21791407268556082
5226,72.0,0.08013496719289359,0.07487598586779802,0.21414292578295716
5226,73.0,0.07820476655444851,0.0729698140597578,0.20945434343132013
5226,74.0,0.07630072540331921,0.07115519879918843,0.20438942497610998
5226,75.0,0.07453518111763982,0.06942673454968791,0.20010594263076453
5226,76.0,0.07320566064401145,0.06831036550811784,0.19592266742296166
5226,77.0,0.07202244194643616,0.06720724365610536,0.1927472760395289
5226,78.0,0.0702485227564561,0.06549488313751983,0.1886223946339443
5226,79.0,0.0683178630535215,0.06354322212063174,0.18395027121384858
5226,80.0,0.06677369743925042,0.0620235065458754,0.1798057281793252
5226,81.0,0.06579067711557864,0.06117872267074545,0.1771970714527097
5226,82.0,0.0639735882409243,0.05953252388496173,0.1726713586519163
5226,83.0,0.062269920395639757,0.05803770495286212,0.16798911448060838
5226,84.0,0.061094258101654524,0.05707555799712243,0.1643864086491915
5226,85.0,0.05995269809919545,0.056108750619373135,0.16078757749113787
5226,86.0,0.05926578670686913,0.055680435822607496,0.15804783231740024
5226,87.0,0.05812696027336292,0.054743890792569166,0.15456470861479357
5226,88.0,0.057356872691022145,0.054112202775979015,0.15217819265057586
5226,89.0,0.05557627663817261,0.052414959704000195,0.14806336987055904
5226,90.0,0.05401330060011045,0.05093974497148804,0.14477885541409535
5226,91.0,0.052838078768993206,0.049922058831339745,0.14182014320177033
5226,92.0,0.05180935356036945,0.04901800433759436,0.13917348045057198
5226,93.0,0.050659738363653464,0.04796720954781755,0.13651990985334675
5226,94.0,0.050344987976102505,0.04773997581918549,0.13523092201717463
5226,95.0,0.04958207414184802,0.04708129262089827,0.1331290015529242
5226,96.0,0.04935729090244707,0.047001951470906994,0.13196651343046353
5226,97.0,0.04851474148099798,0.04618565374537562,0.1299946242668557
5226,98.0,0.047789850235419234,0.0456291175050365,0.12768188678553502
5226,99.0,0.04662909922201666,0.04442506043795793,0.1259854307456361
5226,100.0,0.04537948829116211,0.043142874115747874,0.12396138782341407
5227,0.0,2.9066038639870517,5.408116675855963,6.564657815288973
5227,1.0,0.568497050062719,0.6142615952922333,1.5040362492011985
5227,2.0,0.48862285356883384,0.5115504251993562,1.3440246193866043
5227,3.0,0.45236515769511865,0.4604999961442124,1.2665532521469467
5227,4.0,0.42038745891664486,0.41755194727008077,1.1786185001264087
5227,5.0,0.39423569733536207,0.386417699824879,1.1082156479346026
5227,6.0,0.37798647040270306,0.36333535905081543,1.0532563180746675
5227,7.0,0.37280443453183737,0.3525274214466737,1.0293475461295791
5227,8.0,0.36855690338273644,0.34430387775403826,1.0163111939254643
5227,9.0,0.35962139496540596,0.3338924238281602,0.9893821322180691
5227,10.0,0.34835838473471525,0.3224507344814577,0.9550710254872741
5227,11.0,0.34137311643387835,0.3142915588334333,0.9286041250256137
5227,12.0,0.3330220283476899,0.3056747842483831,0.9021690905096372
5227,13.0,0.3210918707501494,0.29410129842855937,0.8728012626094339
5227,14.0,0.3132206258829133,0.2865525536011672,0.8523352007366456
5227,15.0,0.3079113560102249,0.28128802987489887,0.8385840531674768
5227,16.0,0.3001945130321007,0.27407077758071163,0.8190261742220823
5227,17.0,0.29296230075071744,0.2674500043161989,0.7980860769769106
5227,18.0,0.285195712053682,0.2603690225451385,0.7769675490660044
5227,19.0,0.2778742424522962,0.2537117220009046,0.7556723208736804
5227,20.0,0.27249574870385823,0.2487910783121546,0.7401833268826297
5227,21.0,0.26732447226878026,0.24419329848024615,0.7223973539778663
5227,22.0,0.26166923547494403,0.2392366966005665,0.7055153158844208
5227,23.0,0.2560074868472642,0.2343296228454857,0.6871467268246777
5227,24.0,0.24836888912648813,0.22733879654327696,0.6697082224040688
5227,25.0,0.243749872958382,0.22321655806646276,0.6575722368910206
5227,26.0,0.23989106147257339,0.21972982444434416,0.6475646613814718
5227,27.0,0.23510818980457487,0.21557386359920616,0.6329788931411823
5227,28.0,0.23066931983237965,0.211655699720942,0.6211498845568247
5227,29.0,0.22716766884417666,0.20852086962709138,0.6123984184729393
5227,30.0,0.22141510747438878,0.20323013349668112,0.5977391393134216
5227,31.0,0.2197890437822944,0.20212851049051989,0.5883810038296382
5227,32.0,0.2157269655819131,0.1984709588107184,0.5760456974738314
5227,33.0,0.21351162839220567,0.19665685745035655,0.5678727945701258
5227,34.0,0.2106416704556555,0.19434468483286374,0.5562799265816154
5227,35.0,0.20797495932329288,0.19214424303026728,0.5443832499351855
5227,36.0,0.20381736695014846,0.18838550847903787,0.5336750656010405
5227,37.0,0.20114553606386254,0.18607655651928964,0.5253248939983396
5227,38.0,0.19619823705639225,0.181335013069584,0.5153876055568627
5227,39.0,0.19346991837416574,0.1788614869001526,0.5069129792152197
5227,40.0,0.1913351745515484,0.17690282002770785,0.49951428029344114
5227,41.0,0.1879943095851858,0.1738581880617015,0.49013929036392223
5227,42.0,0.18652793029894585,0.17267190394358656,0.48339050881167767
5227,43.0,0.18406323692857676,0.17051159703763644,0.4742180635386781
5227,44.0,0.18054595410873353,0.1672998861344029,0.46465931850438613
5227,45.0,0.17700252730444915,0.1639799593680566,0.45754897304483255
5227,46.0,0.1746428479797453,0.16185249229313015,0.45163537345104615
5227,47.0,0.1719393798671206,0.15944711720436655,0.4450512819871321
5227,48.0,0.17010592787373188,0.1578946227787146,0.43830446369513437
5227,49.0,0.16669871856469162,0.1547824984248696,0.4281405840233489
5227,50.0,0.1638111983122385,0.15223448219815186,0.4185541173284028
5227,51.0,0.1607201794786024,0.14951117666220437,0.408532998399109
5227,52.0,0.15955185862210317,0.14858146137422204,0.402734090844606
5227,53.0,0.15721099445646866,0.14641212151667485,0.39522281407565485
5227,54.0,0.15411517841408467,0.14352635902496447,0.3871768325598467
5227,55.0,0.15153021418645263,0.1410762814000052,0.38079141925701043
5227,56.0,0.14996199558188103,0.1397190305211253,0.3741941096741395
5227,57.0,0.1481407794061597,0.13806068512742492,0.3685442028048571
5227,58.0,0.14614777349224245,0.1362984378661586,0.36173282872172385
5227,59.0,0.14318242778081375,0.13352526780692092,0.35425967565195304
5227,60.0,0.1408877353289887,0.13143159750151465,0.34698457887136386
5227,61.0,0.13738668641832202,0.12807365730844197,0.3392945522894666
5227,62.0,0.1358003501596195,0.12670475286954247,0.3324547799336542
5227,63.0,0.13445504040806794,0.12555674800237243,0.32669745376957066
5227,64.0,0.13364444331958644,0.12497277545391447,0.32160910121991815
5227,65.0,0.13241196237453787,0.12388620227562532,0.3177164296072715
5227,66.0,0.13164698229953917,0.12334468037084725,0.31209730812683834
5227,67.0,0.13013618712138086,0.12201927164446529,0.30725728087702664
5227,68.0,0.12873339126540953,0.12073822273038785,0.303662078932488
5227,69.0,0.12662231586476347,0.1186953628528486,0.2991261727862275
5227,70.0,0.1238747030555159,0.11603310243881781,0.2937119468854502
5227,71.0,0.12238329073783215,0.11473355050081527,0.28916598659943676
5227,72.0,0.12000392486134877,0.11248770227017763,0.2833069946720015
5227,73.0,0.11820150796835076,0.11079150585242618,0.2786228232742821
5227,74.0,0.11649149727594459,0.10921261021048563,0.27375471074794167
5227,75.0,0.11555475902003787,0.1084354177980193,0.27019076820571075
5227,76.0,0.11395987349578841,0.10694819138416793,0.26613544456830557
5227,77.0,0.11133113590712876,0.10443804273849458,0.26042774954604014
5227,78.0,0.10949943291763668,0.1027524941224924,0.2548464210600756
5227,79.0,0.10795013649465549,0.10135255121738292,0.250220115853501
5227,80.0,0.10653241624637086,0.10007231334935851,0.24648019733335144
5227,81.0,0.10441881852209443,0.09802521131986157,0.24166884143220693
5227,82.0,0.10238902721481175,0.09612419576919273,0.23667994438113465
5227,83.0,0.10125832512243539,0.09508169429579756,0.2336683259934596
5227,84.0,0.0989853715334395,0.09291169975597506,0.22830256611823238
5227,85.0,0.09799618271795352,0.09205937998581709,0.22405002457752637
5227,86.0,0.09671158722714344,0.09089943856453195,0.21997629460828666
5227,87.0,0.09486713972304839,0.08914620944117141,0.21579605603872057
5227,88.0,0.09352943724842497,0.08790745074962886,0.21263307087112038
5227,89.0,0.09096928363360861,0.08541784264874978,0.2074161351606469
5227,90.0,0.08982875809959243,0.08438619418900278,0.20410570080496354
5227,91.0,0.08813831312031818,0.08270148804933097,0.2012962835177633
5227,92.0,0.0865153623186815,0.08115446608921931,0.19817088991573345
5227,93.0,0.08563458516346614,0.0803751649577444,0.19516499081217342
5227,94.0,0.08434876802295506,0.079164175506452,0.19217273695049497
5227,95.0,0.08317032303207156,0.07812956025350262,0.18872250046434932
5227,96.0,0.08126347504482459,0.07633973517665403,0.18450077654357958
5227,97.0,0.07886556527656392,0.07397567899736703,0.18086404714700072
5227,98.0,0.07741226136657606,0.07260417273542433,0.17805407652066635
5227,99.0,0.07592246117363396,0.0712434308753767,0.17446914343112996
5227,100.0,0.07408234525309643,0.06948253470079514,0.17094195759603872
5228,0.0,2.9066038639870517,5.408116675855963,6.564657815288973
5228,1.0,0.7583343127446444,0.7316115179408408,1.8484082189082334
5228,2.0,0.7293395623565602,0.6864093738318001,1.689330325569051
5228,3.0,0.6656852062869308,0.623309251837462,1.5500086690588577
5228,4.0,0.6244084482280338,0.5839849358372703,1.4401696302058025
5228,5.0,0.6070839558786447,0.5687092583955687,1.3592653394871672
5228,6.0,0.5714345207938352,0.5345135099325491,1.272129634343282
5228,7.0,0.5193506107454361,0.4843780976029279,1.1708062341553833
5228,8.0,0.49083864691946666,0.45744714061673514,1.1074169504809266
5228,9.0,0.4714740626178545,0.4398022389083049,1.0644489416914111
5228,10.0,0.45084319122089317,0.4208047680538115,1.0149249196034866
5228,11.0,0.4325182393629682,0.40379357854956227,0.9748201025050097
5228,12.0,0.42063543180314567,0.3939422097401331,0.9331436201505372
5228,13.0,0.40320280948060644,0.37875617195206496,0.8862008738839193
5228,14.0,0.39692886973999997,0.374322332311455,0.8607077890362299
5228,15.0,0.38892639178296473,0.3679389932486251,0.832987499556675
5228,16.0,0.3784464622263415,0.3594113567087578,0.7959353908837615
5228,17.0,0.3747172002173105,0.3576444343988749,0.7678846551344931
5228,18.0,0.36801945473371833,0.35238295923424895,0.7454921022994278
5228,19.0,0.35371491387636633,0.33917220110650237,0.7120513378113938
5228,20.0,0.3465461690252843,0.3334471244766822,0.6777161779238506
5228,21.0,0.34162910840597804,0.3294643894465909,0.6584816052418863
5228,22.0,0.33545201663874596,0.3237582750911996,0.6456319774056638
5228,23.0,0.3263542314244232,0.3154189300799263,0.6255722305995245
5228,24.0,0.3188956777866358,0.30890010195827805,0.605426070020662
5228,25.0,0.3140337897124683,0.3052873342770926,0.5864205913781263
5228,26.0,0.30321779077720706,0.29511360293481187,0.5666584105992126
5228,27.0,0.2997159584597642,0.2921864538145313,0.5557053332988551
5228,28.0,0.29730359908438403,0.29018473439114717,0.5484137653018839
5228,29.0,0.2889025941699799,0.2818837166142856,0.5365124323170852
5228,30.0,0.2805496153594508,0.27374942227322013,0.5197039940270836
5228,31.0,0.26947267647151424,0.262834632766769,0.49989396834029387
5228,32.0,0.2633991142983287,0.2571211939456599,0.48447324188346574
5228,33.0,0.25858922965623415,0.25257693624838784,0.47207409642614384
5228,34.0,0.2497410212592109,0.2438076972079827,0.45605333601311854
5228,35.0,0.2440798276617347,0.2382540339890313,0.4441017893809779
5228,36.0,0.2413506048131919,0.2358364651198512,0.43377250058979694
5228,37.0,0.23474363714805596,0.22931595416800024,0.41899373006124074
5228,38.0,0.23295770434178809,0.2278506576685216,0.40899820835498757
5228,39.0,0.23425493938956024,0.22976303373237436,0.40120087000258053
5228,40.0,0.2323329537061695,0.2281641886255469,0.39257038871133637
5228,41.0,0.22942981150269195,0.2253546301043513,0.38467559379321203
5228,42.0,0.22503250492624394,0.2211129915564195,0.37629782614975193
5228,43.0,0.2248977057931254,0.22125558110811144,0.37142352705996645
5228,44.0,0.22552277745400318,0.22214752189513878,0.36877191135573
5228,45.0,0.2252024222262494,0.22228829087523075,0.3629566713776012
5228,46.0,0.2241787838452017,0.22151510398581595,0.35653816530364413
5228,47.0,0.22196153407761668,0.21949735046499655,0.35124458293649186
5228,48.0,0.21811736757030883,0.21565188693489776,0.3438447273847844
5228,49.0,0.2139949778691986,0.21154197717684575,0.3348043398961781
5228,50.0,0.2088191392854476,0.20642161336010248,0.32438665937801475
5228,51.0,0.20374285493458924,0.20136324809418535,0.3157147951082829
5228,52.0,0.20060273008472737,0.19839904441186726,0.30933262321769533
5228,53.0,0.19901777986933827,0.19704095403161556,0.3042255603744503
5228,54.0,0.19608442760946543,0.1943295228681445,0.2977092687879649
5228,55.0,0.19114503985367323,0.18959345019721452,0.2880213238210977
5228,56.0,0.18480130381423593,0.1832679849805045,0.278540326819215
5228,57.0,0.1818785259230643,0.18041308014358487,0.2726981758366579
5228,58.0,0.1797964508520099,0.17852536646427022,0.2663590024835085
5228,59.0,0.17814004424284044,0.17698470461116497,0.2619944387568584
5228,60.0,0.17660019803287644,0.17549904821416065,0.2585785622648926
5228,61.0,0.1742088845829122,0.1732007651895518,0.2536608582542811
5228,62.0,0.17198919302765595,0.17111494975477215,0.24865769099078844
5228,63.0,0.16830983429559843,0.16749613898353075,0.24291790498581944
5228,64.0,0.16405930160442955,0.16328023674527395,0.23684260229906323
5228,65.0,0.1590221920739726,0.1583047532133021,0.22983088820930617
5228,66.0,0.15554204180150885,0.15491229354624378,0.2245222959014108
5228,67.0,0.15118301084994634,0.15069770934975193,0.21829427701177154
5228,68.0,0.14693206781038604,0.1463491255545207,0.21366027365250512
5228,69.0,0.14513661753529497,0.14461737049299264,0.20988456516142415
5228,70.0,0.14339718571811755,0.14288196067701112,0.20797504957289756
5228,71.0,0.13990140510805527,0.13933073468499443,0.2042034172047216
5228,72.0,0.13861702118059807,0.13799147121614172,0.20242570509062915
5228,73.0,0.13595794531108601,0.13533273510810323,0.19770765409562352
5228,74.0,0.1355271674249994,0.13493553337958536,0.19610084450457585
5228,75.0,0.1345919230590742,0.13411105809028218,0.1942155721647429
5228,76.0,0.13329650750735014,0.13281161423474264,0.19184905842949448
5228,77.0,0.13148926046014286,0.13109709739600617,0.1888222720485728
5228,78.0,0.12831545050252813,0.12789920583418793,0.18527605403158645
5228,79.0,0.1233262982903924,0.12290404925860901,0.18040393000388466
5228,80.0,0.12086499354710527,0.12046101248481815,0.17636766455346503
5228,81.0,0.12076510008895087,0.12048919538633353,0.17470971021552964
5228,82.0,0.11866664970801408,0.11837550873739362,0.17178147569149663
5228,83.0,0.11703487219525316,0.11682572087633122,0.168664466989139
5228,84.0,0.11540689151865861,0.11533174520885166,0.16455497016316895
5228,85.0,0.11427952674542567,0.11431912541177977,0.1622680470409078
5228,86.0,0.11246839269092312,0.1125237901297601,0.1598465997785679
5228,87.0,0.10991522791045975,0.10999924847144783,0.15671049454483396
5228,88.0,0.10938697994887482,0.10947746562635924,0.1555118776758782
5228,89.0,0.10771185002400827,0.107777783035436,0.153395098621383
5228,90.0,0.1064528665769847,0.10651261858231804,0.15192219582716548
5228,91.0,0.10387646740664469,0.10392340890749134,0.14917691320045118
5228,92.0,0.10246431933323248,0.10254207742882386,0.14748462211101598
5228,93.0,0.10043305616062995,0.10057634921791542,0.1450052037837364
5228,94.0,0.09789720791598444,0.09798335714192195,0.14252224445515754
5228,95.0,0.0952982341812901,0.09531872431689158,0.1400193838580196
5228,96.0,0.09264707946598236,0.0926652747732763,0.13751812236105757
5228,97.0,0.09177772536203545,0.09183142227661355,0.13628369484791883
5228,98.0,0.0901060205526029,0.09018809188618326,0.13452411238121945
5228,99.0,0.08778979862164353,0.08791429507550007,0.1323142136031898
5228,100.0,0.08600954597521694,0.08614700037331174,0.130281492723067
5229,0.0,2.9066038639870517,5.408116675855963,6.564657815288973
5229,1.0,0.6232615494076941,0.7090769237434059,1.5038007380404093
5229,2.0,0.5027886459490593,0.5628570155476273,1.3500062077565496
5229,3.0,0.4397678018865046,0.4769917907383441,1.2441627731393357
5229,4.0,0.40696871815022845,0.43376356610124145,1.1635024407155439
5229,5.0,0.3872678744228152,0.39948092548170266,1.1092626052708479
5229,6.0,0.37307775826054046,0.37878711097378953,1.0708731627033976
5229,7.0,0.35845130298826094,0.3587262753985792,1.0308033235474428
5229,8.0,0.34775492497934873,0.34212560396935293,0.9988559916626925
5229,9.0,0.33495439536616195,0.3255311997525693,0.9629885963393744
5229,10.0,0.32285315024282585,0.3116740993299079,0.9307985225339852
5229,11.0,0.311805012413626,0.2991412814745901,0.8996551676498182
5229,12.0,0.3041361585288862,0.2896896822502912,0.8776977765189573
5229,13.0,0.29701448518295837,0.2823968607087705,0.8560331982231981
5229,14.0,0.2905712354836977,0.27581371820622425,0.8375780420364843
5229,15.0,0.2841243063911613,0.2691362614545659,0.8189259449111155
5229,16.0,0.2777278916028897,0.2608855794039747,0.8041926905988203
5229,17.0,0.2703585566812477,0.25299101368179033,0.7847726082586161
5229,18.0,0.26496592132154495,0.24684189968329123,0.7703265365291248
5229,19.0,0.25871128333169124,0.24022236728005825,0.752998428164668
5229,20.0,0.251849719401045,0.23324401241673087,0.7334378207312973
5229,21.0,0.24527343282203956,0.227144990200414,0.7143787264329214
5229,22.0,0.2402194608786771,0.22231940408510256,0.6993510159646374
5229,23.0,0.23757169180850554,0.21950259680422315,0.6919380670020414
5229,24.0,0.23315854373699282,0.21532148289144612,0.6782859925074037
5229,25.0,0.2309100362924646,0.21290273682020863,0.6706338830177035
5229,26.0,0.2274103059449768,0.20958386237958312,0.6601746227660186
5229,27.0,0.22327250953835912,0.205779882306213,0.6486686215274928
5229,28.0,0.22060969778045206,0.20361950710264745,0.6395310443328877
5229,29.0,0.21882867571780176,0.20207586898189564,0.6330770391822823
5229,30.0,0.21552826325197277,0.19908979148129635,0.622575959744345
5229,31.0,0.2140619731831408,0.19766235217974173,0.6188102153820134
5229,32.0,0.21165417319334368,0.19520857284489504,0.6130272355660684
5229,33.0,0.20805630293400873,0.1916512081614266,0.603224675432854
5229,34.0,0.2048722971012582,0.1887286199604599,0.5942412268187347
5229,35.0,0.2024741995727863,0.18649060342373316,0.5872570180387563
5229,36.0,0.19926997719428327,0.18364416948767504,0.5782606736446056
5229,37.0,0.1965431015756689,0.18085782486303154,0.5707872942703194
5229,38.0,0.1946763490636412,0.17914119788494456,0.5651848354943151
5229,39.0,0.19222097011445313,0.1769672835012788,0.5580154054536695
5229,40.0,0.1895378580634962,0.17440398962819628,0.5501203145998474
5229,41.0,0.18687957621555223,0.17201356182854413,0.5419795536774218
5229,42.0,0.1838942079501274,0.16929499903366538,0.5328838013128504
5229,43.0,0.18162013185630244,0.16712682020121966,0.5267128771918473
5229,44.0,0.17993454367782558,0.16551640541275048,0.5218498357626152
5229,45.0,0.17788585749118407,0.16376492285458444,0.5152979956321185
5229,46.0,0.17562967936979654,0.16182063103483332,0.50830303861555
5229,47.0,0.17323213288428457,0.1597977464980592,0.500102768415008
5229,48.0,0.17184401952900855,0.15868420876327927,0.49550326820555624
5229,49.0,0.16939243694563424,0.15646807530097157,0.4879509228372836
5229,50.0,0.16626115200083438,0.15364576362442786,0.47832238258060084
5229,51.0,0.16345757281288106,0.15090702102254494,0.4710342497254387
5229,52.0,0.16134392564126593,0.14890197209007677,0.4651483663669933
5229,53.0,0.15958116864315852,0.14726975312881682,0.45988873565853383
5229,54.0,0.15812164740149964,0.14598777908269672,0.4551455453169399
5229,55.0,0.15575371387320494,0.14387184109449883,0.4479790384900558
5229,56.0,0.15295423441837197,0.14138292294186294,0.43906920719002485
5229,57.0,0.15120496366244074,0.13988764462888842,0.43374956929738023
5229,58.0,0.14839141477623502,0.13731584457938795,0.4247563719998364
5229,59.0,0.1449215409394764,0.1339891553525551,0.4149071036339195
5229,60.0,0.1426162256553367,0.13177138712065697,0.40825037619654236
5229,61.0,0.14062359532444824,0.12996228155700162,0.40265565938839365
5229,62.0,0.1378806001320506,0.12735269926886858,0.3949650574785238
5229,63.0,0.13598729168138984,0.12561474153072674,0.3893076022741862
5229,64.0,0.13374386835217006,0.12350891746760338,0.3829469751505474
5229,65.0,0.1315601241598441,0.12145506216475903,0.3768674933264561
5229,66.0,0.12947596410660586,0.11945120984306508,0.3712459539912858
5229,67.0,0.12733652047395122,0.11738113184279846,0.3651416317927909
5229,68.0,0.1253854971501883,0.1155328547889074,0.3590356100024618
5229,69.0,0.12330039970071169,0.1137122932975814,0.35189700252736983
5229,70.0,0.12114490696098186,0.11171286751924155,0.34539861151868434
5229,71.0,0.11930956994533928,0.11003389383573042,0.3401828859256931
5229,72.0,0.11728329437417542,0.10815628946920797,0.33446617774704096
5229,73.0,0.11593288840901761,0.10700118124945014,0.32993425306493024
5229,74.0,0.11488634414302562,0.10609148711193489,0.3264558541135411
5229,75.0,0.11310474827868727,0.10440008652694643,0.32128654128066664
5229,76.0,0.11170543149853325,0.10311001414333297,0.31733230846189286
5229,77.0,0.1099287766993227,0.10144143422509036,0.3122157930852491
5229,78.0,0.10871397506286279,0.10038655298654212,0.3082734168643774
5229,79.0,0.1069784019652099,0.09869989052015495,0.3039124233879681
5229,80.0,0.10479218025870353,0.09667964980689449,0.2974870446485595
5229,81.0,0.10293650390859926,0.09492684027344885,0.2922211542543155
5229,82.0,0.10099302228694125,0.09303141295463171,0.28691321246588997
5229,83.0,0.09958079089468577,0.09169536729026732,0.2829423134677968
5229,84.0,0.09752754156868627,0.08974853550701237,0.27687154002119535
5229,85.0,0.09544499645052631,0.08786835137633582,0.27052930619817006
5229,86.0,0.09364489539751757,0.08617949505894774,0.2652077443187307
5229,87.0,0.09219691173680368,0.08486242301371703,0.2608917959215046
5229,88.0,0.0906492945271209,0.08344412031792396,0.25601571476254437
5229,89.0,0.08887784649525579,0.08172663073349734,0.2510656049159967
5229,90.0,0.0875393557620395,0.08045962632808314,0.24704791109325097
5229,91.0,0.0862621834980924,0.07926556926605752,0.24346992920250016
5229,92.0,0.08498348279792313,0.07808996915686472,0.2396313048488035
5229,93.0,0.08368567719710521,0.0768941518566456,0.2358474368293704
5229,94.0,0.08250751175353667,0.07580199341005821,0.23240269144494669
5229,95.0,0.08143021949119376,0.0748007066725052,0.2292423440754371
5229,96.0,0.08064999228876146,0.07400655169324853,0.22724505811648055
5229,97.0,0.07946013402876989,0.07292051786476945,0.22361434282864753
5229,98.0,0.07850447092660173,0.07206320300866993,0.22081643910616344
5229,99.0,0.0775461403125096,0.07115110764774137,0.21830340695000136
5229,100.0,0.07671545573023962,0.07037784762445541,0.21598844878649637
5230,0.0,2.9066038639870517,5.408116675855963,6.564657815288973
5230,1.0,0.5046106541992056,0.5875002714851967,1.346755454035736
5230,2.0,0.4302239397123466,0.48604875467673164,1.188762090174914
5230,3.0,0.38556967769778044,0.4254043917131241,1.095850093730449
5230,4.0,0.3571507861211758,0.39848254894555163,1.0343263694179463
5230,5.0,0.3399709411634778,0.37182404359406873,0.9941135298350788
5230,6.0,0.3173438762207499,0.345659728368713,0.9361146118501343
5230,7.0,0.2984066372450222,0.3179644626481114,0.8826303316290658
5230,8.0,0.28761899617088427,0.2998018624882524,0.8493308164776763
5230,9.0,0.28228316597489134,0.28591252152617114,0.8287693132235642
5230,10.0,0.27701115460865094,0.2724520524852877,0.8069661487803703
5230,11.0,0.270013649883934,0.26059187815457996,0.7808516524126461
5230,12.0,0.26576597537226115,0.2536695313693787,0.7624300744159844
5230,13.0,0.26138987811063624,0.24771014366614694,0.7497428971956762
5230,14.0,0.2543769958062308,0.23858007190172872,0.724608763976209
5230,15.0,0.24876180907692963,0.23213277642915167,0.7038990519553819
5230,16.0,0.24301610313527072,0.22594689838613366,0.6900047924650764
5230,17.0,0.23642325257152658,0.21905438439367514,0.6775696576624757
5230,18.0,0.23276512937769722,0.21471636727629437,0.6693083701301936
5230,19.0,0.2290297908392422,0.21046550025002977,0.6599920507875803
5230,20.0,0.22305751991633133,0.20442349928432355,0.6420525468724997
5230,21.0,0.2198484204917822,0.20098561078660987,0.6306089621249995
5230,22.0,0.21603187744879138,0.197287590368202,0.6194840861885031
5230,23.0,0.21342571758079265,0.19469764295456043,0.6106013109602652
5230,24.0,0.21199640170298092,0.19329996505257419,0.6012658905852653
5230,25.0,0.2082349398989788,0.189874372436769,0.5883780701591222
5230,26.0,0.20696893459232682,0.18893204152553275,0.5768674170901591
5230,27.0,0.20485010169854828,0.1872779304698801,0.5647002542020251
5230,28.0,0.20149580237137013,0.18440972735568237,0.5548159627306358
5230,29.0,0.1989349568495446,0.18225260036074017,0.5466667519526116
5230,30.0,0.1955916313833212,0.17922331703655317,0.5367544772370014
5230,31.0,0.19370190303423426,0.1775922839720516,0.5312693449121422
5230,32.0,0.1928533430557928,0.17712468231602613,0.524740031574625
5230,33.0,0.1908918012596753,0.175494100577601,0.5177787756127908
5230,34.0,0.18924243695689985,0.17414062184065895,0.5108817415139136
5230,35.0,0.1856013292976553,0.170855773762185,0.5017112685813659
5230,36.0,0.18283094520237375,0.16837763086712582,0.49445559270554923
5230,37.0,0.17982991631883563,0.16554300617733408,0.487244392860572
5230,38.0,0.17785966054111246,0.1639457593475007,0.47843315558980287
5230,39.0,0.17523848051659668,0.16171429594633724,0.4699543082587777
5230,40.0,0.17287635048781716,0.15967742344959715,0.4626244684451772
5230,41.0,0.17123677256763756,0.15849588499498887,0.45483809161576844
5230,42.0,0.16713008478989577,0.15471747569520286,0.4443501033893098
5230,43.0,0.1653279321095183,0.15321035939195185,0.4380058961900259
5230,44.0,0.16216277979432922,0.15036508972001675,0.4301153592464539
5230,45.0,0.15962749729569048,0.14815430816142944,0.4234596505547867
5230,46.0,0.15569147141101095,0.1445311151077793,0.41179417697019544
5230,47.0,0.15380461947786173,0.14286494569649594,0.4055426454181545
5230,48.0,0.15349524434650863,0.1427887651514858,0.4021928152442568
5230,49.0,0.151937325116455,0.14141243056633457,0.3964060327781054
5230,50.0,0.15054732597416853,0.1402429259416887,0.3908045685775882
5230,51.0,0.14899677235367498,0.13884708896151018,0.3857840187634439
5230,52.0,0.14716867559259278,0.1373556739598666,0.3787527162130864
5230,53.0,0.14513067810091074,0.13559633617580583,0.3714704223222557
5230,54.0,0.14296947740535734,0.13360250449395022,0.36585122870199327
5230,55.0,0.14072484255429552,0.13153970827103603,0.3598630428465593
5230,56.0,0.13826964813141887,0.12926730653023116,0.35356519738152403
5230,57.0,0.13840764714605655,0.1297331200027615,0.34972172982971345
5230,58.0,0.1380041859575427,0.12958985911960444,0.3457121383871703
5230,59.0,0.1376805872704752,0.12944027252761664,0.3412296280369767
5230,60.0,0.13554615766333017,0.1274450639622619,0.33591589989564963
5230,61.0,0.13461179600255407,0.12661667590371953,0.33266656759460106
5230,62.0,0.1327226138722594,0.1248590165524918,0.32824359683361876
5230,63.0,0.13187139806726772,0.12412799685284533,0.32554218323295636
5230,64.0,0.13058508113043055,0.12298677262566322,0.3215399184166517
5230,65.0,0.1300667669709944,0.12256290949625273,0.3193832355166257
5230,66.0,0.1288119563941772,0.12146274865235718,0.314876486951774
5230,67.0,0.12690698893339905,0.11972277722820143,0.3090537956214429
5230,68.0,0.12558072321037217,0.11844285393266796,0.3054651361058917
5230,69.0,0.12468234619736929,0.11764815452821563,0.3019303741541413
5230,70.0,0.12367132318028269,0.11679147489002523,0.29858949271623075
5230,71.0,0.12221173019921806,0.11542501875731606,0.29437052662589236
5230,72.0,0.1205116618102536,0.11384428300205916,0.28960199062067976
5230,73.0,0.11847093675736624,0.11186667386418256,0.28549693906821116
5230,74.0,0.11746725729418218,0.11095132288477214,0.2838167052373097
5230,75.0,0.11715399485410594,0.11079634799273673,0.28143500955384965
5230,76.0,0.1172124546912402,0.111059273529639,0.2791067924560171
5230,77.0,0.11612868381889294,0.11008837693712788,0.27571957959024246
5230,78.0,0.11647078394822592,0.11058885738134422,0.2734545008522088
5230,79.0,0.11618168501276167,0.11042861380335786,0.27081298553761934
5230,80.0,0.11590822874978354,0.11027293990774129,0.26905119673361105
5230,81.0,0.11502900429008854,0.10944553187646186,0.2670108078405126
5230,82.0,0.11324673388290392,0.1077605811300146,0.2623618683491706
5230,83.0,0.11269335039051845,0.10730688143728788,0.2597788439634277
5230,84.0,0.11156073081523328,0.10620467908588237,0.2567105967576948
5230,85.0,0.11043979541923557,0.10514795213899152,0.2533318544964299
5230,86.0,0.10880966036415168,0.10356488763072938,0.2500711058567905
5230,87.0,0.10661373855263998,0.10140295741303702,0.2453596335200291
5230,88.0,0.10518742508710233,0.10001845096521744,0.24240558172328455
5230,89.0,0.10457788652537096,0.0995231883006441,0.24037493522807324
5230,90.0,0.10297572004190245,0.09798540741738487,0.23670779292141333
5230,91.0,0.10223050321154947,0.0972878196192828,0.23496740026296342
5230,92.0,0.10058120465315083,0.09566943938471868,0.23157741558749081
5230,93.0,0.0993925588830178,0.09445643049844446,0.2299008201244316
5230,94.0,0.09809848418813175,0.09317354620859379,0.22788130436924545
5230,95.0,0.09717818196052525,0.09239152751148855,0.22543885784370593
5230,96.0,0.09700203857889479,0.09230067898720698,0.2239946319591485
5230,97.0,0.09578471439156484,0.09111835823659721,0.22169358053364632
5230,98.0,0.09467421927631031,0.09010589926395979,0.21909225462810128
5230,99.0,0.09343555780423218,0.0889885597318476,0.21573253564189104
5230,100.0,0.0917268775297597,0.08733819928502189,0.21209348326979152
5231,0.0,2.9066038639870517,5.408116675855963,6.564657815288973
5231,1.0,0.5993047123812034,0.6345873898978062,1.599684920480587
5231,2.0,0.538427669005546,0.5563041849002953,1.450873491241743
5231,3.0,0.48018158916740655,0.4899542869405419,1.3220762805714086
5231,4.0,0.4379105627990039,0.4433822717475683,1.2103908936184613
5231,5.0,0.40555065863216916,0.4067783982520838,1.1380615662131788
5231,6.0,0.38269177847990987,0.379795063583444,1.0812761779522215
5231,7.0,0.3621017025476524,0.35665524376520724,1.0276373259746907
5231,8.0,0.34830879057024877,0.34332205717629616,0.9905564728298549
5231,9.0,0.3357369999108401,0.32798999233258147,0.9505294425842837
5231,10.0,0.3241984377223012,0.3137987629616859,0.9198464106666608
5231,11.0,0.30775403786566735,0.29525114032298244,0.8768362762190449
5231,12.0,0.2946360324096444,0.27939703001014077,0.844983049568464
5231,13.0,0.28580992259162163,0.2694113721067594,0.8226874610365471
5231,14.0,0.2750187884108073,0.2588069769519028,0.7912811290702947
5231,15.0,0.26463120926636546,0.24774953399448701,0.7625360785864777
5231,16.0,0.25785746853916053,0.2397233034135609,0.742338637199374
5231,17.0,0.25117534060091057,0.233022030992507,0.7233380629252043
5231,18.0,0.24422821431074662,0.22651252434359084,0.7022906698750305
5231,19.0,0.2374579613257058,0.22021295321111872,0.6823149214476616
5231,20.0,0.23118916801642286,0.2136045304223622,0.6658808534819124
5231,21.0,0.22640737292622468,0.20899384234239052,0.6527605056119229
5231,22.0,0.22117686714743268,0.2039561325944861,0.6383180307425553
5231,23.0,0.21609377723142012,0.19877853561248798,0.6247393500856042
5231,24.0,0.21120769483012192,0.19375926873113716,0.6118031553273114
5231,25.0,0.20567925572135298,0.18860595695165233,0.5955590390361362
5231,26.0,0.2023896769217544,0.18559984355064157,0.586201491192723
5231,27.0,0.19818714559943254,0.18172405036801656,0.57430208127147
5231,28.0,0.19337443819580238,0.17753268368423777,0.5596937086754761
5231,29.0,0.18901348313346733,0.17355465375578963,0.5468762990163777
5231,30.0,0.18692012687819992,0.1717674535179125,0.5400922462369327
5231,31.0,0.18386045138502666,0.1690629640539405,0.5303262182241391
5231,32.0,0.18137756947920558,0.16673758770412267,0.5224006584659988
5231,33.0,0.17893804152015022,0.16433450266650895,0.5159214080601632
5231,34.0,0.17668965577160317,0.16231144836126188,0.5092518435073952
5231,35.0,0.17333296962198474,0.159151382385197,0.49963339926205336
5231,36.0,0.170689388320372,0.1567795392306578,0.49182828275661017
5231,37.0,0.16783604536015395,0.15397043857786405,0.48395019582873827
5231,38.0,0.16465921729498048,0.1511398381776041,0.4748428275011382
5231,39.0,0.16194430591397035,0.14875796932265242,0.4663700251219967
5231,40.0,0.1596267786412225,0.14671026608167143,0.45934535648680613
5231,41.0,0.1578374629465814,0.14502114697650745,0.45395706053537754
5231,42.0,0.15540620498127974,0.14289377742539927,0.4465077811592607
5231,43.0,0.15278222308094355,0.14059850369211271,0.43867614104889685
5231,44.0,0.14990014224662906,0.13816753218635566,0.4297438541145498
5231,45.0,0.14773537455402272,0.13630665567813544,0.423288157983696
5231,46.0,0.14549024647314585,0.13416008871708102,0.41694033196609787
5231,47.0,0.14285400867357193,0.1318617679160272,0.4084590440282836
5231,48.0,0.14079985821860794,0.13014084081942237,0.40186833565510255
5231,49.0,0.13790190853845163,0.12737954092235512,0.3936277148653033
5231,50.0,0.13515736270575335,0.1250657233939695,0.38439739677955864
5231,51.0,0.1325726072640431,0.12271838294364824,0.3770613048193661
5231,52.0,0.13087623390439165,0.1212571895040667,0.37101024686994544
5231,53.0,0.12904035773649636,0.11953408789921238,0.3656589700680584
5231,54.0,0.12733417377146172,0.11788570798518265,0.36105944158424225
5231,55.0,0.1250851630929516,0.11575450844423316,0.3541122079831008
5231,56.0,0.12327849551743389,0.11414009852299535,0.34816425771947795
5231,57.0,0.12083528993735262,0.11195401975779865,0.3405268753460704
5231,58.0,0.11904291677654136,0.11043590191463765,0.33432726221911035
5231,59.0,0.11583750638134095,0.10742871047979793,0.3247705988016696
5231,60.0,0.11344420957950022,0.10513073395458122,0.31808080498971225
5231,61.0,0.11083908345536445,0.10267675706667741,0.3105013551260255
5231,62.0,0.10798145024831406,0.09990352494811844,0.30304828135044404
5231,63.0,0.1053270812843174,0.09736798578448982,0.29541972642997444
5231,64.0,0.10313463964469778,0.09527191036183129,0.2889374107129486
5231,65.0,0.10041989280114198,0.09264146806699851,0.28113345052987027
5231,66.0,0.09838076593088703,0.09072349186601415,0.27534016140152545
5231,67.0,0.09689512736772686,0.0893141967462059,0.2709029593156732
5231,68.0,0.09552732397414952,0.08799521259552896,0.2666256952110258
5231,69.0,0.09429900332626451,0.08679233182477322,0.26308212125198627
5231,70.0,0.09292852812166554,0.08547408171633127,0.25912081951808935
5231,71.0,0.09147272009611937,0.08416539287580276,0.2546916879867953
5231,72.0,0.09044801982649982,0.0832472873342828,0.25163692131150933
5231,73.0,0.08891337116583072,0.08181855128556496,0.24717721330795495
5231,74.0,0.08725955507480929,0.08027304070983227,0.24240325331766752
5231,75.0,0.08545175925848444,0.0786239572949506,0.2369080302336859
5231,76.0,0.0839876688585623,0.07731301598965164,0.2328241370134924
5231,77.0,0.08270399661323898,0.07611954889055807,0.2292236745566632
5231,78.0,0.08098176791524438,0.07453714204680613,0.2245279374981636
5231,79.0,0.07918033301177133,0.0729228705869119,0.2191292674655886
5231,80.0,0.07749373164950005,0.0714335631225592,0.2143394833641313
5231,81.0,0.0757501489122324,0.06987309168515467,0.20927789060799218
5231,82.0,0.0740014816079039,0.06831290597032678,0.204345868908614
5231,83.0,0.07243112720574295,0.06683650250298495,0.19974762502031362
5231,84.0,0.07073271155675087,0.06542490817828456,0.19448427820240402
5231,85.0,0.0693265378437689,0.06424315376989205,0.19042635117705062
5231,86.0,0.06772667624010995,0.06282686477359661,0.1858295988743067
5231,87.0,0.0668675299744982,0.062145546840158106,0.182880332452298
5231,88.0,0.06540480539758364,0.060803029479490206,0.17889978570578724
5231,89.0,0.06406745366101103,0.059497310480248776,0.1755635513693366
5231,90.0,0.06298110916936318,0.058508784305704296,0.17290106321875962
5231,91.0,0.0620645079052232,0.05766838463418917,0.1704899318676469
5231,92.0,0.06072316114871251,0.05649376528885263,0.16637265035841053
5231,93.0,0.059082634374915476,0.05497875374523792,0.1620552205719893
5231,94.0,0.058048238339641796,0.054210707473898764,0.15830711375580786
5231,95.0,0.0566788226445336,0.052991619177127296,0.1544538927080968
5231,96.0,0.05593185488824277,0.05241743140097122,0.15181199739019322
5231,97.0,0.054446694287115856,0.05100890538615826,0.1481524113580787
5231,98.0,0.05292351858581518,0.04948145389386356,0.1452411480755521
5231,99.0,0.051070344361626316,0.047660883096966346,0.14170921681245127
5231,100.0,0.05014742451208662,0.04680669133521653,0.1391726038175475
