seed,t,e_F,e_F_full,e_Fprime
5200,0.0,2.9066038639870517,5.408116675855963,6.564657815288973
5200,1.0,0.4997837048664809,0.5031833727159123,1.2087101639693647
5200,2.0,0.45600943732707877,0.43814674408356,1.0896127243120448
5200,3.0,0.3973757481950553,0.37369900883837387,0.984477171789995
5200,4.0,0.35399844323615887,0.3330869566254858,0.88054638013308
5200,5.0,0.3328691601263474,0.31332524139012147,0.824199158684173
5200,6.0,0.3072897075925039,0.28787796871682064,0.7744188624156811
5200,7.0,0.2828012416527999,0.2636336747756041,0.7336545876608
5200,8.0,0.26484364200474186,0.24762169326733854,0.6848144775580407
5200,9.0,0.2584669915019258,0.24278842067728926,0.649113148967709
5200,10.0,0.2480559969486292,0.23368210611909906,0.6203575202408421
5200,11.0,0.24312262670679566,0.2296931354830174,0.6110129235082402
5200,12.0,0.23793500821449962,0.2259098013124172,0.5871690563959486
5200,13.0,0.23334913799929718,0.22209013429113644,0.5666859952487682
5200,14.0,0.22985425752061042,0.21954919449024957,0.5445774648521824
5200,15.0,0.21966150075576427,0.2095691605762662,0.5209518912023415
5200,16.0,0.21016148342262378,0.200502848552871,0.4982285138887125
5200,17.0,0.20461938812257266,0.19562116555143752,0.47833396046735366
5200,18.0,0.19824844783836792,0.18952203909790954,0.46299934787484176
5200,19.0,0.187943794829972,0.17912307184502343,0.44403844671824627
5200,20.0,0.17991804253604593,0.1714709331391928,0.423248918961687
5200,21.0,0.1713355797616965,0.16306518820736138,0.406031800834474
5200,22.0,0.16885438023103513,0.161432402761887,0.3908186717360861
5200,23.0,0.16508924277548145,0.15781961049556809,0.3824672827836955
5200,24.0,0.16326302721400002,0.15625828442123219,0.3775661242420267
5200,25.0,0.16337177937005617,0.15641653633436894,0.38062133602384807
5200,26.0,0.16172860014462387,0.15467767181892753,0.3813048586060372
5200,27.0,0.1610597139748782,0.154171862210475,0.38141302308214775
5200,28.0,0.15956556650793627,0.15274429623367086,0.3804953795210516
5200,29.0,0.15641421423928387,0.14960268791441664,0.3762633394728012
5200,30.0,0.15634370777854167,0.1494592868669841,0.3777718043831556
5200,31.0,0.15214605812844237,0.144991497565401,0.37438739823950845
5200,32.0,0.14806117248497366,0.14051576232673774,0.37130207864062104
5200,33.0,0.14738130077971995,0.13983387579864415,0.37161497459583936
5200,34.0,0.15021629267092565,0.14301297419949044,0.3733572700555617
5200,35.0,0.15044820486279928,0.14330458635631405,0.3738721196811633
5200,36.0,0.15183148353382453,0.14491906822328526,0.37409197887318874
5200,37.0,0.1535500243183522,0.14673537461426586,0.3744023736038119
5200,38.0,0.15510476264336812,0.14831080406924893,0.3762450651038417
5200,39.0,0.15431125917618171,0.1472463673607396,0.37909923619557084
5200,40.0,0.15494123109909957,0.1479105014212867,0.38174488213715957
5200,41.0,0.15598022224097366,0.14900559319320825,0.38379755934185383
5200,42.0,0.15708939294097296,0.15011336232643652,0.38650369072725593
5200,43.0,0.15837697566596595,0.15161665727194415,0.38715617945398906
5200,44.0,0.1569809292659149,0.15012707124869284,0.3867284342857038
5200,45.0,0.15506299606467888,0.147969465550191,0.3879791076324202
5200,46.0,0.15560586158635442,0.148460893739641,0.39050070963350114
5200,47.0,0.15603714128869742,0.1488509917864131,0.3930523120842644
5200,48.0,0.15614863564395165,0.14886727089149057,0.3953281609102795
5200,49.0,0.15486310010838555,0.14737433235457043,0.39706328055538076
5200,50.0,0.1565022061295161,0.14897767624515354,0.4012630812323409
5200,51.0,0.1566796876039158,0.14900601744126463,0.40428215665432865
5200,52.0,0.1562082469130147,0.14846446151044634,0.40486268556138916
5200,53.0,0.15651526196476112,0.1487672115951487,0.40578153958530466
5200,54.0,0.15690773713895959,0.14913472116970436,0.40770600951356534
5200,55.0,0.15763656381633467,0.14995819714571812,0.40963068586972484
5200,56.0,0.15771850314353086,0.14997939853261988,0.41025482683920833
5200,57.0,0.15775933791763502,0.1499616500197807,0.41063355054125283
5200,58.0,0.15798009436415578,0.15025735850208105,0.4111218181911676
5200,59.0,0.1580019381555882,0.15022939651654313,0.4125721780598147
5200,60.0,0.1578322058869062,0.15004677179163772,0.4118491676919539
5200,61.0,0.1573457055593407,0.1494094041358485,0.4131682371242333
5200,62.0,0.15764834775759665,0.14979364694118139,0.4128417822187665
5200,63.0,0.1574176489711651,0.14953765803427765,0.413072118933657
5200,64.0,0.15815077965988372,0.1502347034108043,0.4144546047236641
5200,65.0,0.15848175816112048,0.15055439313544242,0.4152895205735445
5200,66.0,0.15907013245574247,0.15117138275288258,0.41618821254906274
5200,67.0,0.15977119449357574,0.1520002412816802,0.4165036352568439
5200,68.0,0.1596709974132516,0.15187633168092204,0.4166025737928928
5200,69.0,0.16018194908278732,0.15235995287506895,0.4181157906506824
5200,70.0,0.15964581264476976,0.1517540688678837,0.418127995230459
5200,71.0,0.1600757053107843,0.152241347858161,0.41776760104690225
5200,72.0,0.15920193663797827,0.1512700193665273,0.41715421930827584
5200,73.0,0.1587132442736188,0.1508047154558885,0.41634182492644095
5200,74.0,0.15870703677177958,0.15077428770042123,0.41701917650309545
5200,75.0,0.1588641068689393,0.15089709791571038,0.41701419271680384
5200,76.0,0.1589796908722057,0.1509957814168612,0.4179353059822324
5200,77.0,0.159465324719787,0.1514755991872336,0.41901733779962513
5200,78.0,0.159320981831543,0.15129698736565025,0.4194695654215838
5200,79.0,0.15906224327043716,0.15098471563689167,0.4197713654079672
5200,80.0,0.1599695112714015,0.15189667392278744,0.42124593165133817
5200,81.0,0.15986353885026874,0.1517495180854839,0.42121260696666785
5200,82.0,0.1596205357157408,0.15150256012616353,0.42101657106587553
5200,83.0,0.15912175015826993,0.15099809525799174,0.42008999432607136
5200,84.0,0.15880709184383465,0.1506912758358851,0.4197713697049854
5200,85.0,0.15879531360023466,0.1507503202522094,0.41956351228400807
5200,86.0,0.15867118122635393,0.15069560072106172,0.4187354111643154
5200,87.0,0.15843024051003943,0.15037988087698703,0.4191482394539961
5200,88.0,0.1579900475791797,0.1499054770226597,0.4188614542568419
5200,89.0,0.15750030945775217,0.1493618620290372,0.4185642587701607
5200,90.0,0.15672055285742859,0.14857796399067175,0.41763289204685566
5200,91.0,0.1563198781445062,0.1482001194010777,0.41691068783621893
5200,92.0,0.15526877748058948,0.14711826564470962,0.4154319331387761
5200,93.0,0.15451743656958086,0.14640130109904378,0.4133378213437371
5200,94.0,0.15398746498522417,0.14582167004752827,0.41264271267689306
5200,95.0,0.1531380740238187,0.1449161765656593,0.4115831498249447
5200,96.0,0.15249900183696838,0.14425312758702202,0.4106866189781017
5200,97.0,0.15210686816460703,0.14389387395965827,0.40968727100514063
5200,98.0,0.1518260706887165,0.14364371986628865,0.40884898456816776
5200,99.0,0.15153029839896337,0.1433573869868186,0.4078398956237311
5200,100.0,0.15106118725459125,0.14286245841572745,0.40719943089333765
5201,0.0,2.9066038639870517,5.408116675855963,6.564657815288973
5201,1.0,0.3938159778433162,0.4319743813889128,1.0889107246497163
5201,2.0,0.3265397715982543,0.3327461288055463,0.9359530361323078
5201,3.0,0.2940540193960808,0.28508907364925895,0.8546268020550937
5201,4.0,0.2709451327453189,0.25713729833465576,0.7968850552554544
5201,5.0,0.25260256567740424,0.23696740218685375,0.7485105208008165
5201,6.0,0.23937570047365167,0.22163410154546725,0.7061515448201948
5201,7.0,0.22847096791237725,0.21027127890570116,0.6694032436397094
5201,8.0,0.2116582760333151,0.19439849952328486,0.621707592490221
5201,9.0,0.20243064173619096,0.1853295525679739,0.5948032208956239
5201,10.0,0.19897654432238476,0.18177818802379545,0.5822781043929866
5201,11.0,0.18965322558634817,0.17322214115209894,0.5532454775148188
5201,12.0,0.18270088864325276,0.1670721519113118,0.5236581114299574
5201,13.0,0.1751282944643872,0.160209387753884,0.49807754572570934
5201,14.0,0.1706527824918095,0.15613321366498212,0.48421073929300573
5201,15.0,0.1679079647916923,0.1538771853751574,0.4720055034825505
5201,16.0,0.16759518548472402,0.1544989425290199,0.45765322160469285
5201,17.0,0.1646534802939891,0.15205515829614996,0.447061898784729
5201,18.0,0.1619751617017344,0.14994275664255988,0.43632626892528703
5201,19.0,0.16293793101251514,0.15152218513775603,0.4322269686843227
5201,20.0,0.15932967013645816,0.14812805431843445,0.42484428290989995
5201,21.0,0.15758049828412726,0.14702725865365068,0.41514004216522576
5201,22.0,0.15933530691720335,0.14919753123099067,0.41134323607986917
5201,23.0,0.15614685420705285,0.14611589171005726,0.4057076148101092
5201,24.0,0.1520822773376749,0.14217282266919384,0.39979639635183467
5201,25.0,0.1500726851863943,0.14021253252002575,0.39734569771406075
5201,26.0,0.1501869367071775,0.1403831455603976,0.3982626542227964
5201,27.0,0.14885932706554889,0.13897637531200982,0.3971895653038247
5201,28.0,0.14955793449987337,0.13982592241291703,0.39471542765322415
5201,29.0,0.151276968632741,0.14177149592601018,0.39655396057964704
5201,30.0,0.15143881615327223,0.14197497923904262,0.3989586029397575
5201,31.0,0.14862623563762464,0.13920056015510557,0.3940538039918589
5201,32.0,0.1482339936981845,0.13880077591068873,0.3942166090029779
5201,33.0,0.14803551485707964,0.13854075021028822,0.3956015323160825
5201,34.0,0.14728832370896316,0.13780333003601233,0.3943583441894213
5201,35.0,0.14722956229889106,0.1378782122091456,0.3932316246031349
5201,36.0,0.1465690088701509,0.13738119761855164,0.39008351725450907
5201,37.0,0.1463002988285062,0.13717970320027612,0.389862021024793
5201,38.0,0.1466790709890669,0.13763534611409417,0.39022593186152654
5201,39.0,0.14716659554534617,0.13807218891803183,0.3920732631964126
5201,40.0,0.14703140019161692,0.13785211145142978,0.3933457378147896
5201,41.0,0.14764636065809528,0.13833828184247599,0.39647458578780015
5201,42.0,0.14800470825780482,0.13880563561526463,0.3961986288835494
5201,43.0,0.14843747665062165,0.13933249475762913,0.39742822423939994
5201,44.0,0.14885449387297173,0.13985306282808402,0.3983455526582222
5201,45.0,0.14877737507050293,0.13977306758973318,0.3994025480624555
5201,46.0,0.1480488024658791,0.13898066916372043,0.39935115441614727
5201,47.0,0.14762296244690887,0.13843367362361794,0.4009965302011796
5201,48.0,0.14832225030089444,0.13899576748169667,0.40387388221957093
5201,49.0,0.14813676569489115,0.1387779728916768,0.40353658890204386
5201,50.0,0.14817224033022727,0.13880725907563485,0.40490909101325295
5201,51.0,0.14855686008604224,0.13921006756001705,0.4063231024190194
5201,52.0,0.1481843035375631,0.13890937299778996,0.40551843984828495
5201,53.0,0.1486672901583272,0.13945838933019436,0.40674830494226255
5201,54.0,0.14895062648587226,0.13981775589863082,0.4067283011890209
5201,55.0,0.14830857066573327,0.13924510850229113,0.40589351612948166
5201,56.0,0.1472223567560529,0.13818382140129692,0.4046251590607951
5201,57.0,0.14661012628313164,0.137618688129422,0.403381494775237
5201,58.0,0.14654535519960624,0.1376193527129893,0.4032468054949523
5201,59.0,0.14547349750457564,0.1365816767328272,0.4018611593429582
5201,60.0,0.14536179800336,0.1364761191353219,0.402082618557241
5201,61.0,0.14511753471377564,0.13625858941156208,0.40202435640246537
5201,62.0,0.14501046442366045,0.13618985007764484,0.4019474409778639
5201,63.0,0.14476492889903841,0.1360078276818345,0.40062546719817316
5201,64.0,0.14487996791607646,0.1361103130975952,0.40072624329406237
5201,65.0,0.1448848131241607,0.13608602063183484,0.400527500804999
5201,66.0,0.14507683857433412,0.13630580690582242,0.40089755270113514
5201,67.0,0.14455461486533225,0.13583360002712355,0.39956157056140484
5201,68.0,0.14411690870137794,0.135420467597449,0.39850661486833994
5201,69.0,0.14378793051215533,0.13517958816452813,0.39757736984184283
5201,70.0,0.14390772459304785,0.1353725294113881,0.3977789256568361
5201,71.0,0.14399368371299734,0.13554981144240316,0.39705950634277404
5201,72.0,0.14409043687323184,0.13574048534563446,0.3968274442231427
5201,73.0,0.14406997257885903,0.13577905821191977,0.39630181342634224
5201,74.0,0.14424091431406486,0.13598097297337067,0.39571779754111047
5201,75.0,0.1442351035271558,0.13600427770704576,0.3947482745970195
5201,76.0,0.14305334955943538,0.13478049233773157,0.3935369711687356
5201,77.0,0.14211890803132202,0.13379560945616104,0.39202563314478245
5201,78.0,0.14168820234363186,0.13335992391890483,0.39188491801490144
5201,79.0,0.14103081049444874,0.13270135251916007,0.3913340635109225
5201,80.0,0.14082233528481164,0.13250060421447762,0.3913427104379865
5201,81.0,0.14123338033627023,0.13291237739318476,0.3924611326471715
5201,82.0,0.14091167792019946,0.1325445026846188,0.3920916611629558
5201,83.0,0.14056948619410709,0.1322104187787133,0.39085056063821016
5201,84.0,0.14057019634822113,0.1322598573097314,0.3908879124239001
5201,85.0,0.1401501050471199,0.1318439774649323,0.3900628617451603
5201,86.0,0.13977335102171182,0.13147270346433615,0.38940897000348457
5201,87.0,0.1398413885800876,0.13161173012692795,0.3894026153480176
5201,88.0,0.13947943387866876,0.13126949053504328,0.389151173952686
5201,89.0,0.13902137940901046,0.13078941967565896,0.38846302401708754
5201,90.0,0.1389219945984636,0.13073509259038238,0.3881180380305608
5201,91.0,0.13888292154809537,0.13070103865939067,0.3877973320096941
5201,92.0,0.1388570901777982,0.13071937446419274,0.3872894037199653
5201,93.0,0.13915316696814983,0.1310760263592456,0.3867537269921196
5201,94.0,0.13887574162311211,0.13085747598045225,0.38622949146932656
5201,95.0,0.13844480726417868,0.1304871956387786,0.3846736744465444
5201,96.0,0.1385509658556926,0.13068308914821214,0.38380917308989626
5201,97.0,0.13794791826184216,0.1301404786550939,0.38157062471249875
5201,98.0,0.1379432855236732,0.13023702304621143,0.38063660173533553
5201,99.0,0.13776109756762162,0.13012885435438995,0.379494070734745
5201,100.0,0.13716618764268412,0.129596907068927,0.37724109531311667
5202,0.0,2.9066038639870517,5.408116675855963,6.564657815288973
5202,1.0,0.4397101169898715,0.4627643511291073,1.1876465973513466
5202,2.0,0.3831047710490697,0.37669601821520815,1.0692902958029284
5202,3.0,0.3423707905069571,0.3266790418537341,0.9705805846785078
5202,4.0,0.3229196556113642,0.30400529232868456,0.8911407331151128
5202,5.0,0.28931483901433114,0.27063934154193053,0.8038168608372255
5202,6.0,0.2630519974231151,0.2436241799937524,0.7342979073756062
5202,7.0,0.24598624327916757,0.22712505195501473,0.6868249352416792
5202,8.0,0.23129597276830177,0.21265954559241051,0.6530242274670552
5202,9.0,0.2213470425498498,0.20346111608549655,0.6230733586068232
5202,10.0,0.20960677249363846,0.19231300237996748,0.5935398123712645
5202,11.0,0.1976407836483787,0.1808585158045357,0.5637876136032286
5202,12.0,0.18455317322053233,0.16871175006748493,0.5291345968241857
5202,13.0,0.17935843256372974,0.16426667564060154,0.5114188944922615
5202,14.0,0.16904104716653914,0.1548198017453016,0.48290138852085723
5202,15.0,0.16061514018892065,0.14695286649026382,0.46187153168686074
5202,16.0,0.15066196492998563,0.13782169255736992,0.43289967523867473
5202,17.0,0.14306743226251903,0.13072099557843248,0.4113540888068378
5202,18.0,0.13608483343430947,0.12423964775982725,0.3918349835231852
5202,19.0,0.12957530086180588,0.11831264132834197,0.3726405944824073
5202,20.0,0.12482998774990478,0.11396558849366657,0.35908741286178936
5202,21.0,0.12022973732048556,0.1097736900487226,0.3455579454679775
5202,22.0,0.11881547619953085,0.10846844135806409,0.34118848921097794
5202,23.0,0.11851437065099335,0.10830121339790746,0.34012116935332726
5202,24.0,0.11555013274337822,0.10553492689977188,0.33339983077397634
5202,25.0,0.11500778622024654,0.10504628430114406,0.3329416033819585
5202,26.0,0.11447006755575553,0.10459206341247783,0.3317027645230815
5202,27.0,0.11414202703886067,0.10431921580835858,0.3305152943892904
5202,28.0,0.11445925679047758,0.10464973119447517,0.33179835380235345
5202,29.0,0.11463954035946648,0.10488234966836743,0.3329725401925094
5202,30.0,0.11534015017411471,0.10560697263772896,0.33594529763869707
5202,31.0,0.11454311872693619,0.10485565057791718,0.33403692508038707
5202,32.0,0.11522125693116632,0.10553103101322298,0.3361098324191246
5202,33.0,0.11583444333462779,0.10613145309553339,0.33926326601104234
5202,34.0,0.11542447728763545,0.10576040311553137,0.33877431417062553
5202,35.0,0.11463038841257175,0.1050495444272514,0.3372561122458787
5202,36.0,0.11430823584108735,0.10475028449993133,0.33703911276524867
5202,37.0,0.11459318561505391,0.10505237628290472,0.33837043632516767
5202,38.0,0.11439014099016782,0.10493361879144876,0.33723140900871884
5202,39.0,0.11364603571672724,0.10423402618137555,0.3363849176399701
5202,40.0,0.11383233291943842,0.10436420360470837,0.3377109582873805
5202,41.0,0.11330207967545534,0.10388811938477842,0.33566753924547543
5202,42.0,0.11322935662111101,0.1038321827863857,0.3356844035706087
5202,43.0,0.11286225176739459,0.10350508794620539,0.335189481626171
5202,44.0,0.11287471929574593,0.10356780247639265,0.33452416756086384
5202,45.0,0.11352327015090179,0.10422566123959216,0.33708540030879836
5202,46.0,0.11358275404630115,0.10432415717371671,0.3373461733566542
5202,47.0,0.11385677892647107,0.10458120098591595,0.33819347586204923
5202,48.0,0.11357032993908693,0.1043569844050475,0.33758441720392574
5202,49.0,0.11315275351196945,0.1039873779812954,0.33654965575592893
5202,50.0,0.11309284021571209,0.10397589393671805,0.33593620593175877
5202,51.0,0.11319391125960163,0.1041275379743965,0.335866744419499
5202,52.0,0.11273944845986075,0.1037491221170891,0.33462470355963075
5202,53.0,0.112328451132696,0.10344367460297185,0.33317826982006926
5202,54.0,0.11207680256220995,0.10323016324629347,0.33262772090899145
5202,55.0,0.11160191081726262,0.10279670013813991,0.33154503144486486
5202,56.0,0.1109708606137549,0.10225990090418044,0.32924701422795044
5202,57.0,0.11112815363625583,0.10241858249448516,0.3297010168529569
5202,58.0,0.11074391686507254,0.10210484728796923,0.32807266755930686
5202,59.0,0.11032463686585993,0.1017587295238471,0.32636480624833375
5202,60.0,0.11022863745123575,0.10170007223271624,0.32624203701684584
5202,61.0,0.11021374769111454,0.10167373925284301,0.32678754570011603
5202,62.0,0.10973800076081122,0.1012422574108017,0.3253147320757001
5202,63.0,0.10882319479319591,0.10039949402759084,0.3227723915945954
5202,64.0,0.10856507618183882,0.10016819697238981,0.322067812617189
5202,65.0,0.10813764765789209,0.09979614880091102,0.3209208883333599
5202,66.0,0.10849346130530435,0.10013467586704128,0.3215408791385241
5202,67.0,0.10845667590205584,0.10011615615668391,0.3212837855550854
5202,68.0,0.10825721599438318,0.0999397902855656,0.32087244170161505
5202,69.0,0.1083244018191279,0.09998395095894645,0.3217373702104238
5202,70.0,0.10828218689089507,0.09994411007649703,0.32194607909719
5202,71.0,0.10855550076274104,0.10021374215919801,0.32320857172374096
5202,72.0,0.10856686359051634,0.10020283953078153,0.3239672628734947
5202,73.0,0.10878455413867466,0.1004075050710908,0.32479633573690575
5202,74.0,0.10920749756482517,0.10081304358469612,0.3259211337383962
5202,75.0,0.1096350663119238,0.10121693224288014,0.3274605300417523
5202,76.0,0.10951171303204653,0.10113846230052459,0.32696422485599036
5202,77.0,0.10966425466215464,0.1013140865198265,0.3275887430117713
5202,78.0,0.10983875229198425,0.10148425879062044,0.3284143672805722
5202,79.0,0.1102000089310427,0.1018322340663377,0.3296555864970611
5202,80.0,0.11046661787495948,0.10209199516365774,0.33035564380916715
5202,81.0,0.11037926540759449,0.10199812333110413,0.33015780357752506
5202,82.0,0.11027752393203073,0.10189934436864294,0.3298808356483802
5202,83.0,0.11008429159382159,0.10171713143716969,0.32938212747696943
5202,84.0,0.11000588689967387,0.10168229240389663,0.3289857557241627
5202,85.0,0.10970577265801096,0.1014267718148027,0.3283460706054517
5202,86.0,0.10970838571200926,0.10142913541188177,0.328213338006817
5202,87.0,0.1094829031284136,0.10123258931813865,0.32778764088105533
5202,88.0,0.10917700398582882,0.10094035194011866,0.326718306948385
5202,89.0,0.10924568936693514,0.10101651651286377,0.3268061138195016
5202,90.0,0.10938907136352446,0.10116153877319674,0.3272340759574546
5202,91.0,0.10962483341511106,0.10139855711464131,0.3276915130732935
5202,92.0,0.10956128609946207,0.10136766870607186,0.327423983237066
5202,93.0,0.10928155654055798,0.10111292893084486,0.32670405411593506
5202,94.0,0.10923353540320163,0.10109851539378735,0.3263704906984253
5202,95.0,0.10921451940821487,0.10110272040928028,0.32644581797916244
5202,96.0,0.10898436266576603,0.1008740365511445,0.32584923450954945
5202,97.0,0.10833021405249482,0.10026607395357448,0.3240034782973263
5202,98.0,0.10789997950920296,0.09990737094525984,0.3226005155819053
5202,99.0,0.10756895631788099,0.09962406543449664,0.32148525653625815
5202,100.0,0.10746681681372025,0.09954778781175062,0.32114085782924895
5203,0.0,2.9066038639870517,5.408116675855963,6.564657815288973
5203,1.0,0.5103940888624643,0.5164357296631187,1.3027501865138225
5203,2.0,0.4414242253271685,0.4289708124208057,1.1156525367573713
5203,3.0,0.4164040818813939,0.3952133461824386,1.0450342992324353
5203,4.0,0.3847167826083313,0.36223622690207846,0.9626470949014483
5203,5.0,0.36793642264779564,0.3455424498377204,0.9115292495132221
5203,6.0,0.3462095982157334,0.3255592272639191,0.8469120068850908
5203,7.0,0.33070412298577934,0.3117190271969629,0.8066443771444309
5203,8.0,0.3244583461398936,0.3068803225346198,0.7870304450774704
5203,9.0,0.31781682153864216,0.30240947040829785,0.7588134265234885
5203,10.0,0.30952625427705277,0.29554687146930136,0.7257971385879866
5203,11.0,0.29793084974200323,0.2849803060353057,0.6908009038938723
5203,12.0,0.29561275677623033,0.28398389296052634,0.6722127287873515
5203,13.0,0.28703860305890416,0.2765798387068677,0.6480079343855564
5203,14.0,0.28224993017672684,0.27259091258731855,0.6319110422759702
5203,15.0,0.2710014614448976,0.262172927350972,0.6032538398193005
5203,16.0,0.2634632898385226,0.25586575587992966,0.578415256388993
5203,17.0,0.25612121768884233,0.24887331194388304,0.5588108857018433
5203,18.0,0.2496436093545784,0.2428154263124774,0.5421323056838687
5203,19.0,0.2426846029023784,0.23627573872467922,0.5233990455121451
5203,20.0,0.2407397937099481,0.23516753868661394,0.5091686809344816
5203,21.0,0.2377653093304156,0.2328123961002976,0.49548321000583484
5203,22.0,0.23286779266321075,0.22833635228924212,0.4775931823963123
5203,23.0,0.23367099666994934,0.2300079821449773,0.46661104198689063
5203,24.0,0.23135231723527264,0.22832788263023984,0.45549818016139776
5203,25.0,0.22317758339919394,0.21995385344656396,0.4466454972648617
5203,26.0,0.21813570232453966,0.21484409829560994,0.4421653090404232
5203,27.0,0.21479516558111258,0.2113914992166618,0.44026973880316767
5203,28.0,0.2094899596495511,0.20557144063781624,0.439156843000822
5203,29.0,0.20941924578467014,0.20549571540480902,0.44118961913276955
5203,30.0,0.21055177365569802,0.2064958194405042,0.4459331501449978
5203,31.0,0.20781940204631144,0.20375630194885694,0.44302544152271667
5203,32.0,0.2069233540415859,0.20294998407141063,0.4397510760651912
5203,33.0,0.2025981414342961,0.19850623271017503,0.43464590129160163
5203,34.0,0.19991149070641281,0.19556735190161348,0.43453437489818225
5203,35.0,0.1993994595205426,0.1950286614412942,0.43381843261969383
5203,36.0,0.19574830503936635,0.19119623732186058,0.43060571149022
5203,37.0,0.1947984758378938,0.19026942374989167,0.42964155811542104
5203,38.0,0.1927728919114001,0.18812269136934484,0.4303609114730731
5203,39.0,0.19160899096528428,0.1867078443724032,0.4316130960804121
5203,40.0,0.1937246545600816,0.18896865564614895,0.4338018182994436
5203,41.0,0.1958543442209392,0.19116536004521234,0.4372805421038719
5203,42.0,0.19579552134488565,0.19118200720233564,0.43798404796068563
5203,43.0,0.1958373158600693,0.19107428617339547,0.44141498892817643
5203,44.0,0.19583430893068016,0.19105369883036125,0.44322273591762584
5203,45.0,0.1964859841423866,0.1918420683927399,0.44272443957281354
5203,46.0,0.19651021340477257,0.19180448741981504,0.4437691198781763
5203,47.0,0.198454091608084,0.19379853098713518,0.44440535058364455
5203,48.0,0.19750850905611933,0.1927186684513884,0.4448833858879609
5203,49.0,0.19674551057254636,0.19198991505801444,0.44265245944386716
5203,50.0,0.19706350236437356,0.19233091119329032,0.44331505630897305
5203,51.0,0.19681572751684823,0.19203986402244533,0.44483587503240607
5203,52.0,0.19783579339188265,0.19303749351935098,0.44690741474062395
5203,53.0,0.19796314832074494,0.19303698299571403,0.4497649875843588
5203,54.0,0.19807748657974591,0.1932228429012009,0.4509679497622903
5203,55.0,0.19847049214838888,0.1935694181453064,0.4522433423376092
5203,56.0,0.19810842082919464,0.19309302894976882,0.4535707972061461
5203,57.0,0.19783342320832709,0.19278023510393708,0.4537986431625801
5203,58.0,0.19730141289097153,0.1921656191878535,0.4543077118959882
5203,59.0,0.1976300322274839,0.1924840546865947,0.4556462958640689
5203,60.0,0.19836421884096703,0.19335083270300618,0.4555791344094781
5203,61.0,0.19867024911035489,0.19374375354400292,0.4557850202537716
5203,62.0,0.1983755710438725,0.19349683510599114,0.45514959426432433
5203,63.0,0.19812308213182558,0.19326499111535883,0.45487513082270886
5203,64.0,0.19709989803751374,0.19215297386152874,0.4534819627338375
5203,65.0,0.1951942526566561,0.19017117300838382,0.4507839012313625
5203,66.0,0.1939304574029323,0.1889070734952512,0.4480248435783032
5203,67.0,0.1931155468569809,0.18811992315044462,0.44659714890362057
5203,68.0,0.19141716146423202,0.18633042523104912,0.4447956024735404
5203,69.0,0.19049124481218885,0.1853705453161865,0.4433029309222648
5203,70.0,0.18921713793966208,0.18401166439343108,0.44167955060210473
5203,71.0,0.18758995903890419,0.1822474439624372,0.4394536389192484
5203,72.0,0.1875275323113061,0.18228654204317776,0.4377512192446483
5203,73.0,0.1863598449838265,0.181125166649791,0.43559997519504373
5203,74.0,0.18577936439203857,0.1805110703438859,0.43445771228478913
5203,75.0,0.18513125054285776,0.17972041214419288,0.4342447359467613
5203,76.0,0.1844086541832917,0.17894595311666753,0.4338550540178824
5203,77.0,0.18324711956474984,0.17770379002067424,0.4328827205655459
5203,78.0,0.18266330302266148,0.1771849437039255,0.4309958910347385
5203,79.0,0.18226154992254964,0.17681203296801262,0.4301295412603286
5203,80.0,0.18127920898050862,0.17581446248454194,0.42868766056458796
5203,81.0,0.18061135018295027,0.17517140210603582,0.4276022665292921
5203,82.0,0.18039096464763518,0.1749633993717347,0.4275918614443405
5203,83.0,0.17929212622291393,0.17393380776060458,0.42545699320764324
5203,84.0,0.1782427376295497,0.17291540716256967,0.42392740714200683
5203,85.0,0.17740860559979546,0.1720108497786037,0.4233864283411135
5203,86.0,0.17685891709204465,0.17144266935745545,0.42231949354659554
5203,87.0,0.17587438985506146,0.1704967395300174,0.41994802086965727
5203,88.0,0.17499752168993765,0.16965671942753402,0.41825384111686875
5203,89.0,0.1741197770499276,0.1686722899379692,0.4169382200101171
5203,90.0,0.17370996826632304,0.1682085894404228,0.4161197688701404
5203,91.0,0.17354585048368742,0.16801317578410702,0.4157472449210341
5203,92.0,0.17343652065010995,0.16786691510208782,0.41569426540096116
5203,93.0,0.17337286050921877,0.16784506969542634,0.415073354586826
5203,94.0,0.17368845264912566,0.16821028424991027,0.41454523265615717
5203,95.0,0.17409581956686862,0.1686552707290827,0.41453669196184645
5203,96.0,0.17407447924348166,0.16870427718172706,0.4136368340874281
5203,97.0,0.17367438129599344,0.1683483651597156,0.4121004309592375
5203,98.0,0.17299949954298102,0.16773782615585106,0.4095401526413984
5203,99.0,0.17244211588453917,0.16722108470637115,0.40779482119288457
5203,100.0,0.17247761621987753,0.16728995469229532,0.40664312836474464
5204,0.0,2.9066038639870517,5.408116675855963,6.564657815288973
5204,1.0,0.6203437003365764,0.5919504517090386,1.54925844788086
5204,2.0,0.5594565755041827,0.5170182534987461,1.411678110323807
5204,3.0,0.5080759812042649,0.46543820102327005,1.3132595511964513
5204,4.0,0.47102414011626825,0.4306690382874548,1.2309133318942527
5204,5.0,0.4163846075574877,0.3800908227316399,1.1097521899004468
5204,6.0,0.38606502452719627,0.35192728005115004,1.0442862782296252
5204,7.0,0.36252130104308794,0.33046584561846615,0.9900533593238198
5204,8.0,0.34224844812174127,0.31202633053894907,0.9399662185447947
5204,9.0,0.3252015573261174,0.29668723270607156,0.8962545334581634
5204,10.0,0.2995431196433224,0.27321154901931977,0.8307828601089801
5204,11.0,0.2825953453467915,0.2577927002100999,0.7885031733500975
5204,12.0,0.2698973011557097,0.24642640051764642,0.7549757191894825
5204,13.0,0.2544532099133321,0.23262196860052095,0.7116239673509878
5204,14.0,0.24345497196200533,0.2226860365434787,0.6816789026140916
5204,15.0,0.22932641449116375,0.2100758205001715,0.6397711993584244
5204,16.0,0.21442029141369487,0.19715580729355012,0.5923616782079951
5204,17.0,0.20162532131285538,0.18553869724079713,0.5551030192071535
5204,18.0,0.18739379322995378,0.17220442572366643,0.5157885306270172
5204,19.0,0.17860713281023258,0.16439845796436506,0.4880974017422402
5204,20.0,0.16740968597082898,0.15413380362565207,0.4550163969148735
5204,21.0,0.15898258586094405,0.14681317233476304,0.4266063433057161
5204,22.0,0.15185134916846876,0.14072615942770006,0.4027234533323457
5204,23.0,0.14725146356032767,0.13676290217420467,0.38787107716286606
5204,24.0,0.13820834619531683,0.12865782668747583,0.3596039390982977
5204,25.0,0.1310488310793805,0.12188490968400341,0.34026217222968963
5204,26.0,0.12661310437739715,0.11812826216995585,0.3224899706908954
5204,27.0,0.12101027201754892,0.11325664272079798,0.3023550943326633
5204,28.0,0.11467465389051706,0.10765515493003541,0.28283344595747384
5204,29.0,0.10574079306721555,0.09900250205507252,0.2619461970693934
5204,30.0,0.09926436361179257,0.09302682292699731,0.2450269639619023
5204,31.0,0.0915756854479297,0.08527238302506966,0.23164168202902033
5204,32.0,0.08546060477157381,0.0794604174494855,0.21755218110202548
5204,33.0,0.08154020036027877,0.0755616183008111,0.21100734084909337
5204,34.0,0.08124930418663508,0.07508607705829792,0.2114626976055584
5204,35.0,0.08346344236002873,0.07756709598946057,0.21396340300135008
5204,36.0,0.08236094643329264,0.07608813216214211,0.21592210215955138
5204,37.0,0.08273806072397623,0.07645609636352711,0.21741061693190059
5204,38.0,0.08300099108236662,0.07669021646140478,0.21793325235281444
5204,39.0,0.08374239391749126,0.07739482306817107,0.22052306944026753
5204,40.0,0.08557332234808168,0.07934850023656839,0.2238126379530866
5204,41.0,0.08607415798823323,0.07977269376782284,0.2266533492918257
5204,42.0,0.08555778929392042,0.07917519950954262,0.22635811272027004
5204,43.0,0.08630890089362586,0.07993894278425143,0.22902977332168342
5204,44.0,0.08597995134565481,0.07965008354121621,0.22833886316642818
5204,45.0,0.08397613563767067,0.07758532972999102,0.22523846122370275
5204,46.0,0.08339672746297187,0.07709180892701285,0.22367757213893733
5204,47.0,0.08337970666394039,0.07712341967992316,0.22333706936576325
5204,48.0,0.08322758001614468,0.07703471652054739,0.22252591656094098
5204,49.0,0.08348793652362271,0.07725910199940274,0.22381561976275202
5204,50.0,0.08444894715936813,0.07814487864176899,0.22733462813529823
5204,51.0,0.08492240154516112,0.07860858574770009,0.22904971157673054
5204,52.0,0.0855888483655272,0.07929945948900097,0.23125780401337712
5204,53.0,0.08589106899388242,0.0795032061120895,0.23349684923176114
5204,54.0,0.08566236386787573,0.07930134943704169,0.23337606586598258
5204,55.0,0.08448702241356494,0.07811216561106782,0.23104149210600786
5204,56.0,0.08384099054938803,0.0775724605073738,0.22918230757440913
5204,57.0,0.08353948125883498,0.07732368305239415,0.2284978124224209
5204,58.0,0.08359023307032798,0.07736122507716177,0.22926689833194483
5204,59.0,0.08360858204468888,0.07722080969798004,0.23096773372155566
5204,60.0,0.08309724026594834,0.0767075776903175,0.2303909913052941
5204,61.0,0.0831769346482929,0.07673323750366765,0.2313693851675104
5204,62.0,0.0836832998135595,0.07711520662303906,0.23383159152550687
5204,63.0,0.0851290689478942,0.07848603335134496,0.23828336385795953
5204,64.0,0.08589084208107405,0.07924614328878285,0.24041437324584
5204,65.0,0.08673171798576858,0.08001149908097345,0.2432913587652795
5204,66.0,0.08783119847053855,0.08106643431203099,0.24642886420150845
5204,67.0,0.08881202953459713,0.08200181983642811,0.2498524627943283
5204,68.0,0.0897693785880779,0.08293854379145842,0.2528471990671412
5204,69.0,0.0905667044439908,0.08371899245609572,0.25540063450956985
5204,70.0,0.09121019563538331,0.08429256073567583,0.2577721961062225
5204,71.0,0.0920270308655434,0.08506191204726404,0.2606648280252281
5204,72.0,0.09257797210337505,0.08563415785747674,0.26238256621561606
5204,73.0,0.09311266528202118,0.08611490764263832,0.2647592970714155
5204,74.0,0.09307845319171572,0.08602250708531226,0.2656496884838172
5204,75.0,0.09380327757301309,0.08671806822415123,0.2684291562847533
5204,76.0,0.0941437009916311,0.08710542849919965,0.26941385826720343
5204,77.0,0.09477533735158153,0.08773622616991196,0.2712143254199643
5204,78.0,0.0950651344920474,0.08798515807492202,0.27228970601469665
5204,79.0,0.0955279641966851,0.08840301407612368,0.2741533201924011
5204,80.0,0.0960100010509606,0.08883353001119781,0.27597840849151556
5204,81.0,0.0961335688888048,0.08888569968596367,0.2770139618627279
5204,82.0,0.09627856149287832,0.08904000284809051,0.2772977472805255
5204,83.0,0.09663092144537813,0.08940211429050587,0.2787562355549868
5204,84.0,0.09681672517954966,0.08962656531598918,0.2792078336510667
5204,85.0,0.0968191650114945,0.08963582985861827,0.27971704820098303
5204,86.0,0.09686058278809473,0.08964396582053431,0.28030394845803985
5204,87.0,0.09686858973450933,0.08964585140682307,0.2806618407136817
5204,88.0,0.09708408426828405,0.08985517765821623,0.2818190143350031
5204,89.0,0.09719387285717594,0.08995271071454407,0.2825410899251645
5204,90.0,0.09776474190640931,0.09050428061066088,0.284108007496732
5204,91.0,0.09843872753274373,0.0911469331889948,0.2861172887546793
5204,92.0,0.0988837441893265,0.09154377631316507,0.28783018122390785
5204,93.0,0.09930731235349344,0.09197593395394714,0.2891077827646257
5204,94.0,0.09958817830901885,0.0923162593585284,0.28969932646507845
5204,95.0,0.09964573183433587,0.09237015594372937,0.29006918471295123
5204,96.0,0.09954516775890987,0.09229864989250723,0.28977364368134073
5204,97.0,0.09969334692130033,0.09245316388591211,0.2901790550874628
5204,98.0,0.09960144217720861,0.09233959639311395,0.2900880095651918
5204,99.0,0.09939903854821136,0.09215926914323155,0.28957575316996037
5204,100.0,0.09934097784990649,0.09217140388102675,0.2889567274792158
5205,0.0,2.9066038639870517,5.408116675855963,6.564657815288973
5205,1.0,0.5238319245167624,0.5289672104786602,1.3828472080174317
5205,2.0,0.47896846839896706,0.4549362858753965,1.275610069727257
5205,3.0,0.44833773103955926,0.41743405995875205,1.1848351591433997
5205,4.0,0.4094185923579507,0.3774992746155417,1.1005940491928488
5205,5.0,0.3811513655715345,0.35000573304001753,1.024186132421111
5205,6.0,0.3564060426417809,0.32617129689634833,0.9605622934371653
5205,7.0,0.33547223063058945,0.3064431626089273,0.9028920257380507
5205,8.0,0.31416899179206176,0.2870094760667542,0.8450683815023968
5205,9.0,0.2969675443784297,0.2713268475515503,0.8014521680933785
5205,10.0,0.28376196467943915,0.2593786009204719,0.7682705192889512
5205,11.0,0.2689213198515781,0.2459378830743953,0.7303527564014284
5205,12.0,0.25591244897158566,0.2343824043683549,0.6916068017687127
5205,13.0,0.24522073112527704,0.2245803302556456,0.6661400649058012
5205,14.0,0.2319438861127091,0.21238092833963482,0.6331198942542978
5205,15.0,0.2225037956701625,0.20383221410105404,0.6084287346332
5205,16.0,0.2144667737919093,0.19669426218942035,0.584903179527485
5205,17.0,0.20896293564491933,0.19207905041293755,0.5664718793373507
5205,18.0,0.2020868347439246,0.18595138435600697,0.5470622117995451
5205,19.0,0.19751107251329247,0.1820944563582549,0.5312962480978844
5205,20.0,0.1895647463498551,0.17480534421361021,0.5103350152386428
5205,21.0,0.18510495452115688,0.17077897161673553,0.4990440204330751
5205,22.0,0.18065146674741958,0.16653122533906992,0.49055204094722743
5205,23.0,0.17800942373531606,0.16428387900870386,0.48141092194008284
5205,24.0,0.1771572025972902,0.16341663291257746,0.48068137454551846
5205,25.0,0.1745346667625595,0.16113607172352093,0.47323645965355915
5205,26.0,0.17154106890160453,0.15842520135184643,0.46636426931148584
5205,27.0,0.17071307141499958,0.1581809896005304,0.45804795829074535
5205,28.0,0.16894491244557036,0.1567132248545466,0.4532510195999592
5205,29.0,0.166420538437052,0.15431908372454192,0.4471661309035945
5205,30.0,0.16744669780966923,0.15547122389340107,0.44929981211411724
5205,31.0,0.1672050002191334,0.15555563794614694,0.4456463304880684
5205,32.0,0.1667397919971979,0.15529350130450176,0.4426280333765983
5205,33.0,0.16483117239901565,0.15328883808624688,0.4392793215415789
5205,34.0,0.16535778572310572,0.1537988645606051,0.4397728133438434
5205,35.0,0.16290159276269311,0.15138572462234592,0.43482524203290857
5205,36.0,0.16098172993308915,0.14946870824275107,0.43199136344497924
5205,37.0,0.1590196336087789,0.14738085387638622,0.4305205922765731
5205,38.0,0.1591334975500103,0.14749709663489624,0.43134522477532095
5205,39.0,0.1581913786424337,0.1466075131862817,0.42963386281699917
5205,40.0,0.15791979438967763,0.1463030452084058,0.43170186213305467
5205,41.0,0.15611903375718014,0.1445165161922065,0.42906901418942417
5205,42.0,0.1556945122910128,0.14400294985947457,0.4305773325495527
5205,43.0,0.15527337192933027,0.14352597153673485,0.43225329107870847
5205,44.0,0.15467078866242057,0.1429783624773568,0.43268112178101487
5205,45.0,0.1545694756880944,0.14288300781166072,0.4332057446344828
5205,46.0,0.15515611599733442,0.1435218260761028,0.43404595022583636
5205,47.0,0.15468595863437912,0.14310156505175617,0.43394330304882434
5205,48.0,0.15287589131759652,0.1413187922867801,0.43191438462091325
5205,49.0,0.15204008110397607,0.14047698936503739,0.43207968119747303
5205,50.0,0.15215402644288542,0.1405809280404354,0.4335494234931388
5205,51.0,0.15187837962644665,0.14027480367918413,0.4348664362159443
5205,52.0,0.15252995284591117,0.14095149684858363,0.4361430896217234
5205,53.0,0.15317304496638212,0.1416332291772334,0.43762674012673736
5205,54.0,0.15383142851772802,0.14229483868045623,0.44000610111894134
5205,55.0,0.15329874990957207,0.14175613605914997,0.4403684517603019
5205,56.0,0.15341865318899844,0.141806308030856,0.4418753142525754
5205,57.0,0.15339203858415207,0.14175922545198552,0.4427850315474314
5205,58.0,0.15246292560740435,0.14090979423812672,0.4411197499602242
5205,59.0,0.15170711699929545,0.14024833037802525,0.43887312604770173
5205,60.0,0.15051180960475205,0.13910132279390874,0.4359673736205794
5205,61.0,0.14993094582095692,0.13861286094698985,0.4344695673455602
5205,62.0,0.1496656902205149,0.1384384681771741,0.4332882454608869
5205,63.0,0.14964274642757266,0.13843931212989014,0.433098683085534
5205,64.0,0.14867128111385622,0.1374980235519108,0.4309248403677098
5205,65.0,0.14825462740126122,0.1370730642061594,0.4306596192070778
5205,66.0,0.1483606083873381,0.1371988772793681,0.43151090258992775
5205,67.0,0.14780724368506018,0.13664799786344747,0.4306456714425665
5205,68.0,0.14810519565569902,0.13698860558332765,0.431417601869666
5205,69.0,0.14830655551781835,0.137193163026493,0.4326799201816332
5205,70.0,0.14780497333319415,0.13676218758375222,0.43162755027008815
5205,71.0,0.1477489463883157,0.13673102694876269,0.4321389918409385
5205,72.0,0.14778995885598983,0.13678191146267013,0.4322873242392055
5205,73.0,0.14796729094616767,0.13700172854348722,0.4328772783459753
5205,74.0,0.14792790986624224,0.13701740050264985,0.43269523600674126
5205,75.0,0.14831010899597818,0.13738115408155058,0.4339412125068677
5205,76.0,0.14846812471482493,0.1375391290328828,0.4344309157935026
5205,77.0,0.14845721235827009,0.13757689196871412,0.43429532599528875
5205,78.0,0.14864126271341757,0.1377692819875157,0.4349306763002787
5205,79.0,0.14888582125478853,0.13799481019028295,0.4352900453749931
5205,80.0,0.14937604472260055,0.13847290664275855,0.436432526602348
5205,81.0,0.1494007054389013,0.13854543233803937,0.4358742438986636
5205,82.0,0.1493223431770476,0.13846642957504193,0.4355274449647848
5205,83.0,0.1491278762139493,0.13823714709929996,0.4357240166545176
5205,84.0,0.14933751262273662,0.13846276061128138,0.43616617089171783
5205,85.0,0.14921955460095437,0.13835729580635953,0.43561964860080177
5205,86.0,0.14895095828626873,0.1380780847605914,0.4351150663356316
5205,87.0,0.14869107341242158,0.13782089516453327,0.43469893750917316
5205,88.0,0.14826717778148163,0.13745964502602362,0.4333080166812405
5205,89.0,0.14788299693758622,0.13710868067695697,0.4320281286157728
5205,90.0,0.14720743194322328,0.13650819234121198,0.43026075250093127
5205,91.0,0.14704612568086964,0.13638452026361536,0.42955174726127165
5205,92.0,0.14644442342867842,0.13584904431989941,0.4279532504901911
5205,93.0,0.14611456940762907,0.13556238203836435,0.4270907788009307
5205,94.0,0.1455071072250388,0.13499100761525615,0.42518579582101934
5205,95.0,0.14525390555427423,0.13477266086630435,0.4244899136488221
5205,96.0,0.14479073450125984,0.13434583635141786,0.4229131361991626
5205,97.0,0.1442103790715452,0.13381788959474675,0.420986579668382
5205,98.0,0.1439984313808291,0.1336517374212158,0.4198651559059124
5205,99.0,0.14368081961461301,0.13337703237151255,0.4189982936737293
5205,100.0,0.14332994067663582,0.13306733878849014,0.41819261472283703
5206,0.0,2.9066038639870517,5.408116675855963,6.564657815288973
5206,1.0,0.5046843858068915,0.5129433903169307,1.2177297493720296
5206,2.0,0.45429737533473424,0.44646409531662024,1.089442717115618
5206,3.0,0.43315511470445994,0.42638508155972105,1.0119813563782853
5206,4.0,0.39720792543269823,0.3908401569148629,0.9299095829918055
5206,5.0,0.3805722149264702,0.3735988986563676,0.8753772392931831
5206,6.0,0.36238657745649,0.35441779186582273,0.8179741660216706
5206,7.0,0.3468604203690656,0.33965423838795566,0.7749804907305214
5206,8.0,0.33670673078123936,0.3301442659494498,0.7402509015212275
5206,9.0,0.3320987729988955,0.3261288940211757,0.7170227138424323
5206,10.0,0.3275636184638631,0.3218924863879878,0.693049134953823
5206,11.0,0.3185827359006314,0.31337556055804633,0.6631241222467182
5206,12.0,0.3012931119473584,0.2955642942598249,0.6366416627033956
5206,13.0,0.2853648205062039,0.2787537423294835,0.6138006535984666
5206,14.0,0.27451661919053855,0.2677426013522218,0.5875207762185044
5206,15.0,0.26564750245776453,0.25913717138444525,0.5608939166646119
5206,16.0,0.24854528734816614,0.24212108826264817,0.5264494959542033
5206,17.0,0.23898899966779166,0.23291184796649633,0.5063882472255803
5206,18.0,0.2328632625399948,0.22723140585357926,0.4895542372220616
5206,19.0,0.22467081626351146,0.21915372143972886,0.47233903690427476
5206,20.0,0.2185246691947401,0.21307793039321973,0.45752975650152705
5206,21.0,0.21061965910981303,0.20570153281470477,0.43659320192653744
5206,22.0,0.20226917362491573,0.1981727382821928,0.41579834828641776
5206,23.0,0.19306449190040179,0.1894649122775993,0.3912497492345454
5206,24.0,0.18428060683245676,0.18035133100866696,0.3791187048715166
5206,25.0,0.18403992564617863,0.1801803456939262,0.37794134732819656
5206,26.0,0.18490245892847235,0.18084864263080794,0.38411125865497026
5206,27.0,0.1848395105164947,0.18088805178948766,0.3835015199406869
5206,28.0,0.18032516227928863,0.17606370766100965,0.3805123320508262
5206,29.0,0.1736263167284964,0.16915399702772205,0.3704243571497119
5206,30.0,0.1683973415500659,0.1635528152092537,0.3644547607901454
5206,31.0,0.16726577710854915,0.1623156623768532,0.36355309587706575
5206,32.0,0.16375014243389613,0.1585368531773799,0.3620659610029661
5206,33.0,0.16341681727000804,0.15799012768253484,0.3636678537063149
5206,34.0,0.16260319819937666,0.1571208060007089,0.36385508527888966
5206,35.0,0.1607653967397646,0.15521128103379994,0.36326825808200225
5206,36.0,0.15932553506184421,0.1536467933435242,0.3626218695986183
5206,37.0,0.15986035937750306,0.1541555060971536,0.36370836714071836
5206,38.0,0.15902567979655235,0.15326856677398024,0.36515287992280687
5206,39.0,0.1563159493043444,0.15029171158431073,0.36471031464861464
5206,40.0,0.1546235621830946,0.14856363904331724,0.36408472959147736
5206,41.0,0.1545406705780423,0.14832070888596846,0.3663924589213805
5206,42.0,0.15401845498078567,0.14752766891854258,0.3708405761155701
5206,43.0,0.15398013286794307,0.1475456784410511,0.3701075868490976
5206,44.0,0.15319451756534305,0.14667619084409494,0.36994401210849864
5206,45.0,0.15064026770691055,0.14390306444086678,0.36887093192338005
5206,46.0,0.14863819547453216,0.1416566541870915,0.3683404667202204
5206,47.0,0.14879703381892384,0.141905422984837,0.36936941206425716
5206,48.0,0.14886285769772648,0.14203081725248243,0.37061389500422404
5206,49.0,0.1474502404246359,0.14061753627085366,0.3698185828396682
5206,50.0,0.14686119863125843,0.13996761100987004,0.3701725621498581
5206,51.0,0.14699719315282714,0.14008555524975672,0.37098302702156555
5206,52.0,0.1464614459293354,0.1394632439088173,0.3711745410324435
5206,53.0,0.14630085691891487,0.1391798887508582,0.3721825624881684
5206,54.0,0.14608851885972104,0.1392176198140093,0.3690024325126528
5206,55.0,0.14526206703615802,0.1385383743932867,0.3664563261540815
5206,56.0,0.14401675603017897,0.13731806996370813,0.3649611657249521
5206,57.0,0.14563342031769577,0.1388852237056459,0.36787506644841494
5206,58.0,0.14553487749581476,0.13870754955134396,0.36791727079216163
5206,59.0,0.14569263693881757,0.1389534981272177,0.3672451746932353
5206,60.0,0.14603855345241865,0.1392783277977186,0.36830849364622725
5206,61.0,0.14532094264462492,0.13843822174117812,0.367972018500987
5206,62.0,0.14593927313623617,0.1391144633450239,0.3676543268156762
5206,63.0,0.1463401787560158,0.13963730151631967,0.36709832927768826
5206,64.0,0.14663964007612584,0.14002108140596217,0.36673438878068654
5206,65.0,0.14670112657489065,0.14005877255201163,0.3676377054013109
5206,66.0,0.14807426296171675,0.14149898832416874,0.3693735768127675
5206,67.0,0.1482826743706261,0.1416640292346751,0.37026983760350823
5206,68.0,0.1485767066212968,0.14195631058063693,0.371221875377172
5206,69.0,0.1478612187072779,0.14109102032434123,0.3718087056626205
5206,70.0,0.14779984533644785,0.14102344790138002,0.37213984453526006
5206,71.0,0.14744210585791517,0.1405465000601403,0.37298172904594
5206,72.0,0.14743734423169466,0.14045750723358505,0.37467899340266325
5206,73.0,0.14836629213139974,0.14138662823848797,0.37645681211747806
5206,74.0,0.14738916513611872,0.14028497014165606,0.3764334870053258
5206,75.0,0.14763711541043256,0.1404503830584955,0.3782979184935236
5206,76.0,0.14620213868172513,0.13892732525660226,0.3771039271977389
5206,77.0,0.1447802458516576,0.13747915423030882,0.37574942248538146
5206,78.0,0.14440768725561148,0.1371050434886224,0.3754271806659946
5206,79.0,0.1433018036008216,0.1359516197964923,0.3740486952522192
5206,80.0,0.14211651627710112,0.13477000878643478,0.37193952388956325
5206,81.0,0.1414602215837083,0.1339795523637802,0.3715042434755216
5206,82.0,0.1415014925874752,0.13401015846361453,0.3715938493541822
5206,83.0,0.14178267899506714,0.13427471217644116,0.37202611891300885
5206,84.0,0.14232460899998442,0.13478243451145186,0.37292438976569836
5206,85.0,0.14253092063344505,0.13498930306132992,0.3737435588340015
5206,86.0,0.14292091900004059,0.13549859519420482,0.37372618556598886
5206,87.0,0.1434747053906849,0.1361102820792443,0.3744500618129218
5206,88.0,0.14406031213881984,0.13668616010711138,0.37565760051782715
5206,89.0,0.14428891978015573,0.13688295499932984,0.375706779640167
5206,90.0,0.1442583690013135,0.13675626248095368,0.3768424485167673
5206,91.0,0.14418714870945815,0.13665899654642719,0.3777603113896462
5206,92.0,0.1445806253658254,0.13710561699155732,0.3777860363640657
5206,93.0,0.1447878984380846,0.137327293300498,0.3777040959098318
5206,94.0,0.14451413838133714,0.1370396211630687,0.3776597998870629
5206,95.0,0.1439625147299297,0.1364875399259372,0.37698523523072625
5206,96.0,0.14342468450857165,0.13600192686675097,0.37571819942556534
5206,97.0,0.14367491240565886,0.1363155241248101,0.3754183194069434
5206,98.0,0.14338285841089557,0.13603832335783977,0.37473910120213444
5206,99.0,0.1434189172936157,0.1360831494482301,0.3747965646881571
5206,100.0,0.14339016072373034,0.1360711667070198,0.37475376248351555
5207,0.0,2.9066038639870517,5.408116675855963,6.564657815288973
5207,1.0,0.536464716468703,0.5125770328829404,1.4015059598325628
5207,2.0,0.4524638910813332,0.4226809361408983,1.2074304024543108
5207,3.0,0.3988051388542433,0.36814779982017626,1.0786819543162796
5207,4.0,0.36051295645419335,0.3304701014595758,0.9845718423637617
5207,5.0,0.3346271390485483,0.3058860390012025,0.9179484803145903
5207,6.0,0.3087454557452418,0.28211438522063265,0.8467573051512233
5207,7.0,0.28733892416510043,0.2632301561416548,0.7864485152128585
5207,8.0,0.276609328023154,0.25417072838037114,0.7491304295964728
5207,9.0,0.26595473479027043,0.24490247056471354,0.7103603771054051
5207,10.0,0.25814253333837206,0.23861987007993704,0.6805793136585501
5207,11.0,0.2504892913631696,0.23270095508439484,0.6483765143960585
5207,12.0,0.24282966204088524,0.22677457278937915,0.6197218290506594
5207,13.0,0.22975589471892402,0.2146155708706022,0.5909392312196666
5207,14.0,0.218618042281017,0.2039670365161698,0.5658062698464079
5207,15.0,0.21086466873001733,0.19699048285677923,0.5427316352251771
5207,16.0,0.20476639415615835,0.19162519001583111,0.5253237423201637
5207,17.0,0.1994711483028705,0.1871971848484212,0.5054690427616394
5207,18.0,0.19196497979486263,0.1805353448292804,0.48007804950007954
5207,19.0,0.18616240814751217,0.17551125566852915,0.46307286483488347
5207,20.0,0.18163104423576323,0.17166436146990705,0.4430136261346033
5207,21.0,0.17732197468440034,0.16796398043441926,0.42530167829639437
5207,22.0,0.17080035869873103,0.16165923399359625,0.41061408941144883
5207,23.0,0.16875301884155489,0.15992564891346725,0.40307752427217713
5207,24.0,0.16878430966319616,0.16027916190853045,0.4013731400971301
5207,25.0,0.1668905130656,0.15834948674076035,0.4027450532967562
5207,26.0,0.16578585623637926,0.15731700091036507,0.40123740244904815
5207,27.0,0.1647852202800408,0.15665139078008822,0.3966839948297735
5207,28.0,0.16301476672848292,0.15477058786738865,0.3965833765329571
5207,29.0,0.16296261418373378,0.1549549750328738,0.39024532164332304
5207,30.0,0.16343139270976112,0.1556742232121975,0.38934981148980313
5207,31.0,0.16402124235901724,0.15678020114829133,0.3840831080551136
5207,32.0,0.15836344757721094,0.1508994953703189,0.37825750910324374
5207,33.0,0.15588235773079562,0.1483386453426639,0.3758416532678561
5207,34.0,0.15499175123226552,0.14762662333902238,0.37245001262144967
5207,35.0,0.15394459432153212,0.1466165071499186,0.37336658845871873
5207,36.0,0.1523074769894585,0.1450637635679248,0.3703424228209997
5207,37.0,0.15149750306308266,0.144326577918807,0.3694664601274027
5207,38.0,0.15128275991302378,0.14408608204340717,0.3695549033260336
5207,39.0,0.15318685682659614,0.14618183142537117,0.3706603034413161
5207,40.0,0.15146000327366835,0.1442354758235965,0.3718141056740836
5207,41.0,0.15010696949859784,0.1428673852921984,0.37090670510475005
5207,42.0,0.14948732559969452,0.14215171684184733,0.37324791823031983
5207,43.0,0.14772515783880938,0.14030722057261205,0.3730337790093353
5207,44.0,0.14440088251102054,0.1368590561330222,0.3690498526574153
5207,45.0,0.14539534591569872,0.13794507049978677,0.37007098428431157
5207,46.0,0.14596752394958312,0.13857513080482886,0.3705973078435675
5207,47.0,0.1455518829976652,0.1382656765509663,0.3701425612120207
5207,48.0,0.14427683759637489,0.13695851350307256,0.3685366868623022
5207,49.0,0.1436664458285396,0.13655347934520873,0.36518909251758397
5207,50.0,0.14275905053752508,0.13562886501016336,0.3637759981019952
5207,51.0,0.1430884511442624,0.13602010171936024,0.36384503295437115
5207,52.0,0.14315403445801472,0.13613405624659844,0.3638760501073004
5207,53.0,0.14338532622647052,0.1363584321021662,0.36462333851937523
5207,54.0,0.14386132082239908,0.1368883708221864,0.3657764934994451
5207,55.0,0.14285472192256704,0.13571039590833628,0.3664015943967702
5207,56.0,0.14243932243948237,0.13541044894115353,0.36506295057960847
5207,57.0,0.1430044353505895,0.1359558826729697,0.3668204875963026
5207,58.0,0.14430256310068762,0.13720727822838774,0.3702688183558187
5207,59.0,0.14581161629114575,0.13891691600184883,0.3720029484622586
5207,60.0,0.1472397757849274,0.1404254138002129,0.3747234822206415
5207,61.0,0.1473893193036837,0.14052695610371557,0.37670891756071084
5207,62.0,0.14778803382248124,0.1408812991549364,0.3790041916502191
5207,63.0,0.14768612529782982,0.14072360729851968,0.38031911185586303
5207,64.0,0.14783668276725248,0.1408409042804966,0.3815008844511048
5207,65.0,0.14784931580177918,0.1407947503005886,0.38330209565386403
5207,66.0,0.14694531861092347,0.13978620689100726,0.3831452128350837
5207,67.0,0.14635296325665836,0.13906165386616906,0.38269304198864545
5207,68.0,0.14649028206697393,0.13922158476062615,0.382775338499832
5207,69.0,0.14599370281360594,0.13867731186816734,0.38296915047478564
5207,70.0,0.14649384302494678,0.1392403020252506,0.383986274212786
5207,71.0,0.1462459101476952,0.13892060944711435,0.3848311867468173
5207,72.0,0.1469681448079902,0.1396682139521017,0.3857877405938825
5207,73.0,0.1477176218230344,0.1403739863122102,0.38808141569635457
5207,74.0,0.14769439535435516,0.14031446491308483,0.38817326473233876
5207,75.0,0.14774019696695972,0.1403629700496371,0.38902363530033995
5207,76.0,0.14708963765328828,0.13971374217007307,0.38810540746447075
5207,77.0,0.14620162686805563,0.1388200604681059,0.38662735279375743
5207,78.0,0.14625653733814648,0.1388971550412601,0.386608723643163
5207,79.0,0.14626446622396114,0.13899791503578834,0.3858151943376839
5207,80.0,0.14638808577880685,0.13912912932121307,0.38666641271101865
5207,81.0,0.1460114508366696,0.1387087687002658,0.3862148672867621
5207,82.0,0.14571259624863575,0.13840142222773488,0.3860825354003433
5207,83.0,0.14492134787647903,0.13759069902916887,0.38507303193167464
5207,84.0,0.14421105794821515,0.13680307025729696,0.3845069260649708
5207,85.0,0.14442100840514996,0.137084784708254,0.38421709543341265
5207,86.0,0.14482955233007186,0.13752798500828112,0.3847108203279438
5207,87.0,0.1446512092048636,0.13740612866117943,0.384052079409341
5207,88.0,0.1441515624414931,0.136888299563293,0.38365416451259
5207,89.0,0.14448914925057865,0.13727630006842534,0.38399985684526794
5207,90.0,0.14401584014361068,0.1368141575454531,0.382969010001899
5207,91.0,0.14326810670680537,0.13609197021916325,0.3809029071305189
5207,92.0,0.1430136970416303,0.13580670738243877,0.38009923205003604
5207,93.0,0.1421404153290455,0.13493195213669953,0.3786113069723198
5207,94.0,0.14088062133165544,0.13366149494767457,0.3764837776940744
5207,95.0,0.1398437086203215,0.13267898458708755,0.37355011684387035
5207,96.0,0.1391092269095741,0.13195228410853013,0.37208310478462664
5207,97.0,0.13810668127579614,0.13098318415943147,0.36989346228304204
5207,98.0,0.13759524647620175,0.13049570811264882,0.36852250240472895
5207,99.0,0.13702703606906985,0.12997603941855546,0.36671116669352694
5207,100.0,0.13669220101517246,0.12967937167768226,0.36549250120616283
5208,0.0,2.9066038639870517,5.408116675855963,6.564657815288973
5208,1.0,0.4463012894027696,0.4571515711341567,1.228182422574981
5208,2.0,0.37161846767295353,0.35901085271413286,1.057253168386674
5208,3.0,0.3313649654362059,0.310237667500253,0.9601195420013393
5208,4.0,0.30141652822806186,0.280300067342511,0.8742454839739013
5208,5.0,0.2806804352876407,0.2604392845584768,0.806538362512147
5208,6.0,0.2628648031059181,0.24293724905460098,0.7486631408079941
5208,7.0,0.24398112966801414,0.22639789276630692,0.6878386676152338
5208,8.0,0.22835175071944824,0.21173516717674096,0.6424401480999782
5208,9.0,0.21925771977249453,0.2034371972143257,0.6137763851718194
5208,10.0,0.21160209505794894,0.19604430787096455,0.5870678621336823
5208,11.0,0.19961024673716482,0.18450161830965783,0.5562715645490813
5208,12.0,0.19275838753906288,0.17847526262336,0.5321586004696026
5208,13.0,0.18575000269829883,0.17240238614373904,0.5060493083815307
5208,14.0,0.18172706413107498,0.16920060689843325,0.4897028127469183
5208,15.0,0.17130435931588056,0.15924773743600196,0.4640867114701986
5208,16.0,0.1618299235366972,0.15033547625114074,0.43788792263568455
5208,17.0,0.15641101996867396,0.14561217187454836,0.41923950487700545
5208,18.0,0.15103376614253056,0.14090240251993044,0.4008004940354727
5208,19.0,0.14586425336105213,0.1366282470428228,0.38267350373453934
5208,20.0,0.1380463427467934,0.12956048691978064,0.3577014067982277
5208,21.0,0.13152704330967627,0.12372108468823925,0.33587097656230863
5208,22.0,0.12746319655452037,0.1197297908805979,0.3275006124582844
5208,23.0,0.12364196540129534,0.11585159086599486,0.32052883367879037
5208,24.0,0.12188476144468531,0.11446711088930762,0.31531074389301766
5208,25.0,0.12308355636793239,0.1160259248381243,0.3141168979818549
5208,26.0,0.1243274384169947,0.11713564055995121,0.3173988783638307
5208,27.0,0.12477926624524505,0.11776754125892601,0.31918059156417056
5208,28.0,0.1254508652842896,0.11855652412617491,0.3200059044073128
5208,29.0,0.1264859758474797,0.11954067455053502,0.32222147636543685
5208,30.0,0.12298126756890647,0.11569313342765929,0.3207519143265785
5208,31.0,0.12167294756327575,0.11421379801259564,0.3216317257867804
5208,32.0,0.12199900303470126,0.11445894141361489,0.32349065156728374
5208,33.0,0.12343380191527406,0.11592910900857317,0.32642762712456524
5208,34.0,0.12582648986419476,0.11829544114179079,0.33346033616159504
5208,35.0,0.1276243796979596,0.12016218390357393,0.33564009286953816
5208,36.0,0.12680632417862944,0.11915935607607815,0.3379645858405816
5208,37.0,0.12687242720145736,0.11917238043124764,0.3405090159220308
5208,38.0,0.12684641905110022,0.11914612734913467,0.34129854346110666
5208,39.0,0.1265417258111333,0.1187609863066935,0.34193336813093644
5208,40.0,0.12675401890003693,0.11886179920981989,0.34364364899925787
5208,41.0,0.12751302280189908,0.11961640217321783,0.345853355771352
5208,42.0,0.12716468889429133,0.11920184736586281,0.3470699343474172
5208,43.0,0.12724895896968497,0.11933264379399125,0.3466280173169016
5208,44.0,0.12773032890385286,0.11987107504844874,0.3476331186236507
5208,45.0,0.12947792244684636,0.1216828990807612,0.35046876663746707
5208,46.0,0.12913687161129184,0.12124635515863023,0.35117471401489
5208,47.0,0.12964615081465897,0.12178553886822076,0.3519108705160115
5208,48.0,0.13079396517148936,0.12309981043987539,0.3535144676216808
5208,49.0,0.13166856939132812,0.12404663218754253,0.35483221703087
5208,50.0,0.13144333614746503,0.12377158943593114,0.3560269204091852
5208,51.0,0.13183689283485284,0.12415254682000898,0.35732807664137917
5208,52.0,0.13139166411115646,0.12374142843268035,0.3571066554950613
5208,53.0,0.13146846624206102,0.12380025540017527,0.3576382116414799
5208,54.0,0.1307318095113827,0.12302684043918684,0.3571333770860354
5208,55.0,0.13094000251574067,0.12332498611775758,0.3563846108079246
5208,56.0,0.13076403517378132,0.12306820511492661,0.3571344833053541
5208,57.0,0.13036549689565716,0.12263935323128093,0.3571959836394746
5208,58.0,0.13082855820208197,0.12312920116022348,0.35796912543620213
5208,59.0,0.13197727110788246,0.12423732180892168,0.3604118322567934
5208,60.0,0.13273014118430826,0.1249919334256759,0.3622881370228438
5208,61.0,0.1334175479471277,0.1256468919957602,0.3647257921141924
5208,62.0,0.134248644570557,0.12653750475778563,0.366444922910837
5208,63.0,0.1341945938301847,0.1263800497615653,0.36775947314024515
5208,64.0,0.13520892757685463,0.1274195970846963,0.3700426255619246
5208,65.0,0.135503760180638,0.1276984843271018,0.37177172355662247
5208,66.0,0.13605892947442083,0.1282772907059963,0.3729744952991114
5208,67.0,0.13686346431590893,0.1291430486095469,0.3737783935982741
5208,68.0,0.1372100454153827,0.12948920609344794,0.37452584912658143
5208,69.0,0.13691435275434163,0.12920214591826598,0.37455236803883263
5208,70.0,0.1370486354808742,0.12931454984540994,0.3754413067653847
5208,71.0,0.13706317406743823,0.12933506465961694,0.3752365100546321
5208,72.0,0.1371280917769404,0.12933867594209358,0.3761822803902077
5208,73.0,0.13738560926308926,0.12948900356348117,0.37783492503652877
5208,74.0,0.13744641477085626,0.12951074701534332,0.3789509899140961
5208,75.0,0.13698390623287807,0.1290081211755895,0.3789553510242667
5208,76.0,0.13695748049408865,0.12894631579921056,0.37965929843674584
5208,77.0,0.13614381687473254,0.12808718510386016,0.37930637151271657
5208,78.0,0.13636421641816288,0.12830059209769923,0.38020511355228404
5208,79.0,0.136505476143576,0.12843441562678565,0.38052456359638015
5208,80.0,0.136883420277473,0.12882514208529014,0.380522454997412
5208,81.0,0.13702735034614022,0.1289875903447708,0.38071921511301615
5208,82.0,0.13721212256482945,0.1292212789071103,0.3809043930590702
5208,83.0,0.1372109943103321,0.12919624999090437,0.38161081158467997
5208,84.0,0.1374022009991296,0.12942889409709363,0.38169486387445417
5208,85.0,0.13684736627145577,0.12884522838763132,0.38138843797526545
5208,86.0,0.13578655261567874,0.12775030861490969,0.38000461926434675
5208,87.0,0.13501807517612535,0.12694208533376092,0.3792460059825079
5208,88.0,0.13482498551544492,0.12679769965121804,0.3781327844208059
5208,89.0,0.13412136325181073,0.1261254986301337,0.37622845729773297
5208,90.0,0.13406232947909433,0.12610199960564183,0.37605328662438137
5208,91.0,0.13324475016887652,0.12533942177639243,0.3740424481190771
5208,92.0,0.1323834024384361,0.12449535903110336,0.3725908898381339
5208,93.0,0.1320542065930186,0.12418953725529595,0.3713186909153232
5208,94.0,0.13185544850847314,0.12406496927717518,0.370161623585302
5208,95.0,0.1315851817211322,0.12381630797996318,0.3691555542703776
5208,96.0,0.1310248708876527,0.12330538216788736,0.36724393971788866
5208,97.0,0.13074208718090188,0.12307438635062552,0.3664278354713042
5208,98.0,0.13061075794100566,0.12304840336620837,0.3649592279520144
5208,99.0,0.1304089238664824,0.12293549025700937,0.3638110289473132
5208,100.0,0.13026384216792844,0.12283423817559289,0.36298148752873755
5209,0.0,2.9066038639870517,5.408116675855963,6.564657815288973
5209,1.0,0.5334084512385322,0.5699137350293613,1.2893970037228608
5209,2.0,0.40793559542734137,0.4187962401128424,1.0894662061003713
5209,3.0,0.3647171361864821,0.36246327463821126,0.9806370429009688
5209,4.0,0.3381131130959988,0.3330059961423037,0.9006810732050797
5209,5.0,0.3247843058731353,0.3187623425146369,0.8398146055151445
5209,6.0,0.3026961352626882,0.2952581369061565,0.7795126104810096
5209,7.0,0.29187524493556516,0.284719554456784,0.7260483265376799
5209,8.0,0.27254345357384846,0.2653766226665947,0.6810171884630292
5209,9.0,0.2559384799078299,0.24830089356688387,0.6336411443358019
5209,10.0,0.2438264466645022,0.23688143969935171,0.594025975048063
5209,11.0,0.23606367089762428,0.22856784356076845,0.5684764340939422
5209,12.0,0.2354436642067819,0.22816606331206743,0.5482219866364946
5209,13.0,0.22368875928222295,0.2157565699105257,0.5229690984635385
5209,14.0,0.2068082725484752,0.19820136060765708,0.4944007905485627
5209,15.0,0.19617129285993334,0.18720873827127307,0.4707969779458267
5209,16.0,0.18240431704279989,0.17322387117989943,0.4458398202209697
5209,17.0,0.17283035997695648,0.16365541399417874,0.42599539122343577
5209,18.0,0.1642145950085529,0.15509805078420025,0.4076798291640735
5209,19.0,0.15510411877222502,0.14587453345843462,0.3870047185041597
5209,20.0,0.14379391557932472,0.1341496061157181,0.37096740156416014
5209,21.0,0.13643342381312082,0.1268683083955539,0.3578239926468328
5209,22.0,0.13343936573221746,0.12403906013752422,0.3510363385388394
5209,23.0,0.13005890540373635,0.12074242196545995,0.3422625840454135
5209,24.0,0.13118763682375714,0.12204200511408245,0.3434752959116588
5209,25.0,0.13041653091353958,0.12126568394356849,0.34416939965365206
5209,26.0,0.13187968881305454,0.12305174443258565,0.3407403973623137
5209,27.0,0.13249931460856876,0.12397282956584399,0.3393096431821436
5209,28.0,0.13150217982713766,0.12299362211250765,0.33804943983285496
5209,29.0,0.1274267587212522,0.11879862508734707,0.33373048998140864
5209,30.0,0.1281855005503053,0.11934386519471768,0.33967193227612325
5209,31.0,0.12870834384011234,0.1198029775441418,0.3428735941939735
5209,32.0,0.12902221174131565,0.11994891529107962,0.3459070757100965
5209,33.0,0.12926369822583372,0.12032614612883895,0.34501390679359406
5209,34.0,0.1291722166736687,0.12023993279988153,0.34609398262327035
5209,35.0,0.12831693605161995,0.11935290171693601,0.3466506891685202
5209,36.0,0.12784510716502417,0.11890594214650321,0.3462800859958147
5209,37.0,0.1287084654397666,0.11991043665505598,0.3474204190289321
5209,38.0,0.12914628512101992,0.12043126826391302,0.3481945170951014
5209,39.0,0.1301947882953372,0.12135451329814648,0.3514272803724832
5209,40.0,0.13029505338688116,0.12142802773039012,0.3533916750679759
5209,41.0,0.13005919688117706,0.12117412060653159,0.355274049119566
5209,42.0,0.1307979195892056,0.12204679556186779,0.3552108691625194
5209,43.0,0.13130960691200738,0.12245654065748342,0.3574720208346464
5209,44.0,0.1307699085867243,0.12182217560533865,0.3585665745615288
5209,45.0,0.13109425535042912,0.12214285646992813,0.35995012667267606
5209,46.0,0.1311978533549878,0.12226635440261524,0.36036638179457886
5209,47.0,0.13175031944150525,0.12287277294817145,0.3610021770170026
5209,48.0,0.1314309689508305,0.12250962306099483,0.36197495801618096
5209,49.0,0.13180030737125176,0.12295251282947198,0.3627560891488622
5209,50.0,0.1320086761342691,0.12320395886780781,0.36326471346334716
5209,51.0,0.13062645102439915,0.1218180578350415,0.3612622585647418
5209,52.0,0.13005838786558818,0.1212292185290235,0.3611456962194413
5209,53.0,0.13012180040778082,0.12142892480701395,0.35998426314319437
5209,54.0,0.12996807045511577,0.12133349299164518,0.3592981750541107
5209,55.0,0.12948703298590286,0.12087450693265221,0.3579690722496899
5209,56.0,0.12867975029925538,0.1200946821155873,0.3567205551323507
5209,57.0,0.12842123564145358,0.1198385742376484,0.3569082514953844
5209,58.0,0.12820981525272585,0.11965424556708866,0.35611276019688926
5209,59.0,0.12833127133591996,0.1198040999041065,0.3559925547366417
5209,60.0,0.12892107295355043,0.12048125397226891,0.35681713455294817
5209,61.0,0.1290622614665663,0.12062394028888283,0.3567279445383096
5209,62.0,0.12950151103419213,0.12111360702833426,0.35743294742586873
5209,63.0,0.1288341399764565,0.12047422809373841,0.35584570959070705
5209,64.0,0.1286786533734475,0.12036009769666274,0.35535493342326535
5209,65.0,0.12923150277987983,0.1208993956065649,0.3565975689321149
5209,66.0,0.12953718580488846,0.12127116587712808,0.3572841612530832
5209,67.0,0.12908236843687768,0.12084609274386134,0.35666053495654776
5209,68.0,0.12831678959699552,0.12001594552786025,0.35650049759209723
5209,69.0,0.12810701045424902,0.11969241597874057,0.3577777077966637
5209,70.0,0.12762169207235707,0.11908431050201554,0.35830427417803373
5209,71.0,0.1284639352819299,0.11990976830403167,0.3601927184200342
5209,72.0,0.1288284447294611,0.1202913081209561,0.36068519440778524
5209,73.0,0.12943388895671443,0.12088695252285334,0.3622590242937592
5209,74.0,0.13061570538547024,0.12206755542903829,0.36468985486972716
5209,75.0,0.1313968861140787,0.12290149655437228,0.3657629981620753
5209,76.0,0.1312620182708541,0.12281119569600223,0.36546638533330283
5209,77.0,0.13135489945394443,0.12286495035058308,0.3664639376355237
5209,78.0,0.13187647110578699,0.12333047219349674,0.36765134856293813
5209,79.0,0.13211757133452992,0.12356731740638636,0.3685444065413502
5209,80.0,0.13274453203675632,0.12420283835743845,0.36952146956593795
5209,81.0,0.13308382041616354,0.12449536679220889,0.37075899074982566
5209,82.0,0.132965631953873,0.1243108457777774,0.371293471239885
5209,83.0,0.13249461621036338,0.12374044735239575,0.3716737118365193
5209,84.0,0.13211376303236166,0.12334731336199939,0.37164529225144627
5209,85.0,0.13254024472084303,0.1238006379375697,0.3722419049149154
5209,86.0,0.13248484642227476,0.1237786782875327,0.3718042099968469
5209,87.0,0.13263865591349927,0.12400257618641662,0.3714875552042201
5209,88.0,0.13230488424228737,0.12367165260686991,0.3711391958132029
5209,89.0,0.1318269472537654,0.12324391667853231,0.3699457276012742
5209,90.0,0.13218254465123064,0.12358248119286637,0.37045944037846035
5209,91.0,0.1323733857022281,0.12385931598547666,0.36998964040824744
5209,92.0,0.13229827205051495,0.12380872932595241,0.3695231518928635
5209,93.0,0.13167393136956262,0.12316132589711196,0.36851158063245953
5209,94.0,0.13084295035253005,0.12234028482938303,0.3670827130814066
5209,95.0,0.13007847374415016,0.12159866227240049,0.3654859410734159
5209,96.0,0.1297981635120969,0.1213357835778303,0.3648215889220669
5209,97.0,0.12944754353817214,0.12108503943701357,0.3631859962791791
5209,98.0,0.1292603130082774,0.12098710817558339,0.3621099495450592
5209,99.0,0.1287176080703366,0.12049621952164447,0.3610461740197654
5209,100.0,0.12818553571637384,0.12000801115321161,0.3597633418344878
5210,0.0,2.9066038639870517,5.408116675855963,6.564657815288973
5210,1.0,0.42436560475499446,0.4408563096400798,1.1584714933944786
5210,2.0,0.3664781970972927,0.3541045449771709,1.0285741267152413
5210,3.0,0.3322505125216412,0.3124361973489919,0.9222531335733086
5210,4.0,0.31111514241108534,0.28871000361509624,0.8704166198602732
5210,5.0,0.28516310396554234,0.2643870699697427,0.7925348967935418
5210,6.0,0.260986802517438,0.2404734732219724,0.7347096985657496
5210,7.0,0.2483206466695759,0.2290977112663577,0.6924557531468742
5210,8.0,0.23657634902087413,0.21871127613934563,0.6610516491488494
5210,9.0,0.22448118708438752,0.2074071034438809,0.6268657608548736
5210,10.0,0.21244874167570782,0.19695288049178022,0.5887828398681096
5210,11.0,0.19920804350002055,0.18478923517760074,0.5549798614468451
5210,12.0,0.1898011008960312,0.17608890923549472,0.5293963201014954
5210,13.0,0.18278384118900365,0.169708476314855,0.5085425258400267
5210,14.0,0.17199915111604053,0.15928772295503307,0.4810329733126275
5210,15.0,0.16002188074002857,0.1480344358124255,0.4481178578347099
5210,16.0,0.15125641111111024,0.139736332025857,0.42613191262227007
5210,17.0,0.14406749883016462,0.13322177004980643,0.40448977347078574
5210,18.0,0.1390233954161673,0.128539272324443,0.38830604705442084
5210,19.0,0.1338638898338467,0.123759284668039,0.3746036403548515
5210,20.0,0.12371638533695195,0.11397244863529404,0.3485505063689576
5210,21.0,0.12021491715749975,0.1109152475942401,0.3355417513531516
5210,22.0,0.1162372410933703,0.1071654591056289,0.323896598971181
5210,23.0,0.11262652035081398,0.10377012230267907,0.31333269856805973
5210,24.0,0.11098230172228614,0.10212378243173922,0.31091241773636025
5210,25.0,0.11277211345149828,0.10402269207189827,0.31438793629554473
5210,26.0,0.11335060619266438,0.10480199868146793,0.3132092422812195
5210,27.0,0.1115583834703981,0.1031261876157607,0.3075862838993356
5210,28.0,0.10994569627092445,0.1014501013985903,0.3069018685442899
5210,29.0,0.10876817521270271,0.10031280490054045,0.30493847361567705
5210,30.0,0.10810435953041228,0.09967803668245385,0.3049046874501417
5210,31.0,0.10793727695175882,0.09944777553559547,0.30679989020112125
5210,32.0,0.1089250592002416,0.10037715663106804,0.3105547619725769
5210,33.0,0.10982565931968837,0.10128076489070872,0.31319623071414743
5210,34.0,0.11089328854503666,0.1023970238353212,0.3154251982832951
5210,35.0,0.11126905455559204,0.10289464350931055,0.31572166215868075
5210,36.0,0.11090059053225587,0.10260650877766266,0.3153911328762015
5210,37.0,0.11041237302757564,0.10215909603289597,0.31434362003519
5210,38.0,0.10966057886278284,0.10145659853786838,0.3121686296496239
5210,39.0,0.11031057880455548,0.10210327194154094,0.3139467238526774
5210,40.0,0.10974312898905969,0.10144367677372945,0.3137622922434909
5210,41.0,0.11037549286507276,0.10203515912287608,0.31558740482346787
5210,42.0,0.1114129819782841,0.10303721013686029,0.31872433373251774
5210,43.0,0.11190844931627343,0.10353534327829401,0.3209121809323292
5210,44.0,0.11267606165577468,0.10421602260289671,0.32473631836662253
5210,45.0,0.1135071454422715,0.10496683802551307,0.3279784925532636
5210,46.0,0.11411548680101137,0.10558298176293483,0.3297497263334093
5210,47.0,0.114293816755028,0.10572168187950433,0.33080702454523114
5210,48.0,0.11502072530904328,0.10646940542431806,0.3323598552393952
5210,49.0,0.11569961063508864,0.10712812548952731,0.3345386056467533
5210,50.0,0.11564244899879178,0.1070966892443123,0.33441221008065924
5210,51.0,0.11570324815846349,0.10708079715559074,0.33588796237183477
5210,52.0,0.11481347925982258,0.10623335864530312,0.33413518074658294
5210,53.0,0.114718672796053,0.10622718001656521,0.33362201347848663
5210,54.0,0.11518668440095671,0.10672843837478509,0.3343211088424903
5210,55.0,0.11544595857027035,0.1069171267385923,0.33533962915371146
5210,56.0,0.11544361372537379,0.10689676674991312,0.33608130315630047
5210,57.0,0.11607900339501467,0.10745896023917031,0.33845042788930757
5210,58.0,0.11628381235871457,0.10763426697874764,0.3402158160217596
5210,59.0,0.11635928398321647,0.10768903027906998,0.340660825574543
5210,60.0,0.11681957505478364,0.1081680899382843,0.34219202178703995
5210,61.0,0.11732402660435148,0.10863792556525766,0.34398635512877057
5210,62.0,0.11749590204455344,0.10878190024388563,0.3448297885598178
5210,63.0,0.1179695234007108,0.10927634354940552,0.3458558447803122
5210,64.0,0.11866967910771696,0.10997237739255354,0.347664347052878
5210,65.0,0.11969299074090509,0.11097296584377174,0.35040475243337077
5210,66.0,0.12035384123423783,0.11155238541595394,0.35295024901761557
5210,67.0,0.12093445579924042,0.11206838733700686,0.3550697002816794
5210,68.0,0.12145618950355834,0.11253997210506218,0.35729742985272295
5210,69.0,0.12238272475435,0.11339278244941604,0.36049134685079676
5210,70.0,0.12307552305565245,0.1140351929429639,0.3628369822141792
5210,71.0,0.12375310850439179,0.11470646331797844,0.3644400769769741
5210,72.0,0.1241383899262358,0.11507657836508771,0.36596302761005234
5210,73.0,0.12450263404049046,0.11544841853597153,0.3669453669866563
5210,74.0,0.12474814088322776,0.11569738273113692,0.36810618985665333
5210,75.0,0.12512490568926607,0.11605315304730555,0.36974504961168053
5210,76.0,0.12562551075812842,0.11658804353416008,0.37080145693234745
5210,77.0,0.12637756290086563,0.11733717122931392,0.37233085443226394
5210,78.0,0.12678852508946617,0.11772987499149473,0.3737341636424964
5210,79.0,0.12707046274639655,0.11799739003182018,0.37480264597315915
5210,80.0,0.12733113204866653,0.11828359136084335,0.37565435169335554
5210,81.0,0.12793682608376,0.1188442898772763,0.37767915542765734
5210,82.0,0.12801315543139904,0.11892221295559793,0.3781831082595005
5210,83.0,0.12831937237527974,0.11922515039912855,0.3788410358772376
5210,84.0,0.12816153357201604,0.11908164931404237,0.3786780612603287
5210,85.0,0.12791465055627274,0.11885181256885315,0.3781552170217224
5210,86.0,0.12816056089965386,0.11908089999964096,0.379214357192507
5210,87.0,0.12802623856118042,0.11898439741448041,0.37875644010532683
5210,88.0,0.1279344800751897,0.11886898313017208,0.3788693013896126
5210,89.0,0.12777095677619066,0.11874338146235025,0.3783122636301168
5210,90.0,0.12730087618218214,0.11828183954223834,0.3772645932935617
5210,91.0,0.1269632840434432,0.11798205710841048,0.37633036234649836
5210,92.0,0.1266692385779905,0.11771829450466978,0.374894335229865
5210,93.0,0.1264933937945581,0.1176228752827239,0.37398052796446996
5210,94.0,0.1261482396580712,0.11729026503109417,0.3732891367033919
5210,95.0,0.12603444786382406,0.1171846253879834,0.3727765232010429
5210,96.0,0.12591065686305405,0.11706961832348818,0.3723877363960804
5210,97.0,0.12541961585984163,0.11663025581087176,0.371088610000161
5210,98.0,0.12466894247050266,0.11594453285291206,0.3690287168726786
5210,99.0,0.12442539019366067,0.11574674913329136,0.36827379302459173
5210,100.0,0.12391108647211566,0.11527349020225448,0.3670040423795672
5211,0.0,2.9066038639870517,5.408116675855963,6.564657815288973
5211,1.0,0.6120239245310019,0.6249280773440419,1.2561601488332823
5211,2.0,0.555223829498116,0.5474418945256679,1.0461289858452412
5211,3.0,0.4907872695543817,0.47725618779671436,0.9097324329779939
5211,4.0,0.433684449597116,0.41948286610852487,0.7855939271801835
5211,5.0,0.40656760641815703,0.3914122985501812,0.7402067363817492
5211,6.0,0.37703752513110517,0.3641550381261674,0.6617289265172258
5211,7.0,0.35910706849538565,0.34817509657712786,0.6009829543100722
5211,8.0,0.3462771562454099,0.3378752580305385,0.5455924741844735
5211,9.0,0.343573598617777,0.3373051826353941,0.5176813487118014
5211,10.0,0.3305042005821445,0.32539071076668785,0.48312909247956887
5211,11.0,0.3101517950998936,0.30566392992578995,0.44663506185563195
5211,12.0,0.2945318455692096,0.29078668653311657,0.4217914629625643
5211,13.0,0.27501643117047014,0.27185893189756066,0.3907208117534196
5211,14.0,0.2664698113304664,0.2639920869554178,0.3715525369721713
5211,15.0,0.2598997198437028,0.2579813715673593,0.35471789521034225
5211,16.0,0.2587039212879709,0.2576707045149144,0.34862822442086877
5211,17.0,0.2412438440998992,0.24046839006878754,0.3224364122426888
5211,18.0,0.22727189539112333,0.22663866994939882,0.2985523450230756
5211,19.0,0.21227191942562612,0.21197580745849745,0.27729722529448547
5211,20.0,0.19845831472072623,0.19835215286526142,0.2591389653045608
5211,21.0,0.19471508411461477,0.19509564661327575,0.24906322021640295
5211,22.0,0.1888311961548463,0.18921464555051554,0.24393402468760297
5211,23.0,0.19085393796452932,0.19117380519536722,0.24996603915857463
5211,24.0,0.18327985306476552,0.18327882714725105,0.24548006925116408
5211,25.0,0.18050538556932652,0.18055233660484835,0.24644623815843683
5211,26.0,0.17516714959414442,0.1750200440908531,0.24372415522174917
5211,27.0,0.17132697302757405,0.17100904163124211,0.24454521147704483
5211,28.0,0.16726197309769097,0.16657583322445027,0.24516274520677853
5211,29.0,0.1674165180770999,0.16682813524231702,0.2472909049776506
5211,30.0,0.1685117064207639,0.16790155255579498,0.253579788078619
5211,31.0,0.17049353928516206,0.1697236216238516,0.2600360979823867
5211,32.0,0.16898824874693902,0.16813915862519296,0.2629236556343107
5211,33.0,0.1678982216361097,0.16702215022159836,0.2639296617674414
5211,34.0,0.1648077089078055,0.16369881830359664,0.2640789545117051
5211,35.0,0.1579459182928511,0.15652628056357185,0.2617873103100958
5211,36.0,0.15320044784626055,0.15145452654770056,0.26203666699582645
5211,37.0,0.1518888869858276,0.150102162059481,0.26024602696260235
5211,38.0,0.14779297707196073,0.1458321584264359,0.25899094075772205
5211,39.0,0.14564106173139701,0.14334414684315705,0.2620747272068621
5211,40.0,0.14670715969385437,0.144332405597439,0.26689423891643327
5211,41.0,0.14616240870107802,0.1435639736702311,0.26879030696724043
5211,42.0,0.14637949529083258,0.1438043795019746,0.2686129634033288
5211,43.0,0.1473316928255515,0.1446027425699201,0.27375530561651845
5211,44.0,0.1470289755368896,0.14415086703160043,0.27544246724983
5211,45.0,0.14809591323763585,0.14514213899534295,0.2792853006924577
5211,46.0,0.15048133329755017,0.14768829556533744,0.28156063634987294
5211,47.0,0.1506808386894487,0.14786133559602158,0.28394085473270975
5211,48.0,0.15037520635527613,0.14758252308403078,0.28494686780068734
5211,49.0,0.15189850177646214,0.14926926899767942,0.28733339844979433
5211,50.0,0.1526685800266833,0.15002976784258154,0.2899778365726075
5211,51.0,0.15157137251594777,0.1487101587381976,0.2919664454333025
5211,52.0,0.15192500969843267,0.14902175861874267,0.29376325546526627
5211,53.0,0.14978041705349793,0.14670441955938127,0.29373283575223924
5211,54.0,0.149729828423271,0.14655831387619098,0.2956650652715243
5211,55.0,0.15026504301332064,0.14704720371746804,0.2981659192402962
5211,56.0,0.1509370462635085,0.14775536177387955,0.3000279513761961
5211,57.0,0.15091137833616125,0.14778019558301772,0.3007071768352221
5211,58.0,0.15106971040053419,0.1478062588933371,0.3031686580557975
5211,59.0,0.15268517111741187,0.1494683161545364,0.3049409480651043
5211,60.0,0.15267251043637187,0.14946547577925637,0.30667575490444915
5211,61.0,0.15259162483652117,0.14933824070208773,0.3079080027457935
5211,62.0,0.15221608345135273,0.14903462721134128,0.3070908196966677
5211,63.0,0.15212250735689653,0.14891579983243314,0.3074274529532631
5211,64.0,0.15191132586049994,0.1486553507153468,0.30970101471578326
5211,65.0,0.15335301903119664,0.15022904941230045,0.3117604253558969
5211,66.0,0.15384487079827394,0.1507000184466425,0.3147458891592887
5211,67.0,0.15436266148213929,0.15122941344635876,0.31618298730598077
5211,68.0,0.15394276884569372,0.15074873774526365,0.31716081213816827
5211,69.0,0.1535264836742669,0.15020692082282766,0.31824135660200575
5211,70.0,0.15319445774428161,0.14987452564852877,0.3191057114228734
5211,71.0,0.15277409436010506,0.1494036973997187,0.3195140636095651
5211,72.0,0.15251951921756693,0.14909285143044826,0.31907256150077656
5211,73.0,0.15174501959858477,0.1482524904485073,0.3198474752715281
5211,74.0,0.1518076091401676,0.14838555021426492,0.32042186196710015
5211,75.0,0.15189383835211878,0.14844039883730248,0.32180166162662854
5211,76.0,0.15166194929818913,0.1481448499930072,0.3220059398453642
5211,77.0,0.1511166014742548,0.14760593283495727,0.32142976609380725
5211,78.0,0.15060838463753912,0.14706372402279527,0.3219213576833525
5211,79.0,0.1508286303242018,0.14732554709194975,0.32281769506051
5211,80.0,0.15054629329565228,0.1469249395528285,0.32330749211234566
5211,81.0,0.1503844592159557,0.14665949630266245,0.323777392108453
5211,82.0,0.14954453690423716,0.14567109268579212,0.3241797817835787
5211,83.0,0.14936429662950113,0.14554211397623515,0.32413078548272817
5211,84.0,0.14931811651310622,0.14541496926259767,0.32519648395877815
5211,85.0,0.14930196655289282,0.14537201205483957,0.3260975470707047
5211,86.0,0.1489818163159469,0.14499390479695637,0.3268988308246832
5211,87.0,0.14802453949339955,0.14393623552245174,0.32684485944616665
5211,88.0,0.14746071580166947,0.1433055192174439,0.326857985605226
5211,89.0,0.1471430973841173,0.14294575720644867,0.326487188824988
5211,90.0,0.14691960499701,0.14266068873580223,0.32683699364593166
5211,91.0,0.14640709445908182,0.1420403051308881,0.3272145708373014
5211,92.0,0.1463373613928212,0.1418750386549,0.32780838978758525
5211,93.0,0.1460115861361691,0.14154051188292877,0.3279538858078287
5211,94.0,0.1456066723452366,0.1410699408214221,0.3279526757567774
5211,95.0,0.14548984120897845,0.140971587128468,0.3280440653220024
5211,96.0,0.14468680060466185,0.1401363334732259,0.3275965330086898
5211,97.0,0.14407367986922945,0.13955345629086346,0.3266613154937683
5211,98.0,0.14313883989705373,0.1385974453300594,0.3260006779370714
5211,99.0,0.1430277366672383,0.13854831207231336,0.32599079569182404
5211,100.0,0.142900030823671,0.13849021087001476,0.3251746488805147
5212,0.0,2.9066038639870517,5.408116675855963,6.564657815288973
5212,1.0,0.6068214273365927,0.6421522990479394,1.2765394150957907
5212,2.0,0.5267977297083571,0.536952592172619,1.0448880410098509
5212,3.0,0.45286846933867525,0.461235245617186,0.9079878300175583
5212,4.0,0.435671994801938,0.44517018253414387,0.8402559565109633
5212,5.0,0.4268513798714626,0.43972181574446323,0.7790176126255575
5212,6.0,0.4266980857264699,0.44342170070741593,0.7198883901771868
5212,7.0,0.4212470630958545,0.43706562693719814,0.6719924122756302
5212,8.0,0.42394244922282,0.43716057612535325,0.6532380463256523
5212,9.0,0.40029732777180455,0.412125645320308,0.6176536030401293
5212,10.0,0.3724721493329511,0.3829884519866548,0.5690218502764917
5212,11.0,0.36754045010073616,0.3762646540904634,0.5537738924787727
5212,12.0,0.3459013899624514,0.35303400038557164,0.5189217219758059
5212,13.0,0.3318837240232721,0.3376475915695133,0.49816779922609983
5212,14.0,0.3140975050832124,0.3186754757558362,0.46655807714412695
5212,15.0,0.3032667212771922,0.3074062742725514,0.4445782577674381
5212,16.0,0.29030162941378185,0.2942186858626752,0.42119543570211476
5212,17.0,0.28076581738000117,0.2847932171149757,0.40443961957959773
5212,18.0,0.2698433240425779,0.2738261299872939,0.38445062926795054
5212,19.0,0.26516427974387274,0.2693091505827441,0.37408059281692174
5212,20.0,0.2561164263738035,0.2603281248142547,0.3570090892425769
5212,21.0,0.24632879680019387,0.2505450806240447,0.339691717272551
5212,22.0,0.23853504578309973,0.2427713291865182,0.3249472940251901
5212,23.0,0.22872836044153302,0.2327093999257739,0.309155197969147
5212,24.0,0.22099230952174326,0.22471154702495372,0.2970618906260499
5212,25.0,0.2142732656733584,0.2178099054072175,0.2889815313501002
5212,26.0,0.20981615706153003,0.2128894921246542,0.28735117720980563
5212,27.0,0.2073922796757958,0.21022004545295533,0.2860886623590441
5212,28.0,0.20121280395334448,0.20379072866691544,0.2775713360186565
5212,29.0,0.19532080777712266,0.19747098374995237,0.27092564327189067
5212,30.0,0.1977708760377246,0.19995107973544804,0.27527552429391033
5212,31.0,0.196577052915557,0.19857068912561135,0.2764525807135858
5212,32.0,0.19467053308137572,0.19654944346751554,0.27598736573495025
5212,33.0,0.19064677096495236,0.1923101682718451,0.27375192287369576
5212,34.0,0.18378431895452632,0.18514531985590726,0.26857823169418826
5212,35.0,0.17920590034355352,0.18041856620443691,0.2657137183474052
5212,36.0,0.17533929453365898,0.17637540626019432,0.2643773805641514
5212,37.0,0.1729643167517251,0.1737799927604658,0.26646535950045835
5212,38.0,0.17008323170544223,0.17074265999025878,0.26633336884930464
5212,39.0,0.16698207835997247,0.16749862841699778,0.26431399115360743
5212,40.0,0.16517259732615913,0.16560565242054281,0.262400072322768
5212,41.0,0.1652173495242009,0.16554564109786676,0.2623349765377833
5212,42.0,0.16504026623958123,0.1652704047492274,0.26192200296969204
5212,43.0,0.16633257045427552,0.16645938706263216,0.26687193906801165
5212,44.0,0.1630395810685852,0.16298424340619103,0.2645625993316745
5212,45.0,0.16082463887822443,0.16061006109033157,0.2647166236246823
5212,46.0,0.1577255762463074,0.15744615041307028,0.263699809353258
5212,47.0,0.15698598365292718,0.15679008796017918,0.262763457276751
5212,48.0,0.15726973597493107,0.1571284563653801,0.26376354559544024
5212,49.0,0.15719872298578944,0.15704458982104055,0.2640084103945347
5212,50.0,0.15452047079087186,0.15412095287436378,0.2625224238440659
5212,51.0,0.15461585732874183,0.1541961258605039,0.2616493369438536
5212,52.0,0.15443608802623934,0.15404270205532583,0.2628149435953458
5212,53.0,0.1541713494192442,0.15377565211653657,0.2634231122397431
5212,54.0,0.15218127110053126,0.15167460092352186,0.2633189724915763
5212,55.0,0.1506041762403323,0.14991548958234543,0.263816783908605
5212,56.0,0.149188757708964,0.14843829150336674,0.2634164668898082
5212,57.0,0.14712108803815502,0.14619501177347657,0.2636723196095889
5212,58.0,0.1468408414588904,0.14590973148248657,0.2631895497136883
5212,59.0,0.14571802851583113,0.14473542215546728,0.2628120479807189
5212,60.0,0.14454842717259,0.1435236646088215,0.2629414488771085
5212,61.0,0.14508284308153363,0.14416669368295618,0.26371135716918254
5212,62.0,0.14481899542584928,0.14389399407434392,0.26498849013587616
5212,63.0,0.14304228082606468,0.1420238831522535,0.26385799160104173
5212,64.0,0.14190541641962096,0.1407996940138804,0.2640265495239682
5212,65.0,0.14159326470827402,0.14035906926776248,0.2643912406191985
5212,66.0,0.14222275118850158,0.14093739272476055,0.2662363011633852
5212,67.0,0.14116965213490942,0.1397271598498343,0.26612205428647145
5212,68.0,0.13921512134771608,0.13772361076246276,0.2640439925453612
5212,69.0,0.1385670781322744,0.13696771909367922,0.2646971400339906
5212,70.0,0.13784935680691435,0.13624786942119937,0.26478593817454854
5212,71.0,0.13791657134663832,0.13634113822436125,0.2652539866196955
5212,72.0,0.13872951989894672,0.13715406259214555,0.26591579254858727
5212,73.0,0.1383421834999529,0.1367615651616016,0.26589247961571827
5212,74.0,0.13735401750508125,0.13560803548784645,0.26656582087306097
5212,75.0,0.1354909042542947,0.13356894001612113,0.2659704648070783
5212,76.0,0.13558066524279633,0.1335407657550035,0.2668186081301795
5212,77.0,0.134831143270137,0.13268322120082046,0.2676743343061135
5212,78.0,0.134378394036806,0.1321133206665001,0.2675236379215929
5212,79.0,0.13389552553703343,0.13155076191111703,0.26852858584762007
5212,80.0,0.13376709701861753,0.13136017895139812,0.26920647678889753
5212,81.0,0.1333537669176363,0.1309005728122932,0.2699215053290916
5212,82.0,0.1340990568339012,0.1316556871553906,0.2719189020915746
5212,83.0,0.13451276243116095,0.132002696496952,0.2732469287714861
5212,84.0,0.1340718288459378,0.13139208040909747,0.27414490797961993
5212,85.0,0.1343920125396537,0.13169366671088842,0.2757826511966926
5212,86.0,0.13456292382674215,0.13180842197189654,0.2778854424541568
5212,87.0,0.13318887417743583,0.13032469746050865,0.27809260919456574
5212,88.0,0.13254746441564358,0.12964655442885126,0.2786909780712017
5212,89.0,0.13305972083522782,0.13017382047798612,0.27934885194836057
5212,90.0,0.13337010906147925,0.13047848513569973,0.2801158013386481
5212,91.0,0.1341240674490565,0.13123036553709572,0.28131609968210497
5212,92.0,0.13408327522467417,0.13124499935930223,0.2822803055686956
5212,93.0,0.1325724316506901,0.12967286464558184,0.2823501452431135
5212,94.0,0.1313388531980366,0.12837030404809505,0.2819459248434565
5212,95.0,0.13002796412773018,0.12696724131243997,0.281339922198218
5212,96.0,0.12937135973062458,0.1262442551280048,0.28084943643064897
5212,97.0,0.12889828481035712,0.1257705232903775,0.2804357757900518
5212,98.0,0.12794440723404404,0.12479076128967614,0.2793610976908693
5212,99.0,0.12674371559270414,0.12355739207897393,0.27835181478561577
5212,100.0,0.12576303770332387,0.12254897415003507,0.27741308662091096
5213,0.0,2.9066038639870517,5.408116675855963,6.564657815288973
5213,1.0,0.5004905678187385,0.5049229957040956,1.2461980577536114
5213,2.0,0.4052850121959487,0.39171225188063125,1.0753415987352561
5213,3.0,0.37000632027597424,0.34846084665138216,0.9996047290538916
5213,4.0,0.33349008999334856,0.3101831739013694,0.9141952877221762
5213,5.0,0.303281755762338,0.28006296133718417,0.8404881916574795
5213,6.0,0.28435377345269897,0.2620911190258594,0.7879795495219893
5213,7.0,0.26770095607356176,0.246616419051005,0.7393393979180789
5213,8.0,0.25102149315607203,0.23092783845915726,0.694565188071118
5213,9.0,0.23685448784142138,0.2176197878015917,0.6566116971758647
5213,10.0,0.221550120454126,0.20363045815180994,0.6151841364438196
5213,11.0,0.20492626723080298,0.1880725782633555,0.5708661873632734
5213,12.0,0.1903504820871208,0.1739766601384669,0.5345518813091704
5213,13.0,0.17987397464961205,0.1640807279363316,0.5078502067914463
5213,14.0,0.17059087136692833,0.1555966135779436,0.4814870208813147
5213,15.0,0.16179730852217547,0.14758628126448642,0.4565132539612792
5213,16.0,0.15438594143066542,0.14098918312151276,0.4343646361424189
5213,17.0,0.14720251168959628,0.1345918890769148,0.4097800704261634
5213,18.0,0.14093076171514918,0.12880228645104677,0.39287318313722286
5213,19.0,0.1379627779637705,0.12614929793808244,0.38347417738593037
5213,20.0,0.13176973421632654,0.12032276100128594,0.368333881869664
5213,21.0,0.12545957265126376,0.11447147613238441,0.35193387416974714
5213,22.0,0.1204974803138348,0.10989837379757443,0.3386222774492858
5213,23.0,0.11811265929757087,0.1076953732579549,0.3332922534015032
5213,24.0,0.11528477695975965,0.1051106632602136,0.3265605072833941
5213,25.0,0.11418664910587109,0.10412773569946084,0.32352754625973035
5213,26.0,0.11330414485649644,0.10334664684860627,0.32188835447025815
5213,27.0,0.11251958463791092,0.10265399269682997,0.32037761187181296
5213,28.0,0.11346115769447826,0.10356370233717924,0.3235087577706402
5213,29.0,0.1137085322540066,0.10386652646451658,0.3242938541148191
5213,30.0,0.1125905120924952,0.1029005813379748,0.3211099075458922
5213,31.0,0.11106055765200537,0.10154679105663819,0.31677558358620816
5213,32.0,0.11169097542712475,0.10223213406808464,0.3171915153168113
5213,33.0,0.11167309491922678,0.10227179037257628,0.3178864750771391
5213,34.0,0.11204929577809263,0.10273697041294048,0.31767799490824145
5213,35.0,0.11107577971622289,0.10182788618143232,0.3155718422661352
5213,36.0,0.11061792554556193,0.10147649877144903,0.314391162806839
5213,37.0,0.11050795773417324,0.10144040830481185,0.3146861774907936
5213,38.0,0.10956784086310774,0.10057735887248351,0.31267297779560976
5213,39.0,0.11050739826860963,0.10146896430607714,0.31582516240720565
5213,40.0,0.11106027391660228,0.1019786719220093,0.3183334015415316
5213,41.0,0.11107912333689914,0.10199788034563019,0.3196570187592588
5213,42.0,0.1120810560178489,0.10294711096690394,0.3234944878114434
5213,43.0,0.11376347690408083,0.10454639840293285,0.3283865560190045
5213,44.0,0.11329121528406551,0.1041307808804105,0.3272659808024649
5213,45.0,0.11285405324411239,0.103794225923813,0.3261412842286171
5213,46.0,0.11414910333415922,0.1049838600741809,0.3310044072409936
5213,47.0,0.11385782737001761,0.10471361977748171,0.33049341823696243
5213,48.0,0.11398081399746582,0.10487029634513634,0.3310125587701621
5213,49.0,0.1134764038698195,0.10439330693730554,0.32996144872587957
5213,50.0,0.11375518208012224,0.10468773031635947,0.3308138636242288
5213,51.0,0.1138203923951687,0.10476804637448213,0.33118305085762145
5213,52.0,0.11358942892902983,0.10455560313246155,0.3312763285753272
5213,53.0,0.11372733331099169,0.10477017585052179,0.3316160199909162
5213,54.0,0.11402894426601257,0.10512945499037399,0.3321003984209359
5213,55.0,0.11384928069081754,0.10496087485091218,0.33141917334489346
5213,56.0,0.11420340954690904,0.10538005962661391,0.33192672388773253
5213,57.0,0.1145571436280022,0.10571670813243786,0.3333632221879933
5213,58.0,0.11483606863790274,0.10599052720928313,0.3346524326850769
5213,59.0,0.1151162386512983,0.10629128248107897,0.3357570208101831
5213,60.0,0.11590253847820925,0.10709121772096712,0.3378781503271046
5213,61.0,0.11585650211521602,0.10707334218958603,0.33772166809816795
5213,62.0,0.11564364854764927,0.10688973589241431,0.33737968633721194
5213,63.0,0.11545597310941046,0.10677697846044594,0.33670851792281975
5213,64.0,0.11599096436638466,0.10729569219636925,0.33804219416323006
5213,65.0,0.11550306101736783,0.10685817368545347,0.3366187469444551
5213,66.0,0.11618270520997485,0.107534033799118,0.3384888954277354
5213,67.0,0.11653972649700158,0.1078623127382235,0.3397455722234218
5213,68.0,0.11723073277748727,0.10853284934558172,0.3418273801560107
5213,69.0,0.11798961434911562,0.10927029488157036,0.34452929864384957
5213,70.0,0.11834195087281936,0.10962529183744996,0.3454622809662411
5213,71.0,0.11812677442320314,0.1094501782712952,0.3450643736238879
5213,72.0,0.11817647656506934,0.10947010291831155,0.3459090618733146
5213,73.0,0.11806558892907729,0.10938121626507401,0.3460016678775972
5213,74.0,0.1176866952592723,0.10902831091625162,0.344922729073746
5213,75.0,0.11709026022450177,0.10847073281742373,0.3426595140506153
5213,76.0,0.11698403535191043,0.10837505366299868,0.3426282382242715
5213,77.0,0.11661857551984421,0.10804987037940937,0.34188011049209643
5213,78.0,0.11624386614749961,0.10766121205863392,0.34136778656458333
5213,79.0,0.11618661264943646,0.1075981219397339,0.34150988121188314
5213,80.0,0.11599045950841169,0.10745723069317752,0.3407841601070494
5213,81.0,0.11598129945017036,0.1074530810589873,0.3406310611541894
5213,82.0,0.11637477869123897,0.1078365620801278,0.341779173449803
5213,83.0,0.11683812137364692,0.10827764807195718,0.3435730493357808
5213,84.0,0.11720156917807587,0.10864575037907091,0.3444696854424026
5213,85.0,0.11725569824528427,0.10869507409767139,0.3448459824270794
5213,86.0,0.11696700992749988,0.10846133463712988,0.3437098762483241
5213,87.0,0.11662397398152388,0.10817797647540346,0.3423805777034586
5213,88.0,0.1168008993079786,0.10839618659454837,0.34277015701453506
5213,89.0,0.11680205086989187,0.10840732605862667,0.3431468799359899
5213,90.0,0.11668112751666739,0.10830571437420525,0.34297226153967475
5213,91.0,0.11688608110026473,0.10856446840294685,0.3430861504085022
5213,92.0,0.11693150503542302,0.1086427957164354,0.34313811660715227
5213,93.0,0.11694494954515232,0.10869778568555424,0.34265209372655075
5213,94.0,0.11693171603792053,0.10869122542087055,0.3425603497715374
5213,95.0,0.11672625313475535,0.10851419825432088,0.3420202412167365
5213,96.0,0.1164408007515303,0.10825119573268165,0.34162705265984716
5213,97.0,0.11634099020291258,0.1081253094878369,0.3416120264326097
5213,98.0,0.11622114899221554,0.10801047137353834,0.3409504396033946
5213,99.0,0.11624413704044911,0.1080056032841044,0.3413693246713473
5213,100.0,0.11612551015291608,0.10790029555159546,0.34110194410249284
5214,0.0,2.9066038639870517,5.408116675855963,6.564657815288973
5214,1.0,0.5148688014477627,0.5171315732929891,1.3651187440256674
5214,2.0,0.4577648935526056,0.4512121063168896,1.221241109771827
5214,3.0,0.40849097575063786,0.38666042423239066,1.1185385442965738
5214,4.0,0.3758483012148425,0.3503872401727444,1.036527919445606
5214,5.0,0.36489714059767486,0.33838454682550906,1.003124700045462
5214,6.0,0.34118879886883546,0.314263136409336,0.943964326222657
5214,7.0,0.3269503588831189,0.30008596974551244,0.9054399160944023
5214,8.0,0.31203280011374845,0.28591941145177324,0.8718991279658391
5214,9.0,0.2987539048879055,0.2740527160875745,0.8389767053711981
5214,10.0,0.28772667208457126,0.2638648835350939,0.8114977100589279
5214,11.0,0.27553195995326624,0.2527902699612665,0.7813908968100954
5214,12.0,0.2628080001927731,0.24123295085448532,0.746541969108813
5214,13.0,0.2516930961672145,0.231070699139586,0.7152267108309106
5214,14.0,0.24230034614093435,0.222150693652602,0.6912691066515115
5214,15.0,0.23475540751754898,0.21528131616173224,0.670885235051478
5214,16.0,0.2275384356541628,0.20859984345089783,0.6530504350366998
5214,17.0,0.21972266462563028,0.20136275113807017,0.6314770099670136
5214,18.0,0.21390604589310258,0.1960526755574356,0.6144517842422351
5214,19.0,0.20632403565132745,0.1890307874014119,0.5925453546853862
5214,20.0,0.2000294619414292,0.18333986552028989,0.5719733891262174
5214,21.0,0.192447192294471,0.17640239315309672,0.5490802602132654
5214,22.0,0.18779977530765232,0.1722074636586634,0.536171473899667
5214,23.0,0.18486369300506186,0.16962768008117363,0.5266058603740491
5214,24.0,0.1820829137749101,0.16720492674774,0.5178598394999085
5214,25.0,0.18173616907595183,0.16709941805445092,0.5151797932222719
5214,26.0,0.18087256593950507,0.16646367104618529,0.5117014061214986
5214,27.0,0.17945510984376525,0.16522419792266999,0.508376899182677
5214,28.0,0.17727245208624454,0.16313355592083836,0.5040377633890453
5214,29.0,0.17691545903887446,0.1628899681234599,0.5030560844131688
5214,30.0,0.1773549728426853,0.1636764693682041,0.49994092555578706
5214,31.0,0.17625503637129789,0.16271020045751688,0.4979347031996627
5214,32.0,0.17388381939806227,0.16042388427313534,0.49324307233484566
5214,33.0,0.1712590174244096,0.15792665690486565,0.48690295574937537
5214,34.0,0.17049479118066352,0.1572464286715656,0.4854573386362264
5214,35.0,0.16971792033605582,0.1565535748715871,0.4846496030586346
5214,36.0,0.16823647538946576,0.15517594154047265,0.4812412951048373
5214,37.0,0.16825280789198074,0.15519309761275527,0.4821790302279063
5214,38.0,0.1684301914093482,0.15540778274733508,0.48305256230115506
5214,39.0,0.16666568468361775,0.1537875428779749,0.478875112461545
5214,40.0,0.16539419054850799,0.15261643134892316,0.47639000909566614
5214,41.0,0.16347166915409053,0.15079594973774074,0.4717948000975183
5214,42.0,0.162351234694244,0.1497871392075632,0.4684373478065635
5214,43.0,0.16239157215585337,0.14985140226065083,0.46876627081920114
5214,44.0,0.1615500349750579,0.1490436902696101,0.4672337902753483
5214,45.0,0.16186038968782954,0.1494016970323001,0.4682450008609068
5214,46.0,0.1611099453402193,0.14867790821366614,0.4677722133476568
5214,47.0,0.1610390240709173,0.14868676966704206,0.4675796351842362
5214,48.0,0.16032326709389047,0.14803302765951043,0.4667928407522245
5214,49.0,0.15901147585688963,0.14684566732777163,0.4636610231260307
5214,50.0,0.15876486656082253,0.1466508772029003,0.4632190447441895
5214,51.0,0.1582335669748539,0.14616245059562663,0.46244900619441925
5214,52.0,0.15760600150632165,0.1455485696421181,0.46106697693933674
5214,53.0,0.15698378735050822,0.14496665054099075,0.45961497170484905
5214,54.0,0.1568767574908946,0.14490016238035622,0.45966756093841804
5214,55.0,0.15654865171776125,0.14462165899033613,0.4587495718100326
5214,56.0,0.15567952189616183,0.14385425602913016,0.4562703479227192
5214,57.0,0.15557641840896133,0.14379979874927326,0.45608840165725867
5214,58.0,0.15499452966682306,0.1432802361311174,0.4547232183943872
5214,59.0,0.15464535026594625,0.1429748332494724,0.45382463094630177
5214,60.0,0.1538475047147812,0.14225457164300992,0.45138976962581995
5214,61.0,0.15368353680128807,0.142160253999018,0.4509013799031898
5214,62.0,0.15362310744803695,0.14211867294014155,0.4506629512921234
5214,63.0,0.15394930814350247,0.14249349955996718,0.4514009957171003
5214,64.0,0.1537895459781352,0.14237787863737525,0.4511472635819287
5214,65.0,0.1539527078200637,0.14257867224586898,0.45148761287431727
5214,66.0,0.15408565993495538,0.14271563988729682,0.45187056773141365
5214,67.0,0.1546540988965533,0.14328108775354265,0.45338027816811105
5214,68.0,0.15466472278926918,0.14330063739857482,0.45395363916482373
5214,69.0,0.15543669445543862,0.14405403809429124,0.4562665488879187
5214,70.0,0.1556829402459646,0.14427811619456615,0.4576092719295014
5214,71.0,0.15598905707040595,0.14452543097314033,0.4591470508679193
5214,72.0,0.157045458368949,0.14548868018218467,0.4626670674023682
5214,73.0,0.15745690195281706,0.1458963554790475,0.46413019790660687
5214,74.0,0.1575720487390055,0.14601702560209515,0.4646834385336841
5214,75.0,0.15736365116498352,0.1458397471332531,0.46404247901813167
5214,76.0,0.15775313018157042,0.14618733948524387,0.46547498352127914
5214,77.0,0.15770995771554597,0.14614825490477235,0.46552372477273557
5214,78.0,0.15754277259491695,0.1460222232942351,0.46504744807246085
5214,79.0,0.15755609259314882,0.1460398528529274,0.4652780639966255
5214,80.0,0.15723602124504818,0.1457880546045461,0.464516058352919
5214,81.0,0.15696061318519586,0.1455849141413867,0.4638881599792562
5214,82.0,0.15694366489157235,0.14558283517587464,0.46422030145651927
5214,83.0,0.15683510757701194,0.14548658301120346,0.4639188614551687
5214,84.0,0.15637435503776542,0.1450531276294544,0.4627749874714497
5214,85.0,0.15621468913651312,0.1449114410796409,0.46243938500331994
5214,86.0,0.1561358844267559,0.14484278231181205,0.46255122838695045
5214,87.0,0.15614122426744495,0.14484954600976646,0.4624870628615662
5214,88.0,0.1559177373758661,0.1446454445803566,0.4619767112001542
5214,89.0,0.15543524556940608,0.14421465888975626,0.4605780456402784
5214,90.0,0.15454016337339904,0.14339731787619986,0.45803833763802976
5214,91.0,0.1537546922795868,0.1426811313553255,0.4555998485410744
5214,92.0,0.15327243602586862,0.1422563930188249,0.4542625130727917
5214,93.0,0.15295569269896894,0.14196039289006848,0.45348907903716074
5214,94.0,0.1525918738170713,0.14163578014966186,0.45232858440957174
5214,95.0,0.1521848375171818,0.1412932287394535,0.45114754622274406
5214,96.0,0.15105071355385571,0.14023966634685822,0.4480800445047026
5214,97.0,0.1502907590450214,0.13956338069106802,0.44576361686387145
5214,98.0,0.14935557912694916,0.13871863182122063,0.44318481278110483
5214,99.0,0.1487309725340109,0.13816953735606832,0.4412455089695794
5214,100.0,0.1479230605083066,0.13743074786407977,0.43909791875439547
5215,0.0,2.9066038639870517,5.408116675855963,6.564657815288973
5215,1.0,0.567013297342911,0.5869691660595703,1.2059396087972027
5215,2.0,0.4634819211366756,0.4692190650179053,1.0125654657908156
5215,3.0,0.4100579654663201,0.4056261749972185,0.8993700663424067
5215,4.0,0.37560256085852006,0.3682193042132952,0.8213784020480417
5215,5.0,0.3599317497433214,0.355933038966179,0.7509413453995245
5215,6.0,0.3389644671226614,0.33562992828984467,0.6985813620097563
5215,7.0,0.32411654321453365,0.32065993208097654,0.660250270866131
5215,8.0,0.31335046687072327,0.309584603101971,0.6313285538616701
5215,9.0,0.29824073520985367,0.2946696947009224,0.6043716514702783
5215,10.0,0.2923585243952044,0.29004676212435776,0.5756928606214041
5215,11.0,0.28594980066310804,0.28454385048039454,0.5501411777830073
5215,12.0,0.27954081787276314,0.2782232930361057,0.5329507978088069
5215,13.0,0.27170897029589675,0.269865222250991,0.5139010350242396
5215,14.0,0.2649217159108251,0.26332297670558436,0.4925495427184633
5215,15.0,0.2552739659148414,0.25337663114441655,0.4707264330780411
5215,16.0,0.25006763400379667,0.24828969335287845,0.45229752697606157
5215,17.0,0.24508458307686554,0.24333364286326276,0.44223060958635013
5215,18.0,0.24330660173788118,0.2416504203168368,0.43393736785567266
5215,19.0,0.23771185892401947,0.23607447398392944,0.42023603893982414
5215,20.0,0.22647964324302483,0.22506812405711385,0.40209710358684314
5215,21.0,0.2209117839362345,0.21927440164150847,0.38944940490723884
5215,22.0,0.21864177718013184,0.21707086617631938,0.38232707013803063
5215,23.0,0.21816653528458288,0.2167872954124556,0.38044823808463685
5215,24.0,0.21809301183478288,0.21668530167041428,0.38071445784961006
5215,25.0,0.2140112244462669,0.21228229703501195,0.376952404179033
5215,26.0,0.21521498114964102,0.21347401174143366,0.3803487849787772
5215,27.0,0.21501190164404985,0.21340828115672297,0.3785550280702585
5215,28.0,0.21480554338784077,0.2132053040593782,0.38008617239718756
5215,29.0,0.20933668021504537,0.20752809046271414,0.37442557871230553
5215,30.0,0.20399863445044905,0.20172662421033122,0.37186145061158865
5215,31.0,0.20392006621892322,0.2015154935099242,0.3734780508774705
5215,32.0,0.2017153275761847,0.1992077571652823,0.3712326110161616
5215,33.0,0.1986649844014485,0.1960483535311746,0.3705616365424642
5215,34.0,0.19763732354548008,0.1951180496910622,0.36933072317498206
5215,35.0,0.19702428055269197,0.19475369187413702,0.36580178591797896
5215,36.0,0.19734043997378148,0.1952826541340512,0.36577011703124784
5215,37.0,0.19528039756769808,0.19322910437302349,0.3641259780634689
5215,38.0,0.19366070946460692,0.19157975050700762,0.36075600237317057
5215,39.0,0.19194278061908762,0.18990735022473942,0.35746008967079507
5215,40.0,0.19068921857143278,0.18846187759976107,0.358347264792611
5215,41.0,0.18859620772275673,0.1862312063669224,0.3581278098864018
5215,42.0,0.19088777490769746,0.18870152094161016,0.3598568063761001
5215,43.0,0.1917262628884679,0.18953946708554784,0.3626245772861081
5215,44.0,0.19352075658545417,0.19143735952419833,0.3644051098814762
5215,45.0,0.19107268292232993,0.18890439455095637,0.3623017061109982
5215,46.0,0.19278460324176397,0.19069968610064925,0.363409049221935
5215,47.0,0.1904290452659429,0.1882228989452834,0.3616844597081486
5215,48.0,0.18839581234324662,0.1860764985401806,0.3601826056418007
5215,49.0,0.18946760180318098,0.18718216201692087,0.3610658519550656
5215,50.0,0.18954213639584114,0.18718350009356874,0.3625052708991231
5215,51.0,0.19026048444914143,0.18778023682857056,0.364985103148762
5215,52.0,0.18804410961259688,0.18538578084566532,0.3647615988254343
5215,53.0,0.18672494374958798,0.18393554610450305,0.3645355256120715
5215,54.0,0.18530854113823084,0.18244250209140334,0.3644559294614324
5215,55.0,0.1854583409041766,0.1826402466353834,0.36503756685300975
5215,56.0,0.18512210696087797,0.18221093562999463,0.36596564460464437
5215,57.0,0.1846762338258312,0.18174341846418984,0.3666608893101081
5215,58.0,0.18280221694861934,0.17976219131609175,0.36641737594558266
5215,59.0,0.1804285937975719,0.1772672096699322,0.36432073858039254
5215,60.0,0.17923849188925342,0.17612274210406298,0.3627398233552456
5215,61.0,0.17757097479158537,0.17439843373125155,0.3622307408478328
5215,62.0,0.17656328087479548,0.17325351221825,0.3627805061450596
5215,63.0,0.1755516421458797,0.1722455742692314,0.36143388091874973
5215,64.0,0.17518883518620354,0.17194430725450777,0.36048101298404017
5215,65.0,0.17530322454844627,0.17213850984665607,0.3606976123914791
5215,66.0,0.1742397923527154,0.17098037822223663,0.35940628458220036
5215,67.0,0.17322998804461498,0.1698231964288834,0.3592585341755994
5215,68.0,0.17192609671416018,0.16838217769291022,0.35982737227892586
5215,69.0,0.17083292886661208,0.16715313496572173,0.35989002825147537
5215,70.0,0.16846354003901162,0.16464402492557978,0.3582826165664454
5215,71.0,0.167522305892064,0.1636432206608093,0.3581445371729732
5215,72.0,0.168196623779511,0.16432609591964772,0.3592270307580475
5215,73.0,0.16831380486359263,0.1644060210385741,0.35940010695042085
5215,74.0,0.16873774428034405,0.1647748028312528,0.3602339036866118
5215,75.0,0.16870919431286094,0.1647814953306426,0.36002508788460835
5215,76.0,0.16841123491400203,0.1644881534984562,0.3603829328666019
5215,77.0,0.16856220220627896,0.16462883589291552,0.3623167076021953
5215,78.0,0.1672012831521183,0.16321130523857708,0.3620552005550696
5215,79.0,0.1667215256028948,0.1626896741041486,0.3623153330293401
5215,80.0,0.16627709017908374,0.16223107921926314,0.36264966779815866
5215,81.0,0.16550238681476673,0.16140554792634343,0.3621648659149417
5215,82.0,0.16460597750798345,0.16043483137530892,0.36139555909640425
5215,83.0,0.16338339456938267,0.15901934950707083,0.36138895361708134
5215,84.0,0.16255934649268083,0.15818223892519015,0.36024626851536856
5215,85.0,0.16176997776762467,0.15738311693422724,0.3594515535263101
5215,86.0,0.16126972021502745,0.15686006501331323,0.3590486078301568
5215,87.0,0.16094842314676053,0.15662666654397533,0.3570958111195041
5215,88.0,0.15995442079855793,0.15566187898073577,0.3553180307732795
5215,89.0,0.15913092188866812,0.15488527268823216,0.35367116394037773
5215,90.0,0.15900148413604387,0.15480379309543627,0.35259465749161234
5215,91.0,0.15852795891261465,0.15443361891564572,0.3509593584829102
5215,92.0,0.15820545741122916,0.154177744829922,0.35047969727946693
5215,93.0,0.15765492534828338,0.15371202408169887,0.34991333258195
5215,94.0,0.1580294804843597,0.1541471994298153,0.3495391564595119
5215,95.0,0.1576817521537961,0.1539022227245364,0.34775862065287944
5215,96.0,0.15656889927644987,0.15283515592671387,0.3456524929304328
5215,97.0,0.15572452611974194,0.15197868383434274,0.3448535957425882
5215,98.0,0.15504784318022538,0.15135958082918285,0.34341184380299145
5215,99.0,0.1545722430081574,0.15091558001652922,0.34247626852199725
5215,100.0,0.15363538668413249,0.14991517311186012,0.3410679210767503
5216,0.0,2.9066038639870517,5.408116675855963,6.564657815288973
5216,1.0,0.5052637679012282,0.49341666556734914,1.2619584696331865
5216,2.0,0.4297741244251072,0.40384252512340196,1.1157105276843413
5216,3.0,0.40139119907572324,0.37170949893114236,1.0527309591766714
5216,4.0,0.3654015605459262,0.33775057495058164,0.9576247224192604
5216,5.0,0.3324761413702876,0.30638559009137545,0.8844973308604156
5216,6.0,0.3121558707159196,0.2872486841766354,0.8392967244248161
5216,7.0,0.286161082246481,0.26275585399776025,0.7811048401487726
5216,8.0,0.2699791530298734,0.24841228254900283,0.7322472208114297
5216,9.0,0.2625328541691781,0.24224539799385567,0.7086063501732243
5216,10.0,0.2552334894319004,0.2363079366424545,0.681108577195196
5216,11.0,0.24674019103710654,0.2286720655225027,0.6601090159063422
5216,12.0,0.23687698610751556,0.21979591598422418,0.6333319253007115
5216,13.0,0.22859345259946126,0.21289538475984823,0.6022253222793024
5216,14.0,0.2211664645964403,0.2063989410697373,0.5790451578272752
5216,15.0,0.21886856420884646,0.20509247488227594,0.5648134862005272
5216,16.0,0.20778243795090917,0.19469811601268158,0.5374121683908818
5216,17.0,0.199206639118606,0.18686393424640796,0.5106625851687201
5216,18.0,0.19101210512470482,0.1796189705134437,0.48683871388654426
5216,19.0,0.18598478491224665,0.1752047661953429,0.4719947033826251
5216,20.0,0.18512492560863422,0.17488022442987183,0.46463736997496785
5216,21.0,0.1799915900776268,0.17030700749043404,0.4467752134906249
5216,22.0,0.17643140814288924,0.16675664093614426,0.442153534599852
5216,23.0,0.17336095114799835,0.16399914207782748,0.43654301265832546
5216,24.0,0.17255777669323377,0.16312710685065257,0.4360655438068912
5216,25.0,0.1716723975615034,0.1622206663909064,0.4343665108134617
5216,26.0,0.171766489423038,0.16246549268006377,0.43363318121319877
5216,27.0,0.16992093172987802,0.16097379782191387,0.42720012126803114
5216,28.0,0.16828206766494683,0.15956304070078703,0.4226821403754637
5216,29.0,0.16572736932386942,0.15702923616908268,0.41811360730862757
5216,30.0,0.16302709075800434,0.15432822252546397,0.413786706173181
5216,31.0,0.1606804611955773,0.15189246571483414,0.4123985942306419
5216,32.0,0.15969273847317383,0.15110771457892033,0.40732929765487674
5216,33.0,0.15848213369051467,0.14995894234113383,0.40665053150153346
5216,34.0,0.15436390960407875,0.14562007673308228,0.40356893174740377
5216,35.0,0.15439086614801012,0.1455889904300278,0.40309816051920194
5216,36.0,0.15288464139595268,0.14401724377465727,0.40139084187107316
5216,37.0,0.15355453406629482,0.14481502663439128,0.4025186062418509
5216,38.0,0.15470789973909543,0.1461585117734363,0.4039427850594362
5216,39.0,0.1573277253923649,0.14896771643954484,0.40657399240067066
5216,40.0,0.15795091387577026,0.14980941670630227,0.4054785792894188
5216,41.0,0.1574808035226213,0.1493656458349327,0.4041169879245156
5216,42.0,0.15559180916371618,0.14742007442221008,0.40211752389790895
5216,43.0,0.15492093331177495,0.14672835072136414,0.40319332245909634
5216,44.0,0.1556059023414264,0.14744457135283842,0.405635356990592
5216,45.0,0.15579730994482485,0.14765786812478832,0.4064035212853387
5216,46.0,0.15541010286019633,0.14735988519686377,0.40492019234637167
5216,47.0,0.15519987851638564,0.1473165327576161,0.4029957113896298
5216,48.0,0.15574114428229247,0.14798012386182172,0.4029751714003546
5216,49.0,0.15602498839777934,0.14829670531266093,0.4037500749591502
5216,50.0,0.15683658783018636,0.14900702038338448,0.4072240309212167
5216,51.0,0.1579303871074968,0.15006989547899924,0.41055604131164053
5216,52.0,0.15943586910985288,0.15163356610157924,0.41323955010020935
5216,53.0,0.15996780547831535,0.15207627602430593,0.4152586226659507
5216,54.0,0.16091906846194728,0.1529390427463871,0.4187399489149665
5216,55.0,0.16173741678568848,0.15377954682542022,0.4210444978420843
5216,56.0,0.1629679077198442,0.15514953552767113,0.42173345110945015
5216,57.0,0.16325568433137208,0.1553640071056764,0.4232615011546743
5216,58.0,0.16284157681966083,0.15497412842542993,0.42305333299303566
5216,59.0,0.1629347340000753,0.1551582115550186,0.42235842362989073
5216,60.0,0.16319403345845584,0.15540511042118743,0.4226665404247847
5216,61.0,0.16264047815944072,0.154785228891655,0.4229656265157923
5216,62.0,0.16077520412635354,0.15280204995758845,0.42245275772578667
5216,63.0,0.1603481519945049,0.15223989351533415,0.42367975228993576
5216,64.0,0.160432476356159,0.15230813593580012,0.42486602234659065
5216,65.0,0.1600876642532114,0.15193502521033184,0.4252540239331441
5216,66.0,0.15953184390465452,0.15141229751276894,0.4242786343713349
5216,67.0,0.15928619265202182,0.1511833720750039,0.42433019479409667
5216,68.0,0.1590544612675864,0.15096896320162184,0.424139563427358
5216,69.0,0.15817545346761736,0.15009000653186944,0.42222143051427796
5216,70.0,0.15880812704524083,0.15075333412676356,0.42335222326225924
5216,71.0,0.15869653744491466,0.15071936241353973,0.42256690277825765
5216,72.0,0.15796249060383039,0.14998051098893797,0.42156461779499277
5216,73.0,0.15794754412803272,0.14997897017922796,0.42161384229746623
5216,74.0,0.15796401607455599,0.14999585379424457,0.4220564935828908
5216,75.0,0.15734173988150588,0.14927047738478658,0.42277843307482343
5216,76.0,0.15695438214983995,0.14884325580229346,0.422141364932795
5216,77.0,0.15658404031651732,0.14839865420581114,0.42264816245795195
5216,78.0,0.1566349520434971,0.1484713505976019,0.42326768797596803
5216,79.0,0.15673054182380303,0.14865667845865793,0.42311406724027445
5216,80.0,0.15627611150867626,0.1481856176639585,0.42289384595549645
5216,81.0,0.15582123451966337,0.14771998510510898,0.4222422957294917
5216,82.0,0.15557131432913981,0.14739101779904082,0.4230768477291247
5216,83.0,0.15521981681102792,0.14702915747865616,0.4228128486029508
5216,84.0,0.15471585074099492,0.14651730231564328,0.4222398541370445
5216,85.0,0.15407021411935828,0.14580972439612117,0.421330704944925
5216,86.0,0.15372201504676145,0.14543737057638897,0.4209928715018495
5216,87.0,0.15327382576057588,0.14500841244171822,0.4197322359426306
5216,88.0,0.15205195549337108,0.14375120701660513,0.41764187938532316
5216,89.0,0.15161191604761295,0.14333984748683506,0.41613884872830126
5216,90.0,0.15098189909072657,0.14269403755722077,0.4147135005886896
5216,91.0,0.1500641705580506,0.14181315525716476,0.41221824135587165
5216,92.0,0.14892179089392873,0.14070335439627046,0.4096787293104245
5216,93.0,0.14828007301491275,0.14010586405565742,0.4083876750686607
5216,94.0,0.1478337089861893,0.13962466534093185,0.4075075301451521
5216,95.0,0.14680718570005888,0.13864153660682352,0.40492974646515245
5216,96.0,0.14561945440819601,0.13752466314568007,0.4019795875322466
5216,97.0,0.14451757794129208,0.13648025348902876,0.39953905031574605
5216,98.0,0.14359851184249559,0.13560574175309162,0.39740608039294745
5216,99.0,0.14259717260849342,0.13463020262593467,0.395650534378078
5216,100.0,0.14216640957597182,0.1341945527042094,0.39458479632776045
5217,0.0,2.9066038639870517,5.408116675855963,6.564657815288973
5217,1.0,0.4962981784611784,0.5380442043835956,1.1712804498160754
5217,2.0,0.4377754956921683,0.45438673778648586,1.023068820769254
5217,3.0,0.4484702575975496,0.46352871633367715,0.937547323626533
5217,4.0,0.4361175994797873,0.4486013315387586,0.8702503790730203
5217,5.0,0.4249783060793054,0.4375660979949362,0.814423491512086
5217,6.0,0.4169813672418379,0.4277345531678484,0.7772500589103862
5217,7.0,0.4087448096132748,0.4178284045695727,0.7426080131325649
5217,8.0,0.4086810163247982,0.4174670158778167,0.7181816310387462
5217,9.0,0.40309338544779594,0.4116317553267812,0.6806718023395042
5217,10.0,0.39779839944497114,0.40532129438866743,0.6650769477651375
5217,11.0,0.3861409777930741,0.3928832191229362,0.6418755981586101
5217,12.0,0.38031760145843874,0.3866449381005943,0.6218870697192563
5217,13.0,0.3695637877182137,0.3752552700722279,0.6004309917182837
5217,14.0,0.36419438781560554,0.37036480175085235,0.5803744632082661
5217,15.0,0.35404646009349533,0.360182459794476,0.5591752452403258
5217,16.0,0.35265926709959267,0.3583398905122237,0.5502298146539781
5217,17.0,0.3457067735485742,0.350644046777535,0.5353861728139756
5217,18.0,0.33443586645530526,0.33891237650298967,0.5185069309592027
5217,19.0,0.3290529745058179,0.3331308756971348,0.507296954857012
5217,20.0,0.32802433189175445,0.3321146356049103,0.5016674056410155
5217,21.0,0.32278530566739744,0.3269807550222946,0.48891492572647594
5217,22.0,0.31043159486376887,0.3146160330137538,0.46862596606175033
5217,23.0,0.3090366090523352,0.3133296229404685,0.46475570485574286
5217,24.0,0.3084484072447114,0.3125257204245995,0.46297337540460176
5217,25.0,0.30296987688025573,0.306771275803541,0.4557395079735387
5217,26.0,0.3052567604847924,0.3089059230895821,0.4566120357108543
5217,27.0,0.30232464318354213,0.3061701955820006,0.4521193161757102
5217,28.0,0.29865706553427557,0.30234215907004053,0.44948334870261925
5217,29.0,0.292495924187626,0.2959332665164816,0.44435996064087485
5217,30.0,0.28571466241317717,0.2887545590926864,0.4394674106096488
5217,31.0,0.27831504974198373,0.28072837395382055,0.4338988159302226
5217,32.0,0.2737052184500719,0.2759694545849687,0.4308661609093118
5217,33.0,0.27258065453010893,0.2745962298194126,0.4297859045820768
5217,34.0,0.27195859055362087,0.27395316497198474,0.4279201970199329
5217,35.0,0.26957608776231656,0.2715753113165036,0.42715041307308327
5217,36.0,0.2655955654820417,0.2675422240310986,0.42397498569777403
5217,37.0,0.2632187850797775,0.26500520661949456,0.4239585668909354
5217,38.0,0.2598307898270692,0.2614867866406344,0.4210484752198224
5217,39.0,0.25789994318936843,0.2594869707183149,0.41903442434162597
5217,40.0,0.25496711653299897,0.2563365112427018,0.4179879948371895
5217,41.0,0.2522476245549838,0.2535360112031186,0.4152645714888442
5217,42.0,0.25091594744794793,0.25226095195159726,0.41405264136795394
5217,43.0,0.2502172752796441,0.25158204952888036,0.41489208647745834
5217,44.0,0.24820570608323622,0.24945148504505485,0.41502980422223806
5217,45.0,0.24848287706562636,0.24961781685174872,0.41693561789822975
5217,46.0,0.2490303734098713,0.2501352265834876,0.41834466705720685
5217,47.0,0.24746583578747597,0.24845361896106824,0.41671557596150555
5217,48.0,0.24489041980368023,0.24574682326007288,0.41447767151778886
5217,49.0,0.24467863037349163,0.24546358129068574,0.4149749636948847
5217,50.0,0.2448248458038486,0.2454690531237826,0.4155771337959297
5217,51.0,0.24384869480815527,0.2443827671629396,0.41532066426440273
5217,52.0,0.2429491769052924,0.2434506570130881,0.41533508125227897
5217,53.0,0.2403424742080218,0.2407756384765635,0.41382768629515115
5217,54.0,0.23984030045758792,0.24013022811299026,0.4142496306166667
5217,55.0,0.23655285319564626,0.23668030981224428,0.41025421180591676
5217,56.0,0.23548322223755008,0.2355249922760928,0.40914671117816903
5217,57.0,0.23421397624965967,0.23421514996123008,0.40786216415438314
5217,58.0,0.2337215714757003,0.23367876786433495,0.40731435027851165
5217,59.0,0.23231515725783097,0.23215853567980826,0.406294314338477
5217,60.0,0.2328286987125543,0.23258315642246255,0.4079312067227264
5217,61.0,0.2316359779654064,0.23132241249692065,0.4062503106198119
5217,62.0,0.23038959258368558,0.2300257282569806,0.4057450388253129
5217,63.0,0.22989770817168356,0.2295616580284618,0.40499344520059205
5217,64.0,0.22854519030055168,0.22814100671830517,0.4034168353803557
5217,65.0,0.22798464531684212,0.22757874251428453,0.4026460099158543
5217,66.0,0.22734132022072726,0.2269457509003231,0.4010036907371155
5217,67.0,0.22570659549821587,0.2253327748156744,0.39746779060069154
5217,68.0,0.22601275291171571,0.22569885341862994,0.39873008980083846
5217,69.0,0.22628726047980788,0.226112247527858,0.39853658397555786
5217,70.0,0.22682021875721695,0.22667914051945093,0.39917021596787683
5217,71.0,0.22746769584174015,0.22728258031857151,0.4000960302536646
5217,72.0,0.22781824506912768,0.227594450471707,0.40163768834522
5217,73.0,0.22874600104732407,0.22855496553664462,0.40273795263799084
5217,74.0,0.2282378804258616,0.22804071208738141,0.40255483078187393
5217,75.0,0.22659923871071078,0.2263016832863212,0.40210589044763806
5217,76.0,0.22589824445948867,0.22563863548882193,0.40169372107532153
5217,77.0,0.22547511672679985,0.2252590486329005,0.4007335905499221
5217,78.0,0.22459167555133078,0.22429580628759915,0.39968115422517414
5217,79.0,0.2235125330790427,0.22315947651577772,0.39775220078134316
5217,80.0,0.2231480637053834,0.22285053128437693,0.39687426423852934
5217,81.0,0.22132926244004697,0.22097485793762744,0.3952020872345673
5217,82.0,0.21998222159129868,0.21954401362730755,0.3939716878231286
5217,83.0,0.21991729652298672,0.21945133072679454,0.3938014139786716
5217,84.0,0.21979142752087988,0.21927600047191623,0.3937590249772853
5217,85.0,0.21799270685465194,0.21734590298492187,0.39219655126985675
5217,86.0,0.21675579881535983,0.2159948270389846,0.3916148789447664
5217,87.0,0.21566842438062558,0.21476608191378796,0.3913738115188377
5217,88.0,0.21479295203281826,0.21378226583527185,0.3910169018450246
5217,89.0,0.21396466560225758,0.21299926837382574,0.39025501261572826
5217,90.0,0.21279806214312097,0.21181163556229038,0.38860450815796294
5217,91.0,0.21190761747913456,0.21088091201052453,0.3876039267843336
5217,92.0,0.21202094284238468,0.21111426786676085,0.3870313206693115
5217,93.0,0.2121646402061529,0.21130090783246264,0.38683748771423737
5217,94.0,0.2117245407323589,0.2108784446425826,0.38612286223917597
5217,95.0,0.21119547170112285,0.21033195678352548,0.3859503696777691
5217,96.0,0.21042269932095953,0.2095766497221571,0.38451819921747477
5217,97.0,0.20992044490462783,0.20909828177049053,0.38367807605482546
5217,98.0,0.20856777766383525,0.2077279392888139,0.3818568828356333
5217,99.0,0.20818289759575254,0.2073799661589495,0.3814438540902941
5217,100.0,0.20784578166357193,0.20706942545482018,0.38056281857510316
5218,0.0,2.9066038639870517,5.408116675855963,6.564657815288973
5218,1.0,0.4967734106723563,0.49215392588915063,1.3199409100111683
5218,2.0,0.42282973827385484,0.4001313886600127,1.138629029590181
5218,3.0,0.3955733185908624,0.3651063089542011,1.0769776330423475
5218,4.0,0.3687562963465176,0.3374471396882137,1.009334559962683
5218,5.0,0.3403912026052906,0.3112350490949601,0.9348721953061396
5218,6.0,0.32409476340488447,0.29621420046663005,0.8913220561865844
5218,7.0,0.3105876747550658,0.28366545384477043,0.8564893529787727
5218,8.0,0.2948835271887323,0.26912530097399023,0.8188637236779751
5218,9.0,0.2817827841527041,0.2578627800580905,0.7764948756580794
5218,10.0,0.2685738801826877,0.24642807408879921,0.7360353431558478
5218,11.0,0.2600332681956989,0.23946265703536165,0.7088629411444228
5218,12.0,0.24975493670660387,0.2302549204522637,0.6774428467235367
5218,13.0,0.24026989045164654,0.22170624423748847,0.6494094451357203
5218,14.0,0.23287408833309287,0.21511955719989612,0.6291852351463301
5218,15.0,0.2221119811521891,0.2050160267911237,0.6047537522674661
5218,16.0,0.2151332424402362,0.19896925445428085,0.5829938988370583
5218,17.0,0.20960697527765276,0.19457270672781485,0.5637556413682365
5218,18.0,0.20568133283757775,0.19116794186720276,0.5515036165774952
5218,19.0,0.20082579583535437,0.18702526649987902,0.535903129900747
5218,20.0,0.19633902890492755,0.18361484285163748,0.514363752521173
5218,21.0,0.1930798131894786,0.1809810175244626,0.5008043256805282
5218,22.0,0.18530382866778622,0.1736147491602818,0.483536860480827
5218,23.0,0.1786200365016565,0.16738863138204788,0.46611649075533357
5218,24.0,0.17508918851918898,0.1646339706277804,0.4503834368818046
5218,25.0,0.17124461226739843,0.16117121336289372,0.4374952026785982
5218,26.0,0.16776026768746444,0.15788349704930651,0.4299562230788842
5218,27.0,0.1637741263806389,0.15383840245558544,0.42396338271157513
5218,28.0,0.16700468792454443,0.15750807846538545,0.4274291751160027
5218,29.0,0.16694920709842298,0.15751565070448542,0.430444190738905
5218,30.0,0.17138075713093784,0.16247994172217567,0.43345599754747194
5218,31.0,0.1736170070158825,0.16485867261998516,0.4369054701929909
5218,32.0,0.1764265939802644,0.16775306098017442,0.44364318268425923
5218,33.0,0.17833523698509304,0.16967359300541981,0.4492183681862783
5218,34.0,0.17715677031005073,0.16873317276611255,0.44576737674543976
5218,35.0,0.1788195213534989,0.170509173652313,0.4485306946170513
5218,36.0,0.18064378346959944,0.17242338966227003,0.45002700291254966
5218,37.0,0.17991118600673572,0.17162114798807585,0.45016448306751033
5218,38.0,0.18206834137711644,0.17383329983134435,0.4525024557849411
5218,39.0,0.18177423902123482,0.17355253381557237,0.45222202176738013
5218,40.0,0.18180373738589292,0.1736098045375454,0.45229647612295665
5218,41.0,0.18095566265050922,0.1727501275666349,0.4519442287265822
5218,42.0,0.18052546652717338,0.1722757359076004,0.4525919930877602
5218,43.0,0.18074498868872008,0.17235097663345186,0.4559779983101899
5218,44.0,0.18085624815113038,0.17234507597996024,0.45893175555522586
5218,45.0,0.17944471290894098,0.17066631599518195,0.4604586212265991
5218,46.0,0.17845507486766948,0.1696933744196858,0.46033677477240786
5218,47.0,0.1795264185961137,0.17088128235148103,0.46136070940181884
5218,48.0,0.1795672798155053,0.17087311652857706,0.4632450527903703
5218,49.0,0.1803344563400179,0.1716170004598882,0.46558988516146577
5218,50.0,0.1796899363454758,0.17097204021328094,0.46497431741223627
5218,51.0,0.1793687506567823,0.1707776147789108,0.4634940211226461
5218,52.0,0.179312690031253,0.17075493268506295,0.4640457878494542
5218,53.0,0.17934311609701303,0.17079447461924077,0.46439235771140963
5218,54.0,0.1778522667019534,0.16930735268235664,0.4613367279138993
5218,55.0,0.17796082928570597,0.16961819603590197,0.45915505885969615
5218,56.0,0.17663728483687258,0.1683112450843862,0.45714641816049767
5218,57.0,0.1765437397739177,0.16827839021533972,0.45613059812858975
5218,58.0,0.17674586072809262,0.16863304153396003,0.45488570767345493
5218,59.0,0.1766139441505619,0.16849883209573027,0.4541319235666089
5218,60.0,0.17609845146885017,0.16799706961790942,0.45298308507762275
5218,61.0,0.17464843543065092,0.16654444450824601,0.4499321010187554
5218,62.0,0.17453412712313465,0.16632498638370896,0.45110805103203155
5218,63.0,0.17412076760508663,0.16586435914329853,0.45031534287171315
5218,64.0,0.17392210475796502,0.1655651197603505,0.4510708456716758
5218,65.0,0.17392740429580394,0.16562079150968712,0.4508908613169737
5218,66.0,0.1725772765420776,0.1642552081304919,0.4493588760621589
5218,67.0,0.17198177248152577,0.16362465547821692,0.44905192628096474
5218,68.0,0.17032668985165114,0.16185376220482484,0.44742531475582875
5218,69.0,0.16907691387980398,0.160597908050721,0.4456459205905696
5218,70.0,0.16823834647969557,0.1597217336416296,0.44498229740711337
5218,71.0,0.16766610742788526,0.15908625772466173,0.44479569407435904
5218,72.0,0.16740459080665085,0.15887403159052163,0.44449189347130935
5218,73.0,0.16693843277190584,0.1585496780227377,0.44183106891596974
5218,74.0,0.1666943610857931,0.1582930273553087,0.4413772332764486
5218,75.0,0.16718989295770473,0.15881844891903205,0.4422222572709257
5218,76.0,0.1675678576466316,0.159325620464961,0.4417629105119185
5218,77.0,0.16819491060338798,0.1600811863417347,0.4415420315390026
5218,78.0,0.16828782140249982,0.16026066041314702,0.4405936790307244
5218,79.0,0.1678282723841503,0.1598442438120457,0.4391380712262643
5218,80.0,0.1676402605694456,0.15967383706294044,0.438677534516411
5218,81.0,0.16697115830378673,0.15893586389128783,0.43817695654450933
5218,82.0,0.16671790667413128,0.15871826419373408,0.43764282599294474
5218,83.0,0.1658521517934954,0.15779934258399209,0.4370053761719631
5218,84.0,0.16511869635706783,0.15707730500294645,0.43530373632794644
5218,85.0,0.1653879363124122,0.1573062542861612,0.4357750777664633
5218,86.0,0.16491884862897646,0.15682657721820806,0.43499852786955806
5218,87.0,0.164872052596237,0.15680311838820438,0.4348804202866776
5218,88.0,0.1645192569288217,0.15640906046438086,0.43480137552949366
5218,89.0,0.16425701581847024,0.15620257317601854,0.43430741079869556
5218,90.0,0.16416136578700283,0.15616778234114437,0.43362748915346405
5218,91.0,0.16395955045570235,0.15596764235387608,0.4332490862176668
5218,92.0,0.16308108277834746,0.15512430526533325,0.43072723360581977
5218,93.0,0.16260845303787635,0.1546574166835239,0.4292788878219604
5218,94.0,0.1626723076810932,0.15480165075180613,0.42877938118844683
5218,95.0,0.1619661288239081,0.15411265866532536,0.4276512052115728
5218,96.0,0.1614665254653031,0.1536465342955222,0.4262257924588149
5218,97.0,0.16070260231193437,0.1528776600684689,0.42507687980766007
5218,98.0,0.16003608352264542,0.152249198000122,0.4234710016209745
5218,99.0,0.15896231515194492,0.15117213584507058,0.42167389081692813
5218,100.0,0.1577940453294841,0.1500431452795208,0.41943123245977115
5219,0.0,2.9066038639870517,5.408116675855963,6.564657815288973
5219,1.0,0.501630590148575,0.5072452241574713,1.3402855203331703
5219,2.0,0.4014055297218753,0.38790933504569547,1.089248678170632
5219,3.0,0.3570524461820872,0.3416681250684584,0.9692290116680146
5219,4.0,0.3241718135334154,0.30628404238181073,0.8915201709894486
5219,5.0,0.298814616524466,0.2789986191968982,0.8170751668293929
5219,6.0,0.2728307258512016,0.2526760877521911,0.7452686842148826
5219,7.0,0.26210925105845717,0.24202453247743486,0.7029426261163474
5219,8.0,0.2512070412403122,0.231784798633867,0.6682460288951502
5219,9.0,0.24110649342391963,0.22271187346735408,0.6393156875623561
5219,10.0,0.23001308730138065,0.21201232093713596,0.6168749981898712
5219,11.0,0.22339398035527583,0.20635130866065365,0.5974056724011424
5219,12.0,0.21175829288295842,0.19544509533497934,0.5704745131828882
5219,13.0,0.20262162382459342,0.18696512886132594,0.5455843007714537
5219,14.0,0.1930161849872215,0.1780092894149214,0.5214615806026192
5219,15.0,0.18637173225246217,0.17205615413743838,0.5019414979073302
5219,16.0,0.17981903847864453,0.1660216420759306,0.487393290072935
5219,17.0,0.17484964215034018,0.16135040960610078,0.47440023538691456
5219,18.0,0.1705402191980392,0.15767235227503534,0.4603262187479008
5219,19.0,0.16448052585512896,0.1524781871079932,0.4412492461977898
5219,20.0,0.15946439221144337,0.14817492413112113,0.42169492343338943
5219,21.0,0.15590716459033263,0.14510337883250002,0.4120407132974135
5219,22.0,0.15497875643234618,0.14451310530604308,0.4068997005805917
5219,23.0,0.15234915247741423,0.14210212162925687,0.40119814725749153
5219,24.0,0.15128373961241648,0.14122242285234554,0.39590262807400384
5219,25.0,0.15200938879043951,0.14224362163092083,0.3958927745079217
5219,26.0,0.15265035426402274,0.14285172030642693,0.39895336740204246
5219,27.0,0.150699331974894,0.1409726758358394,0.3963740902832195
5219,28.0,0.14895839082564952,0.13924647289391626,0.3941200615109927
5219,29.0,0.14590410564851553,0.13634061917597154,0.38872008853525647
5219,30.0,0.1440362608709806,0.1344716927148632,0.3876486497356833
5219,31.0,0.14217401885299244,0.13261267366369928,0.38644290555984
5219,32.0,0.14190377770792523,0.13228175675582146,0.3867721525716924
5219,33.0,0.14019010903876827,0.130552878121601,0.38412050990518243
5219,34.0,0.1383435814004071,0.1286303309542862,0.3813866152608967
5219,35.0,0.13662122098827095,0.1268426351934442,0.3797510009698046
5219,36.0,0.13546661572435004,0.12566725131349982,0.37826891360871906
5219,37.0,0.13424389100273415,0.12458616454508974,0.3750734692693333
5219,38.0,0.13287196144691776,0.12341147076071148,0.36981240662419235
5219,39.0,0.131717547270799,0.1223958390584743,0.3663856300215159
5219,40.0,0.130853632931355,0.12168863596364497,0.36264431992677565
5219,41.0,0.13125407368645575,0.12241182250070717,0.3607546909614619
5219,42.0,0.1292251461522381,0.12040490488053335,0.35721719853448836
5219,43.0,0.12834213533093142,0.11957138687670599,0.35461390252647246
5219,44.0,0.12897652199860168,0.12046149232986059,0.3537642960467009
5219,45.0,0.12746544959719905,0.11905495278620234,0.34934941114762097
5219,46.0,0.1257477969570471,0.11745290156391479,0.34618348303570945
5219,47.0,0.12474677281601838,0.11646637059766961,0.34444292855087943
5219,48.0,0.12432894132183961,0.11602114462118543,0.34449926928283864
5219,49.0,0.12338233752382508,0.11504679421926338,0.34371350758049285
5219,50.0,0.12328926208378897,0.11501038463876902,0.3431671283312125
5219,51.0,0.1229897276054419,0.11480396298181918,0.34227691264570326
5219,52.0,0.12140508859994209,0.11324653068183727,0.33935273313545633
5219,53.0,0.12114874744152669,0.11306062087449122,0.33807702409583346
5219,54.0,0.12165174852678018,0.11366752211201805,0.3369449885648322
5219,55.0,0.1222219214075694,0.11441914649029326,0.3365146561593805
5219,56.0,0.12123211044995479,0.11338092135950574,0.33559857717098324
5219,57.0,0.121237284523545,0.11340225968929118,0.3356356828070894
5219,58.0,0.12120480368190797,0.11331285267495811,0.3364557578507162
5219,59.0,0.12027431379257164,0.11248413277521156,0.3336778139876037
5219,60.0,0.11985481653736203,0.11219230374983055,0.3313795659517263
5219,61.0,0.1207964297954571,0.11325734826297286,0.33177880716757924
5219,62.0,0.12106631484247192,0.1135636406551592,0.33140357586652985
5219,63.0,0.1205044078763138,0.11307969688895386,0.3302309436822369
5219,64.0,0.11994708906821896,0.11255471770428845,0.32937569695805746
5219,65.0,0.11959534037652497,0.11227867439680489,0.32835230151813943
5219,66.0,0.1193464970315316,0.11206099902104633,0.32778447416336787
5219,67.0,0.11885983164287013,0.11150878587079081,0.32804977701389443
5219,68.0,0.11873851854062772,0.11141220765931295,0.3280147005106891
5219,69.0,0.119246518375663,0.11190712301847139,0.3295171258649316
5219,70.0,0.11957375189474194,0.11224496934255399,0.33078749331869556
5219,71.0,0.11972977073804357,0.1123960459509738,0.3311862641099792
5219,72.0,0.11967102172521306,0.1123172449816115,0.3320771579642947
5219,73.0,0.1191385654294419,0.11190045013259159,0.3302954109838782
5219,74.0,0.11917827173721561,0.11196783833494188,0.3305167649741032
5219,75.0,0.11818766258326693,0.11093508458156329,0.3287750467972466
5219,76.0,0.11781836912877397,0.11053875454156212,0.3290055243098963
5219,77.0,0.11758734237099157,0.11030138587891603,0.3288323703724652
5219,78.0,0.11728784230895321,0.10991352843436435,0.32880536375671926
5219,79.0,0.11725326072775064,0.10988377924036528,0.328355841900832
5219,80.0,0.11696383272464167,0.10945552387986235,0.32875023327859687
5219,81.0,0.11693551558986032,0.10942050271280852,0.32858674417769224
5219,82.0,0.11728775358514633,0.10983973638056976,0.32882127825860047
5219,83.0,0.11783666552431085,0.11040812449311369,0.3303083264211552
5219,84.0,0.11800905224452593,0.11059629966649853,0.33106201719179584
5219,85.0,0.11834045570610764,0.11093692647010814,0.3315346934289187
5219,86.0,0.11853847672952371,0.11114521361099745,0.33255040288658744
5219,87.0,0.11872104974116345,0.11132288912889532,0.33327243840711
5219,88.0,0.11837786835445939,0.11095683521865747,0.3333647559349537
5219,89.0,0.11836244459823023,0.11101222580287677,0.33270444957713685
5219,90.0,0.11809035773091961,0.11082491240403802,0.33169051814177086
5219,91.0,0.11825765306426142,0.11096062923055533,0.3324430725075836
5219,92.0,0.11816313482407588,0.11090201887628964,0.3320750339715837
5219,93.0,0.11833592151587274,0.11115548510403679,0.3318091509240919
5219,94.0,0.11820122452708413,0.11103735715007966,0.3316278342764782
5219,95.0,0.11800738888752743,0.11084546767238743,0.3316040741310309
5219,96.0,0.11768298109623151,0.11063407807637424,0.3298436037738767
5219,97.0,0.11737605165087166,0.11040841476108926,0.32849176549089204
5219,98.0,0.1167884025068876,0.1098811026658597,0.32686226920654565
5219,99.0,0.11630613661026297,0.10940785623913396,0.32579429171533525
5219,100.0,0.11631352152730597,0.10952928872276575,0.3247037083681696
5220,0.0,2.9066038639870517,5.408116675855963,6.564657815288973
5220,1.0,0.5060921368947379,0.4930228130485957,1.3384936070638618
5220,2.0,0.4461395250658692,0.4182649529271799,1.193923457058661
5220,3.0,0.3896452734018731,0.3613889811953301,1.0573186198627404
5220,4.0,0.362531632632784,0.333128126389103,0.9860591661975825
5220,5.0,0.3351301149657705,0.30651475846040926,0.9221034433864851
5220,6.0,0.31048251115262393,0.28333170371154814,0.8649986504007329
5220,7.0,0.2894477049891291,0.2639927728390837,0.8109259780199116
5220,8.0,0.267803833066332,0.24415939909636586,0.7542893676095499
5220,9.0,0.2517000378499623,0.22945685079228886,0.710572938437106
5220,10.0,0.24246362769854876,0.22116499053308356,0.6857387379434524
5220,11.0,0.23271216163827751,0.21244825425802913,0.6596544553259897
5220,12.0,0.2260699739445284,0.20652841150278997,0.6433727817371732
5220,13.0,0.2199985068552269,0.20104944006215728,0.6271215527721642
5220,14.0,0.2113917414726243,0.1931759332581056,0.603409691011654
5220,15.0,0.2042901557166693,0.18674261245239532,0.5825971296601615
5220,16.0,0.1961498109861113,0.17926960624342173,0.5600839868804095
5220,17.0,0.18669563804059705,0.17069423398616,0.5315859894063818
5220,18.0,0.18277826269116168,0.1672027245539588,0.5197094997834099
5220,19.0,0.1766623771860414,0.16170906133614846,0.5012516319842478
5220,20.0,0.16928504702264333,0.1549931709170705,0.4808827525166221
5220,21.0,0.16399850511077205,0.1501562328366948,0.46649861103764295
5220,22.0,0.15996076576254334,0.14652780015969455,0.45427876295981934
5220,23.0,0.15789611638939724,0.14469636823572032,0.449934868070482
5220,24.0,0.15770167015033354,0.144581561714056,0.4499379023987521
5220,25.0,0.15634643501202058,0.14337344507633454,0.44621289088868943
5220,26.0,0.15288315209125056,0.14028574427292054,0.43682256513532736
5220,27.0,0.15026678867115906,0.13796218931010817,0.42897205146583095
5220,28.0,0.14857203925688942,0.13643052752469836,0.4239508018792995
5220,29.0,0.14813138278710408,0.1360480693653066,0.4242993237038334
5220,30.0,0.14821182882162703,0.1361043048789098,0.42559812943051234
5220,31.0,0.14826207617972284,0.1361623889158368,0.4267072333369623
5220,32.0,0.14774515883628025,0.13569270914382064,0.42597470876300725
5220,33.0,0.14598360329200555,0.13410172779581123,0.4206917484359234
5220,34.0,0.14474161031428484,0.13294982067238378,0.417277342649603
5220,35.0,0.14377440013968543,0.13208461234552488,0.4147476401787226
5220,36.0,0.14256198623263508,0.13099678557935862,0.4118838356400459
5220,37.0,0.14180543521122657,0.13032292436178458,0.4102823456578569
5220,38.0,0.14217128964906228,0.13071865619823317,0.41234327388435815
5220,39.0,0.14213290247126703,0.1307086631812777,0.41275716125338685
5220,40.0,0.14160580859960392,0.13024607692390996,0.4119481274881424
5220,41.0,0.14197437903822396,0.13059712964656608,0.41365794941202627
5220,42.0,0.14304764633844289,0.1316483957992708,0.41716973514088634
5220,43.0,0.14359973765195475,0.13217552296338056,0.41914533823573963
5220,44.0,0.14536320229062832,0.13387389165441477,0.42400993067383064
5220,45.0,0.14673025164627965,0.13521086015661696,0.4279669716118696
5220,46.0,0.1476198054885028,0.13608105183488972,0.43084968485080216
5220,47.0,0.14682390965685568,0.13533295739240905,0.4292204644352571
5220,48.0,0.1463746738436175,0.13495950307326507,0.4277240116562001
5220,49.0,0.14646338685886395,0.13509131148941864,0.4273822365102116
5220,50.0,0.14721749913559928,0.13585892934632465,0.4290960660158707
5220,51.0,0.14781667668915413,0.13641965814283633,0.43153898694852266
5220,52.0,0.1482613840243465,0.13683406846501497,0.4333682173205866
5220,53.0,0.14881953554295155,0.1374521872381317,0.43506839981893736
5220,54.0,0.1494759836975179,0.13809244794955958,0.4374294700056257
5220,55.0,0.14947572421920474,0.1381452853763806,0.43722928147680384
5220,56.0,0.14968480531961745,0.13839107502017012,0.437751255831777
5220,57.0,0.1498468979346043,0.13857359603272004,0.4380357543861086
5220,58.0,0.14910497718532678,0.13793895165828338,0.4356874369173782
5220,59.0,0.1493554925842825,0.13820692882428415,0.43595683793347123
5220,60.0,0.14941675577790173,0.13827035979201785,0.4353915111860935
5220,61.0,0.1495965577571553,0.13845505852077156,0.4358567709970735
5220,62.0,0.14929740101657288,0.13813296716046405,0.435823077859814
5220,63.0,0.14886111559449083,0.13771172973976206,0.43476228692193075
5220,64.0,0.14871704018423146,0.1376102960269253,0.43441123208310445
5220,65.0,0.1484998281807449,0.13745582433170572,0.4334238262861359
5220,66.0,0.14837885582926688,0.13736985207555294,0.4330538367678773
5220,67.0,0.14844278998965754,0.13746451416115646,0.4333052715555927
5220,68.0,0.14878588052809177,0.13781232345270356,0.4341412990896628
5220,69.0,0.14789163361498628,0.13694579019516961,0.43184999345144753
5220,70.0,0.14747186497125134,0.13655499565812615,0.43109258435637754
5220,71.0,0.14690245716252304,0.13600613442971107,0.4302738614771928
5220,72.0,0.1473003471461967,0.13639087565329952,0.4318400839521644
5220,73.0,0.14724955336677334,0.13635978224931497,0.43203227176605136
5220,74.0,0.14768314362398688,0.13677353668126452,0.43337370227935224
5220,75.0,0.1477203883903812,0.13682281302218394,0.43372406367631733
5220,76.0,0.1471652378548636,0.13628786132722087,0.4324857184112373
5220,77.0,0.14687548967717248,0.136009246283632,0.43227029181555077
5220,78.0,0.1469692290480865,0.1361185421456699,0.43245917435482034
5220,79.0,0.14701719530822777,0.13615989580938986,0.43262948916395644
5220,80.0,0.14675648818212264,0.13590025401389794,0.43227988154889313
5220,81.0,0.14650812541668545,0.1356609348737858,0.4317425027029321
5220,82.0,0.14625978200674236,0.1354274538531152,0.4314057392986794
5220,83.0,0.1459505181915419,0.13513911421880254,0.43070582401748847
5220,84.0,0.14582959588060943,0.1350163528900496,0.43022114165546066
5220,85.0,0.1456964147722488,0.1349189504839284,0.42999172256712387
5220,86.0,0.1452473616770129,0.13451983690686944,0.4285890753692334
5220,87.0,0.14504729577690284,0.13432551294646347,0.4283549324696476
5220,88.0,0.14509052980162299,0.13435637318991692,0.42858393663680383
5220,89.0,0.14473610558535224,0.13406489398473084,0.42752005045450886
5220,90.0,0.14440350735493537,0.133755388531181,0.4264990926801344
5220,91.0,0.14411552249312407,0.13350283858387832,0.42539277059785935
5220,92.0,0.1437667492599511,0.13319953386877809,0.42447940101504283
5220,93.0,0.14354694789789207,0.13298234926297128,0.4239112229858576
5220,94.0,0.14320323143204733,0.1326764508328816,0.4229363658993719
5220,95.0,0.1431231332644858,0.13260853551958446,0.422709176582985
5220,96.0,0.14285074077698445,0.13236098718811212,0.4220191502493164
5220,97.0,0.14233522500814996,0.13188251233524254,0.42053656196372075
5220,98.0,0.14183458857191836,0.13144322766963606,0.41911065333682945
5220,99.0,0.14138440927268534,0.13105006489889048,0.4176385294342469
5220,100.0,0.1413012609903324,0.13100179453304306,0.41749210111862617
5221,0.0,2.9066038639870517,5.408116675855963,6.564657815288973
5221,1.0,0.600672747115374,0.6295655663586884,1.468414466722308
5221,2.0,0.5159241909191173,0.522367346701907,1.282439693254415
5221,3.0,0.45476754314754664,0.447830504111093,1.1598326997634536
5221,4.0,0.4111419703353853,0.4044788455689228,1.0306343598236394
5221,5.0,0.3654616798202592,0.35255167084929767,0.9382442672285578
5221,6.0,0.3355739145105621,0.32250470381213364,0.8705059410727661
5221,7.0,0.3131351092481674,0.3033241171176235,0.8009737969268811
5221,8.0,0.29578518483459415,0.2866003025005136,0.7522977664454418
5221,9.0,0.27185994593943996,0.2619992735715556,0.6999944797518236
5221,10.0,0.25568553711729924,0.24725669436396142,0.6453321844761704
5221,11.0,0.24113820181003223,0.23340176044685607,0.6041056413729434
5221,12.0,0.225599152191355,0.21845332224344094,0.5601533431153152
5221,13.0,0.21518153498455297,0.2087321592797784,0.5242500906312155
5221,14.0,0.20167370763691167,0.19569132359185773,0.4906616660360996
5221,15.0,0.18375781707855965,0.17775623893766473,0.4516523172432549
5221,16.0,0.1731542887138208,0.16717232493585069,0.4302960580319774
5221,17.0,0.16392294032117502,0.15806502674734357,0.40840005198070495
5221,18.0,0.1540588002565887,0.14858598338075385,0.3809133559998397
5221,19.0,0.1471898640187265,0.1418866724775807,0.3616216858698198
5221,20.0,0.1422554880772302,0.13738853865496456,0.34574182079796223
5221,21.0,0.14087529457992404,0.13620198495039768,0.3404956555894853
5221,22.0,0.1388143848567518,0.13471347603649683,0.3288251066090766
5221,23.0,0.1357274351291476,0.13131197053678018,0.3248272683668555
5221,24.0,0.13363222631956237,0.12838602779889172,0.3283640955165559
5221,25.0,0.13423686410197758,0.1287865468359844,0.33051229319671954
5221,26.0,0.13592565966319012,0.1308100802839408,0.32955126412923763
5221,27.0,0.13223910780094172,0.12671748458308846,0.32858338866554415
5221,28.0,0.12997116939797074,0.12433029505044983,0.32520507575771673
5221,29.0,0.12899314294939898,0.12339329058887553,0.3213193797706732
5221,30.0,0.128463597603953,0.12291862576454685,0.31978801064740286
5221,31.0,0.12901726591072132,0.12367491569180497,0.319850437785962
5221,32.0,0.1306668350454537,0.12564669791267333,0.3216923091071871
5221,33.0,0.13058987663194885,0.12549679518030868,0.3219017755636407
5221,34.0,0.1287668526344753,0.12352133535800401,0.3218749229046654
5221,35.0,0.1297545184744036,0.12476572319899948,0.3213833581385413
5221,36.0,0.12961478064997625,0.12454858874071796,0.32174634229242294
5221,37.0,0.12987630826164484,0.12466577414948757,0.3247137009982516
5221,38.0,0.1304525901558384,0.1252997352844119,0.3260272381024359
5221,39.0,0.13209908747460017,0.12694398191073086,0.3297346166032382
5221,40.0,0.13185500004897532,0.12657894487047597,0.3317004328464843
5221,41.0,0.13230311406313214,0.12694625359253303,0.33357792227678723
5221,42.0,0.13193821868972974,0.12649819267401163,0.33379699564614224
5221,43.0,0.13099390950745474,0.12535186475098312,0.33516660083775257
5221,44.0,0.13150920999875798,0.12586331204943152,0.33570139910518704
5221,45.0,0.13177994861015002,0.1261361057942281,0.3366543806480588
5221,46.0,0.13118735470755286,0.12548222058683403,0.3373262665959108
5221,47.0,0.1302546151717649,0.12438085746994378,0.3389991936587315
5221,48.0,0.12912393031177233,0.12299451957366855,0.3405649501372155
5221,49.0,0.12769158008481926,0.1213799400766976,0.34019457185817326
5221,50.0,0.12808077785900135,0.12169803278974592,0.34211959594004077
5221,51.0,0.12866579580678308,0.12221909099758037,0.34402626621128657
5221,52.0,0.12759451993757104,0.12094401073450516,0.3441952373349906
5221,53.0,0.12653265014394674,0.11974560469835964,0.34425183468291826
5221,54.0,0.12610948926483267,0.11930119709653746,0.3437239852271749
5221,55.0,0.1259270436374892,0.11909255711217331,0.344343308531767
5221,56.0,0.12529606380284114,0.11843449840800917,0.3437220297428789
5221,57.0,0.12527595379615922,0.11830538894205472,0.3449576311315404
5221,58.0,0.1246684115490086,0.11759683637728245,0.34519021551661655
5221,59.0,0.12389574002023492,0.11677866716260514,0.344411988672351
5221,60.0,0.12332398151934654,0.11619924564269936,0.34300105628022126
5221,61.0,0.122291767866387,0.1152141867031673,0.34129523298435993
5221,62.0,0.12153537122947998,0.11449747647354298,0.3396789337008976
5221,63.0,0.12070356118219029,0.11361106868634802,0.3386712920229666
5221,64.0,0.12076372936436873,0.1136583542267564,0.33898478949252675
5221,65.0,0.1212254317281806,0.11398710484014954,0.3411177417015259
5221,66.0,0.12229907665939803,0.11507203700492948,0.34370750854191845
5221,67.0,0.12244136166149322,0.11518458990286126,0.34532658299525987
5221,68.0,0.12238915756269861,0.11507508600952669,0.34622114924979513
5221,69.0,0.12212110346878909,0.11476770254420637,0.34639238294563496
5221,70.0,0.12210208093237157,0.11464189121489798,0.3475600355862511
5221,71.0,0.12211065307307929,0.1146670968247073,0.3476659676039175
5221,72.0,0.1221743271356861,0.11475834205839594,0.34781505671433116
5221,73.0,0.12156569249768048,0.1141108105837504,0.34706209406419686
5221,74.0,0.12175665827860917,0.11426266542059374,0.34824293924810473
5221,75.0,0.12228247371759245,0.11475719983324506,0.34953844722814875
5221,76.0,0.12165347257983901,0.11413042070902177,0.348381793868411
5221,77.0,0.12151620873259433,0.11398921714346205,0.34833901976436493
5221,78.0,0.1222902437608182,0.11475977560818601,0.35001913184039957
5221,79.0,0.12200347322646403,0.11443288343458367,0.3504286051545838
5221,80.0,0.12260355863237289,0.11511775622086584,0.3513595105164009
5221,81.0,0.1233488766895722,0.11586109437678478,0.3531194966031953
5221,82.0,0.12376147995375714,0.11626265273519527,0.3542143347057287
5221,83.0,0.1239133874221269,0.11639012821422749,0.3547389367959131
5221,84.0,0.12407469304140027,0.1165242821574708,0.3551628815130919
5221,85.0,0.12369445703149316,0.11615687893198756,0.35429216956727666
5221,86.0,0.12366358879357785,0.11608449770450482,0.35457724472781543
5221,87.0,0.12362378803209519,0.11604223479376177,0.354636832119981
5221,88.0,0.12366050234588073,0.11606118176263405,0.35461715012781764
5221,89.0,0.12328150785016762,0.11568521049134564,0.35365635599573725
5221,90.0,0.12325753623533554,0.11562049041991179,0.35395100462438916
5221,91.0,0.12297155952841729,0.11529715276052215,0.35311338494859124
5221,92.0,0.12286428675041906,0.11518394234457237,0.35273703754203206
5221,93.0,0.12278427845686438,0.11508360975117884,0.352958093383761
5221,94.0,0.12235095048359676,0.11467836869850001,0.3516824627825424
5221,95.0,0.12246718019946533,0.11484803906442241,0.3514769780058525
5221,96.0,0.12221512948852667,0.11464123099832138,0.3507206369240313
5221,97.0,0.12181687808523153,0.11429925072083398,0.34949227615381956
5221,98.0,0.12147499273874558,0.11400540614524261,0.34814108579965475
5221,99.0,0.1209574638632395,0.11350476960758227,0.34667891144478585
5221,100.0,0.12021564811594679,0.11272038228982932,0.34520688018202655
5222,0.0,2.9066038639870517,5.408116675855963,6.564657815288973
5222,1.0,0.5168294571965925,0.5267100141450989,1.2259505203210594
5222,2.0,0.4695244295238955,0.4577075251558869,1.0914318245147767
5222,3.0,0.4507726796184575,0.43585196000076504,0.9977026838669686
5222,4.0,0.42630284660689965,0.4118661546011792,0.9154677618527327
5222,5.0,0.3990759406090956,0.38436335744465644,0.8661385054134217
5222,6.0,0.387965787279972,0.37436605734213446,0.8178082555183848
5222,7.0,0.37344241373849885,0.36028430399860645,0.7794520357061562
5222,8.0,0.35810386186253396,0.346199663781028,0.7457995720249704
5222,9.0,0.3456904901922716,0.3351538381163026,0.7099494455437485
5222,10.0,0.3312635801382948,0.3224562249511626,0.6721615737396749
5222,11.0,0.32410615330730425,0.31676474545724786,0.6421249942390311
5222,12.0,0.3157033464699673,0.30879019694593063,0.624714603544832
5222,13.0,0.3051823366977994,0.298799235176513,0.6020862020573312
5222,14.0,0.298660730716653,0.2928773243072188,0.5881007271470904
5222,15.0,0.29659326997807073,0.2916250108256354,0.5688551798154412
5222,16.0,0.28728107748586995,0.28280239247282085,0.5455003242959475
5222,17.0,0.2752136337635936,0.2710962387088713,0.5234041478955058
5222,18.0,0.27279765447031157,0.2690448967022173,0.5079328773930115
5222,19.0,0.26550155865613884,0.2617118400757795,0.4920481845317167
5222,20.0,0.2627138281698666,0.2591528583845528,0.4794014697490874
5222,21.0,0.25847811694288275,0.25531998934330846,0.4646228316959674
5222,22.0,0.2539422429796885,0.25084022058897343,0.45645414498352
5222,23.0,0.2520052653955635,0.24927706824373944,0.44561050910692035
5222,24.0,0.25147170162153115,0.24920556562936144,0.4346145207052726
5222,25.0,0.24536413702097878,0.24320400575774437,0.42495729675166727
5222,26.0,0.24031895244096427,0.23803166686841506,0.41908531483030004
5222,27.0,0.23228521040633685,0.22991010732485842,0.40787840331160224
5222,28.0,0.2323434211182879,0.2300260146487738,0.41088690829558716
5222,29.0,0.2242468043616306,0.22153972844185152,0.4049719974566562
5222,30.0,0.21961354001129157,0.21666018743489598,0.40026924302751266
5222,31.0,0.21540900024834636,0.2124133712777265,0.39774103097765323
5222,32.0,0.21307220787352305,0.21010492121711677,0.3968093115806169
5222,33.0,0.21230970842865624,0.2094169596849435,0.39653168053119225
5222,34.0,0.20873799355660883,0.2057891195619146,0.392130004852572
5222,35.0,0.20180608753674692,0.1985444676030665,0.3851899645816619
5222,36.0,0.19893434580823888,0.19551403595370306,0.3846097989487032
5222,37.0,0.1983129869375051,0.19491617749308746,0.3847307388348413
5222,38.0,0.19732041397742853,0.1940017567070944,0.3832347491657216
5222,39.0,0.19708157092789155,0.19360183178688495,0.3842668978685316
5222,40.0,0.19498111829163883,0.19141269040839615,0.3829355942611565
5222,41.0,0.19448965274522237,0.19087772268497596,0.3844113506159599
5222,42.0,0.19306738265616444,0.18938254037664223,0.38316743066423403
5222,43.0,0.18995460956878626,0.1862284394837545,0.3810175842795054
5222,44.0,0.1876789265968442,0.18370846329960766,0.381892178926037
5222,45.0,0.1862034856046093,0.18223285676230933,0.3798867099055895
5222,46.0,0.1853275877495945,0.18144423173672944,0.37932963762768995
5222,47.0,0.18349678443189626,0.17960349333896647,0.3776909020877169
5222,48.0,0.1823932081983343,0.1784915125049832,0.3750606402734844
5222,49.0,0.18106010852221688,0.1771112241883621,0.3732579356616319
5222,50.0,0.1806989718675806,0.17675753304559214,0.37279312996160757
5222,51.0,0.18017826439882062,0.17611561268647882,0.37200324649690764
5222,52.0,0.179125746536545,0.17502696724791084,0.370569640615952
5222,53.0,0.17728378960788635,0.17314273145791884,0.3690006113390031
5222,54.0,0.17742557281857316,0.17337580009212888,0.368370376647681
5222,55.0,0.17796112545331613,0.17400725635677902,0.3682564553976387
5222,56.0,0.17900826335668685,0.17510128982765316,0.3693367790002213
5222,57.0,0.17792676116448253,0.1738496860852486,0.369087692092358
5222,58.0,0.1764795355658628,0.17232349462844165,0.3674126750426844
5222,59.0,0.17455385264217477,0.17027588963823387,0.36590317041226633
5222,60.0,0.17462162049083488,0.17045496253502407,0.3658531455276885
5222,61.0,0.17363104558899511,0.1693647227257271,0.3666565632493025
5222,62.0,0.1727124272727609,0.16828694545535364,0.3669976378123812
5222,63.0,0.17324245645471778,0.16883066436238678,0.3683913875979049
5222,64.0,0.1729773828089623,0.16858162577210564,0.36788911165978405
5222,65.0,0.17159092449649435,0.16709249609180876,0.3669441677876443
5222,66.0,0.17011937074493177,0.16556177917537593,0.3663120383924658
5222,67.0,0.16985870568522315,0.16529555205571156,0.36696491886665317
5222,68.0,0.16909849133816235,0.1644726504827992,0.36720849654085447
5222,69.0,0.1689991073469503,0.1644073423958662,0.3678705671639591
5222,70.0,0.16874597386469248,0.16415046749068912,0.36803800885930027
5222,71.0,0.16914321401553112,0.1645331094697648,0.3682752410384515
5222,72.0,0.1680017760909083,0.16336050089120988,0.36680503435155287
5222,73.0,0.16941294206607382,0.16485863336334922,0.3675805457314379
5222,74.0,0.16867203186423918,0.16412028507511806,0.3655292657230807
5222,75.0,0.16746879686672475,0.16280306015747772,0.36461609684648233
5222,76.0,0.1666641514738612,0.16196840441679675,0.36336943266549293
5222,77.0,0.16482153339181813,0.1601073854409925,0.3615170201413408
5222,78.0,0.16386594918464226,0.15917498553863801,0.3609552628210622
5222,79.0,0.1639772755601023,0.15948470998232286,0.3599434277635258
5222,80.0,0.1626046048841397,0.15806670556707184,0.3586153285698347
5222,81.0,0.16279334783587493,0.15835953125439958,0.35755286916658097
5222,82.0,0.16188865627120438,0.157410781865911,0.3565668207081368
5222,83.0,0.16110738169322208,0.1566323957842261,0.3550186662868667
5222,84.0,0.16181815077163242,0.15742040849903377,0.3550754695771729
5222,85.0,0.16151068810576338,0.15715776016017408,0.3538816320328043
5222,86.0,0.16178001912857753,0.15745643487411345,0.35415370774056076
5222,87.0,0.1617880857507421,0.15746666030828582,0.35408225582708874
5222,88.0,0.1616474663066529,0.15737212383012417,0.3531264887756393
5222,89.0,0.1611947186301948,0.15689091445956396,0.3523526239934741
5222,90.0,0.16014104258088954,0.15581463135917667,0.35045366978478343
5222,91.0,0.15888993965241208,0.15453930304856886,0.34883625220119824
5222,92.0,0.15820138336865175,0.15390397021461424,0.3480883756521339
5222,93.0,0.15716213846614088,0.15288658982915293,0.3466274237766085
5222,94.0,0.15630730075043947,0.15205118771809203,0.3449151238656288
5222,95.0,0.15636751885354405,0.1521187563246232,0.3453234037845413
5222,96.0,0.1560104730826474,0.15181699820252628,0.3438356540571348
5222,97.0,0.155392153607283,0.15128487807785676,0.34220839186781216
5222,98.0,0.15473409326844784,0.15065284384536703,0.3407262228074142
5222,99.0,0.15431543522351757,0.15027996519195483,0.3396771821797737
5222,100.0,0.1536000859977605,0.14962008620013725,0.33740298663676244
5223,0.0,2.9066038639870517,5.408116675855963,6.564657815288973
5223,1.0,0.4827124574079538,0.5319658044009208,1.2818790932230073
5223,2.0,0.4111427528159556,0.419210384278835,1.1370162475137857
5223,3.0,0.3599953024662545,0.35341142789440166,1.0180103414885193
5223,4.0,0.33126909897876844,0.3162871495551361,0.94768845365747
5223,5.0,0.3132074501226829,0.29422079686124364,0.8998306396636297
5223,6.0,0.2966999216409041,0.2759371204568685,0.848550899945696
5223,7.0,0.288633274875233,0.2677955221545173,0.8160447925564329
5223,8.0,0.2728717746110269,0.25326895888707046,0.7723019058483882
5223,9.0,0.2639309894205286,0.24497587280342326,0.7421087929193728
5223,10.0,0.25389433480376056,0.23494664920417907,0.7167204207227572
5223,11.0,0.2452963414350013,0.22657686339001198,0.6947656456357885
5223,12.0,0.23525481921834837,0.21690661097528807,0.6701633386243739
5223,13.0,0.23053412975797347,0.21259466097406737,0.6536302344546526
5223,14.0,0.2252905662223217,0.20762188726019262,0.6375636117960767
5223,15.0,0.21540921404373625,0.19833318131369773,0.6125794779076502
5223,16.0,0.2064819374453237,0.18991512735929447,0.589824168287112
5223,17.0,0.1997331565278951,0.18357597110606166,0.5721899188259313
5223,18.0,0.1941196274919855,0.17831528876322544,0.5575235357142929
5223,19.0,0.1881450496883192,0.17276202193952508,0.5425319561626702
5223,20.0,0.18176558893863015,0.1667310761693799,0.5268071759494779
5223,21.0,0.17784979107705126,0.16320417248445712,0.5155525919229071
5223,22.0,0.17630600784207315,0.16167824091900138,0.5135551522222842
5223,23.0,0.17340425216396757,0.15916882233128793,0.5050671671077003
5223,24.0,0.17195081750077418,0.15796452064305538,0.4993165552727786
5223,25.0,0.1710530752656591,0.1573520477978124,0.49493454330706854
5223,26.0,0.1683801225504744,0.1549829437002418,0.4865764269331157
5223,27.0,0.16678723192682463,0.15363131089143556,0.4815844183126667
5223,28.0,0.16710910835939086,0.15391032217605874,0.48320760312239075
5223,29.0,0.16860320260747302,0.15536354586813786,0.48701454139686223
5223,30.0,0.1697665111318387,0.15653287974293145,0.48918094557771735
5223,31.0,0.17055057057401093,0.15736237042872228,0.49069113446483015
5223,32.0,0.17077468345160712,0.15768387291065827,0.4905767037677367
5223,33.0,0.1702230975864387,0.15738546126845268,0.48870354852665293
5223,34.0,0.16899562283147607,0.1563180592378703,0.48509055023473546
5223,35.0,0.1676046167899792,0.1550856288814291,0.48192732928077553
5223,36.0,0.16580664796313152,0.15346790519974018,0.4777067702165276
5223,37.0,0.16457199275450843,0.15235092144972426,0.47484464874476345
5223,38.0,0.16298220732037347,0.1508414352622311,0.4712380779295817
5223,39.0,0.16176964149901304,0.14971763640698463,0.4685687728047058
5223,40.0,0.16165325698720528,0.1497054226315016,0.4674208476537391
5223,41.0,0.16200188496454188,0.15016629511661309,0.4676778786680146
5223,42.0,0.16166145499531887,0.14981577117692582,0.46771706622468046
5223,43.0,0.16116945591991227,0.14938547938802468,0.46684565154885116
5223,44.0,0.16095863629120186,0.1492278714114628,0.466171102859451
5223,45.0,0.16046522323230167,0.14873708018084048,0.465086137883597
5223,46.0,0.15988564400762323,0.14818312919166016,0.4640470246554379
5223,47.0,0.16010914295097597,0.14851574789051736,0.46405126938228014
5223,48.0,0.15974333762048656,0.14823740072641045,0.46306821346264154
5223,49.0,0.15996645532251835,0.1485766648962336,0.46317393232433246
5223,50.0,0.15968265387204278,0.14827563915027445,0.4628792567105847
5223,51.0,0.15983198132715598,0.14852407027778303,0.46291688963472355
5223,52.0,0.1599442662779576,0.14860065977975906,0.46438706894890547
5223,53.0,0.16002577084041164,0.14866245964765593,0.4655027777149798
5223,54.0,0.1601900869506641,0.14883624780469135,0.4660003938749031
5223,55.0,0.1601169115591165,0.14869548041793734,0.467270598080369
5223,56.0,0.16008842060659823,0.14862839685115725,0.4681615969268404
5223,57.0,0.16026817089750306,0.14877019694330734,0.46956144331429717
5223,58.0,0.16036333413619105,0.14876545380719486,0.47100326887733995
5223,59.0,0.16046638507724242,0.14883717869676297,0.4723064556113112
5223,60.0,0.1600929388281681,0.1484094356238111,0.4720775824106651
5223,61.0,0.16091010009608633,0.14922259039929422,0.47404500900020197
5223,62.0,0.16121141539922912,0.14944719764161052,0.47507126788888543
5223,63.0,0.1607595353507377,0.1489635459895849,0.47461581259657415
5223,64.0,0.16046569387917065,0.1486888411421409,0.47385340333609843
5223,65.0,0.15963866545804706,0.14785931096797703,0.47236898827237306
5223,66.0,0.1592932168446717,0.14754127560431898,0.4716935458356489
5223,67.0,0.15948405165887472,0.14772089216549178,0.4723991822502648
5223,68.0,0.16019535418467004,0.1484041807000679,0.4744907400032346
5223,69.0,0.16024590031447195,0.14841231606397942,0.47541077943749466
5223,70.0,0.15965740584353577,0.1478844149634385,0.47391956480605835
5223,71.0,0.15927148193253624,0.147509617716448,0.4731355263918197
5223,72.0,0.15923003994255208,0.14747208501030495,0.47339287546769276
5223,73.0,0.1590026844554156,0.14732999987461834,0.4723587635097209
5223,74.0,0.15925982177951492,0.14760140914413655,0.47286395310912965
5223,75.0,0.1593953372747097,0.14774446763390692,0.4731650321854521
5223,76.0,0.15902022871865745,0.14738288724674647,0.47231119688981166
5223,77.0,0.15870228246262932,0.14706061330216508,0.4717900501183293
5223,78.0,0.1580818630597305,0.1464596347354078,0.4705532469236756
5223,79.0,0.15771822434641938,0.14611076978501567,0.46986696587432364
5223,80.0,0.15775928270502104,0.14616012809072346,0.47014312102112904
5223,81.0,0.15754339955149488,0.1459797969807256,0.4693251378911682
5223,82.0,0.15721496561901,0.1456796902126166,0.4685422237188429
5223,83.0,0.1569193143331279,0.14540023833858284,0.46771522301249474
5223,84.0,0.15637638188099254,0.14494215677944053,0.46602384975169875
5223,85.0,0.15626277335605876,0.1448547531843631,0.46596099680823716
5223,86.0,0.15607928137572782,0.14471015955637442,0.4652467835861967
5223,87.0,0.15600010722353655,0.14467093615870566,0.4648248836396073
5223,88.0,0.15611750403279168,0.14478889522983696,0.4651802437378028
5223,89.0,0.15612658962396514,0.14484780370794995,0.4649740951053649
5223,90.0,0.15560858074271494,0.144363912031034,0.4635085613665448
5223,91.0,0.15541136982689405,0.14417687211931354,0.4629261566568896
5223,92.0,0.1551965919132682,0.14396828759991298,0.4622953457667798
5223,93.0,0.15501751095996189,0.1437990760703415,0.4619521421451342
5223,94.0,0.15454482112274973,0.14341001703784514,0.46041340320579927
5223,95.0,0.15420104259289788,0.14313809913005254,0.4592105947971771
5223,96.0,0.1537328536098928,0.1427542548503262,0.4574516255172176
5223,97.0,0.15326918692400804,0.14236020123250775,0.4559681117873684
5223,98.0,0.1527520560478436,0.14187399326473593,0.4548700115980384
5223,99.0,0.15226184682599933,0.1414324069322898,0.4531140123189935
5223,100.0,0.15223652792442827,0.14147475587341715,0.4526652377094138
5224,0.0,2.9066038639870517,5.408116675855963,6.564657815288973
5224,1.0,0.4193198335540238,0.44854632532803435,1.0698029641748008
5224,2.0,0.32749090904674294,0.3279490934922339,0.9156677351964039
5224,3.0,0.2845489728526203,0.27451572428449955,0.8255751981072497
5224,4.0,0.24653336396124237,0.23263110431199116,0.7237030168141347
5224,5.0,0.22188109951509802,0.20625084105430933,0.6508318618556006
5224,6.0,0.20284155478569266,0.18824088378856466,0.5966846904219789
5224,7.0,0.18710671081218477,0.17287900413763302,0.5516403301415882
5224,8.0,0.17607311406542495,0.16235475930645163,0.5165195029458378
5224,9.0,0.16850389452395448,0.1548538423543165,0.4974671060746793
5224,10.0,0.1580067432146296,0.14531491658944398,0.46430109437750383
5224,11.0,0.14906218969905982,0.1370396026551594,0.4369573596320315
5224,12.0,0.13942786067241147,0.1277283954269743,0.4101359740091845
5224,13.0,0.13246024049527,0.12121185549403715,0.3894114135580746
5224,14.0,0.12646248701761537,0.11593815275278295,0.3641246729582208
5224,15.0,0.12357978587305282,0.11369933246712505,0.3482770007080187
5224,16.0,0.1184467032696883,0.1092528420191522,0.3310567575895833
5224,17.0,0.11294346455543756,0.1041326655998978,0.31498742608016855
5224,18.0,0.10712543337882721,0.09881384494220756,0.29817361645782064
5224,19.0,0.10259153837046794,0.09485640672673881,0.28363127390916654
5224,20.0,0.09768246122239879,0.09056836284271598,0.26781461562873043
5224,21.0,0.0912236234942426,0.08441641240371099,0.252103242361511
5224,22.0,0.0869035737066937,0.08047734355404283,0.24031469382256052
5224,23.0,0.08314354119596318,0.07707128414300142,0.22913327994847055
5224,24.0,0.0807822011953051,0.07485094372092409,0.2229739389684374
5224,25.0,0.07926887884346064,0.07319831769905034,0.22124565433097385
5224,26.0,0.0774869320262819,0.0715950124651062,0.21580497275356053
5224,27.0,0.07760349910444782,0.07180240939727582,0.2151254746031865
5224,28.0,0.07604477935829868,0.07009256321973842,0.21274156246787673
5224,29.0,0.07458495120450748,0.06859146864610571,0.2101058185356737
5224,30.0,0.07421962861776263,0.06815049378488808,0.20984643535447656
5224,31.0,0.07308974920872466,0.06694985178343403,0.20897576977458235
5224,32.0,0.07351877727080083,0.06726270485671017,0.21148397037770789
5224,33.0,0.07229079254193226,0.06602261905440104,0.20915513764766064
5224,34.0,0.0723329985285466,0.06600400405730726,0.21070516882137363
5224,35.0,0.07280263766410527,0.06640739473419968,0.21332941764488464
5224,36.0,0.07283529127432097,0.06644185602891277,0.2139775350374973
5224,37.0,0.07318469966595592,0.06679266737473866,0.21518707890363956
5224,38.0,0.07362215424058415,0.06724095880373851,0.2161327647272557
5224,39.0,0.07363661454591032,0.06726498811825546,0.21672978822116173
5224,40.0,0.07478703477670316,0.06831700064496299,0.22037116269605794
5224,41.0,0.07532845960858627,0.06885556476219674,0.22190033904833054
5224,42.0,0.07553533897153054,0.06906997484186544,0.22298012471713688
5224,43.0,0.07637931630858552,0.06984008762019092,0.22599422878723435
5224,44.0,0.076384384133812,0.06985455203711827,0.22610775054663484
5224,45.0,0.07687642859500665,0.07034405000845172,0.22758923868519884
5224,46.0,0.0773033478735172,0.07076185652552806,0.2287426117132634
5224,47.0,0.07731626168845589,0.07081930141709065,0.22889766724661972
5224,48.0,0.07838199885106557,0.07180963911448908,0.2324731453294973
5224,49.0,0.07905797443810798,0.0724637160006214,0.2345963246169842
5224,50.0,0.08013880934503508,0.07351368727452981,0.23781473333125544
5224,51.0,0.08059276286294685,0.07396673502137119,0.23948624275618588
5224,52.0,0.08137097511961598,0.07472860169182437,0.2419531159576801
5224,53.0,0.08180602762183123,0.07516268447726221,0.2434351709612837
5224,54.0,0.08227818523462561,0.07560443127341165,0.24485490514931577
5224,55.0,0.08241901024787651,0.07571548791043067,0.24532815402308644
5224,56.0,0.08282060385011442,0.07610347795155911,0.2470172041340615
5224,57.0,0.08316414488853391,0.07644010645749154,0.2483175008650866
5224,58.0,0.08357035736200458,0.07681948927071185,0.2497871521567297
5224,59.0,0.08349860577236547,0.07675684831775863,0.24959793497857144
5224,60.0,0.08330561072467764,0.07656610305704292,0.24914722270897321
5224,61.0,0.08329635299278934,0.07657424761857845,0.24912923389801572
5224,62.0,0.08406761497807214,0.07733831041017442,0.2514712694182731
5224,63.0,0.08444594864015714,0.077745154409482,0.25255869191975294
5224,64.0,0.08415857983719126,0.07745214406738916,0.2520506753535286
5224,65.0,0.08420296403639917,0.07749728759776055,0.25268309829967844
5224,66.0,0.0846387260710993,0.07793119536613047,0.2542173171261244
5224,67.0,0.08496504170689335,0.07826786682624567,0.25534129175662806
5224,68.0,0.08565968081569979,0.07893520622447436,0.25781351272914255
5224,69.0,0.08662236014327919,0.079848312580557,0.26103038790097627
5224,70.0,0.08688900308909416,0.08011311867308615,0.26183408669117764
5224,71.0,0.08697490370941209,0.08018727744969574,0.2621652863178096
5224,72.0,0.08707651149290599,0.08030254775967532,0.2624517366349002
5224,73.0,0.08717743193616274,0.08041221283933696,0.26273575549333705
5224,74.0,0.08736607807967536,0.08059992803618735,0.26333012192644384
5224,75.0,0.08764148031152362,0.08086802037075423,0.2643224984590782
5224,76.0,0.08763705907679109,0.08090201295699859,0.2641595856679955
5224,77.0,0.08744711049628938,0.08074744617104467,0.2635464682472042
5224,78.0,0.08750634233550192,0.08082710954168397,0.2635434626396457
5224,79.0,0.08755846628351602,0.08087462004149709,0.26372014673364585
5224,80.0,0.08769975911749305,0.08102491966980635,0.263678031809713
5224,81.0,0.08773859598038881,0.08108500660251483,0.2636985607076447
5224,82.0,0.08770217869790245,0.08107782019307046,0.2632408237851923
5224,83.0,0.08739330399724456,0.08080538502564237,0.26217943265225563
5224,84.0,0.0871709666571705,0.08061495451001376,0.26136618824119406
5224,85.0,0.0872972763013572,0.0807438094571361,0.2617931288543782
5224,86.0,0.08757315720349118,0.08102147318266394,0.2624565263042661
5224,87.0,0.08763660278837482,0.08111467287672322,0.26235982118582374
5224,88.0,0.08746495621744188,0.08099062319922007,0.26188050716948075
5224,89.0,0.08713332748385398,0.0807191521562146,0.2607980459985003
5224,90.0,0.08686041406315655,0.08044637114932454,0.2600512089139101
5224,91.0,0.08654497139615888,0.08015719461617049,0.2589562426962495
5224,92.0,0.08648006079715534,0.08011361789382555,0.25854644101746693
5224,93.0,0.08611190196474579,0.07979359579864766,0.25711404742960486
5224,94.0,0.08603295723936166,0.07975428233732025,0.25659210239890823
5224,95.0,0.08585575963634794,0.07961964330119521,0.25571674709771325
5224,96.0,0.0853454349552863,0.07916711279371041,0.25401627506365965
5224,97.0,0.08474308904940113,0.07860079375064494,0.25204755582523003
5224,98.0,0.08412161303740859,0.07802415222904208,0.2505474845053656
5224,99.0,0.08332252791907307,0.07727560266278378,0.24858844381713507
5224,100.0,0.08250684247792595,0.07652991675687996,0.24630673588982255
5225,0.0,2.9066038639870517,5.408116675855963,6.564657815288973
5225,1.0,0.5658828134273353,0.5644283190532048,1.4910462507937345
5225,2.0,0.48440013482222166,0.4602796613783778,1.3083298351241097
5225,3.0,0.41088919378927397,0.38574086357972076,1.1287247911884595
5225,4.0,0.3595302724083494,0.33483480204247845,0.9975920021161699
5225,5.0,0.3302215797295402,0.30446959266884555,0.9242696985858264
5225,6.0,0.3104964474470287,0.2841359046559636,0.871714427727823
5225,7.0,0.28390522703464605,0.25997406024530917,0.7955798927920767
5225,8.0,0.26772226096977164,0.24513294937632804,0.7539338409425017
5225,9.0,0.2499302357750876,0.22841930214986847,0.7066180418879452
5225,10.0,0.23687825752665173,0.21665883701649538,0.6669872140524212
5225,11.0,0.22399274267693908,0.20542869053837542,0.6253591725311742
5225,12.0,0.21223099515535912,0.19511219647415945,0.5912601566002137
5225,13.0,0.20011634757003563,0.18428938621384658,0.5554379688015697
5225,14.0,0.18940405363660445,0.17465576897129872,0.519946170457033
5225,15.0,0.18030104805654748,0.16717759961481238,0.4824757906276228
5225,16.0,0.17189508197184777,0.1597983393774181,0.45450594062260696
5225,17.0,0.15669633515036238,0.14499154936352637,0.4198605689675399
5225,18.0,0.15210861413649243,0.1411893660338399,0.4026884187801615
5225,19.0,0.14590095475927303,0.13575799052132245,0.38096163259444904
5225,20.0,0.13457657545591958,0.12487651376834706,0.3537435632939382
5225,21.0,0.12856012304265396,0.11899846191404632,0.340518487607252
5225,22.0,0.12395720611921127,0.11466969001979202,0.32877771787582877
5225,23.0,0.11971707488786829,0.11066537405905419,0.3199503564739965
5225,24.0,0.11628337269105857,0.10736783368849721,0.3125704297364557
5225,25.0,0.11593459408275084,0.10737557444278793,0.3086741479878398
5225,26.0,0.1136391571861814,0.10509739958305186,0.3053312582328974
5225,27.0,0.11159001037491678,0.1032033533980374,0.30081174942527206
5225,28.0,0.10856437189239979,0.09997471505992414,0.29885360506397834
5225,29.0,0.10846079266700062,0.09974291005195988,0.301649231458568
5225,30.0,0.10892558938861234,0.10011360538072414,0.3060274548229369
5225,31.0,0.10997643864549192,0.10135122808232097,0.30707062299317867
5225,32.0,0.11058780998218375,0.10207166113992017,0.3072314604798358
5225,33.0,0.11081409503954139,0.10226057837399637,0.3092460895293239
5225,34.0,0.11207094258638997,0.10345458786875034,0.3142467673418169
5225,35.0,0.11173093867150152,0.10314660762030771,0.3136327444412987
5225,36.0,0.1101843181003548,0.1017061283423282,0.31008345117722086
5225,37.0,0.10917154219438878,0.10075078698139463,0.3079765041566047
5225,38.0,0.10901363400060426,0.10053552451576488,0.3087578100799305
5225,39.0,0.10725865756408808,0.09884041057884692,0.30551689105143465
5225,40.0,0.10725828768630677,0.09886729108344824,0.3055745187215411
5225,41.0,0.106028340336595,0.09766468248721502,0.3034674763463976
5225,42.0,0.10600503618943827,0.09765214171998532,0.30392820024935974
5225,43.0,0.10645658393424606,0.09821148481270892,0.3046895632175735
5225,44.0,0.10629393205788022,0.09810285388444549,0.30480080774171897
5225,45.0,0.1064107219552601,0.09829582879020884,0.3050608272115606
5225,46.0,0.10708381699208024,0.09900738561596978,0.30678521693272853
5225,47.0,0.10767862383759579,0.09963972483937898,0.30863541941374995
5225,48.0,0.10810513766597883,0.10018220979718866,0.3085320079026706
5225,49.0,0.10760121019250227,0.09974423289237995,0.30669645367392956
5225,50.0,0.10724590997680686,0.09936104607373476,0.30657667848013676
5225,51.0,0.1070719591037735,0.09923591426459374,0.3062264768969371
5225,52.0,0.10755272479773177,0.09976391582691028,0.3070080677503371
5225,53.0,0.1072351345789184,0.09944307931508102,0.3059539958565258
5225,54.0,0.1070303348192566,0.09924463792711745,0.3052345163355811
5225,55.0,0.10600782037457614,0.09827747407035353,0.30281021178893636
5225,56.0,0.1056868818346085,0.09796042184003305,0.30202797648467883
5225,57.0,0.10518693225031929,0.09749187907104774,0.30097982136571827
5225,58.0,0.10535121546446237,0.09769904161640919,0.3010275753317945
5225,59.0,0.10450444344757812,0.09686177101719334,0.2993086603126034
5225,60.0,0.1041354971252706,0.09657484738291293,0.2977718429027951
5225,61.0,0.10426229441055156,0.09682025548500034,0.29679090174685163
5225,62.0,0.1036357006442179,0.0963489208037224,0.29365957744874344
5225,63.0,0.10344491172960767,0.09619286589139224,0.2934307124796528
5225,64.0,0.10268830598503591,0.09548226810345842,0.29187435176342164
5225,65.0,0.10187243024436224,0.09468831974175654,0.2902289678478041
5225,66.0,0.1015298515193213,0.09438877655995433,0.2887749251983687
5225,67.0,0.10182488398416682,0.09467988335774746,0.28910322167069813
5225,68.0,0.10159771675393098,0.09442626977131678,0.28868975817484444
5225,69.0,0.10109127537821902,0.09397341545628683,0.2875400230216668
5225,70.0,0.1013099607764662,0.09433162923726403,0.28693138634348614
5225,71.0,0.10160471527647652,0.09466303202647251,0.2878363844327021
5225,72.0,0.10199241488205804,0.09512318327811817,0.2880982375921748
5225,73.0,0.10157420919962715,0.09474037755070377,0.2876181228784714
5225,74.0,0.10147497247605294,0.09465805655500237,0.2872995785127975
5225,75.0,0.10242687579940178,0.0955926523408832,0.2900227458855898
5225,76.0,0.10300829791005738,0.09616565415366052,0.2917088881050127
5225,77.0,0.10298088309551286,0.09607208091414172,0.2927343641889612
5225,78.0,0.1034726964268217,0.09656115722843867,0.29419196897691263
5225,79.0,0.10379218566721876,0.09686308553272861,0.29536275139540363
5225,80.0,0.10423685366694171,0.09726157667477207,0.29653557090595567
5225,81.0,0.10493760307132279,0.09790006546441567,0.29858639043987373
5225,82.0,0.10518922699078849,0.0981019472543327,0.29957577198501245
5225,83.0,0.10559138876044556,0.09855389465454402,0.2994671253213604
5225,84.0,0.1058343644302555,0.09877550373704606,0.30064085414849656
5225,85.0,0.1056782291989021,0.09860104378453559,0.30067695610289047
5225,86.0,0.10560770790500962,0.09857356825241986,0.3003146126264225
5225,87.0,0.1058074418966078,0.0988432916083665,0.29958054299851333
5225,88.0,0.10551422977806334,0.09853553056180096,0.29887754413107037
5225,89.0,0.10528801843770139,0.09831066527925453,0.2983189537786439
5225,90.0,0.10555082055482005,0.09863436729342023,0.2980443237006538
5225,91.0,0.10566053961028471,0.09880700289026309,0.29775847127563015
5225,92.0,0.10538177958239903,0.09855628494983644,0.2970506538264545
5225,93.0,0.10492571733517422,0.0980889398478117,0.29638781184633844
5225,94.0,0.10505694264308614,0.09823488140987828,0.2970124390991563
5225,95.0,0.10479923780183449,0.09798039695268736,0.2967433588098257
5225,96.0,0.10474425373075058,0.09793357127145629,0.29661732371392485
5225,97.0,0.10445962668177768,0.09761235741516808,0.2965593471186866
5225,98.0,0.10399758374735023,0.09717192975597677,0.2955166499987718
5225,99.0,0.10342863450586649,0.09663072196185757,0.2943999740405328
5225,100.0,0.10311011732478462,0.09641029501999948,0.2928874380082441
5226,0.0,2.9066038639870517,5.408116675855963,6.564657815288973
5226,1.0,0.5288932976411888,0.5205551269879651,1.364280168457208
5226,2.0,0.47053263479299356,0.44654408956995706,1.245244776897517
5226,3.0,0.4068769519671201,0.3816380962136879,1.1063884009891463
5226,4.0,0.36946682464598796,0.3435824148485796,1.0183514356932828
5226,5.0,0.32956060029872286,0.3037439532070075,0.9261137753758706
5226,6.0,0.30455961650037006,0.27895224168129806,0.8617621391910498
5226,7.0,0.2847838309357577,0.26036352236549326,0.8040768981705012
5226,8.0,0.26924314932545335,0.24590015836635615,0.7596332807616314
5226,9.0,0.2550478288484623,0.23275553177991445,0.7218039333238615
5226,10.0,0.24511254415089664,0.22392466816752668,0.6935918728711402
5226,11.0,0.23624154763340277,0.2160904095739439,0.6709852000911362
5226,12.0,0.22789768276132144,0.20911537871381652,0.6413045180281799
5226,13.0,0.22286237092740335,0.20544299989978426,0.617637382978215
5226,14.0,0.2177875103200807,0.2016484093583177,0.5948248140236833
5226,15.0,0.213344469348153,0.19825220576796979,0.5773307159801065
5226,16.0,0.20759309229377285,0.1936767029815994,0.5519688080549451
5226,17.0,0.20186080038256826,0.189155770022515,0.526265481710106
5226,18.0,0.19810596080168416,0.18672575385924983,0.5046600366831836
5226,19.0,0.18993118749483467,0.17921874530265047,0.47925298373686964
5226,20.0,0.18279075148185445,0.1726159332232485,0.4608000946865553
5226,21.0,0.17390566905794377,0.16456106230053671,0.43060632364080687
5226,22.0,0.16539220075928104,0.1564772920524429,0.40816334449643266
5226,23.0,0.16205824753676623,0.15350562373061094,0.39642154664965146
5226,24.0,0.16324837738524273,0.1550778724533199,0.3925774287037127
5226,25.0,0.16437075270120083,0.15612610659590967,0.3969992566122663
5226,26.0,0.1648809514688474,0.1569458969299734,0.3961380444669912
5226,27.0,0.16099563260230007,0.15287240323119547,0.39343299293602596
5226,28.0,0.1601667277554693,0.15228591069534353,0.3888964155645097
5226,29.0,0.15944263361446104,0.15173303431259733,0.3849794595941758
5226,30.0,0.15736316589605073,0.14992474441666995,0.3769246041153255
5226,31.0,0.15645916423097603,0.14909952198949633,0.3735191038446922
5226,32.0,0.1561695408502978,0.14868033394457314,0.3761219178236748
5226,33.0,0.15796734399496876,0.15040411393594755,0.38050751336376704
5226,34.0,0.15959111479386826,0.15205216634262084,0.38429237031182994
5226,35.0,0.1590579039687303,0.15168230868331065,0.3830009195313075
5226,36.0,0.15871173617693923,0.15135886687308778,0.3834679146453129
5226,37.0,0.15822936401793686,0.1507795524898039,0.38507754548553497
5226,38.0,0.1592724825554619,0.1517998703058303,0.38656759094281334
5226,39.0,0.15810392084355115,0.15051605854250555,0.38552695758236943
5226,40.0,0.16066981780994288,0.15328030633589942,0.38742984638712996
5226,41.0,0.16200727763699135,0.15490146237534808,0.386603294560909
5226,42.0,0.1623563315495638,0.15537673137943092,0.38616793903434865
5226,43.0,0.16257105113167303,0.15564895495204856,0.3859770364475941
5226,44.0,0.16130618587246373,0.15431694714899835,0.38479337094428334
5226,45.0,0.1627123283143208,0.15583800071158252,0.38610148076653894
5226,46.0,0.1616199834808081,0.1547973586040689,0.38415604932863073
5226,47.0,0.15898310443374614,0.15210171156162547,0.38086742243349003
5226,48.0,0.15951415774919295,0.15274765038092183,0.3816059438509736
5226,49.0,0.15798541721277565,0.15114130786230268,0.38105304914652294
5226,50.0,0.15686475212887774,0.14994499967371994,0.3806900658085266
5226,51.0,0.15788147515471265,0.15100990172065848,0.3832345131392027
5226,52.0,0.1578961953884211,0.15099712900386586,0.3851309332874964
5226,53.0,0.1589746878879362,0.1521185924814049,0.3878093098285738
5226,54.0,0.15915350247179333,0.15226972122531834,0.38890175864117066
5226,55.0,0.15863085213177497,0.1517752487712239,0.38774460559544616
5226,56.0,0.1574245662661012,0.15056332562711502,0.3876018925572723
5226,57.0,0.15733561415736383,0.15047896975887076,0.3882572156125324
5226,58.0,0.15873472065752295,0.15182685670513713,0.39079245854666395
5226,59.0,0.15886785251243082,0.15195315696701106,0.3911311953334491
5226,60.0,0.1586938052276242,0.15182695757085024,0.3896875610060037
5226,61.0,0.15801935603098566,0.15104441240609917,0.38939366389143365
5226,62.0,0.15864709607760766,0.15167455937472069,0.39015105400629446
5226,63.0,0.15844069224493648,0.1514318382583426,0.39061816010397205
5226,64.0,0.15824606075417355,0.1512314042408389,0.3907309715807341
5226,65.0,0.15742536180256825,0.15034649624155047,0.3901736115866169
5226,66.0,0.1559770721971587,0.1487484569137753,0.389904252248371
5226,67.0,0.15486293378480437,0.14759686466703797,0.38890334059161374
5226,68.0,0.15453844461053803,0.1472307317371849,0.38938623203345313
5226,69.0,0.15470493754725562,0.14743653215339886,0.3899610076200694
5226,70.0,0.15472631456922137,0.1473866176775421,0.3907804734344956
5226,71.0,0.15428791109444612,0.14678876030529653,0.39200546246583723
5226,72.0,0.1538925654580803,0.14637388365898962,0.391882112947016
5226,73.0,0.15398698242804762,0.14650825665192987,0.3921996761263435
5226,74.0,0.1534790253551862,0.1460157042807962,0.39156711548745765
5226,75.0,0.1527322878543703,0.14516894741232847,0.3920480597687649
5226,76.0,0.15273219767382432,0.1451103970336514,0.39350972619908553
5226,77.0,0.15208774743067574,0.14448497930677312,0.39267951311976246
5226,78.0,0.1521661995647332,0.1445680389275576,0.39362713014543893
5226,79.0,0.15176900377766017,0.1441479920950065,0.39382687743140204
5226,80.0,0.15153592554901582,0.14387936671286014,0.39430797394868167
5226,81.0,0.15126523753005788,0.1436851892836658,0.3934037696124393
5226,82.0,0.15120896309125276,0.14367068045155035,0.3931708529913025
5226,83.0,0.15193931631491164,0.1444908103754134,0.39361967042945983
5226,84.0,0.15234514149614073,0.1449367539876056,0.393251225410036
5226,85.0,0.15247799489169536,0.14507998444904466,0.39309176712252075
5226,86.0,0.15288439091809106,0.14555944565418258,0.39315924258533613
5226,87.0,0.15307490836079732,0.14572536862809768,0.39343671882671305
5226,88.0,0.1530581614594399,0.14569087517048182,0.3938691356371523
5226,89.0,0.15217959173245288,0.1448355327729343,0.392954693360931
5226,90.0,0.1514738808583709,0.14417343110100184,0.39175261260975397
5226,91.0,0.15058734597118356,0.1432761995600032,0.39039991035185584
5226,92.0,0.149852482552849,0.14257604284727893,0.3892216640497793
5226,93.0,0.1496118117031237,0.14235465977063166,0.38916977161133104
5226,94.0,0.14964471724384004,0.142443218875558,0.3891813521004757
5226,95.0,0.14971100439726076,0.14256319573538095,0.38794369450447574
5226,96.0,0.15008071213870855,0.14297821209974,0.3875583859894147
5226,97.0,0.15041741617855428,0.14341268485796102,0.38753512315999133
5226,98.0,0.15050981542009712,0.14354868435934048,0.387090195567109
5226,99.0,0.15060981658498448,0.14371350431009697,0.386529767339307
5226,100.0,0.15066855264585782,0.14380797405270726,0.38613216445805926
5227,0.0,2.9066038639870517,5.408116675855963,6.564657815288973
5227,1.0,0.4667776203739406,0.49786885186700935,1.2732352938709626
5227,2.0,0.3808665671329063,0.3796063323111931,1.0704205498391743
5227,3.0,0.32905202152627683,0.32189542543129496,0.9523910825493138
5227,4.0,0.3002765409129966,0.28792351585785647,0.8729683398180345
5227,5.0,0.2730644842382718,0.25779340385207816,0.8018469951621547
5227,6.0,0.25815798068469537,0.24028121731087296,0.754895740977636
5227,7.0,0.252377726068192,0.2327716106813617,0.7341365035055963
5227,8.0,0.2491114496307289,0.22865317622991854,0.7225728171363357
5227,9.0,0.23940930602744273,0.21934005143244123,0.6916756133897364
5227,10.0,0.22790064188957262,0.20867912719246723,0.6605057040207951
5227,11.0,0.21693159627321945,0.19853338466115064,0.6290927163889023
5227,12.0,0.20710294513274918,0.18965900401810673,0.5998094946508438
5227,13.0,0.1976437075864406,0.18119570223453552,0.5706421515960711
5227,14.0,0.19024866773693408,0.1745791161661746,0.5493161268898377
5227,15.0,0.18368245604575018,0.1688657814670917,0.5279112200400624
5227,16.0,0.17646140479495578,0.16252470142875255,0.5034475756649321
5227,17.0,0.16981559684718545,0.1564563893259253,0.48273878285928545
5227,18.0,0.16384393709569103,0.15105095888505046,0.46385341998979607
5227,19.0,0.15541575788922024,0.14325789231108835,0.4392726927827992
5227,20.0,0.14964981406859937,0.1380508580507,0.4222371269456906
5227,21.0,0.14500351658957653,0.1338344008069365,0.4068754660718818
5227,22.0,0.14137136167087824,0.1308237950528828,0.39279309631790793
5227,23.0,0.13802292007145403,0.12756749951370475,0.3857902092675661
5227,24.0,0.13457782296036122,0.12421776552916393,0.3784355757730903
5227,25.0,0.13149048063365454,0.12136370440565994,0.36973659632322203
5227,26.0,0.12858673018536487,0.1188667245574251,0.3604136523573134
5227,27.0,0.12602825886423744,0.11651120415523138,0.3522301646227802
5227,28.0,0.12540651014713655,0.11608060876054149,0.34931997207001686
5227,29.0,0.12531689943490867,0.11597981860340066,0.35044270332670685
5227,30.0,0.1258800227640714,0.11707316633346958,0.34751117856275765
5227,31.0,0.12324929749795202,0.11443533935926939,0.3425995457347742
5227,32.0,0.12401007307793872,0.11540031871864753,0.34276955530667225
5227,33.0,0.12452657230798825,0.11612903252356394,0.34285535154080327
5227,34.0,0.12418883317194816,0.11583673509651969,0.3416158127463574
5227,35.0,0.12305076394615974,0.11450311782261699,0.34275349735191857
5227,36.0,0.12191406979243971,0.11332207880399542,0.34176031457213657
5227,37.0,0.12114474655701116,0.11257697494813906,0.34027870008073585
5227,38.0,0.12041605131630645,0.11203284638370521,0.3372196573299389
5227,39.0,0.1198647070457817,0.11148847734902999,0.3368235952573464
5227,40.0,0.12013047363564437,0.11194588930208889,0.335848275553338
5227,41.0,0.11940795117944251,0.11121322877746355,0.3349690874255279
5227,42.0,0.11981399981806565,0.11165257681362908,0.3356046624793744
5227,43.0,0.12009900239590783,0.11203397253103342,0.33562104004066523
5227,44.0,0.12154966432956398,0.11359140854851875,0.33803535767096105
5227,45.0,0.12216304472890396,0.11440156774169023,0.33771513043798274
5227,46.0,0.12133256267346872,0.11372935886302335,0.3347626209334866
5227,47.0,0.1211551315463177,0.1136439329419876,0.3334342481089037
5227,48.0,0.12074088730477366,0.11333152044363408,0.3313093667304904
5227,49.0,0.12063669804655389,0.11325594102882437,0.33106284965536475
5227,50.0,0.12099801209423852,0.11372915857572696,0.3310001255568552
5227,51.0,0.12018182721705972,0.11288634646829496,0.32990698591898837
5227,52.0,0.11935950577723993,0.11220650525329696,0.3269435210866748
5227,53.0,0.11879627541233088,0.11159041794595057,0.3272326207241674
5227,54.0,0.1191111364913492,0.11191246955358168,0.32770457758414434
5227,55.0,0.11934207721763652,0.11215842563204252,0.32848158063203425
5227,56.0,0.11964352308077979,0.11246637039552226,0.32907127109047113
5227,57.0,0.11983555468435425,0.11268060257368459,0.3293606264763931
5227,58.0,0.11976697614368506,0.11252210537531462,0.3303979207484363
5227,59.0,0.12013604460308873,0.11287784052310579,0.33089048118015085
5227,60.0,0.11966744295843335,0.11241933318911128,0.33086207900530556
5227,61.0,0.11894904573985259,0.11168315384214454,0.3302923630544042
5227,62.0,0.11837217048417084,0.11107505097255434,0.33036268386481715
5227,63.0,0.11803562163506809,0.11062310178127686,0.3310514387802196
5227,64.0,0.11922136281106373,0.1117164759968075,0.3350147071484499
5227,65.0,0.1202576905719398,0.11274436494562673,0.3369967946270523
5227,66.0,0.12048770033737156,0.11287275861362157,0.33869095433866814
5227,67.0,0.12089955882141236,0.11325890936854521,0.3405248597883539
5227,68.0,0.1209688591561858,0.11331810268205596,0.3410111901260835
5227,69.0,0.12081869189677037,0.11317052757664746,0.341017464125363
5227,70.0,0.12088482409364863,0.1132204432130553,0.34203182217821326
5227,71.0,0.1207786604093062,0.11307312942522914,0.34174891345703046
5227,72.0,0.12071828857280198,0.1130207210754403,0.34205373683656204
5227,73.0,0.12156630778224392,0.11388059785847097,0.34356292124760185
5227,74.0,0.1222467819957162,0.11456062881931187,0.3452465680523517
5227,75.0,0.12224919797018112,0.11457644115898177,0.34566001203384333
5227,76.0,0.12250485102040262,0.11475521221839168,0.34721827537637767
5227,77.0,0.1229899683368417,0.1152745576328906,0.3480709470681367
5227,78.0,0.12252484663340014,0.1148251708356019,0.3472753715263797
5227,79.0,0.12291232413770678,0.11520990706821407,0.34799262824054217
5227,80.0,0.12321362174230432,0.11544640702483928,0.3492936838967782
5227,81.0,0.12371756466194164,0.11599809656791617,0.3498502931911146
5227,82.0,0.12409417764210584,0.11637915300471129,0.35081720302548147
5227,83.0,0.1238447213040356,0.11611022358542368,0.35050583135129304
5227,84.0,0.12402384195200471,0.11631681750570538,0.35048800795054336
5227,85.0,0.12390590890698942,0.11621192105700548,0.35057133716012584
5227,86.0,0.1239361505452785,0.11629539735499368,0.350458866103053
5227,87.0,0.12394247166124699,0.11631565116909352,0.35050046868579404
5227,88.0,0.12392313018393579,0.11624216802494379,0.35086236523195596
5227,89.0,0.12363369217019132,0.11589039214882543,0.3508133800767393
5227,90.0,0.12322593888830488,0.11545693076534227,0.3501353836695765
5227,91.0,0.12320567590794045,0.11544029920440353,0.3505962496170209
5227,92.0,0.12268385000942782,0.11492801047219266,0.35012302599920425
5227,93.0,0.12188760797932131,0.11407952087110489,0.34907158122684345
5227,94.0,0.12165309263625351,0.11382291711108931,0.3489636133913063
5227,95.0,0.12139447632860861,0.1135973801374347,0.3483751880807718
5227,96.0,0.1207896178470461,0.11298990151204256,0.34726410021676535
5227,97.0,0.12033088220513051,0.11254588713347326,0.34615459901004897
5227,98.0,0.1199960002404625,0.11221807675262181,0.3458401547691922
5227,99.0,0.12008622145471036,0.11232997162451572,0.3457456492248811
5227,100.0,0.11939958083726314,0.1116741887947494,0.3443118449294107
5228,0.0,2.9066038639870517,5.408116675855963,6.564657815288973
5228,1.0,0.6858290903166422,0.655560799595454,1.6106152330577304
5228,2.0,0.6128073564017034,0.5833375846759131,1.4029750079348455
5228,3.0,0.5432396045244116,0.5161948663417176,1.2746129592759365
5228,4.0,0.4787431395906208,0.4553592375257166,1.1389246527154535
5228,5.0,0.4550728219036915,0.4356499209431801,1.0530734752484183
5228,6.0,0.4118262196112421,0.3940031394554546,0.9598006834725292
5228,7.0,0.35629464844494263,0.34004896309768917,0.8405656912317311
5228,8.0,0.32893094678137363,0.3143096587352383,0.7727038436741013
5228,9.0,0.3066282554368789,0.2931391630799715,0.7199229060961975
5228,10.0,0.28379299787043194,0.2712412006652674,0.6633977424848471
5228,11.0,0.26805858226733986,0.25656559313563687,0.621310571600002
5228,12.0,0.25945934549039446,0.24958064505256042,0.581972223508494
5228,13.0,0.2390742187352029,0.2299609888852162,0.5356993828675406
5228,14.0,0.23276146899135008,0.22544861439545966,0.5082334554595194
5228,15.0,0.22164730640737815,0.21553106065249839,0.4722237997022898
5228,16.0,0.21245171042614874,0.2078735875247774,0.4335987983506989
5228,17.0,0.2093747565650027,0.20596602167372488,0.40942744426380284
5228,18.0,0.20385563322710554,0.20125362367166677,0.38717331138072963
5228,19.0,0.18971734002750787,0.1876589272976232,0.35204371913194643
5228,20.0,0.1753123136690374,0.17394240504576722,0.31213582619403407
5228,21.0,0.16930955906535947,0.16837130631927696,0.2886661834522293
5228,22.0,0.15779983484975085,0.15658423965663246,0.2723545452443416
5228,23.0,0.15048877567042848,0.1492466017661962,0.2595681591744881
5228,24.0,0.15063400368064123,0.14918471418971394,0.26385554658586846
5228,25.0,0.14837814411777328,0.14675285145258635,0.2629750259876174
5228,26.0,0.1461495101340309,0.14449981669750778,0.25956614831727937
5228,27.0,0.14351349642731662,0.14186473094017651,0.2576860686341048
5228,28.0,0.14007339274496117,0.13812137973762825,0.26035222018587256
5228,29.0,0.14065032147366846,0.1383251204777595,0.26857318386813367
5228,30.0,0.13148500525586326,0.12855807505854686,0.2648243396095798
5228,31.0,0.12755447975563525,0.12407017788282351,0.26831678011001925
5228,32.0,0.12921239916049335,0.12549959340788136,0.2760641867142198
5228,33.0,0.1275750029623251,0.12368812670081775,0.2768445369649658
5228,34.0,0.12325118558443854,0.11913714057479877,0.2726408747408897
5228,35.0,0.12289607388456152,0.11837998697426058,0.2786072287008656
5228,36.0,0.12793369080446113,0.12361314431278468,0.28761617258824157
5228,37.0,0.1274367671981998,0.12300303769097555,0.28880178662594896
5228,38.0,0.12799350374493917,0.12365827218013366,0.28938499418684155
5228,39.0,0.12839739353536855,0.1241610853545226,0.28955644229329813
5228,40.0,0.13064210622136427,0.12652888763769835,0.29074142778740225
5228,41.0,0.1300657095125394,0.1256956178921372,0.29400398534039834
5228,42.0,0.12970798936777664,0.12526435750010628,0.2959777451805909
5228,43.0,0.13193028211751934,0.12761537403146925,0.29902898138451167
5228,44.0,0.13284324166206904,0.12869264937147734,0.3004860241453804
5228,45.0,0.13475484910383828,0.13067105489684852,0.30305429845726944
5228,46.0,0.1345787070508104,0.13031045439890085,0.30509647359334
5228,47.0,0.13374184036096035,0.1293913467844184,0.30614780021897836
5228,48.0,0.13368994526407557,0.12914003283409914,0.30777649539254137
5228,49.0,0.13179246136227704,0.12699941439413504,0.30722144967508763
5228,50.0,0.1302600724005051,0.12530967526530945,0.3062820182835729
5228,51.0,0.1275469112738893,0.12233471613726493,0.30599087200598996
5228,52.0,0.12634447653106837,0.12099356174987153,0.3054816781217584
5228,53.0,0.1261305968477091,0.12076717402281384,0.30462084676626233
5228,54.0,0.12595527438196935,0.12065060624499076,0.3037992419226101
5228,55.0,0.12497835971650206,0.11969326337794278,0.3031560104615907
5228,56.0,0.12303329387842513,0.11762036495212314,0.30171231870518017
5228,57.0,0.1230150579344104,0.11755565471099871,0.30301688402904314
5228,58.0,0.12404537354379298,0.11850943078234254,0.30659023482834835
5228,59.0,0.12495927953092126,0.11938204058482367,0.3096056485800908
5228,60.0,0.12469333563769382,0.1190564374228375,0.31088260936642714
5228,61.0,0.12464545546668172,0.118934086004314,0.3123640357779895
5228,62.0,0.12489393111469728,0.11910645203973887,0.3138558349101094
5228,63.0,0.12516994057791364,0.11934199271058424,0.3153863831300437
5228,64.0,0.12502807860415224,0.11924060692061843,0.3154163472211711
5228,65.0,0.12557728875207816,0.11974572686437339,0.3175461028951928
5228,66.0,0.1254528229867674,0.11960419541321574,0.31812820890941124
5228,67.0,0.12450689481418023,0.11863946564810124,0.31755607087303755
5228,68.0,0.12343824891093717,0.11745976891756399,0.3168458739027226
5228,69.0,0.12217935676965569,0.1159963049633138,0.31704352236404526
5228,70.0,0.12198119489335307,0.11575690894333267,0.3171796391667515
5228,71.0,0.12219639396702778,0.1159660186244248,0.31787416789736006
5228,72.0,0.12256096009666176,0.1162382365595243,0.3197539212383767
5228,73.0,0.12241371810757762,0.11602442601922515,0.3202250853747128
5228,74.0,0.12214758432912179,0.11570979094641497,0.32050375416790944
5228,75.0,0.12257864179835627,0.11618329010399948,0.3211608129393165
5228,76.0,0.12192197280416367,0.11552031903193233,0.32089083521819156
5228,77.0,0.1209116966082889,0.11450214674324619,0.3191706570033817
5228,78.0,0.1197416515492528,0.1132035728897146,0.318948444913693
5228,79.0,0.11929254843114025,0.11271901388150503,0.3188284317284147
5228,80.0,0.1190740004181135,0.112492196705939,0.31875241664473913
5228,81.0,0.11961685913659909,0.11303865073799625,0.3195879005108889
5228,82.0,0.11912192724618544,0.11249388533793708,0.3197146622974925
5228,83.0,0.11947355300255083,0.11288797320272936,0.3203833225566046
5228,84.0,0.11971051560687594,0.1130712065699853,0.3208328387342435
5228,85.0,0.1198001721666044,0.11315912906024897,0.3211432997754823
5228,86.0,0.119856304980907,0.11312738537673858,0.322397027540753
5228,87.0,0.1198537466471398,0.11311427740144668,0.32240708444880845
5228,88.0,0.11983731573998135,0.11304632585095228,0.3231141440495719
5228,89.0,0.11922640582313905,0.11243041489703058,0.3224138691601245
5228,90.0,0.11904148956377196,0.11219499076737717,0.3226548575039766
5228,91.0,0.11832977208927385,0.11140482724988625,0.32265253365440816
5228,92.0,0.11787742671264725,0.11085975321264327,0.3224302643060803
5228,93.0,0.11753112830589467,0.1105358714452858,0.3219102071525215
5228,94.0,0.1169463258123368,0.10996234643366976,0.3208880135698833
5228,95.0,0.11670566720975759,0.10973583757788777,0.3201956047472095
5228,96.0,0.11643359501739567,0.10950802282774974,0.31942156009990874
5228,97.0,0.11589015234870094,0.1089585385289349,0.31886849137518064
5228,98.0,0.11516337507276642,0.10824616891116781,0.3177522559783771
5228,99.0,0.11473648145194898,0.10780042319113985,0.31762823715438415
5228,100.0,0.11421008626502438,0.10727135923128839,0.31687155142036433
5229,0.0,2.9066038639870517,5.408116675855963,6.564657815288973
5229,1.0,0.6055992341849338,0.6480305631502956,1.2779194494253947
5229,2.0,0.4559223458434457,0.46877600358023397,1.1124120107671118
5229,3.0,0.3759239875344035,0.371045232687956,0.9916116004129405
5229,4.0,0.3359520590828199,0.3277319833288867,0.8870460564704749
5229,5.0,0.32316053842621956,0.3083366795864681,0.8398816142248939
5229,6.0,0.3185241527102072,0.30073177975982557,0.8117133635142797
5229,7.0,0.30762786221757593,0.28933614622462034,0.7813990027712219
5229,8.0,0.2977459088152662,0.27959519515147396,0.7468855490436231
5229,9.0,0.28398485410475516,0.2659474994258739,0.7154730543890795
5229,10.0,0.2731975886329549,0.25626210270753264,0.6808302752003239
5229,11.0,0.2628828797574662,0.24639817106215642,0.6555465151142295
5229,12.0,0.25190793460883704,0.23633458618839462,0.631062355530547
5229,13.0,0.24559607789681867,0.23104969397282968,0.6144811273351798
5229,14.0,0.24104104038242483,0.22717479931433407,0.5994129031202222
5229,15.0,0.23601587232954424,0.22275166647666458,0.5829339922518644
5229,16.0,0.22600149048523166,0.21239130899827371,0.5680083053511625
5229,17.0,0.21692382151964607,0.2037479151424018,0.5475658220665985
5229,18.0,0.20781489223938918,0.19492581967037267,0.5295362234621345
5229,19.0,0.19961256471244834,0.1867995495375777,0.5149435860584723
5229,20.0,0.1921274228250763,0.1796314951861097,0.4973331996829485
5229,21.0,0.18632799598525587,0.17409915465928472,0.4824185986948719
5229,22.0,0.18232415061948684,0.17020315063097094,0.47576331782804876
5229,23.0,0.17941598884254406,0.1673562649444526,0.47274644414887573
5229,24.0,0.1802831298898951,0.16854320445405663,0.4723990349548968
5229,25.0,0.17927455554422184,0.16812832665754324,0.4639226289329852
5229,26.0,0.17786726234876998,0.16701984943061698,0.4586561085979891
5229,27.0,0.177857093947784,0.16741018366246824,0.45401590108179085
5229,28.0,0.17807076359324364,0.1679773887756059,0.45177316120416006
5229,29.0,0.1790570368843669,0.16917817371304716,0.45238822245038024
5229,30.0,0.1784985062953724,0.16877276372089176,0.4500329706713113
5229,31.0,0.179389461146522,0.16959507200805315,0.45321637941627235
5229,32.0,0.17711188832966568,0.1670853064276154,0.4527199270024658
5229,33.0,0.1763817148735743,0.16638727222489202,0.4505916667739459
5229,34.0,0.17730188294623236,0.16767228162360193,0.4485847753365572
5229,35.0,0.17755318078395904,0.1680032402189098,0.44866663954079317
5229,36.0,0.1755537477799095,0.1661291026826005,0.444327457168646
5229,37.0,0.17342216614589767,0.1639519711952943,0.44074817549768225
5229,38.0,0.17266791244046525,0.16334071599605843,0.43656283300543963
5229,39.0,0.1718478670399974,0.16274321170861203,0.43255437315801354
5229,40.0,0.1718689689958623,0.16284847742778077,0.43207820158383636
5229,41.0,0.17063740844831002,0.16171823692251489,0.4282016387642072
5229,42.0,0.16918371934993312,0.16028270716577814,0.4248265368888637
5229,43.0,0.16692413692222863,0.15807713555087896,0.4205063819884481
5229,44.0,0.16527794855944303,0.15640264423267838,0.4178994769606141
5229,45.0,0.16462505089536544,0.1558187395911556,0.41668456486218836
5229,46.0,0.16531516751462988,0.1566527829047655,0.4168964726712352
5229,47.0,0.16639073255797762,0.15808750780491657,0.4156385383484603
5229,48.0,0.16736088439675487,0.1592319758503298,0.4162540682468272
5229,49.0,0.16686042189048486,0.15874626914997125,0.41528434341840753
5229,50.0,0.1668502790029682,0.15885492010277621,0.4148484569707156
5229,51.0,0.16655709961075824,0.15852458058374277,0.41555212358575755
5229,52.0,0.1664379837142714,0.1584356552111573,0.41476990301135197
5229,53.0,0.16450462258778098,0.1564454811580313,0.412590595918985
5229,54.0,0.1636541556188636,0.15551945427662936,0.4117238908567468
5229,55.0,0.1636259573925832,0.1554764015172317,0.41191406701274463
5229,56.0,0.16338411675057318,0.1553305145562884,0.4102598873996501
5229,57.0,0.16413789393665443,0.15613443147030098,0.410854703807241
5229,58.0,0.16383718533224345,0.15579164868146764,0.41121188090336935
5229,59.0,0.16181339201965642,0.1535310991635213,0.41116384511696413
5229,60.0,0.16228923354716293,0.15399777314120733,0.41194480925871324
5229,61.0,0.16285459172609065,0.15454198945421008,0.41325581513424614
5229,62.0,0.16319029033570723,0.15483497454680956,0.41484814785737334
5229,63.0,0.16384419644306156,0.15551614956370158,0.41596846357972367
5229,64.0,0.16332497920564606,0.1550150237855258,0.41513197132257973
5229,65.0,0.16349375394852908,0.15516802604197613,0.41614003800270566
5229,66.0,0.1636642806274822,0.15537049242456571,0.4159757035209389
5229,67.0,0.16447187942248903,0.15621863546171988,0.41649647577065846
5229,68.0,0.16445687348104068,0.15615046104135177,0.4172238340127014
5229,69.0,0.16454643608075478,0.15628237195624964,0.41782543663414096
5229,70.0,0.1642129224164192,0.15605086866970602,0.4163871365284837
5229,71.0,0.1635869888705388,0.15544342056276775,0.4157738240966667
5229,72.0,0.16363333987552664,0.15548096918112103,0.41598868204284367
5229,73.0,0.16384186364763156,0.15577561857490888,0.4152854398378933
5229,74.0,0.16299520521853794,0.15488860363146384,0.4145070334755034
5229,75.0,0.16225151274938326,0.1540337363019662,0.41422157233820395
5229,76.0,0.16211221064019518,0.15383746789978825,0.4146714052910085
5229,77.0,0.16090084145073197,0.15256689573950027,0.41364671928710267
5229,78.0,0.16081265404092765,0.15254103406563885,0.4127951657670672
5229,79.0,0.15965023109661336,0.15137442017201116,0.41125132821279936
5229,80.0,0.1595090831844552,0.151241848815969,0.41098528154837893
5229,81.0,0.15855045943729648,0.15028324163859275,0.4098914940866042
5229,82.0,0.15704741516154466,0.14874247813491545,0.4075605418204114
5229,83.0,0.15691990209384618,0.14868494806850205,0.40656008160760254
5229,84.0,0.15642534631152905,0.14820035486462838,0.4051376652259857
5229,85.0,0.15582055207103448,0.14768481440071018,0.40319471249104843
5229,86.0,0.15492337589298769,0.14679345037606348,0.4018554657947833
5229,87.0,0.15436707379076878,0.14626052208367202,0.4013612371564776
5229,88.0,0.15380652535499847,0.14575318160730077,0.3995978188779991
5229,89.0,0.15258017698572499,0.14454305647074678,0.3974689379890506
5229,90.0,0.1519478870654973,0.1439868667567378,0.39594921186095017
5229,91.0,0.15134527216881882,0.14340124813778238,0.3945350305648464
5229,92.0,0.15063611193439472,0.14275129009974133,0.3922081710321694
5229,93.0,0.15026167970548493,0.14236297433361508,0.3918007568849677
5229,94.0,0.14981543270978354,0.14197088979050984,0.39008202902410194
5229,95.0,0.14926311116762733,0.14136541746679288,0.3892091626885711
5229,96.0,0.1486672900227442,0.14075031204601576,0.3881381257338236
5229,97.0,0.14823019173860125,0.1403240766274756,0.38681373548011155
5229,98.0,0.14799321208178287,0.1401160814920344,0.3855099074658771
5229,99.0,0.14692461461517933,0.13899567506122876,0.3836614035047567
5229,100.0,0.14612257282493835,0.13815695802376568,0.3819659254501554
5230,0.0,2.9066038639870517,5.408116675855963,6.564657815288973
5230,1.0,0.3918602395774489,0.4364109084258568,1.026050943639454
5230,2.0,0.3291108640918689,0.34688375295128804,0.8764082675549827
5230,3.0,0.2822681365229132,0.28690196814276303,0.7659424822082307
5230,4.0,0.2636630880827145,0.2657029676081482,0.6990819699802164
5230,5.0,0.24117888508346239,0.2397625521207869,0.6480529699493489
5230,6.0,0.22643519204896462,0.2236845525236263,0.5933672040704887
5230,7.0,0.20866762862515004,0.20381933035282876,0.5475616669924315
5230,8.0,0.1947779751708323,0.1874328053554007,0.5205126604424988
5230,9.0,0.18853446938162935,0.17892424433124843,0.5085120497409967
5230,10.0,0.17794340940956538,0.16669886946832096,0.49180560438296367
5230,11.0,0.16866334280411752,0.15717109058794684,0.4718220301152334
5230,12.0,0.16244798247242528,0.15049527186015277,0.45783837915480724
5230,13.0,0.16186759153924876,0.15039324263669915,0.449641803967531
5230,14.0,0.15606970939502804,0.1447455443819998,0.434992382944251
5230,15.0,0.15066634776282317,0.13955164318519095,0.42174797098174555
5230,16.0,0.14821953531915327,0.1375147735180999,0.41039600057400405
5230,17.0,0.14890327334017345,0.13882657320673317,0.4046878726261142
5230,18.0,0.1498919606552723,0.1403746195767814,0.39874964307686067
5230,19.0,0.14974598314647822,0.14047410568006657,0.3937167820487639
5230,20.0,0.14590414489913076,0.13708593687569645,0.3800454841858111
5230,21.0,0.14216078017521827,0.13390300185910287,0.3641519104203222
5230,22.0,0.13854197119406444,0.13036656108932465,0.3554959764631674
5230,23.0,0.1344551191014536,0.12652442118802357,0.3455413223775997
5230,24.0,0.12971398565784828,0.12175581855654408,0.33688734322780756
5230,25.0,0.12581522793628266,0.1177946215758819,0.331921036773694
5230,26.0,0.12293714274731973,0.11470620426903277,0.32806450098115
5230,27.0,0.12054426432993029,0.1120963022761734,0.3259789010808188
5230,28.0,0.11912442726795154,0.11064392240809415,0.32496252850568347
5230,29.0,0.11720753701944857,0.10875133711466467,0.3228371561530165
5230,30.0,0.1168820982710694,0.108518942555221,0.3215834658416978
5230,31.0,0.11536350551797517,0.10695072728977263,0.3200680450897377
5230,32.0,0.11452708493043964,0.10599949461619801,0.3210847623364699
5230,33.0,0.11332550665226974,0.10481879334754765,0.3190242272544056
5230,34.0,0.11183574531885371,0.10345866083634288,0.31533118001916477
5230,35.0,0.11047299800886717,0.10199971058005729,0.31464228448638015
5230,36.0,0.11076999958481547,0.10222699869405898,0.3161655213714707
5230,37.0,0.11088267479819693,0.10223595695032416,0.31904675108117364
5230,38.0,0.11063055357522358,0.1018286407228541,0.3209351486345015
5230,39.0,0.1098646014014429,0.10111607469016048,0.3197445001526904
5230,40.0,0.10967649444864813,0.10100145805143637,0.31879568850691264
5230,41.0,0.10906430949928969,0.10032829346923759,0.31912433449754346
5230,42.0,0.10881547965094239,0.10003558958084968,0.3200517667573571
5230,43.0,0.10847143821041656,0.09969312461701597,0.32020637587788875
5230,44.0,0.10842176102909752,0.09962235651474517,0.32076182412767307
5230,45.0,0.10861176159991454,0.0998436638376133,0.3218611594627992
5230,46.0,0.10859126662368031,0.09984426872519005,0.3218345976869555
5230,47.0,0.10868001172527952,0.09996229917770244,0.3215082170878785
5230,48.0,0.10885015666036617,0.10013351365578424,0.321871734886934
5230,49.0,0.10890349944948405,0.10018589702098674,0.32277075231126695
5230,50.0,0.10914100296598468,0.10044727418473644,0.32381796956644576
5230,51.0,0.1102322172223953,0.101479935911216,0.3271057505640414
5230,52.0,0.11073463005631978,0.10195114175597048,0.3289760394408274
5230,53.0,0.11072102580555919,0.1019714298751284,0.329386151001118
5230,54.0,0.11105606301557455,0.10234098323935474,0.3301897491697702
5230,55.0,0.1110298861624108,0.10228220655957698,0.33079604179786304
5230,56.0,0.11172698661661175,0.10296831804964539,0.3324753248260942
5230,57.0,0.11224825921172626,0.10347820537430333,0.3341395339632033
5230,58.0,0.11249128574245339,0.10368682654132651,0.33524507362698447
5230,59.0,0.11299806725796983,0.10416298598447644,0.3369295968201065
5230,60.0,0.11301195856389672,0.1041938668901887,0.3371986776100527
5230,61.0,0.11348701417971419,0.10464092293117394,0.33858824407253924
5230,62.0,0.11384362431198802,0.10502350527683071,0.33972438179074643
5230,63.0,0.11405491706180096,0.10521966957654767,0.34062305817136207
5230,64.0,0.11415982682219399,0.10531663373285491,0.3413077145924848
5230,65.0,0.11393687475375897,0.10512619772844696,0.34072734832193824
5230,66.0,0.11352891363492011,0.10474508629793948,0.3397177183313226
5230,67.0,0.11291668230609857,0.10418416137592296,0.3379469588454959
5230,68.0,0.11258530032224709,0.10390041213822436,0.3367445947608197
5230,69.0,0.11282439933653149,0.1041544752862767,0.3372668211818115
5230,70.0,0.11258360846163909,0.10394478607655813,0.3365987488656094
5230,71.0,0.11214351850412367,0.10353013216734684,0.3353786462776284
5230,72.0,0.11241781796939956,0.10382126124209803,0.33630744896454634
5230,73.0,0.11287578569827915,0.10427483221723684,0.33766407076119004
5230,74.0,0.11318153255941636,0.10457483220256657,0.3388400174944978
5230,75.0,0.11312865974054334,0.10456180101870756,0.3390877316039385
5230,76.0,0.11332239015285546,0.10475077456267765,0.3396533656742903
5230,77.0,0.11349022626653196,0.10490021204645544,0.34042229369318683
5230,78.0,0.11373693011454708,0.10511359052868066,0.34143754276971117
5230,79.0,0.11429550696722303,0.1056356639887192,0.3429090294628925
5230,80.0,0.1143701603618161,0.10569751733662129,0.3431974920495384
5230,81.0,0.11453721387931282,0.10583615612543122,0.3435263764624625
5230,82.0,0.11451931853871314,0.10580078680010072,0.3433472517319183
5230,83.0,0.11463070145256635,0.1058662432768772,0.3438856407381268
5230,84.0,0.1143214350896806,0.1055415597863675,0.3430029958856466
5230,85.0,0.11440835213756358,0.10561939803526589,0.34344956676951804
5230,86.0,0.11436433948929065,0.10559631762801894,0.34344528368974236
5230,87.0,0.11390181984789438,0.10517109413666996,0.3421172095315545
5230,88.0,0.11282448185728076,0.10415630089010529,0.3391084436949214
5230,89.0,0.11234707235357337,0.10372309406605942,0.33796637169592164
5230,90.0,0.11235752798855018,0.10376758054036615,0.33785874267364496
5230,91.0,0.11244518520448485,0.10385751650303882,0.3380133930238945
5230,92.0,0.11213203479871485,0.10357456091789351,0.33717752157136205
5230,93.0,0.11184469780809471,0.10330935358555945,0.3363226318213463
5230,94.0,0.111849918299983,0.10330550038744116,0.33634885628297995
5230,95.0,0.11136630006040965,0.10286509278957885,0.3348384305960208
5230,96.0,0.11113923707411054,0.10265916379444219,0.334121988144285
5230,97.0,0.11089286445132747,0.1024563736838344,0.33324964908605237
5230,98.0,0.11028728495209844,0.10190187356781662,0.3315919895690776
5230,99.0,0.10978279420102939,0.10147720980465864,0.3298747634279641
5230,100.0,0.10932947311098717,0.10107742677692912,0.3284436849282036
5231,0.0,2.9066038639870517,5.408116675855963,6.564657815288973
5231,1.0,0.5022742765075573,0.5068394403207613,1.337353842656367
5231,2.0,0.4564106543120099,0.43914331946798313,1.20441236370002
5231,3.0,0.397076987466879,0.37397570509649586,1.05854577731266
5231,4.0,0.3603085802629943,0.33718988045305515,0.9459023825687078
5231,5.0,0.31672670318107693,0.29421115204529286,0.8511951624318046
5231,6.0,0.29489992430649214,0.27273852838119567,0.8000798338808246
5231,7.0,0.27576320720016523,0.25510573768785594,0.744507826519933
5231,8.0,0.2679166533449926,0.24885255620507715,0.7160476182692567
5231,9.0,0.25544872568753235,0.2380908163002023,0.6742996226652537
5231,10.0,0.246658114705956,0.229855880374382,0.6474674280089052
5231,11.0,0.22815343752817788,0.21229417861550842,0.6000630439910034
5231,12.0,0.21057281863020416,0.19474111157547033,0.5631080678635132
5231,13.0,0.20147510440239028,0.18632934729395012,0.5397663443435918
5231,14.0,0.19241129957875786,0.1786337080844155,0.5075676123990943
5231,15.0,0.18174339994581268,0.16893149544465166,0.47837519779643095
5231,16.0,0.1723544077112474,0.16023582095584885,0.45563255543620207
5231,17.0,0.16222866780326317,0.15095788478518632,0.4282746884069721
5231,18.0,0.15514053827260643,0.1451066455554255,0.400610240981059
5231,19.0,0.14831245357340947,0.1391489000250883,0.37847726694341366
5231,20.0,0.1409379432924977,0.1322145133314759,0.3604850142447074
5231,21.0,0.1381314780974517,0.1299330414615247,0.3489171471102624
5231,22.0,0.13423088982682668,0.12617985102577206,0.33974923116261363
5231,23.0,0.1271158789267104,0.11861821461319035,0.3314196673284602
5231,24.0,0.12334558446794414,0.11428536195286926,0.333802252243139
5231,25.0,0.12124827533663356,0.1127314883040759,0.3235790244123472
5231,26.0,0.1209914096058185,0.11295828366485064,0.3162580665963809
5231,27.0,0.11937709365304383,0.11127883073825488,0.31517853095499854
5231,28.0,0.1198244251757444,0.11191958356145959,0.3143915551547703
5231,29.0,0.11978280780701847,0.11190598503515753,0.3166541222204676
5231,30.0,0.11994024890467873,0.11231285127965206,0.3156658015395604
5231,31.0,0.12198283669629119,0.11428365575818267,0.32162221312424866
5231,32.0,0.12248329982822616,0.11473575595246409,0.32498528391125836
5231,33.0,0.12136480805198324,0.1134811399120241,0.3243580244899713
5231,34.0,0.12465150086674137,0.11670867397476435,0.33358817450161654
5231,35.0,0.1250893874107355,0.11701652031605922,0.3368111444160185
5231,36.0,0.12509612093400632,0.11706788660789129,0.3375982349084301
5231,37.0,0.12569541631088854,0.11762506551920435,0.34069181744956667
5231,38.0,0.12647656567071067,0.11842868302090298,0.34304746151603704
5231,39.0,0.12695631000199276,0.11879608931413659,0.3467228051437604
5231,40.0,0.1278227972379139,0.11967872865528938,0.3486129844822381
5231,41.0,0.1286985573310282,0.1204976742902495,0.35184544319977323
5231,42.0,0.12818508773806114,0.12000114312680304,0.35078669021703884
5231,43.0,0.12915001161889786,0.12105420207415497,0.3518800035024771
5231,44.0,0.12996490480832273,0.12180667542514739,0.35533003434898547
5231,45.0,0.1312228484756884,0.12311604784262244,0.3576659401899066
5231,46.0,0.13252211544861137,0.12441605196321213,0.3605336034054789
5231,47.0,0.1337555464776615,0.1256375609375676,0.3634750689935843
5231,48.0,0.13403020876490726,0.1259560672067167,0.36379716430361947
5231,49.0,0.1329154999655013,0.12487755655039132,0.361758561114052
5231,50.0,0.13306727069332572,0.12507574567755378,0.36209490244564474
5231,51.0,0.13329437030671815,0.12546976840712584,0.36137617111468145
5231,52.0,0.13287952734603228,0.12510388322487798,0.3607427640531027
5231,53.0,0.13287949472390692,0.12515356573008846,0.3609345339386161
5231,54.0,0.1316373992329629,0.12390455484403821,0.3594316984897801
5231,55.0,0.1317559834698393,0.12405581874812509,0.35961077969748567
5231,56.0,0.1313365530805381,0.12365223152385525,0.35872120617191955
5231,57.0,0.1316774878951199,0.12405916832669889,0.35877814281120735
5231,58.0,0.13103067865940882,0.12342574478277255,0.35732483558267897
5231,59.0,0.13033225540127702,0.12273918987239271,0.3558030319542004
5231,60.0,0.12970149583376472,0.12204333156668457,0.35531218124370123
5231,61.0,0.1289192385535175,0.12116210532613059,0.3547207538942143
5231,62.0,0.12777817784453002,0.11994916496689954,0.35391356022767495
5231,63.0,0.12736041046741575,0.11943462971413168,0.35557715269842793
5231,64.0,0.12718334441076673,0.11925095574048536,0.35604750714455724
5231,65.0,0.12753948516984998,0.11960707238981827,0.3574791271371348
5231,66.0,0.12789127469015368,0.1199429061460291,0.3589258856289472
5231,67.0,0.12829388170667572,0.12025030933657133,0.3613832742135177
5231,68.0,0.12887954788432823,0.12073542708037702,0.364177891816351
5231,69.0,0.12935420599915784,0.12114275250742568,0.36586368342203535
5231,70.0,0.12937096313829266,0.12115577716248083,0.36624293502293864
5231,71.0,0.1294161075387638,0.1211867107285104,0.36654712550048274
5231,72.0,0.12972648317410018,0.12145598535457447,0.36791490288916706
5231,73.0,0.12971298648025328,0.12138034089703763,0.36842168440891077
5231,74.0,0.1298029010928027,0.12142571901709329,0.36925239383034947
5231,75.0,0.13035134455389352,0.1219713573436815,0.3709468921049344
5231,76.0,0.1307547136030386,0.12232095905901769,0.3722510669782708
5231,77.0,0.13105396781940318,0.12259411412756888,0.37352998998727754
5231,78.0,0.13165003106457962,0.12318379675521195,0.37474845710896787
5231,79.0,0.13232264619291248,0.12391606304046261,0.37530669461919186
5231,80.0,0.13251605342792866,0.12411563210141123,0.3761022803333426
5231,81.0,0.13288724032123228,0.12448628754571119,0.3766914469475151
5231,82.0,0.13296002598748927,0.12456726864372629,0.3771380812489778
5231,83.0,0.132911896942317,0.12453662239421175,0.37692128171623535
5231,84.0,0.13297764323746,0.1246673369327967,0.37625068605156503
5231,85.0,0.1330442949456333,0.12482330767507288,0.37523203488735063
5231,86.0,0.1330746709056267,0.12490426871059128,0.37494852668624845
5231,87.0,0.13300696127466374,0.12487573265870933,0.3739933537099858
5231,88.0,0.13276571085794275,0.12464745323662357,0.3728401355447348
5231,89.0,0.13255596343502787,0.12449698945161705,0.37176968356417317
5231,90.0,0.13249992674683647,0.12446370525605574,0.37143284900655454
5231,91.0,0.13266274263400607,0.12470079907618346,0.3709291105884851
5231,92.0,0.13266916018793898,0.1247697643217898,0.3702026654402025
5231,93.0,0.13247688425323853,0.12463658438813699,0.36919872978982526
5231,94.0,0.13245516096301463,0.12467487993907211,0.3684778463154893
5231,95.0,0.13222149538262318,0.12452856550065951,0.36764576637569546
5231,96.0,0.13182766289116563,0.12416456549130342,0.3666287984209124
5231,97.0,0.1313303608685391,0.12367088820814226,0.36545481545344227
5231,98.0,0.1305550748059698,0.12289399845116177,0.3640679760061792
5231,99.0,0.12973745577224957,0.12209315643300468,0.3620925336469059
5231,100.0,0.12932634699876452,0.12166795839907717,0.36143241672402765
