step,arm,mass_ess,n_occupied,resampled,benefit,lam,n_replacements,duplicate_pairs,cooling,row,seed
10000,A2,0.0,31,False,0.0,0.0,0,0.0,False,0,5200
10000,A2,0.0,31,False,0.0,0.0,0,0.0,False,1,5201
10000,A2,0.0,31,False,0.0,0.0,0,0.0,False,2,5202
10000,A2,0.0,30,False,0.0,0.0,0,0.0,False,3,5203
10000,A2,0.0,30,False,0.0,0.0,0,0.0,False,4,5204
10000,A2,0.0,31,False,0.0,0.0,0,0.0,False,5,5205
10000,A2,0.0,28,False,0.0,0.0,0,0.0,False,6,5206
10000,A2,0.16537574994643614,32,False,0.0,0.0,0,0.0,False,7,5207
10000,A2,0.0,31,False,0.0,0.0,0,0.0,False,8,5208
10000,A2,0.0,30,False,0.0,0.0,0,0.0,False,9,5209
10000,A2,0.0,29,False,0.0,0.0,0,0.0,False,10,5210
10000,A2,0.0,27,False,0.0,0.0,0,0.0,False,11,5211
10000,A2,0.0,29,False,0.0,0.0,0,0.0,False,12,5212
10000,A2,0.0,28,False,0.0,0.0,0,0.0,False,13,5213
10000,A2,0.0,29,False,0.0,0.0,0,0.0,False,14,5214
10000,A2,0.0,30,False,0.0,0.0,0,0.0,False,15,5215
10500,A2,0.0,31,False,0.0,0.0,0,0.0,False,0,5200
10500,A2,0.0,30,False,0.0,0.0,0,0.0,False,1,5201
10500,A2,0.0,31,False,0.0,0.0,0,0.0,False,2,5202
10500,A2,0.0,29,False,0.0,0.0,0,0.0,False,3,5203
10500,A2,0.0,30,False,0.0,0.0,0,0.0,False,4,5204
10500,A2,0.0,30,False,0.0,0.0,0,0.0,False,5,5205
10500,A2,0.0,30,False,0.0,0.0,0,0.0,False,6,5206
10500,A2,0.0,30,False,0.0,0.0,0,0.0,False,7,5207
10500,A2,0.0,31,False,0.0,0.0,0,0.0,False,8,5208
10500,A2,0.0,30,False,0.0,0.0,0,0.0,False,9,5209
10500,A2,0.0,31,False,0.0,0.0,0,0.0,False,10,5210
10500,A2,0.0,29,False,0.0,0.0,0,0.0,False,11,5211
10500,A2,0.0,31,False,0.0,0.0,0,0.0,False,12,5212
10500,A2,0.0,28,False,0.0,0.0,0,0.0,False,13,5213
10500,A2,0.0,31,False,0.0,0.0,0,0.0,False,14,5214
10500,A2,0.0,30,False,0.0,0.0,0,0.0,False,15,5215
11000,A2,0.0,31,False,0.0,0.0,0,0.0,False,0,5200
11000,A2,0.0,30,False,0.0,0.0,0,0.0,False,1,5201
11000,A2,0.0,31,False,0.0,0.0,0,0.0,False,2,5202
11000,A2,0.0,30,False,0.0,0.0,0,0.0,False,3,5203
11000,A2,0.0,29,False,0.0,0.0,0,0.0,False,4,5204
11000,A2,0.0,30,False,0.0,0.0,0,0.0,False,5,5205
11000,A2,0.0,30,False,0.0,0.0,0,0.0,False,6,5206
11000,A2,0.0,31,False,0.0,0.0,0,0.0,False,7,5207
11000,A2,0.159804462525966,32,False,0.0,0.0,0,0.0,False,8,5208
11000,A2,0.0,30,False,0.0,0.0,0,0.0,False,9,5209
11000,A2,0.099292845647219,32,False,0.0,0.0,0,0.0,False,10,5210
11000,A2,0.0,29,False,0.0,0.0,0,0.0,False,11,5211
11000,A2,0.0,31,False,0.0,0.0,0,0.0,False,12,5212
11000,A2,0.0,30,False,0.0,0.0,0,0.0,False,13,5213
11000,A2,0.0,31,False,0.0,0.0,0,0.0,False,14,5214
11000,A2,0.0,30,False,0.0,0.0,0,0.0,False,15,5215
11500,A2,0.0,31,False,0.0,0.0,0,0.0,False,0,5200
11500,A2,0.0,31,False,0.0,0.0,0,0.0,False,1,5201
11500,A2,0.0,31,False,0.0,0.0,0,0.0,False,2,5202
11500,A2,0.0,31,False,0.0,0.0,0,0.0,False,3,5203
11500,A2,0.0,31,False,0.0,0.0,0,0.0,False,4,5204
11500,A2,0.0,29,False,0.0,0.0,0,0.0,False,5,5205
11500,A2,0.0,31,False,0.0,0.0,0,0.0,False,6,5206
11500,A2,0.12803155382940015,32,False,0.0,0.0,0,0.0,False,7,5207
11500,A2,0.14138111708662043,32,False,0.0,0.0,0,0.0,False,8,5208
11500,A2,0.0,30,False,0.0,0.0,0,0.0,False,9,5209
11500,A2,0.0,31,False,0.0,0.0,0,0.0,False,10,5210
11500,A2,0.0,31,False,0.0,0.0,0,0.0,False,11,5211
11500,A2,0.0,31,False,0.0,0.0,0,0.0,False,12,5212
11500,A2,0.0,31,False,0.0,0.0,0,0.0,False,13,5213
11500,A2,0.0,31,False,0.0,0.0,0,0.0,False,14,5214
11500,A2,0.0,29,False,0.0,0.0,0,0.0,False,15,5215
12000,A2,0.0,30,False,0.0,0.0,0,0.0,False,0,5200
12000,A2,0.0,28,False,0.0,0.0,0,0.0,False,1,5201
12000,A2,0.1942897292120583,32,False,0.0,0.0,0,0.0,False,2,5202
12000,A2,0.19572310654264108,32,False,0.0,0.0,0,0.0,False,3,5203
12000,A2,0.2236831737526456,32,False,0.0,0.0,0,0.0,False,4,5204
12000,A2,0.0,30,False,0.0,0.0,0,0.0,False,5,5205
12000,A2,0.0,31,False,0.0,0.0,0,0.0,False,6,5206
12000,A2,0.0,31,False,0.0,0.0,0,0.0,False,7,5207
12000,A2,0.0,31,False,0.0,0.0,0,0.0,False,8,5208
12000,A2,0.0,30,False,0.0,0.0,0,0.0,False,9,5209
12000,A2,0.0,31,False,0.0,0.0,0,0.0,False,10,5210
12000,A2,0.0,31,False,0.0,0.0,0,0.0,False,11,5211
12000,A2,0.0,31,False,0.0,0.0,0,0.0,False,12,5212
12000,A2,0.0,31,False,0.0,0.0,0,0.0,False,13,5213
12000,A2,0.0,30,False,0.0,0.0,0,0.0,False,14,5214
12000,A2,0.09780383108971524,32,False,0.0,0.0,0,0.0,False,15,5215
12500,A2,0.09840752818742012,32,False,0.0,0.0,0,0.0,False,0,5200
12500,A2,0.0,31,False,0.0,0.0,0,0.0,False,1,5201
12500,A2,0.0,31,False,0.0,0.0,0,0.0,False,2,5202
12500,A2,0.0,31,False,0.0,0.0,0,0.0,False,3,5203
12500,A2,0.0,30,False,0.0,0.0,0,0.0,False,4,5204
12500,A2,0.0,30,False,0.0,0.0,0,0.0,False,5,5205
12500,A2,0.0,30,False,0.0,0.0,0,0.0,False,6,5206
12500,A2,0.0,31,False,0.0,0.0,0,0.0,False,7,5207
12500,A2,0.0,31,False,0.0,0.0,0,0.0,False,8,5208
12500,A2,0.0,31,False,0.0,0.0,0,0.0,False,9,5209
12500,A2,0.0,31,False,0.0,0.0,0,0.0,False,10,5210
12500,A2,0.0,30,False,0.0,0.0,0,0.0,False,11,5211
12500,A2,0.12801112138759038,32,False,0.0,0.0,0,0.0,False,12,5212
12500,A2,0.0,29,False,0.0,0.0,0,0.0,False,13,5213
12500,A2,0.0,31,False,0.0,0.0,0,0.0,False,14,5214
12500,A2,0.0,30,False,0.0,0.0,0,0.0,False,15,5215
13000,A2,0.0,30,False,0.0,0.0,0,0.0,False,0,5200
13000,A2,0.0,30,False,0.0,0.0,0,0.0,False,1,5201
13000,A2,0.0,30,False,0.0,0.0,0,0.0,False,2,5202
13000,A2,0.0,30,False,0.0,0.0,0,0.0,False,3,5203
13000,A2,0.0,31,False,0.0,0.0,0,0.0,False,4,5204
13000,A2,0.0,30,False,0.0,0.0,0,0.0,False,5,5205
13000,A2,0.0,30,False,0.0,0.0,0,0.0,False,6,5206
13000,A2,0.0,31,False,0.0,0.0,0,0.0,False,7,5207
13000,A2,0.0,31,False,0.0,0.0,0,0.0,False,8,5208
13000,A2,0.0,30,False,0.0,0.0,0,0.0,False,9,5209
13000,A2,0.13368468282078544,32,False,0.0,0.0,0,0.0,False,10,5210
13000,A2,0.0,31,False,0.0,0.0,0,0.0,False,11,5211
13000,A2,0.0,30,False,0.0,0.0,0,0.0,False,12,5212
13000,A2,0.0,31,False,0.0,0.0,0,0.0,False,13,5213
13000,A2,0.1710889644765279,32,False,0.0,0.0,0,0.0,False,14,5214
13000,A2,0.0,31,False,0.0,0.0,0,0.0,False,15,5215
13500,A2,0.0,30,False,0.0,0.0,0,0.0,False,0,5200
13500,A2,0.0,30,False,0.0,0.0,0,0.0,False,1,5201
13500,A2,0.0,31,False,0.0,0.0,0,0.0,False,2,5202
13500,A2,0.19940948098170033,32,False,0.0,0.0,0,0.0,False,3,5203
13500,A2,0.10836749254614068,32,False,0.0,0.0,0,0.0,False,4,5204
13500,A2,0.0,30,False,0.0,0.0,0,0.0,False,5,5205
13500,A2,0.0,30,False,0.0,0.0,0,0.0,False,6,5206
13500,A2,0.0,30,False,0.0,0.0,0,0.0,False,7,5207
13500,A2,0.1406862042797481,32,False,0.0,0.0,0,0.0,False,8,5208
13500,A2,0.0,31,False,0.0,0.0,0,0.0,False,9,5209
13500,A2,0.1487935525854029,32,False,0.0,0.0,0,0.0,False,10,5210
13500,A2,0.04990991682108139,32,False,0.0,0.0,0,0.0,False,11,5211
13500,A2,0.10945439724771461,32,False,0.0,0.0,0,0.0,False,12,5212
13500,A2,0.0,30,False,0.0,0.0,0,0.0,False,13,5213
13500,A2,0.14163415401297338,32,False,0.0,0.0,0,0.0,False,14,5214
13500,A2,0.0,30,False,0.0,0.0,0,0.0,False,15,5215
14000,A2,0.0,31,False,0.0,0.0,0,0.0,False,0,5200
14000,A2,0.0,30,False,0.0,0.0,0,0.0,False,1,5201
14000,A2,0.0,30,False,0.0,0.0,0,0.0,False,2,5202
14000,A2,0.2872365403727173,32,False,0.0,0.0,0,0.0,False,3,5203
14000,A2,0.0,30,False,0.0,0.0,0,0.0,False,4,5204
14000,A2,0.0,31,False,0.0,0.0,0,0.0,False,5,5205
14000,A2,0.0,28,False,0.0,0.0,0,0.0,False,6,5206
14000,A2,0.0,30,False,0.0,0.0,0,0.0,False,7,5207
14000,A2,0.0,31,False,0.0,0.0,0,0.0,False,8,5208
14000,A2,0.0,30,False,0.0,0.0,0,0.0,False,9,5209
14000,A2,0.0,30,False,0.0,0.0,0,0.0,False,10,5210
14000,A2,0.08988284474268839,32,False,0.0,0.0,0,0.0,False,11,5211
14000,A2,0.10193666362626462,32,False,0.0,0.0,0,0.0,False,12,5212
14000,A2,0.0,30,False,0.0,0.0,0,0.0,False,13,5213
14000,A2,0.1443963921050633,32,False,0.0,0.0,0,0.0,False,14,5214
14000,A2,0.08115674339339754,32,False,0.0,0.0,0,0.0,False,15,5215
14500,A2,0.0,30,False,0.0,0.0,0,0.0,False,0,5200
14500,A2,0.146154437686962,32,False,0.0,0.0,0,0.0,False,1,5201
14500,A2,0.0,31,False,0.0,0.0,0,0.0,False,2,5202
14500,A2,0.0,31,False,0.0,0.0,0,0.0,False,3,5203
14500,A2,0.1295202056531787,32,False,0.0,0.0,0,0.0,False,4,5204
14500,A2,0.0,29,False,0.0,0.0,0,0.0,False,5,5205
14500,A2,0.0,29,False,0.0,0.0,0,0.0,False,6,5206
14500,A2,0.2123551636313431,32,False,0.0,0.0,0,0.0,False,7,5207
14500,A2,0.0,31,False,0.0,0.0,0,0.0,False,8,5208
14500,A2,0.0,30,False,0.0,0.0,0,0.0,False,9,5209
14500,A2,0.0,30,False,0.0,0.0,0,0.0,False,10,5210
14500,A2,0.0,31,False,0.0,0.0,0,0.0,False,11,5211
14500,A2,0.06676609971870173,32,False,0.0,0.0,0,0.0,False,12,5212
14500,A2,0.0,30,False,0.0,0.0,0,0.0,False,13,5213
14500,A2,0.0,31,False,0.0,0.0,0,0.0,False,14,5214
14500,A2,0.0,30,False,0.0,0.0,0,0.0,False,15,5215
15000,A2,0.10681835409427194,32,False,0.0,0.0,0,0.0,False,0,5200
15000,A2,0.14743972485178938,32,False,0.0,0.0,0,0.0,False,1,5201
15000,A2,0.0,30,False,0.0,0.0,0,0.0,False,2,5202
15000,A2,0.0,30,False,0.0,0.0,0,0.0,False,3,5203
15000,A2,0.17253785605736843,32,False,0.0,0.0,0,0.0,False,4,5204
15000,A2,0.0,30,False,0.0,0.0,0,0.0,False,5,5205
15000,A2,0.0,31,False,0.0,0.0,0,0.0,False,6,5206
15000,A2,0.17733804766185116,32,False,0.0,0.0,0,0.0,False,7,5207
15000,A2,0.10485494289827792,32,False,0.0,0.0,0,0.0,False,8,5208
15000,A2,0.0,31,False,0.0,0.0,0,0.0,False,9,5209
15000,A2,0.0,30,False,0.0,0.0,0,0.0,False,10,5210
15000,A2,0.0,31,False,0.0,0.0,0,0.0,False,11,5211
15000,A2,0.07921672876232828,32,False,0.0,0.0,0,0.0,False,12,5212
15000,A2,0.0,29,False,0.0,0.0,0,0.0,False,13,5213
15000,A2,0.0,30,False,0.0,0.0,0,0.0,False,14,5214
15000,A2,0.0,30,False,0.0,0.0,0,0.0,False,15,5215
15500,A2,0.0,30,False,0.0,0.0,0,0.0,False,0,5200
15500,A2,0.0,31,False,0.0,0.0,0,0.0,False,1,5201
15500,A2,0.17550511937607616,32,False,0.0,0.0,0,0.0,False,2,5202
15500,A2,0.18683481234737132,32,False,0.0,0.0,0,0.0,False,3,5203
15500,A2,0.0,30,False,0.0,0.0,0,0.0,False,4,5204
15500,A2,0.0,31,False,0.0,0.0,0,0.0,False,5,5205
15500,A2,0.0,28,False,0.0,0.0,0,0.0,False,6,5206
15500,A2,0.1696347133422556,32,False,0.0,0.0,0,0.0,False,7,5207
15500,A2,0.0,31,False,0.0,0.0,0,0.0,False,8,5208
15500,A2,0.0,31,False,0.0,0.0,0,0.0,False,9,5209
15500,A2,0.14796085942562007,32,False,0.0,0.0,0,0.0,False,10,5210
15500,A2,0.0,30,False,0.0,0.0,0,0.0,False,11,5211
15500,A2,0.0,31,False,0.0,0.0,0,0.0,False,12,5212
15500,A2,0.0,30,False,0.0,0.0,0,0.0,False,13,5213
15500,A2,0.17336690399763924,32,False,0.0,0.0,0,0.0,False,14,5214
15500,A2,0.0,31,False,0.0,0.0,0,0.0,False,15,5215
16000,A2,0.08516430955039293,32,False,0.0,0.0,0,0.0,False,0,5200
16000,A2,0.1815823386137651,32,False,0.0,0.0,0,0.0,False,1,5201
16000,A2,0.11204347068437237,32,False,0.0,0.0,0,0.0,False,2,5202
16000,A2,0.0,30,False,0.0,0.0,0,0.0,False,3,5203
16000,A2,0.15362725960270912,32,False,0.0,0.0,0,0.0,False,4,5204
16000,A2,0.0,31,False,0.0,0.0,0,0.0,False,5,5205
16000,A2,0.0,28,False,0.0,0.0,0,0.0,False,6,5206
16000,A2,0.0,31,False,0.0,0.0,0,0.0,False,7,5207
16000,A2,0.0,30,False,0.0,0.0,0,0.0,False,8,5208
16000,A2,0.0,31,False,0.0,0.0,0,0.0,False,9,5209
16000,A2,0.18673275628877586,32,False,0.0,0.0,0,0.0,False,10,5210
16000,A2,0.0,31,False,0.0,0.0,0,0.0,False,11,5211
16000,A2,0.0,31,False,0.0,0.0,0,0.0,False,12,5212
16000,A2,0.0,30,False,0.0,0.0,0,0.0,False,13,5213
16000,A2,0.0,30,False,0.0,0.0,0,0.0,False,14,5214
16000,A2,0.0,30,False,0.0,0.0,0,0.0,False,15,5215
16500,A2,0.0,31,False,0.0,0.0,0,0.0,False,0,5200
16500,A2,0.0,30,False,0.0,0.0,0,0.0,False,1,5201
16500,A2,0.1403986906975345,32,False,0.0,0.0,0,0.0,False,2,5202
16500,A2,0.2836378782681975,32,False,0.0,0.0,0,0.0,False,3,5203
16500,A2,0.0,30,False,0.0,0.0,0,0.0,False,4,5204
16500,A2,0.0,31,False,0.0,0.0,0,0.0,False,5,5205
16500,A2,0.0,29,False,0.0,0.0,0,0.0,False,6,5206
16500,A2,0.0,31,False,0.0,0.0,0,0.0,False,7,5207
16500,A2,0.14411230774928152,32,False,0.0,0.0,0,0.0,False,8,5208
16500,A2,0.08488005460742841,32,False,0.0,0.0,0,0.0,False,9,5209
16500,A2,0.0,31,False,0.0,0.0,0,0.0,False,10,5210
16500,A2,0.04968970926461287,32,False,0.0,0.0,0,0.0,False,11,5211
16500,A2,0.026002818273867658,32,False,0.0,0.0,0,0.0,False,12,5212
16500,A2,0.0,31,False,0.0,0.0,0,0.0,False,13,5213
16500,A2,0.0,30,False,0.0,0.0,0,0.0,False,14,5214
16500,A2,0.0,31,False,0.0,0.0,0,0.0,False,15,5215
17000,A2,0.0,31,False,0.0,0.0,0,0.0,False,0,5200
17000,A2,0.0,31,False,0.0,0.0,0,0.0,False,1,5201
17000,A2,0.0,31,False,0.0,0.0,0,0.0,False,2,5202
17000,A2,0.0,31,False,0.0,0.0,0,0.0,False,3,5203
17000,A2,0.0,31,False,0.0,0.0,0,0.0,False,4,5204
17000,A2,0.1762805745689301,32,False,0.0,0.0,0,0.0,False,5,5205
17000,A2,0.0,30,False,0.0,0.0,0,0.0,False,6,5206
17000,A2,0.0,31,False,0.0,0.0,0,0.0,False,7,5207
17000,A2,0.1255059907286141,32,False,0.0,0.0,0,0.0,False,8,5208
17000,A2,0.0,30,False,0.0,0.0,0,0.0,False,9,5209
17000,A2,0.054323282626805074,32,False,0.0,0.0,0,0.0,False,10,5210
17000,A2,0.0,31,False,0.0,0.0,0,0.0,False,11,5211
17000,A2,0.04505056374811577,32,False,0.0,0.0,0,0.0,False,12,5212
17000,A2,0.0,31,False,0.0,0.0,0,0.0,False,13,5213
17000,A2,0.0,31,False,0.0,0.0,0,0.0,False,14,5214
17000,A2,0.0,31,False,0.0,0.0,0,0.0,False,15,5215
17500,A2,0.10194035385026982,32,False,0.0,0.0,0,0.0,False,0,5200
17500,A2,0.0718648088456894,32,False,0.0,0.0,0,0.0,False,1,5201
17500,A2,0.0,31,False,0.0,0.0,0,0.0,False,2,5202
17500,A2,0.27053897621493705,32,False,0.0,0.0,0,0.0,False,3,5203
17500,A2,0.0,30,False,0.0,0.0,0,0.0,False,4,5204
17500,A2,0.0,30,False,0.0,0.0,0,0.0,False,5,5205
17500,A2,0.0,30,False,0.0,0.0,0,0.0,False,6,5206
17500,A2,0.07612576006629536,32,False,0.0,0.0,0,0.0,False,7,5207
17500,A2,0.15992385730623687,32,False,0.0,0.0,0,0.0,False,8,5208
17500,A2,0.0,30,False,0.0,0.0,0,0.0,False,9,5209
17500,A2,0.10647399077164622,32,False,0.0,0.0,0,0.0,False,10,5210
17500,A2,0.0,30,False,0.0,0.0,0,0.0,False,11,5211
17500,A2,0.0,31,False,0.0,0.0,0,0.0,False,12,5212
17500,A2,0.0,30,False,0.0,0.0,0,0.0,False,13,5213
17500,A2,0.0,31,False,0.0,0.0,0,0.0,False,14,5214
17500,A2,0.05366206728209451,32,False,0.0,0.0,0,0.0,False,15,5215
18000,A2,0.083597018209599,32,False,0.0,0.0,0,0.0,False,0,5200
18000,A2,0.07955895101996352,32,False,0.0,0.0,0,0.0,False,1,5201
18000,A2,0.0,31,False,0.0,0.0,0,0.0,False,2,5202
18000,A2,0.20935900137817043,32,False,0.0,0.0,0,0.0,False,3,5203
18000,A2,0.14771807748639773,32,False,0.0,0.0,0,0.0,False,4,5204
18000,A2,0.0,31,False,0.0,0.0,0,0.0,False,5,5205
18000,A2,0.0,28,False,0.0,0.0,0,0.0,False,6,5206
18000,A2,0.0,31,False,0.0,0.0,0,0.0,False,7,5207
18000,A2,0.10650995363769397,32,False,0.0,0.0,0,0.0,False,8,5208
18000,A2,0.08409432644782137,32,False,0.0,0.0,0,0.0,False,9,5209
18000,A2,0.1720470132554161,32,False,0.0,0.0,0,0.0,False,10,5210
18000,A2,0.0,31,False,0.0,0.0,0,0.0,False,11,5211
18000,A2,0.053890873686671024,32,False,0.0,0.0,0,0.0,False,12,5212
18000,A2,0.0,31,False,0.0,0.0,0,0.0,False,13,5213
18000,A2,0.0,31,False,0.0,0.0,0,0.0,False,14,5214
18000,A2,0.08874721168377238,32,False,0.0,0.0,0,0.0,False,15,5215
18500,A2,0.0,31,False,0.0,0.0,0,0.0,False,0,5200
18500,A2,0.0,31,False,0.0,0.0,0,0.0,False,1,5201
18500,A2,0.1268505640208469,32,False,0.0,0.0,0,0.0,False,2,5202
18500,A2,0.2650361838878468,32,False,0.0,0.0,0,0.0,False,3,5203
18500,A2,0.22062666846551535,32,False,0.0,0.0,0,0.0,False,4,5204
18500,A2,0.0,31,False,0.0,0.0,0,0.0,False,5,5205
18500,A2,0.0,30,False,0.0,0.0,0,0.0,False,6,5206
18500,A2,0.11949704064973934,32,False,0.0,0.0,0,0.0,False,7,5207
18500,A2,0.13190226321689344,32,False,0.0,0.0,0,0.0,False,8,5208
18500,A2,0.12498996326686429,32,False,0.0,0.0,0,0.0,False,9,5209
18500,A2,0.0,31,False,0.0,0.0,0,0.0,False,10,5210
18500,A2,0.07152751411596892,32,False,0.0,0.0,0,0.0,False,11,5211
18500,A2,0.0,30,False,0.0,0.0,0,0.0,False,12,5212
18500,A2,0.1794276044162121,32,False,0.0,0.0,0,0.0,False,13,5213
18500,A2,0.0,30,False,0.0,0.0,0,0.0,False,14,5214
18500,A2,0.0911363180185879,32,False,0.0,0.0,0,0.0,False,15,5215
19000,A2,0.09937240010072884,32,False,0.0,0.0,0,0.0,False,0,5200
19000,A2,0.0,31,False,0.0,0.0,0,0.0,False,1,5201
19000,A2,0.15549458915099706,32,False,0.0,0.0,0,0.0,False,2,5202
19000,A2,0.0,31,False,0.0,0.0,0,0.0,False,3,5203
19000,A2,0.0,30,False,0.0,0.0,0,0.0,False,4,5204
19000,A2,0.0,30,False,0.0,0.0,0,0.0,False,5,5205
19000,A2,0.0,30,False,0.0,0.0,0,0.0,False,6,5206
19000,A2,0.1483019259300801,32,False,0.0,0.0,0,0.0,False,7,5207
19000,A2,0.1158781397942666,32,False,0.0,0.0,0,0.0,False,8,5208
19000,A2,0.0,31,False,0.0,0.0,0,0.0,False,9,5209
19000,A2,0.08153298136226288,32,False,0.0,0.0,0,0.0,False,10,5210
19000,A2,0.0,30,False,0.0,0.0,0,0.0,False,11,5211
19000,A2,0.046984219062705314,32,False,0.0,0.0,0,0.0,False,12,5212
19000,A2,0.0,31,False,0.0,0.0,0,0.0,False,13,5213
19000,A2,0.0,31,False,0.0,0.0,0,0.0,False,14,5214
19000,A2,0.05546677538992086,32,False,0.0,0.0,0,0.0,False,15,5215
19500,A2,0.10029526590072141,32,False,0.0,0.0,0,0.0,False,0,5200
19500,A2,0.0,31,False,0.0,0.0,0,0.0,False,1,5201
19500,A2,0.0,31,False,0.0,0.0,0,0.0,False,2,5202
19500,A2,0.0,31,False,0.0,0.0,0,0.0,False,3,5203
19500,A2,0.15704696728929599,32,False,0.0,0.0,0,0.0,False,4,5204
19500,A2,0.0,29,False,0.0,0.0,0,0.0,False,5,5205
19500,A2,0.0,31,False,0.0,0.0,0,0.0,False,6,5206
19500,A2,0.09021296442259713,32,False,0.0,0.0,0,0.0,False,7,5207
19500,A2,0.0,31,False,0.0,0.0,0,0.0,False,8,5208
19500,A2,0.09954026764047953,32,False,0.0,0.0,0,0.0,False,9,5209
19500,A2,0.14492659850320777,32,False,0.0,0.0,0,0.0,False,10,5210
19500,A2,0.0,31,False,0.0,0.0,0,0.0,False,11,5211
19500,A2,0.06187576518764268,32,False,0.0,0.0,0,0.0,False,12,5212
19500,A2,0.08272365939107494,32,False,0.0,0.0,0,0.0,False,13,5213
19500,A2,0.12430072387302299,32,False,0.0,0.0,0,0.0,False,14,5214
19500,A2,0.09464891116301227,32,False,0.0,0.0,0,0.0,False,15,5215
20000,A2,0.11065845853998874,32,False,0.0,0.0,0,0.0,False,0,5200
20000,A2,0.08246773490507746,32,False,0.0,0.0,0,0.0,False,1,5201
20000,A2,0.16340568892406798,32,False,0.0,0.0,0,0.0,False,2,5202
20000,A2,0.0,31,False,0.0,0.0,0,0.0,False,3,5203
20000,A2,0.2033199034145947,32,False,0.0,0.0,0,0.0,False,4,5204
20000,A2,0.0,30,False,0.0,0.0,0,0.0,False,5,5205
20000,A2,0.0,30,False,0.0,0.0,0,0.0,False,6,5206
20000,A2,0.10256132360520508,32,False,0.0,0.0,0,0.0,False,7,5207
20000,A2,0.15632742124993051,32,False,0.0,0.0,0,0.0,False,8,5208
20000,A2,0.11171513873274265,32,False,0.0,0.0,0,0.0,False,9,5209
20000,A2,0.11476120076634173,32,False,0.0,0.0,0,0.0,False,10,5210
20000,A2,0.05549504073344978,32,False,0.0,0.0,0,0.0,False,11,5211
20000,A2,0.0,31,False,0.0,0.0,0,0.0,False,12,5212
20000,A2,0.0,31,False,0.0,0.0,0,0.0,False,13,5213
20000,A2,0.10385417362116005,32,False,0.0,0.0,0,0.0,False,14,5214
20000,A2,0.08489926299095969,32,False,0.0,0.0,0,0.0,False,15,5215
20500,A2,0.06588422961951802,32,False,0.0,0.0,0,0.0,False,0,5200
20500,A2,0.0,31,False,0.0,0.0,0,0.0,False,1,5201
20500,A2,0.10930512420191525,32,False,0.0,0.0,0,0.0,False,2,5202
20500,A2,0.0,31,False,0.0,0.0,0,0.0,False,3,5203
20500,A2,0.16088815128989,32,False,0.0,0.0,0,0.0,False,4,5204
20500,A2,0.0,30,False,0.0,0.0,0,0.0,False,5,5205
20500,A2,0.19593905763153896,32,False,0.0,0.0,0,0.0,False,6,5206
20500,A2,0.0,30,False,0.0,0.0,0,0.0,False,7,5207
20500,A2,0.0,30,False,0.0,0.0,0,0.0,False,8,5208
20500,A2,0.10838808319896097,32,False,0.0,0.0,0,0.0,False,9,5209
20500,A2,0.11179431088558268,32,False,0.0,0.0,0,0.0,False,10,5210
20500,A2,0.07407490498036347,32,False,0.0,0.0,0,0.0,False,11,5211
20500,A2,0.057422887044803354,32,False,0.0,0.0,0,0.0,False,12,5212
20500,A2,0.0,30,False,0.0,0.0,0,0.0,False,13,5213
20500,A2,0.0,30,False,0.0,0.0,0,0.0,False,14,5214
20500,A2,0.08283822417643864,32,False,0.0,0.0,0,0.0,False,15,5215
21000,A2,0.0,30,False,0.0,0.0,0,0.0,False,0,5200
21000,A2,0.07302427413634466,32,False,0.0,0.0,0,0.0,False,1,5201
21000,A2,0.0,31,False,0.0,0.0,0,0.0,False,2,5202
21000,A2,0.2233606654286566,32,False,0.0,0.0,0,0.0,False,3,5203
21000,A2,0.0,31,False,0.0,0.0,0,0.0,False,4,5204
21000,A2,0.0,30,False,0.0,0.0,0,0.0,False,5,5205
21000,A2,0.18455878049594152,32,False,0.0,0.0,0,0.0,False,6,5206
21000,A2,0.12422827148650108,32,False,0.0,0.0,0,0.0,False,7,5207
21000,A2,0.0,31,False,0.0,0.0,0,0.0,False,8,5208
21000,A2,0.0,31,False,0.0,0.0,0,0.0,False,9,5209
21000,A2,0.09400090579808422,32,False,0.0,0.0,0,0.0,False,10,5210
21000,A2,0.03874064247726318,32,False,0.0,0.0,0,0.0,False,11,5211
21000,A2,0.09856116378327479,32,False,0.0,0.0,0,0.0,False,12,5212
21000,A2,0.0,31,False,0.0,0.0,0,0.0,False,13,5213
21000,A2,0.14679872048938342,32,False,0.0,0.0,0,0.0,False,14,5214
21000,A2,0.050360549223640146,32,False,0.0,0.0,0,0.0,False,15,5215
21500,A2,0.12411802228151132,32,False,0.0,0.0,0,0.0,False,0,5200
21500,A2,0.13057688690569932,32,False,0.0,0.0,0,0.0,False,1,5201
21500,A2,0.14302750814266024,32,False,0.0,0.0,0,0.0,False,2,5202
21500,A2,0.21285599536655847,32,False,0.0,0.0,0,0.0,False,3,5203
21500,A2,0.0,31,False,0.0,0.0,0,0.0,False,4,5204
21500,A2,0.1455315884428731,32,False,0.0,0.0,0,0.0,False,5,5205
21500,A2,0.0,30,False,0.0,0.0,0,0.0,False,6,5206
21500,A2,0.09199149880435244,32,False,0.0,0.0,0,0.0,False,7,5207
21500,A2,0.16982485658187146,32,False,0.0,0.0,0,0.0,False,8,5208
21500,A2,0.12972206555551216,32,False,0.0,0.0,0,0.0,False,9,5209
21500,A2,0.09463113903560177,32,False,0.0,0.0,0,0.0,False,10,5210
21500,A2,0.0,30,False,0.0,0.0,0,0.0,False,11,5211
21500,A2,0.0,31,False,0.0,0.0,0,0.0,False,12,5212
21500,A2,0.0,31,False,0.0,0.0,0,0.0,False,13,5213
21500,A2,0.20773918720209106,32,False,0.0,0.0,0,0.0,False,14,5214
21500,A2,0.10182295069319532,32,False,0.0,0.0,0,0.0,False,15,5215
22000,A2,0.09680299762848023,32,False,0.0,0.0,0,0.0,False,0,5200
22000,A2,0.10258980339229301,32,False,0.0,0.0,0,0.0,False,1,5201
22000,A2,0.0,31,False,0.0,0.0,0,0.0,False,2,5202
22000,A2,0.2660608498929986,32,False,0.0,0.0,0,0.0,False,3,5203
22000,A2,0.0,31,False,0.0,0.0,0,0.0,False,4,5204
22000,A2,0.0,29,False,0.0,0.0,0,0.0,False,5,5205
22000,A2,0.18929715590387647,32,False,0.0,0.0,0,0.0,False,6,5206
22000,A2,0.11631888815662932,32,False,0.0,0.0,0,0.0,False,7,5207
22000,A2,0.0,31,False,0.0,0.0,0,0.0,False,8,5208
22000,A2,0.0,31,False,0.0,0.0,0,0.0,False,9,5209
22000,A2,0.13698706807855326,32,False,0.0,0.0,0,0.0,False,10,5210
22000,A2,0.0,31,False,0.0,0.0,0,0.0,False,11,5211
22000,A2,0.07126727539551497,32,False,0.0,0.0,0,0.0,False,12,5212
22000,A2,0.0,31,False,0.0,0.0,0,0.0,False,13,5213
22000,A2,0.0,30,False,0.0,0.0,0,0.0,False,14,5214
22000,A2,0.06773918384865062,32,False,0.0,0.0,0,0.0,False,15,5215
22500,A2,0.0,31,False,0.0,0.0,0,0.0,False,0,5200
22500,A2,0.07973088000058809,32,False,0.0,0.0,0,0.0,False,1,5201
22500,A2,0.0,31,False,0.0,0.0,0,0.0,False,2,5202
22500,A2,0.0,29,False,0.0,0.0,0,0.0,False,3,5203
22500,A2,0.0,31,False,0.0,0.0,0,0.0,False,4,5204
22500,A2,0.14498498220389283,32,False,0.0,0.0,0,0.0,False,5,5205
22500,A2,0.20247006222962072,32,False,0.0,0.0,0,0.0,False,6,5206
22500,A2,0.0,31,False,0.0,0.0,0,0.0,False,7,5207
22500,A2,0.0,31,False,0.0,0.0,0,0.0,False,8,5208
22500,A2,0.0,31,False,0.0,0.0,0,0.0,False,9,5209
22500,A2,0.1448970928315599,32,False,0.0,0.0,0,0.0,False,10,5210
22500,A2,0.0,31,False,0.0,0.0,0,0.0,False,11,5211
22500,A2,0.12463248284186038,32,False,0.0,0.0,0,0.0,False,12,5212
22500,A2,0.16396108377328317,32,False,0.0,0.0,0,0.0,False,13,5213
22500,A2,0.112294246030796,32,False,0.0,0.0,0,0.0,False,14,5214
22500,A2,0.09439674326328194,32,False,0.0,0.0,0,0.0,False,15,5215
23000,A2,0.0,31,False,0.0,0.0,0,0.0,False,0,5200
23000,A2,0.0,31,False,0.0,0.0,0,0.0,False,1,5201
23000,A2,0.0,30,False,0.0,0.0,0,0.0,False,2,5202
23000,A2,0.20104451637814827,32,False,0.0,0.0,0,0.0,False,3,5203
23000,A2,0.11899529548634676,32,False,0.0,0.0,0,0.0,False,4,5204
23000,A2,0.1110148746111678,32,False,0.0,0.0,0,0.0,False,5,5205
23000,A2,0.0,31,False,0.0,0.0,0,0.0,False,6,5206
23000,A2,0.0,31,False,0.0,0.0,0,0.0,False,7,5207
23000,A2,0.09798472583868927,32,False,0.0,0.0,0,0.0,False,8,5208
23000,A2,0.09821188488206868,32,False,0.0,0.0,0,0.0,False,9,5209
23000,A2,0.10031651189574745,32,False,0.0,0.0,0,0.0,False,10,5210
23000,A2,0.1016786616698857,32,False,0.0,0.0,0,0.0,False,11,5211
23000,A2,0.05191481999348489,32,False,0.0,0.0,0,0.0,False,12,5212
23000,A2,0.0,30,False,0.0,0.0,0,0.0,False,13,5213
23000,A2,0.0,31,False,0.0,0.0,0,0.0,False,14,5214
23000,A2,0.04166462563005964,32,False,0.0,0.0,0,0.0,False,15,5215
23500,A2,0.0782169503931131,32,False,0.0,0.0,0,0.0,False,0,5200
23500,A2,0.13038422052960508,32,False,0.0,0.0,0,0.0,False,1,5201
23500,A2,0.15303329427662923,32,False,0.0,0.0,0,0.0,False,2,5202
23500,A2,0.22863874005504603,32,False,0.0,0.0,0,0.0,False,3,5203
23500,A2,0.14609960148962456,32,False,0.0,0.0,0,0.0,False,4,5204
23500,A2,0.0,29,False,0.0,0.0,0,0.0,False,5,5205
23500,A2,0.0,31,False,0.0,0.0,0,0.0,False,6,5206
23500,A2,0.15374874124987792,32,False,0.0,0.0,0,0.0,False,7,5207
23500,A2,0.1411086828013793,32,False,0.0,0.0,0,0.0,False,8,5208
23500,A2,0.0,31,False,0.0,0.0,0,0.0,False,9,5209
23500,A2,0.1423065549578562,32,False,0.0,0.0,0,0.0,False,10,5210
23500,A2,0.0,31,False,0.0,0.0,0,0.0,False,11,5211
23500,A2,0.06550668794558112,32,False,0.0,0.0,0,0.0,False,12,5212
23500,A2,0.09823632291127846,32,False,0.0,0.0,0,0.0,False,13,5213
23500,A2,0.0,31,False,0.0,0.0,0,0.0,False,14,5214
23500,A2,0.07559214386785541,32,False,0.0,0.0,0,0.0,False,15,5215
24000,A2,0.07995742042399845,32,False,0.0,0.0,0,0.0,False,0,5200
24000,A2,0.1467316022669855,32,False,0.0,0.0,0,0.0,False,1,5201
24000,A2,0.15309356434644894,32,False,0.0,0.0,0,0.0,False,2,5202
24000,A2,0.1350759580970771,32,False,0.0,0.0,0,0.0,False,3,5203
24000,A2,0.0,30,False,0.0,0.0,0,0.0,False,4,5204
24000,A2,0.11678747397660638,32,False,0.0,0.0,0,0.0,False,5,5205
24000,A2,0.25396725848502183,32,False,0.0,0.0,0,0.0,False,6,5206
24000,A2,0.13293615293382277,32,False,0.0,0.0,0,0.0,False,7,5207
24000,A2,0.15325400646385023,32,False,0.0,0.0,0,0.0,False,8,5208
24000,A2,0.08496903653390096,32,False,0.0,0.0,0,0.0,False,9,5209
24000,A2,0.09789491298264232,32,False,0.0,0.0,0,0.0,False,10,5210
24000,A2,0.0,31,False,0.0,0.0,0,0.0,False,11,5211
24000,A2,0.0,31,False,0.0,0.0,0,0.0,False,12,5212
24000,A2,0.10745054706151537,32,False,0.0,0.0,0,0.0,False,13,5213
24000,A2,0.0,31,False,0.0,0.0,0,0.0,False,14,5214
24000,A2,0.09614056190397298,32,False,0.0,0.0,0,0.0,False,15,5215
24500,A2,0.0,31,False,0.0,0.0,0,0.0,False,0,5200
24500,A2,0.09952649699145963,32,False,0.0,0.0,0,0.0,False,1,5201
24500,A2,0.0,31,False,0.0,0.0,0,0.0,False,2,5202
24500,A2,0.2513560125540769,32,False,0.0,0.0,0,0.0,False,3,5203
24500,A2,0.0,31,False,0.0,0.0,0,0.0,False,4,5204
24500,A2,0.0,31,False,0.0,0.0,0,0.0,False,5,5205
24500,A2,0.22195341064530147,32,False,0.0,0.0,0,0.0,False,6,5206
24500,A2,0.0,31,False,0.0,0.0,0,0.0,False,7,5207
24500,A2,0.0,31,False,0.0,0.0,0,0.0,False,8,5208
24500,A2,0.12316185856587837,32,False,0.0,0.0,0,0.0,False,9,5209
24500,A2,0.05731982492099169,32,False,0.0,0.0,0,0.0,False,10,5210
24500,A2,0.0643592003722243,32,False,0.0,0.0,0,0.0,False,11,5211
24500,A2,0.0449998975352997,32,False,0.0,0.0,0,0.0,False,12,5212
24500,A2,0.0,31,False,0.0,0.0,0,0.0,False,13,5213
24500,A2,0.15628894409923688,32,False,0.0,0.0,0,0.0,False,14,5214
24500,A2,0.08360554772025844,32,False,0.0,0.0,0,0.0,False,15,5215
25000,A2,0.10209821076210364,32,False,0.0,0.0,0,0.0,False,0,5200
25000,A2,0.119306763083981,32,False,0.0,0.0,0,0.0,False,1,5201
25000,A2,0.16539202016387772,32,False,0.0,0.0,0,0.0,False,2,5202
25000,A2,0.21953220428310638,32,False,0.0,0.0,0,0.0,False,3,5203
25000,A2,0.0,31,False,0.0,0.0,0,0.0,False,4,5204
25000,A2,0.12304155229340054,32,False,0.0,0.0,0,0.0,False,5,5205
25000,A2,0.0,31,False,0.0,0.0,0,0.0,False,6,5206
25000,A2,0.0,31,False,0.0,0.0,0,0.0,False,7,5207
25000,A2,0.0,31,False,0.0,0.0,0,0.0,False,8,5208
25000,A2,0.11355730428546247,32,False,0.0,0.0,0,0.0,False,9,5209
25000,A2,0.13820989656221083,32,False,0.0,0.0,0,0.0,False,10,5210
25000,A2,0.05362776169281806,32,False,0.0,0.0,0,0.0,False,11,5211
25000,A2,0.0,31,False,0.0,0.0,0,0.0,False,12,5212
25000,A2,0.0,31,False,0.0,0.0,0,0.0,False,13,5213
25000,A2,0.16757058104905223,32,False,0.0,0.0,0,0.0,False,14,5214
25000,A2,0.07648237271537198,32,False,0.0,0.0,0,0.0,False,15,5215
25500,A2,0.0,31,False,0.0,0.0,0,0.0,False,0,5200
25500,A2,0.1235441270254,32,False,0.0,0.0,0,0.0,False,1,5201
25500,A2,0.0,31,False,0.0,0.0,0,0.0,False,2,5202
25500,A2,0.2919855502560835,32,False,0.0,0.0,0,0.0,False,3,5203
25500,A2,0.0,31,False,0.0,0.0,0,0.0,False,4,5204
25500,A2,0.11419130155005174,32,False,0.0,0.0,0,0.0,False,5,5205
25500,A2,0.16719720722207268,32,False,0.0,0.0,0,0.0,False,6,5206
25500,A2,0.13649101450834109,32,False,0.0,0.0,0,0.0,False,7,5207
25500,A2,0.14242687289809952,32,False,0.0,0.0,0,0.0,False,8,5208
25500,A2,0.13377883577331698,32,False,0.0,0.0,0,0.0,False,9,5209
25500,A2,0.0,31,False,0.0,0.0,0,0.0,False,10,5210
25500,A2,0.07041935224931832,32,False,0.0,0.0,0,0.0,False,11,5211
25500,A2,0.0,31,False,0.0,0.0,0,0.0,False,12,5212
25500,A2,0.0,31,False,0.0,0.0,0,0.0,False,13,5213
25500,A2,0.10777869713720169,32,False,0.0,0.0,0,0.0,False,14,5214
25500,A2,0.0,31,False,0.0,0.0,0,0.0,False,15,5215
26000,A2,0.11792944635486396,32,False,0.0,0.0,0,0.0,False,0,5200
26000,A2,0.0,31,False,0.0,0.0,0,0.0,False,1,5201
26000,A2,0.10628374305975635,32,False,0.0,0.0,0,0.0,False,2,5202
26000,A2,0.0,31,False,0.0,0.0,0,0.0,False,3,5203
26000,A2,0.196176941750307,32,False,0.0,0.0,0,0.0,False,4,5204
26000,A2,0.153851931244281,32,False,0.0,0.0,0,0.0,False,5,5205
26000,A2,0.0,31,False,0.0,0.0,0,0.0,False,6,5206
26000,A2,0.11164790643059833,32,False,0.0,0.0,0,0.0,False,7,5207
26000,A2,0.0,31,False,0.0,0.0,0,0.0,False,8,5208
26000,A2,0.07359549903610339,32,False,0.0,0.0,0,0.0,False,9,5209
26000,A2,0.11407498168206519,32,False,0.0,0.0,0,0.0,False,10,5210
26000,A2,0.05917023214075957,32,False,0.0,0.0,0,0.0,False,11,5211
26000,A2,0.0,31,False,0.0,0.0,0,0.0,False,12,5212
26000,A2,0.0,31,False,0.0,0.0,0,0.0,False,13,5213
26000,A2,0.0,31,False,0.0,0.0,0,0.0,False,14,5214
26000,A2,0.0,31,False,0.0,0.0,0,0.0,False,15,5215
26500,A2,0.10921112727030548,32,False,0.0,0.0,0,0.0,False,0,5200
26500,A2,0.09000483572274627,32,False,0.0,0.0,0,0.0,False,1,5201
26500,A2,0.0,31,False,0.0,0.0,0,0.0,False,2,5202
26500,A2,0.0,30,False,0.0,0.0,0,0.0,False,3,5203
26500,A2,0.16963151595769313,32,False,0.0,0.0,0,0.0,False,4,5204
26500,A2,0.0,31,False,0.0,0.0,0,0.0,False,5,5205
26500,A2,0.0,29,False,0.0,0.0,0,0.0,False,6,5206
26500,A2,0.11704614126672916,32,False,0.0,0.0,0,0.0,False,7,5207
26500,A2,0.0,31,False,0.0,0.0,0,0.0,False,8,5208
26500,A2,0.06065600993620129,32,False,0.0,0.0,0,0.0,False,9,5209
26500,A2,0.13328792877547133,32,False,0.0,0.0,0,0.0,False,10,5210
26500,A2,0.0,31,False,0.0,0.0,0,0.0,False,11,5211
26500,A2,0.06299037775044933,32,False,0.0,0.0,0,0.0,False,12,5212
26500,A2,0.0,30,False,0.0,0.0,0,0.0,False,13,5213
26500,A2,0.0,31,False,0.0,0.0,0,0.0,False,14,5214
26500,A2,0.0,31,False,0.0,0.0,0,0.0,False,15,5215
27000,A2,0.0427156897460358,32,False,0.0,0.0,0,0.0,False,0,5200
27000,A2,0.16634343502634533,32,False,0.0,0.0,0,0.0,False,1,5201
27000,A2,0.11990501668447552,32,False,0.0,0.0,0,0.0,False,2,5202
27000,A2,0.0,31,False,0.0,0.0,0,0.0,False,3,5203
27000,A2,0.1543360876103047,32,False,0.0,0.0,0,0.0,False,4,5204
27000,A2,0.0,31,False,0.0,0.0,0,0.0,False,5,5205
27000,A2,0.14535570260518108,32,False,0.0,0.0,0,0.0,False,6,5206
27000,A2,0.0,31,False,0.0,0.0,0,0.0,False,7,5207
27000,A2,0.10601487990686238,32,False,0.0,0.0,0,0.0,False,8,5208
27000,A2,0.0,31,False,0.0,0.0,0,0.0,False,9,5209
27000,A2,0.13847119719616055,32,False,0.0,0.0,0,0.0,False,10,5210
27000,A2,0.06548708661854913,32,False,0.0,0.0,0,0.0,False,11,5211
27000,A2,0.09189477444440212,32,False,0.0,0.0,0,0.0,False,12,5212
27000,A2,0.11195816373815849,32,False,0.0,0.0,0,0.0,False,13,5213
27000,A2,0.0,31,False,0.0,0.0,0,0.0,False,14,5214
27000,A2,0.08473604844433605,32,False,0.0,0.0,0,0.0,False,15,5215
27500,A2,0.0,31,False,0.0,0.0,0,0.0,False,0,5200
27500,A2,0.14483464124413073,32,False,0.0,0.0,0,0.0,False,1,5201
27500,A2,0.14420180325942317,32,False,0.0,0.0,0,0.0,False,2,5202
27500,A2,0.0,31,False,0.0,0.0,0,0.0,False,3,5203
27500,A2,0.1417373171643532,32,False,0.0,0.0,0,0.0,False,4,5204
27500,A2,0.0,30,False,0.0,0.0,0,0.0,False,5,5205
27500,A2,0.20965675857277288,32,False,0.0,0.0,0,0.0,False,6,5206
27500,A2,0.033165270090115745,32,False,0.0,0.0,0,0.0,False,7,5207
27500,A2,0.0,31,False,0.0,0.0,0,0.0,False,8,5208
27500,A2,0.09812189611781544,32,False,0.0,0.0,0,0.0,False,9,5209
27500,A2,0.12840614383779253,32,False,0.0,0.0,0,0.0,False,10,5210
27500,A2,0.058284018123289545,32,False,0.0,0.0,0,0.0,False,11,5211
27500,A2,0.09063787982543518,32,False,0.0,0.0,0,0.0,False,12,5212
27500,A2,0.0,30,False,0.0,0.0,0,0.0,False,13,5213
27500,A2,0.1866739267130374,32,False,0.0,0.0,0,0.0,False,14,5214
27500,A2,0.0,31,False,0.0,0.0,0,0.0,False,15,5215
28000,A2,0.10276310463258721,32,False,0.0,0.0,0,0.0,False,0,5200
28000,A2,0.0,31,False,0.0,0.0,0,0.0,False,1,5201
28000,A2,0.10880775242947872,32,False,0.0,0.0,0,0.0,False,2,5202
28000,A2,0.0,31,False,0.0,0.0,0,0.0,False,3,5203
28000,A2,0.0,31,False,0.0,0.0,0,0.0,False,4,5204
28000,A2,0.0,31,False,0.0,0.0,0,0.0,False,5,5205
28000,A2,0.0,31,False,0.0,0.0,0,0.0,False,6,5206
28000,A2,0.0,31,False,0.0,0.0,0,0.0,False,7,5207
28000,A2,0.0,31,False,0.0,0.0,0,0.0,False,8,5208
28000,A2,0.09670353390042204,32,False,0.0,0.0,0,0.0,False,9,5209
28000,A2,0.11282804796860404,32,False,0.0,0.0,0,0.0,False,10,5210
28000,A2,0.0,31,False,0.0,0.0,0,0.0,False,11,5211
28000,A2,0.047474807506995974,32,False,0.0,0.0,0,0.0,False,12,5212
28000,A2,0.08017951314317044,32,False,0.0,0.0,0,0.0,False,13,5213
28000,A2,0.0,31,False,0.0,0.0,0,0.0,False,14,5214
28000,A2,0.04316970258601976,32,False,0.0,0.0,0,0.0,False,15,5215
28500,A2,0.10172702634385675,32,False,0.0,0.0,0,0.0,False,0,5200
28500,A2,0.05879482289653847,32,False,0.0,0.0,0,0.0,False,1,5201
28500,A2,0.11776416092297678,32,False,0.0,0.0,0,0.0,False,2,5202
28500,A2,0.0,31,False,0.0,0.0,0,0.0,False,3,5203
28500,A2,0.2106070871299141,32,False,0.0,0.0,0,0.0,False,4,5204
28500,A2,0.20145661559545552,32,False,0.0,0.0,0,0.0,False,5,5205
28500,A2,0.15848971045802768,32,False,0.0,0.0,0,0.0,False,6,5206
28500,A2,0.13237988087086675,32,False,0.0,0.0,0,0.0,False,7,5207
28500,A2,0.046502809883949565,32,False,0.0,0.0,0,0.0,False,8,5208
28500,A2,0.05298401303862491,32,False,0.0,0.0,0,0.0,False,9,5209
28500,A2,0.10133255280222375,32,False,0.0,0.0,0,0.0,False,10,5210
28500,A2,0.059167092783616,32,False,0.0,0.0,0,0.0,False,11,5211
28500,A2,0.05891946964670426,32,False,0.0,0.0,0,0.0,False,12,5212
28500,A2,0.15661774087773297,32,False,0.0,0.0,0,0.0,False,13,5213
28500,A2,0.18237697855179072,32,False,0.0,0.0,0,0.0,False,14,5214
28500,A2,0.06528185064159096,32,False,0.0,0.0,0,0.0,False,15,5215
29000,A2,0.0715110324661329,32,False,0.0,0.0,0,0.0,False,0,5200
29000,A2,0.12266340767818626,32,False,0.0,0.0,0,0.0,False,1,5201
29000,A2,0.12533887847379996,32,False,0.0,0.0,0,0.0,False,2,5202
29000,A2,0.27356716157433164,32,False,0.0,0.0,0,0.0,False,3,5203
29000,A2,0.11218888892990658,32,False,0.0,0.0,0,0.0,False,4,5204
29000,A2,0.12529417867930054,32,False,0.0,0.0,0,0.0,False,5,5205
29000,A2,0.2205386957389403,32,False,0.0,0.0,0,0.0,False,6,5206
29000,A2,0.11270695880618113,32,False,0.0,0.0,0,0.0,False,7,5207
29000,A2,0.0,31,False,0.0,0.0,0,0.0,False,8,5208
29000,A2,0.0,31,False,0.0,0.0,0,0.0,False,9,5209
29000,A2,0.0,31,False,0.0,0.0,0,0.0,False,10,5210
29000,A2,0.06810617124935242,32,False,0.0,0.0,0,0.0,False,11,5211
29000,A2,0.06796731505884573,32,False,0.0,0.0,0,0.0,False,12,5212
29000,A2,0.12792093269522653,32,False,0.0,0.0,0,0.0,False,13,5213
29000,A2,0.0,30,False,0.0,0.0,0,0.0,False,14,5214
29000,A2,0.0,31,False,0.0,0.0,0,0.0,False,15,5215
29500,A2,0.09417594969439073,32,False,0.0,0.0,0,0.0,False,0,5200
29500,A2,0.12150800843763893,32,False,0.0,0.0,0,0.0,False,1,5201
29500,A2,0.0,31,False,0.0,0.0,0,0.0,False,2,5202
29500,A2,0.0,31,False,0.0,0.0,0,0.0,False,3,5203
29500,A2,0.0,30,False,0.0,0.0,0,0.0,False,4,5204
29500,A2,0.0,31,False,0.0,0.0,0,0.0,False,5,5205
29500,A2,0.24286373313700874,32,False,0.0,0.0,0,0.0,False,6,5206
29500,A2,0.0,31,False,0.0,0.0,0,0.0,False,7,5207
29500,A2,0.0,31,False,0.0,0.0,0,0.0,False,8,5208
29500,A2,0.1275409293325138,32,False,0.0,0.0,0,0.0,False,9,5209
29500,A2,0.12376869662804084,32,False,0.0,0.0,0,0.0,False,10,5210
29500,A2,0.0573597085193518,32,False,0.0,0.0,0,0.0,False,11,5211
29500,A2,0.05832560769186749,32,False,0.0,0.0,0,0.0,False,12,5212
29500,A2,0.14547007269161435,32,False,0.0,0.0,0,0.0,False,13,5213
29500,A2,0.0,30,False,0.0,0.0,0,0.0,False,14,5214
29500,A2,0.07568289999507717,32,False,0.0,0.0,0,0.0,False,15,5215
30000,A2,0.09333220189676886,32,False,0.0,0.0,0,0.0,False,0,5200
30000,A2,0.12873203572985387,32,False,0.0,0.0,0,0.0,False,1,5201
30000,A2,0.08654900869844226,32,False,0.0,0.0,0,0.0,False,2,5202
30000,A2,0.18264072081021798,32,False,0.0,0.0,0,0.0,False,3,5203
30000,A2,0.09719465283998482,32,False,0.0,0.0,0,0.0,False,4,5204
30000,A2,0.16950711407225483,32,False,0.0,0.0,0,0.0,False,5,5205
30000,A2,0.0,31,False,0.0,0.0,0,0.0,False,6,5206
30000,A2,0.14420615921641022,32,False,0.0,0.0,0,0.0,False,7,5207
30000,A2,0.0,30,False,0.0,0.0,0,0.0,False,8,5208
30000,A2,0.14603120655413332,32,False,0.0,0.0,0,0.0,False,9,5209
30000,A2,0.1259971843579099,32,False,0.0,0.0,0,0.0,False,10,5210
30000,A2,0.03913959949877329,32,False,0.0,0.0,0,0.0,False,11,5211
30000,A2,0.0,31,False,0.0,0.0,0,0.0,False,12,5212
30000,A2,0.152322458306541,32,False,0.0,0.0,0,0.0,False,13,5213
30000,A2,0.0,31,False,0.0,0.0,0,0.0,False,14,5214
30000,A2,0.0,31,False,0.0,0.0,0,0.0,False,15,5215
30500,A2,0.08707906297210571,32,False,0.0,0.0,0,0.0,False,0,5200
30500,A2,0.09992972390691385,32,False,0.0,0.0,0,0.0,False,1,5201
30500,A2,0.0,30,False,0.0,0.0,0,0.0,False,2,5202
30500,A2,0.25043897869307985,32,False,0.0,0.0,0,0.0,False,3,5203
30500,A2,0.11767521654451132,32,False,0.0,0.0,0,0.0,False,4,5204
30500,A2,0.0,31,False,0.0,0.0,0,0.0,False,5,5205
30500,A2,0.0,31,False,0.0,0.0,0,0.0,False,6,5206
30500,A2,0.11347250478835477,32,False,0.0,0.0,0,0.0,False,7,5207
30500,A2,0.14476638596883867,32,False,0.0,0.0,0,0.0,False,8,5208
30500,A2,0.0,31,False,0.0,0.0,0,0.0,False,9,5209
30500,A2,0.0,31,False,0.0,0.0,0,0.0,False,10,5210
30500,A2,0.05403561773951848,32,False,0.0,0.0,0,0.0,False,11,5211
30500,A2,0.0846495408557561,32,False,0.0,0.0,0,0.0,False,12,5212
30500,A2,0.0,31,False,0.0,0.0,0,0.0,False,13,5213
30500,A2,0.11642184739570034,32,False,0.0,0.0,0,0.0,False,14,5214
30500,A2,0.10424627316389878,32,False,0.0,0.0,0,0.0,False,15,5215
31000,A2,0.08640096612984735,32,False,0.0,0.0,0,0.0,False,0,5200
31000,A2,0.16365018741033907,32,False,0.0,0.0,0,0.0,False,1,5201
31000,A2,0.13184033942959944,32,False,0.0,0.0,0,0.0,False,2,5202
31000,A2,0.0,31,False,0.0,0.0,0,0.0,False,3,5203
31000,A2,0.06967371347227459,32,False,0.0,0.0,0,0.0,False,4,5204
31000,A2,0.0,31,False,0.0,0.0,0,0.0,False,5,5205
31000,A2,0.0,31,False,0.0,0.0,0,0.0,False,6,5206
31000,A2,0.1354650495189767,32,False,0.0,0.0,0,0.0,False,7,5207
31000,A2,0.0902167324097392,32,False,0.0,0.0,0,0.0,False,8,5208
31000,A2,0.05951395753546003,32,False,0.0,0.0,0,0.0,False,9,5209
31000,A2,0.0,31,False,0.0,0.0,0,0.0,False,10,5210
31000,A2,0.05353380304279381,32,False,0.0,0.0,0,0.0,False,11,5211
31000,A2,0.058148617835644296,32,False,0.0,0.0,0,0.0,False,12,5212
31000,A2,0.13821288537644663,32,False,0.0,0.0,0,0.0,False,13,5213
31000,A2,0.0,30,False,0.0,0.0,0,0.0,False,14,5214
31000,A2,0.0,31,False,0.0,0.0,0,0.0,False,15,5215
31500,A2,0.08238490771075353,32,False,0.0,0.0,0,0.0,False,0,5200
31500,A2,0.11199774115869617,32,False,0.0,0.0,0,0.0,False,1,5201
31500,A2,0.14690927386771613,32,False,0.0,0.0,0,0.0,False,2,5202
31500,A2,0.0,31,False,0.0,0.0,0,0.0,False,3,5203
31500,A2,0.0,30,False,0.0,0.0,0,0.0,False,4,5204
31500,A2,0.0,31,False,0.0,0.0,0,0.0,False,5,5205
31500,A2,0.20975219164969822,32,False,0.0,0.0,0,0.0,False,6,5206
31500,A2,0.1318388946596361,32,False,0.0,0.0,0,0.0,False,7,5207
31500,A2,0.11357554419313758,32,False,0.0,0.0,0,0.0,False,8,5208
31500,A2,0.11318468582048645,32,False,0.0,0.0,0,0.0,False,9,5209
31500,A2,0.14267542966129784,32,False,0.0,0.0,0,0.0,False,10,5210
31500,A2,0.057865712271022426,32,False,0.0,0.0,0,0.0,False,11,5211
31500,A2,0.06942726906939432,32,False,0.0,0.0,0,0.0,False,12,5212
31500,A2,0.0,31,False,0.0,0.0,0,0.0,False,13,5213
31500,A2,0.0,31,False,0.0,0.0,0,0.0,False,14,5214
31500,A2,0.09272906822091628,32,False,0.0,0.0,0,0.0,False,15,5215
32000,A2,0.07276585857470518,32,False,0.0,0.0,0,0.0,False,0,5200
32000,A2,0.11092261352298806,32,False,0.0,0.0,0,0.0,False,1,5201
32000,A2,0.0,31,False,0.0,0.0,0,0.0,False,2,5202
32000,A2,0.0,31,False,0.0,0.0,0,0.0,False,3,5203
32000,A2,0.17805518406869317,32,False,0.0,0.0,0,0.0,False,4,5204
32000,A2,0.0,31,False,0.0,0.0,0,0.0,False,5,5205
32000,A2,0.1950802346571741,32,False,0.0,0.0,0,0.0,False,6,5206
32000,A2,0.0,31,False,0.0,0.0,0,0.0,False,7,5207
32000,A2,0.12806739592518265,32,False,0.0,0.0,0,0.0,False,8,5208
32000,A2,0.0,31,False,0.0,0.0,0,0.0,False,9,5209
32000,A2,0.18762431758627354,32,False,0.0,0.0,0,0.0,False,10,5210
32000,A2,0.04030628044056019,32,False,0.0,0.0,0,0.0,False,11,5211
32000,A2,0.04553620988935264,32,False,0.0,0.0,0,0.0,False,12,5212
32000,A2,0.12527424018798014,32,False,0.0,0.0,0,0.0,False,13,5213
32000,A2,0.0,31,False,0.0,0.0,0,0.0,False,14,5214
32000,A2,0.12138687023460512,32,False,0.0,0.0,0,0.0,False,15,5215
32500,A2,0.04009663869468501,32,False,0.0,0.0,0,0.0,False,0,5200
32500,A2,0.10602803440624228,32,False,0.0,0.0,0,0.0,False,1,5201
32500,A2,0.1555473886860551,32,False,0.0,0.0,0,0.0,False,2,5202
32500,A2,0.0,31,False,0.0,0.0,0,0.0,False,3,5203
32500,A2,0.1486010299662817,32,False,0.0,0.0,0,0.0,False,4,5204
32500,A2,0.0,31,False,0.0,0.0,0,0.0,False,5,5205
32500,A2,0.0,31,False,0.0,0.0,0,0.0,False,6,5206
32500,A2,0.10293591728950124,32,False,0.0,0.0,0,0.0,False,7,5207
32500,A2,0.0,31,False,0.0,0.0,0,0.0,False,8,5208
32500,A2,0.09216168243353087,32,False,0.0,0.0,0,0.0,False,9,5209
32500,A2,0.0,31,False,0.0,0.0,0,0.0,False,10,5210
32500,A2,0.0259265983957107,32,False,0.0,0.0,0,0.0,False,11,5211
32500,A2,0.05084776434076061,32,False,0.0,0.0,0,0.0,False,12,5212
32500,A2,0.21037874795187422,32,False,0.0,0.0,0,0.0,False,13,5213
32500,A2,0.0,31,False,0.0,0.0,0,0.0,False,14,5214
32500,A2,0.04116561296889213,32,False,0.0,0.0,0,0.0,False,15,5215
33000,A2,0.06791386878367688,32,False,0.0,0.0,0,0.0,False,0,5200
33000,A2,0.16406248416414762,32,False,0.0,0.0,0,0.0,False,1,5201
33000,A2,0.0,31,False,0.0,0.0,0,0.0,False,2,5202
33000,A2,0.2031495134130109,32,False,0.0,0.0,0,0.0,False,3,5203
33000,A2,0.12372066177973814,32,False,0.0,0.0,0,0.0,False,4,5204
33000,A2,0.12042823642289768,32,False,0.0,0.0,0,0.0,False,5,5205
33000,A2,0.21141043320517766,32,False,0.0,0.0,0,0.0,False,6,5206
33000,A2,0.10580133424825089,32,False,0.0,0.0,0,0.0,False,7,5207
33000,A2,0.14749318600334055,32,False,0.0,0.0,0,0.0,False,8,5208
33000,A2,0.07388918002720508,32,False,0.0,0.0,0,0.0,False,9,5209
33000,A2,0.209782341716092,32,False,0.0,0.0,0,0.0,False,10,5210
33000,A2,0.025434805456146667,32,False,0.0,0.0,0,0.0,False,11,5211
33000,A2,0.05579122222302583,32,False,0.0,0.0,0,0.0,False,12,5212
33000,A2,0.13661739685252633,32,False,0.0,0.0,0,0.0,False,13,5213
33000,A2,0.13339438646572527,32,False,0.0,0.0,0,0.0,False,14,5214
33000,A2,0.11953101170803061,32,False,0.0,0.0,0,0.0,False,15,5215
33500,A2,0.08254595089687386,32,False,0.0,0.0,0,0.0,False,0,5200
33500,A2,0.12216339096612387,32,False,0.0,0.0,0,0.0,False,1,5201
33500,A2,0.1347961614106999,32,False,0.0,0.0,0,0.0,False,2,5202
33500,A2,0.2700742094752369,32,False,0.0,0.0,0,0.0,False,3,5203
33500,A2,0.08561572968300622,32,False,0.0,0.0,0,0.0,False,4,5204
33500,A2,0.0,31,False,0.0,0.0,0,0.0,False,5,5205
33500,A2,0.21710626916477727,32,False,0.0,0.0,0,0.0,False,6,5206
33500,A2,0.0863852205335559,32,False,0.0,0.0,0,0.0,False,7,5207
33500,A2,0.0,31,False,0.0,0.0,0,0.0,False,8,5208
33500,A2,0.018801177739650853,32,False,0.0,0.0,0,0.0,False,9,5209
33500,A2,0.0,31,False,0.0,0.0,0,0.0,False,10,5210
33500,A2,0.0766500493179559,32,False,0.0,0.0,0,0.0,False,11,5211
33500,A2,0.07569093591320955,32,False,0.0,0.0,0,0.0,False,12,5212
33500,A2,0.1159763087186707,32,False,0.0,0.0,0,0.0,False,13,5213
33500,A2,0.0,31,False,0.0,0.0,0,0.0,False,14,5214
33500,A2,0.07826738273309926,32,False,0.0,0.0,0,0.0,False,15,5215
34000,A2,0.06870388854305763,32,False,0.0,0.0,0,0.0,False,0,5200
34000,A2,0.12694660705122793,32,False,0.0,0.0,0,0.0,False,1,5201
34000,A2,0.11538872567811433,32,False,0.0,0.0,0,0.0,False,2,5202
34000,A2,0.20648022157324508,32,False,0.0,0.0,0,0.0,False,3,5203
34000,A2,0.19930063666919826,32,False,0.0,0.0,0,0.0,False,4,5204
34000,A2,0.0,30,False,0.0,0.0,0,0.0,False,5,5205
34000,A2,0.22776634587025504,32,False,0.0,0.0,0,0.0,False,6,5206
34000,A2,0.11172588008254011,32,False,0.0,0.0,0,0.0,False,7,5207
34000,A2,0.0,31,False,0.0,0.0,0,0.0,False,8,5208
34000,A2,0.059727470292056974,32,False,0.0,0.0,0,0.0,False,9,5209
34000,A2,0.1108459528495474,32,False,0.0,0.0,0,0.0,False,10,5210
34000,A2,0.03969008783304023,32,False,0.0,0.0,0,0.0,False,11,5211
34000,A2,0.0,31,False,0.0,0.0,0,0.0,False,12,5212
34000,A2,0.1531854798524705,32,False,0.0,0.0,0,0.0,False,13,5213
34000,A2,0.0,31,False,0.0,0.0,0,0.0,False,14,5214
34000,A2,0.09169238446915638,32,False,0.0,0.0,0,0.0,False,15,5215
34500,A2,0.06624735555637415,32,False,0.0,0.0,0,0.0,False,0,5200
34500,A2,0.10286703638682947,32,False,0.0,0.0,0,0.0,False,1,5201
34500,A2,0.0,31,False,0.0,0.0,0,0.0,False,2,5202
34500,A2,0.17213603693158203,32,False,0.0,0.0,0,0.0,False,3,5203
34500,A2,0.0,31,False,0.0,0.0,0,0.0,False,4,5204
34500,A2,0.22046066866998107,32,False,0.0,0.0,0,0.0,False,5,5205
34500,A2,0.21537220181282735,32,False,0.0,0.0,0,0.0,False,6,5206
34500,A2,0.0,31,False,0.0,0.0,0,0.0,False,7,5207
34500,A2,0.0,31,False,0.0,0.0,0,0.0,False,8,5208
34500,A2,0.08837327289750249,32,False,0.0,0.0,0,0.0,False,9,5209
34500,A2,0.11276210011506231,32,False,0.0,0.0,0,0.0,False,10,5210
34500,A2,0.0,31,False,0.0,0.0,0,0.0,False,11,5211
34500,A2,0.0,31,False,0.0,0.0,0,0.0,False,12,5212
34500,A2,0.09767385399670739,32,False,0.0,0.0,0,0.0,False,13,5213
34500,A2,0.15113841959343569,32,False,0.0,0.0,0,0.0,False,14,5214
34500,A2,0.03799039880141909,32,False,0.0,0.0,0,0.0,False,15,5215
35000,A2,0.07007119579346195,32,False,0.0,0.0,0,0.0,False,0,5200
35000,A2,0.0,31,False,0.0,0.0,0,0.0,False,1,5201
35000,A2,0.15513806525379467,32,False,0.0,0.0,0,0.0,False,2,5202
35000,A2,0.0,30,False,0.0,0.0,0,0.0,False,3,5203
35000,A2,0.1827614983059114,32,False,0.0,0.0,0,0.0,False,4,5204
35000,A2,0.0,31,False,0.0,0.0,0,0.0,False,5,5205
35000,A2,0.24089642954281895,32,False,0.0,0.0,0,0.0,False,6,5206
35000,A2,0.17858981284234104,32,False,0.0,0.0,0,0.0,False,7,5207
35000,A2,0.0,31,False,0.0,0.0,0,0.0,False,8,5208
35000,A2,0.1533812449239396,32,False,0.0,0.0,0,0.0,False,9,5209
35000,A2,0.11027900181241038,32,False,0.0,0.0,0,0.0,False,10,5210
35000,A2,0.05172936755444795,32,False,0.0,0.0,0,0.0,False,11,5211
35000,A2,0.08627914362443988,32,False,0.0,0.0,0,0.0,False,12,5212
35000,A2,0.16711364850309549,32,False,0.0,0.0,0,0.0,False,13,5213
35000,A2,0.21574468136324115,32,False,0.0,0.0,0,0.0,False,14,5214
35000,A2,0.05990929322427679,32,False,0.0,0.0,0,0.0,False,15,5215
35500,A2,0.08937640088362098,32,False,0.0,0.0,0,0.0,False,0,5200
35500,A2,0.0,31,False,0.0,0.0,0,0.0,False,1,5201
35500,A2,0.0,31,False,0.0,0.0,0,0.0,False,2,5202
35500,A2,0.15699516215029408,32,False,0.0,0.0,0,0.0,False,3,5203
35500,A2,0.1376499463031027,32,False,0.0,0.0,0,0.0,False,4,5204
35500,A2,0.0,31,False,0.0,0.0,0,0.0,False,5,5205
35500,A2,0.2580251330908918,32,False,0.0,0.0,0,0.0,False,6,5206
35500,A2,0.10650754078022848,32,False,0.0,0.0,0,0.0,False,7,5207
35500,A2,0.0,30,False,0.0,0.0,0,0.0,False,8,5208
35500,A2,0.09165021200409419,32,False,0.0,0.0,0,0.0,False,9,5209
35500,A2,0.0,31,False,0.0,0.0,0,0.0,False,10,5210
35500,A2,0.014114205219057745,32,False,0.0,0.0,0,0.0,False,11,5211
35500,A2,0.09264008866964979,32,False,0.0,0.0,0,0.0,False,12,5212
35500,A2,0.0,31,False,0.0,0.0,0,0.0,False,13,5213
35500,A2,0.1861840834883647,32,False,0.0,0.0,0,0.0,False,14,5214
35500,A2,0.041801156834968815,32,False,0.0,0.0,0,0.0,False,15,5215
36000,A2,0.08019360376420914,32,False,0.0,0.0,0,0.0,False,0,5200
36000,A2,0.1627149975783737,32,False,0.0,0.0,0,0.0,False,1,5201
36000,A2,0.20138647843091123,32,False,0.0,0.0,0,0.0,False,2,5202
36000,A2,0.17730209879370884,32,False,0.0,0.0,0,0.0,False,3,5203
36000,A2,0.0,31,False,0.0,0.0,0,0.0,False,4,5204
36000,A2,0.1410478819297329,32,False,0.0,0.0,0,0.0,False,5,5205
36000,A2,0.0,31,False,0.0,0.0,0,0.0,False,6,5206
36000,A2,0.08630056608512035,32,False,0.0,0.0,0,0.0,False,7,5207
36000,A2,0.10338030864488847,32,False,0.0,0.0,0,0.0,False,8,5208
36000,A2,0.12028549701113113,32,False,0.0,0.0,0,0.0,False,9,5209
36000,A2,0.08251946301024105,32,False,0.0,0.0,0,0.0,False,10,5210
36000,A2,0.06411352864669566,32,False,0.0,0.0,0,0.0,False,11,5211
36000,A2,0.0,31,False,0.0,0.0,0,0.0,False,12,5212
36000,A2,0.11042205692867935,32,False,0.0,0.0,0,0.0,False,13,5213
36000,A2,0.0,31,False,0.0,0.0,0,0.0,False,14,5214
36000,A2,0.06124309356662648,32,False,0.0,0.0,0,0.0,False,15,5215
36500,A2,0.07029381191150096,32,False,0.0,0.0,0,0.0,False,0,5200
36500,A2,0.08965886690644462,32,False,0.0,0.0,0,0.0,False,1,5201
36500,A2,0.15252659640684724,32,False,0.0,0.0,0,0.0,False,2,5202
36500,A2,0.22856041227751206,32,False,0.0,0.0,0,0.0,False,3,5203
36500,A2,0.09336588858016619,32,False,0.0,0.0,0,0.0,False,4,5204
36500,A2,0.0,31,False,0.0,0.0,0,0.0,False,5,5205
36500,A2,0.19699858718267999,32,False,0.0,0.0,0,0.0,False,6,5206
36500,A2,0.09818631811903519,32,False,0.0,0.0,0,0.0,False,7,5207
36500,A2,0.0,31,False,0.0,0.0,0,0.0,False,8,5208
36500,A2,0.1709818278766644,32,False,0.0,0.0,0,0.0,False,9,5209
36500,A2,0.10238119428716433,32,False,0.0,0.0,0,0.0,False,10,5210
36500,A2,0.051713117836780356,32,False,0.0,0.0,0,0.0,False,11,5211
36500,A2,0.05166549581411615,32,False,0.0,0.0,0,0.0,False,12,5212
36500,A2,0.18517065027855756,32,False,0.0,0.0,0,0.0,False,13,5213
36500,A2,0.0,30,False,0.0,0.0,0,0.0,False,14,5214
36500,A2,0.05974264768741418,32,False,0.0,0.0,0,0.0,False,15,5215
37000,A2,0.0920275127129284,32,False,0.0,0.0,0,0.0,False,0,5200
37000,A2,0.115945439538257,32,False,0.0,0.0,0,0.0,False,1,5201
37000,A2,0.0,31,False,0.0,0.0,0,0.0,False,2,5202
37000,A2,0.0,31,False,0.0,0.0,0,0.0,False,3,5203
37000,A2,0.08539066369161726,32,False,0.0,0.0,0,0.0,False,4,5204
37000,A2,0.0,31,False,0.0,0.0,0,0.0,False,5,5205
37000,A2,0.1638593992563342,32,False,0.0,0.0,0,0.0,False,6,5206
37000,A2,0.1053178424311608,32,False,0.0,0.0,0,0.0,False,7,5207
37000,A2,0.0,31,False,0.0,0.0,0,0.0,False,8,5208
37000,A2,0.0,31,False,0.0,0.0,0,0.0,False,9,5209
37000,A2,0.12196207771365469,32,False,0.0,0.0,0,0.0,False,10,5210
37000,A2,0.038011007067192834,32,False,0.0,0.0,0,0.0,False,11,5211
37000,A2,0.049342819641353515,32,False,0.0,0.0,0,0.0,False,12,5212
37000,A2,0.1623121713956231,32,False,0.0,0.0,0,0.0,False,13,5213
37000,A2,0.18645822409361393,32,False,0.0,0.0,0,0.0,False,14,5214
37000,A2,0.066250210202834,32,False,0.0,0.0,0,0.0,False,15,5215
37500,A2,0.09801760153603115,32,False,0.0,0.0,0,0.0,False,0,5200
37500,A2,0.044475066218563036,32,False,0.0,0.0,0,0.0,False,1,5201
37500,A2,0.2036189038957851,32,False,0.0,0.0,0,0.0,False,2,5202
37500,A2,0.0,31,False,0.0,0.0,0,0.0,False,3,5203
37500,A2,0.13755769931480294,32,False,0.0,0.0,0,0.0,False,4,5204
37500,A2,0.1527934226268691,32,False,0.0,0.0,0,0.0,False,5,5205
37500,A2,0.0,31,False,0.0,0.0,0,0.0,False,6,5206
37500,A2,0.06458360483192369,32,False,0.0,0.0,0,0.0,False,7,5207
37500,A2,0.11262285070378435,32,False,0.0,0.0,0,0.0,False,8,5208
37500,A2,0.06808347985425829,32,False,0.0,0.0,0,0.0,False,9,5209
37500,A2,0.0,31,False,0.0,0.0,0,0.0,False,10,5210
37500,A2,0.014173694413546569,32,False,0.0,0.0,0,0.0,False,11,5211
37500,A2,0.05173566083019763,32,False,0.0,0.0,0,0.0,False,12,5212
37500,A2,0.0,31,False,0.0,0.0,0,0.0,False,13,5213
37500,A2,0.0,31,False,0.0,0.0,0,0.0,False,14,5214
37500,A2,0.06394513723275135,32,False,0.0,0.0,0,0.0,False,15,5215
38000,A2,0.04992880054995049,32,False,0.0,0.0,0,0.0,False,0,5200
38000,A2,0.0,31,False,0.0,0.0,0,0.0,False,1,5201
38000,A2,0.13103843722026035,32,False,0.0,0.0,0,0.0,False,2,5202
38000,A2,0.14708410516547882,32,False,0.0,0.0,0,0.0,False,3,5203
38000,A2,0.131381099768424,32,False,0.0,0.0,0,0.0,False,4,5204
38000,A2,0.0,31,False,0.0,0.0,0,0.0,False,5,5205
38000,A2,0.16767443767611284,32,False,0.0,0.0,0,0.0,False,6,5206
38000,A2,0.0,31,False,0.0,0.0,0,0.0,False,7,5207
38000,A2,0.0,30,False,0.0,0.0,0,0.0,False,8,5208
38000,A2,0.0,31,False,0.0,0.0,0,0.0,False,9,5209
38000,A2,0.1566927083269089,32,False,0.0,0.0,0,0.0,False,10,5210
38000,A2,0.0,31,False,0.0,0.0,0,0.0,False,11,5211
38000,A2,0.07386269047055204,32,False,0.0,0.0,0,0.0,False,12,5212
38000,A2,0.1127828603663642,32,False,0.0,0.0,0,0.0,False,13,5213
38000,A2,0.0,30,False,0.0,0.0,0,0.0,False,14,5214
38000,A2,0.0,31,False,0.0,0.0,0,0.0,False,15,5215
38500,A2,0.028776143745498656,32,False,0.0,0.0,0,0.0,False,0,5200
38500,A2,0.1339174326195898,32,False,0.0,0.0,0,0.0,False,1,5201
38500,A2,0.1732833020550182,32,False,0.0,0.0,0,0.0,False,2,5202
38500,A2,0.0,31,False,0.0,0.0,0,0.0,False,3,5203
38500,A2,0.12225370206459288,32,False,0.0,0.0,0,0.0,False,4,5204
38500,A2,0.17218106307380257,32,False,0.0,0.0,0,0.0,False,5,5205
38500,A2,0.17151194382687207,32,False,0.0,0.0,0,0.0,False,6,5206
38500,A2,0.1198916367878271,32,False,0.0,0.0,0,0.0,False,7,5207
38500,A2,0.0,31,False,0.0,0.0,0,0.0,False,8,5208
38500,A2,0.11578428828428303,32,False,0.0,0.0,0,0.0,False,9,5209
38500,A2,0.14467489265901107,32,False,0.0,0.0,0,0.0,False,10,5210
38500,A2,0.0,31,False,0.0,0.0,0,0.0,False,11,5211
38500,A2,0.07738477415887302,32,False,0.0,0.0,0,0.0,False,12,5212
38500,A2,0.1113574562234405,32,False,0.0,0.0,0,0.0,False,13,5213
38500,A2,0.0,31,False,0.0,0.0,0,0.0,False,14,5214
38500,A2,0.05666223144210577,32,False,0.0,0.0,0,0.0,False,15,5215
39000,A2,0.03273973389250938,32,False,0.0,0.0,0,0.0,False,0,5200
39000,A2,0.0,31,False,0.0,0.0,0,0.0,False,1,5201
39000,A2,0.16359269631653234,32,False,0.0,0.0,0,0.0,False,2,5202
39000,A2,0.20478643762950913,32,False,0.0,0.0,0,0.0,False,3,5203
39000,A2,0.11946051680461814,32,False,0.0,0.0,0,0.0,False,4,5204
39000,A2,0.1583662251895212,32,False,0.0,0.0,0,0.0,False,5,5205
39000,A2,0.20327425820547815,32,False,0.0,0.0,0,0.0,False,6,5206
39000,A2,0.09204096265175978,32,False,0.0,0.0,0,0.0,False,7,5207
39000,A2,0.06283327966288058,32,False,0.0,0.0,0,0.0,False,8,5208
39000,A2,0.10965302768861246,32,False,0.0,0.0,0,0.0,False,9,5209
39000,A2,0.18250334567985568,32,False,0.0,0.0,0,0.0,False,10,5210
39000,A2,0.0,30,False,0.0,0.0,0,0.0,False,11,5211
39000,A2,0.05804540614045571,32,False,0.0,0.0,0,0.0,False,12,5212
39000,A2,0.0,31,False,0.0,0.0,0,0.0,False,13,5213
39000,A2,0.0,31,False,0.0,0.0,0,0.0,False,14,5214
39000,A2,0.06581329320983417,32,False,0.0,0.0,0,0.0,False,15,5215
39500,A2,0.05963719988925522,32,False,0.0,0.0,0,0.0,False,0,5200
39500,A2,0.10311648960145217,32,False,0.0,0.0,0,0.0,False,1,5201
39500,A2,0.10368402466648757,32,False,0.0,0.0,0,0.0,False,2,5202
39500,A2,0.16633901445002677,32,False,0.0,0.0,0,0.0,False,3,5203
39500,A2,0.14213471904196134,32,False,0.0,0.0,0,0.0,False,4,5204
39500,A2,0.0,31,False,0.0,0.0,0,0.0,False,5,5205
39500,A2,0.130708085359356,32,False,0.0,0.0,0,0.0,False,6,5206
39500,A2,0.09917034660236358,32,False,0.0,0.0,0,0.0,False,7,5207
39500,A2,0.1263976161856002,32,False,0.0,0.0,0,0.0,False,8,5208
39500,A2,0.12644531667046807,32,False,0.0,0.0,0,0.0,False,9,5209
39500,A2,0.10417963467812373,32,False,0.0,0.0,0,0.0,False,10,5210
39500,A2,0.0,31,False,0.0,0.0,0,0.0,False,11,5211
39500,A2,0.05418091731122469,32,False,0.0,0.0,0,0.0,False,12,5212
39500,A2,0.11850956622913394,32,False,0.0,0.0,0,0.0,False,13,5213
39500,A2,0.0,31,False,0.0,0.0,0,0.0,False,14,5214
39500,A2,0.04409171108695915,32,False,0.0,0.0,0,0.0,False,15,5215
10000,A2,0.19617962693615135,32,False,0.0,0.0,0,0.0,False,0,5216
10000,A2,0.0,28,False,0.0,0.0,0,0.0,False,1,5217
10000,A2,0.0,31,False,0.0,0.0,0,0.0,False,2,5218
10000,A2,0.0,30,False,0.0,0.0,0,0.0,False,3,5219
10000,A2,0.0,30,False,0.0,0.0,0,0.0,False,4,5220
10000,A2,0.0,30,False,0.0,0.0,0,0.0,False,5,5221
10000,A2,0.2524708303345854,32,False,0.0,0.0,0,0.0,False,6,5222
10000,A2,0.0,29,False,0.0,0.0,0,0.0,False,7,5223
10000,A2,0.0,30,False,0.0,0.0,0,0.0,False,8,5224
10000,A2,0.0,31,False,0.0,0.0,0,0.0,False,9,5225
10000,A2,0.0,30,False,0.0,0.0,0,0.0,False,10,5226
10000,A2,0.0,30,False,0.0,0.0,0,0.0,False,11,5227
10000,A2,0.0,28,False,0.0,0.0,0,0.0,False,12,5228
10000,A2,0.0,30,False,0.0,0.0,0,0.0,False,13,5229
10000,A2,0.0,31,False,0.0,0.0,0,0.0,False,14,5230
10000,A2,0.0,30,False,0.0,0.0,0,0.0,False,15,5231
10500,A2,0.18015502528013785,32,False,0.0,0.0,0,0.0,False,0,5216
10500,A2,0.0,27,False,0.0,0.0,0,0.0,False,1,5217
10500,A2,0.0,31,False,0.0,0.0,0,0.0,False,2,5218
10500,A2,0.0,31,False,0.0,0.0,0,0.0,False,3,5219
10500,A2,0.0,30,False,0.0,0.0,0,0.0,False,4,5220
10500,A2,0.0,30,False,0.0,0.0,0,0.0,False,5,5221
10500,A2,0.0,30,False,0.0,0.0,0,0.0,False,6,5222
10500,A2,0.0,29,False,0.0,0.0,0,0.0,False,7,5223
10500,A2,0.0,31,False,0.0,0.0,0,0.0,False,8,5224
10500,A2,0.0,30,False,0.0,0.0,0,0.0,False,9,5225
10500,A2,0.0,29,False,0.0,0.0,0,0.0,False,10,5226
10500,A2,0.0,31,False,0.0,0.0,0,0.0,False,11,5227
10500,A2,0.0,30,False,0.0,0.0,0,0.0,False,12,5228
10500,A2,0.0,29,False,0.0,0.0,0,0.0,False,13,5229
10500,A2,0.0,30,False,0.0,0.0,0,0.0,False,14,5230
10500,A2,0.0,28,False,0.0,0.0,0,0.0,False,15,5231
11000,A2,0.1590045349973748,32,False,0.0,0.0,0,0.0,False,0,5216
11000,A2,0.0,29,False,0.0,0.0,0,0.0,False,1,5217
11000,A2,0.0,31,False,0.0,0.0,0,0.0,False,2,5218
11000,A2,0.0,31,False,0.0,0.0,0,0.0,False,3,5219
11000,A2,0.0,31,False,0.0,0.0,0,0.0,False,4,5220
11000,A2,0.0,30,False,0.0,0.0,0,0.0,False,5,5221
11000,A2,0.0,30,False,0.0,0.0,0,0.0,False,6,5222
11000,A2,0.0,28,False,0.0,0.0,0,0.0,False,7,5223
11000,A2,0.0,30,False,0.0,0.0,0,0.0,False,8,5224
11000,A2,0.0,29,False,0.0,0.0,0,0.0,False,9,5225
11000,A2,0.12794428971427793,32,False,0.0,0.0,0,0.0,False,10,5226
11000,A2,0.0,31,False,0.0,0.0,0,0.0,False,11,5227
11000,A2,0.0,30,False,0.0,0.0,0,0.0,False,12,5228
11000,A2,0.0,30,False,0.0,0.0,0,0.0,False,13,5229
11000,A2,0.0,31,False,0.0,0.0,0,0.0,False,14,5230
11000,A2,0.0,29,False,0.0,0.0,0,0.0,False,15,5231
11500,A2,0.0,31,False,0.0,0.0,0,0.0,False,0,5216
11500,A2,0.0,27,False,0.0,0.0,0,0.0,False,1,5217
11500,A2,0.0,31,False,0.0,0.0,0,0.0,False,2,5218
11500,A2,0.0,30,False,0.0,0.0,0,0.0,False,3,5219
11500,A2,0.0,31,False,0.0,0.0,0,0.0,False,4,5220
11500,A2,0.0,31,False,0.0,0.0,0,0.0,False,5,5221
11500,A2,0.18113247965848223,32,False,0.0,0.0,0,0.0,False,6,5222
11500,A2,0.0,30,False,0.0,0.0,0,0.0,False,7,5223
11500,A2,0.0,31,False,0.0,0.0,0,0.0,False,8,5224
11500,A2,0.0,30,False,0.0,0.0,0,0.0,False,9,5225
11500,A2,0.0,31,False,0.0,0.0,0,0.0,False,10,5226
11500,A2,0.0,30,False,0.0,0.0,0,0.0,False,11,5227
11500,A2,0.0,29,False,0.0,0.0,0,0.0,False,12,5228
11500,A2,0.0,30,False,0.0,0.0,0,0.0,False,13,5229
11500,A2,0.0,31,False,0.0,0.0,0,0.0,False,14,5230
11500,A2,0.0,30,False,0.0,0.0,0,0.0,False,15,5231
12000,A2,0.1601012358104416,32,False,0.0,0.0,0,0.0,False,0,5216
12000,A2,0.0,28,False,0.0,0.0,0,0.0,False,1,5217
12000,A2,0.0,30,False,0.0,0.0,0,0.0,False,2,5218
12000,A2,0.0,30,False,0.0,0.0,0,0.0,False,3,5219
12000,A2,0.0,30,False,0.0,0.0,0,0.0,False,4,5220
12000,A2,0.0,30,False,0.0,0.0,0,0.0,False,5,5221
12000,A2,0.20207805765424688,32,False,0.0,0.0,0,0.0,False,6,5222
12000,A2,0.0,29,False,0.0,0.0,0,0.0,False,7,5223
12000,A2,0.0,30,False,0.0,0.0,0,0.0,False,8,5224
12000,A2,0.0,31,False,0.0,0.0,0,0.0,False,9,5225
12000,A2,0.0,31,False,0.0,0.0,0,0.0,False,10,5226
12000,A2,0.0,31,False,0.0,0.0,0,0.0,False,11,5227
12000,A2,0.0,31,False,0.0,0.0,0,0.0,False,12,5228
12000,A2,0.0,30,False,0.0,0.0,0,0.0,False,13,5229
12000,A2,0.0,30,False,0.0,0.0,0,0.0,False,14,5230
12000,A2,0.1903179736508213,32,False,0.0,0.0,0,0.0,False,15,5231
12500,A2,0.0,31,False,0.0,0.0,0,0.0,False,0,5216
12500,A2,0.0,30,False,0.0,0.0,0,0.0,False,1,5217
12500,A2,0.0,30,False,0.0,0.0,0,0.0,False,2,5218
12500,A2,0.0,29,False,0.0,0.0,0,0.0,False,3,5219
12500,A2,0.0,31,False,0.0,0.0,0,0.0,False,4,5220
12500,A2,0.0,31,False,0.0,0.0,0,0.0,False,5,5221
12500,A2,0.0,31,False,0.0,0.0,0,0.0,False,6,5222
12500,A2,0.0,30,False,0.0,0.0,0,0.0,False,7,5223
12500,A2,0.0,29,False,0.0,0.0,0,0.0,False,8,5224
12500,A2,0.13824760625445826,32,False,0.0,0.0,0,0.0,False,9,5225
12500,A2,0.0,31,False,0.0,0.0,0,0.0,False,10,5226
12500,A2,0.0,31,False,0.0,0.0,0,0.0,False,11,5227
12500,A2,0.0,28,False,0.0,0.0,0,0.0,False,12,5228
12500,A2,0.0,29,False,0.0,0.0,0,0.0,False,13,5229
12500,A2,0.0,30,False,0.0,0.0,0,0.0,False,14,5230
12500,A2,0.0,30,False,0.0,0.0,0,0.0,False,15,5231
13000,A2,0.0,30,False,0.0,0.0,0,0.0,False,0,5216
13000,A2,0.0,29,False,0.0,0.0,0,0.0,False,1,5217
13000,A2,0.0,31,False,0.0,0.0,0,0.0,False,2,5218
13000,A2,0.0,29,False,0.0,0.0,0,0.0,False,3,5219
13000,A2,0.12058445373995892,32,False,0.0,0.0,0,0.0,False,4,5220
13000,A2,0.0,30,False,0.0,0.0,0,0.0,False,5,5221
13000,A2,0.0,31,False,0.0,0.0,0,0.0,False,6,5222
13000,A2,0.0,31,False,0.0,0.0,0,0.0,False,7,5223
13000,A2,0.0,30,False,0.0,0.0,0,0.0,False,8,5224
13000,A2,0.0,30,False,0.0,0.0,0,0.0,False,9,5225
13000,A2,0.10446601894957068,32,False,0.0,0.0,0,0.0,False,10,5226
13000,A2,0.0,31,False,0.0,0.0,0,0.0,False,11,5227
13000,A2,0.0,30,False,0.0,0.0,0,0.0,False,12,5228
13000,A2,0.0,29,False,0.0,0.0,0,0.0,False,13,5229
13000,A2,0.0,31,False,0.0,0.0,0,0.0,False,14,5230
13000,A2,0.13589745951860066,32,False,0.0,0.0,0,0.0,False,15,5231
13500,A2,0.0,29,False,0.0,0.0,0,0.0,False,0,5216
13500,A2,0.0,30,False,0.0,0.0,0,0.0,False,1,5217
13500,A2,0.0,30,False,0.0,0.0,0,0.0,False,2,5218
13500,A2,0.0,30,False,0.0,0.0,0,0.0,False,3,5219
13500,A2,0.0,31,False,0.0,0.0,0,0.0,False,4,5220
13500,A2,0.0,31,False,0.0,0.0,0,0.0,False,5,5221
13500,A2,0.32099254165294666,32,False,0.0,0.0,0,0.0,False,6,5222
13500,A2,0.0,29,False,0.0,0.0,0,0.0,False,7,5223
13500,A2,0.07669249241493899,32,False,0.0,0.0,0,0.0,False,8,5224
13500,A2,0.0,30,False,0.0,0.0,0,0.0,False,9,5225
13500,A2,0.13631793217219465,32,False,0.0,0.0,0,0.0,False,10,5226
13500,A2,0.0,31,False,0.0,0.0,0,0.0,False,11,5227
13500,A2,0.0,30,False,0.0,0.0,0,0.0,False,12,5228
13500,A2,0.0,28,False,0.0,0.0,0,0.0,False,13,5229
13500,A2,0.0,30,False,0.0,0.0,0,0.0,False,14,5230
13500,A2,0.0,30,False,0.0,0.0,0,0.0,False,15,5231
14000,A2,0.17442033778013394,32,False,0.0,0.0,0,0.0,False,0,5216
14000,A2,0.0,30,False,0.0,0.0,0,0.0,False,1,5217
14000,A2,0.0,30,False,0.0,0.0,0,0.0,False,2,5218
14000,A2,0.0,30,False,0.0,0.0,0,0.0,False,3,5219
14000,A2,0.0,29,False,0.0,0.0,0,0.0,False,4,5220
14000,A2,0.0,31,False,0.0,0.0,0,0.0,False,5,5221
14000,A2,0.0,31,False,0.0,0.0,0,0.0,False,6,5222
14000,A2,0.0,31,False,0.0,0.0,0,0.0,False,7,5223
14000,A2,0.0,31,False,0.0,0.0,0,0.0,False,8,5224
14000,A2,0.0,30,False,0.0,0.0,0,0.0,False,9,5225
14000,A2,0.1340128502135979,32,False,0.0,0.0,0,0.0,False,10,5226
14000,A2,0.0,31,False,0.0,0.0,0,0.0,False,11,5227
14000,A2,0.0,30,False,0.0,0.0,0,0.0,False,12,5228
14000,A2,0.0,30,False,0.0,0.0,0,0.0,False,13,5229
14000,A2,0.07665149803336468,32,False,0.0,0.0,0,0.0,False,14,5230
14000,A2,0.0,31,False,0.0,0.0,0,0.0,False,15,5231
14500,A2,0.0,31,False,0.0,0.0,0,0.0,False,0,5216
14500,A2,0.28345507922885765,32,False,0.0,0.0,0,0.0,False,1,5217
14500,A2,0.0,31,False,0.0,0.0,0,0.0,False,2,5218
14500,A2,0.0,30,False,0.0,0.0,0,0.0,False,3,5219
14500,A2,0.0,29,False,0.0,0.0,0,0.0,False,4,5220
14500,A2,0.15699350313625032,32,False,0.0,0.0,0,0.0,False,5,5221
14500,A2,0.0,31,False,0.0,0.0,0,0.0,False,6,5222
14500,A2,0.0,31,False,0.0,0.0,0,0.0,False,7,5223
14500,A2,0.0,31,False,0.0,0.0,0,0.0,False,8,5224
14500,A2,0.12911404336112642,32,False,0.0,0.0,0,0.0,False,9,5225
14500,A2,0.1437284084571808,32,False,0.0,0.0,0,0.0,False,10,5226
14500,A2,0.11756619964447103,32,False,0.0,0.0,0,0.0,False,11,5227
14500,A2,0.0,30,False,0.0,0.0,0,0.0,False,12,5228
14500,A2,0.0,30,False,0.0,0.0,0,0.0,False,13,5229
14500,A2,0.0,30,False,0.0,0.0,0,0.0,False,14,5230
14500,A2,0.0,29,False,0.0,0.0,0,0.0,False,15,5231
15000,A2,0.18357455440688836,32,False,0.0,0.0,0,0.0,False,0,5216
15000,A2,0.0,31,False,0.0,0.0,0,0.0,False,1,5217
15000,A2,0.18308597473331029,32,False,0.0,0.0,0,0.0,False,2,5218
15000,A2,0.14993748415245464,32,False,0.0,0.0,0,0.0,False,3,5219
15000,A2,0.0,31,False,0.0,0.0,0,0.0,False,4,5220
15000,A2,0.0,31,False,0.0,0.0,0,0.0,False,5,5221
15000,A2,0.22816752591514264,32,False,0.0,0.0,0,0.0,False,6,5222
15000,A2,0.0,30,False,0.0,0.0,0,0.0,False,7,5223
15000,A2,0.0,31,False,0.0,0.0,0,0.0,False,8,5224
15000,A2,0.1494394439925445,32,False,0.0,0.0,0,0.0,False,9,5225
15000,A2,0.0,31,False,0.0,0.0,0,0.0,False,10,5226
15000,A2,0.0,31,False,0.0,0.0,0,0.0,False,11,5227
15000,A2,0.0,31,False,0.0,0.0,0,0.0,False,12,5228
15000,A2,0.0,31,False,0.0,0.0,0,0.0,False,13,5229
15000,A2,0.14231199922036192,32,False,0.0,0.0,0,0.0,False,14,5230
15000,A2,0.0,30,False,0.0,0.0,0,0.0,False,15,5231
15500,A2,0.0,31,False,0.0,0.0,0,0.0,False,0,5216
15500,A2,0.0,31,False,0.0,0.0,0,0.0,False,1,5217
15500,A2,0.14709352320534613,32,False,0.0,0.0,0,0.0,False,2,5218
15500,A2,0.0,31,False,0.0,0.0,0,0.0,False,3,5219
15500,A2,0.0,29,False,0.0,0.0,0,0.0,False,4,5220
15500,A2,0.15277407177733432,32,False,0.0,0.0,0,0.0,False,5,5221
15500,A2,0.0,31,False,0.0,0.0,0,0.0,False,6,5222
15500,A2,0.0,31,False,0.0,0.0,0,0.0,False,7,5223
15500,A2,0.14824100077657199,32,False,0.0,0.0,0,0.0,False,8,5224
15500,A2,0.1484431372507877,32,False,0.0,0.0,0,0.0,False,9,5225
15500,A2,0.10557080627687257,32,False,0.0,0.0,0,0.0,False,10,5226
15500,A2,0.0,30,False,0.0,0.0,0,0.0,False,11,5227
15500,A2,0.0,31,False,0.0,0.0,0,0.0,False,12,5228
15500,A2,0.0,29,False,0.0,0.0,0,0.0,False,13,5229
15500,A2,0.09783073979947597,32,False,0.0,0.0,0,0.0,False,14,5230
15500,A2,0.0,31,False,0.0,0.0,0,0.0,False,15,5231
16000,A2,0.18381964660901953,32,False,0.0,0.0,0,0.0,False,0,5216
16000,A2,0.0,30,False,0.0,0.0,0,0.0,False,1,5217
16000,A2,0.115408655144527,32,False,0.0,0.0,0,0.0,False,2,5218
16000,A2,0.0,31,False,0.0,0.0,0,0.0,False,3,5219
16000,A2,0.0,31,False,0.0,0.0,0,0.0,False,4,5220
16000,A2,0.0,31,False,0.0,0.0,0,0.0,False,5,5221
16000,A2,0.31479482771728806,32,False,0.0,0.0,0,0.0,False,6,5222
16000,A2,0.0,31,False,0.0,0.0,0,0.0,False,7,5223
16000,A2,0.0,31,False,0.0,0.0,0,0.0,False,8,5224
16000,A2,0.11388702881946575,32,False,0.0,0.0,0,0.0,False,9,5225
16000,A2,0.10526715557856856,32,False,0.0,0.0,0,0.0,False,10,5226
16000,A2,0.0,30,False,0.0,0.0,0,0.0,False,11,5227
16000,A2,0.2023797224487625,32,False,0.0,0.0,0,0.0,False,12,5228
16000,A2,0.0,31,False,0.0,0.0,0,0.0,False,13,5229
16000,A2,0.11070203176299913,32,False,0.0,0.0,0,0.0,False,14,5230
16000,A2,0.0,30,False,0.0,0.0,0,0.0,False,15,5231
16500,A2,0.0,31,False,0.0,0.0,0,0.0,False,0,5216
16500,A2,0.0,30,False,0.0,0.0,0,0.0,False,1,5217
16500,A2,0.11736392008818032,32,False,0.0,0.0,0,0.0,False,2,5218
16500,A2,0.0,31,False,0.0,0.0,0,0.0,False,3,5219
16500,A2,0.0,31,False,0.0,0.0,0,0.0,False,4,5220
16500,A2,0.0,30,False,0.0,0.0,0,0.0,False,5,5221
16500,A2,0.0,31,False,0.0,0.0,0,0.0,False,6,5222
16500,A2,0.0,31,False,0.0,0.0,0,0.0,False,7,5223
16500,A2,0.0,31,False,0.0,0.0,0,0.0,False,8,5224
16500,A2,0.13664472290203059,32,False,0.0,0.0,0,0.0,False,9,5225
16500,A2,0.0,30,False,0.0,0.0,0,0.0,False,10,5226
16500,A2,0.0,31,False,0.0,0.0,0,0.0,False,11,5227
16500,A2,0.0,31,False,0.0,0.0,0,0.0,False,12,5228
16500,A2,0.0,30,False,0.0,0.0,0,0.0,False,13,5229
16500,A2,0.0,31,False,0.0,0.0,0,0.0,False,14,5230
16500,A2,0.0,29,False,0.0,0.0,0,0.0,False,15,5231
17000,A2,0.23387547143056123,32,False,0.0,0.0,0,0.0,False,0,5216
17000,A2,0.0,28,False,0.0,0.0,0,0.0,False,1,5217
17000,A2,0.1030026500934678,32,False,0.0,0.0,0,0.0,False,2,5218
17000,A2,0.1835503612656375,32,False,0.0,0.0,0,0.0,False,3,5219
17000,A2,0.0,31,False,0.0,0.0,0,0.0,False,4,5220
17000,A2,0.0,31,False,0.0,0.0,0,0.0,False,5,5221
17000,A2,0.12806383603640203,32,False,0.0,0.0,0,0.0,False,6,5222
17000,A2,0.0,31,False,0.0,0.0,0,0.0,False,7,5223
17000,A2,0.0,31,False,0.0,0.0,0,0.0,False,8,5224
17000,A2,0.11570264315306067,32,False,0.0,0.0,0,0.0,False,9,5225
17000,A2,0.14827035713582737,32,False,0.0,0.0,0,0.0,False,10,5226
17000,A2,0.0,30,False,0.0,0.0,0,0.0,False,11,5227
17000,A2,0.0,31,False,0.0,0.0,0,0.0,False,12,5228
17000,A2,0.0,31,False,0.0,0.0,0,0.0,False,13,5229
17000,A2,0.11804719934739655,32,False,0.0,0.0,0,0.0,False,14,5230
17000,A2,0.0,29,False,0.0,0.0,0,0.0,False,15,5231
17500,A2,0.0,30,False,0.0,0.0,0,0.0,False,0,5216
17500,A2,0.0,30,False,0.0,0.0,0,0.0,False,1,5217
17500,A2,0.0,31,False,0.0,0.0,0,0.0,False,2,5218
17500,A2,0.1598330274805543,32,False,0.0,0.0,0,0.0,False,3,5219
17500,A2,0.1543826733978194,32,False,0.0,0.0,0,0.0,False,4,5220
17500,A2,0.0,31,False,0.0,0.0,0,0.0,False,5,5221
17500,A2,0.0,30,False,0.0,0.0,0,0.0,False,6,5222
17500,A2,0.0,31,False,0.0,0.0,0,0.0,False,7,5223
17500,A2,0.1169676896247021,32,False,0.0,0.0,0,0.0,False,8,5224
17500,A2,0.11538162177673224,32,False,0.0,0.0,0,0.0,False,9,5225
17500,A2,0.0,30,False,0.0,0.0,0,0.0,False,10,5226
17500,A2,0.0,29,False,0.0,0.0,0,0.0,False,11,5227
17500,A2,0.0,31,False,0.0,0.0,0,0.0,False,12,5228
17500,A2,0.0,30,False,0.0,0.0,0,0.0,False,13,5229
17500,A2,0.0,31,False,0.0,0.0,0,0.0,False,14,5230
17500,A2,0.0,30,False,0.0,0.0,0,0.0,False,15,5231
18000,A2,0.166305787118716,32,False,0.0,0.0,0,0.0,False,0,5216
18000,A2,0.0,30,False,0.0,0.0,0,0.0,False,1,5217
18000,A2,0.13725854377262872,32,False,0.0,0.0,0,0.0,False,2,5218
18000,A2,0.19644043912973738,32,False,0.0,0.0,0,0.0,False,3,5219
18000,A2,0.155024184231067,32,False,0.0,0.0,0,0.0,False,4,5220
18000,A2,0.10770791302128215,32,False,0.0,0.0,0,0.0,False,5,5221
18000,A2,0.0,31,False,0.0,0.0,0,0.0,False,6,5222
18000,A2,0.12463356161738191,32,False,0.0,0.0,0,0.0,False,7,5223
18000,A2,0.0,31,False,0.0,0.0,0,0.0,False,8,5224
18000,A2,0.0,30,False,0.0,0.0,0,0.0,False,9,5225
18000,A2,0.1556239072257319,32,False,0.0,0.0,0,0.0,False,10,5226
18000,A2,0.0,31,False,0.0,0.0,0,0.0,False,11,5227
18000,A2,0.0,30,False,0.0,0.0,0,0.0,False,12,5228
18000,A2,0.0,31,False,0.0,0.0,0,0.0,False,13,5229
18000,A2,0.11782073793161901,32,False,0.0,0.0,0,0.0,False,14,5230
18000,A2,0.0,30,False,0.0,0.0,0,0.0,False,15,5231
18500,A2,0.19121641506344728,32,False,0.0,0.0,0,0.0,False,0,5216
18500,A2,0.0,29,False,0.0,0.0,0,0.0,False,1,5217
18500,A2,0.07757066679506924,32,False,0.0,0.0,0,0.0,False,2,5218
18500,A2,0.10925334637736658,32,False,0.0,0.0,0,0.0,False,3,5219
18500,A2,0.0,30,False,0.0,0.0,0,0.0,False,4,5220
18500,A2,0.0,31,False,0.0,0.0,0,0.0,False,5,5221
18500,A2,0.2109570845233986,32,False,0.0,0.0,0,0.0,False,6,5222
18500,A2,0.1563895336828231,32,False,0.0,0.0,0,0.0,False,7,5223
18500,A2,0.1662239821898197,32,False,0.0,0.0,0,0.0,False,8,5224
18500,A2,0.10537948633520063,32,False,0.0,0.0,0,0.0,False,9,5225
18500,A2,0.09154826138603156,32,False,0.0,0.0,0,0.0,False,10,5226
18500,A2,0.0,31,False,0.0,0.0,0,0.0,False,11,5227
18500,A2,0.0,30,False,0.0,0.0,0,0.0,False,12,5228
18500,A2,0.0,31,False,0.0,0.0,0,0.0,False,13,5229
18500,A2,0.08560764202884552,32,False,0.0,0.0,0,0.0,False,14,5230
18500,A2,0.0,28,False,0.0,0.0,0,0.0,False,15,5231
19000,A2,0.15113216048400635,32,False,0.0,0.0,0,0.0,False,0,5216
19000,A2,0.0,30,False,0.0,0.0,0,0.0,False,1,5217
19000,A2,0.10264592160410431,32,False,0.0,0.0,0,0.0,False,2,5218
19000,A2,0.0,31,False,0.0,0.0,0,0.0,False,3,5219
19000,A2,0.0,31,False,0.0,0.0,0,0.0,False,4,5220
19000,A2,0.09551966088688689,32,False,0.0,0.0,0,0.0,False,5,5221
19000,A2,0.0,31,False,0.0,0.0,0,0.0,False,6,5222
19000,A2,0.0,31,False,0.0,0.0,0,0.0,False,7,5223
19000,A2,0.18566365912814423,32,False,0.0,0.0,0,0.0,False,8,5224
19000,A2,0.11074006177243902,32,False,0.0,0.0,0,0.0,False,9,5225
19000,A2,0.0,31,False,0.0,0.0,0,0.0,False,10,5226
19000,A2,0.0,31,False,0.0,0.0,0,0.0,False,11,5227
19000,A2,0.0,31,False,0.0,0.0,0,0.0,False,12,5228
19000,A2,0.16957136984129478,32,False,0.0,0.0,0,0.0,False,13,5229
19000,A2,0.07521874645114836,32,False,0.0,0.0,0,0.0,False,14,5230
19000,A2,0.0,31,False,0.0,0.0,0,0.0,False,15,5231
19500,A2,0.1920904161189886,32,False,0.0,0.0,0,0.0,False,0,5216
19500,A2,0.0,30,False,0.0,0.0,0,0.0,False,1,5217
19500,A2,0.0,31,False,0.0,0.0,0,0.0,False,2,5218
19500,A2,0.14118796374701528,32,False,0.0,0.0,0,0.0,False,3,5219
19500,A2,0.12152384416615089,32,False,0.0,0.0,0,0.0,False,4,5220
19500,A2,0.10148473414339086,32,False,0.0,0.0,0,0.0,False,5,5221
19500,A2,0.2049504657738728,32,False,0.0,0.0,0,0.0,False,6,5222
19500,A2,0.132750564937604,32,False,0.0,0.0,0,0.0,False,7,5223
19500,A2,0.11145205644008241,32,False,0.0,0.0,0,0.0,False,8,5224
19500,A2,0.19060615926902283,32,False,0.0,0.0,0,0.0,False,9,5225
19500,A2,0.0,31,False,0.0,0.0,0,0.0,False,10,5226
19500,A2,0.0,31,False,0.0,0.0,0,0.0,False,11,5227
19500,A2,0.0,30,False,0.0,0.0,0,0.0,False,12,5228
19500,A2,0.138890124600137,32,False,0.0,0.0,0,0.0,False,13,5229
19500,A2,0.04839915861026218,32,False,0.0,0.0,0,0.0,False,14,5230
19500,A2,0.0,29,False,0.0,0.0,0,0.0,False,15,5231
20000,A2,0.0,31,False,0.0,0.0,0,0.0,False,0,5216
20000,A2,0.0,30,False,0.0,0.0,0,0.0,False,1,5217
20000,A2,0.0,31,False,0.0,0.0,0,0.0,False,2,5218
20000,A2,0.14087831695831834,32,False,0.0,0.0,0,0.0,False,3,5219
20000,A2,0.0,30,False,0.0,0.0,0,0.0,False,4,5220
20000,A2,0.0,30,False,0.0,0.0,0,0.0,False,5,5221
20000,A2,0.0,31,False,0.0,0.0,0,0.0,False,6,5222
20000,A2,0.0,30,False,0.0,0.0,0,0.0,False,7,5223
20000,A2,0.0,31,False,0.0,0.0,0,0.0,False,8,5224
20000,A2,0.16082952669211728,32,False,0.0,0.0,0,0.0,False,9,5225
20000,A2,0.15738501263231852,32,False,0.0,0.0,0,0.0,False,10,5226
20000,A2,0.0,30,False,0.0,0.0,0,0.0,False,11,5227
20000,A2,0.0,31,False,0.0,0.0,0,0.0,False,12,5228
20000,A2,0.0,29,False,0.0,0.0,0,0.0,False,13,5229
20000,A2,0.12743430364867103,32,False,0.0,0.0,0,0.0,False,14,5230
20000,A2,0.0,30,False,0.0,0.0,0,0.0,False,15,5231
20500,A2,0.0,31,False,0.0,0.0,0,0.0,False,0,5216
20500,A2,0.0,31,False,0.0,0.0,0,0.0,False,1,5217
20500,A2,0.11476906571049572,32,False,0.0,0.0,0,0.0,False,2,5218
20500,A2,0.0,30,False,0.0,0.0,0,0.0,False,3,5219
20500,A2,0.0,30,False,0.0,0.0,0,0.0,False,4,5220
20500,A2,0.0973088970715741,32,False,0.0,0.0,0,0.0,False,5,5221
20500,A2,0.0,31,False,0.0,0.0,0,0.0,False,6,5222
20500,A2,0.1315795032527509,32,False,0.0,0.0,0,0.0,False,7,5223
20500,A2,0.17250646556048915,32,False,0.0,0.0,0,0.0,False,8,5224
20500,A2,0.11212104047424053,32,False,0.0,0.0,0,0.0,False,9,5225
20500,A2,0.09098217123394318,32,False,0.0,0.0,0,0.0,False,10,5226
20500,A2,0.13039981415241775,32,False,0.0,0.0,0,0.0,False,11,5227
20500,A2,0.0,31,False,0.0,0.0,0,0.0,False,12,5228
20500,A2,0.0,31,False,0.0,0.0,0,0.0,False,13,5229
20500,A2,0.09693332568770677,32,False,0.0,0.0,0,0.0,False,14,5230
20500,A2,0.0,31,False,0.0,0.0,0,0.0,False,15,5231
21000,A2,0.15707681824337927,32,False,0.0,0.0,0,0.0,False,0,5216
21000,A2,0.0,30,False,0.0,0.0,0,0.0,False,1,5217
21000,A2,0.0,31,False,0.0,0.0,0,0.0,False,2,5218
21000,A2,0.16256704161465158,32,False,0.0,0.0,0,0.0,False,3,5219
21000,A2,0.0,31,False,0.0,0.0,0,0.0,False,4,5220
21000,A2,0.09471128502981653,32,False,0.0,0.0,0,0.0,False,5,5221
21000,A2,0.2548471129410821,32,False,0.0,0.0,0,0.0,False,6,5222
21000,A2,0.13215386301290824,32,False,0.0,0.0,0,0.0,False,7,5223
21000,A2,0.11501491266498176,32,False,0.0,0.0,0,0.0,False,8,5224
21000,A2,0.10874835614766835,32,False,0.0,0.0,0,0.0,False,9,5225
21000,A2,0.0,31,False,0.0,0.0,0,0.0,False,10,5226
21000,A2,0.15674318447290406,32,False,0.0,0.0,0,0.0,False,11,5227
21000,A2,0.0,31,False,0.0,0.0,0,0.0,False,12,5228
21000,A2,0.10544262960916148,32,False,0.0,0.0,0,0.0,False,13,5229
21000,A2,0.09847274028862703,32,False,0.0,0.0,0,0.0,False,14,5230
21000,A2,0.15535978975596257,32,False,0.0,0.0,0,0.0,False,15,5231
21500,A2,0.13878574204066763,32,False,0.0,0.0,0,0.0,False,0,5216
21500,A2,0.24208384270480965,32,False,0.0,0.0,0,0.0,False,1,5217
21500,A2,0.11133237207264586,32,False,0.0,0.0,0,0.0,False,2,5218
21500,A2,0.0,31,False,0.0,0.0,0,0.0,False,3,5219
21500,A2,0.19731519137425085,32,False,0.0,0.0,0,0.0,False,4,5220
21500,A2,0.09048091945562918,32,False,0.0,0.0,0,0.0,False,5,5221
21500,A2,0.2364942791988443,32,False,0.0,0.0,0,0.0,False,6,5222
21500,A2,0.0,31,False,0.0,0.0,0,0.0,False,7,5223
21500,A2,0.17576581540361316,32,False,0.0,0.0,0,0.0,False,8,5224
21500,A2,0.09114756334723427,32,False,0.0,0.0,0,0.0,False,9,5225
21500,A2,0.13354801518035148,32,False,0.0,0.0,0,0.0,False,10,5226
21500,A2,0.0,31,False,0.0,0.0,0,0.0,False,11,5227
21500,A2,0.0,31,False,0.0,0.0,0,0.0,False,12,5228
21500,A2,0.0,30,False,0.0,0.0,0,0.0,False,13,5229
21500,A2,0.1084369438569298,32,False,0.0,0.0,0,0.0,False,14,5230
21500,A2,0.0,30,False,0.0,0.0,0,0.0,False,15,5231
22000,A2,0.0,31,False,0.0,0.0,0,0.0,False,0,5216
22000,A2,0.0,30,False,0.0,0.0,0,0.0,False,1,5217
22000,A2,0.1669659559618155,32,False,0.0,0.0,0,0.0,False,2,5218
22000,A2,0.0,31,False,0.0,0.0,0,0.0,False,3,5219
22000,A2,0.0,31,False,0.0,0.0,0,0.0,False,4,5220
22000,A2,0.0991769345924728,32,False,0.0,0.0,0,0.0,False,5,5221
22000,A2,0.0,31,False,0.0,0.0,0,0.0,False,6,5222
22000,A2,0.0,31,False,0.0,0.0,0,0.0,False,7,5223
22000,A2,0.0,31,False,0.0,0.0,0,0.0,False,8,5224
22000,A2,0.11460557747710838,32,False,0.0,0.0,0,0.0,False,9,5225
22000,A2,0.0,31,False,0.0,0.0,0,0.0,False,10,5226
22000,A2,0.13538643738266598,32,False,0.0,0.0,0,0.0,False,11,5227
22000,A2,0.18870830517367768,32,False,0.0,0.0,0,0.0,False,12,5228
22000,A2,0.0593821182482847,32,False,0.0,0.0,0,0.0,False,13,5229
22000,A2,0.11213066750771154,32,False,0.0,0.0,0,0.0,False,14,5230
22000,A2,0.0,31,False,0.0,0.0,0,0.0,False,15,5231
22500,A2,0.17080075399779343,32,False,0.0,0.0,0,0.0,False,0,5216
22500,A2,0.0,31,False,0.0,0.0,0,0.0,False,1,5217
22500,A2,0.09599717741107043,32,False,0.0,0.0,0,0.0,False,2,5218
22500,A2,0.1705232677817563,32,False,0.0,0.0,0,0.0,False,3,5219
22500,A2,0.0,31,False,0.0,0.0,0,0.0,False,4,5220
22500,A2,0.11986293831143122,32,False,0.0,0.0,0,0.0,False,5,5221
22500,A2,0.29176944010896777,32,False,0.0,0.0,0,0.0,False,6,5222
22500,A2,0.0,30,False,0.0,0.0,0,0.0,False,7,5223
22500,A2,0.1441292939335682,32,False,0.0,0.0,0,0.0,False,8,5224
22500,A2,0.111881645443095,32,False,0.0,0.0,0,0.0,False,9,5225
22500,A2,0.11488142820489855,32,False,0.0,0.0,0,0.0,False,10,5226
22500,A2,0.0,31,False,0.0,0.0,0,0.0,False,11,5227
22500,A2,0.0,31,False,0.0,0.0,0,0.0,False,12,5228
22500,A2,0.0,31,False,0.0,0.0,0,0.0,False,13,5229
22500,A2,0.0782401789963873,32,False,0.0,0.0,0,0.0,False,14,5230
22500,A2,0.0,30,False,0.0,0.0,0,0.0,False,15,5231
23000,A2,0.0,31,False,0.0,0.0,0,0.0,False,0,5216
23000,A2,0.0,31,False,0.0,0.0,0,0.0,False,1,5217
23000,A2,0.0,31,False,0.0,0.0,0,0.0,False,2,5218
23000,A2,0.10506337607842436,32,False,0.0,0.0,0,0.0,False,3,5219
23000,A2,0.17345823128125804,32,False,0.0,0.0,0,0.0,False,4,5220
23000,A2,0.06610692042794004,32,False,0.0,0.0,0,0.0,False,5,5221
23000,A2,0.2518664415509007,32,False,0.0,0.0,0,0.0,False,6,5222
23000,A2,0.17676140006912017,32,False,0.0,0.0,0,0.0,False,7,5223
23000,A2,0.152146457743306,32,False,0.0,0.0,0,0.0,False,8,5224
23000,A2,0.0,31,False,0.0,0.0,0,0.0,False,9,5225
23000,A2,0.14403146777924597,32,False,0.0,0.0,0,0.0,False,10,5226
23000,A2,0.11599943804635177,32,False,0.0,0.0,0,0.0,False,11,5227
23000,A2,0.0,30,False,0.0,0.0,0,0.0,False,12,5228
23000,A2,0.13989558388122567,32,False,0.0,0.0,0,0.0,False,13,5229
23000,A2,0.10883753054020551,32,False,0.0,0.0,0,0.0,False,14,5230
23000,A2,0.0,30,False,0.0,0.0,0,0.0,False,15,5231
23500,A2,0.0,31,False,0.0,0.0,0,0.0,False,0,5216
23500,A2,0.0,31,False,0.0,0.0,0,0.0,False,1,5217
23500,A2,0.14527019393767562,32,False,0.0,0.0,0,0.0,False,2,5218
23500,A2,0.1475791634104136,32,False,0.0,0.0,0,0.0,False,3,5219
23500,A2,0.0,30,False,0.0,0.0,0,0.0,False,4,5220
23500,A2,0.0,31,False,0.0,0.0,0,0.0,False,5,5221
23500,A2,0.0,31,False,0.0,0.0,0,0.0,False,6,5222
23500,A2,0.11386654149401569,32,False,0.0,0.0,0,0.0,False,7,5223
23500,A2,0.12209581319523155,32,False,0.0,0.0,0,0.0,False,8,5224
23500,A2,0.0,29,False,0.0,0.0,0,0.0,False,9,5225
23500,A2,0.10762421282714577,32,False,0.0,0.0,0,0.0,False,10,5226
23500,A2,0.0,31,False,0.0,0.0,0,0.0,False,11,5227
23500,A2,0.20085191478102438,32,False,0.0,0.0,0,0.0,False,12,5228
23500,A2,0.07736117439371859,32,False,0.0,0.0,0,0.0,False,13,5229
23500,A2,0.10894752446984152,32,False,0.0,0.0,0,0.0,False,14,5230
23500,A2,0.14557709165832192,32,False,0.0,0.0,0,0.0,False,15,5231
24000,A2,0.1484115882986516,32,False,0.0,0.0,0,0.0,False,0,5216
24000,A2,0.0,30,False,0.0,0.0,0,0.0,False,1,5217
24000,A2,0.0,31,False,0.0,0.0,0,0.0,False,2,5218
24000,A2,0.16898244993629372,32,False,0.0,0.0,0,0.0,False,3,5219
24000,A2,0.0,31,False,0.0,0.0,0,0.0,False,4,5220
24000,A2,0.0,31,False,0.0,0.0,0,0.0,False,5,5221
24000,A2,0.2268270548745689,32,False,0.0,0.0,0,0.0,False,6,5222
24000,A2,0.0,31,False,0.0,0.0,0,0.0,False,7,5223
24000,A2,0.1618065649784193,32,False,0.0,0.0,0,0.0,False,8,5224
24000,A2,0.12071700255376645,32,False,0.0,0.0,0,0.0,False,9,5225
24000,A2,0.0,31,False,0.0,0.0,0,0.0,False,10,5226
24000,A2,0.11121671384616662,32,False,0.0,0.0,0,0.0,False,11,5227
24000,A2,0.0,31,False,0.0,0.0,0,0.0,False,12,5228
24000,A2,0.13007675890520234,32,False,0.0,0.0,0,0.0,False,13,5229
24000,A2,0.0,31,False,0.0,0.0,0,0.0,False,14,5230
24000,A2,0.0,30,False,0.0,0.0,0,0.0,False,15,5231
24500,A2,0.10715485565624946,32,False,0.0,0.0,0,0.0,False,0,5216
24500,A2,0.21861664183268822,32,False,0.0,0.0,0,0.0,False,1,5217
24500,A2,0.13942374803169136,32,False,0.0,0.0,0,0.0,False,2,5218
24500,A2,0.0,31,False,0.0,0.0,0,0.0,False,3,5219
24500,A2,0.0,30,False,0.0,0.0,0,0.0,False,4,5220
24500,A2,0.08558573541182637,32,False,0.0,0.0,0,0.0,False,5,5221
24500,A2,0.2797889721367651,32,False,0.0,0.0,0,0.0,False,6,5222
24500,A2,0.0,31,False,0.0,0.0,0,0.0,False,7,5223
24500,A2,0.1571535697897877,32,False,0.0,0.0,0,0.0,False,8,5224
24500,A2,0.14810556420796864,32,False,0.0,0.0,0,0.0,False,9,5225
24500,A2,0.0,30,False,0.0,0.0,0,0.0,False,10,5226
24500,A2,0.0,31,False,0.0,0.0,0,0.0,False,11,5227
24500,A2,0.0,31,False,0.0,0.0,0,0.0,False,12,5228
24500,A2,0.0,31,False,0.0,0.0,0,0.0,False,13,5229
24500,A2,0.0,31,False,0.0,0.0,0,0.0,False,14,5230
24500,A2,0.0,31,False,0.0,0.0,0,0.0,False,15,5231
25000,A2,0.14721920724853665,32,False,0.0,0.0,0,0.0,False,0,5216
25000,A2,0.2931089186428248,32,False,0.0,0.0,0,0.0,False,1,5217
25000,A2,0.13086922395371156,32,False,0.0,0.0,0,0.0,False,2,5218
25000,A2,0.0,31,False,0.0,0.0,0,0.0,False,3,5219
25000,A2,0.0,31,False,0.0,0.0,0,0.0,False,4,5220
25000,A2,0.13850572270341416,32,False,0.0,0.0,0,0.0,False,5,5221
25000,A2,0.23699608306290884,32,False,0.0,0.0,0,0.0,False,6,5222
25000,A2,0.0,30,False,0.0,0.0,0,0.0,False,7,5223
25000,A2,0.190132739052751,32,False,0.0,0.0,0,0.0,False,8,5224
25000,A2,0.13032524752220181,32,False,0.0,0.0,0,0.0,False,9,5225
25000,A2,0.09502389374415504,32,False,0.0,0.0,0,0.0,False,10,5226
25000,A2,0.0,31,False,0.0,0.0,0,0.0,False,11,5227
25000,A2,0.0,31,False,0.0,0.0,0,0.0,False,12,5228
25000,A2,0.10886279611240075,32,False,0.0,0.0,0,0.0,False,13,5229
25000,A2,0.0998025673545086,32,False,0.0,0.0,0,0.0,False,14,5230
25000,A2,0.0,31,False,0.0,0.0,0,0.0,False,15,5231
25500,A2,0.0,31,False,0.0,0.0,0,0.0,False,0,5216
25500,A2,0.0,31,False,0.0,0.0,0,0.0,False,1,5217
25500,A2,0.11100187509648712,32,False,0.0,0.0,0,0.0,False,2,5218
25500,A2,0.166805288044364,32,False,0.0,0.0,0,0.0,False,3,5219
25500,A2,0.0,30,False,0.0,0.0,0,0.0,False,4,5220
25500,A2,0.10730185666984479,32,False,0.0,0.0,0,0.0,False,5,5221
25500,A2,0.19972734213690493,32,False,0.0,0.0,0,0.0,False,6,5222
25500,A2,0.0,31,False,0.0,0.0,0,0.0,False,7,5223
25500,A2,0.14693952247435368,32,False,0.0,0.0,0,0.0,False,8,5224
25500,A2,0.07777067476434678,32,False,0.0,0.0,0,0.0,False,9,5225
25500,A2,0.11233648431959656,32,False,0.0,0.0,0,0.0,False,10,5226
25500,A2,0.0,29,False,0.0,0.0,0,0.0,False,11,5227
25500,A2,0.0,30,False,0.0,0.0,0,0.0,False,12,5228
25500,A2,0.12254649932571167,32,False,0.0,0.0,0,0.0,False,13,5229
25500,A2,0.07316382316518016,32,False,0.0,0.0,0,0.0,False,14,5230
25500,A2,0.0,31,False,0.0,0.0,0,0.0,False,15,5231
26000,A2,0.14628218819242073,32,False,0.0,0.0,0,0.0,False,0,5216
26000,A2,0.0,29,False,0.0,0.0,0,0.0,False,1,5217
26000,A2,0.0,31,False,0.0,0.0,0,0.0,False,2,5218
26000,A2,0.0,30,False,0.0,0.0,0,0.0,False,3,5219
26000,A2,0.0,31,False,0.0,0.0,0,0.0,False,4,5220
26000,A2,0.0,31,False,0.0,0.0,0,0.0,False,5,5221
26000,A2,0.18025411435913472,32,False,0.0,0.0,0,0.0,False,6,5222
26000,A2,0.1701998040809134,32,False,0.0,0.0,0,0.0,False,7,5223
26000,A2,0.1148426741302527,32,False,0.0,0.0,0,0.0,False,8,5224
26000,A2,0.0,31,False,0.0,0.0,0,0.0,False,9,5225
26000,A2,0.09597306426178638,32,False,0.0,0.0,0,0.0,False,10,5226
26000,A2,0.0,31,False,0.0,0.0,0,0.0,False,11,5227
26000,A2,0.19634052184597078,32,False,0.0,0.0,0,0.0,False,12,5228
26000,A2,0.0,31,False,0.0,0.0,0,0.0,False,13,5229
26000,A2,0.048360475766279956,32,False,0.0,0.0,0,0.0,False,14,5230
26000,A2,0.0,30,False,0.0,0.0,0,0.0,False,15,5231
26500,A2,0.0,31,False,0.0,0.0,0,0.0,False,0,5216
26500,A2,0.0,29,False,0.0,0.0,0,0.0,False,1,5217
26500,A2,0.0,31,False,0.0,0.0,0,0.0,False,2,5218
26500,A2,0.0,31,False,0.0,0.0,0,0.0,False,3,5219
26500,A2,0.0,30,False,0.0,0.0,0,0.0,False,4,5220
26500,A2,0.09511879651539058,32,False,0.0,0.0,0,0.0,False,5,5221
26500,A2,0.22236107721539342,32,False,0.0,0.0,0,0.0,False,6,5222
26500,A2,0.0756083624104468,32,False,0.0,0.0,0,0.0,False,7,5223
26500,A2,0.18015438146348078,32,False,0.0,0.0,0,0.0,False,8,5224
26500,A2,0.13460042591934934,32,False,0.0,0.0,0,0.0,False,9,5225
26500,A2,0.12475426193796157,32,False,0.0,0.0,0,0.0,False,10,5226
26500,A2,0.1403150301227022,32,False,0.0,0.0,0,0.0,False,11,5227
26500,A2,0.17922475496186163,32,False,0.0,0.0,0,0.0,False,12,5228
26500,A2,0.0,30,False,0.0,0.0,0,0.0,False,13,5229
26500,A2,0.1229371832905961,32,False,0.0,0.0,0,0.0,False,14,5230
26500,A2,0.0,31,False,0.0,0.0,0,0.0,False,15,5231
27000,A2,0.0,31,False,0.0,0.0,0,0.0,False,0,5216
27000,A2,0.21658625648598687,32,False,0.0,0.0,0,0.0,False,1,5217
27000,A2,0.0,31,False,0.0,0.0,0,0.0,False,2,5218
27000,A2,0.1255381897089655,32,False,0.0,0.0,0,0.0,False,3,5219
27000,A2,0.0,31,False,0.0,0.0,0,0.0,False,4,5220
27000,A2,0.0,31,False,0.0,0.0,0,0.0,False,5,5221
27000,A2,0.0,31,False,0.0,0.0,0,0.0,False,6,5222
27000,A2,0.1306407055125696,32,False,0.0,0.0,0,0.0,False,7,5223
27000,A2,0.1641293854290374,32,False,0.0,0.0,0,0.0,False,8,5224
27000,A2,0.0,31,False,0.0,0.0,0,0.0,False,9,5225
27000,A2,0.0,31,False,0.0,0.0,0,0.0,False,10,5226
27000,A2,0.1131951355050887,32,False,0.0,0.0,0,0.0,False,11,5227
27000,A2,0.0,31,False,0.0,0.0,0,0.0,False,12,5228
27000,A2,0.0,30,False,0.0,0.0,0,0.0,False,13,5229
27000,A2,0.08925906982323703,32,False,0.0,0.0,0,0.0,False,14,5230
27000,A2,0.0,30,False,0.0,0.0,0,0.0,False,15,5231
27500,A2,0.0,31,False,0.0,0.0,0,0.0,False,0,5216
27500,A2,0.0,29,False,0.0,0.0,0,0.0,False,1,5217
27500,A2,0.1394486987572072,32,False,0.0,0.0,0,0.0,False,2,5218
27500,A2,0.0,31,False,0.0,0.0,0,0.0,False,3,5219
27500,A2,0.0,31,False,0.0,0.0,0,0.0,False,4,5220
27500,A2,0.17023171298523293,32,False,0.0,0.0,0,0.0,False,5,5221
27500,A2,0.2068536256121628,32,False,0.0,0.0,0,0.0,False,6,5222
27500,A2,0.14250783560858643,32,False,0.0,0.0,0,0.0,False,7,5223
27500,A2,0.11078790902393876,32,False,0.0,0.0,0,0.0,False,8,5224
27500,A2,0.11799784697381314,32,False,0.0,0.0,0,0.0,False,9,5225
27500,A2,0.12499260728019897,32,False,0.0,0.0,0,0.0,False,10,5226
27500,A2,0.0,31,False,0.0,0.0,0,0.0,False,11,5227
27500,A2,0.0,31,False,0.0,0.0,0,0.0,False,12,5228
27500,A2,0.0,31,False,0.0,0.0,0,0.0,False,13,5229
27500,A2,0.09207774868626657,32,False,0.0,0.0,0,0.0,False,14,5230
27500,A2,0.0,28,False,0.0,0.0,0,0.0,False,15,5231
28000,A2,0.13270753969094606,32,False,0.0,0.0,0,0.0,False,0,5216
28000,A2,0.0,30,False,0.0,0.0,0,0.0,False,1,5217
28000,A2,0.08836669219297144,32,False,0.0,0.0,0,0.0,False,2,5218
28000,A2,0.11511264329432444,32,False,0.0,0.0,0,0.0,False,3,5219
28000,A2,0.1456112960030327,32,False,0.0,0.0,0,0.0,False,4,5220
28000,A2,0.0,31,False,0.0,0.0,0,0.0,False,5,5221
28000,A2,0.19077946949766922,32,False,0.0,0.0,0,0.0,False,6,5222
28000,A2,0.15058163820359755,32,False,0.0,0.0,0,0.0,False,7,5223
28000,A2,0.127485251813567,32,False,0.0,0.0,0,0.0,False,8,5224
28000,A2,0.12166367632143978,32,False,0.0,0.0,0,0.0,False,9,5225
28000,A2,0.09742099269415488,32,False,0.0,0.0,0,0.0,False,10,5226
28000,A2,0.0,31,False,0.0,0.0,0,0.0,False,11,5227
28000,A2,0.2195170831830828,32,False,0.0,0.0,0,0.0,False,12,5228
28000,A2,0.0,30,False,0.0,0.0,0,0.0,False,13,5229
28000,A2,0.15247590802429462,32,False,0.0,0.0,0,0.0,False,14,5230
28000,A2,0.0,30,False,0.0,0.0,0,0.0,False,15,5231
28500,A2,0.1074386456535661,32,False,0.0,0.0,0,0.0,False,0,5216
28500,A2,0.0,30,False,0.0,0.0,0,0.0,False,1,5217
28500,A2,0.06765847531122333,32,False,0.0,0.0,0,0.0,False,2,5218
28500,A2,0.09748545696169353,32,False,0.0,0.0,0,0.0,False,3,5219
28500,A2,0.0,31,False,0.0,0.0,0,0.0,False,4,5220
28500,A2,0.14906658946293233,32,False,0.0,0.0,0,0.0,False,5,5221
28500,A2,0.0,31,False,0.0,0.0,0,0.0,False,6,5222
28500,A2,0.11988355881253614,32,False,0.0,0.0,0,0.0,False,7,5223
28500,A2,0.0,31,False,0.0,0.0,0,0.0,False,8,5224
28500,A2,0.0,31,False,0.0,0.0,0,0.0,False,9,5225
28500,A2,0.0,31,False,0.0,0.0,0,0.0,False,10,5226
28500,A2,0.0,30,False,0.0,0.0,0,0.0,False,11,5227
28500,A2,0.0,31,False,0.0,0.0,0,0.0,False,12,5228
28500,A2,0.0,31,False,0.0,0.0,0,0.0,False,13,5229
28500,A2,0.06337821790975459,32,False,0.0,0.0,0,0.0,False,14,5230
28500,A2,0.0,31,False,0.0,0.0,0,0.0,False,15,5231
29000,A2,0.0,31,False,0.0,0.0,0,0.0,False,0,5216
29000,A2,0.0,30,False,0.0,0.0,0,0.0,False,1,5217
29000,A2,0.0,31,False,0.0,0.0,0,0.0,False,2,5218
29000,A2,0.11421550534240608,32,False,0.0,0.0,0,0.0,False,3,5219
29000,A2,0.0,31,False,0.0,0.0,0,0.0,False,4,5220
29000,A2,0.12061477750553297,32,False,0.0,0.0,0,0.0,False,5,5221
29000,A2,0.21830067904553074,32,False,0.0,0.0,0,0.0,False,6,5222
29000,A2,0.11933573299194787,32,False,0.0,0.0,0,0.0,False,7,5223
29000,A2,0.1396996207350343,32,False,0.0,0.0,0,0.0,False,8,5224
29000,A2,0.1592156103278449,32,False,0.0,0.0,0,0.0,False,9,5225
29000,A2,0.10164933111835611,32,False,0.0,0.0,0,0.0,False,10,5226
29000,A2,0.1000601554138282,32,False,0.0,0.0,0,0.0,False,11,5227
29000,A2,0.14164149632067477,32,False,0.0,0.0,0,0.0,False,12,5228
29000,A2,0.0,31,False,0.0,0.0,0,0.0,False,13,5229
29000,A2,0.0,31,False,0.0,0.0,0,0.0,False,14,5230
29000,A2,0.15169306160557602,32,False,0.0,0.0,0,0.0,False,15,5231
29500,A2,0.0,31,False,0.0,0.0,0,0.0,False,0,5216
29500,A2,0.0,31,False,0.0,0.0,0,0.0,False,1,5217
29500,A2,0.0,31,False,0.0,0.0,0,0.0,False,2,5218
29500,A2,0.1320537871055525,32,False,0.0,0.0,0,0.0,False,3,5219
29500,A2,0.09087042220624533,32,False,0.0,0.0,0,0.0,False,4,5220
29500,A2,0.1353360566587547,32,False,0.0,0.0,0,0.0,False,5,5221
29500,A2,0.24253445327328652,32,False,0.0,0.0,0,0.0,False,6,5222
29500,A2,0.12489776361626964,32,False,0.0,0.0,0,0.0,False,7,5223
29500,A2,0.0,31,False,0.0,0.0,0,0.0,False,8,5224
29500,A2,0.0,31,False,0.0,0.0,0,0.0,False,9,5225
29500,A2,0.06588280689320457,32,False,0.0,0.0,0,0.0,False,10,5226
29500,A2,0.11861516511537269,32,False,0.0,0.0,0,0.0,False,11,5227
29500,A2,0.0,31,False,0.0,0.0,0,0.0,False,12,5228
29500,A2,0.0,30,False,0.0,0.0,0,0.0,False,13,5229
29500,A2,0.11679027799839581,32,False,0.0,0.0,0,0.0,False,14,5230
29500,A2,0.12058349218602081,32,False,0.0,0.0,0,0.0,False,15,5231
30000,A2,0.18738023138378637,32,False,0.0,0.0,0,0.0,False,0,5216
30000,A2,0.25486717395637226,32,False,0.0,0.0,0,0.0,False,1,5217
30000,A2,0.09018809388736117,32,False,0.0,0.0,0,0.0,False,2,5218
30000,A2,0.16503674327573606,32,False,0.0,0.0,0,0.0,False,3,5219
30000,A2,0.0,31,False,0.0,0.0,0,0.0,False,4,5220
30000,A2,0.17446755698976188,32,False,0.0,0.0,0,0.0,False,5,5221
30000,A2,0.0,31,False,0.0,0.0,0,0.0,False,6,5222
30000,A2,0.0,31,False,0.0,0.0,0,0.0,False,7,5223
30000,A2,0.05463208375921646,32,False,0.0,0.0,0,0.0,False,8,5224
30000,A2,0.14182670222161847,32,False,0.0,0.0,0,0.0,False,9,5225
30000,A2,0.0,31,False,0.0,0.0,0,0.0,False,10,5226
30000,A2,0.08947217375011454,32,False,0.0,0.0,0,0.0,False,11,5227
30000,A2,0.0,31,False,0.0,0.0,0,0.0,False,12,5228
30000,A2,0.0,31,False,0.0,0.0,0,0.0,False,13,5229
30000,A2,0.0,31,False,0.0,0.0,0,0.0,False,14,5230
30000,A2,0.08888991490420056,32,False,0.0,0.0,0,0.0,False,15,5231
30500,A2,0.12924340519974076,32,False,0.0,0.0,0,0.0,False,0,5216
30500,A2,0.0,31,False,0.0,0.0,0,0.0,False,1,5217
30500,A2,0.09101441914048677,32,False,0.0,0.0,0,0.0,False,2,5218
30500,A2,0.1414177172923419,32,False,0.0,0.0,0,0.0,False,3,5219
30500,A2,0.0,31,False,0.0,0.0,0,0.0,False,4,5220
30500,A2,0.10964063562136214,32,False,0.0,0.0,0,0.0,False,5,5221
30500,A2,0.0,31,False,0.0,0.0,0,0.0,False,6,5222
30500,A2,0.13183196289241159,32,False,0.0,0.0,0,0.0,False,7,5223
30500,A2,0.14940912940919074,32,False,0.0,0.0,0,0.0,False,8,5224
30500,A2,0.12347079899022971,32,False,0.0,0.0,0,0.0,False,9,5225
30500,A2,0.09931339893048598,32,False,0.0,0.0,0,0.0,False,10,5226
30500,A2,0.17634333386482787,32,False,0.0,0.0,0,0.0,False,11,5227
30500,A2,0.20061886355362052,32,False,0.0,0.0,0,0.0,False,12,5228
30500,A2,0.10550448692858937,32,False,0.0,0.0,0,0.0,False,13,5229
30500,A2,0.13844775193375408,32,False,0.0,0.0,0,0.0,False,14,5230
30500,A2,0.0,31,False,0.0,0.0,0,0.0,False,15,5231
31000,A2,0.0,31,False,0.0,0.0,0,0.0,False,0,5216
31000,A2,0.2302674896931492,32,False,0.0,0.0,0,0.0,False,1,5217
31000,A2,0.13487292780805896,32,False,0.0,0.0,0,0.0,False,2,5218
31000,A2,0.0,31,False,0.0,0.0,0,0.0,False,3,5219
31000,A2,0.0,31,False,0.0,0.0,0,0.0,False,4,5220
31000,A2,0.14090626873866374,32,False,0.0,0.0,0,0.0,False,5,5221
31000,A2,0.10780600212804874,32,False,0.0,0.0,0,0.0,False,6,5222
31000,A2,0.0,31,False,0.0,0.0,0,0.0,False,7,5223
31000,A2,0.21590807959832503,32,False,0.0,0.0,0,0.0,False,8,5224
31000,A2,0.14165510105678764,32,False,0.0,0.0,0,0.0,False,9,5225
31000,A2,0.10818641379460693,32,False,0.0,0.0,0,0.0,False,10,5226
31000,A2,0.17446785380467458,32,False,0.0,0.0,0,0.0,False,11,5227
31000,A2,0.1989092387478359,32,False,0.0,0.0,0,0.0,False,12,5228
31000,A2,0.13085656332446693,32,False,0.0,0.0,0,0.0,False,13,5229
31000,A2,0.080267469870683,32,False,0.0,0.0,0,0.0,False,14,5230
31000,A2,0.08383944678073531,32,False,0.0,0.0,0,0.0,False,15,5231
31500,A2,0.0,31,False,0.0,0.0,0,0.0,False,0,5216
31500,A2,0.0,29,False,0.0,0.0,0,0.0,False,1,5217
31500,A2,0.07995619015750992,32,False,0.0,0.0,0,0.0,False,2,5218
31500,A2,0.12861293320685527,32,False,0.0,0.0,0,0.0,False,3,5219
31500,A2,0.0,31,False,0.0,0.0,0,0.0,False,4,5220
31500,A2,0.0,31,False,0.0,0.0,0,0.0,False,5,5221
31500,A2,0.0,30,False,0.0,0.0,0,0.0,False,6,5222
31500,A2,0.1316858942674222,32,False,0.0,0.0,0,0.0,False,7,5223
31500,A2,0.15600203153663766,32,False,0.0,0.0,0,0.0,False,8,5224
31500,A2,0.0,30,False,0.0,0.0,0,0.0,False,9,5225
31500,A2,0.10671350663166722,32,False,0.0,0.0,0,0.0,False,10,5226
31500,A2,0.0,31,False,0.0,0.0,0,0.0,False,11,5227
31500,A2,0.15003608744686753,32,False,0.0,0.0,0,0.0,False,12,5228
31500,A2,0.11362497490318998,32,False,0.0,0.0,0,0.0,False,13,5229
31500,A2,0.1035943019372966,32,False,0.0,0.0,0,0.0,False,14,5230
31500,A2,0.0,31,False,0.0,0.0,0,0.0,False,15,5231
32000,A2,0.2495414045050841,32,False,0.0,0.0,0,0.0,False,0,5216
32000,A2,0.2118621273150033,32,False,0.0,0.0,0,0.0,False,1,5217
32000,A2,0.1320900661606539,32,False,0.0,0.0,0,0.0,False,2,5218
32000,A2,0.1345401915861403,32,False,0.0,0.0,0,0.0,False,3,5219
32000,A2,0.12170285991811136,32,False,0.0,0.0,0,0.0,False,4,5220
32000,A2,0.10835048193433379,32,False,0.0,0.0,0,0.0,False,5,5221
32000,A2,0.0,31,False,0.0,0.0,0,0.0,False,6,5222
32000,A2,0.1384627187786728,32,False,0.0,0.0,0,0.0,False,7,5223
32000,A2,0.10127682535277037,32,False,0.0,0.0,0,0.0,False,8,5224
32000,A2,0.13997877290619432,32,False,0.0,0.0,0,0.0,False,9,5225
32000,A2,0.11140882135005728,32,False,0.0,0.0,0,0.0,False,10,5226
32000,A2,0.0,31,False,0.0,0.0,0,0.0,False,11,5227
32000,A2,0.0,31,False,0.0,0.0,0,0.0,False,12,5228
32000,A2,0.14550139562213124,32,False,0.0,0.0,0,0.0,False,13,5229
32000,A2,0.08689582201858288,32,False,0.0,0.0,0,0.0,False,14,5230
32000,A2,0.0,31,False,0.0,0.0,0,0.0,False,15,5231
32500,A2,0.18875950173651238,32,False,0.0,0.0,0,0.0,False,0,5216
32500,A2,0.1915172080208445,32,False,0.0,0.0,0,0.0,False,1,5217
32500,A2,0.0983454491263879,32,False,0.0,0.0,0,0.0,False,2,5218
32500,A2,0.0,30,False,0.0,0.0,0,0.0,False,3,5219
32500,A2,0.11997499016166964,32,False,0.0,0.0,0,0.0,False,4,5220
32500,A2,0.1400094356037006,32,False,0.0,0.0,0,0.0,False,5,5221
32500,A2,0.0,31,False,0.0,0.0,0,0.0,False,6,5222
32500,A2,0.17773375446451486,32,False,0.0,0.0,0,0.0,False,7,5223
32500,A2,0.15076266386694606,32,False,0.0,0.0,0,0.0,False,8,5224
32500,A2,0.14890386403599487,32,False,0.0,0.0,0,0.0,False,9,5225
32500,A2,0.0695185244851224,32,False,0.0,0.0,0,0.0,False,10,5226
32500,A2,0.0,31,False,0.0,0.0,0,0.0,False,11,5227
32500,A2,0.2032659719280887,32,False,0.0,0.0,0,0.0,False,12,5228
32500,A2,0.08277927763961444,32,False,0.0,0.0,0,0.0,False,13,5229
32500,A2,0.1141013083943434,32,False,0.0,0.0,0,0.0,False,14,5230
32500,A2,0.11392588425868357,32,False,0.0,0.0,0,0.0,False,15,5231
33000,A2,0.0,31,False,0.0,0.0,0,0.0,False,0,5216
33000,A2,0.22377390757459723,32,False,0.0,0.0,0,0.0,False,1,5217
33000,A2,0.1135089291377441,32,False,0.0,0.0,0,0.0,False,2,5218
33000,A2,0.0987941577548679,32,False,0.0,0.0,0,0.0,False,3,5219
33000,A2,0.0,30,False,0.0,0.0,0,0.0,False,4,5220
33000,A2,0.061328356947355805,32,False,0.0,0.0,0,0.0,False,5,5221
33000,A2,0.19940517587548118,32,False,0.0,0.0,0,0.0,False,6,5222
33000,A2,0.0,31,False,0.0,0.0,0,0.0,False,7,5223
33000,A2,0.15318932841650218,32,False,0.0,0.0,0,0.0,False,8,5224
33000,A2,0.11487782687778095,32,False,0.0,0.0,0,0.0,False,9,5225
33000,A2,0.06023391920853199,32,False,0.0,0.0,0,0.0,False,10,5226
33000,A2,0.09340673919442022,32,False,0.0,0.0,0,0.0,False,11,5227
33000,A2,0.0,31,False,0.0,0.0,0,0.0,False,12,5228
33000,A2,0.15239622594228097,32,False,0.0,0.0,0,0.0,False,13,5229
33000,A2,0.11589998953175279,32,False,0.0,0.0,0,0.0,False,14,5230
33000,A2,0.0,31,False,0.0,0.0,0,0.0,False,15,5231
33500,A2,0.22656793924592536,32,False,0.0,0.0,0,0.0,False,0,5216
33500,A2,0.0,30,False,0.0,0.0,0,0.0,False,1,5217
33500,A2,0.09760839600631839,32,False,0.0,0.0,0,0.0,False,2,5218
33500,A2,0.0,30,False,0.0,0.0,0,0.0,False,3,5219
33500,A2,0.0,31,False,0.0,0.0,0,0.0,False,4,5220
33500,A2,0.0,30,False,0.0,0.0,0,0.0,False,5,5221
33500,A2,0.21745454677273132,32,False,0.0,0.0,0,0.0,False,6,5222
33500,A2,0.16825321115580694,32,False,0.0,0.0,0,0.0,False,7,5223
33500,A2,0.1276017431830626,32,False,0.0,0.0,0,0.0,False,8,5224
33500,A2,0.0,31,False,0.0,0.0,0,0.0,False,9,5225
33500,A2,0.0,31,False,0.0,0.0,0,0.0,False,10,5226
33500,A2,0.12151145645004702,32,False,0.0,0.0,0,0.0,False,11,5227
33500,A2,0.17371426082571126,32,False,0.0,0.0,0,0.0,False,12,5228
33500,A2,0.07788357226753855,32,False,0.0,0.0,0,0.0,False,13,5229
33500,A2,0.13838345233216656,32,False,0.0,0.0,0,0.0,False,14,5230
33500,A2,0.0,31,False,0.0,0.0,0,0.0,False,15,5231
34000,A2,0.2426334473209435,32,False,0.0,0.0,0,0.0,False,0,5216
34000,A2,0.0,31,False,0.0,0.0,0,0.0,False,1,5217
34000,A2,0.0,31,False,0.0,0.0,0,0.0,False,2,5218
34000,A2,0.13968192921870293,32,False,0.0,0.0,0,0.0,False,3,5219
34000,A2,0.0,30,False,0.0,0.0,0,0.0,False,4,5220
34000,A2,0.04988570806757101,32,False,0.0,0.0,0,0.0,False,5,5221
34000,A2,0.25852288266736345,32,False,0.0,0.0,0,0.0,False,6,5222
34000,A2,0.14020720090689454,32,False,0.0,0.0,0,0.0,False,7,5223
34000,A2,0.14188791869392617,32,False,0.0,0.0,0,0.0,False,8,5224
34000,A2,0.16734133159498696,32,False,0.0,0.0,0,0.0,False,9,5225
34000,A2,0.0,31,False,0.0,0.0,0,0.0,False,10,5226
34000,A2,0.13148543252098696,32,False,0.0,0.0,0,0.0,False,11,5227
34000,A2,0.0,31,False,0.0,0.0,0,0.0,False,12,5228
34000,A2,0.11858880469187721,32,False,0.0,0.0,0,0.0,False,13,5229
34000,A2,0.141922353478665,32,False,0.0,0.0,0,0.0,False,14,5230
34000,A2,0.10987009249446218,32,False,0.0,0.0,0,0.0,False,15,5231
34500,A2,0.19057037214514613,32,False,0.0,0.0,0,0.0,False,0,5216
34500,A2,0.0,31,False,0.0,0.0,0,0.0,False,1,5217
34500,A2,0.09437015693644091,32,False,0.0,0.0,0,0.0,False,2,5218
34500,A2,0.08989516715421748,32,False,0.0,0.0,0,0.0,False,3,5219
34500,A2,0.0,30,False,0.0,0.0,0,0.0,False,4,5220
34500,A2,0.11152600935074196,32,False,0.0,0.0,0,0.0,False,5,5221
34500,A2,0.20835278970812646,32,False,0.0,0.0,0,0.0,False,6,5222
34500,A2,0.13824173347520946,32,False,0.0,0.0,0,0.0,False,7,5223
34500,A2,0.13395728437561444,32,False,0.0,0.0,0,0.0,False,8,5224
34500,A2,0.0,31,False,0.0,0.0,0,0.0,False,9,5225
34500,A2,0.0,31,False,0.0,0.0,0,0.0,False,10,5226
34500,A2,0.1492932987639454,32,False,0.0,0.0,0,0.0,False,11,5227
34500,A2,0.1596614593169138,32,False,0.0,0.0,0,0.0,False,12,5228
34500,A2,0.0886122112708424,32,False,0.0,0.0,0,0.0,False,13,5229
34500,A2,0.138977922634903,32,False,0.0,0.0,0,0.0,False,14,5230
34500,A2,0.13437503539695508,32,False,0.0,0.0,0,0.0,False,15,5231
35000,A2,0.0,31,False,0.0,0.0,0,0.0,False,0,5216
35000,A2,0.0,31,False,0.0,0.0,0,0.0,False,1,5217
35000,A2,0.0,31,False,0.0,0.0,0,0.0,False,2,5218
35000,A2,0.0865629991728053,32,False,0.0,0.0,0,0.0,False,3,5219
35000,A2,0.0,31,False,0.0,0.0,0,0.0,False,4,5220
35000,A2,0.08368962977790487,32,False,0.0,0.0,0,0.0,False,5,5221
35000,A2,0.0,30,False,0.0,0.0,0,0.0,False,6,5222
35000,A2,0.13312230547313653,32,False,0.0,0.0,0,0.0,False,7,5223
35000,A2,0.08496964282336525,32,False,0.0,0.0,0,0.0,False,8,5224
35000,A2,0.11792218826144017,32,False,0.0,0.0,0,0.0,False,9,5225
35000,A2,0.0,31,False,0.0,0.0,0,0.0,False,10,5226
35000,A2,0.1701475525599125,32,False,0.0,0.0,0,0.0,False,11,5227
35000,A2,0.0,31,False,0.0,0.0,0,0.0,False,12,5228
35000,A2,0.0,31,False,0.0,0.0,0,0.0,False,13,5229
35000,A2,0.13455939158480698,32,False,0.0,0.0,0,0.0,False,14,5230
35000,A2,0.0,31,False,0.0,0.0,0,0.0,False,15,5231
35500,A2,0.0,31,False,0.0,0.0,0,0.0,False,0,5216
35500,A2,0.0,31,False,0.0,0.0,0,0.0,False,1,5217
35500,A2,0.0,30,False,0.0,0.0,0,0.0,False,2,5218
35500,A2,0.18424880056306,32,False,0.0,0.0,0,0.0,False,3,5219
35500,A2,0.0,31,False,0.0,0.0,0,0.0,False,4,5220
35500,A2,0.0,31,False,0.0,0.0,0,0.0,False,5,5221
35500,A2,0.0,31,False,0.0,0.0,0,0.0,False,6,5222
35500,A2,0.0,31,False,0.0,0.0,0,0.0,False,7,5223
35500,A2,0.14975656860489764,32,False,0.0,0.0,0,0.0,False,8,5224
35500,A2,0.0,31,False,0.0,0.0,0,0.0,False,9,5225
35500,A2,0.0,31,False,0.0,0.0,0,0.0,False,10,5226
35500,A2,0.0,30,False,0.0,0.0,0,0.0,False,11,5227
35500,A2,0.2123900132975322,32,False,0.0,0.0,0,0.0,False,12,5228
35500,A2,0.0,31,False,0.0,0.0,0,0.0,False,13,5229
35500,A2,0.11393608804811957,32,False,0.0,0.0,0,0.0,False,14,5230
35500,A2,0.0,31,False,0.0,0.0,0,0.0,False,15,5231
36000,A2,0.0,30,False,0.0,0.0,0,0.0,False,0,5216
36000,A2,0.0,31,False,0.0,0.0,0,0.0,False,1,5217
36000,A2,0.10848495253271398,32,False,0.0,0.0,0,0.0,False,2,5218
36000,A2,0.0,30,False,0.0,0.0,0,0.0,False,3,5219
36000,A2,0.0,31,False,0.0,0.0,0,0.0,False,4,5220
36000,A2,0.05054286512316151,32,False,0.0,0.0,0,0.0,False,5,5221
36000,A2,0.0,31,False,0.0,0.0,0,0.0,False,6,5222
36000,A2,0.10038325236385125,32,False,0.0,0.0,0,0.0,False,7,5223
36000,A2,0.11726873155311907,32,False,0.0,0.0,0,0.0,False,8,5224
36000,A2,0.14773271254273465,32,False,0.0,0.0,0,0.0,False,9,5225
36000,A2,0.0,31,False,0.0,0.0,0,0.0,False,10,5226
36000,A2,0.1626863773194052,32,False,0.0,0.0,0,0.0,False,11,5227
36000,A2,0.18544989213351812,32,False,0.0,0.0,0,0.0,False,12,5228
36000,A2,0.13278913354154703,32,False,0.0,0.0,0,0.0,False,13,5229
36000,A2,0.0,31,False,0.0,0.0,0,0.0,False,14,5230
36000,A2,0.0,31,False,0.0,0.0,0,0.0,False,15,5231
36500,A2,0.11643467754817106,32,False,0.0,0.0,0,0.0,False,0,5216
36500,A2,0.0,31,False,0.0,0.0,0,0.0,False,1,5217
36500,A2,0.0,31,False,0.0,0.0,0,0.0,False,2,5218
36500,A2,0.1317674845083104,32,False,0.0,0.0,0,0.0,False,3,5219
36500,A2,0.0,31,False,0.0,0.0,0,0.0,False,4,5220
36500,A2,0.10008130511180253,32,False,0.0,0.0,0,0.0,False,5,5221
36500,A2,0.19837481657997777,32,False,0.0,0.0,0,0.0,False,6,5222
36500,A2,0.0,30,False,0.0,0.0,0,0.0,False,7,5223
36500,A2,0.12526752579786943,32,False,0.0,0.0,0,0.0,False,8,5224
36500,A2,0.0,31,False,0.0,0.0,0,0.0,False,9,5225
36500,A2,0.10198990010635467,32,False,0.0,0.0,0,0.0,False,10,5226
36500,A2,0.1478430651423445,32,False,0.0,0.0,0,0.0,False,11,5227
36500,A2,0.1656818302354102,32,False,0.0,0.0,0,0.0,False,12,5228
36500,A2,0.09570916493446993,32,False,0.0,0.0,0,0.0,False,13,5229
36500,A2,0.11073190309868136,32,False,0.0,0.0,0,0.0,False,14,5230
36500,A2,0.0,31,False,0.0,0.0,0,0.0,False,15,5231
37000,A2,0.0,31,False,0.0,0.0,0,0.0,False,0,5216
37000,A2,0.0,31,False,0.0,0.0,0,0.0,False,1,5217
37000,A2,0.0,31,False,0.0,0.0,0,0.0,False,2,5218
37000,A2,0.10102998466136598,32,False,0.0,0.0,0,0.0,False,3,5219
37000,A2,0.16258930338277214,32,False,0.0,0.0,0,0.0,False,4,5220
37000,A2,0.13926703902602705,32,False,0.0,0.0,0,0.0,False,5,5221
37000,A2,0.16647223597596159,32,False,0.0,0.0,0,0.0,False,6,5222
37000,A2,0.15363213403705742,32,False,0.0,0.0,0,0.0,False,7,5223
37000,A2,0.11362909850388736,32,False,0.0,0.0,0,0.0,False,8,5224
37000,A2,0.10811154020143908,32,False,0.0,0.0,0,0.0,False,9,5225
37000,A2,0.0,31,False,0.0,0.0,0,0.0,False,10,5226
37000,A2,0.16293638014278522,32,False,0.0,0.0,0,0.0,False,11,5227
37000,A2,0.0,31,False,0.0,0.0,0,0.0,False,12,5228
37000,A2,0.0,31,False,0.0,0.0,0,0.0,False,13,5229
37000,A2,0.06231408683902222,32,False,0.0,0.0,0,0.0,False,14,5230
37000,A2,0.11910335132637369,32,False,0.0,0.0,0,0.0,False,15,5231
37500,A2,0.0,31,False,0.0,0.0,0,0.0,False,0,5216
37500,A2,0.2362970190850992,32,False,0.0,0.0,0,0.0,False,1,5217
37500,A2,0.07032473558094768,32,False,0.0,0.0,0,0.0,False,2,5218
37500,A2,0.1832916146193903,32,False,0.0,0.0,0,0.0,False,3,5219
37500,A2,0.0,30,False,0.0,0.0,0,0.0,False,4,5220
37500,A2,0.0,30,False,0.0,0.0,0,0.0,False,5,5221
37500,A2,0.27178113344467003,32,False,0.0,0.0,0,0.0,False,6,5222
37500,A2,0.0,31,False,0.0,0.0,0,0.0,False,7,5223
37500,A2,0.1508409619041497,32,False,0.0,0.0,0,0.0,False,8,5224
37500,A2,0.15144098719415733,32,False,0.0,0.0,0,0.0,False,9,5225
37500,A2,0.06256996053537359,32,False,0.0,0.0,0,0.0,False,10,5226
37500,A2,0.1407257182491613,32,False,0.0,0.0,0,0.0,False,11,5227
37500,A2,0.18288958054462115,32,False,0.0,0.0,0,0.0,False,12,5228
37500,A2,0.11927691744017864,32,False,0.0,0.0,0,0.0,False,13,5229
37500,A2,0.1375670938158778,32,False,0.0,0.0,0,0.0,False,14,5230
37500,A2,0.09963374263026979,32,False,0.0,0.0,0,0.0,False,15,5231
38000,A2,0.0,30,False,0.0,0.0,0,0.0,False,0,5216
38000,A2,0.15416561510063947,32,False,0.0,0.0,0,0.0,False,1,5217
38000,A2,0.11324400880381894,32,False,0.0,0.0,0,0.0,False,2,5218
38000,A2,0.0,31,False,0.0,0.0,0,0.0,False,3,5219
38000,A2,0.11264967169826971,32,False,0.0,0.0,0,0.0,False,4,5220
38000,A2,0.0775879567519873,32,False,0.0,0.0,0,0.0,False,5,5221
38000,A2,0.25388385365694016,32,False,0.0,0.0,0,0.0,False,6,5222
38000,A2,0.1383750726128259,32,False,0.0,0.0,0,0.0,False,7,5223
38000,A2,0.11641778325984235,32,False,0.0,0.0,0,0.0,False,8,5224
38000,A2,0.11335321318723866,32,False,0.0,0.0,0,0.0,False,9,5225
38000,A2,0.09001580273636746,32,False,0.0,0.0,0,0.0,False,10,5226
38000,A2,0.15696864216837528,32,False,0.0,0.0,0,0.0,False,11,5227
38000,A2,0.12461353686425108,32,False,0.0,0.0,0,0.0,False,12,5228
38000,A2,0.0,31,False,0.0,0.0,0,0.0,False,13,5229
38000,A2,0.06921669637856963,32,False,0.0,0.0,0,0.0,False,14,5230
38000,A2,0.0,31,False,0.0,0.0,0,0.0,False,15,5231
38500,A2,0.1448048344445114,32,False,0.0,0.0,0,0.0,False,0,5216
38500,A2,0.2518983232524176,32,False,0.0,0.0,0,0.0,False,1,5217
38500,A2,0.0,31,False,0.0,0.0,0,0.0,False,2,5218
38500,A2,0.0,31,False,0.0,0.0,0,0.0,False,3,5219
38500,A2,0.0,31,False,0.0,0.0,0,0.0,False,4,5220
38500,A2,0.0,31,False,0.0,0.0,0,0.0,False,5,5221
38500,A2,0.0,30,False,0.0,0.0,0,0.0,False,6,5222
38500,A2,0.0979011574084677,32,False,0.0,0.0,0,0.0,False,7,5223
38500,A2,0.15597567890996838,32,False,0.0,0.0,0,0.0,False,8,5224
38500,A2,0.12755648028722658,32,False,0.0,0.0,0,0.0,False,9,5225
38500,A2,0.1172667860830366,32,False,0.0,0.0,0,0.0,False,10,5226
38500,A2,0.0,31,False,0.0,0.0,0,0.0,False,11,5227
38500,A2,0.0,31,False,0.0,0.0,0,0.0,False,12,5228
38500,A2,0.0,31,False,0.0,0.0,0,0.0,False,13,5229
38500,A2,0.11296142292609246,32,False,0.0,0.0,0,0.0,False,14,5230
38500,A2,0.13310848024842745,32,False,0.0,0.0,0,0.0,False,15,5231
39000,A2,0.0,30,False,0.0,0.0,0,0.0,False,0,5216
39000,A2,0.18062972975880867,32,False,0.0,0.0,0,0.0,False,1,5217
39000,A2,0.0,31,False,0.0,0.0,0,0.0,False,2,5218
39000,A2,0.1367557345965388,32,False,0.0,0.0,0,0.0,False,3,5219
39000,A2,0.0,31,False,0.0,0.0,0,0.0,False,4,5220
39000,A2,0.0,31,False,0.0,0.0,0,0.0,False,5,5221
39000,A2,0.0,31,False,0.0,0.0,0,0.0,False,6,5222
39000,A2,0.1490871364759484,32,False,0.0,0.0,0,0.0,False,7,5223
39000,A2,0.14055364193588182,32,False,0.0,0.0,0,0.0,False,8,5224
39000,A2,0.08059659465107358,32,False,0.0,0.0,0,0.0,False,9,5225
39000,A2,0.11043037495764287,32,False,0.0,0.0,0,0.0,False,10,5226
39000,A2,0.0,30,False,0.0,0.0,0,0.0,False,11,5227
39000,A2,0.19678966231140774,32,False,0.0,0.0,0,0.0,False,12,5228
39000,A2,0.0,31,False,0.0,0.0,0,0.0,False,13,5229
39000,A2,0.12443307061126908,32,False,0.0,0.0,0,0.0,False,14,5230
39000,A2,0.14840130089391462,32,False,0.0,0.0,0,0.0,False,15,5231
39500,A2,0.0,31,False,0.0,0.0,0,0.0,False,0,5216
39500,A2,0.0,31,False,0.0,0.0,0,0.0,False,1,5217
39500,A2,0.10919650541333033,32,False,0.0,0.0,0,0.0,False,2,5218
39500,A2,0.0,31,False,0.0,0.0,0,0.0,False,3,5219
39500,A2,0.0,31,False,0.0,0.0,0,0.0,False,4,5220
39500,A2,0.1021647822369971,32,False,0.0,0.0,0,0.0,False,5,5221
39500,A2,0.0,31,False,0.0,0.0,0,0.0,False,6,5222
39500,A2,0.15350564401978845,32,False,0.0,0.0,0,0.0,False,7,5223
39500,A2,0.14774285074778853,32,False,0.0,0.0,0,0.0,False,8,5224
39500,A2,0.0,31,False,0.0,0.0,0,0.0,False,9,5225
39500,A2,0.0960870321581029,32,False,0.0,0.0,0,0.0,False,10,5226
39500,A2,0.0,31,False,0.0,0.0,0,0.0,False,11,5227
39500,A2,0.0,31,False,0.0,0.0,0,0.0,False,12,5228
39500,A2,0.12156364906764133,32,False,0.0,0.0,0,0.0,False,13,5229
39500,A2,0.0,31,False,0.0,0.0,0,0.0,False,14,5230
39500,A2,0.0,30,False,0.0,0.0,0,0.0,False,15,5231
