seed,t,e_F,e_F_full,e_Fprime
5200,0.0,2.9066038639870517,5.408116675855963,6.564657815288973
5200,1.0,0.49978370486648094,0.5031833727159126,1.2087101639693647
5200,2.0,0.4560094373270788,0.43814674408356047,1.089612724312045
5200,3.0,0.3973757481950552,0.3736990088383749,0.9844771717899956
5200,4.0,0.3539984432361588,0.3330869566254883,0.8805463801330814
5200,5.0,0.33286916012634904,0.31332524139012946,0.8241991586841764
5200,6.0,0.307289707592508,0.28787796871683696,0.7744188624156878
5200,7.0,0.28280124165280757,0.2636336747756373,0.733654587660814
5200,8.0,0.2648436420047618,0.24762169326741879,0.6848144775580729
5200,9.0,0.25846699150198443,0.24278842067747267,0.6491131489677671
5200,10.0,0.24805599694875408,0.23368210611946244,0.62035752024095
5200,11.0,0.2431226267070382,0.22969313548374057,0.6110129235084494
5200,12.0,0.23793500821509866,0.22590980131396032,0.5871690563963059
5200,13.0,0.2333491380005789,0.22209013429412364,0.5666859952493849
5200,14.0,0.22985425752329208,0.21954919449613905,0.5445774648532917
5200,15.0,0.21966150076076732,0.20956916058706393,0.5209518912044298
5200,16.0,0.2101614834321917,0.20050284857276038,0.4982285138921648
5200,17.0,0.20461938813989847,0.19562116558667084,0.4783339604733104
5200,18.0,0.1982484478669004,0.18952203915489235,0.46299934788395597
5200,19.0,0.18794379487260024,0.1791230719301463,0.4440384467320035
5200,20.0,0.17991804259876917,0.17147093326869992,0.42324891898188527
5200,21.0,0.17133557985601672,0.16306518840321688,0.4060318008643571
5200,22.0,0.16338119934114448,0.15552558370614727,0.38753023235334544
5200,23.0,0.1495750971756163,0.14168452476662946,0.36318460213198406
5200,24.0,0.14115702231557822,0.13378786746749305,0.3413671440799245
5200,25.0,0.13777673380789252,0.13090020458811852,0.33121663485254155
5200,26.0,0.13192642482567904,0.12561572414691335,0.311763573551545
5200,27.0,0.12651611333204257,0.12048204399081643,0.29914818180307234
5200,28.0,0.11719205061954588,0.11100637310318046,0.28469349427217977
5200,29.0,0.10859631890275995,0.10254481447611212,0.2684308714625635
5200,30.0,0.10598788293836092,0.10027139256941177,0.2595931042335637
5200,31.0,0.10133513004939178,0.09577398166061404,0.24846999041362092
5200,32.0,0.09577925152642096,0.09036726487505514,0.23569580514262412
5200,33.0,0.09227653141243591,0.08697858967099753,0.22732134825545144
5200,34.0,0.09258139884517524,0.08774634339942305,0.22067676779725898
5200,35.0,0.09034009347342341,0.08563028285202828,0.21448380435131353
5200,36.0,0.08963873998012453,0.08526668586848733,0.20973168159726194
5200,37.0,0.08915763723561593,0.08487647262066288,0.2073672592560361
5200,38.0,0.0891040460840491,0.08532405248471532,0.20156964483532241
5200,39.0,0.08710385157581418,0.08352427579899775,0.19563786166909666
5200,40.0,0.08402641404213095,0.08050188905249442,0.19052418111561154
5200,41.0,0.08180804530530718,0.07820681480319805,0.18538043861172981
5200,42.0,0.08074323807162284,0.07729340949786999,0.17990537156031844
5200,43.0,0.0791887126914396,0.0760086093427617,0.17326154726353818
5200,44.0,0.07492734805023989,0.07175569924690135,0.1642070046051178
5200,45.0,0.07007227644296185,0.06685427213035906,0.15622819206101377
5200,46.0,0.06724751266632281,0.06416107598357321,0.1504903631715885
5200,47.0,0.06430760695538608,0.06142075763712466,0.14473457366356798
5200,48.0,0.060902769994626876,0.058017700483850375,0.13897672781844525
5200,49.0,0.058458766647464355,0.055666737421083703,0.13377020838416462
5200,50.0,0.057206456096639165,0.054544953271781486,0.1306970845462364
5200,51.0,0.05614154533371972,0.053696241252875,0.1264909709284663
5200,52.0,0.0538216221205775,0.051367340267838006,0.12349196213474778
5200,53.0,0.052187056829605255,0.049802903817202364,0.12018643726803749
5200,54.0,0.050525649387361704,0.04824385460077748,0.11729283581315328
5200,55.0,0.049932352129008956,0.047892206787901646,0.11314082667431634
5200,56.0,0.047979311392649486,0.04601508380144432,0.10955264957932898
5200,57.0,0.04608982020662141,0.04424910233476591,0.10562627198190885
5200,58.0,0.04598648770416847,0.0442858285126916,0.10344023621512963
5200,59.0,0.046334611009586635,0.04474849819615963,0.10264559191422698
5200,60.0,0.04492043937198309,0.04332235329056583,0.1014133719788072
5200,61.0,0.04101447626502359,0.039309288532788755,0.09871738627669953
5200,62.0,0.039019757757427366,0.03730808937829686,0.0971297228162184
5200,63.0,0.03792186260732308,0.036257406376698345,0.09564236598131591
5200,64.0,0.037017076286840624,0.035440950442291314,0.09456564433916732
5200,65.0,0.03545896826210402,0.03394555502046908,0.09327747332278434
5200,66.0,0.034378925430305685,0.03295208032983859,0.0927150960689439
5200,67.0,0.033452267302477794,0.032104408717463374,0.09186858244534457
5200,68.0,0.031199901911061683,0.029788863490847955,0.09092768504998072
5200,69.0,0.030499879275361203,0.029128680194293023,0.08997508377992852
5200,70.0,0.028226951291967565,0.02683710199899917,0.0895516635589209
5200,71.0,0.02766918523725777,0.02632616045147431,0.0903373524008789
5200,72.0,0.02630383876991672,0.02492822639149406,0.09039032572015054
5200,73.0,0.02596952764803542,0.024629845238735106,0.09026278347901634
5200,74.0,0.024326252465877083,0.022988162584160664,0.08923319387037257
5200,75.0,0.023472896731765534,0.022138742432329946,0.08919871430474312
5200,76.0,0.022021729913911933,0.020664784762612635,0.0885829319636234
5200,77.0,0.021884582494824924,0.020496841328033578,0.08808211366053023
5200,78.0,0.02130256801068264,0.01985735572503884,0.08683639720947296
5200,79.0,0.020527212960132935,0.01903103822425372,0.08592881949738376
5200,80.0,0.02039647497543706,0.01887750226079945,0.08564275200563058
5200,81.0,0.01984643248407059,0.01831788784190362,0.08532999858628972
5200,82.0,0.019981733686408692,0.018485109323914943,0.08528606293592365
5200,83.0,0.019449170252987875,0.017914706724423347,0.08434131387928323
5200,84.0,0.01919937806535063,0.017660991615059067,0.08380212653615902
5200,85.0,0.019182602388060764,0.01764756679787872,0.08330654634056728
5200,86.0,0.01935109780255025,0.01781629934774149,0.0826223819112946
5200,87.0,0.01932147707016726,0.017763859873366303,0.08233177099809547
5200,88.0,0.019281424073016955,0.017731438221371895,0.08210881528095126
5200,89.0,0.019075346346657113,0.017545634596708083,0.08153570819844022
5200,90.0,0.018901300622845233,0.017400788624958766,0.08104779096433477
5200,91.0,0.018786204818321224,0.017317571484238604,0.08083223879146792
5200,92.0,0.01871124878068855,0.017269973503675106,0.08046974636185021
5200,93.0,0.01842130197445682,0.01697876329657473,0.08007456517878114
5200,94.0,0.018490612605376523,0.017040052918760464,0.07941241593321781
5200,95.0,0.018358887652810008,0.016943909265382622,0.07907173745385777
5200,96.0,0.018155174038018477,0.01679669480181771,0.0789869399921222
5200,97.0,0.017953948637144623,0.016616262571362676,0.07891423903839173
5200,98.0,0.017712286371144907,0.016428890413156424,0.07881880080316968
5200,99.0,0.01774297873481868,0.016511591586164946,0.07844350699671972
5200,100.0,0.01780857845408846,0.016623045248110355,0.07823045548879162
5201,0.0,2.9066038639870517,5.408116675855963,6.564657815288973
5201,1.0,0.3938159778433162,0.4319743813889129,1.0889107246497163
5201,2.0,0.32653977159825437,0.3327461288055463,0.9359530361323078
5201,3.0,0.2940540193960814,0.28508907364925945,0.8546268020550937
5201,4.0,0.2709451327453189,0.25713729833465576,0.7968850552554542
5201,5.0,0.2526025656774051,0.2369674021868544,0.7485105208008163
5201,6.0,0.2393757004736525,0.22163410154546787,0.7061515448201946
5201,7.0,0.22847096791237845,0.21027127890570138,0.6694032436397084
5201,8.0,0.21165827603331838,0.19439849952328622,0.6217075924902159
5201,9.0,0.20243064173620062,0.1853295525679804,0.5948032208956174
5201,10.0,0.19897654432240516,0.18177818802380913,0.5822781043929764
5201,11.0,0.18965322558638315,0.17322214115211837,0.5532454775148008
5201,12.0,0.18270088864329334,0.16707215191131208,0.5236581114299242
5201,13.0,0.17512829446448416,0.16020938775390284,0.4980775457256756
5201,14.0,0.1706527824919445,0.15613321366497998,0.4842107392929498
5201,15.0,0.16790796479183803,0.15387718537505557,0.4720055034824362
5201,16.0,0.16759518548472485,0.15449894252850999,0.45765322160449
5201,17.0,0.16465348029387497,0.1520551582951389,0.4470618987843785
5201,18.0,0.16197516170134849,0.14994275664067813,0.43632626892470044
5201,19.0,0.16293793101158563,0.15152218513428495,0.4322269686833485
5201,20.0,0.15932967013514615,0.14812805431312337,0.42484428290829157
5201,21.0,0.1561268340738628,0.14527626038216646,0.4157562330650909
5201,22.0,0.1553624302390671,0.14490428877885342,0.40948442664701734
5201,23.0,0.1531109281032825,0.1429775324039375,0.4014332966610388
5201,24.0,0.1485156210467381,0.13856241629432992,0.3899908242612127
5201,25.0,0.14291275160212724,0.13311176164928848,0.3759715662129554
5201,26.0,0.1403000419437075,0.13084360446575932,0.36603296922590806
5201,27.0,0.1366638634766863,0.12753340325419935,0.35552963077621663
5201,28.0,0.13582543337807418,0.12720645997274918,0.3468041462531997
5201,29.0,0.13292773744311615,0.12469511134373978,0.3366149186565239
5201,30.0,0.13066115158821892,0.12265448042926584,0.3298907809552654
5201,31.0,0.12907660075230085,0.12146068810972736,0.3246178935254799
5201,32.0,0.12877894504349283,0.12169328013305672,0.31625110483883573
5201,33.0,0.12561044710325708,0.11872964605127115,0.308069198844305
5201,34.0,0.12381135982759693,0.11718816496891574,0.3023387235582119
5201,35.0,0.12239208812277619,0.11597562889258545,0.297305134315515
5201,36.0,0.12048377469856401,0.11438393295639544,0.2887707760680247
5201,37.0,0.11690686722441673,0.11096994508727327,0.2801708251468441
5201,38.0,0.11639897151122992,0.11097474442651112,0.2733350887359686
5201,39.0,0.11418440732071924,0.10889058637675592,0.2672286572721092
5201,40.0,0.1119857360599608,0.10672579369102127,0.2620769939444856
5201,41.0,0.10919776283937124,0.10394166347962219,0.2559085079512369
5201,42.0,0.10841147091617434,0.10338003865986718,0.2506262545366978
5201,43.0,0.10747067991346172,0.10260774351711341,0.245794941036074
5201,44.0,0.10741272806886754,0.102875306606803,0.2419370962463203
5201,45.0,0.1072735570574048,0.10287290374822741,0.2390731416136882
5201,46.0,0.10673363877005472,0.10247661103890776,0.23523856207939903
5201,47.0,0.1049147326033467,0.10075245422616007,0.23077372334340313
5201,48.0,0.10316771329660883,0.09916818715742969,0.2250648828479736
5201,49.0,0.10255114323968938,0.09866481475810512,0.2209470772707426
5201,50.0,0.10067473776160527,0.09687893369772432,0.21649732254915408
5201,51.0,0.09897287684721275,0.09527238293193452,0.21283339447837166
5201,52.0,0.09874183918651568,0.09501152242993648,0.21246850078710178
5201,53.0,0.09688050106723103,0.09324300366200164,0.20861729355433828
5201,54.0,0.09651687490573055,0.09301074338858031,0.20601264347249523
5201,55.0,0.09588567043971347,0.09242827955803931,0.2035027545578068
5201,56.0,0.09463431770224051,0.0911383121914174,0.20160092895630005
5201,57.0,0.09434123006687886,0.09091546808166844,0.20010329486513806
5201,58.0,0.09457530594872836,0.09126078924814933,0.1985054179763163
5201,59.0,0.09352218828532452,0.09021066485787028,0.1965956773897431
5201,60.0,0.09216979897491949,0.08896660848934561,0.19331171493985505
5201,61.0,0.09128759782335732,0.0881757551922099,0.18984919266829772
5201,62.0,0.09010117653993698,0.0871721680476066,0.18512224529312749
5201,63.0,0.08944900148292592,0.08663761254264836,0.18300197266751037
5201,64.0,0.08946073941010856,0.08663153422227647,0.1809635676336576
5201,65.0,0.0892759986189014,0.08655571600544157,0.179103791093721
5201,66.0,0.0881935218583287,0.08551569395993243,0.17663647184564146
5201,67.0,0.08758676630035041,0.08493997879857428,0.17404106929158997
5201,68.0,0.08879794808456351,0.08631906708510262,0.17339919173109244
5201,69.0,0.08754482247023769,0.08512701884193319,0.17048910120379576
5201,70.0,0.08621614822591317,0.08379575945564492,0.16821788115693775
5201,71.0,0.08405446343654754,0.08168736262878416,0.16454536019912702
5201,72.0,0.08402318839311826,0.08176590571792147,0.16303671725425375
5201,73.0,0.08325928458177376,0.08108476155467033,0.1606373988996947
5201,74.0,0.08219206783850469,0.0800912411571176,0.15869637034122808
5201,75.0,0.08158632093924986,0.07953119946869731,0.15718060262324235
5201,76.0,0.080003129898368,0.07800132174681351,0.15381474746508458
5201,77.0,0.07819471120548069,0.0761860801008317,0.15137321208254975
5201,78.0,0.07650882084492501,0.07451938836626763,0.1496987717557865
5201,79.0,0.0757709064163894,0.07387926706405311,0.14794376470142262
5201,80.0,0.07476627447159474,0.07297105912682342,0.14531331252285537
5201,81.0,0.07409962063033702,0.07239757413210772,0.14295665244837613
5201,82.0,0.07230744573792372,0.07059719348514971,0.14004919953342748
5201,83.0,0.07126305907113445,0.06950873838564886,0.13795198608708928
5201,84.0,0.07132038835802273,0.06960003494709836,0.13699745133997157
5201,85.0,0.0693613470573219,0.06765876510211058,0.13406793624954147
5201,86.0,0.06870423403439548,0.06709976875507459,0.1321026249287019
5201,87.0,0.0671634970242036,0.06563485356235388,0.1293510737120581
5201,88.0,0.06610478116596814,0.06462810409997215,0.12725661049088344
5201,89.0,0.0650326058624087,0.06362761706557032,0.12567376311563286
5201,90.0,0.06489470757745733,0.0635749072420539,0.12487659603892215
5201,91.0,0.0648052399040593,0.06354142848533241,0.124063919890002
5201,92.0,0.06437417848806128,0.0631520769632838,0.12289373944188861
5201,93.0,0.06426542985071866,0.06308112020982615,0.12201562529491221
5201,94.0,0.06395800756231275,0.06284054900032811,0.12121365517950271
5201,95.0,0.06345458538841577,0.06240269129287855,0.12015077075875595
5201,96.0,0.06287584503976136,0.06184176239170902,0.11878522047431939
5201,97.0,0.06186282704042231,0.06083395203240679,0.11694495061421659
5201,98.0,0.061072963071187,0.06003866355570101,0.11590175390681808
5201,99.0,0.06075807224285678,0.05978856899349664,0.11486941479166331
5201,100.0,0.061124866231345706,0.06025119485053406,0.11444051038650441
5202,0.0,2.9066038639870517,5.408116675855963,6.564657815288973
5202,1.0,0.4397101169898714,0.462764351129107,1.1876465973513466
5202,2.0,0.3831047710490694,0.37669601821520793,1.0692902958029284
5202,3.0,0.3423707905069557,0.3266790418537329,0.9705805846785078
5202,4.0,0.32291965561136,0.3040052923286804,0.8911407331151129
5202,5.0,0.28931483901431854,0.2706393415419177,0.8038168608372264
5202,6.0,0.26305199742308694,0.24362417999372352,0.7342979073756081
5202,7.0,0.24598624327910223,0.22712505195494387,0.6868249352416848
5202,8.0,0.23129597276817018,0.21265954559226838,0.6530242274670652
5202,9.0,0.22134704254958135,0.2034611160851921,0.6230733586068439
5202,10.0,0.20960677249315954,0.19231300237940352,0.5935398123713115
5202,11.0,0.1976407836475699,0.18085851580358478,0.5637876136033239
5202,12.0,0.18455317321923653,0.168711750065931,0.5291345968243742
5202,13.0,0.17935843256131248,0.16426667563745304,0.5114188944925705
5202,14.0,0.16904104716273485,0.15481980174003285,0.48290138852165654
5202,15.0,0.16061514018295392,0.14695286648185418,0.46187153168818584
5202,16.0,0.15066196491901937,0.13782169254227106,0.4328996752410855
5202,17.0,0.14306743224483692,0.130720995555392,0.41135408881072777
5202,18.0,0.13608483340793595,0.12423964772652586,0.3918349835289072
5202,19.0,0.12957530081885765,0.11831264127458573,0.37264059449027725
5202,20.0,0.12482998768248588,0.11396558841045161,0.35908741287341295
5202,21.0,0.12046385552261073,0.10996484831782358,0.34584130524826784
5202,22.0,0.11694726130371186,0.10678626782993421,0.335683388578845
5202,23.0,0.11185817024927769,0.10232586255017388,0.3197748662836766
5202,24.0,0.10684245270648834,0.09765255901700942,0.3057671504770341
5202,25.0,0.10181045907456682,0.09304120655260428,0.29143673049952046
5202,26.0,0.09718100614084074,0.08874736197009107,0.2784177921872363
5202,27.0,0.09300563915437764,0.0849188883925079,0.2659546223462681
5202,28.0,0.09066065577099006,0.08282334054176714,0.25939065129029076
5202,29.0,0.08834330972822316,0.08073816105310534,0.2526978627758644
5202,30.0,0.08604118044338796,0.07865556630195895,0.24563974361997187
5202,31.0,0.0838474540091919,0.07667173089866863,0.23914134029449502
5202,32.0,0.08186352654303247,0.074854529440909,0.2326584089515393
5202,33.0,0.0800767410030262,0.07320333413245443,0.2274833892052778
5202,34.0,0.07886919638639013,0.07212973058099535,0.22395590454299039
5202,35.0,0.07646438598913348,0.06993679256084277,0.2170460995499708
5202,36.0,0.07510636516721045,0.06868963637393705,0.21268422305437534
5202,37.0,0.07424807131964489,0.0679366086344202,0.20998133148521814
5202,38.0,0.07192649255832666,0.065823108057311,0.2038613360239196
5202,39.0,0.06941704480635287,0.06354714058092681,0.19633116539442272
5202,40.0,0.06727531619108044,0.06157731242928056,0.19000982361929286
5202,41.0,0.0649635216872506,0.05943759519323514,0.18279642196185483
5202,42.0,0.06293751773333828,0.05764633274907491,0.17643642449841035
5202,43.0,0.061858986130061876,0.05674567623731741,0.17240353462512945
5202,44.0,0.06103721073411376,0.05606587137079716,0.16968725218857147
5202,45.0,0.06055556331013991,0.05579491006787827,0.16683112087940663
5202,46.0,0.06015618891651011,0.05560245833536353,0.16367160532092623
5202,47.0,0.058438801727189696,0.053910844788562395,0.16007632770880525
5202,48.0,0.056410109201199536,0.05192313879292749,0.15607992286143607
5202,49.0,0.055442374002754376,0.05104912469368703,0.15335553998794382
5202,50.0,0.05487912634158674,0.050549206856374235,0.1519019128767391
5202,51.0,0.05333925286204251,0.04906214999916327,0.1475321526942186
5202,52.0,0.05119532950350762,0.04707153631303463,0.14126371576151797
5202,53.0,0.04978139653483048,0.04572868386485003,0.13747812917567723
5202,54.0,0.04856802312937832,0.04465895701511658,0.13340248931209947
5202,55.0,0.04784304822547773,0.044110442661241984,0.13021336867107866
5202,56.0,0.046537404794568374,0.04299406125511423,0.12602598787267733
5202,57.0,0.045965584924379126,0.042541109461473055,0.12394337529638695
5202,58.0,0.04439627697635394,0.041054188432629826,0.12081933373930527
5202,59.0,0.04381000003698496,0.04058573232697988,0.11897320365221793
5202,60.0,0.042653556685722696,0.03958713469671107,0.11550870211743997
5202,61.0,0.04197851680564622,0.039013588497528506,0.1134521248693729
5202,62.0,0.04100437776903819,0.03808651446068422,0.11181316652224078
5202,63.0,0.04027842990747952,0.03751476881400557,0.10958162762291317
5202,64.0,0.03971002556366207,0.037045821011647204,0.10786173349052086
5202,65.0,0.03826665375630072,0.035642096745054024,0.1051844453011602
5202,66.0,0.037504590286077694,0.03497464046626062,0.10321455213838204
5202,67.0,0.0376440538874609,0.03520666747341654,0.10266959899744349
5202,68.0,0.03596702463446426,0.03354339703672795,0.10019027985420884
5202,69.0,0.03490791432401327,0.032610187057198835,0.09819382619731981
5202,70.0,0.03430134342430239,0.03211933156829407,0.09641015171620446
5202,71.0,0.03379935389097137,0.03165778796624852,0.09520857759398182
5202,72.0,0.033075629218809,0.030977162898462505,0.09327897304252161
5202,73.0,0.032282515443751214,0.030198657628972874,0.09124484256769148
5202,74.0,0.0322612085722369,0.030277005310711,0.09053553158755034
5202,75.0,0.0320730046656054,0.03021459744988324,0.08915893842373276
5202,76.0,0.031501832456140626,0.029712821343638875,0.08813939630447876
5202,77.0,0.03082419251494321,0.02909191321730603,0.08671163845939026
5202,78.0,0.030391291354206377,0.028800018224458768,0.08539062097466517
5202,79.0,0.03049726643350954,0.029044274748505815,0.0841297018345794
5202,80.0,0.0306742168818307,0.029432690301871855,0.08321534989136044
5202,81.0,0.029619777780970705,0.02841372837919995,0.08213067563059337
5202,82.0,0.02912312606842379,0.02800269488652891,0.08081433944803283
5202,83.0,0.02845892728259742,0.027362445713387355,0.07974135653134082
5202,84.0,0.027367492588247565,0.026295032232117377,0.07810202996298997
5202,85.0,0.027039766008096655,0.026043341817113784,0.07833494844158834
5202,86.0,0.027305982999009527,0.026357717519395397,0.0781020640932334
5202,87.0,0.02635837371192274,0.025392167581533145,0.07740544273309767
5202,88.0,0.025583359924386963,0.024626904432239277,0.0764720294026029
5202,89.0,0.025646961882889688,0.024749229300054812,0.0762471341610971
5202,90.0,0.025266528698559172,0.024372585098962424,0.07557639454811928
5202,91.0,0.024551596215593666,0.02371128061931298,0.07481842251681448
5202,92.0,0.024611829460941908,0.023889580751553306,0.07469616239539979
5202,93.0,0.025712748804027307,0.02514049397704608,0.07548404850858605
5202,94.0,0.024878591512452374,0.024273485856119388,0.07542524609798369
5202,95.0,0.024432848296167185,0.023872612742990903,0.07508730493423567
5202,96.0,0.023614714948676604,0.02302324442906323,0.07411887271552746
5202,97.0,0.02367409471776336,0.023165912005357635,0.07425088593614616
5202,98.0,0.022641568963729628,0.02213018247946065,0.07422236636776623
5202,99.0,0.022327367284866475,0.02185920284967601,0.0740304065710813
5202,100.0,0.022081513214929138,0.02159563542418944,0.07390107380663735
5203,0.0,2.9066038639870517,5.408116675855963,6.564657815288973
5203,1.0,0.5103940888624643,0.5164357296631187,1.3027501865138225
5203,2.0,0.4414242253271685,0.4289708124208057,1.1156525367573713
5203,3.0,0.4164040818813939,0.3952133461824386,1.0450342992324353
5203,4.0,0.3847167826083313,0.36223622690207846,0.9626470949014483
5203,5.0,0.36793642264779564,0.3455424498377204,0.9115292495132221
5203,6.0,0.3462095982157334,0.3255592272639191,0.8469120068850908
5203,7.0,0.33070412298577934,0.3117190271969629,0.8066443771444309
5203,8.0,0.3244583461398936,0.3068803225346197,0.7870304450774704
5203,9.0,0.3178168215386421,0.30240947040829774,0.7588134265234885
5203,10.0,0.3095262542770526,0.2955468714693009,0.7257971385879864
5203,11.0,0.29793084974200235,0.28498030603530405,0.6908009038938722
5203,12.0,0.29561275677623067,0.28398389296052606,0.6722127287873513
5203,13.0,0.2870386030589029,0.2765798387068651,0.6480079343855562
5203,14.0,0.2822499301767244,0.27259091258731294,0.6319110422759693
5203,15.0,0.27100146144489473,0.26217292735096287,0.6032538398193001
5203,16.0,0.2634632898385142,0.2558657558799112,0.5784152563889923
5203,17.0,0.2561212176888239,0.2488733119438468,0.5588108857018408
5203,18.0,0.24964360935455004,0.24281542631241865,0.5421323056838605
5203,19.0,0.24268460290231048,0.23627573872455743,0.523399045512135
5203,20.0,0.24073979370982468,0.2351675386864029,0.5091686809344678
5203,21.0,0.23776530933020693,0.23281239609994872,0.4954832100058129
5203,22.0,0.23115035710800988,0.22639654363291095,0.4788005472913774
5203,23.0,0.22981540391959582,0.22586636354494916,0.4645675977164663
5203,24.0,0.22713792593051527,0.2237192099200231,0.45056689106208
5203,25.0,0.22011711784567625,0.21684550724259788,0.4316103363632201
5203,26.0,0.21325333926086854,0.2099115413393588,0.4141808992918488
5203,27.0,0.2093027002253341,0.20627999306205183,0.40258578211056234
5203,28.0,0.20536210775290575,0.20269796295256892,0.3881087479239421
5203,29.0,0.20166810326041937,0.1992373844267476,0.3755675603170033
5203,30.0,0.19626223757331118,0.19383220266991147,0.36194797555573055
5203,31.0,0.18988672109467333,0.1876708517744333,0.3481615027321579
5203,32.0,0.1846621737589862,0.18269475435113877,0.3337193343677124
5203,33.0,0.17864582822165392,0.17674578345939498,0.32120782965346245
5203,34.0,0.16917178768380525,0.16713825241248495,0.30358874565378824
5203,35.0,0.1646943948500078,0.1628212694463682,0.29222371342878584
5203,36.0,0.15950712915186185,0.15758514820144445,0.2801237141549929
5203,37.0,0.16237435957730395,0.16078427773337833,0.27709087380319836
5203,38.0,0.16210146212547358,0.16057008151839425,0.2732407120523319
5203,39.0,0.15938733483143083,0.15797755371509425,0.26746609063096294
5203,40.0,0.15953352935615459,0.1582481757234022,0.2646137400150628
5203,41.0,0.15419764684181428,0.15297335074191645,0.2542103301368662
5203,42.0,0.1524306272570427,0.15134240941128008,0.2483770522656436
5203,43.0,0.14870495530513744,0.14776503623861867,0.23951299746860097
5203,44.0,0.14783597825590306,0.147135178172837,0.2346738587727348
5203,45.0,0.1466813593995687,0.14603024555536478,0.23171225404079107
5203,46.0,0.14432556202259897,0.14376271013568748,0.22762273339265307
5203,47.0,0.1426078358823858,0.1422547188167727,0.22254034921789587
5203,48.0,0.1404703607533765,0.14017461800009715,0.21838063158900997
5203,49.0,0.13744359825994598,0.13727996180833,0.21170085222133778
5203,50.0,0.13213998155444853,0.13194580633283945,0.20464213223992214
5203,51.0,0.12592671885711765,0.12582410394047452,0.19556886040235266
5203,52.0,0.12157409035832795,0.12150980947697579,0.18958023072557448
5203,53.0,0.11771178555927886,0.11773593805992379,0.18350104137348672
5203,54.0,0.11634593907087512,0.11657759721493433,0.17975582644394686
5203,55.0,0.11404930315400687,0.11442457009571938,0.1751567272325967
5203,56.0,0.11227563420506849,0.11270008861669607,0.17095397056912423
5203,57.0,0.11006387226741823,0.11057337294759394,0.16689230617324896
5203,58.0,0.10721818492271251,0.10791352033430865,0.16319444815849946
5203,59.0,0.10563486532960938,0.10637099183180276,0.16073767953457932
5203,60.0,0.10369791957855831,0.10447037117020956,0.1569624300980846
5203,61.0,0.10145414130304459,0.10226375818520278,0.15389208628513634
5203,62.0,0.0987391849271501,0.09954611855112967,0.15111760626865545
5203,63.0,0.09765902907045954,0.09845118404146767,0.14910358753083375
5203,64.0,0.09534495144662167,0.0960503370845053,0.14597135117600377
5203,65.0,0.09148875774803715,0.0921276088936031,0.14106129007102713
5203,66.0,0.09077381685713096,0.0914691637404847,0.1382392495891361
5203,67.0,0.08884257790035802,0.08953981943738823,0.1355045631261601
5203,68.0,0.08552494376027386,0.08619359867273453,0.13180529122195625
5203,69.0,0.0834515685604557,0.0841385511491533,0.12907769716681095
5203,70.0,0.08108483953459908,0.08175326646713772,0.1256607876464024
5203,71.0,0.07747893961309948,0.0780923857840737,0.12221708184448496
5203,72.0,0.07508510321779191,0.07571833895078998,0.11974475617191317
5203,73.0,0.07248653098608895,0.07313639240328247,0.1170190577728217
5203,74.0,0.07284557821286732,0.07361411685626125,0.11649384275266798
5203,75.0,0.07117852148972349,0.07197963176656405,0.11453999592254678
5203,76.0,0.06799414253708697,0.06874882998155006,0.11152988448546368
5203,77.0,0.06452998831286312,0.06524599236953682,0.10858600954302752
5203,78.0,0.062218858612629095,0.06294866511890145,0.10681316683355006
5203,79.0,0.06183331591907038,0.06256937267921424,0.10607864528029891
5203,80.0,0.05931835095739055,0.060074195422848274,0.10432179128667837
5203,81.0,0.05699742384784235,0.05776735081764325,0.10280716233815998
5203,82.0,0.05701406064648773,0.05786513008105419,0.10284173524081909
5203,83.0,0.0572855613747695,0.058190998055611245,0.10292641597595344
5203,84.0,0.055802410974037535,0.05669177271169634,0.10250458641082832
5203,85.0,0.053980352602115804,0.054855725445486184,0.10199353465608686
5203,86.0,0.052338217351138736,0.053261478989164286,0.10156102007102433
5203,87.0,0.05122579896970165,0.052222117270875536,0.1011171847485512
5203,88.0,0.05077286214207562,0.05181398018921337,0.10135274306957008
5203,89.0,0.05075643286940594,0.051803699971286,0.10185592609831744
5203,90.0,0.05026796509720864,0.05130988913278243,0.10240836316074434
5203,91.0,0.04988507469869279,0.05085119690937688,0.10228050674500694
5203,92.0,0.04875642191594358,0.04967228275166189,0.10161211784865279
5203,93.0,0.04816103046259792,0.04905407335252826,0.10127759792298732
5203,94.0,0.047464102227624386,0.04833732984536639,0.10193007633301623
5203,95.0,0.046848941857412015,0.04769338455052878,0.10254852019497016
5203,96.0,0.045350467956695964,0.046203933072418435,0.10170814753528634
5203,97.0,0.04479768009125475,0.045675817473066316,0.10178054322128917
5203,98.0,0.045449538050636916,0.04634874573593581,0.10300108027298711
5203,99.0,0.04566081787907736,0.04660318430178526,0.10373038670063336
5203,100.0,0.0456354740713716,0.04656525113661982,0.10335894893184158
5204,0.0,2.9066038639870517,5.408116675855963,6.564657815288973
5204,1.0,0.6203437003365764,0.5919504517090386,1.54925844788086
5204,2.0,0.5594565755041827,0.517018253498746,1.4116781103238067
5204,3.0,0.5080759812042648,0.46543820102327005,1.3132595511964513
5204,4.0,0.4710241401162673,0.4306690382874539,1.2309133318942527
5204,5.0,0.4163846075574865,0.38009082273163886,1.1097521899004468
5204,6.0,0.38606502452719454,0.3519272800511483,1.0442862782296252
5204,7.0,0.36252130104308494,0.33046584561846315,0.9900533593238199
5204,8.0,0.3422484481217367,0.3120263305389442,0.9399662185447955
5204,9.0,0.3252015573261066,0.2966872327060591,0.8962545334581651
5204,10.0,0.29954311964330205,0.27321154901929895,0.830782860108983
5204,11.0,0.2825953453467622,0.25779270021007233,0.788503173350102
5204,12.0,0.2698973011556661,0.24642640051761266,0.7549757191894892
5204,13.0,0.2544532099132885,0.23262196860051912,0.7116239673510034
5204,14.0,0.24345497196197402,0.2226860365435348,0.681678902614127
5204,15.0,0.229326414491212,0.21007582050041396,0.6397711993584925
5204,16.0,0.21442029141410776,0.19715580729442658,0.5923616782083937
5204,17.0,0.20162532131360092,0.18553869724240069,0.5551030192076412
5204,18.0,0.18739379323105995,0.1722044257260081,0.5157885306276802
5204,19.0,0.17860713281244978,0.1643984579687921,0.4880974017427849
5204,20.0,0.16740968597428108,0.1541338036326933,0.4550163969158369
5204,21.0,0.1589825858678658,0.1468131723485909,0.4266063433074923
5204,22.0,0.15185134918089696,0.14072615945250122,0.4027234533351111
5204,23.0,0.14725146358153485,0.1367629022158083,0.38787107716748126
5204,24.0,0.13820834623095907,0.12865782675729223,0.3596039391058853
5204,25.0,0.1310488311348645,0.12188490978937487,0.3402621722419774
5204,26.0,0.12661310447476082,0.11812826234815892,0.32248997070776625
5204,27.0,0.12101027218196306,0.11325664301367531,0.3023550943555102
5204,28.0,0.11467465414596438,0.10765515538697668,0.28283344599324806
5204,29.0,0.10574079342109342,0.09900250268532493,0.2619461971198235
5204,30.0,0.09919024724761642,0.0928350276981175,0.24508246623755153
5204,31.0,0.09462085632170116,0.0887235740179841,0.23176564066606173
5204,32.0,0.08906043646394164,0.08349697903747821,0.2192446242310252
5204,33.0,0.08510060080975897,0.08012641470377885,0.20671536226964976
5204,34.0,0.07696410420127624,0.0726238931807653,0.1886927683873379
5204,35.0,0.07185211350560741,0.06828650927188848,0.17533554715124666
5204,36.0,0.06480631374655603,0.0617198607047489,0.1639924261705064
5204,37.0,0.058849356283505815,0.05628516339287019,0.155447180155252
5204,38.0,0.05749060574471654,0.0556832183929332,0.15144073898926824
5204,39.0,0.05813546657779292,0.05700999287981944,0.14963042719724481
5204,40.0,0.05743638083617288,0.056777815548863415,0.14917425339850104
5204,41.0,0.05548906482999065,0.05500384651208509,0.1474550526363838
5204,42.0,0.052186804262071625,0.051945286187034194,0.14705461544453585
5204,43.0,0.04963937063567525,0.049563794567214395,0.14837044637846544
5204,44.0,0.047668813181385064,0.0476675101010736,0.1510571437315728
5204,45.0,0.0465184057818998,0.04651796520281748,0.1529850507127279
5204,46.0,0.04804355838169742,0.048352252852149724,0.1543607872730632
5204,47.0,0.0503695784577657,0.05082031496977623,0.1557667120033083
5204,48.0,0.04922199772698892,0.049622928924081405,0.15801632067097035
5204,49.0,0.05075143836245763,0.05124301541802653,0.1601282478599937
5204,50.0,0.05099710662385449,0.05160423364174277,0.16147565427089064
5204,51.0,0.05167368519045828,0.05240120018660314,0.16262595064390656
5204,52.0,0.05179463626191703,0.05257308644372451,0.16319528872034222
5204,53.0,0.04831606626531415,0.04904650671114976,0.16120483025912696
5204,54.0,0.04647958385560067,0.04713522778891295,0.16283225347039448
5204,55.0,0.0439850550886824,0.04453389504923293,0.16483674700300915
5204,56.0,0.04409430318440228,0.044563878547569574,0.16741241200706333
5204,57.0,0.04315606155905296,0.0435765120826191,0.16851553346183812
5204,58.0,0.04269188725826872,0.043094063427784234,0.17043990543550613
5204,59.0,0.041744224223334486,0.04217362678816449,0.1709847092130443
5204,60.0,0.04091732495065044,0.041293178190735545,0.1717580314148001
5204,61.0,0.04223105193600577,0.042667572516151685,0.17235764618973723
5204,62.0,0.0416978206987196,0.04220691217478052,0.17190333190061963
5204,63.0,0.04234317788422249,0.042976563842969884,0.1708097052816127
5204,64.0,0.04124599141753051,0.04176416755272023,0.17161625240987768
5204,65.0,0.04153460927521611,0.04197753953870892,0.17282352302979964
5204,66.0,0.0407251811192309,0.0409575241038318,0.1735320396686147
5204,67.0,0.04054640885111582,0.04071010972437705,0.17329478466151885
5204,68.0,0.04178791447614654,0.04202447739646804,0.17375855120480152
5204,69.0,0.042240820693120115,0.04242307537916424,0.1741740003392904
5204,70.0,0.041377612170391216,0.04142421393287978,0.1736321468437607
5204,71.0,0.041119977077223785,0.04105734094021369,0.17287742414199728
5204,72.0,0.04027728951289901,0.04004591352933071,0.17207810557297942
5204,73.0,0.03961234749426364,0.03927965941570478,0.17155353840557494
5204,74.0,0.03917191655035391,0.03871866569340524,0.1709053826973269
5204,75.0,0.03945713371159219,0.03889285446016431,0.17164818214737265
5204,76.0,0.03952314004718265,0.038894922346698176,0.17307838193906977
5204,77.0,0.03851251372870996,0.037840106226349375,0.17249729066503902
5204,78.0,0.03739934959695647,0.036633918140325024,0.172792774861142
5204,79.0,0.03707798852183403,0.03627256922114135,0.1722437159420631
5204,80.0,0.03635113641454309,0.03554441556279729,0.17056591021466974
5204,81.0,0.03523489658820845,0.03443106672284432,0.16806226898587856
5204,82.0,0.034739468228743874,0.03403201781409848,0.16598808631639358
5204,83.0,0.034455921282464275,0.03372769211984991,0.16472217508763276
5204,84.0,0.03355815424819852,0.032817346782070204,0.16221604775066908
5204,85.0,0.03417345281073606,0.033487786723001026,0.16189192562356974
5204,86.0,0.033500090786357566,0.03273500460325734,0.15982166334323164
5204,87.0,0.03210407140751854,0.031210080370005326,0.15843848797479818
5204,88.0,0.03213835840955959,0.03120836876099565,0.15800091292890206
5204,89.0,0.032148696328490274,0.03124056566405664,0.1570981984791127
5204,90.0,0.03224927688364076,0.0313174675330152,0.15598081172347006
5204,91.0,0.03136787008123641,0.030431267383206763,0.15368491422268923
5204,92.0,0.03037288761658939,0.029431388183030285,0.15104575946272458
5204,93.0,0.030719720814855533,0.029889429204393823,0.14976108400440308
5204,94.0,0.030198428383593528,0.02940048063408349,0.1476276949728123
5204,95.0,0.029700275759864468,0.02896900852750284,0.14493054098652686
5204,96.0,0.02943630981319487,0.028777766976483213,0.1431060179312413
5204,97.0,0.028635448066305077,0.02797289672502594,0.1409023500709747
5204,98.0,0.028905515640600954,0.02835659681295093,0.1392058255371854
5204,99.0,0.02887465956170868,0.028353532476625233,0.13814381378355053
5204,100.0,0.02996521864919099,0.029619156786909736,0.1372522740305442
5205,0.0,2.9066038639870517,5.408116675855963,6.564657815288973
5205,1.0,0.5238319245167624,0.5289672104786602,1.3828472080174317
5205,2.0,0.47896846839896695,0.45493628587539636,1.2756100697272568
5205,3.0,0.4483377310395591,0.41743405995875194,1.1848351591433997
5205,4.0,0.4094185923579493,0.3774992746155406,1.1005940491928488
5205,5.0,0.38115136557153306,0.350005733040016,1.024186132421111
5205,6.0,0.3564060426417767,0.3261712968963443,0.9605622934371657
5205,7.0,0.33547223063058074,0.30644316260891785,0.9028920257380519
5205,8.0,0.3141689917920409,0.287009476066731,0.8450683815023987
5205,9.0,0.29696754437838874,0.2713268475515033,0.8014521680933824
5205,10.0,0.2837619646793586,0.25937860092037707,0.7682705192889594
5205,11.0,0.26892131985143297,0.2459378830742155,0.7303527564014451
5205,12.0,0.2559124489713035,0.23438240436798938,0.6916068017687472
5205,13.0,0.24522073112475792,0.2245803302549745,0.6661400649058666
5205,14.0,0.23194388611176564,0.21238092833842767,0.6331198942544116
5205,15.0,0.2225037956685486,0.20383221409897584,0.6084287346333694
5205,16.0,0.21446677378904958,0.19669426218562625,0.5849031795277271
5205,17.0,0.2089629356399377,0.1920790504060494,0.5664718793376903
5205,18.0,0.20208683473552208,0.18595138434427363,0.5470622118001831
5205,19.0,0.1975110724993744,0.18209445633811522,0.5312962480996153
5205,20.0,0.18956474632776768,0.17480534418189267,0.5103350152411856
5205,21.0,0.1848947460628473,0.17080438207439735,0.49458132673024185
5205,22.0,0.18011681584829167,0.16639259277254476,0.481091326676288
5205,23.0,0.17786505153286591,0.16452688051213044,0.47216358003668346
5205,24.0,0.1729126029906147,0.15995286594393487,0.4590001796167941
5205,25.0,0.16771888119957912,0.15521907808773167,0.4449869679696317
5205,26.0,0.16176271392128563,0.14977770596923007,0.4294519003961406
5205,27.0,0.15860661658672262,0.1471279490505393,0.4198915513530302
5205,28.0,0.1556206391496732,0.14453694343508622,0.41032916338936454
5205,29.0,0.15131322619603627,0.14051832771147396,0.3996567435323107
5205,30.0,0.14866425025666954,0.13809135839691178,0.39241088242963923
5205,31.0,0.14794005476508637,0.137820393355142,0.38602365579675746
5205,32.0,0.14487081247516542,0.13508733674869713,0.3759122229732826
5205,33.0,0.14275286032694226,0.13308957460191384,0.37054387268420147
5205,34.0,0.14069331013571032,0.1312797730459014,0.36506919624286527
5205,35.0,0.137884540831894,0.12880704605028012,0.3563702569989728
5205,36.0,0.1351527581784587,0.12629266137178585,0.34992918574577314
5205,37.0,0.12958201680194115,0.12084643237381902,0.33860191472534507
5205,38.0,0.12878654315204555,0.12024208695781495,0.33387305167548675
5205,39.0,0.1274199485912302,0.1190209618283018,0.329886902893262
5205,40.0,0.12461200341418481,0.11644678821107829,0.3214049486467188
5205,41.0,0.12069505115893647,0.11267847722387472,0.3122336253039498
5205,42.0,0.11761786069801944,0.10960112795157342,0.30685521468540145
5205,43.0,0.1143524575209548,0.1064088162736407,0.3003255175511048
5205,44.0,0.11168417514132202,0.10379013650077534,0.29555926245419323
5205,45.0,0.1090563903597132,0.10127625078729825,0.2894873353927803
5205,46.0,0.10789124187800553,0.10023911674382807,0.28580331888413935
5205,47.0,0.1062356164930611,0.09876529737109506,0.27990569347021516
5205,48.0,0.10362628421593814,0.09631278104872629,0.2736514420167616
5205,49.0,0.10069503316820048,0.0935435682979727,0.2663606603097723
5205,50.0,0.09962151713763633,0.0926379169021037,0.26228780297405574
5205,51.0,0.09791311526985494,0.09103768950890243,0.2588320960189099
5205,52.0,0.09721422559297593,0.0904875737825035,0.25587990834120966
5205,53.0,0.09578379730609113,0.08913422235151902,0.25323683617664083
5205,54.0,0.09391337817447837,0.08733092703643303,0.2490655251989329
5205,55.0,0.09180411719193782,0.08520985620036627,0.24551975462966855
5205,56.0,0.08969811020040633,0.08321618922456271,0.24091261083702883
5205,57.0,0.08853570256146756,0.08214237635309882,0.2380141314677293
5205,58.0,0.08729056650624459,0.08096918077308889,0.2349706536726745
5205,59.0,0.08596098190564214,0.07976459730159462,0.23048493507443338
5205,60.0,0.08394846763658481,0.07784197818191006,0.22579067397360658
5205,61.0,0.08264316339630268,0.07664371719363759,0.22218707704555288
5205,62.0,0.08172578252338797,0.07586244510299253,0.21883728328490584
5205,63.0,0.0802272965082822,0.07440172183766892,0.2157825248937993
5205,64.0,0.0794782997244247,0.07376408634297972,0.2125164945743146
5205,65.0,0.07895633496924877,0.07328632982805348,0.2107254332321827
5205,66.0,0.07900090523798953,0.07340022165640708,0.2099777062002561
5205,67.0,0.07870258828804723,0.07315925621175272,0.2094447845895598
5205,68.0,0.07790486293558996,0.07241452005002082,0.207408448106575
5205,69.0,0.07732138678340389,0.0719334213173275,0.2050634588447871
5205,70.0,0.07701052065571486,0.07165056800417036,0.20408541352565246
5205,71.0,0.07605951505658379,0.07076207295107767,0.20130537453238967
5205,72.0,0.07486764089813412,0.06967943290702992,0.19762482692566805
5205,73.0,0.07432094825761686,0.06924040839074261,0.19499793322752185
5205,74.0,0.07381253607427819,0.06892415623034323,0.19133669161961722
5205,75.0,0.07337764631700472,0.06859927952468059,0.18918678507678804
5205,76.0,0.07243896575149063,0.06777002922649356,0.18596065571024237
5205,77.0,0.07208623515988832,0.06760537171995791,0.18246242082691494
5205,78.0,0.07148769074208,0.06710317935501908,0.17995408700567408
5205,79.0,0.07065105252383162,0.06631902563767515,0.17833808651461464
5205,80.0,0.07019549073481879,0.06595341913601475,0.17658984834457014
5205,81.0,0.06889817950609574,0.06470874734975701,0.17395365603646343
5205,82.0,0.06769456381790097,0.06352649641553396,0.17125700118061168
5205,83.0,0.06705425469068636,0.06283957289324733,0.1700848273775163
5205,84.0,0.06690866078978515,0.06275719317713441,0.16889758827635892
5205,85.0,0.06707258235657643,0.06296318457208422,0.16817302974829432
5205,86.0,0.06686579357008393,0.06278764899719452,0.16746287924613984
5205,87.0,0.06684851540868664,0.06284875510965285,0.16633416443253823
5205,88.0,0.0671056827230846,0.0631231539683228,0.16616651921017903
5205,89.0,0.0670634290327238,0.06312486837810351,0.16523561429307385
5205,90.0,0.06665506553705612,0.0628003652979637,0.16387710782472473
5205,91.0,0.06646457760221577,0.06267790999346522,0.1627061748082864
5205,92.0,0.0655207910042778,0.06183608260352527,0.1602301050268031
5205,93.0,0.06536341379598325,0.06174506249402903,0.15922935364305482
5205,94.0,0.06495091553795887,0.061350652750294644,0.15797912230827582
5205,95.0,0.0642457990695505,0.06065960182993001,0.156603035586886
5205,96.0,0.06403174907089966,0.06055344284947512,0.1549645611952205
5205,97.0,0.06379649817076678,0.06036694368628688,0.1538662155663734
5205,98.0,0.06373189148623251,0.060341609027606685,0.15338002067866507
5205,99.0,0.0630229084536147,0.059642206423291884,0.15247910717387653
5205,100.0,0.06232851584076456,0.05899357442933644,0.15092432057817312
5206,0.0,2.9066038639870517,5.408116675855963,6.564657815288973
5206,1.0,0.5046843858068915,0.5129433903169307,1.2177297493720296
5206,2.0,0.45429737533473435,0.4464640953166205,1.0894427171156182
5206,3.0,0.4331551147044605,0.4263850815597222,1.0119813563782856
5206,4.0,0.39720792543269934,0.39084015691486573,0.9299095829918064
5206,5.0,0.3805722149264743,0.373598898656376,0.8753772392931858
5206,6.0,0.3623865774564998,0.354417791865843,0.8179741660216776
5206,7.0,0.3468604203690857,0.33965423838799924,0.7749804907305373
5206,8.0,0.33670673078127955,0.33014426594954066,0.740250901521264
5206,9.0,0.3320987729989745,0.32612889402136885,0.717022713842511
5206,10.0,0.3275636184640171,0.3218924863883981,0.6930491349539832
5206,11.0,0.31858273590080427,0.313375560558725,0.663124122247046
5206,12.0,0.30129311194769215,0.29556429426116276,0.6366416627040219
5206,13.0,0.28536482050685374,0.2787537423320084,0.6138006535995267
5206,14.0,0.27451661919165904,0.26774260135692307,0.5875207762203845
5206,15.0,0.2656475024601409,0.2591371713932258,0.5608939166676536
5206,16.0,0.248545287353736,0.2421210882782499,0.5264494959592517
5206,17.0,0.23898899967882942,0.23291184799396358,0.5063882472333265
5206,18.0,0.23286326255719283,0.22723140589650415,0.4895542372346256
5206,19.0,0.2246708162797312,0.2191537215001135,0.47233903692096374
5206,20.0,0.21852466912984383,0.2130779303958581,0.4575297565559917
5206,21.0,0.2106196590671844,0.20570153287831588,0.4365932019989096
5206,22.0,0.20226917362653007,0.19817273845254754,0.41579834838836416
5206,23.0,0.19249074449256054,0.18879044363886727,0.39303309739916614
5206,24.0,0.18169171990311048,0.17810170095960814,0.3736106604901639
5206,25.0,0.17641923293062572,0.1731866668257983,0.3577359748420866
5206,26.0,0.171119126287243,0.1681123853725351,0.34232534920950874
5206,27.0,0.1644472415647396,0.1618377548578862,0.32165754509770905
5206,28.0,0.1558419749332118,0.15313167302145728,0.3067065376040323
5206,29.0,0.1445942380805743,0.14187142082473406,0.28754407004841614
5206,30.0,0.13690535530188208,0.13424835272423832,0.2716021172222531
5206,31.0,0.12964700112339553,0.12682957932145633,0.2591954003396233
5206,32.0,0.12736550645209466,0.12464785944242956,0.25358441359312756
5206,33.0,0.12619757903298542,0.12380354716544646,0.24630900871456282
5206,34.0,0.12144865205200574,0.11931063389173571,0.23573136179287557
5206,35.0,0.11789403464786942,0.11591473702401842,0.22648883669071443
5206,36.0,0.11225106762724207,0.11027553901079461,0.21837281806017428
5206,37.0,0.10929022557787531,0.10750464886725142,0.2105216814935811
5206,38.0,0.10443574961500132,0.10276145924372655,0.20206999758408412
5206,39.0,0.10295722614473012,0.10152885202537139,0.19741043621332183
5206,40.0,0.1005711903998296,0.0991759553723801,0.19370073294574697
5206,41.0,0.09791861671764333,0.09662505177513733,0.18751012629360092
5206,42.0,0.09339808315533529,0.09193513540178838,0.18030774641300978
5206,43.0,0.090844506389225,0.08948046541110329,0.17425688798435165
5206,44.0,0.08944856762140466,0.08812069466201908,0.1702184160565566
5206,45.0,0.08615016353165983,0.08486433439394565,0.1630762147344379
5206,46.0,0.07984999543705641,0.0783656510231753,0.15453625279128871
5206,47.0,0.07908690849440264,0.07778764875396123,0.15064592367128327
5206,48.0,0.07722182900786996,0.07599320000589466,0.14738772767590966
5206,49.0,0.07452205748836113,0.07337363384929757,0.14313852202078955
5206,50.0,0.07220192792037292,0.07104642294655475,0.14058927347343708
5206,51.0,0.06928488163948665,0.0681630497556569,0.1352575506901467
5206,52.0,0.06941120562026365,0.06840497333330664,0.13328929779474966
5206,53.0,0.06906045363686086,0.06827103387879287,0.13062463098704816
5206,54.0,0.06867177993122493,0.0679766334250424,0.1291445862063687
5206,55.0,0.06866036119928484,0.06802392373381608,0.12741415540538364
5206,56.0,0.06742639667923413,0.06670293708936299,0.12630764854794224
5206,57.0,0.0669824237653358,0.06618370580596536,0.12460261852243033
5206,58.0,0.06696996728847243,0.0663089212460607,0.12288955264127131
5206,59.0,0.0661815404360674,0.06559471100711063,0.12050598976600164
5206,60.0,0.0644050958462626,0.06372760985293462,0.11941082872869867
5206,61.0,0.0616383394390989,0.060773310309161464,0.11678865285070779
5206,62.0,0.06056265733040235,0.05968123886748585,0.11504941384577286
5206,63.0,0.06077280409685415,0.05995652954140401,0.11385043843456258
5206,64.0,0.061447948990457045,0.060712016873203156,0.11358170079539018
5206,65.0,0.06173620869197502,0.061032138313728945,0.11237103393310671
5206,66.0,0.060940546331830624,0.060294345036785504,0.11020681343069313
5206,67.0,0.05999281297022271,0.059294128594143125,0.1084341261062971
5206,68.0,0.058647575946622295,0.05783568678550202,0.10768792148266608
5206,69.0,0.05768247377507764,0.056789875042266465,0.1065953510786656
5206,70.0,0.05820782538127824,0.05736992645547838,0.106878774360715
5206,71.0,0.05781535688772383,0.05697361520016162,0.10647115537467948
5206,72.0,0.055981720384779096,0.05503120275089377,0.10558113870552599
5206,73.0,0.05540025087908663,0.05448993116661683,0.10425929250421277
5206,74.0,0.0542648363008312,0.05336148342821234,0.10388108574836986
5206,75.0,0.05390599243938753,0.05292834071542692,0.10423602055327642
5206,76.0,0.05137376063829672,0.05022127437892634,0.10310562396454136
5206,77.0,0.04964258596094592,0.04839684134413708,0.10133185382744875
5206,78.0,0.04865659254535057,0.0473856824668222,0.09999303560231426
5206,79.0,0.04855810174261014,0.04723725655327667,0.10011597035570798
5206,80.0,0.04795379982106091,0.0465701552873898,0.10006954773035685
5206,81.0,0.04714988782929792,0.04564051376310203,0.09984031941658865
5206,82.0,0.04672689989597554,0.04522465740777901,0.09902176602573068
5206,83.0,0.045952137382459526,0.04440670556110831,0.09875825653544605
5206,84.0,0.04591266546107194,0.044358960151457134,0.09905865919020258
5206,85.0,0.045849334360071645,0.04425972821982703,0.0995881148188117
5206,86.0,0.04641869952729463,0.04493974909819601,0.10035506457378765
5206,87.0,0.04667462978892012,0.04521924175327852,0.10035045441682772
5206,88.0,0.04675153442013874,0.04530923193563169,0.10046944444613619
5206,89.0,0.046316398004788456,0.04476637431644177,0.10020927270467175
5206,90.0,0.04593040081189472,0.04426801208788129,0.10057022087905815
5206,91.0,0.045592568431260604,0.04387276028873188,0.1016717583097068
5206,92.0,0.04614956609977075,0.044432156860259336,0.10286017284440929
5206,93.0,0.045943341741324056,0.04415227834133528,0.10384873402302724
5206,94.0,0.04574502242316854,0.04391453703839115,0.10440851729972805
5206,95.0,0.045193961923024,0.043273958707698915,0.10478058410222983
5206,96.0,0.04456589272307544,0.04253932217700324,0.1046334820421989
5206,97.0,0.04458530530127471,0.04252181496701266,0.1053610039761882
5206,98.0,0.04452840206159264,0.0423895413759531,0.10610069347051265
5206,99.0,0.04431263325812217,0.04212989139952626,0.10678325158238142
5206,100.0,0.04417730643874802,0.04197345167807614,0.10716570740266958
5207,0.0,2.9066038639870517,5.408116675855963,6.564657815288973
5207,1.0,0.536464716468703,0.5125770328829404,1.4015059598325628
5207,2.0,0.4524638910813332,0.4226809361408983,1.2074304024543108
5207,3.0,0.3988051388542433,0.36814779982017626,1.0786819543162796
5207,4.0,0.36051295645419307,0.3304701014595756,0.9845718423637617
5207,5.0,0.3346271390485482,0.3058860390012024,0.9179484803145903
5207,6.0,0.3087454557452417,0.28211438522063254,0.8467573051512234
5207,7.0,0.2873389241650997,0.26323015614165424,0.7864485152128587
5207,8.0,0.2766093280231544,0.25417072838037197,0.7491304295964732
5207,9.0,0.26595473479027004,0.24490247056471426,0.7103603771054059
5207,10.0,0.2581425333383719,0.23861987007993957,0.6805793136585515
5207,11.0,0.25048929136317105,0.23270095508440197,0.6483765143960611
5207,12.0,0.24282966204088868,0.22677457278939453,0.6197218290506645
5207,13.0,0.22975589471892796,0.21461557087062752,0.5909392312196761
5207,14.0,0.21861804228102683,0.20396703651621595,0.5658062698464219
5207,15.0,0.2108646687300407,0.19699048285686577,0.5427316352251992
5207,16.0,0.20476639415620446,0.19162519001598624,0.5253237423201984
5207,17.0,0.19947114830296553,0.1871971848487126,0.5054690427617023
5207,18.0,0.19196497979505409,0.1805353448297963,0.4800780495001838
5207,19.0,0.18616240814786916,0.1755112556694344,0.46307286483504306
5207,20.0,0.18163104423646165,0.17166436147151065,0.4430136261348335
5207,21.0,0.17327516863091139,0.16367935999538188,0.4219644431693216
5207,22.0,0.1635310493257867,0.15404400478743535,0.4016233143242139
5207,23.0,0.1588867156956452,0.1499792479069251,0.38707147778234813
5207,24.0,0.15404348004673588,0.14542275174828453,0.3723541681508158
5207,25.0,0.15179576891166635,0.14346554038406314,0.36206216377799233
5207,26.0,0.1461165386299285,0.13786877267449785,0.3498658610278866
5207,27.0,0.14421713747967457,0.13630804866550586,0.3417412040641791
5207,28.0,0.1415810202719296,0.13390613107977561,0.33427042865536766
5207,29.0,0.138834672967402,0.13139448757575609,0.32508470019254965
5207,30.0,0.13666258372369852,0.1296986106635034,0.3149634360247625
5207,31.0,0.13458511624156885,0.12820219368310187,0.3031904209244402
5207,32.0,0.12995042805906085,0.12379319765300105,0.29155856571891436
5207,33.0,0.12503128549072065,0.11909653254313718,0.2801555240351019
5207,34.0,0.12035592596137924,0.11455095758665325,0.27050975924697207
5207,35.0,0.11604973429801028,0.11021827808422482,0.2639992184768468
5207,36.0,0.11116331738957305,0.1055621257974377,0.25511043902623637
5207,37.0,0.10763033913061655,0.10231240743841181,0.24471000793570405
5207,38.0,0.10498220969755287,0.09984880343481577,0.23753194079310802
5207,39.0,0.1040000531150224,0.09916117803706129,0.2304231137175655
5207,40.0,0.10110082057513342,0.09641584788297733,0.22264367785638037
5207,41.0,0.09694913567049449,0.09242169121031699,0.213558157533513
5207,42.0,0.09368207548251735,0.08930350327873772,0.20616188966177953
5207,43.0,0.09190773262980036,0.08778630247388819,0.19950571196211472
5207,44.0,0.08800321666963565,0.08404005196218384,0.19172751498139579
5207,45.0,0.08524177019121199,0.08134227223032998,0.18566837521361235
5207,46.0,0.08468056627808217,0.08105986507772726,0.18091509738247696
5207,47.0,0.0831853843515599,0.07982735029282689,0.17500146062224856
5207,48.0,0.08211702729551537,0.07892700750840861,0.17117766554405212
5207,49.0,0.08103386377026821,0.07799954649446336,0.16748550790758537
5207,50.0,0.07938980362287344,0.076475309798399,0.16350919947842113
5207,51.0,0.07782800740540044,0.07492454953537332,0.16015768832811575
5207,52.0,0.07718000695694627,0.07444017951677849,0.1574758381760185
5207,53.0,0.07577538900721992,0.0730849920696318,0.1551419211436256
5207,54.0,0.07272846012748013,0.0701141904951329,0.15068219231966273
5207,55.0,0.07080766935775797,0.06825665196446067,0.14658077246122223
5207,56.0,0.0693053863467144,0.06683501282584689,0.14398833629682786
5207,57.0,0.06700617725469418,0.0644374350006097,0.14131619568942128
5207,58.0,0.06592015173850993,0.06331624186706235,0.13949989177196398
5207,59.0,0.0651956791429192,0.06276610954673165,0.136790089993008
5207,60.0,0.0641034875432606,0.06186936101992085,0.1340619753579134
5207,61.0,0.0621625402847465,0.059899227397979045,0.13081981309723914
5207,62.0,0.06095973866861323,0.058719448147625704,0.12946460883208785
5207,63.0,0.06096842804457075,0.058759092307978156,0.129444563748547
5207,64.0,0.05908159377227133,0.05693199738028495,0.12639237926299962
5207,65.0,0.05663366690712668,0.05449016328628533,0.12367889413983232
5207,66.0,0.05482965827211021,0.05271209574415679,0.12171032181525261
5207,67.0,0.053405999715304686,0.05133119148723882,0.11974097517522475
5207,68.0,0.05319067929114839,0.0511160020173571,0.11932120695373313
5207,69.0,0.05229375856386657,0.050214099068877506,0.11783682811060188
5207,70.0,0.052775101046550935,0.050832842456941356,0.11706055208377462
5207,71.0,0.05260719275919168,0.050756141190805855,0.11531729345871625
5207,72.0,0.0520888395107455,0.05025750476390375,0.1147070123835186
5207,73.0,0.05070799155371523,0.04889765785829605,0.11296646144823698
5207,74.0,0.04953030311087889,0.04771890493696601,0.1109662695932392
5207,75.0,0.04857213469540303,0.046743717963898236,0.10975583404792275
5207,76.0,0.047189398333951,0.045319679718372266,0.10852655514154133
5207,77.0,0.04501095441411031,0.04312227628479452,0.10599177788180852
5207,78.0,0.04423034443641996,0.042399700828410575,0.10424465856816915
5207,79.0,0.04406397466390624,0.04233031026698495,0.1031678238522923
5207,80.0,0.043123745121337334,0.04133989992340078,0.10250864717468196
5207,81.0,0.04218889069621613,0.04040070361263326,0.10162066565810951
5207,82.0,0.04207176888059985,0.040306532086361535,0.10108399375009207
5207,83.0,0.04124498578217076,0.0394590332058859,0.10024422533511783
5207,84.0,0.0399628491284255,0.03811240041227846,0.09888708068608473
5207,85.0,0.039228468852428755,0.03736055574786498,0.09825342490609507
5207,86.0,0.038680698696626784,0.03675475195013121,0.09754165836296293
5207,87.0,0.03923651726154316,0.037359150331738714,0.09757668747820666
5207,88.0,0.03884642547974058,0.03694100256759611,0.09687018407403133
5207,89.0,0.03913667948411638,0.03722674430826653,0.09658558152186883
5207,90.0,0.039105319681985266,0.03721547554648604,0.09581703663735502
5207,91.0,0.03798539713467009,0.03604594381301036,0.09472922196649537
5207,92.0,0.0374365836967454,0.035471341673160836,0.09408888219228487
5207,93.0,0.03728392956920287,0.035377585694175824,0.09367280704069603
5207,94.0,0.03709611381547501,0.035165545547440176,0.09381743564693791
5207,95.0,0.03700071435754949,0.03507647847657915,0.09398453432234488
5207,96.0,0.036246052037855386,0.034275811158408755,0.09356382217487501
5207,97.0,0.035701372908760846,0.03373999437001163,0.09241703181173515
5207,98.0,0.03550661874179739,0.033577189091341685,0.09183531827743176
5207,99.0,0.03495202150157474,0.0329947083033897,0.09144059024015981
5207,100.0,0.03494543386210179,0.0329354324019681,0.09189367772111397
5208,0.0,2.9066038639870517,5.408116675855963,6.564657815288973
5208,1.0,0.4463012894027695,0.4571515711341566,1.228182422574981
5208,2.0,0.3716184676729535,0.35901085271413274,1.057253168386674
5208,3.0,0.3313649654362062,0.31023766750025317,0.9601195420013393
5208,4.0,0.30141652822806214,0.2803000673425113,0.8742454839739012
5208,5.0,0.2806804352876409,0.2604392845584761,0.8065383625121465
5208,6.0,0.2628648031059185,0.24293724905459962,0.748663140807993
5208,7.0,0.24398112966801494,0.22639789276630326,0.6878386676152313
5208,8.0,0.22835175071944955,0.21173516717673171,0.642440148099973
5208,9.0,0.21925771977249528,0.20343719721430373,0.6137763851718084
5208,10.0,0.2116020950579486,0.1960443078709191,0.5870678621336589
5208,11.0,0.19961024673717292,0.18450161830959208,0.5562715645490375
5208,12.0,0.19275838753906321,0.17847526262321237,0.5321586004695197
5208,13.0,0.1857500026982684,0.1724023861434247,0.5060493083813793
5208,14.0,0.181727064130985,0.1692006068978063,0.4897028127466844
5208,15.0,0.17130435931580806,0.15924773743505546,0.4640867114697736
5208,16.0,0.1618299235366404,0.15033547624968177,0.43788792263494336
5208,17.0,0.15641101996817197,0.14561217187134037,0.41923950487574435
5208,18.0,0.15103376614132413,0.14090240251420288,0.40080049403355167
5208,19.0,0.14586425335817452,0.1366282470323472,0.38267350373161424
5208,20.0,0.13804634274081634,0.1295604869016672,0.3577014067932324
5208,21.0,0.1343214767271516,0.12628159942640027,0.34378637346834295
5208,22.0,0.1297839373101695,0.12179558008019709,0.33497800448642145
5208,23.0,0.12657015512058814,0.11885384207180008,0.3258107582336553
5208,24.0,0.12358590170566003,0.11604026151072684,0.3158994311453312
5208,25.0,0.11959195746695934,0.11228267286113625,0.3046845358628738
5208,26.0,0.11666965257634684,0.10993738166666488,0.2925892631978826
5208,27.0,0.11351472732137008,0.10750639567708922,0.2760231225267347
5208,28.0,0.10875305579919703,0.1030265328300163,0.26435309624331943
5208,29.0,0.10525967435842896,0.09970673071331373,0.25403193794388607
5208,30.0,0.0999351301698991,0.09457178652197636,0.24177635469302167
5208,31.0,0.09299377516863072,0.08778365577578016,0.22642482992370602
5208,32.0,0.0893892755830446,0.08471699598848939,0.21421201356252648
5208,33.0,0.08829209698275271,0.0843507552744779,0.20462292812457267
5208,34.0,0.0846643873344153,0.08107859984970418,0.19432421484247395
5208,35.0,0.08022846014719408,0.07680583100658561,0.18496713565514855
5208,36.0,0.07600684069632616,0.07267572797972045,0.17634508264959345
5208,37.0,0.0741555422320673,0.07110773953485083,0.1698270512013691
5208,38.0,0.07386070246456702,0.07112841378392841,0.16624522147571405
5208,39.0,0.06940964830424565,0.06670909402384557,0.1585875089294414
5208,40.0,0.06830814138439918,0.06577205365862578,0.15438212001160675
5208,41.0,0.06721210098304395,0.0648414898213812,0.15031578056226608
5208,42.0,0.06603972463166467,0.06365430817315065,0.1469310409888246
5208,43.0,0.06369623755618467,0.0614524481810101,0.14199771553465626
5208,44.0,0.06270275532215486,0.06057975769468745,0.13893491106496522
5208,45.0,0.06177957363054272,0.05978780185132426,0.13616911290169906
5208,46.0,0.061296727655654026,0.05933906965620897,0.13438406997051713
5208,47.0,0.06285201261524342,0.06120175550179497,0.13372296993252214
5208,48.0,0.06193691296098344,0.06050932564207957,0.13041963153685543
5208,49.0,0.06056971103244724,0.05924173207423757,0.12805276168234184
5208,50.0,0.06138110079132837,0.06010392503188623,0.12816643371335404
5208,51.0,0.06001896933787067,0.05862898611046718,0.12664571188619544
5208,52.0,0.05615725380385106,0.05467122474097593,0.12225969099078568
5208,53.0,0.05527495540739497,0.05381713124877529,0.12020465678011366
5208,54.0,0.055006170473066475,0.0534889481058761,0.11890542574161678
5208,55.0,0.05589724129017734,0.05462432979137749,0.11730763734065025
5208,56.0,0.056582683614183,0.055447241622950054,0.1165979752844884
5208,57.0,0.054946601233408686,0.05370228533275821,0.11450720986767364
5208,58.0,0.05418670479591716,0.0529586900477615,0.11300295002479405
5208,59.0,0.05550647548924972,0.05430945831664225,0.11361744929563102
5208,60.0,0.056089517814865916,0.054936834537158044,0.11339300733650004
5208,61.0,0.05641231909048428,0.05530774844074562,0.11301422361161151
5208,62.0,0.057105846704967746,0.05608229606253161,0.112845071007919
5208,63.0,0.05722878480039335,0.05632275844063737,0.11163828934929802
5208,64.0,0.05833780815352879,0.057598680581302214,0.11179973143793476
5208,65.0,0.05858545470055888,0.0580094140548655,0.11100266155646976
5208,66.0,0.05772796318913613,0.05724853426792798,0.10951454597329255
5208,67.0,0.057722989266833294,0.057317093447543495,0.10808887158018338
5208,68.0,0.05654909957117599,0.05619461098179656,0.10612532311505468
5208,69.0,0.05521420165496354,0.0548287547281535,0.10417509260600402
5208,70.0,0.05445126645729324,0.05414893190106953,0.10202929728752383
5208,71.0,0.05424382321253266,0.054102283046838374,0.10077114714738623
5208,72.0,0.05360305941120673,0.05358373434507087,0.09916459491691668
5208,73.0,0.053658536245472864,0.05372438479385866,0.09868116097440671
5208,74.0,0.05187259799404004,0.05192900865790208,0.09677837077178889
5208,75.0,0.05232578883801791,0.05242292050264291,0.09673361849381444
5208,76.0,0.05255017630534147,0.052622719802914754,0.09680649276208948
5208,77.0,0.05220782594050672,0.0523298957773941,0.09630051653047143
5208,78.0,0.051861852762770624,0.05200246642408351,0.09606539994500682
5208,79.0,0.05022546304520315,0.05026320544354998,0.09527488035226561
5208,80.0,0.05078826903989312,0.050810553854586306,0.09538350286666179
5208,81.0,0.05020875762817624,0.05015357123975563,0.09467476452740814
5208,82.0,0.049379630273678185,0.04932864128055556,0.0936727482978209
5208,83.0,0.04747185333652167,0.04738920924731249,0.09238652082653843
5208,84.0,0.04754660804816259,0.047519566410928644,0.09237980044443393
5208,85.0,0.047232487086744865,0.047259597038093085,0.09223419410281969
5208,86.0,0.045024808485316495,0.04500969462056813,0.09049121827387373
5208,87.0,0.043339292978023095,0.043265322406571737,0.08937475924969093
5208,88.0,0.042959916169971565,0.04288131372765606,0.08909021700910054
5208,89.0,0.041615518478198936,0.04147609323467738,0.08786308112379279
5208,90.0,0.0413955315782909,0.041242282924138764,0.08763399342123679
5208,91.0,0.04103189428429019,0.04091890590411408,0.08751343543214049
5208,92.0,0.040907941914237425,0.040777548251317845,0.08737785095503935
5208,93.0,0.04030609433862222,0.04016200659081504,0.08666542396021806
5208,94.0,0.04066573425832533,0.04055470549474291,0.08698256834587072
5208,95.0,0.04144763017438956,0.04140081556466419,0.08768118562001116
5208,96.0,0.04105035889926086,0.041002519477730294,0.0874937880066614
5208,97.0,0.0404890264482705,0.04044330224501457,0.08674268535584924
5208,98.0,0.04109684122971115,0.04112914783137395,0.08719173030021862
5208,99.0,0.041964083879219516,0.042053600658110916,0.08753107753999122
5208,100.0,0.0422689467550219,0.04238168842486664,0.08819822717585776
5209,0.0,2.9066038639870517,5.408116675855963,6.564657815288973
5209,1.0,0.5334084512385322,0.5699137350293613,1.2893970037228608
5209,2.0,0.4079355954273414,0.4187962401128424,1.0894662061003715
5209,3.0,0.364717136186482,0.36246327463821126,0.980637042900969
5209,4.0,0.3381131130959986,0.33300599614230353,0.9006810732050798
5209,5.0,0.3247843058731338,0.3187623425146352,0.8398146055151449
5209,6.0,0.3026961352626853,0.29525813690615293,0.7795126104810105
5209,7.0,0.29187524493555883,0.2847195544567757,0.7260483265376816
5209,8.0,0.27254345357383397,0.2653766226665756,0.6810171884630324
5209,9.0,0.2559384799078001,0.24830089356684304,0.6336411443358088
5209,10.0,0.24382644666443934,0.23688143969926295,0.594025975048075
5209,11.0,0.23606367089749564,0.22856784356058035,0.5684764340939651
5209,12.0,0.2354436642064973,0.22816606331166356,0.5482219866365342
5209,13.0,0.22368875928167695,0.21575656990975814,0.5229690984636111
5209,14.0,0.20680827254750753,0.198201360606283,0.4944007905487033
5209,15.0,0.19617129285822504,0.18720873826886894,0.4707969779461076
5209,16.0,0.182404317039785,0.17322387117577587,0.44583982022142016
5209,17.0,0.17283035997178536,0.1636554139870613,0.42599539122416935
5209,18.0,0.16421459500006466,0.15509805077249517,0.4076798291652348
5209,19.0,0.15510411875869543,0.14587453343999496,0.3870047185060801
5209,20.0,0.14379391555957194,0.13414960608914325,0.37096740156728714
5209,21.0,0.14071589398910506,0.13119328800251032,0.3627792175924654
5209,22.0,0.13785233654921306,0.12892352665760096,0.34838867597584866
5209,23.0,0.1327528417749323,0.12398912732803599,0.33761122124915643
5209,24.0,0.13265068945113914,0.12435563156048893,0.32999739457713545
5209,25.0,0.13032682880524865,0.12277111073312708,0.3177903235408222
5209,26.0,0.12846345806248768,0.1213789343352523,0.30822485653548254
5209,27.0,0.12721447658413174,0.12078727841949971,0.2973291786936316
5209,28.0,0.1223188927970388,0.1159497032604457,0.28882543135503874
5209,29.0,0.1163799399870589,0.11004289894482454,0.27864746379942273
5209,30.0,0.11042220888423455,0.10417412331453754,0.26602095706560835
5209,31.0,0.10791972389401945,0.10168185207486648,0.2614180218964096
5209,32.0,0.1072430404769952,0.10121167313881617,0.25521780053638643
5209,33.0,0.10360083495029171,0.09762222764352531,0.2476708463298654
5209,34.0,0.09991632467377498,0.09384222050626836,0.2421124205956036
5209,35.0,0.09798643877651611,0.09220628928526099,0.23343379680074788
5209,36.0,0.09400323225377558,0.0884292551808719,0.22355401133922045
5209,37.0,0.08928550661220346,0.08394956418912361,0.21352440777137358
5209,38.0,0.08720386224276407,0.0822339122987165,0.20523388519212768
5209,39.0,0.08428514695249459,0.07941250923328007,0.1987774175777875
5209,40.0,0.08194886015396058,0.07734554996752341,0.1912502666063571
5209,41.0,0.08043780366650792,0.07603353893596854,0.18605208276216156
5209,42.0,0.07922549422393872,0.0750381514751788,0.18136898565233742
5209,43.0,0.07672330693008429,0.07261568837681381,0.1770933369070786
5209,44.0,0.07327231125711321,0.06910983832196246,0.1721677532312469
5209,45.0,0.07103840464886854,0.06704060882753529,0.16516954522931354
5209,46.0,0.07046762463784662,0.06671660734252426,0.16141776856231768
5209,47.0,0.07027498074167948,0.0666757879424538,0.15914440338744135
5209,48.0,0.06858855615363024,0.06489556071385622,0.1582783814344455
5209,49.0,0.06690815590524515,0.06336074786044554,0.1542481137487566
5209,50.0,0.06564822607735274,0.062323938941966646,0.1505130868626449
5209,51.0,0.06398073779792524,0.060775776009961396,0.14699351748888181
5209,52.0,0.06362544517800003,0.06049898477025713,0.14551817795826366
5209,53.0,0.06143563075040676,0.05853084579340884,0.1392436193546146
5209,54.0,0.06064341167984322,0.05783629867008344,0.13657810432068204
5209,55.0,0.05938808188623509,0.056627022453177966,0.1333309845283692
5209,56.0,0.05656824519379848,0.05381540835545922,0.1285329673678236
5209,57.0,0.05353842924934886,0.0508057359330684,0.1231773635527511
5209,58.0,0.05132313667105541,0.04860730258997197,0.11917322252664704
5209,59.0,0.05083624226127012,0.04826017068845354,0.11654140548028176
5209,60.0,0.050327034391707166,0.04791774106646841,0.11450429655508243
5209,61.0,0.04956415669446378,0.0472608619077166,0.1121176331741521
5209,62.0,0.04974450044016723,0.047583812103126275,0.11054815990735735
5209,63.0,0.048402023899786095,0.046339136451072634,0.10778543313345551
5209,64.0,0.047876933959697894,0.04597776634142114,0.10508681764165675
5209,65.0,0.047056477473034417,0.04519152398319964,0.1030063338733055
5209,66.0,0.04740743018448765,0.04567959480099599,0.10159603254726299
5209,67.0,0.045934992868960085,0.0442393419690805,0.09912069561114933
5209,68.0,0.044931477343317615,0.04322192742259641,0.0971379326229273
5209,69.0,0.042798726746627304,0.0410280301407843,0.094789964148628
5209,70.0,0.04038422041096258,0.038545134646092515,0.0927718674735557
5209,71.0,0.04018458550330455,0.038396389215367616,0.09196630462403692
5209,72.0,0.039734959038038475,0.037986391012409734,0.09030278127896474
5209,73.0,0.039731904787288115,0.03805150905880425,0.08922092197486334
5209,74.0,0.04059740091947325,0.03908974873868784,0.08841350380487306
5209,75.0,0.04042874078664289,0.03899737745344219,0.08726903469118531
5209,76.0,0.039370191506107134,0.03800395798771396,0.08556226373890342
5209,77.0,0.03794593747638601,0.03659289669126128,0.08425503992256304
5209,78.0,0.03683050751100758,0.03552343859191096,0.08304309868217885
5209,79.0,0.03618119104550847,0.03491106453088916,0.08302856856384669
5209,80.0,0.0364968143843669,0.03528496187089488,0.08256001113560474
5209,81.0,0.03728444281960515,0.03616226955738164,0.08241724533234135
5209,82.0,0.03623282230971429,0.03509645138610011,0.08123136880972852
5209,83.0,0.03466432292081961,0.03351044683630377,0.079726692408607
5209,84.0,0.03427668473770073,0.03320108424754585,0.07885651047295031
5209,85.0,0.03303545311007253,0.03200534108113614,0.07749529379388041
5209,86.0,0.032041768730401134,0.03108987505128545,0.07663303754700634
5209,87.0,0.03176660171482578,0.030866035526934735,0.0759098328498673
5209,88.0,0.031112488437069083,0.03017341293602739,0.07552681380916502
5209,89.0,0.03014076376977209,0.02919261523340853,0.07473547514847455
5209,90.0,0.029827937900937757,0.028862283382742514,0.07452815741542576
5209,91.0,0.02968762717527668,0.028754831591020973,0.07430942810913774
5209,92.0,0.02937519354027917,0.028415096972329145,0.07415427023837322
5209,93.0,0.02881751098109592,0.02783586640705485,0.07378844504131303
5209,94.0,0.028698052308140345,0.027710950357508646,0.07347599062498561
5209,95.0,0.028984335574825555,0.02800343732840444,0.07342912919033372
5209,96.0,0.029162568868045285,0.028192435221691008,0.07344660921355069
5209,97.0,0.029435960107523352,0.028554788650803017,0.07352018337296644
5209,98.0,0.029906142411052973,0.029092550189229224,0.07363575190205902
5209,99.0,0.030036583359233482,0.029296683034521872,0.0735659949504026
5209,100.0,0.029524355647331624,0.028824558712242505,0.0733084772511091
5210,0.0,2.9066038639870517,5.408116675855963,6.564657815288973
5210,1.0,0.4243656047549944,0.44085630964007966,1.1584714933944786
5210,2.0,0.36647819709729235,0.3541045449771704,1.0285741267152413
5210,3.0,0.3322505125216417,0.3124361973489925,0.9222531335733086
5210,4.0,0.3111151424110863,0.28871000361509636,0.8704166198602732
5210,5.0,0.28516310396554295,0.2643870699697413,0.7925348967935409
5210,6.0,0.2609868025174442,0.24047347322197382,0.7347096985657463
5210,7.0,0.24832064666958878,0.22909771126635922,0.692455753146866
5210,8.0,0.23657634902089877,0.21871127613934188,0.6610516491488296
5210,9.0,0.22448118708443943,0.20740710344387303,0.6268657608548286
5210,10.0,0.21244874167579067,0.19695288049174264,0.5887828398680138
5210,11.0,0.19920804350019874,0.1847892351775399,0.5549798614466581
5210,12.0,0.1898011008963591,0.17608890923534093,0.5293963201011459
5210,13.0,0.1827838411895724,0.16970847631455963,0.5085425258394076
5210,14.0,0.17199915111713507,0.15928772295457655,0.4810329733114859
5210,15.0,0.16002188074191812,0.1480344358118526,0.4481178578327641
5210,16.0,0.15125641111465013,0.13973633202550892,0.42613191261922223
5210,17.0,0.14406749883568334,0.133221770048095,0.4044897734654182
5210,18.0,0.13902339542477016,0.12853927232207674,0.38830604704497906
5210,19.0,0.1338638898488892,0.12375928466672699,0.374603640339536
5210,20.0,0.12371638537078458,0.11397244864701953,0.3485505063428936
5210,21.0,0.11789952924332371,0.10871803155523908,0.3298471044902736
5210,22.0,0.11225096193557832,0.10338763844347686,0.3142019689891319
5210,23.0,0.10511676620968978,0.09663878055482471,0.2954459811511567
5210,24.0,0.09974572531202117,0.09160554896678429,0.2808021400283759
5210,25.0,0.09578560568172936,0.08812713499566899,0.2662241782269466
5210,26.0,0.09152549007885567,0.08417116137372603,0.2530615853545647
5210,27.0,0.08849467928034811,0.0813286978196491,0.2445316740267902
5210,28.0,0.08490858159766503,0.07783785406672908,0.23597648953923536
5210,29.0,0.08123331391063526,0.07450710686123602,0.22413846836156434
5210,30.0,0.07880443671095999,0.07253347430678969,0.21420702677349254
5210,31.0,0.07602488008640135,0.07028839667975442,0.20225231103292532
5210,32.0,0.07241310597218695,0.06706332587401553,0.19006542183514263
5210,33.0,0.07024602309581249,0.06536995650664973,0.1799166015893606
5210,34.0,0.0661591900314341,0.06178603358384583,0.1662972780221501
5210,35.0,0.06315757369032605,0.05923865561451316,0.15541568813353998
5210,36.0,0.06031090741573259,0.05664405434328735,0.14781053632975852
5210,37.0,0.05802122364511135,0.05438042372397405,0.14251012531276022
5210,38.0,0.055174713554956095,0.051792628500258585,0.13501453269637803
5210,39.0,0.05192567870990132,0.04861397594923754,0.1288282763148549
5210,40.0,0.0492189948541665,0.04597692873862528,0.1233422198869152
5210,41.0,0.046526304259328494,0.0432663047745108,0.11936091307310895
5210,42.0,0.043847530000378956,0.04056464977160105,0.11505415641510856
5210,43.0,0.04180918357677972,0.03874414509589751,0.11023530061147586
5210,44.0,0.040112807565970014,0.03717930312198521,0.10698593729947965
5210,45.0,0.03851300828076508,0.03562978984486241,0.10472766828833541
5210,46.0,0.03665507196298856,0.033860501808703404,0.10132089469335746
5210,47.0,0.03524668835715245,0.032519063798130673,0.09906203331846383
5210,48.0,0.03462349226311554,0.03207289900356468,0.09752866496784708
5210,49.0,0.03366821330115098,0.031218005598777323,0.09575034974307728
5210,50.0,0.032641692946370635,0.030264167050587466,0.09407509909118804
5210,51.0,0.03210697670399249,0.029815042829216435,0.0928167923697176
5210,52.0,0.03089376375495335,0.028690755255475955,0.09047950950002796
5210,53.0,0.030500113701314613,0.028328282100424904,0.09011127403766202
5210,54.0,0.030594378812745383,0.028519431020281386,0.0888357771269544
5210,55.0,0.029268842140621993,0.027236118895991854,0.08666912850897088
5210,56.0,0.027919267365632466,0.02603027688819441,0.0859484503918761
5210,57.0,0.026586439297858977,0.024664213699067537,0.08491725106396539
5210,58.0,0.02525572248094265,0.023287052038263874,0.08430133033097889
5210,59.0,0.024856557905843596,0.022942184463511553,0.08370460615100977
5210,60.0,0.02452685937224913,0.022700938674494877,0.08366239422219791
5210,61.0,0.024696602285109528,0.022973287135195065,0.08291786663030463
5210,62.0,0.024825951316820433,0.02316949972418537,0.08228189219687644
5210,63.0,0.024824938033308007,0.023174233507813197,0.08147808527254981
5210,64.0,0.023909289733296094,0.02227796998336566,0.08014648541717521
5210,65.0,0.02364651062579555,0.022070847035742077,0.08007258586908189
5210,66.0,0.02236157348005077,0.02076472917179727,0.0798626139195618
5210,67.0,0.022043972256790452,0.0205573918012675,0.07920174074460812
5210,68.0,0.02187041960538108,0.020430982091536612,0.07853596759617949
5210,69.0,0.02053300340209657,0.019113995262602497,0.0788107375697451
5210,70.0,0.019579933186720203,0.018131757991056034,0.07817427423877145
5210,71.0,0.019543324062102328,0.018110229880579233,0.07836997157447685
5210,72.0,0.018255955684591162,0.016855392049806437,0.07851952586541472
5210,73.0,0.01760310351937694,0.016239316644695828,0.07954135835085518
5210,74.0,0.017050615950400982,0.01572522527187691,0.07950102571557095
5210,75.0,0.016807958584292567,0.015514909134063363,0.07911179699966335
5210,76.0,0.01659021714089307,0.015326133291786488,0.07901811349044373
5210,77.0,0.016379145902554838,0.015165901566894346,0.07921710146475786
5210,78.0,0.015967018350181324,0.01477208353045351,0.07981035051837883
5210,79.0,0.01583335004110267,0.014656726019121952,0.08110330704916704
5210,80.0,0.015474448886315332,0.01435610566842109,0.08146477550330894
5210,81.0,0.01471281966489939,0.013600351568425853,0.08120904809249573
5210,82.0,0.01463979108509038,0.013527756833437881,0.08141384034482231
5210,83.0,0.014621668165286945,0.013500926317975979,0.08086432573519313
5210,84.0,0.014241254092586829,0.013138843233203294,0.08150104301789873
5210,85.0,0.014241179139536684,0.013142440013535329,0.08205989609209347
5210,86.0,0.013891014022474606,0.012815902365738345,0.08306354366150374
5210,87.0,0.013796003166553772,0.012736605997439381,0.08312808236548755
5210,88.0,0.01379304233113933,0.012746366809831548,0.083363942177608
5210,89.0,0.013718347630753459,0.012669160929996568,0.08514886338150568
5210,90.0,0.013794278152904698,0.012740931828523542,0.08633773946678015
5210,91.0,0.013673913741588802,0.012633606334105724,0.08710299430446931
5210,92.0,0.013872351725311918,0.012811469790371706,0.08814609866804211
5210,93.0,0.014219448496183201,0.013128281412011514,0.08893877487092743
5210,94.0,0.014123062068543406,0.013040308056664245,0.08866545976993376
5210,95.0,0.013811147655427986,0.012757249624472665,0.08946564840860188
5210,96.0,0.013859986620346671,0.012798909637300172,0.0893662232018062
5210,97.0,0.013672223008895005,0.012633745122807577,0.08907551054973134
5210,98.0,0.013765994199801896,0.012716790889305283,0.08975212370714794
5210,99.0,0.01376078715281375,0.012712375506737143,0.08994734498681578
5210,100.0,0.013823309892148975,0.012783690057882493,0.09131099321154791
5211,0.0,2.9066038639870517,5.408116675855963,6.564657815288973
5211,1.0,0.6120239245310019,0.6249280773440419,1.2561601488332823
5211,2.0,0.5552238294981161,0.5474418945256683,1.0461289858452405
5211,3.0,0.49078726955438196,0.4772561877967149,0.9097324329779918
5211,4.0,0.4336844495971188,0.4194828661085282,0.7855939271801795
5211,5.0,0.40656760641816775,0.3914122985501941,0.7402067363817421
5211,6.0,0.3770375251311354,0.3641550381262029,0.6617289265172133
5211,7.0,0.3591070684954613,0.34817509657721823,0.6009829543100469
5211,8.0,0.3462771562455826,0.33787525803075824,0.5455924741844183
5211,9.0,0.3435735986181471,0.33730518263590686,0.5176813487116825
5211,10.0,0.3305042005829595,0.3253907107678219,0.4831290924793571
5211,11.0,0.31015179510149354,0.3056639299280592,0.44663506185517254
5211,12.0,0.29453184557243567,0.29078668653762624,0.4217914629617515
5211,13.0,0.27501643117642754,0.2718589319058439,0.3907208117520132
5211,14.0,0.26646981134091674,0.26399208697072873,0.37155253696955487
5211,15.0,0.259899719863634,0.2579813715965347,0.3547178952055743
5211,16.0,0.2587039213262749,0.2576707045692112,0.3486282244135653
5211,17.0,0.24124384416626007,0.2404683901609447,0.3224364122300493
5211,18.0,0.22727189549919544,0.22663867010260005,0.29855234500104916
5211,19.0,0.21227191959350764,0.21197580770782556,0.2772972252533187
5211,20.0,0.19845831499828503,0.19835215328467876,0.2591389652411599
5211,21.0,0.19017235901914678,0.19061851155869672,0.2442568585574474
5211,22.0,0.1839729241525978,0.18453059484263723,0.23538582242100167
5211,23.0,0.17982640602096928,0.1805815151546554,0.2278014368466932
5211,24.0,0.17052478170811988,0.17140671322297002,0.21455265532572654
5211,25.0,0.16616446921381028,0.16709269108588695,0.20711776182123476
5211,26.0,0.15850343293779423,0.15952932565562064,0.19739722557399889
5211,27.0,0.1519250251683508,0.15297765146884404,0.18947558200352216
5211,28.0,0.14505314055003157,0.1461747156397036,0.18120106828471536
5211,29.0,0.14144649819760682,0.14277162252203532,0.17680995466207125
5211,30.0,0.1432418295063508,0.14486554420475906,0.17755835172624027
5211,31.0,0.13756541399163522,0.13924401195700406,0.17092524078928137
5211,32.0,0.13238140211515498,0.13413721023194614,0.16547653190283
5211,33.0,0.13051966030113,0.13237842584426687,0.16353594479028888
5211,34.0,0.12806326113860442,0.1298594266477394,0.16145629455834212
5211,35.0,0.12006621787521163,0.12156551844229489,0.15423565704989078
5211,36.0,0.11145859537481505,0.11286831833349009,0.14649799045962278
5211,37.0,0.1070292550534834,0.10826722243324084,0.14239027446857838
5211,38.0,0.10134972928697333,0.1023152981471043,0.1367789892435524
5211,39.0,0.09949356872546054,0.10037968364655493,0.13483309432424154
5211,40.0,0.09520669605482582,0.09602216056345574,0.13091036237038486
5211,41.0,0.09231233253010862,0.09313988078016801,0.12831892914133422
5211,42.0,0.08717879423163094,0.0880523274838331,0.12435675704897117
5211,43.0,0.08654808237049824,0.0874612416021107,0.12278507106557582
5211,44.0,0.08022703623044328,0.08109096522429249,0.1173572521972064
5211,45.0,0.07773706811202775,0.07847705289449698,0.11382718405516005
5211,46.0,0.07764229284052059,0.07851610744343634,0.11355533252342044
5211,47.0,0.0755377121563941,0.07634430343261221,0.11244972379993887
5211,48.0,0.07317726027533786,0.07398682653256551,0.1101123603626076
5211,49.0,0.07483040560081251,0.07570098693991362,0.11164304068670723
5211,50.0,0.07389603636251615,0.07476374312737656,0.11147025663719856
5211,51.0,0.07235000893092225,0.07316128807694101,0.11089171344352433
5211,52.0,0.06962402903210875,0.07040920267673306,0.10823493049255398
5211,53.0,0.0669455805462235,0.06767077767165416,0.10532501771069447
5211,54.0,0.06439051897616584,0.06509802066584294,0.10300499240455704
5211,55.0,0.06288161918687538,0.06357287784557421,0.10152132136717094
5211,56.0,0.06482592737471714,0.06571500665709527,0.10218243869945252
5211,57.0,0.06410458481727264,0.06500518901028549,0.10136197086683747
5211,58.0,0.06130033093433998,0.0621145352425001,0.10022338342698886
5211,59.0,0.06140909630120269,0.062179055950322124,0.10088730032207353
5211,60.0,0.05911325975698087,0.05982449263164622,0.0992453692610859
5211,61.0,0.058558002898897024,0.05931500461097569,0.09881077519867149
5211,62.0,0.05902068291113362,0.05982444247146082,0.09807675269001256
5211,63.0,0.05965657917859998,0.06052434479795314,0.09864330627050574
5211,64.0,0.05901367757706981,0.059907480920536216,0.09871742104739233
5211,65.0,0.059660054648442595,0.060651179062392216,0.09863368875882424
5211,66.0,0.05814548047973353,0.05909863498471535,0.09678156408779835
5211,67.0,0.057622941978569236,0.058637907862158015,0.09639187904390031
5211,68.0,0.05491825969476452,0.05587146966543385,0.09403583084517697
5211,69.0,0.0547517875317839,0.05569068564106929,0.09347740976291383
5211,70.0,0.05557252096086443,0.05658751936104897,0.09340882027925644
5211,71.0,0.055390811088819755,0.056405373037160964,0.09315114657081176
5211,72.0,0.05446326694545835,0.055439835517030064,0.09176015724175055
5211,73.0,0.05415163067559716,0.05515017475922984,0.09134329887910385
5211,74.0,0.0537888844865584,0.054831277983531705,0.09119928857193704
5211,75.0,0.051335887268127246,0.0522618902414149,0.08980214298452953
5211,76.0,0.048754527713480704,0.0495304413097023,0.0884215985386267
5211,77.0,0.047247588110160686,0.04793939061025563,0.08738101749665961
5211,78.0,0.04551003239945604,0.04619251809756612,0.08617212651537529
5211,79.0,0.04350866701810351,0.044240471270400476,0.08452275986765335
5211,80.0,0.04020146124779375,0.04080572592935307,0.08156150241415148
5211,81.0,0.03915251577080068,0.039702968195567824,0.07991356017246419
5211,82.0,0.0369505902792913,0.03731354144242587,0.07871515987713326
5211,83.0,0.035155385127708084,0.03544120141380615,0.07708178224276968
5211,84.0,0.03373594398091288,0.033917476517015585,0.07629055970085502
5211,85.0,0.032812461693523934,0.03291137504464115,0.07553822450982312
5211,86.0,0.03242816447211086,0.03246848823422038,0.07474703559320078
5211,87.0,0.03181746577857427,0.03178922283377241,0.0739521652371178
5211,88.0,0.031005650715168524,0.031020255268692638,0.07318713852381033
5211,89.0,0.031152470023465884,0.031204107068726783,0.07309548528148813
5211,90.0,0.03146774181346833,0.03154421292668658,0.0732412192084776
5211,91.0,0.03131043236076849,0.03136470013620682,0.07245780084340069
5211,92.0,0.030792009991941365,0.030875143274313867,0.07151095823283993
5211,93.0,0.030085532042410733,0.030132369214303557,0.0715478532020587
5211,94.0,0.0286027828692414,0.028639668949681337,0.07073011014804388
5211,95.0,0.02782401147563519,0.027814697115360422,0.06934593228384604
5211,96.0,0.0272594592847235,0.02727905048756839,0.0683426938159657
5211,97.0,0.027095582866726836,0.027144075717528707,0.06811333809036475
5211,98.0,0.02585694860303022,0.025821154433188706,0.06716979377582535
5211,99.0,0.025042012143378124,0.024999030221405736,0.06641190719259264
5211,100.0,0.025504305206694267,0.025489250298507165,0.06637747409479212
5212,0.0,2.9066038639870517,5.408116675855963,6.564657815288973
5212,1.0,0.6068214273365935,0.6421522990479399,1.2765394150957907
5212,2.0,0.5267977297083571,0.536952592172619,1.0448880410098509
5212,3.0,0.45286846933867525,0.461235245617186,0.9079878300175583
5212,4.0,0.43567199480193874,0.44517018253414503,0.8402559565109634
5212,5.0,0.426851379871463,0.4397218157444639,0.7790176126255576
5212,6.0,0.42669808572647266,0.44342170070741954,0.7198883901771871
5212,7.0,0.42124706309586035,0.43706562693720585,0.671992412275631
5212,8.0,0.4239424492228293,0.43716057612536746,0.6532380463256542
5212,9.0,0.4002973277718235,0.41212564532033685,0.6176536030401336
5212,10.0,0.37247214933298584,0.38298845198671,0.5690218502765014
5212,11.0,0.3675404501007932,0.37626465409056037,0.5537738924787916
5212,12.0,0.34590138996256337,0.3530340003857579,0.5189217219758415
5212,13.0,0.33188372402349137,0.33764759156986873,0.4981677992261601
5212,14.0,0.31409750508357914,0.3186754757564509,0.4665580771442264
5212,15.0,0.30326672127781334,0.307406274273612,0.44457825776760024
5212,16.0,0.2903016294147614,0.2942186858644258,0.42119543570236845
5212,17.0,0.28076581738164597,0.28479321711795413,0.40443961958001606
5212,18.0,0.2698433240452521,0.2738261299920394,0.3844506292685885
5212,19.0,0.2651642797480539,0.2693091505901146,0.37408059281791506
5212,20.0,0.25611642638020327,0.2603281248257341,0.35700908924404107
5212,21.0,0.24632879681015674,0.2505450806410516,0.339691717274737
5212,22.0,0.238535045796582,0.2427713292093829,0.3249472940284322
5212,23.0,0.22872836046181982,0.23270939995994883,0.3091551979741163
5212,24.0,0.22063288473350354,0.22464382902347296,0.2966053585984134
5212,25.0,0.2074540738289468,0.21134126781916088,0.27749770315707734
5212,26.0,0.19983414118200715,0.20365547484438226,0.2648552784696817
5212,27.0,0.1941908636539509,0.198212654995525,0.2553446918309141
5212,28.0,0.18394719778205557,0.18795338031280537,0.239360556912427
5212,29.0,0.17586733589276382,0.17977983083561794,0.22730015708406087
5212,30.0,0.16674856538417415,0.17062534809758936,0.21334067037285503
5212,31.0,0.15835632343475994,0.16197846196432708,0.20174218984895778
5212,32.0,0.15473539017055002,0.15818354340584892,0.19632732999831862
5212,33.0,0.1511509860845834,0.15461381404637298,0.19092660304289655
5212,34.0,0.14580177832781605,0.14897102350578964,0.18348025934351261
5212,35.0,0.13903674832856974,0.14204506802600544,0.1752321381685903
5212,36.0,0.13093179556168702,0.1338698428960039,0.16562154555193775
5212,37.0,0.12475665568927197,0.12764437648338406,0.15894367851906935
5212,38.0,0.1195296983015019,0.12238242564729725,0.15178603583592576
5212,39.0,0.11403708086647923,0.11684922196180358,0.14579295194157801
5212,40.0,0.10911672126077891,0.11194000799133177,0.14103246882007392
5212,41.0,0.10507063292850922,0.10782986629012824,0.13649375491299898
5212,42.0,0.09917240545359951,0.10182862128459395,0.1310021225306547
5212,43.0,0.09546105453374598,0.09796361977441853,0.12771017969724163
5212,44.0,0.09140512990822346,0.09380440074681609,0.1248439733917874
5212,45.0,0.08851995942343367,0.09087678079749675,0.12257580276321656
5212,46.0,0.08634929198696455,0.0885515460592095,0.11978462839697748
5212,47.0,0.08372386474876554,0.08574700628613713,0.11778068787387945
5212,48.0,0.0824835846188624,0.08443993437219452,0.1167846643000706
5212,49.0,0.07899840265559994,0.08084066691505519,0.11507107336707892
5212,50.0,0.07531850572946068,0.07716828454580056,0.11375440326280868
5212,51.0,0.07546298919937591,0.07733721047409797,0.11451530669232622
5212,52.0,0.07431245890223655,0.076197645863683,0.11386738170086154
5212,53.0,0.0720252973115109,0.07388598175248716,0.11232717901484174
5212,54.0,0.06768703560396178,0.06937926066240871,0.10821836941028612
5212,55.0,0.06421277308438432,0.0658299283300178,0.10574212664794012
5212,56.0,0.06188196385202749,0.06352195024851569,0.10449158730898656
5212,57.0,0.06001050108278318,0.06163578448613222,0.1034010525943139
5212,58.0,0.05857798895425201,0.06026335078800805,0.10381432519791349
5212,59.0,0.05790379260290187,0.05954254023871871,0.10369572709612739
5212,60.0,0.05621430455954219,0.05779695373366035,0.1026501286211744
5212,61.0,0.053893559424243835,0.055511434683148037,0.1021651610864685
5212,62.0,0.0521588360449102,0.05375546486061387,0.10142619068606712
5212,63.0,0.05070036205932489,0.05229058938739264,0.10130520156189024
5212,64.0,0.04961713234654539,0.051192278234038595,0.10037916554060444
5212,65.0,0.04923875454757441,0.050744965329974974,0.10010336344375009
5212,66.0,0.04787809534086414,0.04932881303727325,0.10037624113538927
5212,67.0,0.04738390488601239,0.048847940196508254,0.10168500202534536
5212,68.0,0.04574841090939736,0.04716044375802481,0.10230279229616711
5212,69.0,0.044566264210420786,0.04589289077664276,0.10293754010562017
5212,70.0,0.04333648529324801,0.04454678592530697,0.10198368177567835
5212,71.0,0.04403519771731467,0.04518946983954863,0.10316024359486135
5212,72.0,0.04468852349999594,0.04583973179123567,0.10435546717411505
5212,73.0,0.043460578248437014,0.04458599418982074,0.10475245031602386
5212,74.0,0.042491716600143864,0.043559806986443815,0.10609784576931527
5212,75.0,0.03878330582575762,0.03977258906562614,0.10447255128796913
5212,76.0,0.03722209088326117,0.038051254497392634,0.1051354186160712
5212,77.0,0.035588437938501215,0.03625386487031408,0.10515057002818273
5212,78.0,0.03446530517589278,0.034976817771007244,0.10609964361156764
5212,79.0,0.033662920219565656,0.03412042328177483,0.10685522333238312
5212,80.0,0.03286604892525221,0.0332242881487569,0.10742054719559549
5212,81.0,0.03069494367726315,0.03088543154638167,0.10673942428836242
5212,82.0,0.03066375712426411,0.03080594594155363,0.10684114348523299
5212,83.0,0.02902199716983378,0.02909071151698655,0.10657752673679984
5212,84.0,0.028663088863943382,0.028705523082278857,0.10615832357813976
5212,85.0,0.027332280486016155,0.027316194646311184,0.10603922317269454
5212,86.0,0.026367971497914804,0.02632906690864242,0.10569603450326907
5212,87.0,0.025729048546819892,0.025557930501426393,0.10639755080361311
5212,88.0,0.02448284238623602,0.024209542728860382,0.10666408862916099
5212,89.0,0.024306006179240613,0.023980499250170293,0.10652256725912176
5212,90.0,0.02381051338209282,0.023432178516956805,0.1064411268766708
5212,91.0,0.023032229379894152,0.022609402273633318,0.10640932834670967
5212,92.0,0.021869915281692517,0.021411135837357778,0.10541693160792445
5212,93.0,0.02128153382193178,0.020779181392559787,0.10488517319564596
5212,94.0,0.020564791796226115,0.019991205543273907,0.10487113799244523
5212,95.0,0.019787460978680522,0.019119985530996222,0.10498087577079515
5212,96.0,0.01940841504206878,0.018712431915425796,0.10418593513630763
5212,97.0,0.018727367343669265,0.017942972852132425,0.10363494451986958
5212,98.0,0.017880569101694912,0.01702277770751394,0.10282799318854886
5212,99.0,0.01777996478113228,0.01692308804715703,0.10291244968364933
5212,100.0,0.01757163187424504,0.016728816256317388,0.10202549755451723
5213,0.0,2.9066038639870517,5.408116675855963,6.564657815288973
5213,1.0,0.5004905678187385,0.5049229957040956,1.2461980577536111
5213,2.0,0.40528501219594765,0.39171225188063014,1.0753415987352557
5213,3.0,0.37000632027597063,0.34846084665137816,0.9996047290538909
5213,4.0,0.33349008999333934,0.31018317390135824,0.9141952877221746
5213,5.0,0.303281755762314,0.28006296133715514,0.8404881916574778
5213,6.0,0.28435377345262824,0.2620911190257693,0.7879795495219872
5213,7.0,0.26770095607337324,0.24661641905076312,0.739339397918073
5213,8.0,0.2510214931556653,0.23092783845863718,0.6945651880711226
5213,9.0,0.23685448784061158,0.21761978780053978,0.6566116971758932
5213,10.0,0.22155012045251685,0.20363045814966424,0.6151841364439434
5213,11.0,0.20492626722793536,0.18807257825951437,0.5708661873636259
5213,12.0,0.19035048208284996,0.173976660132953,0.5345518813098237
5213,13.0,0.17987397464338156,0.16408072792896958,0.5078502067910964
5213,14.0,0.17059087135630036,0.15559661356509358,0.48148702088157536
5213,15.0,0.16179730850432356,0.14758628124159734,0.4565132539618269
5213,16.0,0.15438594139490547,0.14098918307054262,0.4343646361387906
5213,17.0,0.14720251161677408,0.13459188897101637,0.40978007042710035
5213,18.0,0.14093076158941734,0.1288022862734256,0.3928731831429364
5213,19.0,0.13796277774701038,0.12614929762269234,0.3834741773915849
5213,20.0,0.1317697339119147,0.12032276058040679,0.368333881870478
5213,21.0,0.1261990193497247,0.11512611742086754,0.354233003982367
5213,22.0,0.12060857808007872,0.11000599538767215,0.33840147661437386
5213,23.0,0.11255838413107007,0.1026618351626483,0.3152314399947336
5213,24.0,0.10684204062332957,0.0974445408443567,0.29908448199603366
5213,25.0,0.10127117163669491,0.09240628393348191,0.28289088253970407
5213,26.0,0.09757165334155844,0.08909063538135843,0.27274986523751876
5213,27.0,0.09394536346848273,0.08579444715686886,0.26183755357440797
5213,28.0,0.08952542670414186,0.08174699168779379,0.24865506892589664
5213,29.0,0.08457479602243284,0.07724430253631585,0.2344134173456141
5213,30.0,0.0790347300120087,0.07216140778433273,0.21891037316798478
5213,31.0,0.07435831453449318,0.06799013757975154,0.2055620493245025
5213,32.0,0.06992311089729535,0.06390909034178535,0.1927075967273225
5213,33.0,0.06671615840766075,0.060913725701303656,0.1845517079673916
5213,34.0,0.06280223532115549,0.05730488919175798,0.17365108068872753
5213,35.0,0.05992210082259436,0.05468522179263316,0.16552199324374114
5213,36.0,0.05838067339547459,0.053262525258038165,0.1602556495000649
5213,37.0,0.056093630775669576,0.05117120466308664,0.1543137308416934
5213,38.0,0.05340076723642932,0.04873336059983098,0.14699466152416488
5213,39.0,0.051607548971925474,0.047223461291233164,0.1425751424840299
5213,40.0,0.049166058609717844,0.04508994993585502,0.1365757622887569
5213,41.0,0.04669081863482426,0.04292562537082962,0.1306995814187802
5213,42.0,0.04429030778168575,0.04063457240369677,0.12617590744553858
5213,43.0,0.0410826808362724,0.037604136565430206,0.12096642768413078
5213,44.0,0.03884249739520945,0.03553318747240073,0.1159310605062931
5213,45.0,0.03732296577360874,0.034150520657980035,0.11338096544456333
5213,46.0,0.035494510359739634,0.03244924025372026,0.10987670702813902
5213,47.0,0.03410715549844011,0.031194698740166386,0.1067681823436483
5213,48.0,0.033021087512670105,0.030202691197562533,0.10408484252417012
5213,49.0,0.031974465928761416,0.029234601879546976,0.10153345002547319
5213,50.0,0.030388574745401332,0.027872151591380245,0.09907701304422727
5213,51.0,0.029240265436481283,0.02683140635764376,0.09688157214422898
5213,52.0,0.028372877200075385,0.02609427381592576,0.09559925583507094
5213,53.0,0.027262817889482135,0.025044055236465496,0.0935154251439178
5213,54.0,0.02722012485403215,0.025098582755305316,0.09322862438406126
5213,55.0,0.02712142832901324,0.025091033845493917,0.09217641828703152
5213,56.0,0.025939074018647628,0.023831471126526275,0.08976307677943668
5213,57.0,0.02612458400295851,0.02399636696232653,0.08891172423404953
5213,58.0,0.026321432721543084,0.024214274170867963,0.08780393105551038
5213,59.0,0.026086704577002486,0.02386814316505319,0.08710672734492432
5213,60.0,0.026189917157467393,0.023953620361660086,0.08607500755519217
5213,61.0,0.026494158894614882,0.02425860851103052,0.08612679089490886
5213,62.0,0.026229429637667005,0.024032875342454785,0.0852169925919989
5213,63.0,0.02636175711112434,0.02422067695576049,0.08497891945651408
5213,64.0,0.026765527101844655,0.024651719013704183,0.08445421665837224
5213,65.0,0.026865194851196716,0.02479580310410068,0.08401353701888387
5213,66.0,0.026750814972999307,0.024739239889195457,0.08361699650816212
5213,67.0,0.026416796696948113,0.024379431754691983,0.08254328510565906
5213,68.0,0.026544665801026723,0.02455861793224351,0.08190007754655973
5213,69.0,0.026647785307722216,0.024690759031007745,0.08169245546735682
5213,70.0,0.026040395391853422,0.02412133245055253,0.08092527344941924
5213,71.0,0.02600079794936712,0.024119344601908666,0.0803613130638452
5213,72.0,0.025072032359465504,0.023226619540807646,0.0792503220476129
5213,73.0,0.024778829849533182,0.022999980072781725,0.0788318778622692
5213,74.0,0.0248185681592668,0.02311799956867164,0.07836262302056049
5213,75.0,0.02527616402751839,0.02363804759914488,0.0782255439135122
5213,76.0,0.025075447765295945,0.023474583018144597,0.07800724234334798
5213,77.0,0.025241755984650605,0.023717534262239305,0.0775765645625152
5213,78.0,0.025009420968287347,0.023491080471554363,0.0771509161828294
5213,79.0,0.025019647598884264,0.023476373315891086,0.07661731457740766
5213,80.0,0.025910480320787025,0.02440237328651861,0.07631698335657439
5213,81.0,0.02578005844554537,0.024196843150044237,0.07619174507402096
5213,82.0,0.026182303949752978,0.024611101497456763,0.0760294497244922
5213,83.0,0.026415944622211054,0.02484621723728374,0.0756760568396566
5213,84.0,0.026599912507439257,0.025073294319473378,0.07562464794833026
5213,85.0,0.026521766075445832,0.02497775228549194,0.07516761391952756
5213,86.0,0.02665867735999001,0.02516188379096003,0.07476378134519274
5213,87.0,0.02686709139139167,0.025429434471733424,0.0747283220852382
5213,88.0,0.027745085081946372,0.026404123756885237,0.07512266830985334
5213,89.0,0.027375990811857247,0.026044695438007675,0.07427221600344308
5213,90.0,0.0277223593110952,0.0264316467867414,0.07393509259867075
5213,91.0,0.028098338203922935,0.02687300385774274,0.07392054766844697
5213,92.0,0.028876756211424822,0.02774451760578727,0.0741859293327519
5213,93.0,0.028824938183647935,0.02773277330652014,0.07430438277864375
5213,94.0,0.028440600467136437,0.027361762043739333,0.07433540431011904
5213,95.0,0.0282133634630092,0.02709387580735562,0.07394687361879058
5213,96.0,0.028363662113279235,0.027275997573734775,0.07384651927065011
5213,97.0,0.02887801226493631,0.027833694960690877,0.07382558551945383
5213,98.0,0.028307125498773872,0.02723149072781695,0.07322579964430281
5213,99.0,0.028109672317088094,0.026987858142215684,0.07321452263179226
5213,100.0,0.0283764412475806,0.027250299101573987,0.07325700887284725
5214,0.0,2.9066038639870517,5.408116675855963,6.564657815288973
5214,1.0,0.5148688014477627,0.5171315732929891,1.3651187440256674
5214,2.0,0.4577648935526056,0.4512121063168896,1.2212411097718272
5214,3.0,0.40849097575063775,0.3866604242323909,1.118538544296574
5214,4.0,0.3758483012148422,0.3503872401727445,1.0365279194456063
5214,5.0,0.3648971405976745,0.3383845468255093,1.0031247000454624
5214,6.0,0.3411887988688343,0.3142631364093363,0.9439643262226581
5214,7.0,0.3269503588831166,0.30008596974551227,0.905439916094405
5214,8.0,0.3120328001137427,0.2859194114517706,0.8718991279658436
5214,9.0,0.2987539048878948,0.27405271608757154,0.8389767053712074
5214,10.0,0.28772667208454633,0.2638648835350816,0.8114977100589493
5214,11.0,0.27553195995321544,0.25279026996124115,0.7813908968101352
5214,12.0,0.26280800019267203,0.24123295085443275,0.7465419691088825
5214,13.0,0.2516930961670246,0.23107069913948164,0.7152267108310495
5214,14.0,0.24230034614051082,0.22215069365224346,0.6912691066517737
5214,15.0,0.23475540751671495,0.2152813161609597,0.6708852350519248
5214,16.0,0.22753843565270948,0.20859984344942925,0.6530504350375199
5214,17.0,0.21972266462288995,0.20136275113490829,0.6314770099685586
5214,18.0,0.213906045888017,0.19605267555111783,0.6144517842447493
5214,19.0,0.20632403564169338,0.18903078738846946,0.5925453546896685
5214,20.0,0.2000294619209216,0.1833398654911025,0.5719733891326796
5214,21.0,0.1931693419745536,0.17712602885703993,0.5495768083784918
5214,22.0,0.185629061531953,0.17036333256893688,0.5251432460423529
5214,23.0,0.17875210718328324,0.16426926811706197,0.5038973423130998
5214,24.0,0.1706296593543172,0.1568371227633024,0.48075784401366517
5214,25.0,0.16462161901549582,0.15133910025339795,0.46341978499298003
5214,26.0,0.15705564430214566,0.14456903115269346,0.43884721504911023
5214,27.0,0.1513623836853901,0.13943483096876305,0.4209292694177122
5214,28.0,0.14692270796232404,0.13548413732382264,0.4067132242592419
5214,29.0,0.14278244871586768,0.13170081112586535,0.3954254769127534
5214,30.0,0.14067903253014025,0.12992017801203293,0.3878148332528239
5214,31.0,0.13689912416985503,0.1266309612041862,0.37454993020134153
5214,32.0,0.13208068874680096,0.12220305315433871,0.361243357388098
5214,33.0,0.12697234693399612,0.11750546257516842,0.34610843767229293
5214,34.0,0.1221359969339643,0.11307051800863013,0.3312731392196767
5214,35.0,0.11714501817419135,0.10839885152468741,0.31857353996603116
5214,36.0,0.11074481635751618,0.10231637051060423,0.3025711215761942
5214,37.0,0.10648251423328933,0.09839450992524772,0.28902709101088764
5214,38.0,0.10274937713553606,0.0950496770168024,0.276440351198742
5214,39.0,0.09863766567998754,0.0911926070051394,0.2654371299648947
5214,40.0,0.09491544447460197,0.08776090941979935,0.2546849841591445
5214,41.0,0.09062171234504221,0.08382559766403658,0.24369362979620626
5214,42.0,0.08738245179740912,0.08081161246898146,0.2351761080835443
5214,43.0,0.08631668319194852,0.080019733960073,0.22986590383648217
5214,44.0,0.08339163667096255,0.07735915130907169,0.22115090849202176
5214,45.0,0.07918319744248645,0.07329505605251271,0.2121465551809108
5214,46.0,0.07533656329963527,0.0695697980909784,0.20371560415028117
5214,47.0,0.07246600665664028,0.06702755675328091,0.1944550729852967
5214,48.0,0.06982486841830063,0.06464901714590604,0.1866038368892149
5214,49.0,0.06686743339488184,0.061903243451831805,0.1788857468063973
5214,50.0,0.06417809212087093,0.059493387125085506,0.17140508464040755
5214,51.0,0.06072446940825074,0.05620645210482801,0.16399522312395223
5214,52.0,0.05886948686888761,0.054559261684557284,0.15867778625462303
5214,53.0,0.05672121181859705,0.05260560051271299,0.1532566412087383
5214,54.0,0.054675551992460485,0.05077132150645654,0.14789890855501936
5214,55.0,0.052755769333435655,0.04903889718680295,0.14383963370905806
5214,56.0,0.05083635560192567,0.04741762924480086,0.1388137564482285
5214,57.0,0.049712398124073465,0.046598558932099875,0.1345901155061789
5214,58.0,0.04860679609786333,0.04564930807390964,0.13217411857116323
5214,59.0,0.04777514097345832,0.04492517306994631,0.13020190210930976
5214,60.0,0.045725640315601924,0.042975914195919514,0.1266890740598197
5214,61.0,0.04406659150833333,0.04136023418062768,0.12460243034856996
5214,62.0,0.04178262782647881,0.039132297216110244,0.12149857581606362
5214,63.0,0.04091115818151964,0.03843491608352961,0.1198536623638888
5214,64.0,0.03974179479145131,0.03738745254208636,0.11771187354806098
5214,65.0,0.0378901877887489,0.03558358989520508,0.11570251126408648
5214,66.0,0.03607678720602029,0.03390786685782979,0.11372207511345159
5214,67.0,0.03473092463917478,0.032688565161621316,0.11257683821190742
5214,68.0,0.033593429026793235,0.03166018125205455,0.11097059756150325
5214,69.0,0.03267783794308262,0.03092027178930098,0.11026280472093197
5214,70.0,0.03116065337966913,0.029318157362208982,0.10924586911919067
5214,71.0,0.030598055522938306,0.028874241334658296,0.10760446124223479
5214,72.0,0.029084626560139326,0.027297945837881296,0.1069886046721013
5214,73.0,0.028239131270846197,0.026400526409418205,0.10639033475945771
5214,74.0,0.027569109992755424,0.02573967501191697,0.10559148270434947
5214,75.0,0.02601278342610101,0.02416389801188953,0.1053891216444463
5214,76.0,0.02546531544990384,0.023608146114164896,0.1040699064974881
5214,77.0,0.024831587118374583,0.022983820219898515,0.10246586589438211
5214,78.0,0.024381119280069925,0.022565829361325757,0.10185040843752523
5214,79.0,0.024544580725911758,0.022735512147524048,0.10129533145471466
5214,80.0,0.023944424269585644,0.022203407269625722,0.10066163397635741
5214,81.0,0.024555696304794785,0.022877158103901687,0.09944176700757146
5214,82.0,0.02540199971245719,0.02381744520295109,0.09919119082604522
5214,83.0,0.02587391823871402,0.024405213375077926,0.09820367256785503
5214,84.0,0.026680105958614447,0.02533801251872078,0.09790110107490338
5214,85.0,0.02691962526420638,0.02563384034578431,0.0979060677529155
5214,86.0,0.027576234021768977,0.026312438570836864,0.09718280033991662
5214,87.0,0.02787497217604568,0.026646260614738255,0.09680501017955906
5214,88.0,0.027578056725968105,0.026377353617669217,0.09643777982367638
5214,89.0,0.028310555499457733,0.02717953176661595,0.0966741637455513
5214,90.0,0.02851012693299724,0.027465244806894246,0.09609384801425123
5214,91.0,0.028915548627772136,0.027979520684861706,0.09627359108808901
5214,92.0,0.029784153066261847,0.028921666896119917,0.0959724545463936
5214,93.0,0.02888149442497758,0.027997594177849344,0.09486234208888059
5214,94.0,0.028998148720892094,0.0281195979154864,0.09478343093096717
5214,95.0,0.029301182796003414,0.028481796358076232,0.09440884903951122
5214,96.0,0.028988963693283045,0.028175393386710604,0.09398997459441909
5214,97.0,0.02995870232966397,0.02918292221375709,0.09433302396449
5214,98.0,0.030158369219060645,0.029441198573048024,0.09418187481372647
5214,99.0,0.03075278976928699,0.030102696902544593,0.09492885296723712
5214,100.0,0.031406498626483856,0.030825903268815888,0.09511639628135665
5215,0.0,2.9066038639870517,5.408116675855963,6.564657815288973
5215,1.0,0.567013297342911,0.5869691660595703,1.2059396087972027
5215,2.0,0.4634819211366756,0.4692190650179053,1.0125654657908156
5215,3.0,0.41005796546632023,0.40562617499721854,0.8993700663424066
5215,4.0,0.37560256085852134,0.3682193042132965,0.8213784020480416
5215,5.0,0.3599317497433227,0.35593303896618006,0.7509413453995243
5215,6.0,0.33896446712266703,0.33562992828985083,0.6985813620097556
5215,7.0,0.3241165432145424,0.3206599320809868,0.6602502708661291
5215,8.0,0.31335046687074947,0.3095846031020023,0.6313285538616662
5215,9.0,0.298240735209909,0.29466969470099136,0.6043716514702696
5215,10.0,0.2923585243953233,0.2900467621245069,0.5756928606213888
5215,11.0,0.2859498006633318,0.28454385048068603,0.5501411777829768
5215,12.0,0.2795408178732021,0.2782232930366942,0.5329507978087498
5215,13.0,0.27170897029673763,0.2698652222521146,0.5139010350241342
5215,14.0,0.26492171591232105,0.26332297670761307,0.49254954271827733
5215,15.0,0.2552739659174112,0.2533766311479444,0.47072643307768136
5215,16.0,0.25006763400826376,0.24828969335896456,0.45229752697546355
5215,17.0,0.24508458308393363,0.24333364287305267,0.44223060958542626
5215,18.0,0.24330660174956936,0.24165042033328904,0.43393736785414533
5215,19.0,0.23771185894459915,0.2360744740124077,0.42023603893739947
5215,20.0,0.22647964327753722,0.22506812410379645,0.4020971035837562
5215,21.0,0.21798538542366838,0.21675308075181,0.38391672480392514
5215,22.0,0.21244614171452997,0.2114960502847834,0.36753020866817715
5215,23.0,0.20856132247765052,0.2082075268433606,0.3521885188523842
5215,24.0,0.2069396226178388,0.20700628800205026,0.34097493757019615
5215,25.0,0.20135533984735227,0.20132429004450922,0.32699467012877637
5215,26.0,0.19799269208911058,0.19802440235247432,0.31600678235436297
5215,27.0,0.1932771672539569,0.19352016985719442,0.30301026189363156
5215,28.0,0.1894665558296836,0.18981248986251587,0.2925743076084808
5215,29.0,0.18309466433666366,0.18322941772119597,0.2785594930082472
5215,30.0,0.17687497875687638,0.17674357883696243,0.2683223154942122
5215,31.0,0.17337198794838013,0.17320877582789385,0.2612682527664848
5215,32.0,0.16712102559543587,0.16708818625527697,0.24904324353337925
5215,33.0,0.16472249037317427,0.16483384968788112,0.24348758608766927
5215,34.0,0.15834717340777654,0.15843711677063815,0.23130190102282353
5215,35.0,0.15169683018656585,0.1517470990073463,0.2187453180682921
5215,36.0,0.14779311225859768,0.14797294437224542,0.20955762896505264
5215,37.0,0.14338008843876404,0.1438185279997105,0.2003703423969737
5215,38.0,0.13998271242614954,0.14046468512504082,0.19411034762785434
5215,39.0,0.13827385845431847,0.13884720186967778,0.19095383164084875
5215,40.0,0.1341354795466183,0.13477818812754463,0.18479909601273609
5215,41.0,0.1292925367303419,0.13015793722891714,0.17612762757590875
5215,42.0,0.1282995225537837,0.12926801701817428,0.17193089107220888
5215,43.0,0.1269435622441565,0.1279115250657164,0.16890525018818114
5215,44.0,0.12612538181549424,0.1272330627307505,0.16641486104063855
5215,45.0,0.1252781450299874,0.12644730491794454,0.16362093141213652
5215,46.0,0.1230157973565014,0.1242006998360637,0.16009357772297106
5215,47.0,0.11971305929223384,0.1208252528388772,0.15611042263333152
5215,48.0,0.11433326494491765,0.11542201101703752,0.14989287579705565
5215,49.0,0.1095898060161365,0.11052743585385674,0.14478654637724553
5215,50.0,0.10489264987115048,0.10577612434558854,0.1399730015948704
5215,51.0,0.10096220383514067,0.10183358501661122,0.1358424305327671
5215,52.0,0.09755850483954216,0.09842295620130989,0.13173265278335042
5215,53.0,0.09437165594362966,0.09515731301258273,0.12833250555473136
5215,54.0,0.0918021287235774,0.09252645780709692,0.12602018142235388
5215,55.0,0.0908343471249701,0.09148843395065058,0.12540506329549758
5215,56.0,0.08819710444113742,0.08880115704411239,0.1235109992113961
5215,57.0,0.08293601745428932,0.0833712645657007,0.12014426901905019
5215,58.0,0.07855529533980908,0.07895949910289853,0.1175076127343524
5215,59.0,0.07625775481164213,0.07666102177721594,0.11628550034876174
5215,60.0,0.0714556884655538,0.07183210298796092,0.11430727044191528
5215,61.0,0.07033896513699285,0.07083067254318823,0.11397988310647075
5215,62.0,0.06909182472417143,0.06958982589390218,0.11418222256967935
5215,63.0,0.06659743146430963,0.06715678346169353,0.11269964022351431
5215,64.0,0.06433902337887314,0.064913191756396,0.11241552640412979
5215,65.0,0.06299305409793446,0.0635927682033334,0.11269695308870166
5215,66.0,0.06135391269429341,0.06205900600065193,0.11246043422885484
5215,67.0,0.060642768395982066,0.06130417802702338,0.11342696127305583
5215,68.0,0.0596287761649802,0.06027424399908461,0.11355212109806055
5215,69.0,0.05935315767590394,0.05992496315696084,0.11450018502698145
5215,70.0,0.05884014988300839,0.059540154015986314,0.11642134239236593
5215,71.0,0.05679191566893581,0.05757642660118663,0.11755770294946513
5215,72.0,0.05600813536628684,0.056803262938495185,0.11841226565424666
5215,73.0,0.05469775217962825,0.05549357121675593,0.11815115521210005
5215,74.0,0.05378807774025757,0.054589725000546555,0.11797470483464735
5215,75.0,0.05282299602137023,0.05364756068003876,0.11734313546941731
5215,76.0,0.051767788076828795,0.052594402053900306,0.11747786169521063
5215,77.0,0.049860636780821706,0.05064653130250759,0.11709881211474223
5215,78.0,0.049066630497255695,0.04984913051681822,0.1174830440493203
5215,79.0,0.04794872344314872,0.04875989589527932,0.11768501788934581
5215,80.0,0.04664645255289656,0.047384766294017604,0.11658391489283527
5215,81.0,0.044969035734555976,0.04558827470022481,0.11560598359629763
5215,82.0,0.04355424200915837,0.04409831805110605,0.11444198594834924
5215,83.0,0.042143962988047866,0.0426322458303077,0.11207035747986467
5215,84.0,0.042210596648592474,0.042782197110699194,0.11102939813531247
5215,85.0,0.04084786338422702,0.041403688929022936,0.11019363803524462
5215,86.0,0.039443833088208334,0.0399538109318894,0.10934805974250193
5215,87.0,0.03920735246190775,0.039715176360229386,0.10940790298446833
5215,88.0,0.040110091654654664,0.04061366155717882,0.10957262145535272
5215,89.0,0.04023196761619591,0.040694163798957766,0.11082845264984037
5215,90.0,0.03928391008087034,0.039693991669677076,0.11172657408208463
5215,91.0,0.037785597641731304,0.03819494514933122,0.11212056821041727
5215,92.0,0.036922394425845766,0.03729305646133743,0.11271299502346208
5215,93.0,0.03625620807312033,0.036596516930634065,0.11305976802815942
5215,94.0,0.036660731236941725,0.03697721197935557,0.11328434320660181
5215,95.0,0.03695239918712685,0.03731393626300057,0.11300768377636351
5215,96.0,0.03694072862460031,0.037327489628544396,0.1128376759834127
5215,97.0,0.03608765714362494,0.03648736951670562,0.11154939088030805
5215,98.0,0.035505619261458274,0.03588280593680269,0.11119720153156516
5215,99.0,0.03506681610631153,0.035481625100206006,0.11036826561415576
5215,100.0,0.03414923561949338,0.03449011941660768,0.10880938389888707
5216,0.0,2.9066038639870517,5.408116675855963,6.564657815288973
5216,1.0,0.5052637679012276,0.4934166655673485,1.2619584696331865
5216,2.0,0.42977412442510765,0.40384252512340224,1.1157105276843402
5216,3.0,0.4013911990757265,0.37170949893114574,1.0527309591766694
5216,4.0,0.3654015605459385,0.33775057495059535,0.9576247224192561
5216,5.0,0.33247614137032616,0.3063855900914182,0.8844973308604076
5216,6.0,0.3121558707160133,0.2872486841767405,0.8392967244248026
5216,7.0,0.286161082246677,0.26275585399798423,0.7811048401487457
5216,8.0,0.26997915303027814,0.24841228254949915,0.7322472208113587
5216,9.0,0.26253285417007616,0.2422453979950255,0.7086063501730804
5216,10.0,0.25523348943377505,0.2363079366450217,0.681108577194889
5216,11.0,0.2467401910407574,0.2286720655277486,0.6601090159057947
5216,12.0,0.2368769861145907,0.21979591599480097,0.6333319252997058
5216,13.0,0.22859345261295647,0.2128953847811068,0.6022253222772312
5216,14.0,0.22116646462335157,0.2063989411124225,0.5790451578230205
5216,15.0,0.21886856426541915,0.205092474971229,0.5648134861929838
5216,16.0,0.20778243805526933,0.19469811617081917,0.53741216837918
5216,17.0,0.19920663929026913,0.18686393451318464,0.5106625851485216
5216,18.0,0.19101210540022043,0.17961897096434595,0.4868387138529362
5216,19.0,0.18598478538670135,0.17520476698322401,0.47199470333346244
5216,20.0,0.1851249264556846,0.17488022582237256,0.46463736988902454
5216,21.0,0.18471232021177783,0.17528351001379308,0.45133219651678524
5216,22.0,0.18129045210029648,0.1723616819889804,0.4417384744618928
5216,23.0,0.1787519036650223,0.17005177261951837,0.4331861160469006
5216,24.0,0.17395989903733244,0.16542689822138065,0.42503647404932826
5216,25.0,0.17075285433212667,0.1622971408539773,0.4156509476009087
5216,26.0,0.16657228339434815,0.15833014890173147,0.4041376749523936
5216,27.0,0.15984046014517556,0.15184818783366003,0.3903973237562911
5216,28.0,0.15373978238649347,0.14598619540018606,0.3761700371219012
5216,29.0,0.15117037482867068,0.14377271958418342,0.3668540064327889
5216,30.0,0.14597979810043568,0.13853029738707226,0.3567331788648329
5216,31.0,0.14013242945995935,0.1326357481281332,0.3455841110651724
5216,32.0,0.13380223674325079,0.12651465827363775,0.3312512393545585
5216,33.0,0.12976578861384563,0.12268111336887656,0.3222067212417993
5216,34.0,0.1254517119759089,0.11856889810717539,0.3111036569744595
5216,35.0,0.12123132013176491,0.11448971618832608,0.3001954827460954
5216,36.0,0.11728576984017872,0.11069704803565851,0.29146792602021454
5216,37.0,0.11841928012063033,0.11219445537328182,0.28844495935133097
5216,38.0,0.11711946686601994,0.11135705327305885,0.2807424618306459
5216,39.0,0.11622255351101539,0.1107545331677,0.2747183449496486
5216,40.0,0.11403311327386619,0.10871062491667816,0.2684214613957377
5216,41.0,0.11053115338539195,0.10526879472328246,0.26152687276736003
5216,42.0,0.10661864343247414,0.10137786796116283,0.2544320172060686
5216,43.0,0.10502191294231232,0.09973602091756865,0.25259202460895713
5216,44.0,0.10388079144413216,0.09860500045156154,0.24963234756590716
5216,45.0,0.10386608510058332,0.09871143042508028,0.2473477180663558
5216,46.0,0.10246478484872895,0.09726074424526601,0.2451334549371941
5216,47.0,0.10219673241861849,0.09721526748745603,0.2411944604739688
5216,48.0,0.10260952753863377,0.09788372983167686,0.23853139286458486
5216,49.0,0.09989978879936104,0.09520447542616867,0.2338195613232721
5216,50.0,0.09636411345014848,0.0916811558072327,0.2287355310068052
5216,51.0,0.09569465868341934,0.09115688119276374,0.22512366324012612
5216,52.0,0.09439201021044934,0.08999000343233456,0.22199014697914676
5216,53.0,0.09340940867908981,0.08928870595300727,0.21669602904563612
5216,54.0,0.09276591995309519,0.088713066978491,0.21460479281384515
5216,55.0,0.09214956356783272,0.08824147882436961,0.21101599258028444
5216,56.0,0.09161240806406339,0.08782073697958181,0.20874583225870383
5216,57.0,0.09144853794522058,0.08781014442779461,0.20696776152482765
5216,58.0,0.0916818725993697,0.08818793379229638,0.20465849382300946
5216,59.0,0.09147267237010881,0.08807301317981779,0.2027766842987325
5216,60.0,0.08997101877887101,0.08665324351339988,0.1985171051574439
5216,61.0,0.08768862879258295,0.08432304965481102,0.1944138337480442
5216,62.0,0.08619471480393445,0.08288608197644821,0.19157112692518558
5216,63.0,0.08533605212112107,0.08207402071787732,0.19013815959943406
5216,64.0,0.08402518460453019,0.08081266412877025,0.18625409314428196
5216,65.0,0.08315963042459132,0.0799722264173317,0.18494802331091093
5216,66.0,0.08241094997532211,0.07934303987352741,0.18212825350356612
5216,67.0,0.08004310558899241,0.077082358426513,0.17661620272365766
5216,68.0,0.07796736457665003,0.07503887021700394,0.17299616479768978
5216,69.0,0.0754984969671876,0.07266371603846962,0.1674622567296539
5216,70.0,0.0735058930919364,0.07073410436778434,0.16225784905022841
5216,71.0,0.07282774934636085,0.07015626264520351,0.1597403303090467
5216,72.0,0.07140734290562512,0.06878136039385896,0.15683343081258447
5216,73.0,0.0713989152599024,0.06886719985390957,0.15510209177147624
5216,74.0,0.06888291724156108,0.06636615817505759,0.15112436768168516
5216,75.0,0.06678148132177464,0.06425942736053855,0.14761230718246351
5216,76.0,0.06557585278408584,0.0630966625509906,0.1448353976696531
5216,77.0,0.06428445301648376,0.06181498826906232,0.1428097300508955
5216,78.0,0.06299452074022806,0.06062217507855648,0.14035932421828048
5216,79.0,0.062126683410805426,0.05978033384359622,0.1390797581848714
5216,80.0,0.06103272659332359,0.058677013436015196,0.1373854458869411
5216,81.0,0.06107017484257752,0.05876760644163124,0.13709039533835596
5216,82.0,0.06046737988361843,0.058220532955529515,0.13619471079577705
5216,83.0,0.06033046391485683,0.058094859604827395,0.13592522034863455
5216,84.0,0.05943480715885477,0.05719642614377807,0.13440769556875728
5216,85.0,0.05830442116549128,0.05604268296292473,0.1322892376459954
5216,86.0,0.057570025108353365,0.05534466588233454,0.13004386726995565
5216,87.0,0.0571321957948157,0.05495401928386558,0.1287650286156463
5216,88.0,0.056178003814164545,0.05403244958767324,0.12678517143337228
5216,89.0,0.055854530622175325,0.05376153488422283,0.12551007446513823
5216,90.0,0.055942152592361134,0.05382897343118847,0.12574791305823502
5216,91.0,0.055594348490607085,0.05351746766741717,0.12478185726822737
5216,92.0,0.054717940099026086,0.05270167934636788,0.12258411130662701
5216,93.0,0.05427609122364222,0.05236904514633299,0.12038000065174463
5216,94.0,0.054093997161036717,0.05225288089940236,0.11909986959876478
5216,95.0,0.05370790221416781,0.05193593599881248,0.11765487357866768
5216,96.0,0.053098446195262695,0.051370304585491904,0.11576164213399683
5216,97.0,0.05231324473200687,0.05060624451011042,0.11392114088420252
5216,98.0,0.05078884132560378,0.04909450331147972,0.11156380950412893
5216,99.0,0.0494309196728191,0.04773531123481314,0.10996851837674126
5216,100.0,0.04943241398495673,0.04774697277264264,0.10972647878027428
5217,0.0,2.9066038639870517,5.408116675855963,6.564657815288973
5217,1.0,0.49629817846117835,0.5380442043835956,1.1712804498160754
5217,2.0,0.4377754956921683,0.4543867377864859,1.0230688207692542
5217,3.0,0.4484702575975495,0.463528716333677,0.937547323626533
5217,4.0,0.43611759947978884,0.44860133153875986,0.8702503790730199
5217,5.0,0.4249783060793101,0.43756609799494106,0.8144234915120853
5217,6.0,0.4169813672418506,0.4277345531678623,0.7772500589103841
5217,7.0,0.4087448096132998,0.41782840456960174,0.7426080131325601
5217,8.0,0.4086810163248596,0.4174670158778901,0.7181816310387361
5217,9.0,0.4030933854479279,0.41163175532694524,0.680671802339484
5217,10.0,0.3977983994452492,0.4053212943890239,0.6650769477651003
5217,11.0,0.38614097779362977,0.3928832191236541,0.6418755981585403
5217,12.0,0.380317601459485,0.3866449381019395,0.6218870697191329
5217,13.0,0.369563787720209,0.3752552700748571,0.6004309917180456
5217,14.0,0.36419438781926483,0.37036480175588105,0.580374463207853
5217,15.0,0.3540464601003284,0.36018245980384894,0.5591752452396396
5217,16.0,0.3526592671128948,0.3583398905303645,0.5502298146528899
5217,17.0,0.34570677357118645,0.35064404680874545,0.5353861728120834
5217,18.0,0.3344358664935218,0.338912376554817,0.518506930955996
5217,19.0,0.329052974566729,0.3331308757826991,0.5072969548517573
5217,20.0,0.32802433199445863,0.33211463575100963,0.501667405632467
5217,21.0,0.322785305836864,0.3269807552629028,0.48891492571153305
5217,22.0,0.31404700687835935,0.3182211722675509,0.4746254323590168
5217,23.0,0.31091206430815793,0.31549771563017,0.46667619098491486
5217,24.0,0.3096934592075044,0.3145370667672653,0.45877636791447973
5217,25.0,0.3041223613945368,0.3088761286148425,0.44716196737276803
5217,26.0,0.3001781818935982,0.30473489537467946,0.4388954763369525
5217,27.0,0.2982768067605105,0.3029551851312316,0.43170196265698657
5217,28.0,0.2978388496847803,0.30251364318981433,0.42785785473851545
5217,29.0,0.2922451174187803,0.296909880228842,0.41958978625690446
5217,30.0,0.2853102759936846,0.28985544089317494,0.41018783117732366
5217,31.0,0.27766875456531726,0.28209323059620034,0.39865028948604875
5217,32.0,0.2718912677115047,0.27614428620478454,0.3909366350570806
5217,33.0,0.26804536470974716,0.27240170233419153,0.3840706236722559
5217,34.0,0.26272429065962566,0.26712562569927245,0.37564549779957473
5217,35.0,0.2586838457250586,0.2631310403537066,0.36839659049466816
5217,36.0,0.2526627397664852,0.25694015494802747,0.3590676756630516
5217,37.0,0.24696015632834215,0.2510935590697598,0.34973897902539014
5217,38.0,0.24103034590689798,0.24507576150096783,0.33961326484493376
5217,39.0,0.23526955025507518,0.23920706284232382,0.3296356186436221
5217,40.0,0.2322133359411262,0.2362832987981162,0.3211642855622734
5217,41.0,0.22662305418815187,0.23076628778741076,0.3117396069247305
5217,42.0,0.22037326567053603,0.22460122987901898,0.30206205211942855
5217,43.0,0.21380258459121768,0.21810744703658125,0.29311205050407324
5217,44.0,0.2080421897050172,0.21224132674274626,0.28548122672697235
5217,45.0,0.20384661789814557,0.2080037141745015,0.28018709532944963
5217,46.0,0.19941254341285203,0.20342437720299655,0.2744122226703091
5217,47.0,0.1949279189599606,0.19898918851292594,0.2665651802354972
5217,48.0,0.19007854733541404,0.19415573925482238,0.25780197641833935
5217,49.0,0.18643695219627343,0.19054867542776321,0.2525339777618578
5217,50.0,0.18074956322364477,0.18474288060336708,0.24497497285657224
5217,51.0,0.17582799767279736,0.17980997105773527,0.23821026890819588
5217,52.0,0.17157363765034128,0.175479168739062,0.23232319629837966
5217,53.0,0.16728851999020083,0.17100295097006785,0.2258082947842424
5217,54.0,0.1598348967615227,0.16339887159874483,0.21570706193202527
5217,55.0,0.15598219426647447,0.15943436464678484,0.20922699401640907
5217,56.0,0.1536781376082309,0.15716854309558467,0.20473285747568526
5217,57.0,0.15040879457052356,0.15389490324104954,0.19928594707338962
5217,58.0,0.14596951908589972,0.14936660156091833,0.19301385740736268
5217,59.0,0.14077007112929094,0.14407759244816512,0.18560895735024158
5217,60.0,0.13675170843949175,0.140045356230121,0.18009452066264514
5217,61.0,0.13207834145398978,0.1354372420654569,0.17381864323927787
5217,62.0,0.1292504461329949,0.1327549248736851,0.16950494630107849
5217,63.0,0.12624116097582327,0.12962501039642116,0.1658169097603769
5217,64.0,0.12361694469926737,0.12684125623101694,0.16236218081566425
5217,65.0,0.12109156603030488,0.12424789418363055,0.15877725159236988
5217,66.0,0.11841554482917901,0.12152976262137419,0.1559632735488929
5217,67.0,0.1176438458016252,0.12080974462538922,0.1546036827137269
5217,68.0,0.11441189964730307,0.11746564094259208,0.1511770196054344
5217,69.0,0.11292874477071388,0.11598079267829994,0.14954466691621163
5217,70.0,0.11185426027276378,0.1148962194422607,0.1478746832225831
5217,71.0,0.11029973825279284,0.11338892087834562,0.14599966566176575
5217,72.0,0.1092184380598011,0.11231211327905681,0.14565970899437317
5217,73.0,0.10846684713973329,0.11155349575504334,0.14482481143554166
5217,74.0,0.10641321337577336,0.10951340990731291,0.14317862618125055
5217,75.0,0.10420854025536139,0.10730263977002082,0.141104051151424
5217,76.0,0.10155159675095123,0.10458420893774567,0.13907840002346633
5217,77.0,0.09841462719766077,0.10145041165409903,0.13679974359452488
5217,78.0,0.09610169286927424,0.09907600918238618,0.1350334658144764
5217,79.0,0.09484543956945672,0.09774049839888914,0.13412809925257627
5217,80.0,0.09287044054908193,0.09576202107209532,0.13272666889432333
5217,81.0,0.0898054400934008,0.09260654633946763,0.13040619836154738
5217,82.0,0.08628926308101469,0.08901026238850575,0.12806061470186597
5217,83.0,0.08583783700037416,0.08847132681330537,0.1278587885012313
5217,84.0,0.08286075526977067,0.08537302096914245,0.12576604966566
5217,85.0,0.07969864303716342,0.08205492078275683,0.12342122007027405
5217,86.0,0.07714439676094148,0.0793985551369503,0.12208514314025139
5217,87.0,0.07401530388229206,0.07617123280594555,0.1201647747480552
5217,88.0,0.07170374597568077,0.07384031864158165,0.11905385774050087
5217,89.0,0.06955780498829399,0.07168397157709705,0.11771918398372186
5217,90.0,0.06751803955843437,0.06957828248314211,0.1166398484244821
5217,91.0,0.06497138988731986,0.06698235535345158,0.11557438096670389
5217,92.0,0.063174030467511,0.06519209349635353,0.11474812550859244
5217,93.0,0.06228642090725375,0.0642823426722879,0.11578368507536335
5217,94.0,0.05982297970022228,0.061751790338055,0.1146232807753552
5217,95.0,0.05887662961124141,0.06076043396272804,0.114102792551838
5217,96.0,0.05740970285059442,0.05929310339993613,0.11357767382819417
5217,97.0,0.05677720870434526,0.058634221428060795,0.11434057080846999
5217,98.0,0.055290716230840684,0.05711021933772767,0.11570407317082021
5217,99.0,0.05425566386688859,0.05611053926947876,0.11588419157014135
5217,100.0,0.05362784884134968,0.05548677148257422,0.1158055035208464
5218,0.0,2.9066038639870517,5.408116675855963,6.564657815288973
5218,1.0,0.49677341067235625,0.4921539258891506,1.3199409100111683
5218,2.0,0.42282973827385545,0.4001313886600132,1.138629029590181
5218,3.0,0.3955733185908625,0.36510630895420104,1.0769776330423475
5218,4.0,0.36875629634651863,0.3374471396882144,1.0093345599626826
5218,5.0,0.3403912026052938,0.3112350490949617,0.9348721953061386
5218,6.0,0.3240947634048898,0.2962142004666318,0.8913220561865818
5218,7.0,0.3105876747550794,0.2836654538447769,0.8564893529787662
5218,8.0,0.294883527188769,0.2691253009740189,0.8188637236779626
5218,9.0,0.28178278415275887,0.2578627800581163,0.7764948756580532
5218,10.0,0.2685738801827634,0.2464280740888049,0.7360353431557939
5218,11.0,0.2600332681958183,0.23946265703531439,0.7088629411443298
5218,12.0,0.24975493670674997,0.2302549204520819,0.677442846723374
5218,13.0,0.24026989045186717,0.22170624423711982,0.6494094451354245
5218,14.0,0.23287408833349071,0.2151195571992837,0.6291852351459505
5218,15.0,0.22211198115317352,0.2050160267905278,0.6047537522668556
5218,16.0,0.21513324244136356,0.19896925445243108,0.5829938988359825
5218,17.0,0.20960697527821787,0.19457270672226995,0.563755641366084
5218,18.0,0.20568133283820172,0.191167941857467,0.5515036165741793
5218,19.0,0.20082579583446108,0.1870252664801088,0.5359031298950243
5218,20.0,0.19633902889447094,0.18361484280655171,0.5143637525116507
5218,21.0,0.1930798131638873,0.1809810174414521,0.5008043256666733
5218,22.0,0.18530382863431774,0.1736147490424411,0.48353686046004296
5218,23.0,0.1786200364528696,0.16738863120678468,0.4661164907222914
5218,24.0,0.17637382542609079,0.16595184635068755,0.45358774337332
5218,25.0,0.1711864519755061,0.16106613828902644,0.43896058487595846
5218,26.0,0.16792202476845586,0.15820808292021915,0.4282978878026342
5218,27.0,0.16301961225482603,0.15382707810065022,0.413285867714968
5218,28.0,0.15992220859373632,0.15129692701771602,0.39914461583292077
5218,29.0,0.15995079984571148,0.1517337568769708,0.39340406197882277
5218,30.0,0.16092853469392343,0.1534116124809579,0.3867322317591375
5218,31.0,0.15979456388976696,0.15278652590939187,0.3752931916713753
5218,32.0,0.1599931702529001,0.15348773785052372,0.3661906217619415
5218,33.0,0.16072132893314056,0.15473315638641041,0.36117673890122415
5218,34.0,0.15747957418937428,0.15184778226329598,0.3533713856437057
5218,35.0,0.15149431186476414,0.14627393589807272,0.33900437411583434
5218,36.0,0.14805977546688961,0.1433346899365913,0.32736690238262345
5218,37.0,0.14618464948171905,0.14180051593077747,0.3176269478653459
5218,38.0,0.14473760684914533,0.14054367085174965,0.3115435844420572
5218,39.0,0.13967139811787863,0.1356055249836992,0.2994087217300923
5218,40.0,0.1371399330050524,0.1334007063734656,0.29086113195480984
5218,41.0,0.13485796811025885,0.13140490843320551,0.28273759542895877
5218,42.0,0.13520167419795404,0.13207137834363172,0.27785472066880657
5218,43.0,0.13397798425135593,0.13095791006616914,0.272880966341195
5218,44.0,0.13024908865326948,0.12728950419092228,0.2637025822783997
5218,45.0,0.1254156619985646,0.12241668233995319,0.2547502320237179
5218,46.0,0.12272584515690822,0.12006603668443888,0.24440239337777517
5218,47.0,0.11907916169176316,0.11646475137661723,0.23703933544534245
5218,48.0,0.11814430598973977,0.1156852876120778,0.23178713304788034
5218,49.0,0.11676140953693533,0.1144952813108416,0.2254762829440266
5218,50.0,0.11549134164395373,0.11348015636882279,0.21899333004989485
5218,51.0,0.11350092324223461,0.11160786329976621,0.21287066121646164
5218,52.0,0.11256760609701262,0.11083319502223639,0.2088418778633679
5218,53.0,0.1097866083080868,0.108074363941119,0.20463759430374415
5218,54.0,0.10677643306703273,0.10513056011691076,0.1987861642448406
5218,55.0,0.10374004963838397,0.10230044215485751,0.19131926262414672
5218,56.0,0.10339585335241581,0.10217346061807715,0.18630519152485597
5218,57.0,0.10105850736834301,0.09997109191764926,0.18003557879138
5218,58.0,0.10016690635749434,0.09924982180517809,0.17673220293634045
5218,59.0,0.09940766580715817,0.09858225128454315,0.17265543874787498
5218,60.0,0.09729002527180201,0.09656469489233332,0.16687952091983088
5218,61.0,0.09677087203217158,0.09624491950127682,0.16300024232088925
5218,62.0,0.09404235025038848,0.09363276005394609,0.1573741277334338
5218,63.0,0.09180400918378466,0.09153644919845609,0.15340348177755114
5218,64.0,0.089545409291697,0.08935900705650161,0.14974335443420725
5218,65.0,0.08935300725580961,0.08933017559167179,0.14776061696403484
5218,66.0,0.08793404185339276,0.0880142287886426,0.14493953176746055
5218,67.0,0.0862857550220502,0.08644935656246108,0.14239582465014766
5218,68.0,0.08322682153987619,0.08344228942698942,0.13789323812257764
5218,69.0,0.07940989830659513,0.07961515102024841,0.1332487300807653
5218,70.0,0.07649260168884932,0.07674028040741976,0.12947106069739847
5218,71.0,0.07554534218555595,0.0758413917134991,0.12722532399440054
5218,72.0,0.0741358285405304,0.07449171265278808,0.1250539911552672
5218,73.0,0.0766237171477146,0.07712408506839281,0.12612504189571697
5218,74.0,0.07705692824682174,0.07758410816491042,0.12556935526010476
5218,75.0,0.07681558653320722,0.07740451514983503,0.12490801920662513
5218,76.0,0.07749978122649763,0.07812740919973221,0.12564600532273312
5218,77.0,0.07702282895932186,0.07771506478125312,0.12496566190160288
5218,78.0,0.07655177718959626,0.07725689243285343,0.12429335611886771
5218,79.0,0.07586126683609977,0.07653194409882903,0.12375336896488599
5218,80.0,0.07630046944198202,0.07697009819778074,0.12357474035736539
5218,81.0,0.07537113440025013,0.0760266369014462,0.12277620724934649
5218,82.0,0.07416261760662304,0.07484766657424351,0.12216430589841226
5218,83.0,0.07131992432951606,0.07199852319501235,0.11981099410969802
5218,84.0,0.06951253498606447,0.07022162763733972,0.11827986148802061
5218,85.0,0.06756752733783397,0.06823663136947392,0.11659557115022687
5218,86.0,0.06622904782193509,0.06687907930905687,0.11525093357256988
5218,87.0,0.06535252989375277,0.06603439641284933,0.11458420638981999
5218,88.0,0.06381367976998989,0.06446909189420541,0.1140716826021258
5218,89.0,0.06287251064131287,0.06358799137262486,0.11320007399909911
5218,90.0,0.062044805362203595,0.06279538773371517,0.11282039005255268
5218,91.0,0.06030565573707291,0.06110382699052573,0.11149420907876334
5218,92.0,0.057701260205739145,0.05847158265469552,0.11013489441234206
5218,93.0,0.05586134936522546,0.056612793382036175,0.10931288265047981
5218,94.0,0.05633964582863042,0.057176640219459514,0.10943974850353319
5218,95.0,0.05610380705915661,0.05690595221556183,0.10934777296703829
5218,96.0,0.05612471697241073,0.05696195114578293,0.10964408415802884
5218,97.0,0.05561297359327186,0.056447071374943675,0.10918079259972677
5218,98.0,0.05599648316709996,0.056859753840185843,0.11010431071276386
5218,99.0,0.054500446137284574,0.05535929178722151,0.10934907496821052
5218,100.0,0.054353040207267056,0.05524001392230347,0.10906066940102259
5219,0.0,2.9066038639870517,5.408116675855963,6.564657815288973
5219,1.0,0.501630590148575,0.5072452241574713,1.3402855203331703
5219,2.0,0.4014055297218753,0.38790933504569547,1.089248678170632
5219,3.0,0.357052446182088,0.341668125068459,0.9692290116680146
5219,4.0,0.32417181353341573,0.306284042381811,0.8915201709894485
5219,5.0,0.29881461652446645,0.27899861919689845,0.8170751668293925
5219,6.0,0.27283072585120194,0.2526760877521913,0.745268684214882
5219,7.0,0.2621092510584591,0.24202453247743663,0.7029426261163463
5219,8.0,0.2512070412403166,0.23178479863387177,0.6682460288951482
5219,9.0,0.2411064934239287,0.22271187346736482,0.6393156875623525
5219,10.0,0.23001308730140077,0.21201232093716088,0.6168749981898638
5219,11.0,0.22339398035531652,0.20635130866070964,0.5974056724011283
5219,12.0,0.21175829288302486,0.1954450953350793,0.5704745131828524
5219,13.0,0.2026216238247292,0.18696512886152877,0.5455843007713965
5219,14.0,0.1930161849874842,0.17800928941530383,0.5214615806025231
5219,15.0,0.18637173225297463,0.17205615413819036,0.5019414979071695
5219,16.0,0.17981903847956138,0.16602164207729048,0.4873932900726847
5219,17.0,0.17484964215200346,0.1613504096085571,0.474400235386451
5219,18.0,0.1705402192010065,0.1576723522795348,0.46032621874712987
5219,19.0,0.16448052586039938,0.152478187116106,0.44124924619644623
5219,20.0,0.15946439222088168,0.14817492414543992,0.421694923431164
5219,21.0,0.1549770966141562,0.14435687984066126,0.40511062663093134
5219,22.0,0.15211532881924875,0.14193707376694467,0.39322462549544207
5219,23.0,0.14734340244367836,0.13749157819539504,0.38033523034267164
5219,24.0,0.14207153260840982,0.1325602669825321,0.3638784062657365
5219,25.0,0.13974333890396998,0.13081078315932454,0.3532935242574856
5219,26.0,0.13425436892337753,0.12533597173795305,0.34306645891502474
5219,27.0,0.1316710340541661,0.12307920737509323,0.33445098040597815
5219,28.0,0.12726667394138605,0.11880513251860973,0.32536606193896916
5219,29.0,0.12144247604486408,0.11322678775001603,0.3121657355137314
5219,30.0,0.11743532109347095,0.10951039604620864,0.30107852830993087
5219,31.0,0.11277680944492938,0.10511759817478888,0.291814149049834
5219,32.0,0.10958583814023529,0.102238905967306,0.2828308409882953
5219,33.0,0.107000281049759,0.09995928525913177,0.2745195090267587
5219,34.0,0.1020779389008518,0.09524980172441201,0.26218083297594974
5219,35.0,0.09717273881008612,0.09044726049022193,0.2513555330590424
5219,36.0,0.09066502409899793,0.08405058123107727,0.2381311537756412
5219,37.0,0.08691738874377955,0.08057755421813677,0.22800183797816181
5219,38.0,0.08520241108586747,0.07931223415571613,0.21839639518426182
5219,39.0,0.08231186019316823,0.07686581680218145,0.20704866095691074
5219,40.0,0.0793825362771374,0.07412540970394751,0.19890081173065596
5219,41.0,0.07907095276411945,0.07410798251662402,0.1937025185245494
5219,42.0,0.07751246813475872,0.07277180739923028,0.18620167300443116
5219,43.0,0.07292235398848973,0.06828206817293808,0.17746862251341838
5219,44.0,0.06905595202319303,0.06464673698427705,0.1680848770445165
5219,45.0,0.0652541098947387,0.06109248257765943,0.15945745382156745
5219,46.0,0.06169443023799301,0.057624467920432874,0.15329114530266802
5219,47.0,0.05757763629002463,0.053634827100475395,0.1449815061994514
5219,48.0,0.05395956955984039,0.05011778217256613,0.13858773635018615
5219,49.0,0.05171160027142678,0.04798592990905579,0.13419910380476496
5219,50.0,0.05032939921166839,0.04679449440473041,0.1303468971332362
5219,51.0,0.04982786032005953,0.04642494367594526,0.12788717369937147
5219,52.0,0.047641645006247166,0.04432383504456432,0.12393760815894365
5219,53.0,0.04675809683616903,0.04369105821954331,0.12076050099005325
5219,54.0,0.046433586286250446,0.04355934783676281,0.11858839781309634
5219,55.0,0.046375400757319774,0.043829370826628515,0.11559382418992195
5219,56.0,0.044891378345146005,0.042508356523945995,0.11271853226271332
5219,57.0,0.04333737663233867,0.04105589690160369,0.11019524215196651
5219,58.0,0.04096194872600848,0.03865068476132856,0.10730386241917639
5219,59.0,0.03918527816020319,0.03684012421293193,0.10499332842505792
5219,60.0,0.038517267960605256,0.03616679832489087,0.10425480686424503
5219,61.0,0.03766600680642402,0.03541651653496153,0.1018015261370842
5219,62.0,0.036634811943314576,0.03449777130233507,0.10001921214133049
5219,63.0,0.0358362059796596,0.03382842614037284,0.09834759693014133
5219,64.0,0.034564123098455496,0.032670714582369545,0.09666576779741363
5219,65.0,0.0346562042892948,0.032928414985202,0.09545124098104597
5219,66.0,0.03378503536310125,0.03213556855879748,0.09475159532895652
5219,67.0,0.03231094033397204,0.030768317591164853,0.093304810509599
5219,68.0,0.03198956159306508,0.03055884894257653,0.09309407696862095
5219,69.0,0.031301559178328345,0.029964128098727276,0.09321120633068834
5219,70.0,0.029822493573544172,0.028524068362427213,0.09213002859916443
5219,71.0,0.02846742272656612,0.02723209685625627,0.09121083759068813
5219,72.0,0.02756735688683522,0.026415949651807956,0.09079575164414347
5219,73.0,0.025187837601112536,0.023978347649321975,0.09071916568263237
5219,74.0,0.0240462687936238,0.022881137758816353,0.08997134052376665
5219,75.0,0.02283055772486376,0.021588921736815328,0.08976870773002689
5219,76.0,0.021829998515479516,0.02050563932151974,0.08977035062585534
5219,77.0,0.02092342438336525,0.0195870892708994,0.08921229168332657
5219,78.0,0.020213061520726543,0.018883806703993138,0.08829359682974887
5219,79.0,0.0194728810526581,0.018120589579269028,0.08824857695180247
5219,80.0,0.018908919800723394,0.01750513031164615,0.08841214916415363
5219,81.0,0.018457872336511322,0.01706482176429679,0.08800153926337426
5219,82.0,0.017995200699663524,0.016564161543611497,0.0888300046521901
5219,83.0,0.017796725417077545,0.016356371899383056,0.08851496670440219
5219,84.0,0.017567940607080144,0.016144913300691593,0.08816343833765145
5219,85.0,0.01738759814471076,0.015986085760150745,0.08827957134946218
5219,86.0,0.017036158178548172,0.01567563420929388,0.08876488758185479
5219,87.0,0.016705540974006464,0.015369870994296415,0.08886647436559332
5219,88.0,0.016448009878226744,0.015142272656712788,0.08891887690596603
5219,89.0,0.01614165196675483,0.014868596488639568,0.08874635991830956
5219,90.0,0.015993075646941173,0.014738805507348095,0.08835041417908902
5219,91.0,0.015798204724675337,0.014581789938458432,0.08819262081247843
5219,92.0,0.015907450478636932,0.014681961468144995,0.08886849516611461
5219,93.0,0.015871390854336583,0.01470624187863517,0.08856474735343614
5219,94.0,0.015807509093321775,0.014665564748562508,0.08863327500769262
5219,95.0,0.015634517802666423,0.014546633891083672,0.08869357608899403
5219,96.0,0.01543657211779204,0.014372466596182068,0.0891232646539358
5219,97.0,0.015391212356224641,0.014344412130052135,0.08866758725955486
5219,98.0,0.015424798016314975,0.01438562730838896,0.08835740584877397
5219,99.0,0.015288154465637856,0.014211809063980736,0.08858116357952418
5219,100.0,0.0151894837115711,0.01408482469195918,0.08825129515417642
5220,0.0,2.9066038639870517,5.408116675855963,6.564657815288973
5220,1.0,0.5060921368947379,0.4930228130485957,1.3384936070638618
5220,2.0,0.4461395250658692,0.4182649529271799,1.193923457058661
5220,3.0,0.3896452734018731,0.3613889811953301,1.0573186198627404
5220,4.0,0.362531632632784,0.333128126389103,0.9860591661975825
5220,5.0,0.3351301149657705,0.30651475846040926,0.9221034433864851
5220,6.0,0.31048251115262393,0.28333170371154814,0.8649986504007329
5220,7.0,0.2894477049891291,0.2639927728390836,0.8109259780199116
5220,8.0,0.26780383306633204,0.24415939909636586,0.7542893676095499
5220,9.0,0.2517000378499623,0.22945685079228886,0.710572938437106
5220,10.0,0.24246362769854882,0.22116499053308364,0.6857387379434523
5220,11.0,0.23271216163827807,0.2124482542580296,0.6596544553259895
5220,12.0,0.22606997394452916,0.20652841150279086,0.6433727817371729
5220,13.0,0.21999850685522832,0.20104944006215855,0.6271215527721637
5220,14.0,0.21139174147262638,0.19317593325810753,0.6034096910116532
5220,15.0,0.20429015571667358,0.1867426124523996,0.5825971296601603
5220,16.0,0.19614981098611886,0.1792696062434304,0.5600839868804074
5220,17.0,0.18669563804061118,0.17069423398617672,0.5315859894063777
5220,18.0,0.18277826269118982,0.16720272455399193,0.5197094997834032
5220,19.0,0.17666237718609148,0.16170906133620783,0.5012516319842378
5220,20.0,0.16928504702272174,0.15499317091716355,0.480882752516605
5220,21.0,0.16497733080819021,0.15108350814010285,0.46968159605835375
5220,22.0,0.15871256861518773,0.14539474131272434,0.45190653597477637
5220,23.0,0.15580874513948317,0.14282596049641041,0.4442677176263494
5220,24.0,0.15318498643097647,0.14047499012283027,0.43680987182869657
5220,25.0,0.14897394171369668,0.13669810974622756,0.42388377673259087
5220,26.0,0.14420943996733773,0.13249887783278425,0.4087870827173889
5220,27.0,0.1410367182041217,0.1297422596879341,0.3980833414258218
5220,28.0,0.1345674514930474,0.12379573007150946,0.3786658307269494
5220,29.0,0.13101219994815527,0.12062802076148933,0.36858367640073103
5220,30.0,0.12649936121989222,0.11662882387443738,0.3542739235140588
5220,31.0,0.12331853488848102,0.11364546755470742,0.34554884982813827
5220,32.0,0.12026559964695135,0.11080312944393758,0.33684561892561604
5220,33.0,0.11626769572275412,0.10715161400571119,0.3250753611790438
5220,34.0,0.11192119146835869,0.1031777551754027,0.3127302110170957
5220,35.0,0.10889521183643167,0.10032192383955041,0.3048297564131582
5220,36.0,0.10709408740911755,0.09872758177181128,0.299499002250883
5220,37.0,0.10442614153685137,0.09644434033244143,0.2908348723199535
5220,38.0,0.10345165719421824,0.0956486528593126,0.2874024920481875
5220,39.0,0.1012855101381433,0.09353551577856437,0.2823478311343833
5220,40.0,0.09903864602015942,0.09151798823713772,0.27554776755600197
5220,41.0,0.09782040483639688,0.09051141023582315,0.27124923115163563
5220,42.0,0.0975869728323243,0.09040244912075263,0.2700687762378088
5220,43.0,0.09577711073086327,0.08870426809932976,0.2651343446549061
5220,44.0,0.09352758834632109,0.086545641127457,0.2594398876000822
5220,45.0,0.09137919738028547,0.08446209082353351,0.25429483464426567
5220,46.0,0.08879896088966485,0.081951667605916,0.24786420854097804
5220,47.0,0.08607611147184605,0.07936352703969225,0.24092951056697623
5220,48.0,0.08389974773036138,0.07730983444393019,0.23475710386101373
5220,49.0,0.08213109810229936,0.0756711452549859,0.22979615234943243
5220,50.0,0.08078131724441535,0.07446829170616344,0.22575827445031907
5220,51.0,0.07915997831524767,0.07301361750947565,0.22053658790517922
5220,52.0,0.07821894497289841,0.07217129423433741,0.2175980913830163
5220,53.0,0.07794832254689114,0.07192429168747178,0.21658872845848526
5220,54.0,0.07703101914738472,0.07106784651725705,0.21389644068764913
5220,55.0,0.0755969393278363,0.06982189015306974,0.2094249427825405
5220,56.0,0.07512511145236854,0.06949812037042938,0.20751245401866183
5220,57.0,0.07448999869277971,0.06896238546301611,0.2054716844991405
5220,58.0,0.07367652478827844,0.06826945586928176,0.20261145357234317
5220,59.0,0.07175655258511462,0.06644466806005683,0.197504879613545
5220,60.0,0.07067122096873431,0.0654575440759429,0.19432758248222737
5220,61.0,0.0691081893692027,0.06396341293086148,0.19020998701928762
5220,62.0,0.06783308005491252,0.06277252463688528,0.18651604160918991
5220,63.0,0.06575536971505538,0.06080611747376651,0.18097225777999412
5220,64.0,0.06487040633850244,0.0600230937710629,0.1781091441570231
5220,65.0,0.06416155565598215,0.05936478193452768,0.17600595800494548
5220,66.0,0.06275260384062883,0.05808240834089194,0.1718647984474387
5220,67.0,0.06205085488747592,0.05743532694985325,0.16994663810130187
5220,68.0,0.06065884875911791,0.056138997414416435,0.1664219941997489
5220,69.0,0.059755871468463034,0.0553320102444023,0.1637127520806251
5220,70.0,0.05919324800030099,0.054850646866923924,0.16193261981212992
5220,71.0,0.05801778507264232,0.05378433020480781,0.15865790286809742
5220,72.0,0.05713832711133217,0.05294205970602544,0.15640443815109745
5220,73.0,0.05629373091187018,0.05217828583063376,0.15367375850508552
5220,74.0,0.0555260685539051,0.05145910678696299,0.15142984344950822
5220,75.0,0.054862018945389286,0.05084426981309801,0.14991644635653045
5220,76.0,0.05432340125253863,0.05034620941558077,0.14823984297890538
5220,77.0,0.05344415415144584,0.04951218045956104,0.14572468295054078
5220,78.0,0.053021829104100394,0.04915640050850567,0.14437377551993608
5220,79.0,0.05245936759654773,0.048666094797903306,0.14257372696056678
5220,80.0,0.052240783925647655,0.04849938745706783,0.14151896545944065
5220,81.0,0.05160200563207784,0.04790064279931675,0.13993015111580956
5220,82.0,0.0501110970008372,0.04648423937502271,0.13611781148451293
5220,83.0,0.049125826517158494,0.04555776510300837,0.13339905206931726
5220,84.0,0.04835954610495632,0.04485033656859846,0.13130275686331402
5220,85.0,0.04793447948976486,0.04449391319890934,0.12992377721714565
5220,86.0,0.04763940842415071,0.04423278588300781,0.12921830723801012
5220,87.0,0.04708577772032994,0.043734820630969666,0.12740030398732988
5220,88.0,0.04688672346602872,0.0435438869028542,0.12701631463993615
5220,89.0,0.04641333048791852,0.04312117608008605,0.1255047603233236
5220,90.0,0.04548273403207269,0.04227541283112232,0.12313825752421
5220,91.0,0.04520197504695003,0.04200868859926302,0.12238837788631293
5220,92.0,0.04483562918733313,0.04171375525478288,0.12144323364956025
5220,93.0,0.044439677336544255,0.04134516938417799,0.12032033049780085
5220,94.0,0.044134847906919725,0.04105332305517225,0.11947311818663617
5220,95.0,0.04403541356206101,0.04097280892793736,0.1192321793529334
5220,96.0,0.043875641730407755,0.04081148780047624,0.11903311624099719
5220,97.0,0.043355258158163816,0.040308183446233374,0.11797122439168031
5220,98.0,0.0429369871295067,0.03993353182078565,0.11678496081320336
5220,99.0,0.04227421600580481,0.039318543183845166,0.11504135746053427
5220,100.0,0.04270461186969264,0.03973453917567817,0.11603041144725554
5221,0.0,2.9066038639870517,5.408116675855963,6.564657815288973
5221,1.0,0.600672747115374,0.6295655663586884,1.468414466722308
5221,2.0,0.5159241909191173,0.522367346701907,1.282439693254415
5221,3.0,0.45476754314754664,0.447830504111093,1.1598326997634536
5221,4.0,0.4111419703353853,0.40447884556892283,1.0306343598236394
5221,5.0,0.3654616798202592,0.35255167084929767,0.9382442672285578
5221,6.0,0.3355739145105621,0.32250470381213375,0.8705059410727661
5221,7.0,0.31313510924816745,0.3033241171176235,0.8009737969268812
5221,8.0,0.2957851848345951,0.2866003025005146,0.7522977664454419
5221,9.0,0.27185994593944013,0.26199927357155584,0.6999944797518236
5221,10.0,0.25568553711730174,0.247256694363964,0.6453321844761705
5221,11.0,0.2411382018100341,0.2334017604468583,0.6041056413729436
5221,12.0,0.2255991521913576,0.21845332224344494,0.5601533431153154
5221,13.0,0.21518153498456055,0.20873215927978883,0.5242500906312159
5221,14.0,0.20167370763692538,0.19569132359187733,0.4906616660361005
5221,15.0,0.18375781707858316,0.1777562389377001,0.45165231724325644
5221,16.0,0.1731542887138516,0.16717232493590245,0.43029605803197624
5221,17.0,0.1639229403212351,0.15806502674744208,0.40840005198070695
5221,18.0,0.15405880025669205,0.1485859833809262,0.3809133559998472
5221,19.0,0.14718986401888864,0.14188667247785086,0.3616216858698297
5221,20.0,0.14225548807749736,0.13738853865540981,0.3457418207979804
5221,21.0,0.13400825207135642,0.12919687685949585,0.3286648789896945
5221,22.0,0.12729340873569378,0.12282820796849675,0.3118530436860353
5221,23.0,0.11814337709161511,0.11352263327072984,0.29409823243263855
5221,24.0,0.11204433738811528,0.10767639948632349,0.27685344773683107
5221,25.0,0.10562711260279793,0.10152864621622054,0.26015302031514803
5221,26.0,0.09971201153621803,0.09587982760750355,0.24769684171685685
5221,27.0,0.08970278558944537,0.08563332532804085,0.23092767946437473
5221,28.0,0.08544001531749469,0.08190320644106847,0.21830675090913468
5221,29.0,0.07867201826616002,0.07543053313884046,0.2020697354267655
5221,30.0,0.07141465857075772,0.06796006183412603,0.18942837070324184
5221,31.0,0.06719432626395602,0.06386938029992814,0.17996871930171573
5221,32.0,0.06498305073433965,0.062163487558033886,0.17259378270184053
5221,33.0,0.061391088695928596,0.05896790794975594,0.16332611291428026
5221,34.0,0.05706479550189035,0.05492651469828853,0.1550107524584774
5221,35.0,0.054718439892303,0.0528072923919215,0.14926150331538043
5221,36.0,0.05284478049256793,0.05121188491086212,0.14499656890855406
5221,37.0,0.05112119626954226,0.049947701932798905,0.1408638198593432
5221,38.0,0.0482001540967159,0.04697622081840135,0.13524694978520663
5221,39.0,0.04755211437638063,0.04657324680101172,0.13314218320232804
5221,40.0,0.044727817295104146,0.04333352558764626,0.1298405400647249
5221,41.0,0.042621602569814364,0.04111006711304858,0.12659431620444256
5221,42.0,0.0400297360454194,0.03843222651299915,0.12287941752435559
5221,43.0,0.03921415959864516,0.03800451444996094,0.11982132738200835
5221,44.0,0.037623582089996686,0.03655003672615846,0.11812716338792131
5221,45.0,0.03601009834550665,0.03490880853779445,0.1162875910493881
5221,46.0,0.03323422508003768,0.03201084059904157,0.11276161917799447
5221,47.0,0.03136281152863965,0.029899527027439414,0.11136198954565944
5221,48.0,0.03005871021305044,0.02841128936070779,0.11066448552517846
5221,49.0,0.029041667953371725,0.02727253895510554,0.110410791238652
5221,50.0,0.028074981717135652,0.026243059411191715,0.10911002700233932
5221,51.0,0.027633999220747697,0.025551836837281006,0.10895024554287501
5221,52.0,0.026406810016134083,0.024363438923686098,0.10884675307909565
5221,53.0,0.025380518642102935,0.023434687690799344,0.10753107411990137
5221,54.0,0.024658284444526557,0.022773642223368553,0.10695590799905179
5221,55.0,0.024530310054649077,0.022587642845157355,0.10662397021792712
5221,56.0,0.024801207877646635,0.022754277161381193,0.10598374277478041
5221,57.0,0.024745777217081703,0.022686166304586076,0.10522577543680993
5221,58.0,0.025091602213992786,0.022985733421304704,0.10449234212153845
5221,59.0,0.02610259113373445,0.023976762016845225,0.10409785460814099
5221,60.0,0.02784198835509863,0.025832149745562975,0.10565070389395571
5221,61.0,0.028891633363613223,0.026967161908046742,0.10594359188548197
5221,62.0,0.028060516287520692,0.02618026670208729,0.10533293390876347
5221,63.0,0.027490454537385106,0.02567545210694756,0.10494126126159453
5221,64.0,0.02683293118082646,0.02500341534352131,0.10384565720541732
5221,65.0,0.0255911438577765,0.0237838711685202,0.10318307214112074
5221,66.0,0.024442565363572623,0.022672544493947403,0.10109674287515731
5221,67.0,0.024067372169055096,0.022343923411588477,0.10004982377543777
5221,68.0,0.025174607505285933,0.023563223959917463,0.10078254310318989
5221,69.0,0.02467455433661501,0.023153230139650847,0.0996994011622851
5221,70.0,0.024910274145316623,0.023431103951341445,0.09854302022096001
5221,71.0,0.02450469856201724,0.023062975719841387,0.09775804229649339
5221,72.0,0.024570720882127986,0.02317069383445971,0.09839105503676171
5221,73.0,0.024603237638924823,0.023245081808103047,0.09741398964406345
5221,74.0,0.02410930396787879,0.022780542557231317,0.09556121419177785
5221,75.0,0.025516627917448284,0.024218005553728154,0.09594694534706352
5221,76.0,0.02582086690756525,0.02455603276011351,0.09672474590078492
5221,77.0,0.024766034868364564,0.023510282102537805,0.09604000913723285
5221,78.0,0.024920490545672067,0.023651534168908615,0.09586508036898031
5221,79.0,0.025030671863379903,0.023758048090118916,0.09462685415686883
5221,80.0,0.02504372685904166,0.02375260259129304,0.09381939951310085
5221,81.0,0.024254007614925244,0.022908633372583708,0.09227870133092189
5221,82.0,0.024280131332394896,0.022911059596644336,0.09047174986738786
5221,83.0,0.02434461534461616,0.023012203601298378,0.08952813458204041
5221,84.0,0.02477384994402118,0.0235289503049459,0.08904534842512066
5221,85.0,0.024600171864204323,0.023335606964593747,0.08857402701688984
5221,86.0,0.025222099515729967,0.023983735651491617,0.08867068878206942
5221,87.0,0.025150419740717696,0.02389623784004345,0.08733807714402156
5221,88.0,0.02481729886941799,0.023599402260124084,0.08696874085790703
5221,89.0,0.026065531336479836,0.024925745916637237,0.0870040034406275
5221,90.0,0.02663094052968279,0.02556672109895414,0.08664980028830398
5221,91.0,0.02668014732181223,0.02571019241598457,0.08637721791254047
5221,92.0,0.02701707204071307,0.026092103503980127,0.08625513044271882
5221,93.0,0.02724120883813569,0.026375873282926943,0.08616165902528866
5221,94.0,0.02671814353613932,0.025878397275625697,0.08621385397632118
5221,95.0,0.026488374226024618,0.025639882235118223,0.08522094722495563
5221,96.0,0.02679024894191515,0.025955085636445035,0.0853211714200769
5221,97.0,0.026277846601822044,0.025422592678458037,0.08508390896028128
5221,98.0,0.025763580099328127,0.024851831527792512,0.08463843438562255
5221,99.0,0.025593386413146364,0.024694479759979807,0.0845353506848466
5221,100.0,0.02607671049286238,0.025214302256588758,0.08490130751959984
5222,0.0,2.9066038639870517,5.408116675855963,6.564657815288973
5222,1.0,0.5168294571965925,0.5267100141450989,1.2259505203210594
5222,2.0,0.4695244295238955,0.4577075251558869,1.0914318245147767
5222,3.0,0.4507726796184574,0.4358519600007651,0.9977026838669685
5222,4.0,0.4263028466068996,0.4118661546011793,0.9154677618527326
5222,5.0,0.39907594060909646,0.3843633574446573,0.8661385054134214
5222,6.0,0.3879657872799745,0.37436605734213735,0.817808255518384
5222,7.0,0.3734424137385063,0.3602843039986155,0.7794520357061547
5222,8.0,0.358103861862549,0.34619966378104683,0.7457995720249675
5222,9.0,0.3456904901923034,0.3351538381163446,0.7099494455437425
5222,10.0,0.33126358013835655,0.32245622495124854,0.6721615737396622
5222,11.0,0.32410615330742876,0.3167647454574274,0.6421249942390055
5222,12.0,0.3157033464702136,0.30879019694630017,0.6247146035447825
5222,13.0,0.30518233669827227,0.29879923517724105,0.6020862020572253
5222,14.0,0.2986607307175869,0.2928773243086839,0.5881007271469243
5222,15.0,0.2965932699798418,0.29162501082841635,0.5688551798151664
5222,16.0,0.2872810774891746,0.282802392477844,0.5455003242955094
5222,17.0,0.2752136337694813,0.2710962387177041,0.5234041478947646
5222,18.0,0.27279765448110954,0.2690448967180374,0.5079328773915663
5222,19.0,0.2655015586751581,0.261711840102687,0.4920481845294584
5222,20.0,0.26271382820203987,0.2591528584292632,0.4794014697458262
5222,21.0,0.26188376943769726,0.258729423050275,0.4710749135545038
5222,22.0,0.25609198343468453,0.2531988350149649,0.45677822905112936
5222,23.0,0.254478491734887,0.2522775100383955,0.44521304271459466
5222,24.0,0.25106805962162887,0.24939328442764983,0.4320234223591928
5222,25.0,0.24709111980151066,0.24582264399413142,0.4178703403256818
5222,26.0,0.24287564211879895,0.24211404854729363,0.4053016523448733
5222,27.0,0.23698045035285767,0.23672580710618726,0.38924996395523587
5222,28.0,0.23272826064299093,0.23281058241869002,0.3748946381544768
5222,29.0,0.22491524210948854,0.22506037862284184,0.359346577596218
5222,30.0,0.22020084411228427,0.22039206680691892,0.34753405755602046
5222,31.0,0.21612362322057022,0.21662343073004503,0.3344762684980102
5222,32.0,0.21273450849634437,0.21358339533281853,0.32403733624841285
5222,33.0,0.2088059173473254,0.2100194454793732,0.3142251419515662
5222,34.0,0.20374815719288153,0.20510574274147672,0.3043364343489817
5222,35.0,0.19280351703981247,0.19403702141222573,0.2875321952467151
5222,36.0,0.18535769804894292,0.18657550570055484,0.27611016328426674
5222,37.0,0.18183457634026384,0.18320400959061575,0.2691309302533778
5222,38.0,0.18005844833031992,0.18155662334495248,0.2621164256983002
5222,39.0,0.17900630475730184,0.18062587575490016,0.2563834319913845
5222,40.0,0.17358719266986333,0.17527124263214794,0.24721233134366832
5222,41.0,0.17392417121927728,0.17582784880736668,0.2432821654892474
5222,42.0,0.17272805533884666,0.17471760826094013,0.23904439699627886
5222,43.0,0.1678708484016126,0.16985138516615855,0.23120383715215304
5222,44.0,0.16100750276415818,0.16299677909430163,0.22069611538823242
5222,45.0,0.1542591588289031,0.15618123434276726,0.21117952601212603
5222,46.0,0.15362142327357675,0.15560943164607,0.20823874947544938
5222,47.0,0.15240421273671073,0.1544016028674766,0.20534273274986242
5222,48.0,0.14786918844084837,0.14993569941891904,0.19747686641139595
5222,49.0,0.14572359855897826,0.14780386043067098,0.1930487859174861
5222,50.0,0.140924846434957,0.14282293729586637,0.18673797601719788
5222,51.0,0.13725119292404545,0.13908896373016869,0.18126698744615813
5222,52.0,0.13604896324252716,0.13793389691310806,0.17833461623310293
5222,53.0,0.1312004189621241,0.1329588214047768,0.17266549079152535
5222,54.0,0.12887888603161501,0.13067181392728516,0.16942090677867558
5222,55.0,0.12524411704109986,0.12705442940456912,0.16520323032827391
5222,56.0,0.12001242796528022,0.12184187535447279,0.15947632531031802
5222,57.0,0.11915709692906515,0.12102855693408765,0.15770467096658658
5222,58.0,0.1165311840919678,0.11851309858719315,0.1549535396749101
5222,59.0,0.1137121429630558,0.11568582489462334,0.15158234799396916
5222,60.0,0.11145175270806307,0.11344659068032394,0.14934490719736884
5222,61.0,0.10911576766025186,0.11101148621570492,0.14654227029364264
5222,62.0,0.1071249146568926,0.10888610264752387,0.14467870787498666
5222,63.0,0.1072866678819808,0.10907818839825222,0.14395197360823153
5222,64.0,0.10403468448301192,0.10571442418110268,0.1403629794254875
5222,65.0,0.10202012369390688,0.10360197407719551,0.1388286163054072
5222,66.0,0.10074232433486706,0.10233966582687078,0.13746652669564743
5222,67.0,0.09884291340931768,0.10042719261041957,0.13530862637568714
5222,68.0,0.09625172521402718,0.09777201242111969,0.1328342611419173
5222,69.0,0.09302681183495275,0.09452982375641725,0.12956572978055136
5222,70.0,0.09053795841539303,0.09195669010802356,0.12693666519307711
5222,71.0,0.09022516476267001,0.09165457880517394,0.12608982088605716
5222,72.0,0.08778949172153953,0.08924010334662127,0.12362906341883614
5222,73.0,0.08651162139857159,0.08798245627483628,0.12210847778915807
5222,74.0,0.08492248939249626,0.08643012073224036,0.1200038897380691
5222,75.0,0.08173861536592811,0.08320625388568284,0.11716283442211832
5222,76.0,0.07972284636792742,0.08120246058256082,0.11580418370047207
5222,77.0,0.0767012495419405,0.07814085781622603,0.11298177543600126
5222,78.0,0.07481634749352659,0.07626337424794277,0.11106242751977506
5222,79.0,0.0737857347170992,0.07533389597938481,0.11008288888971313
5222,80.0,0.07137988766594335,0.07288639184904924,0.10731290292896348
5222,81.0,0.06993674490327087,0.07148430971523186,0.10610241838825799
5222,82.0,0.06878695665146838,0.07025335674735794,0.10545613533562119
5222,83.0,0.06812957623904811,0.06956926694409349,0.10518381153108809
5222,84.0,0.06649113815744434,0.06789781271292654,0.10385427244107469
5222,85.0,0.06573953472075744,0.06714805742513108,0.1032579872205362
5222,86.0,0.06514115993430096,0.06657613642122602,0.10285856336707674
5222,87.0,0.06427762572342469,0.0657006399836269,0.1023876210060732
5222,88.0,0.06266864225688622,0.06407176639724838,0.10118061509940572
5222,89.0,0.061354290435151324,0.06268984971924907,0.09983727907219303
5222,90.0,0.059814394408513175,0.061183379419510395,0.09856533461548835
5222,91.0,0.05800494396646197,0.05936422954244305,0.097438061659183
5222,92.0,0.05570050960279157,0.05711711456553219,0.09539218022999695
5222,93.0,0.05431548296974454,0.05577197669635257,0.09382145273309718
5222,94.0,0.05363502224421084,0.05508056480776782,0.09294050705579945
5222,95.0,0.05397759059630905,0.05540523581356049,0.09266354651871694
5222,96.0,0.052369512554667146,0.05381671964907175,0.09097169372787903
5222,97.0,0.05069059857413308,0.052208067812260006,0.08986297184894611
5222,98.0,0.050020872783547256,0.0515690493601223,0.08951957065653829
5222,99.0,0.04990406407892285,0.051452827656878385,0.08968319519369553
5222,100.0,0.04893288672351231,0.050469360543703726,0.0894939726565787
5223,0.0,2.9066038639870517,5.408116675855963,6.564657815288973
5223,1.0,0.4827124574079538,0.5319658044009208,1.2818790932230073
5223,2.0,0.411142752815956,0.41921038427883534,1.1370162475137855
5223,3.0,0.3599953024662545,0.35341142789440116,1.018010341488519
5223,4.0,0.33126909897877094,0.31628714955513715,0.947688453657469
5223,5.0,0.3132074501226872,0.29422079686124514,0.8998306396636275
5223,6.0,0.29669992164091386,0.275937120456873,0.8485508999456904
5223,7.0,0.2886332748752556,0.26779552215453,0.816044792556422
5223,8.0,0.2728717746110741,0.2532689588871012,0.7723019058483632
5223,9.0,0.26393098942062365,0.24497587280349262,0.7421087929193227
5223,10.0,0.2538943348039548,0.23494664920432864,0.7167204207226614
5223,11.0,0.24529634143536744,0.22657686339031147,0.6947656456356165
5223,12.0,0.23525481921899563,0.21690661097585703,0.6701633386240415
5223,13.0,0.23053412975913537,0.21259466097518767,0.6536302344540817
5223,14.0,0.22529056622463006,0.20762188726258965,0.6375636117950859
5223,15.0,0.2154092140479147,0.19833318131820518,0.6125794779059113
5223,16.0,0.20648193745227358,0.18991512736699667,0.5898241682841285
5223,17.0,0.19973315653965698,0.18357597111917867,0.5721899188210177
5223,18.0,0.19411962751218656,0.17831528878618658,0.5575235357066091
5223,19.0,0.18814504972127574,0.1727620219778968,0.5425319561495914
5223,20.0,0.18176558899500692,0.16673107623390704,0.5268071759291306
5223,21.0,0.17743393170533012,0.1628088240991862,0.5133248815180271
5223,22.0,0.1738526856011607,0.1594514243083771,0.5048668310969446
5223,23.0,0.1684573016851065,0.1546292449339315,0.48842024751536983
5223,24.0,0.16487856996234365,0.15166044715684798,0.47564749428878267
5223,25.0,0.16180908261713703,0.1489372990914072,0.4658771413457317
5223,26.0,0.15695766322497043,0.1445984882888491,0.45043253171656705
5223,27.0,0.15119802260635964,0.13943402037952668,0.43395379583372096
5223,28.0,0.1475508275415877,0.13603538268650406,0.4243192363718656
5223,29.0,0.14389904778326812,0.1326314352983285,0.413537592123699
5223,30.0,0.13900039719301713,0.12806164360349506,0.39874142241908034
5223,31.0,0.13477804093927775,0.1242075393408354,0.38601956956739886
5223,32.0,0.13222122559235938,0.12191021833859172,0.37806204119135517
5223,33.0,0.12858556019834338,0.11874573816254455,0.36550694305698267
5223,34.0,0.1258436235326716,0.11630949490010661,0.35764110413421357
5223,35.0,0.12279230487027198,0.11357231402451001,0.3482224776673989
5223,36.0,0.12077128014001112,0.11165770878310072,0.34330052788879356
5223,37.0,0.1194370445389576,0.11035473734194422,0.34070890180440455
5223,38.0,0.11668179057235965,0.10765671899646026,0.3341325051646419
5223,39.0,0.11365964038037035,0.10485975821077761,0.3255839703588076
5223,40.0,0.1113318556314581,0.10291723332661835,0.31636763620755826
5223,41.0,0.10942418167036673,0.10132308744711123,0.30939669920520285
5223,42.0,0.10804982673587145,0.100192944347046,0.30476660643530357
5223,43.0,0.1076305718737887,0.09995208651867592,0.3021288255685525
5223,44.0,0.10529950981622757,0.09767255065799135,0.29570689292055924
5223,45.0,0.1031474718525307,0.09570522617983876,0.28909718687812486
5223,46.0,0.1007934290022636,0.09346178227467658,0.28331965804837855
5223,47.0,0.10039656244271315,0.09325926836151217,0.28065688019363433
5223,48.0,0.09870672598296686,0.091758733277673,0.2750371066462291
5223,49.0,0.0968511822792676,0.09001999236230282,0.26971759288045666
5223,50.0,0.09438134160062053,0.08757990771940466,0.2638045594939289
5223,51.0,0.09255718759230147,0.08593237762249206,0.2580779682203375
5223,52.0,0.090205402138512,0.08366409567414815,0.2518302458606832
5223,53.0,0.0889435533243895,0.0823820214725237,0.24946079261861842
5223,54.0,0.08777115368732356,0.08134960359715392,0.2454000853925425
5223,55.0,0.08581655317673313,0.07947907049648183,0.2408159109748333
5223,56.0,0.08397066935839652,0.07775033418807155,0.23570600165834313
5223,57.0,0.0822818136981188,0.07603236718149425,0.23226746333072418
5223,58.0,0.08108191019055758,0.07481574931616555,0.22921215980371143
5223,59.0,0.08018190078177802,0.07398794774534098,0.22652661903657484
5223,60.0,0.07854595989884779,0.07245352344955497,0.22227382493905568
5223,61.0,0.07737532989079576,0.07139343645061655,0.21834196686365712
5223,62.0,0.07669345111133703,0.07077630446356914,0.21619128608435959
5223,63.0,0.07573958491776797,0.06989085778455087,0.2136964286805324
5223,64.0,0.07418107406212984,0.06846685984336316,0.20898278065986298
5223,65.0,0.07272267574472024,0.06717149634068656,0.20435740605056216
5223,66.0,0.07213750012384798,0.06674278517626632,0.20220373968208058
5223,67.0,0.07143749701293951,0.06617565644594191,0.19937756047766775
5223,68.0,0.07037836433813842,0.0651628441592615,0.1965438281940751
5223,69.0,0.06873873340232878,0.06361293834929417,0.19233608921590112
5223,70.0,0.0679502649408255,0.0629510346804271,0.1894336722971092
5223,71.0,0.06653492860115548,0.061602062703167974,0.18587093319637704
5223,72.0,0.06542956871047084,0.06059097589487838,0.18262217826870555
5223,73.0,0.06429457927006782,0.05961065619227184,0.17872840626257494
5223,74.0,0.06327074898123149,0.05873180658498679,0.17500534237925142
5223,75.0,0.061575339461235966,0.05706352321939312,0.17131128015593194
5223,76.0,0.06002135284573114,0.05556265463334908,0.16745241362317356
5223,77.0,0.05896260709808897,0.05455254216410577,0.16451110187884102
5223,78.0,0.05775435061754137,0.05337420900941353,0.16151919925797134
5223,79.0,0.056579003113773854,0.052285676148726944,0.15818267651787052
5223,80.0,0.05602947963458165,0.051827496277708364,0.15627658433643563
5223,81.0,0.05521483025526565,0.051095141016181046,0.1537409766268659
5223,82.0,0.05393640091635961,0.04991296163441636,0.15032915623474127
5223,83.0,0.053149034309701804,0.04923370442114104,0.14795474710723883
5223,84.0,0.05215759000360062,0.04834492905735383,0.14508240097272973
5223,85.0,0.05152196734198154,0.04778762841530546,0.14302752768407112
5223,86.0,0.05057511638149223,0.046885345713543185,0.1407157694185131
5223,87.0,0.0498613979171326,0.046150352109855984,0.1395773234115171
5223,88.0,0.04914117902622843,0.04552675774742108,0.13723168163914093
5223,89.0,0.04843733096917921,0.04493590484637178,0.13481991601928775
5223,90.0,0.04810162474825754,0.044715131049899715,0.1332704834272092
5223,91.0,0.04752161552971746,0.04416734329087891,0.131745321382584
5223,92.0,0.04705969914589054,0.04374437987602512,0.13028873684756812
5223,93.0,0.046293586569622285,0.043003595408734496,0.12853871843337922
5223,94.0,0.0455164729572614,0.04234837710994318,0.12586120758372246
5223,95.0,0.04477725481052507,0.041673284427420854,0.12376075953264631
5223,96.0,0.0441589047216185,0.04124047693945487,0.12075960934744928
5223,97.0,0.04337759044212033,0.04059209414664929,0.11834831608101637
5223,98.0,0.042167340975191585,0.03939837326703724,0.11594861433882092
5223,99.0,0.04102400169595309,0.03833168600088112,0.11345467913338682
5223,100.0,0.040521521841457644,0.03796704060799642,0.11140181459319261
5224,0.0,2.9066038639870517,5.408116675855963,6.564657815288973
5224,1.0,0.4193198335540237,0.4485463253280343,1.0698029641748006
5224,2.0,0.3274909090467429,0.32794909349223383,0.9156677351964039
5224,3.0,0.2845489728526202,0.27451572428449944,0.8255751981072498
5224,4.0,0.24653336396124306,0.2326311043119917,0.7237030168141346
5224,5.0,0.2218810995150973,0.20625084105430885,0.6508318618556007
5224,6.0,0.20284155478569096,0.18824088378856288,0.596684690421979
5224,7.0,0.18710671081218264,0.1728790041376315,0.5516403301415888
5224,8.0,0.17607311406542434,0.1623547593064531,0.5165195029458396
5224,9.0,0.16850389452395317,0.15485384235432037,0.49746710607468286
5224,10.0,0.15800674321462835,0.14531491658945622,0.4643010943775122
5224,11.0,0.14906218969905932,0.13703960265518642,0.4369573596320488
5224,12.0,0.139427860672396,0.1277283954269978,0.41013597400921503
5224,13.0,0.13246024049523733,0.12121185549407898,0.3894114135581336
5224,14.0,0.12646248701765125,0.115938152753014,0.36412467295831874
5224,15.0,0.12357978587328704,0.11369933246781068,0.3482770007081694
5224,16.0,0.1184467032701837,0.10925284202054877,0.33105675758990155
5224,17.0,0.11294346455628891,0.10413266560228063,0.31498742608075897
5224,18.0,0.10712543338029619,0.0988138449462959,0.29817361645886586
5224,19.0,0.10259153837321393,0.09485640673447508,0.28363127391096143
5224,20.0,0.09768246122713893,0.09056836285619507,0.2678146156323232
5224,21.0,0.09122362350038347,0.08441641242316743,0.25210324236699316
5224,22.0,0.08523104035841486,0.07859931545996034,0.2381602226329339
5224,23.0,0.08170718011292549,0.07544811166260054,0.22821772404780394
5224,24.0,0.07830223644094254,0.07222041077190304,0.21978761064141328
5224,25.0,0.07477844003780679,0.0687570583068194,0.21112891729219793
5224,26.0,0.07169751433568727,0.06579487034753144,0.2038927145949481
5224,27.0,0.0698117358400308,0.06404232327999246,0.19794207887215304
5224,28.0,0.06520774955490036,0.05967865804884623,0.18474543668623777
5224,29.0,0.062342853269515906,0.05695691380369071,0.1769441806981537
5224,30.0,0.05855272839342787,0.05341770334821162,0.16666966581416592
5224,31.0,0.055608295504858615,0.050734049470454436,0.1580787134898284
5224,32.0,0.05365244554168358,0.0489926165031336,0.15221848735198107
5224,33.0,0.05186377948994501,0.04745396630480717,0.14603552835517006
5224,34.0,0.05022043471522139,0.04620524370415145,0.1393544127758926
5224,35.0,0.04932419760989949,0.04574109755427785,0.13334212158872738
5224,36.0,0.04743369641909005,0.04409206295047681,0.12798356581430595
5224,37.0,0.04604488438128334,0.04291047297928305,0.12381596884405395
5224,38.0,0.04357149772519458,0.04030317428326155,0.12035034734749908
5224,39.0,0.04284096790734458,0.039631757020866146,0.11840586205733267
5224,40.0,0.042388105947980495,0.03923167449694738,0.11689128696387512
5224,41.0,0.04258846270508793,0.03952502280288966,0.11687379855587678
5224,42.0,0.04131093041058168,0.03828303246990356,0.11453448968898426
5224,43.0,0.04096070896601468,0.03799890416569803,0.11336714497820143
5224,44.0,0.040347009832116386,0.03766770078261852,0.1097067139310039
5224,45.0,0.039849311235576536,0.03737956357489388,0.10722215160366282
5224,46.0,0.03883004456449033,0.03646056528928174,0.10447624397367528
5224,47.0,0.037805758245303495,0.035559917918747026,0.1012926564629554
5224,48.0,0.036630235575642385,0.0345681011182745,0.0981480046780825
5224,49.0,0.03494575459347996,0.033039253577885,0.09398733055354958
5224,50.0,0.03366408329707878,0.03183522255027394,0.09168901518000509
5224,51.0,0.031757452757549216,0.029945425810023962,0.08858707095891152
5224,52.0,0.03075827648551464,0.02900034866598422,0.08655534185991937
5224,53.0,0.03032933374896036,0.02870831936856158,0.08470210385336682
5224,54.0,0.02881458292899299,0.027311593584013694,0.08217105585922732
5224,55.0,0.02747189457256352,0.02607396068591063,0.07996227298876116
5224,56.0,0.02674412897556018,0.025487083883547812,0.0788739128545444
5224,57.0,0.024771683438799246,0.02343430515743874,0.07703090792139036
5224,58.0,0.0241386192266895,0.022897140998681686,0.07628272453922262
5224,59.0,0.023809375325007542,0.022692378585481055,0.07557468896037199
5224,60.0,0.023552759730940277,0.022463850120705006,0.0756696174560628
5224,61.0,0.021958315315036232,0.020796998216894774,0.07407436936713131
5224,62.0,0.021892007643409993,0.020872378309340134,0.07374349694081285
5224,63.0,0.022619353887034885,0.021713440127785623,0.07373888093644156
5224,64.0,0.02161811687426326,0.020670521959676814,0.07334992225516976
5224,65.0,0.020291110224561506,0.01918640455061466,0.07292809076562501
5224,66.0,0.01960207424408081,0.01853800023887426,0.0732535227450207
5224,67.0,0.018936420943450306,0.017877504890858813,0.07243494243155764
5224,68.0,0.018434926415636318,0.017419486580485987,0.07167817576704445
5224,69.0,0.01797161097833729,0.016935770148272224,0.07170430895641114
5224,70.0,0.017814262936706272,0.01676302770577919,0.07146653447780962
5224,71.0,0.01810291073026915,0.01710899036235871,0.07118844361893535
5224,72.0,0.018274292045633383,0.017345022794123352,0.07115439683691693
5224,73.0,0.017966739702240227,0.017022238957314834,0.07063765727208078
5224,74.0,0.01746990428751923,0.016552213698462003,0.07006512011515599
5224,75.0,0.017819041492884647,0.01700596787271803,0.06976218974559495
5224,76.0,0.017297159277843272,0.01652700201075982,0.06977203255924949
5224,77.0,0.018029031955849494,0.017381746532136706,0.07016006068406372
5224,78.0,0.017613775996315317,0.01692081479294651,0.06957334248705149
5224,79.0,0.017905851154411474,0.017191612123251408,0.06886298083996975
5224,80.0,0.017873500142465297,0.017222739505019305,0.06876552561921011
5224,81.0,0.018224821652301652,0.017629406610280455,0.06890473031079082
5224,82.0,0.018992620959323532,0.01849388459626302,0.0696509564285631
5224,83.0,0.018517340621307995,0.017977989220969454,0.06968052705170044
5224,84.0,0.018002845892302118,0.01749461688304486,0.06903923488795677
5224,85.0,0.017752482325154348,0.017261971342587838,0.06884616866083522
5224,86.0,0.01839738323400073,0.018018888358177415,0.06932624802655742
5224,87.0,0.017682607536440836,0.0172871495092077,0.06994310505983993
5224,88.0,0.017030174457177097,0.016607537456762356,0.07029570098644056
5224,89.0,0.015940785098391686,0.015512547647740363,0.07022910251898111
5224,90.0,0.0148042116062165,0.014210318854296073,0.06988150384183692
5224,91.0,0.01483495386118958,0.014232528960897812,0.06952166623021558
5224,92.0,0.015191813590519004,0.014627818227101236,0.06855264107676916
5224,93.0,0.015341952073607506,0.014815643894114511,0.06867658325803612
5224,94.0,0.015418625989457474,0.014938145411628892,0.06881589419199838
5224,95.0,0.015534222460326853,0.015079486978838754,0.06859480522876947
5224,96.0,0.015672548893538574,0.015287436733920374,0.06871261029056115
5224,97.0,0.015191118821346565,0.014760160921494122,0.06831999320391462
5224,98.0,0.014680906324462827,0.014267382192056503,0.0678907834969206
5224,99.0,0.014225634699927412,0.013735591004017942,0.0679946013203235
5224,100.0,0.013699612031499367,0.01318151986507042,0.06749393489683544
5225,0.0,2.9066038639870517,5.408116675855963,6.564657815288973
5225,1.0,0.5658828134273353,0.5644283190532048,1.4910462507937345
5225,2.0,0.48440013482222155,0.4602796613783778,1.3083298351241095
5225,3.0,0.4108891937892739,0.38574086357972076,1.1287247911884595
5225,4.0,0.3595302724083488,0.33483480204247795,0.99759200211617
5225,5.0,0.330221579729539,0.3044695926688446,0.9242696985858265
5225,6.0,0.31049644744702587,0.28413590465596145,0.8717144277278233
5225,7.0,0.2839052270346401,0.259974060245304,0.7955798927920777
5225,8.0,0.2677222609697598,0.2451329493763169,0.7539338409425042
5225,9.0,0.24993023577506543,0.228419302149847,0.7066180418879504
5225,10.0,0.23687825752660463,0.2166588370164486,0.6669872140524319
5225,11.0,0.22399274267684657,0.20542869053827764,0.6253591725311951
5225,12.0,0.21223099515519173,0.19511219647397554,0.5912601566002551
5225,13.0,0.20011634756973762,0.18428938621351215,0.5554379688016535
5225,14.0,0.18940405363603866,0.17465576897065868,0.5199461704571846
5225,15.0,0.18030104805550037,0.16717759961360093,0.4824757906278817
5225,16.0,0.17189508196998046,0.1597983393752514,0.4545059406230393
5225,17.0,0.15669633514749723,0.1449915493602673,0.41986056896833884
5225,18.0,0.15210861413174545,0.14118936602855697,0.4026884187814414
5225,19.0,0.1459009547514043,0.13575799051276086,0.38096163259660315
5225,20.0,0.13457657544341317,0.12487651375497034,0.3537435632975577
5225,21.0,0.12724765479548653,0.118345904168337,0.3295012463450316
5225,22.0,0.12068746980657725,0.11283639748410484,0.30244541565525246
5225,23.0,0.11247943593537062,0.10507847144694793,0.2822085577266882
5225,24.0,0.1094990815782138,0.10275048208003945,0.2692839432777944
5225,25.0,0.10596845140009846,0.09972375944973044,0.2568596288224189
5225,26.0,0.103118256239263,0.09736405811070854,0.24484898725579549
5225,27.0,0.09812441364470698,0.09243973774856475,0.23498179841910752
5225,28.0,0.09372288491161437,0.08821450447383135,0.22334121133382184
5225,29.0,0.08797668847296662,0.08268187169830087,0.21038079810349214
5225,30.0,0.08242335371182999,0.07751097564177527,0.19577560406636382
5225,31.0,0.07814318853255053,0.07354928997290351,0.18365118493818192
5225,32.0,0.07362398026291256,0.06926554067014341,0.17290601131701816
5225,33.0,0.07083545886919473,0.06692602935938918,0.16361119106093666
5225,34.0,0.0685582614481298,0.06483416798716216,0.15775721049607516
5225,35.0,0.06551678811543014,0.06195269152095935,0.1507465100446363
5225,36.0,0.06197599577864771,0.05873513236462879,0.1432494832371737
5225,37.0,0.061226100936322754,0.0583269393973988,0.13926325182552707
5225,38.0,0.059806879903797766,0.057252055890143184,0.1343572123867223
5225,39.0,0.05232753291526945,0.04982721344270308,0.12729702198982765
5225,40.0,0.05051002609223661,0.04808574613961937,0.12413725987952966
5225,41.0,0.04848914587520192,0.04625136860344415,0.12088740347473437
5225,42.0,0.04923152153574104,0.047212724512479896,0.11982366471699854
5225,43.0,0.047608964327933954,0.045705379154897856,0.11738541364603791
5225,44.0,0.04719062686992799,0.04552019856700614,0.11548260246188628
5225,45.0,0.04559320785947,0.044129976927100634,0.1128029037010673
5225,46.0,0.044740119674262765,0.04340179952334571,0.11092910801178858
5225,47.0,0.04447472015327423,0.04330362245340321,0.10922258836380654
5225,48.0,0.043521884991731055,0.042371437351539754,0.10849309248837444
5225,49.0,0.04385729570503404,0.042919131447615624,0.10850115049158397
5225,50.0,0.041058791742797765,0.03995406082060945,0.1071846304631093
5225,51.0,0.03942451754573174,0.038238740497514474,0.1070762973019211
5225,52.0,0.03831775268199459,0.03709434676838663,0.10691407145393703
5225,53.0,0.03744651597396758,0.03614561343118647,0.10700810199634482
5225,54.0,0.03631868085548988,0.03493059589648716,0.1060953727036175
5225,55.0,0.03676574419800526,0.035370351972493136,0.10472218520070828
5225,56.0,0.036341769554704674,0.0349194031574918,0.10381470929847308
5225,57.0,0.03496702450878194,0.03358757187436588,0.10312108539433093
5225,58.0,0.035189641093047,0.033892170258375605,0.10275600139100512
5225,59.0,0.03457148364071657,0.033328259011868,0.10112250989038948
5225,60.0,0.033424472681036085,0.03227128659800114,0.10034933094219475
5225,61.0,0.03479231558883078,0.033770069761778536,0.10231890839552645
5225,62.0,0.0354548801428628,0.034475060098220926,0.10553694792577085
5225,63.0,0.035312616286024515,0.03440275725971579,0.10609124817376203
5225,64.0,0.03515993820031745,0.03435878729458647,0.10532767258940426
5225,65.0,0.035643938671817185,0.034902516522034376,0.10610061235174398
5225,66.0,0.03909128847346057,0.038493593109031506,0.10814357431980333
5225,67.0,0.03791565724782065,0.03735548614275923,0.10745918345792399
5225,68.0,0.03739734609098115,0.03685622222305901,0.10734930599617018
5225,69.0,0.037212753199181825,0.03667409813038331,0.10727886236635713
5225,70.0,0.03733582761163674,0.03687062880786118,0.10689760388996929
5225,71.0,0.03773763350873379,0.03738921740003138,0.10612010519667568
5225,72.0,0.03786525886650941,0.03760403474473153,0.10563121057670291
5225,73.0,0.03753543202359084,0.03722320429326501,0.10584973204347566
5225,74.0,0.03830621244236106,0.03813807133823702,0.1060284878481127
5225,75.0,0.03777630708101814,0.037647640739165704,0.10485246965719638
5225,76.0,0.0374334980844512,0.037313990976145045,0.10347627248132987
5225,77.0,0.03625769518426035,0.03616342967187479,0.10243793128051411
5225,78.0,0.03547512911323587,0.03542746473422146,0.10068978443906902
5225,79.0,0.035927900710917865,0.03588627778131498,0.10085434487565009
5225,80.0,0.036090085153879355,0.036037534147160176,0.10050740749623847
5225,81.0,0.037441060837192945,0.03743219429200563,0.10053524017654601
5225,82.0,0.036937593935339436,0.036969423812338566,0.10028231758422694
5225,83.0,0.03600918254163426,0.036001716874778524,0.09934262145352606
5225,84.0,0.03531026762238304,0.03531779569137505,0.09893252645569157
5225,85.0,0.034513401849899934,0.034500906531584254,0.09869040032997932
5225,86.0,0.033947907620137836,0.03395441506738943,0.09817104144943804
5225,87.0,0.0345874833297166,0.03466960137841104,0.09838738805921556
5225,88.0,0.034099055958072375,0.034104998651376756,0.09732124992282758
5225,89.0,0.03309908939936478,0.03304678632485824,0.09580647460423489
5225,90.0,0.033540503421493506,0.033513372704669565,0.09546236315771547
5225,91.0,0.033843223806304314,0.03384511996901495,0.09596145412198659
5225,92.0,0.03340927017310016,0.03335125566720723,0.09492060816035715
5225,93.0,0.03315872907919371,0.03310184788283729,0.09384170243352735
5225,94.0,0.03377199444004246,0.033724771900058334,0.09287289540455919
5225,95.0,0.03395387017249643,0.03391425486288429,0.09247594799997
5225,96.0,0.03419443926895877,0.03412872786205896,0.09179806534681348
5225,97.0,0.03227183918124764,0.032124319126513166,0.09038755503040684
5225,98.0,0.030891108316140607,0.03072845256746981,0.08945210260910452
5225,99.0,0.029615497156900136,0.02943964454308798,0.0888132598017468
5225,100.0,0.029172503146844903,0.029023340159141056,0.08811408960887196
5226,0.0,2.9066038639870517,5.408116675855963,6.564657815288973
5226,1.0,0.5288932976411888,0.5205551269879649,1.3642801684572075
5226,2.0,0.4705326347929937,0.44654408956995684,1.2452447768975157
5226,3.0,0.40687695196712276,0.3816380962136894,1.1063884009891443
5226,4.0,0.3694668246459935,0.34358241484858343,1.0183514356932786
5226,5.0,0.3295606002987343,0.3037439532070141,0.926113775375863
5226,6.0,0.3045596165003992,0.2789522416813191,0.8617621391910324
5226,7.0,0.2847838309358339,0.2603635223655626,0.8040768981704645
5226,8.0,0.2692431493256271,0.24590015836654092,0.7596332807615599
5226,9.0,0.2550478288488095,0.23275553178030028,0.7218039333237233
5226,10.0,0.24511254415163108,0.22392466816843215,0.6935918728708788
5226,11.0,0.2362415476349407,0.21609040957594958,0.6709852000907252
5226,12.0,0.22789768276468672,0.20911537871856894,0.6413045180273684
5226,13.0,0.22286237093467254,0.20544299991122286,0.6176373829766445
5226,14.0,0.21778751033551505,0.20164840938404893,0.5948248140209212
5226,15.0,0.2133444693788064,0.19825220582008726,0.577330715975059
5226,16.0,0.20759309235253168,0.19367670308035237,0.5519688080463766
5226,17.0,0.20186080048620514,0.18915577020421045,0.5262654816947442
5226,18.0,0.19810596100695693,0.18672575421298512,0.5046600366538718
5226,19.0,0.18993118787154853,0.17921874592222922,0.47925298369252994
5226,20.0,0.1827907521427482,0.17261593429132063,0.46080009462010363
5226,21.0,0.17378302004193738,0.16412039564054864,0.4359678817874024
5226,22.0,0.16730520520951853,0.15832188918354054,0.4159453911681348
5226,23.0,0.16049304708900083,0.15217803942474745,0.3931164697013017
5226,24.0,0.1540907949649663,0.1462247487710608,0.3733618706736019
5226,25.0,0.14855509799362085,0.14126821123218028,0.35358271471169567
5226,26.0,0.14613157028811627,0.13968520078425664,0.3364296711560258
5226,27.0,0.14069041424462633,0.13484153193977472,0.3172308971539964
5226,28.0,0.13821596828264246,0.13314643212751687,0.3012785537183003
5226,29.0,0.13359295480835,0.1288939246673161,0.28885440711300264
5226,30.0,0.12921355534975715,0.12474497096757106,0.2782194922459706
5226,31.0,0.12586549231718622,0.12157982903634589,0.2685600588313965
5226,32.0,0.12016853491619167,0.11613595813690321,0.25544904122629924
5226,33.0,0.11611390207403391,0.11213555730373186,0.24597008563427303
5226,34.0,0.11445955133299343,0.1106405570464071,0.24035313570172506
5226,35.0,0.11357516450713055,0.11013496767390242,0.23264403456218274
5226,36.0,0.11295153486890364,0.10977331992304488,0.2286851263094237
5226,37.0,0.11174464403630416,0.10879508335382986,0.22364837020886022
5226,38.0,0.11184995255314055,0.10890642626740525,0.22256147466254428
5226,39.0,0.11132616280554711,0.10861154446172859,0.21851479503441842
5226,40.0,0.11251454988980293,0.11004645311623396,0.2174788671609706
5226,41.0,0.11209973617861053,0.10990508046788924,0.21255087414339133
5226,42.0,0.10836451767076025,0.10625455537923571,0.2059048642496496
5226,43.0,0.10358862197046434,0.10147150870551747,0.19908492825439078
5226,44.0,0.10283464714430414,0.10091456635663569,0.19565873617566365
5226,45.0,0.1012150267078403,0.09937388078727497,0.19082667436268955
5226,46.0,0.09790205143471085,0.09610373248741572,0.18468369505828536
5226,47.0,0.09390459252732292,0.09198426428024677,0.17995428765973795
5226,48.0,0.0932749073699771,0.09145696671468725,0.1767207423864068
5226,49.0,0.09256568142611003,0.09074710250209994,0.17600315822660995
5226,50.0,0.09197635613756128,0.0902444844815538,0.17356027297760176
5226,51.0,0.09065740263402444,0.0889736423567047,0.17057625884195254
5226,52.0,0.08808880717368017,0.08639127410301835,0.16716166306580374
5226,53.0,0.08705126156784665,0.0854386087550559,0.16579108262685305
5226,54.0,0.08567461028586869,0.08423300858579578,0.1631757024392165
5226,55.0,0.08230493469301982,0.08085614700181967,0.15830393254990455
5226,56.0,0.07891001440102202,0.07735832468804257,0.15295477255079942
5226,57.0,0.07739970733601502,0.07585577443201612,0.15030103048032603
5226,58.0,0.07712839137940401,0.07572064279754126,0.14868400790763503
5226,59.0,0.07672178511082735,0.07539617459440547,0.1467340719539833
5226,60.0,0.07577237433158614,0.0744628415209179,0.14376669770241193
5226,61.0,0.07433653678141355,0.07304693732537229,0.14149978828610119
5226,62.0,0.07203458055807394,0.070807828629714,0.13740623029844298
5226,63.0,0.06898518934014157,0.06768178522199099,0.1342114696164352
5226,64.0,0.06575320841587964,0.06433278481224666,0.1306902610301135
5226,65.0,0.06338408397230146,0.061897145934719275,0.12812190198208556
5226,66.0,0.06114527639111328,0.059711596905099834,0.12449432638504344
5226,67.0,0.05745088816931317,0.055837877260746696,0.12108237712236603
5226,68.0,0.055159297123191196,0.053516560068032945,0.11720175640768958
5226,69.0,0.055296756575325595,0.0537152951024413,0.11643510844815741
5226,70.0,0.05355481744404293,0.05196855151108663,0.1140525487126441
5226,71.0,0.05390130009425974,0.052388606246997524,0.11332664884361103
5226,72.0,0.05386989510037387,0.052463207492265955,0.11243400268022842
5226,73.0,0.05225530161047706,0.05087790931324795,0.10993289702931339
5226,74.0,0.05133362796617759,0.0500222030344828,0.10788495266438133
5226,75.0,0.05009717326726491,0.04879260862631837,0.10580453994375381
5226,76.0,0.049533753396730384,0.048278541655749276,0.10473545737916332
5226,77.0,0.04915028527498602,0.047928278342880826,0.10413732154795276
5226,78.0,0.048343087114675505,0.0471726283047854,0.1028049477075372
5226,79.0,0.0469793847845194,0.0458153106970121,0.1007749287485882
5226,80.0,0.04545442378941151,0.04426028002011471,0.09850011041380871
5226,81.0,0.044174912891067064,0.043002578560752035,0.09718327042259073
5226,82.0,0.04210688042354026,0.04099042248149762,0.09495529152527443
5226,83.0,0.04184471078000298,0.0408585070149836,0.09322981191811207
5226,84.0,0.04061729064189957,0.039682126757725734,0.09131296981695931
5226,85.0,0.04047661313453859,0.03960177462113921,0.09061260001385926
5226,86.0,0.04086069674118772,0.04007647328054117,0.0906403141001585
5226,87.0,0.04078923925723619,0.04010359186655154,0.09007164421171641
5226,88.0,0.04001711361022175,0.03934450626558741,0.08907645916146123
5226,89.0,0.038083324034262615,0.037387149664393673,0.08762938613205505
5226,90.0,0.03691112983490988,0.036251473143629837,0.08664313996653455
5226,91.0,0.036702223902895646,0.03611670695752015,0.08614397895499948
5226,92.0,0.037014728118475865,0.03649581430044622,0.08587351149754521
5226,93.0,0.03630523523990618,0.03584719062147137,0.08511717242437164
5226,94.0,0.03578981301563204,0.03536380872022464,0.0844187210858755
5226,95.0,0.03578247621518796,0.03539427558089186,0.08463669546702517
5226,96.0,0.03592907214080144,0.035603508975116265,0.0845468077957998
5226,97.0,0.03550858886218618,0.03520957042380691,0.08381675843243368
5226,98.0,0.03521872321260849,0.03493040413325121,0.08355724535516644
5226,99.0,0.034044329669353945,0.03376131129192356,0.08273942449910163
5226,100.0,0.03321087597401481,0.03296625225612744,0.0824213811040241
5227,0.0,2.9066038639870517,5.408116675855963,6.564657815288973
5227,1.0,0.4667776203739406,0.49786885186700935,1.2732352938709626
5227,2.0,0.3808665671329064,0.3796063323111932,1.0704205498391743
5227,3.0,0.3290520215262766,0.32189542543129473,0.9523910825493138
5227,4.0,0.3002765409129974,0.287923515857857,0.8729683398180342
5227,5.0,0.27306448423827306,0.25779340385207883,0.801846995162154
5227,6.0,0.2581579806846979,0.24028121731087462,0.7548957409776347
5227,7.0,0.2523777260682002,0.23277161068136853,0.7341365035055935
5227,8.0,0.24911144963074705,0.22865317622993558,0.7225728171363284
5227,9.0,0.23940930602746485,0.21934005143246493,0.6916756133896818
5227,10.0,0.22790064188967316,0.20867912719257004,0.6605057040207075
5227,11.0,0.2169315962734171,0.19853338466136944,0.629092716388792
5227,12.0,0.20710294513313002,0.18965900401856314,0.5998094946506803
5227,13.0,0.19764370758720767,0.18119570223548767,0.5706421515958158
5227,14.0,0.19024866773833218,0.1745791161679625,0.5493161268894178
5227,15.0,0.18368245604834196,0.16886578147055978,0.5279112200394049
5227,16.0,0.17646140479965866,0.16252470143515074,0.5034475756637875
5227,17.0,0.16981559685562445,0.15645638933725955,0.48273878285737437
5227,18.0,0.16384393711031425,0.15105095890468326,0.4638534199864803
5227,19.0,0.15541575791239054,0.14325789234246156,0.4392726927772693
5227,20.0,0.14964981410453998,0.1380508580999091,0.4222371269370537
5227,21.0,0.1419269549144956,0.13094809413638356,0.39994822443504524
5227,22.0,0.1353478578830281,0.1247942534936568,0.3800115130064556
5227,23.0,0.12802240782975385,0.11783755218429343,0.3610084244997455
5227,24.0,0.12376012410235847,0.11408832358159907,0.3471961891467047
5227,25.0,0.1197081445288729,0.11032391891618301,0.33527941526635585
5227,26.0,0.11575705214728585,0.10677423160143158,0.3241023068654072
5227,27.0,0.11080702174995574,0.10214294967881679,0.30896822150704345
5227,28.0,0.1078557333786089,0.0994949567523761,0.2988672035916467
5227,29.0,0.10595299326722057,0.09785827299123,0.2920198433223623
5227,30.0,0.10321064718835092,0.0957249613722201,0.2792320068314198
5227,31.0,0.09867199755987412,0.09138789216201958,0.268175203718079
5227,32.0,0.0951007086781693,0.08815434438897769,0.2581187180796478
5227,33.0,0.09228257789432442,0.08545786936632495,0.25069205151212187
5227,34.0,0.08754606897071993,0.08073856362774225,0.23948466301907537
5227,35.0,0.08373936815399645,0.07719095535683738,0.2290187220435522
5227,36.0,0.08110898143176866,0.07481731883756544,0.2214360641347849
5227,37.0,0.07827943380606374,0.0722121882318446,0.21326943913799903
5227,38.0,0.07724460680390839,0.07159266283035211,0.20719571788827934
5227,39.0,0.07562739333754004,0.07030500804888742,0.2001801217785023
5227,40.0,0.07354179635654771,0.06852314127128493,0.19373865354582648
5227,41.0,0.07227653168585513,0.06756923988474607,0.18750666654209525
5227,42.0,0.06966181123372871,0.06516479884545698,0.18073132879926807
5227,43.0,0.0667834242428731,0.06240382654080544,0.1742867562370242
5227,44.0,0.0653160920669194,0.06119463459548272,0.16893211039606523
5227,45.0,0.06568203078889134,0.06197821047625447,0.16476261034408288
5227,46.0,0.06645497847288678,0.06296376397990872,0.163270844656793
5227,47.0,0.0663793425751234,0.06300577508967148,0.1610645568549125
5227,48.0,0.06344561657023272,0.060225662353998774,0.15470166420960013
5227,49.0,0.061251128480676105,0.058201993528554395,0.149166999927225
5227,50.0,0.06044046496397273,0.05761007263766491,0.14563554886195546
5227,51.0,0.05870749777607834,0.0559894346530912,0.14095350591113032
5227,52.0,0.056324514476083574,0.05363971530225127,0.13628329051877633
5227,53.0,0.053856607365081265,0.051322437795351124,0.13152084804893457
5227,54.0,0.05284598508791634,0.050439957348707806,0.12829761597779174
5227,55.0,0.051831487208946585,0.04948854290949045,0.12585342801117724
5227,56.0,0.05077852502135334,0.04858448434638264,0.12344411026580125
5227,57.0,0.04936187298798629,0.04725173159985923,0.12048384873852566
5227,58.0,0.04716828190089191,0.04511889174174085,0.1166191060516754
5227,59.0,0.04532094597147101,0.0432937886295923,0.11317823247387332
5227,60.0,0.04320268785263758,0.04124895718172898,0.1094225463490266
5227,61.0,0.04239546079944176,0.040509406818588556,0.1076779150836603
5227,62.0,0.0411921364604538,0.039376870171656614,0.1062153443364296
5227,63.0,0.03879228240126822,0.03688871541257045,0.10376904915309632
5227,64.0,0.036688541255031216,0.03474734274798784,0.101436259479788
5227,65.0,0.03647026363204955,0.03461165375193556,0.10106283706574794
5227,66.0,0.03504549194660153,0.03317310003198659,0.09981384976805996
5227,67.0,0.03424149196756078,0.03234435332240716,0.09861271368876404
5227,68.0,0.0338510636174166,0.03201184265685785,0.09733974243820667
5227,69.0,0.03353969761545728,0.03176810274196136,0.09672230415015334
5227,70.0,0.033756851977986446,0.03214408436308807,0.0958204028685182
5227,71.0,0.03377805838639979,0.03224537622708288,0.09492742509647886
5227,72.0,0.03316965503354536,0.03175823480749606,0.09405232243202033
5227,73.0,0.03281863677314443,0.031517691406728734,0.09300729520609224
5227,74.0,0.03336086500595405,0.03221949696054482,0.09236834275209957
5227,75.0,0.03238751294423726,0.031227550110919874,0.09146343835987616
5227,76.0,0.03244514947667058,0.031442520712090985,0.09063479407826813
5227,77.0,0.0326339778947711,0.031754063494755486,0.09032272788840884
5227,78.0,0.032143916020901935,0.0313612731306181,0.08982464208358464
5227,79.0,0.03172961953489541,0.031004140605499435,0.08866134499688061
5227,80.0,0.03153010752824483,0.030835059763744066,0.08806840704632227
5227,81.0,0.03147258810836594,0.030838413684837918,0.08810707608283688
5227,82.0,0.030764361612809724,0.030116432556461074,0.08777120314222876
5227,83.0,0.030400493188819194,0.029762286957119126,0.0871632697574824
5227,84.0,0.0299477741113757,0.029317389001342654,0.08678343114555492
5227,85.0,0.02943867705372227,0.0288697938973199,0.08646763789921826
5227,86.0,0.029527662243642474,0.0290801552132153,0.08574461672704303
5227,87.0,0.029177680353938803,0.028751831605786,0.08497518493217711
5227,88.0,0.028985739457865367,0.028530496803072233,0.08476629410382537
5227,89.0,0.029764016579460036,0.029382466360501548,0.08461161005305233
5227,90.0,0.029527610129935017,0.02918957482695656,0.08438630999700097
5227,91.0,0.029905315059965853,0.029634269483581402,0.08388295365203105
5227,92.0,0.02962498829693088,0.029331477142702764,0.08318747670650666
5227,93.0,0.02908655295483186,0.02879252169593216,0.08295338049165747
5227,94.0,0.028700535916280433,0.028420494912351192,0.08268098789457798
5227,95.0,0.02842384741777173,0.02815565893064089,0.08227932628642833
5227,96.0,0.028428150156200305,0.02821533715348617,0.08228775414173067
5227,97.0,0.02837616551380785,0.028158502044851083,0.08177294082061899
5227,98.0,0.028066796337171927,0.02785253320165909,0.08170739184328697
5227,99.0,0.027651268984658858,0.027480162976754995,0.08179569111204557
5227,100.0,0.027343076854281667,0.027194990553196026,0.0816939366759247
5228,0.0,2.9066038639870517,5.408116675855963,6.564657815288973
5228,1.0,0.6858290903166422,0.655560799595454,1.6106152330577304
5228,2.0,0.6128073564017034,0.5833375846759131,1.4029750079348455
5228,3.0,0.5432396045244103,0.5161948663417163,1.2746129592759368
5228,4.0,0.47874313959061987,0.4553592375257154,1.1389246527154537
5228,5.0,0.4550728219036898,0.4356499209431779,1.0530734752484188
5228,6.0,0.4118262196112391,0.3940031394554504,0.9598006834725297
5228,7.0,0.35629464844493364,0.34004896309767696,0.8405656912317322
5228,8.0,0.328930946781356,0.3143096587352136,0.7727038436741043
5228,9.0,0.306628255436858,0.29313916307993604,0.7199229060962302
5228,10.0,0.28379299787037576,0.27124120066518265,0.6633977424848975
5228,11.0,0.2680585822671989,0.25656559313543553,0.6213105716000598
5228,12.0,0.25945934549008115,0.24958064505212935,0.5819722235085678
5228,13.0,0.23907421873460857,0.22996098888440872,0.5356993828676442
5228,14.0,0.23276146899019676,0.2254486143938916,0.5082334554596583
5228,15.0,0.22164730640535882,0.21553106064982766,0.47222379970250655
5228,16.0,0.21245171042275815,0.20787358752022966,0.4335987983510741
5228,17.0,0.20937475655942756,0.20596602166594208,0.4094274442644304
5228,18.0,0.20385563321772313,0.20125362365858573,0.3871733113817395
5228,19.0,0.1897173400112137,0.18765892727504888,0.3520437191335286
5228,20.0,0.1753123136433,0.17394240500954164,0.31213582619665053
5228,21.0,0.16802443665420044,0.16709150614294108,0.2921958686724359
5228,22.0,0.15808494176167742,0.15693757542398756,0.2751754884575243
5228,23.0,0.15173502161709268,0.15105885097175017,0.2574701461545956
5228,24.0,0.1431317392702993,0.1428817081495411,0.23932022647746531
5228,25.0,0.1371451231671765,0.13781096113554797,0.22097786037256711
5228,26.0,0.12786715198337273,0.12879210052260792,0.20652874271554172
5228,27.0,0.12435536929184304,0.12545099984667732,0.19840998026612489
5228,28.0,0.11934199093627275,0.12037100924807806,0.190587870172082
5228,29.0,0.1110273845832299,0.11199119350958525,0.18018954160279646
5228,30.0,0.10022219531794653,0.1010601105343413,0.16797976107254758
5228,31.0,0.09189772160557608,0.09259267062477099,0.15827881869269655
5228,32.0,0.0882195288939524,0.08906925017175946,0.15077013793220875
5228,33.0,0.08138236664206698,0.08212532566482271,0.14591254293359307
5228,34.0,0.07320085513991723,0.07383882445424808,0.13875049040834414
5228,35.0,0.0668070309522145,0.06738535394329051,0.1337552977367183
5228,36.0,0.06506899462606783,0.06573437534519275,0.13323932642881442
5228,37.0,0.06359001847978665,0.06426735027149008,0.13172077433159735
5228,38.0,0.0654264579812965,0.0662626729183363,0.13141624416935227
5228,39.0,0.06861584712424922,0.0697298788802304,0.133358547360312
5228,40.0,0.06640804842558048,0.0674632559257606,0.13179407261611964
5228,41.0,0.06386017587630449,0.06474088104225562,0.1294438459084019
5228,42.0,0.061501177766016574,0.06246238589323293,0.128488453379971
5228,43.0,0.06381371836460308,0.06491620454667961,0.1291937539117304
5228,44.0,0.06316482199521653,0.06431966585649168,0.12727540566770812
5228,45.0,0.06285498107695486,0.06405033966694557,0.12627111889093215
5228,46.0,0.062496064020500716,0.06366156362797384,0.12583205180152998
5228,47.0,0.061506933355546835,0.06266156026567365,0.12385957855516849
5228,48.0,0.05819340668452544,0.05912152647348305,0.12137662851336102
5228,49.0,0.05855390141498535,0.059372763447998016,0.12355103274413934
5228,50.0,0.0546256512508593,0.05534775353476931,0.12208662896112617
5228,51.0,0.05096833319655372,0.051528952145992526,0.11894846901673081
5228,52.0,0.050070249503380584,0.05064040078884665,0.11775604005665694
5228,53.0,0.049346921812403126,0.04999356029765565,0.11785489902464899
5228,54.0,0.046380288069031314,0.04697588371272008,0.11612468944663655
5228,55.0,0.0447029216733326,0.04536506787464325,0.11624534281632423
5228,56.0,0.04191464274221505,0.042468320336530196,0.11519207726984622
5228,57.0,0.040681195366636475,0.04120044405369309,0.11493937397811586
5228,58.0,0.040879978814801064,0.04144319696112659,0.11605246316257933
5228,59.0,0.04083838819018624,0.041441231554865524,0.11525649798541981
5228,60.0,0.04138675265535195,0.041985806225700514,0.11577615511623583
5228,61.0,0.03993440850968753,0.04049664290004067,0.11651278974933585
5228,62.0,0.040505565138965166,0.041119727860614026,0.11527682832690475
5228,63.0,0.03978223955322328,0.040342056344079336,0.11378727291821579
5228,64.0,0.03717592181880181,0.03762208342116885,0.11206481545297525
5228,65.0,0.03509686838243529,0.035492936073588874,0.11012564560511692
5228,66.0,0.03407973360371848,0.034448036808000355,0.10969687702276758
5228,67.0,0.03307083582152179,0.033552669357714025,0.1086412519123799
5228,68.0,0.03260974074942394,0.03304461112392505,0.10803963109647902
5228,69.0,0.03172005822705124,0.03211277911796412,0.10720845938314033
5228,70.0,0.03151643566300648,0.03188098948739164,0.10548587185774766
5228,71.0,0.030776577881368426,0.031110464711333857,0.10342689801856465
5228,72.0,0.029352958762129667,0.02962494647275852,0.1011448802819646
5228,73.0,0.028231977127182638,0.02844635502230124,0.10064199612467876
5228,74.0,0.02854398909313029,0.02878188277388836,0.09990050254310989
5228,75.0,0.02783813006500613,0.028081981660516106,0.09847536427690935
5228,76.0,0.026298075717251696,0.02644905815446903,0.09789771205602271
5228,77.0,0.02519647190396109,0.02531517390114264,0.09823431619939849
5228,78.0,0.024504804652453197,0.02459575329777964,0.09700898510341512
5228,79.0,0.023491292299479435,0.023536261409741556,0.09520582702456558
5228,80.0,0.02266408846811993,0.022681010958684016,0.09434234707617707
5228,81.0,0.023486627078387206,0.023539807914144978,0.09558994957875905
5228,82.0,0.02305400682858421,0.02305101218181067,0.09656932221969466
5228,83.0,0.022576710270318136,0.022571500185328983,0.0965578667070545
5228,84.0,0.022394854911841504,0.02233408168590096,0.09890733516798138
5228,85.0,0.023143223151183414,0.023147679852436997,0.10008948623689994
5228,86.0,0.022993105781201624,0.022984656320696933,0.09893300126566394
5228,87.0,0.022010815346063493,0.021908687461916248,0.09895878783429228
5228,88.0,0.02250394172328997,0.022386019103222552,0.09929016183573322
5228,89.0,0.02212697846791803,0.021950034898154145,0.09863692053063534
5228,90.0,0.02202435980155184,0.02183009272600518,0.09853367359290252
5228,91.0,0.021335154925476062,0.021081545068920748,0.09847206137679884
5228,92.0,0.021117407892433535,0.02083220794518136,0.09862827585353716
5228,93.0,0.021851989792774473,0.021684885195083842,0.09843189436374315
5228,94.0,0.021227872981354697,0.021005382113594973,0.09811236022020704
5228,95.0,0.02083393545788095,0.02058859871509632,0.09760678169831023
5228,96.0,0.020789606583575513,0.020553245593919255,0.09740337292976389
5228,97.0,0.021520137883937047,0.02135351630817964,0.09797802140676348
5228,98.0,0.021730529244601195,0.02157031184077844,0.09872811951661459
5228,99.0,0.020982865160323785,0.020804660725707375,0.09835606996970801
5228,100.0,0.02067311874280932,0.02047395807660333,0.09851710714850398
5229,0.0,2.9066038639870517,5.408116675855963,6.564657815288973
5229,1.0,0.6055992341849337,0.6480305631502955,1.277919449425395
5229,2.0,0.45592234584344604,0.46877600358023497,1.112412010767112
5229,3.0,0.37592398753440465,0.37104523268795875,0.9916116004129412
5229,4.0,0.3359520590828217,0.32773198332889175,0.8870460564704764
5229,5.0,0.3231605384262237,0.30833667958648014,0.8398816142248977
5229,6.0,0.3185241527102185,0.3007317797598561,0.8117133635142875
5229,7.0,0.3076278622176031,0.2893361462246939,0.781399002771239
5229,8.0,0.2977459088153297,0.2795951951516411,0.7468855490436606
5229,9.0,0.2839848541048882,0.2659474994262249,0.7154730543891562
5229,10.0,0.2731975886332526,0.2562621027082587,0.6808302752004756
5229,11.0,0.2628828797580287,0.24639817106354597,0.6555465151145188
5229,12.0,0.25190793460988714,0.23633458619099706,0.6310623555310455
5229,13.0,0.24559607789878002,0.23104969397772138,0.6144811273361157
5229,14.0,0.24104104038623508,0.22717479932306509,0.5994129031219433
5229,15.0,0.23601587233673235,0.222751666492245,0.5829339922545497
5229,16.0,0.226001490496663,0.21239130902349485,0.5680083053557158
5229,17.0,0.2169238215386099,0.20374791518556742,0.5475658220747742
5229,18.0,0.20781489226793237,0.19492581973919057,0.529536223475569
5229,19.0,0.1996125647529613,0.18679954963744644,0.5149435860784185
5229,20.0,0.19212742288783874,0.17963149533789147,0.4973331997139574
5229,21.0,0.18682653933285145,0.1751674443160912,0.47722806224796527
5229,22.0,0.18240503947215278,0.17146243188274468,0.46171605694529727
5229,23.0,0.1778219364088918,0.16752068391511346,0.44846692507894226
5229,24.0,0.1746396966182948,0.16481636450437953,0.4385397346634456
5229,25.0,0.1713939895131161,0.16180497967465196,0.4308827662120456
5229,26.0,0.16812884587039595,0.15872695020083497,0.4229118771170947
5229,27.0,0.16339458368482354,0.15423462910171418,0.41303173368860896
5229,28.0,0.16184420638202413,0.15324375196436887,0.40437944699775213
5229,29.0,0.1613137139422099,0.1530892076787704,0.39897121840228705
5229,30.0,0.15916895754747729,0.1515137478337959,0.3890258172012128
5229,31.0,0.15734437613234714,0.1497687012011764,0.3850474393556667
5229,32.0,0.1534333915412746,0.14606753472380754,0.3769234195493525
5229,33.0,0.1475193462295175,0.1402579640035348,0.36449656916712586
5229,34.0,0.14460699149891681,0.13754081854035924,0.355978382974423
5229,35.0,0.1409628017784104,0.13412032812566715,0.34644520897879044
5229,36.0,0.13897596976414223,0.13255301135061012,0.33771067814723493
5229,37.0,0.13370057864586993,0.12723592240096335,0.3278939869034579
5229,38.0,0.1331799807105704,0.1270246661249473,0.32191477578673683
5229,39.0,0.1308847920096635,0.12506093752754874,0.3132820685005207
5229,40.0,0.12838029504202828,0.12267647245794197,0.305290744967729
5229,41.0,0.1259150687842204,0.12048543283044366,0.29697134760759797
5229,42.0,0.12228122687374829,0.11704802588852874,0.28734622089068396
5229,43.0,0.11937536965677885,0.11433717658128231,0.2800970191994714
5229,44.0,0.1175219830472498,0.11262084781164772,0.2739719953991241
5229,45.0,0.11686391244643056,0.11229382776984224,0.26825623691481587
5229,46.0,0.11512271794485175,0.1109389751539921,0.2608944777968564
5229,47.0,0.11365193513809614,0.10976075806276028,0.25476193719050233
5229,48.0,0.11380560236493273,0.11026997360441433,0.2499387441710414
5229,49.0,0.11177836274399047,0.10846860518748498,0.2432742766857236
5229,50.0,0.10905307315368888,0.10608961672507952,0.23405983538073796
5229,51.0,0.10608798630046766,0.10321983248577718,0.226790633588799
5229,52.0,0.10355980202289385,0.10081531813369927,0.2206993138174335
5229,53.0,0.1012265013723661,0.09867159546317028,0.21345056074869184
5229,54.0,0.10062532274467202,0.09832806535320786,0.20859729082178655
5229,55.0,0.09959807920251239,0.09754783633152006,0.20329571236724717
5229,56.0,0.09864169274997017,0.09687231017066072,0.19786372781684727
5229,57.0,0.09931731106630573,0.09779242501254244,0.19392887947369727
5229,58.0,0.09770303000422445,0.09626269728492057,0.1876559623708318
5229,59.0,0.09398410236927729,0.09255322161055776,0.18053375925405138
5229,60.0,0.09155438426285759,0.09019175508653209,0.17499962797628552
5229,61.0,0.09051627767611986,0.08930779287296169,0.17143506386242527
5229,62.0,0.08757037275724747,0.08643137470751974,0.16546632009193757
5229,63.0,0.08667755475458276,0.08564418437481672,0.16234354004724946
5229,64.0,0.08466253651309019,0.08365459426592046,0.1580732882220705
5229,65.0,0.08147948332383143,0.08047748657425145,0.15300191230036392
5229,66.0,0.07863905572116803,0.07765875136547605,0.14796819841762762
5229,67.0,0.07677301124653053,0.07581524619178359,0.1431037560386116
5229,68.0,0.07468141251591763,0.07371274527217979,0.13875956707709067
5229,69.0,0.07425880272706133,0.07346705179689697,0.13544026824501787
5229,70.0,0.07234180581535105,0.07161710513689477,0.13180922413448898
5229,71.0,0.0711700140475463,0.07048649209271902,0.12873249944921916
5229,72.0,0.06956787607246859,0.0689956561275296,0.12542528864776067
5229,73.0,0.06973061095103744,0.06925927145209325,0.1234413308561609
5229,74.0,0.06917407209325574,0.06880254423398892,0.1211111854286787
5229,75.0,0.06768845025650777,0.06733479868456095,0.11861310858290113
5229,76.0,0.06593579558175412,0.06556401435600996,0.11688380376952753
5229,77.0,0.06457706453846868,0.06425143633463948,0.11502423335286165
5229,78.0,0.06375405014563573,0.06352952325482515,0.1135290299211444
5229,79.0,0.06162126191198029,0.061441794732763094,0.11115894268940461
5229,80.0,0.0594548457443173,0.059419327420190134,0.10852916293323725
5229,81.0,0.057429768575413126,0.05733656079992155,0.10682530809913292
5229,82.0,0.055616234124387307,0.0554602796976875,0.1053020712026994
5229,83.0,0.054870053068179284,0.05471966787769428,0.10449617432473932
5229,84.0,0.05390370289072801,0.05379500449071588,0.10338455035737004
5229,85.0,0.05262847943367603,0.052600509336676635,0.10223715069083437
5229,86.0,0.04964793116441425,0.049623525222326825,0.1003362670006577
5229,87.0,0.048923035133945164,0.04891783336166325,0.09934710949259774
5229,88.0,0.04747855082243067,0.047502437843907265,0.09844990609356047
5229,89.0,0.04477978437060404,0.04481999461554184,0.09658351183601929
5229,90.0,0.04246962681778596,0.0425243849116076,0.09599300095904445
5229,91.0,0.04151058704516663,0.04152453736564003,0.0953788116127764
5229,92.0,0.041532104147076004,0.041561486857867855,0.09557293091276964
5229,93.0,0.04048868757765792,0.04050420625723089,0.09487224345309872
5229,94.0,0.039748038916516806,0.03975131650961083,0.09410303101766575
5229,95.0,0.038693023608193725,0.03869423716639236,0.09288381041510643
5229,96.0,0.03652469433831508,0.036402343926034066,0.09146442190398477
5229,97.0,0.03596939271460272,0.03584491286985612,0.09184416736082597
5229,98.0,0.03494352537637716,0.03479877786805192,0.09134721120086309
5229,99.0,0.03393321850881903,0.03378861494276914,0.09067354615726322
5229,100.0,0.03272097711894303,0.03253942068129514,0.08958773945721496
5230,0.0,2.9066038639870517,5.408116675855963,6.564657815288973
5230,1.0,0.39186023957744887,0.43641090842585667,1.026050943639454
5230,2.0,0.3291108640918697,0.34688375295128837,0.876408267554982
5230,3.0,0.2822681365229197,0.2869019681427684,0.765942482208229
5230,4.0,0.2636630880827366,0.2657029676081693,0.6990819699802122
5230,5.0,0.24117888508352553,0.2397625521208499,0.6480529699493363
5230,6.0,0.2264351920491331,0.22368455252380848,0.5933672040704577
5230,7.0,0.2086676286255322,0.2038193303532627,0.5475616669923631
5230,8.0,0.1947779751716056,0.1874328053563227,0.5205126604423469
5230,9.0,0.18853446938319254,0.17892424433320372,0.5085120497407013
5230,10.0,0.17794340941247638,0.1666988694719235,0.4918056043824432
5230,11.0,0.16866334280946887,0.15717109059469253,0.47182203011426366
5230,12.0,0.16244798248200332,0.15049527187213438,0.4578383791527122
5230,13.0,0.16186759155885655,0.15039324266207493,0.4496418039634631
5230,14.0,0.15606970942907075,0.14474554442671728,0.4349923829346972
5230,15.0,0.15066634782263738,0.1395516432629431,0.4217479709656956
5230,16.0,0.14821953542432664,0.1375147736599154,0.4103960005478923
5230,17.0,0.14890327352773763,0.13882657347097324,0.40468787258391187
5230,18.0,0.1498919609990851,0.14037462007457574,0.39874964301187743
5230,19.0,0.14974598376594161,0.14047410660238677,0.3937167819478938
5230,20.0,0.14590414597416274,0.13708593848746006,0.38004548402203087
5230,21.0,0.14136867172724865,0.13291925720300837,0.36680581205200524
5230,22.0,0.13816257254882894,0.1298957571939568,0.35708334115489504
5230,23.0,0.13550172490637166,0.12743219978205214,0.34977918501365657
5230,24.0,0.13045063359694226,0.12212880872940769,0.3408581252932125
5230,25.0,0.1266922205687569,0.11854458472757809,0.3301933706721115
5230,26.0,0.11973866544781536,0.11156371376791746,0.3178756873176727
5230,27.0,0.11449637804169231,0.10633050760882108,0.3064678251298701
5230,28.0,0.10982682909801178,0.10183276577951135,0.2959342049546272
5230,29.0,0.10652351269478492,0.09873630293362641,0.28805991598334696
5230,30.0,0.10518421544788709,0.09776145976837086,0.2814899051767523
5230,31.0,0.10345187968550852,0.0963423130907306,0.27452477889643584
5230,32.0,0.09996212730019546,0.09286122779608413,0.26796465437234335
5230,33.0,0.0978763230152714,0.0909321460164087,0.2619233842158325
5230,34.0,0.09453125183944358,0.08777702396748735,0.2543997465413116
5230,35.0,0.09256812446828312,0.08606593231821531,0.24694514864640552
5230,36.0,0.09060836723974253,0.0842295895735802,0.24214074188717705
5230,37.0,0.0899934350934553,0.0837418594243974,0.239590902125565
5230,38.0,0.08751334433218079,0.08132964551873603,0.23456358739216338
5230,39.0,0.0856851397365135,0.07965361295091787,0.22948967971362164
5230,40.0,0.0840358951060142,0.07810588795520544,0.2247252555606561
5230,41.0,0.08045591623998258,0.07455003645724763,0.217551570848636
5230,42.0,0.07806773134485492,0.0723409124529883,0.21143681245383264
5230,43.0,0.07644206630576068,0.07091811134709125,0.205594161193795
5230,44.0,0.07486528616284142,0.06939002250982042,0.20167508516057162
5230,45.0,0.07383838339858634,0.06839319711762469,0.19911453812922114
5230,46.0,0.07171691720524348,0.0664881101450726,0.1918976691525346
5230,47.0,0.07007709629560681,0.0649112989478807,0.1886113971369433
5230,48.0,0.06915328916368138,0.06404322349274696,0.18668263880292663
5230,49.0,0.06764127307285325,0.06265998992397605,0.18268876149492147
5230,50.0,0.06653608548982622,0.061677032927093096,0.17964921266600395
5230,51.0,0.06501262004822415,0.06013947503315038,0.17756521393325925
5230,52.0,0.06279640188442083,0.057965486526213195,0.17373919633856394
5230,53.0,0.061451488804302415,0.05670281753613172,0.17000907765734063
5230,54.0,0.06076156628409337,0.056087613375876436,0.1678932209697943
5230,55.0,0.05910106444889589,0.05452197825696123,0.1639545196920382
5230,56.0,0.05794234277089783,0.05349883219678783,0.15970813012987956
5230,57.0,0.05655584051838486,0.05215342043659445,0.1569877811097205
5230,58.0,0.05527614962383603,0.05098998106757355,0.15323622200858947
5230,59.0,0.05453942959334122,0.050299491038782604,0.15118981845928312
5230,60.0,0.05382779282625593,0.049655071891655904,0.14957326023211032
5230,61.0,0.05314740820346245,0.04901299848721706,0.14807574695263603
5230,62.0,0.05182985500882683,0.047762924757643314,0.14473137731048452
5230,63.0,0.0511726343732947,0.047144464336567896,0.14287743313584564
5230,64.0,0.0502201673991698,0.04623485373996224,0.140368176028999
5230,65.0,0.049739558853041814,0.045802238701717894,0.13884057636518152
5230,66.0,0.04855910827461722,0.04475105517879507,0.1352762773862462
5230,67.0,0.047496111103405014,0.043785814338227085,0.13242189786639622
5230,68.0,0.04697066381978384,0.0433468671512361,0.13056334604538763
5230,69.0,0.046118979657252625,0.04253836710769007,0.12815231359681772
5230,70.0,0.04548748525704346,0.04195250289938549,0.12673252266575852
5230,71.0,0.04517327954787029,0.0416906069945968,0.1255238708377508
5230,72.0,0.044479468651313324,0.04107794563562706,0.12325114072234279
5230,73.0,0.043879303932642,0.04052003724919531,0.12174548793739909
5230,74.0,0.04386696559755089,0.040466181643886406,0.12200428397447806
5230,75.0,0.04353366069613686,0.04013824664700375,0.1212860885421337
5230,76.0,0.042602287315116005,0.039247960521006146,0.119591783348111
5230,77.0,0.04200607945064938,0.03872700937343243,0.1177810069450919
5230,78.0,0.04131811084212489,0.03808485259507124,0.11591807593216023
5230,79.0,0.040980274248857806,0.037761911067496524,0.11498838521665686
5230,80.0,0.040961547616193916,0.03777169350278161,0.11477785732559849
5230,81.0,0.04091289556266675,0.03772981283316726,0.11475838873293386
5230,82.0,0.040392973612541364,0.037264008282768955,0.11308514709688054
5230,83.0,0.04008186551479927,0.03701431831169892,0.11215463812257864
5230,84.0,0.03967761536471152,0.03664618738462427,0.11123687897513984
5230,85.0,0.03945848921925225,0.036478319379274,0.11044229310411065
5230,86.0,0.03916909931144751,0.036214854807903415,0.10987450846976095
5230,87.0,0.038693978381045414,0.0357448829055611,0.10898280382295622
5230,88.0,0.03824884768791766,0.03533195798140941,0.10768256532196312
5230,89.0,0.03784016866288409,0.03496850376740768,0.10634167925237692
5230,90.0,0.037181014943805976,0.034360263628772675,0.1045662192309122
5230,91.0,0.036911867399589744,0.03410590261187469,0.10376599903796703
5230,92.0,0.03623824261164468,0.03348752739135266,0.10204885816716794
5230,93.0,0.03600622163046652,0.03326051288110991,0.10133652889008951
5230,94.0,0.035723768115545756,0.03300479726137155,0.10050474400468538
5230,95.0,0.03549016118511569,0.032814935128646694,0.09997615893055464
5230,96.0,0.03516804737002792,0.03252181590980023,0.09914190972457085
5230,97.0,0.03480786152012712,0.032191230688024604,0.09796848746286702
5230,98.0,0.0345634886696794,0.031979319285334616,0.09735033905562429
5230,99.0,0.034068775733606775,0.031541824271312066,0.09597280376754243
5230,100.0,0.03371879996225161,0.031242262157789358,0.09506334510700355
5231,0.0,2.9066038639870517,5.408116675855963,6.564657815288973
5231,1.0,0.5022742765075573,0.5068394403207613,1.337353842656367
5231,2.0,0.4564106543120099,0.43914331946798313,1.20441236370002
5231,3.0,0.397076987466879,0.37397570509649586,1.05854577731266
5231,4.0,0.3603085802629943,0.3371898804530551,0.9459023825687078
5231,5.0,0.31672670318107693,0.29421115204529297,0.8511951624318046
5231,6.0,0.29489992430649214,0.27273852838119567,0.8000798338808246
5231,7.0,0.27576320720016523,0.25510573768785577,0.744507826519933
5231,8.0,0.2679166533449926,0.24885255620507687,0.7160476182692566
5231,9.0,0.2554487256875325,0.238090816300202,0.6742996226652536
5231,10.0,0.24665811470595495,0.22985588037438034,0.6474674280089049
5231,11.0,0.22815343752817735,0.2122941786155064,0.6000630439910026
5231,12.0,0.21057281863020316,0.19474111157546675,0.5631080678635118
5231,13.0,0.2014751044023894,0.18632934729394435,0.5397663443435892
5231,14.0,0.19241129957875516,0.17863370808440263,0.5075676123990895
5231,15.0,0.1817433999458067,0.16893149544462688,0.47837519779642146
5231,16.0,0.17235440771123636,0.16023582095580416,0.4556325554361851
5231,17.0,0.1622286678032453,0.1509578847851106,0.4282746884069428
5231,18.0,0.1551405382725597,0.1451066455552731,0.4006102409810162
5231,19.0,0.14831245357331976,0.13914890002481717,0.3784772669433476
5231,20.0,0.14093794329235126,0.1322145133310379,0.36048501424460067
5231,21.0,0.1330517219206674,0.12455842758888949,0.3432251851154965
5231,22.0,0.12700462806680882,0.11890111950604705,0.3273835903506179
5231,23.0,0.11904035898450445,0.11088165075504201,0.31165774440253985
5231,24.0,0.1120644597476594,0.10393493674860078,0.29627822857207936
5231,25.0,0.10689336760541822,0.09926713743487482,0.2797435821550149
5231,26.0,0.10348761678447953,0.09596516464677837,0.2740862942348039
5231,27.0,0.09953695144600505,0.09249467798019678,0.2613874435028683
5231,28.0,0.09692361288166247,0.09055220003282513,0.24890860382014948
5231,29.0,0.09286139065356244,0.08681050754953384,0.23749178719103084
5231,30.0,0.0925517253728766,0.0867519483256334,0.23392342881080902
5231,31.0,0.09109370793903641,0.08562808086423965,0.22734378167330696
5231,32.0,0.08904456864508346,0.0837905433222998,0.22090064999304912
5231,33.0,0.0861864186317357,0.08108802718239995,0.2148309966740476
5231,34.0,0.0832717651825122,0.07839800557871332,0.20756970697564334
5231,35.0,0.08024445167572303,0.07546232942275323,0.20131540994093658
5231,36.0,0.07865675027651871,0.07413934923934583,0.19637798574342744
5231,37.0,0.07507792266850077,0.07066901991248957,0.18802675614622877
5231,38.0,0.07280345177976422,0.06870741545724157,0.18161245081122893
5231,39.0,0.07171770952442862,0.06804271922165776,0.17619902776482882
5231,40.0,0.07073687383055484,0.06739925369807004,0.17044485722020158
5231,41.0,0.06984888501840371,0.0665897848215915,0.16726691465613291
5231,42.0,0.06786780676921049,0.06481177289119981,0.16169411390867516
5231,43.0,0.06635284874285942,0.06360475266997657,0.15542329560671475
5231,44.0,0.06533756361701219,0.06287049276087946,0.15073336806906998
5231,45.0,0.06477042493341831,0.06247854715676477,0.14683093576808076
5231,46.0,0.06324111583583121,0.060981109679903486,0.14297694706708944
5231,47.0,0.06184024915108481,0.059845816986358345,0.13793604951677846
5231,48.0,0.061000817262565135,0.05919537500272618,0.13443552261950836
5231,49.0,0.05933669814502239,0.05760680046047272,0.13019806405508136
5231,50.0,0.059328579249863816,0.057858351493334986,0.12774586329070198
5231,51.0,0.059158634032869535,0.058020494742140535,0.1246309900417292
5231,52.0,0.05893638897039697,0.05791922902430234,0.12272221361750542
5231,53.0,0.058304470141049,0.05738244735598614,0.12023209663902623
5231,54.0,0.05657321072046489,0.055575668129837184,0.1178186376943774
5231,55.0,0.05590798595663528,0.05493343813618214,0.11556616538886365
5231,56.0,0.05499165137841809,0.05402685519678019,0.11418439560896051
5231,57.0,0.05311388054102707,0.05225728295612003,0.11043976277194936
5231,58.0,0.051915930963455814,0.05110212360730277,0.10794598381890995
5231,59.0,0.04912633870130053,0.04831370502630532,0.10553381483437466
5231,60.0,0.04700178217084919,0.04621256784415107,0.10344918490081408
5231,61.0,0.04499458973503588,0.04424439009115148,0.10163435009815264
5231,62.0,0.043125110694288066,0.04236459710287028,0.0994866975094533
5231,63.0,0.04113101502544401,0.040267268073516896,0.09829715354007554
5231,64.0,0.03956499760498556,0.03867169507686893,0.09636996169128022
5231,65.0,0.037485184359222136,0.03656255203508107,0.09511089128841682
5231,66.0,0.03773601816862476,0.03693917808890438,0.09486095401866046
5231,67.0,0.03709380656239102,0.036244798582353466,0.09437599984880174
5231,68.0,0.037731152502462145,0.03679620270175602,0.09455297473179661
5231,69.0,0.03674638239925977,0.035670489508302344,0.09333952108122745
5231,70.0,0.03527904947132318,0.03414700635626571,0.09178959223681381
5231,71.0,0.03430314411110546,0.0331823221170356,0.09079754532473515
5231,72.0,0.0335818430179351,0.03246170788727558,0.09024563450406756
5231,73.0,0.03246621253603609,0.03132023950152063,0.0895628268285843
5231,74.0,0.03113890197790269,0.02996287250367553,0.0885594597831252
5231,75.0,0.030113502605404928,0.02895131679409716,0.08780245738973731
5231,76.0,0.028874484016796566,0.02777024718990361,0.08687593018407824
5231,77.0,0.02820029630158191,0.027071650132357496,0.08639501887493445
5231,78.0,0.027741716111059044,0.026779341137986884,0.0856883387879811
5231,79.0,0.027198325827355596,0.02628607553857339,0.0856469384905869
5231,80.0,0.027035006859996914,0.026246898794137486,0.08487787811024942
5231,81.0,0.026664352018179696,0.025925112556727695,0.08525230826234025
5231,82.0,0.026257665949383658,0.025561623053085323,0.08449539119130091
5231,83.0,0.0253742494569222,0.024667833517067816,0.0836728471851914
5231,84.0,0.02681393986666353,0.026348245042337088,0.08374554426257626
5231,85.0,0.02689575427408377,0.026519368124008392,0.083663667838004
5231,86.0,0.02731850183227289,0.027083773827439366,0.08355756692958546
5231,87.0,0.028425601199304526,0.02830868943034199,0.0830856671209705
5231,88.0,0.028070124907111825,0.0279679486041254,0.08212936344701423
5231,89.0,0.027321658040772735,0.027144448123864334,0.08134687024672523
5231,90.0,0.02757573117523688,0.027390154073250465,0.08087380807310977
5231,91.0,0.02828235592417239,0.028135794108409606,0.08084445837086898
5231,92.0,0.027639265512838934,0.02750282914159992,0.08030259818403006
5231,93.0,0.026176989517099174,0.026008082547578033,0.07934344124243445
5231,94.0,0.025946357547865496,0.025799322124269226,0.07916166222161498
5231,95.0,0.025184471440731125,0.025054660281535916,0.0786377439457576
5231,96.0,0.025563849927439566,0.025465128769389795,0.07763533463951401
5231,97.0,0.02480799864638466,0.024669726875626675,0.07760266311258898
5231,98.0,0.023809362492214506,0.023566203467367687,0.07674246266813707
5231,99.0,0.02301248045547298,0.022674243111637488,0.07658458556812921
5231,100.0,0.023134441281785385,0.022794981945852128,0.07615400761327569
