backend,device,batch_size,n_particles,n_steps,n_configs,runtime_seconds,steps_per_second,particle_steps_per_second,final_l2_F,final_l2_Fprime,max_gpu_memory_mb
torch,cuda,1,1000,3000,1,8.803045272827148,340.7911588572954,340791.1588572954,0.6247342520768259,0.7748534182669435,0.183808
torch,cuda,4,1000,3000,4,8.405442953109741,356.91158892347215,1427646.3556938886,0.5838339792263693,0.7315311957313391,0.651776
torch,cuda,8,1000,3000,8,8.358186960220337,358.9295159677685,2871436.127742148,0.6015336905391184,0.7492503938519035,1.267712
torch,cuda,16,1000,3000,16,8.325735569000244,360.3285229439782,5765256.367103651,0.5818547467407946,0.727043384657862,2.49856
torch,cuda,32,1000,3000,32,8.441192626953125,355.40001663045325,11372800.532174503,0.5795740144520419,0.7276340006088251,4.968448
torch,cuda,64,1000,3000,64,8.448912382125854,355.07528831127036,22724818.451921303,0.5810477005175816,0.7263707261925882,9.908224
