run_id,config_id,method,target_type,seed,gamma,eta,burnin_fraction,stop_fraction,fr_every,step,t,l2_F,l2_Fprime,marginal_l2_uniform,marginal_l2_target,marginal_l2_physical_ref,barrier_crossings,n_unique_ancestors,gamma_eff,fr_applied,fr_event_fraction,fr_event_fraction_max,fr_events_total,score_mean,score_std,score_min,score_max,deltaF_hat,deltaF_ref,deltaF_error,barrier_height_error,l2_F_R12,l2_Fprime_R12,l2_F_full,l2_Fprime_full,l2_F_legacy,l2_Fprime_legacy,l2_F_barrier,l2_Fprime_barrier,ancestor_ess,max_clone_multiplicity,max_clone_weight,cumulative_fr_events,cumulative_replacements,score_clipped_fraction,score_raw_q01,score_applied_q01,score_raw_q10,score_applied_q10,score_raw_q50,score_applied_q50,score_raw_q90,score_applied_q90,score_raw_q99,score_applied_q99,h,ramp_fraction,x_l2_to_target,x_l2_to_uniform,x_l2_to_physical_ref,fr_score_std,fr_score_max,left_frac,barrier_frac,right_frac
abf_fr_information_oracle|tt=information_oracle|g=0.001|eta=0.1|bi=0.909091|sf=0.954545|fe=500|seed=6000,abf_fr_information_oracle|tt=information_oracle|g=0.001|eta=0.1|bi=0.909091|sf=0.954545|fe=500,abf_fr_information_oracle,information_oracle,6000,0.001,0.1,0.9090909090909092,0.9545454545454544,500,0,0.0,2.906603863987052,6.564657815288973,0.0545244755537654,0.2435778123220142,0.4086045869500432,0,256,0.0,False,0.0,0.0,0,,,,,0.0,0.2136588086310551,0.2136588086310551,1.8839792970692677,0.7722826132658906,3.487298309594125,5.408116675855963,9.381946420303988,2.906603863987052,6.564657815288973,0.037083496902375,0.7293641473133242,256.0,1,0.00390625,0,0,,,,,,,,,,,,0.05,0.1,0.2435778123220142,0.0545244755537654,0.4086045869500432,,,0.31640625,0.171875,0.36328125
abf_fr_information_oracle|tt=information_oracle|g=0.001|eta=0.1|bi=0.909091|sf=0.954545|fe=500|seed=6000,abf_fr_information_oracle|tt=information_oracle|g=0.001|eta=0.1|bi=0.909091|sf=0.954545|fe=500,abf_fr_information_oracle,information_oracle,6000,0.001,0.1,0.9090909090909092,0.9545454545454544,500,500,1.0,0.5645001194104928,1.4405373539866726,0.117940167090585,0.3023926977495814,0.3685405469650761,576,256,0.0,False,0.0,0.0,0,,,,,-0.1391138695561515,0.2136588086310551,0.3527726781872067,1.4827805566470156,0.620571772549595,1.588691516834663,0.575421539127629,1.323192136357478,0.5645001194104928,1.4405373539866726,0.0698428888976083,1.0812364800702725,256.0,1,0.00390625,0,0,,,,,,,,,,,,0.05,0.1,0.3023926977495814,0.117940167090585,0.3685405469650761,,,0.37109375,0.1328125,0.39453125
abf_fr_information_oracle|tt=information_oracle|g=0.001|eta=0.1|bi=0.909091|sf=0.954545|fe=500|seed=6000,abf_fr_information_oracle|tt=information_oracle|g=0.001|eta=0.1|bi=0.909091|sf=0.954545|fe=500,abf_fr_information_oracle,information_oracle,6000,0.001,0.1,0.9090909090909092,0.9545454545454544,500,1000,2.0,0.4676600863893281,1.2302667448320572,0.107013116790604,0.2937991320368688,0.3668595543827309,1163,256,0.0,False,0.0,0.0,0,,,,,-0.0616087946816463,0.2136588086310551,0.2752676033127015,1.2762616445892156,0.53268691967622,1.412742907691694,0.452868785118173,1.1279294286104045,0.4676600863893281,1.2302667448320572,0.0740905968114908,1.1133781512148515,256.0,1,0.00390625,0,0,,,,,,,,,,,,0.05,0.1,0.2937991320368688,0.107013116790604,0.3668595543827309,,,0.40234375,0.1171875,0.43359375
abf_fr_information_oracle|tt=information_oracle|g=0.001|eta=0.1|bi=0.909091|sf=0.954545|fe=500|seed=6000,abf_fr_information_oracle|tt=information_oracle|g=0.001|eta=0.1|bi=0.909091|sf=0.954545|fe=500,abf_fr_information_oracle,information_oracle,6000,0.001,0.1,0.9090909090909092,0.9545454545454544,500,1500,3.0,0.420884799041115,1.1063152028622782,0.1064411471814328,0.2938755197808582,0.3725824721842101,1462,256,0.0,False,0.0,0.0,0,,,,,-0.0661308850933224,0.2136588086310551,0.2797896937243775,1.1470829634646555,0.4812847706351856,1.297138988266831,0.3990942022648785,1.0137754420788567,0.420884799041115,1.1063152028622782,0.0745162790793607,1.1043316729338737,256.0,1,0.00390625,0,0,,,,,,,,,,,,0.05,0.1,0.2938755197808582,0.1064411471814328,0.3725824721842101,,,0.38671875,0.11328125,0.43359375
abf_fr_information_oracle|tt=information_oracle|g=0.001|eta=0.1|bi=0.909091|sf=0.954545|fe=500|seed=6000,abf_fr_information_oracle|tt=information_oracle|g=0.001|eta=0.1|bi=0.909091|sf=0.954545|fe=500,abf_fr_information_oracle,information_oracle,6000,0.001,0.1,0.9090909090909092,0.9545454545454544,500,2000,4.0,0.3627276539590301,0.9754545127131696,0.1037339687902544,0.2967815552485923,0.3482757580322871,1758,256,0.0,False,0.0,0.0,0,,,,,0.0219146456175991,0.2136588086310551,0.1917441630134559,1.0094526611119905,0.419248601240365,1.153801611363474,0.3383299288225663,0.893887742301927,0.3627276539590301,0.9754545127131696,0.0726602017962793,1.063650704336604,256.0,1,0.00390625,0,0,,,,,,,,,,,,0.05,0.1,0.2967815552485923,0.1037339687902544,0.3482757580322871,,,0.39453125,0.109375,0.4140625
abf_fr_information_oracle|tt=information_oracle|g=0.001|eta=0.1|bi=0.909091|sf=0.954545|fe=500|seed=6000,abf_fr_information_oracle|tt=information_oracle|g=0.001|eta=0.1|bi=0.909091|sf=0.954545|fe=500,abf_fr_information_oracle,information_oracle,6000,0.001,0.1,0.9090909090909092,0.9545454545454544,500,2500,5.0,0.3408980189073309,0.9117296517115931,0.0990506402947486,0.3047358346354893,0.3813260122441516,2044,256,0.0,False,0.0,0.0,0,,,,,0.0093061287799116,0.2136588086310551,0.2043526798511434,0.9420865902428118,0.3922749306144122,1.0843063095809389,0.3169095653479402,0.8349348744135201,0.3408980189073309,0.9117296517115931,0.0716495162251242,1.043336244476845,256.0,1,0.00390625,0,0,,,,,,,,,,,,0.05,0.1,0.3047358346354893,0.0990506402947486,0.3813260122441516,,,0.40625,0.0703125,0.4453125
abf_fr_information_oracle|tt=information_oracle|g=0.001|eta=0.1|bi=0.909091|sf=0.954545|fe=500|seed=6000,abf_fr_information_oracle|tt=information_oracle|g=0.001|eta=0.1|bi=0.909091|sf=0.954545|fe=500,abf_fr_information_oracle,information_oracle,6000,0.001,0.1,0.9090909090909092,0.9545454545454544,500,3000,6.0,0.3185137840236815,0.839293411271236,0.0929216466559927,0.2968654754519306,0.4009351286047766,2278,256,0.0,False,0.0,0.0,0,,,,,-0.0157214992855152,0.2136588086310551,0.2293803079165703,0.8688284143243021,0.3639715793519178,1.0009739658352423,0.297217195287815,0.7688027892723653,0.3185137840236815,0.839293411271236,0.0686266146386023,0.9928787743282248,256.0,1,0.00390625,0,0,,,,,,,,,,,,0.05,0.1,0.2968654754519306,0.0929216466559927,0.4009351286047766,,,0.40625,0.08203125,0.4453125
abf_fr_information_oracle|tt=information_oracle|g=0.001|eta=0.1|bi=0.909091|sf=0.954545|fe=500|seed=6000,abf_fr_information_oracle|tt=information_oracle|g=0.001|eta=0.1|bi=0.909091|sf=0.954545|fe=500,abf_fr_information_oracle,information_oracle,6000,0.001,0.1,0.9090909090909092,0.9545454545454544,500,3500,7.0,0.3059922313195623,0.8018051832005074,0.0910110111551891,0.3069555147790613,0.3860839451146418,2492,256,0.0,False,0.0,0.0,0,,,,,-0.0294034063382326,0.2136588086310551,0.2430622149692878,0.8257241493275335,0.3475697196515954,0.9585181179500284,0.2862503485279296,0.734579209853488,0.3059922313195623,0.8018051832005074,0.0668205260183831,0.9717196860657112,256.0,1,0.00390625,0,0,,,,,,,,,,,,0.05,0.1,0.3069555147790613,0.0910110111551891,0.3860839451146418,,,0.3984375,0.0703125,0.4453125
abf_fr_information_oracle|tt=information_oracle|g=0.001|eta=0.1|bi=0.909091|sf=0.954545|fe=500|seed=6000,abf_fr_information_oracle|tt=information_oracle|g=0.001|eta=0.1|bi=0.909091|sf=0.954545|fe=500,abf_fr_information_oracle,information_oracle,6000,0.001,0.1,0.9090909090909092,0.9545454545454544,500,4000,8.0,0.2919517495579994,0.767326260996116,0.0847990261122469,0.3033944945707667,0.3796457583145797,2709,256,0.0,False,0.0,0.0,0,,,,,-0.0149019770080727,0.2136588086310551,0.2285607856391278,0.7871998492783934,0.3315239657768205,0.9190301358241392,0.2725504835595518,0.7032833239894096,0.2919517495579994,0.767326260996116,0.0667316438872684,0.9603483814718954,256.0,1,0.00390625,0,0,,,,,,,,,,,,0.05,0.1,0.3033944945707667,0.0847990261122469,0.3796457583145797,,,0.41015625,0.0625,0.4375
abf_fr_information_oracle|tt=information_oracle|g=0.001|eta=0.1|bi=0.909091|sf=0.954545|fe=500|seed=6000,abf_fr_information_oracle|tt=information_oracle|g=0.001|eta=0.1|bi=0.909091|sf=0.954545|fe=500,abf_fr_information_oracle,information_oracle,6000,0.001,0.1,0.9090909090909092,0.9545454545454544,500,4500,9.0,0.2748921120503178,0.7260573269824543,0.0977416386781765,0.3064878546885118,0.3737892472285571,2910,256,0.0,False,0.0,0.0,0,,,,,0.000634809144266,0.2136588086310551,0.213023999486789,0.7426394038259322,0.3123941894911821,0.8701389786043935,0.2563606020907536,0.6656896173130261,0.2748921120503178,0.7260573269824543,0.0665001314814395,0.9450429436541066,256.0,1,0.00390625,0,0,,,,,,,,,,,,0.05,0.1,0.3064878546885118,0.0977416386781765,0.3737892472285571,,,0.3984375,0.0625,0.4140625
abf_fr_information_oracle|tt=information_oracle|g=0.001|eta=0.1|bi=0.909091|sf=0.954545|fe=500|seed=6000,abf_fr_information_oracle|tt=information_oracle|g=0.001|eta=0.1|bi=0.909091|sf=0.954545|fe=500,abf_fr_information_oracle,information_oracle,6000,0.001,0.1,0.9090909090909092,0.9545454545454544,500,5000,10.0,0.2645188705418758,0.6894964408766237,0.079430925255164,0.2902947414693604,0.3991241121120522,3066,256,0.0,False,0.0,0.0,0,,,,,-0.0114073140987649,0.2136588086310551,0.22506612272982,0.7066909793548168,0.298891374665673,0.8265985709508545,0.2475415340298168,0.6324065781875147,0.2645188705418758,0.6894964408766237,0.0638426628563384,0.9078426339823742,256.0,1,0.00390625,0,0,,,,,,,,,,,,0.05,0.1,0.2902947414693604,0.079430925255164,0.3991241121120522,,,0.41015625,0.06640625,0.38671875
abf_fr_information_oracle|tt=information_oracle|g=0.001|eta=0.1|bi=0.909091|sf=0.954545|fe=500|seed=6000,abf_fr_information_oracle|tt=information_oracle|g=0.001|eta=0.1|bi=0.909091|sf=0.954545|fe=500,abf_fr_information_oracle,information_oracle,6000,0.001,0.1,0.9090909090909092,0.9545454545454544,500,5500,11.0,0.2562274660570263,0.6584935942243363,0.0752286851117501,0.2974117766867539,0.3832773278594706,3232,256,0.0,False,0.0,0.0,0,,,,,-0.0225777498537489,0.2136588086310551,0.236236558484804,0.6763358709290773,0.2878743289461346,0.7899287630742963,0.2405132491666009,0.604305547343842,0.2562274660570263,0.6584935942243363,0.0627788300214977,0.8838111796277682,256.0,1,0.00390625,0,0,,,,,,,,,,,,0.05,0.1,0.2974117766867539,0.0752286851117501,0.3832773278594706,,,0.40625,0.0625,0.3828125
abf_fr_information_oracle|tt=information_oracle|g=0.001|eta=0.1|bi=0.909091|sf=0.954545|fe=500|seed=6000,abf_fr_information_oracle|tt=information_oracle|g=0.001|eta=0.1|bi=0.909091|sf=0.954545|fe=500,abf_fr_information_oracle,information_oracle,6000,0.001,0.1,0.9090909090909092,0.9545454545454544,500,6000,12.0,0.2463652010694684,0.627736342838436,0.085956767860219,0.2919126554914794,0.3863506128166182,3398,256,0.0,False,0.0,0.0,0,,,,,-0.0278623293985162,0.2136588086310551,0.2415211380295714,0.6445377181704921,0.2758085451101388,0.7534536976489793,0.2320519480036371,0.5764728114477595,0.2463652010694684,0.627736342838436,0.060523674450775,0.8522882603747595,256.0,1,0.00390625,0,0,,,,,,,,,,,,0.05,0.1,0.2919126554914794,0.085956767860219,0.3863506128166182,,,0.37890625,0.05078125,0.40625
abf_fr_information_oracle|tt=information_oracle|g=0.001|eta=0.1|bi=0.909091|sf=0.954545|fe=500|seed=6000,abf_fr_information_oracle|tt=information_oracle|g=0.001|eta=0.1|bi=0.909091|sf=0.954545|fe=500,abf_fr_information_oracle,information_oracle,6000,0.001,0.1,0.9090909090909092,0.9545454545454544,500,6500,13.0,0.2317839728899532,0.5934862138904796,0.0889603374069205,0.3101791207569455,0.3753984677598599,3568,256,0.0,False,0.0,0.0,0,,,,,-0.0143804393211972,0.2136588086310551,0.2280392479522524,0.6062997726055309,0.2598255804995251,0.7125229290986789,0.2182191919981053,0.5454820186903869,0.2317839728899532,0.5934862138904796,0.0586348036339288,0.8213179369051508,256.0,1,0.00390625,0,0,,,,,,,,,,,,0.05,0.1,0.3101791207569455,0.0889603374069205,0.3753984677598599,,,0.41015625,0.046875,0.41015625
abf_fr_information_oracle|tt=information_oracle|g=0.001|eta=0.1|bi=0.909091|sf=0.954545|fe=500|seed=6000,abf_fr_information_oracle|tt=information_oracle|g=0.001|eta=0.1|bi=0.909091|sf=0.954545|fe=500,abf_fr_information_oracle,information_oracle,6000,0.001,0.1,0.9090909090909092,0.9545454545454544,500,7000,14.0,0.2262818100154357,0.5717361737899239,0.0931301896183996,0.3084798909684577,0.3888927425179234,3706,256,0.0,False,0.0,0.0,0,,,,,-0.0234920478749458,0.2136588086310551,0.2371508565060009,0.5849704084464877,0.2523360527650307,0.686716059236926,0.2138721457268681,0.5257737329511597,0.2262818100154357,0.5717361737899239,0.0575871353308737,0.8019223385580516,256.0,1,0.00390625,0,0,,,,,,,,,,,,0.05,0.1,0.3084798909684577,0.0931301896183996,0.3888927425179234,,,0.390625,0.04296875,0.4140625
abf_fr_information_oracle|tt=information_oracle|g=0.001|eta=0.1|bi=0.909091|sf=0.954545|fe=500|seed=6000,abf_fr_information_oracle|tt=information_oracle|g=0.001|eta=0.1|bi=0.909091|sf=0.954545|fe=500,abf_fr_information_oracle,information_oracle,6000,0.001,0.1,0.9090909090909092,0.9545454545454544,500,7500,15.0,0.2215598131535928,0.5491908234957681,0.0893067078322678,0.2988301769937471,0.3930684529538519,3810,256,0.0,False,0.0,0.0,0,,,,,-0.0382780251026559,0.2136588086310551,0.2519368337337111,0.5623733677288387,0.2452706763703181,0.6596839773079741,0.2104412508014927,0.5055035909963985,0.2215598131535928,0.5491908234957681,0.0559165428127949,0.7748147597980585,256.0,1,0.00390625,0,0,,,,,,,,,,,,0.05,0.1,0.2988301769937471,0.0893067078322678,0.3930684529538519,,,0.359375,0.06640625,0.40625
abf_fr_information_oracle|tt=information_oracle|g=0.001|eta=0.1|bi=0.909091|sf=0.954545|fe=500|seed=6000,abf_fr_information_oracle|tt=information_oracle|g=0.001|eta=0.1|bi=0.909091|sf=0.954545|fe=500,abf_fr_information_oracle,information_oracle,6000,0.001,0.1,0.9090909090909092,0.9545454545454544,500,8000,16.0,0.2145436947936009,0.529743405753028,0.0762226404200598,0.2921781331753657,0.4031121601305866,3972,256,0.0,False,0.0,0.0,0,,,,,-0.0329006993658502,0.2136588086310551,0.2465595079969054,0.5428563066897756,0.2371980171465225,0.6364589777173096,0.203864655479271,0.4879299390099143,0.2145436947936009,0.529743405753028,0.0551308751285394,0.7571033530481366,256.0,1,0.00390625,0,0,,,,,,,,,,,,0.05,0.1,0.2921781331753657,0.0762226404200598,0.4031121601305866,,,0.359375,0.05859375,0.359375
abf_fr_information_oracle|tt=information_oracle|g=0.001|eta=0.1|bi=0.909091|sf=0.954545|fe=500|seed=6000,abf_fr_information_oracle|tt=information_oracle|g=0.001|eta=0.1|bi=0.909091|sf=0.954545|fe=500,abf_fr_information_oracle,information_oracle,6000,0.001,0.1,0.9090909090909092,0.9545454545454544,500,8500,17.0,0.2113047403841055,0.5172401666839969,0.0916441464127227,0.3094030851423445,0.387278034838681,4090,256,0.0,False,0.0,0.0,0,,,,,-0.0369728932155304,0.2136588086310551,0.2506317018465855,0.5301056973822582,0.2328308651192657,0.6216496255342694,0.2010801846898676,0.4764764934811769,0.2113047403841055,0.5172401666839969,0.0545855050022971,0.7471535504092006,256.0,1,0.00390625,0,0,,,,,,,,,,,,0.05,0.1,0.3094030851423445,0.0916441464127227,0.387278034838681,,,0.3671875,0.05078125,0.40625
abf_fr_information_oracle|tt=information_oracle|g=0.001|eta=0.1|bi=0.909091|sf=0.954545|fe=500|seed=6000,abf_fr_information_oracle|tt=information_oracle|g=0.001|eta=0.1|bi=0.909091|sf=0.954545|fe=500,abf_fr_information_oracle,information_oracle,6000,0.001,0.1,0.9090909090909092,0.9545454545454544,500,9000,18.0,0.2073759992857808,0.5022791091134444,0.0813094820269692,0.2966690430408068,0.378546891580453,4311,256,0.0,False,0.0,0.0,0,,,,,-0.0397192700143662,0.2136588086310551,0.2533780786454214,0.5164744573212505,0.2278579120414498,0.6037257711044394,0.1975674967888745,0.4630388121512824,0.2073759992857808,0.5022791091134444,0.0537539132499152,0.7302359256787923,256.0,1,0.00390625,0,0,,,,,,,,,,,,0.05,0.1,0.2966690430408068,0.0813094820269692,0.378546891580453,,,0.37109375,0.08203125,0.39453125
abf_fr_information_oracle|tt=information_oracle|g=0.001|eta=0.1|bi=0.909091|sf=0.954545|fe=500|seed=6000,abf_fr_information_oracle|tt=information_oracle|g=0.001|eta=0.1|bi=0.909091|sf=0.954545|fe=500,abf_fr_information_oracle,information_oracle,6000,0.001,0.1,0.9090909090909092,0.9545454545454544,500,9500,19.0,0.2051173728104298,0.4883476643990503,0.0767361453935363,0.2960871526690701,0.3821986910846144,4411,256,0.0,False,0.0,0.0,0,,,,,-0.0488619277081348,0.2136588086310551,0.2625207363391899,0.5028546208480705,0.2240928559098649,0.5869921262728566,0.1960703230412222,0.4504892775742377,0.2051173728104298,0.4883476643990503,0.0527716847329328,0.7125628982089895,256.0,1,0.00390625,0,0,,,,,,,,,,,,0.05,0.1,0.2960871526690701,0.0767361453935363,0.3821986910846144,,,0.33203125,0.0703125,0.40625
abf_fr_information_oracle|tt=information_oracle|g=0.001|eta=0.1|bi=0.909091|sf=0.954545|fe=500|seed=6000,abf_fr_information_oracle|tt=information_oracle|g=0.001|eta=0.1|bi=0.909091|sf=0.954545|fe=500,abf_fr_information_oracle,information_oracle,6000,0.001,0.1,0.9090909090909092,0.9545454545454544,500,10000,20.0,0.2017847594890849,0.47697374640428,0.0716080776763133,0.2929391524734099,0.3915800278123006,4551,256,0.001,True,0.0,0.0,0,1.214306433183765e-17,1.0430048087622126,-3.2664252824064577,1.3717321068143091,-0.0487229025955677,0.2136588086310551,0.2623817112266229,0.4914945876522147,0.2199079346835969,0.5733904033065287,0.1930995995019121,0.4402255970832528,0.2017847594890849,0.47697374640428,0.0523498562227622,0.7031394540524061,256.0,1,0.00390625,1,0,0.0,-3.193673851601944,-3.193673851601944,-1.157606772815135,-1.157606772815135,0.1321154456093571,0.1321154456093571,1.200127060419717,1.200127060419717,1.3695484686468835,1.3695484686468835,0.05,0.1,0.2929391524734099,0.0716080776763133,0.3915800278123006,1.0430048087622126,1.3717321068143091,0.3671875,0.06640625,0.41015625
abf_fr_information_oracle|tt=information_oracle|g=0.001|eta=0.1|bi=0.909091|sf=0.954545|fe=500|seed=6000,abf_fr_information_oracle|tt=information_oracle|g=0.001|eta=0.1|bi=0.909091|sf=0.954545|fe=500,abf_fr_information_oracle,information_oracle,6000,0.001,0.1,0.9090909090909092,0.9545454545454544,500,10500,21.0,0.1919916781626594,0.4579914748085431,0.0792630959375161,0.3003061328265902,0.3924380897043067,4697,256,0.0,False,0.0,0.0,0,,,,,-0.0304718317151113,0.2136588086310551,0.2441306403461665,0.4734889939442877,0.210132906202912,0.5505612856922117,0.1829777809794051,0.4231208840331105,0.1919916781626594,0.4579914748085431,0.0501611394174007,0.6742051506661545,256.0,1,0.00390625,1,0,,,,,,,,,,,,0.05,0.1,0.3003061328265902,0.0792630959375161,0.3924380897043067,,,0.38671875,0.046875,0.390625
abf_fr_information_oracle|tt=information_oracle|g=0.001|eta=0.1|bi=0.909091|sf=0.954545|fe=500|seed=6000,abf_fr_information_oracle|tt=information_oracle|g=0.001|eta=0.1|bi=0.909091|sf=0.954545|fe=500,abf_fr_information_oracle,information_oracle,6000,0.001,0.1,0.9090909090909092,0.9545454545454544,500,11000,22.0,0.189531154697579,0.444326654070822,0.0767714600561994,0.2990662430650148,0.3861297592955946,4831,256,0.0,False,0.0,0.0,0,,,,,-0.038831567168355,0.2136588086310551,0.2524903757994101,0.4612115743948258,0.2063923574135653,0.5341739658036956,0.1809614521922657,0.410862165062102,0.189531154697579,0.444326654070822,0.0487142499933468,0.6552355171783718,256.0,1,0.00390625,1,0,,,,,,,,,,,,0.05,0.1,0.2990662430650148,0.0767714600561994,0.3861297592955946,,,0.37890625,0.0703125,0.39453125
abf_fr_information_oracle|tt=information_oracle|g=0.001|eta=0.1|bi=0.909091|sf=0.954545|fe=500|seed=6001,abf_fr_information_oracle|tt=information_oracle|g=0.001|eta=0.1|bi=0.909091|sf=0.954545|fe=500,abf_fr_information_oracle,information_oracle,6001,0.001,0.1,0.9090909090909092,0.9545454545454544,500,0,0.0,2.906603863987052,6.564657815288973,0.0544836474051137,0.2356733779931783,0.4186343862949782,0,256,0.0,False,0.0,0.0,0,,,,,0.0,0.2136588086310551,0.2136588086310551,1.8839792970692677,0.7722826132658906,3.487298309594125,5.408116675855963,9.381946420303988,2.906603863987052,6.564657815288973,0.037083496902375,0.7293641473133242,256.0,1,0.00390625,0,0,,,,,,,,,,,,0.05,0.1,0.2356733779931783,0.0544836474051137,0.4186343862949782,,,0.3203125,0.1640625,0.39453125
abf_fr_information_oracle|tt=information_oracle|g=0.001|eta=0.1|bi=0.909091|sf=0.954545|fe=500|seed=6001,abf_fr_information_oracle|tt=information_oracle|g=0.001|eta=0.1|bi=0.909091|sf=0.954545|fe=500,abf_fr_information_oracle,information_oracle,6001,0.001,0.1,0.9090909090909092,0.9545454545454544,500,500,1.0,0.4754598180722997,1.1289259306522952,0.1015903876959006,0.2880418264362072,0.3800868477964652,595,256,0.0,False,0.0,0.0,0,,,,,-0.3533930192736001,0.2136588086310551,0.5670518279046552,1.0815510936096155,0.483122897200596,1.1201270056388022,0.5267971442525662,1.0425909265714288,0.4754598180722997,1.1289259306522952,0.051387583745298,0.818945520261443,256.0,1,0.00390625,0,0,,,,,,,,,,,,0.05,0.1,0.2880418264362072,0.1015903876959006,0.3800868477964652,,,0.3359375,0.15625,0.41796875
abf_fr_information_oracle|tt=information_oracle|g=0.001|eta=0.1|bi=0.909091|sf=0.954545|fe=500|seed=6001,abf_fr_information_oracle|tt=information_oracle|g=0.001|eta=0.1|bi=0.909091|sf=0.954545|fe=500,abf_fr_information_oracle,information_oracle,6001,0.001,0.1,0.9090909090909092,0.9545454545454544,500,1000,2.0,0.4294472974728013,0.97569947555587,0.1001224760863694,0.2779342934296684,0.3739147543396833,1088,256,0.0,False,0.0,0.0,0,,,,,-0.4046921251908024,0.2136588086310551,0.6183509338218576,0.9510544892506082,0.4439674310964022,1.046486360108167,0.4520172466847744,0.9004662228137966,0.4294472974728013,0.97569947555587,0.0614988952104074,0.9133338724560672,256.0,1,0.00390625,0,0,,,,,,,,,,,,0.05,0.1,0.2779342934296684,0.1001224760863694,0.3739147543396833,,,0.3828125,0.15234375,0.4296875
abf_fr_information_oracle|tt=information_oracle|g=0.001|eta=0.1|bi=0.909091|sf=0.954545|fe=500|seed=6001,abf_fr_information_oracle|tt=information_oracle|g=0.001|eta=0.1|bi=0.909091|sf=0.954545|fe=500,abf_fr_information_oracle,information_oracle,6001,0.001,0.1,0.9090909090909092,0.9545454545454544,500,1500,3.0,0.4048294535505987,0.8684499908629764,0.0973202140481137,0.2702732016654207,0.3678630422915492,1598,256,0.0,False,0.0,0.0,0,,,,,-0.432939950181094,0.2136588086310551,0.6465987588121491,0.8588504831816534,0.4174545469902895,0.9700244771770172,0.4169259235986421,0.8020228935276037,0.4048294535505987,0.8684499908629764,0.064030060297531,0.9262454663029498,256.0,1,0.00390625,0,0,,,,,,,,,,,,0.05,0.1,0.2702732016654207,0.0973202140481137,0.3678630422915492,,,0.3828125,0.15234375,0.42578125
abf_fr_information_oracle|tt=information_oracle|g=0.001|eta=0.1|bi=0.909091|sf=0.954545|fe=500|seed=6001,abf_fr_information_oracle|tt=information_oracle|g=0.001|eta=0.1|bi=0.909091|sf=0.954545|fe=500,abf_fr_information_oracle,information_oracle,6001,0.001,0.1,0.9090909090909092,0.9545454545454544,500,2000,4.0,0.3773715561720534,0.8030973726979964,0.0746797212830335,0.2746739126320148,0.3790807897917502,2092,256,0.0,False,0.0,0.0,0,,,,,-0.4000146559356672,0.2136588086310551,0.6136734645667223,0.7890722003340375,0.388461784557762,0.9151526784534014,0.3857094873569706,0.741384981340233,0.3773715561720534,0.8030973726979964,0.064480560778248,0.9239444894489652,256.0,1,0.00390625,0,0,,,,,,,,,,,,0.05,0.1,0.2746739126320148,0.0746797212830335,0.3790807897917502,,,0.39453125,0.140625,0.42578125
abf_fr_information_oracle|tt=information_oracle|g=0.001|eta=0.1|bi=0.909091|sf=0.954545|fe=500|seed=6001,abf_fr_information_oracle|tt=information_oracle|g=0.001|eta=0.1|bi=0.909091|sf=0.954545|fe=500,abf_fr_information_oracle,information_oracle,6001,0.001,0.1,0.9090909090909092,0.9545454545454544,500,2500,5.0,0.367525730550499,0.7540565974713007,0.0748570299498828,0.2671754711661269,0.3842688054134844,2504,256,0.0,False,0.0,0.0,0,,,,,-0.4117424424075757,0.2136588086310551,0.6254012510386309,0.74375401866186,0.3769395782735074,0.8725840521335014,0.3712708467818492,0.695011785544688,0.367525730550499,0.7540565974713007,0.063737191295031,0.9012515500491968,256.0,1,0.00390625,0,0,,,,,,,,,,,,0.05,0.1,0.2671754711661269,0.0748570299498828,0.3842688054134844,,,0.41015625,0.1328125,0.41015625
abf_fr_information_oracle|tt=information_oracle|g=0.001|eta=0.1|bi=0.909091|sf=0.954545|fe=500|seed=6001,abf_fr_information_oracle|tt=information_oracle|g=0.001|eta=0.1|bi=0.909091|sf=0.954545|fe=500,abf_fr_information_oracle,information_oracle,6001,0.001,0.1,0.9090909090909092,0.9545454545454544,500,3000,6.0,0.3520267331241552,0.7133316001308424,0.0804862858656646,0.2745362991687114,0.3632451313604102,2903,256,0.0,False,0.0,0.0,0,,,,,-0.4005712573105455,0.2136588086310551,0.6142300659416007,0.7019225831879523,0.3614363027958154,0.8319295585378526,0.3525815979030841,0.6569561978540515,0.3520267331241552,0.7133316001308424,0.0621738867599088,0.8722825902959764,256.0,1,0.00390625,0,0,,,,,,,,,,,,0.05,0.1,0.2745362991687114,0.0804862858656646,0.3632451313604102,,,0.41015625,0.12109375,0.42578125
abf_fr_information_oracle|tt=information_oracle|g=0.001|eta=0.1|bi=0.909091|sf=0.954545|fe=500|seed=6001,abf_fr_information_oracle|tt=information_oracle|g=0.001|eta=0.1|bi=0.909091|sf=0.954545|fe=500,abf_fr_information_oracle,information_oracle,6001,0.001,0.1,0.9090909090909092,0.9545454545454544,500,3500,7.0,0.3327447891638894,0.6650608876230049,0.0657643717844429,0.2752277487357314,0.383331161870452,3225,256,0.0,False,0.0,0.0,0,,,,,-0.3743745771565905,0.2136588086310551,0.5880333857876456,0.6563721881969785,0.3415414367215614,0.7799809319174289,0.3299006772161578,0.6127013591366991,0.3327447891638894,0.6650608876230049,0.0593167071317066,0.8332779247660567,256.0,1,0.00390625,0,0,,,,,,,,,,,,0.05,0.1,0.2752277487357314,0.0657643717844429,0.383331161870452,,,0.43359375,0.1171875,0.37890625
abf_fr_information_oracle|tt=information_oracle|g=0.001|eta=0.1|bi=0.909091|sf=0.954545|fe=500|seed=6001,abf_fr_information_oracle|tt=information_oracle|g=0.001|eta=0.1|bi=0.909091|sf=0.954545|fe=500,abf_fr_information_oracle,information_oracle,6001,0.001,0.1,0.9090909090909092,0.9545454545454544,500,4000,8.0,0.3171418392200276,0.6286013443459443,0.0686345024248651,0.2756529922167894,0.368551054492968,3483,256,0.0,False,0.0,0.0,0,,,,,-0.3491513930483343,0.2136588086310551,0.5628102016793894,0.6230847835552602,0.325206707337175,0.740401600593646,0.3143826587357542,0.5795782376173684,0.3171418392200276,0.6286013443459443,0.057880598736022,0.8089084041521264,256.0,1,0.00390625,0,0,,,,,,,,,,,,0.05,0.1,0.2756529922167894,0.0686345024248651,0.368551054492968,,,0.4296875,0.11328125,0.3828125
abf_fr_information_oracle|tt=information_oracle|g=0.001|eta=0.1|bi=0.909091|sf=0.954545|fe=500|seed=6001,abf_fr_information_oracle|tt=information_oracle|g=0.001|eta=0.1|bi=0.909091|sf=0.954545|fe=500,abf_fr_information_oracle,information_oracle,6001,0.001,0.1,0.9090909090909092,0.9545454545454544,500,4500,9.0,0.287093619024178,0.5771048830055656,0.0764017286339544,0.2750144839741681,0.3786489488872397,3835,256,0.0,False,0.0,0.0,0,,,,,-0.2895614191855387,0.2136588086310551,0.5032202278165938,0.5712910412232494,0.2951259598359853,0.6806251010345281,0.2844150727840328,0.5329167368626232,0.287093619024178,0.5771048830055656,0.0550728786735985,0.7654270867884394,256.0,1,0.00390625,0,0,,,,,,,,,,,,0.05,0.1,0.2750144839741681,0.0764017286339544,0.3786489488872397,,,0.42578125,0.1015625,0.3671875
abf_fr_information_oracle|tt=information_oracle|g=0.001|eta=0.1|bi=0.909091|sf=0.954545|fe=500|seed=6001,abf_fr_information_oracle|tt=information_oracle|g=0.001|eta=0.1|bi=0.909091|sf=0.954545|fe=500,abf_fr_information_oracle,information_oracle,6001,0.001,0.1,0.9090909090909092,0.9545454545454544,500,5000,10.0,0.2731238247171058,0.5543924317863467,0.0735963130426302,0.2789657666187912,0.3770794570537747,4016,256,0.0,False,0.0,0.0,0,,,,,-0.2623028992073308,0.2136588086310551,0.475961707838386,0.5484724986023313,0.2816996648003052,0.6558944860632665,0.2697072251679682,0.5118905772257468,0.2731238247171058,0.5543924317863467,0.0546269728827903,0.7556028983072685,256.0,1,0.00390625,0,0,,,,,,,,,,,,0.05,0.1,0.2789657666187912,0.0735963130426302,0.3770794570537747,,,0.40234375,0.09765625,0.3671875
abf_fr_information_oracle|tt=information_oracle|g=0.001|eta=0.1|bi=0.909091|sf=0.954545|fe=500|seed=6001,abf_fr_information_oracle|tt=information_oracle|g=0.001|eta=0.1|bi=0.909091|sf=0.954545|fe=500,abf_fr_information_oracle,information_oracle,6001,0.001,0.1,0.9090909090909092,0.9545454545454544,500,5500,11.0,0.2654081318971266,0.5288815160024538,0.0602888516970619,0.2804998305601797,0.3788089055593755,4318,256,0.0,False,0.0,0.0,0,,,,,-0.2560819819976352,0.2136588086310551,0.4697407906286903,0.5250362017013824,0.2726990851670044,0.6272116390469428,0.2618101608865236,0.4885617809240047,0.2654081318971266,0.5288815160024538,0.0540281338091209,0.7370183185831424,256.0,1,0.00390625,0,0,,,,,,,,,,,,0.05,0.1,0.2804998305601797,0.0602888516970619,0.3788089055593755,,,0.40625,0.08984375,0.37109375
abf_fr_information_oracle|tt=information_oracle|g=0.001|eta=0.1|bi=0.909091|sf=0.954545|fe=500|seed=6001,abf_fr_information_oracle|tt=information_oracle|g=0.001|eta=0.1|bi=0.909091|sf=0.954545|fe=500,abf_fr_information_oracle,information_oracle,6001,0.001,0.1,0.9090909090909092,0.9545454545454544,500,6000,12.0,0.2527202779113842,0.5060103303042753,0.0596371847189025,0.2749144713658696,0.3901949204698041,4564,256,0.0,False,0.0,0.0,0,,,,,-0.2319461516929486,0.2136588086310551,0.4456049603240037,0.5033008127078918,0.2603193560431422,0.6015462348371197,0.2486655091260559,0.4676772426057895,0.2527202779113842,0.5060103303042753,0.0525510076236695,0.713453566587384,256.0,1,0.00390625,0,0,,,,,,,,,,,,0.05,0.1,0.2749144713658696,0.0596371847189025,0.3901949204698041,,,0.38671875,0.10546875,0.359375
abf_fr_information_oracle|tt=information_oracle|g=0.001|eta=0.1|bi=0.909091|sf=0.954545|fe=500|seed=6001,abf_fr_information_oracle|tt=information_oracle|g=0.001|eta=0.1|bi=0.909091|sf=0.954545|fe=500,abf_fr_information_oracle,information_oracle,6001,0.001,0.1,0.9090909090909092,0.9545454545454544,500,6500,13.0,0.2445082128394602,0.4864158597594015,0.0502664046195672,0.2619174747392172,0.387938801904248,4918,256,0.0,False,0.0,0.0,0,,,,,-0.2200355268346463,0.2136588086310551,0.4336943354657014,0.4855361962139265,0.2518126208165913,0.5789935064997406,0.2409069813432774,0.4497800418973189,0.2445082128394602,0.4864158597594015,0.0518632072334241,0.6983297149934472,256.0,1,0.00390625,0,0,,,,,,,,,,,,0.05,0.1,0.2619174747392172,0.0502664046195672,0.387938801904248,,,0.3828125,0.1171875,0.37109375
abf_fr_information_oracle|tt=information_oracle|g=0.001|eta=0.1|bi=0.909091|sf=0.954545|fe=500|seed=6001,abf_fr_information_oracle|tt=information_oracle|g=0.001|eta=0.1|bi=0.909091|sf=0.954545|fe=500,abf_fr_information_oracle,information_oracle,6001,0.001,0.1,0.9090909090909092,0.9545454545454544,500,7000,14.0,0.2343182419433258,0.468232691887605,0.0657635560239215,0.2792826216081386,0.3693232236407103,5173,256,0.0,False,0.0,0.0,0,,,,,-0.200038321743122,0.2136588086310551,0.4136971303741772,0.467338263363096,0.2416130799992591,0.5578860339666658,0.2305371641078856,0.4332030659310188,0.2343182419433258,0.468232691887605,0.0499045174360593,0.6750324509177348,256.0,1,0.00390625,0,0,,,,,,,,,,,,0.05,0.1,0.2792826216081386,0.0657635560239215,0.3693232236407103,,,0.43359375,0.09375,0.37109375
abf_fr_information_oracle|tt=information_oracle|g=0.001|eta=0.1|bi=0.909091|sf=0.954545|fe=500|seed=6001,abf_fr_information_oracle|tt=information_oracle|g=0.001|eta=0.1|bi=0.909091|sf=0.954545|fe=500,abf_fr_information_oracle,information_oracle,6001,0.001,0.1,0.9090909090909092,0.9545454545454544,500,7500,15.0,0.2292277911147686,0.4573643347073277,0.0621064882623402,0.2782581295696832,0.3851202113227635,5397,256,0.0,False,0.0,0.0,0,,,,,-0.1928627680505954,0.2136588086310551,0.4065215766816505,0.4565188250622723,0.2365094358458817,0.5454887256917987,0.225502506143176,0.4233128856022304,0.2292277911147686,0.4573643347073277,0.0491042659339862,0.6663153168134878,256.0,1,0.00390625,0,0,,,,,,,,,,,,0.05,0.1,0.2782581295696832,0.0621064882623402,0.3851202113227635,,,0.42578125,0.10546875,0.35546875
abf_fr_information_oracle|tt=information_oracle|g=0.001|eta=0.1|bi=0.909091|sf=0.954545|fe=500|seed=6001,abf_fr_information_oracle|tt=information_oracle|g=0.001|eta=0.1|bi=0.909091|sf=0.954545|fe=500,abf_fr_information_oracle,information_oracle,6001,0.001,0.1,0.9090909090909092,0.9545454545454544,500,8000,16.0,0.2194217935567951,0.4396139897596626,0.0737104930415068,0.2863412181394226,0.3902417413302954,5654,256,0.0,False,0.0,0.0,0,,,,,-0.1747997976569451,0.2136588086310551,0.3884586062880002,0.4388113177094118,0.2268565558119744,0.5247481856054962,0.2154886647351508,0.407283912377201,0.2194217935567951,0.4396139897596626,0.0485809154310986,0.6530384252680627,256.0,1,0.00390625,0,0,,,,,,,,,,,,0.05,0.1,0.2863412181394226,0.0737104930415068,0.3902417413302954,,,0.43359375,0.1015625,0.33203125
abf_fr_information_oracle|tt=information_oracle|g=0.001|eta=0.1|bi=0.909091|sf=0.954545|fe=500|seed=6001,abf_fr_information_oracle|tt=information_oracle|g=0.001|eta=0.1|bi=0.909091|sf=0.954545|fe=500,abf_fr_information_oracle,information_oracle,6001,0.001,0.1,0.9090909090909092,0.9545454545454544,500,8500,17.0,0.2130391179701573,0.427855499642692,0.0713276471240492,0.280356940658131,0.383654821265674,5970,256,0.0,False,0.0,0.0,0,,,,,-0.1631279117778028,0.2136588086310551,0.3767867204088579,0.4276782543237549,0.2204849047697483,0.5110567309189329,0.2092258663388586,0.3966832208671861,0.2130391179701573,0.427855499642692,0.047767368133315,0.6390041562532396,256.0,1,0.00390625,0,0,,,,,,,,,,,,0.05,0.1,0.280356940658131,0.0713276471240492,0.383654821265674,,,0.3984375,0.09765625,0.34375
abf_fr_information_oracle|tt=information_oracle|g=0.001|eta=0.1|bi=0.909091|sf=0.954545|fe=500|seed=6001,abf_fr_information_oracle|tt=information_oracle|g=0.001|eta=0.1|bi=0.909091|sf=0.954545|fe=500,abf_fr_information_oracle,information_oracle,6001,0.001,0.1,0.9090909090909092,0.9545454545454544,500,9000,18.0,0.2061843974014625,0.4133543949958305,0.0780719439277061,0.284285974041675,0.36096718844427,6230,256,0.0,False,0.0,0.0,0,,,,,-0.1514535901748033,0.2136588086310551,0.3651123988058584,0.4144490533731894,0.2134183175330477,0.4939620411196166,0.202731088396249,0.3836517608558745,0.2061843974014625,0.4133543949958305,0.0468476832499564,0.6216345093951111,256.0,1,0.00390625,0,0,,,,,,,,,,,,0.05,0.1,0.284285974041675,0.0780719439277061,0.36096718844427,,,0.4453125,0.08984375,0.3359375
abf_fr_information_oracle|tt=information_oracle|g=0.001|eta=0.1|bi=0.909091|sf=0.954545|fe=500|seed=6001,abf_fr_information_oracle|tt=information_oracle|g=0.001|eta=0.1|bi=0.909091|sf=0.954545|fe=500,abf_fr_information_oracle,information_oracle,6001,0.001,0.1,0.9090909090909092,0.9545454545454544,500,9500,19.0,0.2009904629250733,0.3987937691977252,0.0804066635898238,0.2845881860963062,0.3744296385366972,6459,256,0.0,False,0.0,0.0,0,,,,,-0.1446484896870501,0.2136588086310551,0.3583072983181052,0.4016084731886264,0.2075297175248379,0.476581221406085,0.1980144660094121,0.3705681055581791,0.2009904629250733,0.3987937691977252,0.0457318668503524,0.6003643654369226,256.0,1,0.00390625,0,0,,,,,,,,,,,,0.05,0.1,0.2845881860963062,0.0804066635898238,0.3744296385366972,,,0.421875,0.09375,0.36328125
abf_fr_information_oracle|tt=information_oracle|g=0.001|eta=0.1|bi=0.909091|sf=0.954545|fe=500|seed=6001,abf_fr_information_oracle|tt=information_oracle|g=0.001|eta=0.1|bi=0.909091|sf=0.954545|fe=500,abf_fr_information_oracle,information_oracle,6001,0.001,0.1,0.9090909090909092,0.9545454545454544,500,10000,20.0,0.1910679867620498,0.3824137260853341,0.0796737934364968,0.2910624120985866,0.3797535233927885,6642,256,0.001,True,0.0,0.0,0,0.0,1.0667993342529667,-3.445781714610595,1.362946526091267,-0.1237081649374687,0.2136588086310551,0.3373669735685238,0.385490908328375,0.1976435464734568,0.4571330610722964,0.1880748931069484,0.3558820784191073,0.1910679867620498,0.3824137260853341,0.043737135071965,0.5763515220988785,256.0,1,0.00390625,1,0,0.0,-3.382732340134737,-3.382732340134737,-1.527889014728158,-1.527889014728158,0.1638594284783532,0.1638594284783532,1.1688580658346217,1.1688580658346217,1.3594275609212132,1.3594275609212132,0.05,0.1,0.2910624120985866,0.0796737934364968,0.3797535233927885,1.0667993342529667,1.362946526091267,0.43359375,0.0625,0.34765625
abf_fr_information_oracle|tt=information_oracle|g=0.001|eta=0.1|bi=0.909091|sf=0.954545|fe=500|seed=6001,abf_fr_information_oracle|tt=information_oracle|g=0.001|eta=0.1|bi=0.909091|sf=0.954545|fe=500,abf_fr_information_oracle,information_oracle,6001,0.001,0.1,0.9090909090909092,0.9545454545454544,500,10500,21.0,0.1873904569180513,0.3712114668262863,0.06742209706745,0.2853537107942395,0.3860324027449259,6788,256,0.0,False,0.0,0.0,0,,,,,-0.1192157641055331,0.2136588086310551,0.3328745727365882,0.3750425363487847,0.1933325082026019,0.4440186444507443,0.1847768398945315,0.3457749558170965,0.1873904569180513,0.3712114668262863,0.042815638459069,0.5615363089100431,256.0,1,0.00390625,1,0,,,,,,,,,,,,0.05,0.1,0.2853537107942395,0.06742209706745,0.3860324027449259,,,0.421875,0.09375,0.32421875
abf_fr_information_oracle|tt=information_oracle|g=0.001|eta=0.1|bi=0.909091|sf=0.954545|fe=500|seed=6001,abf_fr_information_oracle|tt=information_oracle|g=0.001|eta=0.1|bi=0.909091|sf=0.954545|fe=500,abf_fr_information_oracle,information_oracle,6001,0.001,0.1,0.9090909090909092,0.9545454545454544,500,11000,22.0,0.1798008767175154,0.3539223538465547,0.0787431188872058,0.2915479754891459,0.3745149838986575,6988,256,0.0,False,0.0,0.0,0,,,,,-0.1065833682002264,0.2136588086310551,0.3202421768312815,0.3596046288188881,0.1854388933138802,0.4235166922664819,0.1772811303315618,0.3303898993262782,0.1798008767175154,0.3539223538465547,0.0411944396400003,0.5353588290557034,256.0,1,0.00390625,1,0,,,,,,,,,,,,0.05,0.1,0.2915479754891459,0.0787431188872058,0.3745149838986575,,,0.4140625,0.08203125,0.34375
abf_fr_information_oracle|tt=information_oracle|g=0.001|eta=0.1|bi=0.909091|sf=0.954545|fe=500|seed=6002,abf_fr_information_oracle|tt=information_oracle|g=0.001|eta=0.1|bi=0.909091|sf=0.954545|fe=500,abf_fr_information_oracle,information_oracle,6002,0.001,0.1,0.9090909090909092,0.9545454545454544,500,0,0.0,2.906603863987052,6.564657815288973,0.0461194891710618,0.2448804314041955,0.3990255452398891,0,256,0.0,False,0.0,0.0,0,,,,,0.0,0.2136588086310551,0.2136588086310551,1.8839792970692677,0.7722826132658906,3.487298309594125,5.408116675855963,9.381946420303988,2.906603863987052,6.564657815288973,0.037083496902375,0.7293641473133242,256.0,1,0.00390625,0,0,,,,,,,,,,,,0.05,0.1,0.2448804314041955,0.0461194891710618,0.3990255452398891,,,0.359375,0.18359375,0.3203125
abf_fr_information_oracle|tt=information_oracle|g=0.001|eta=0.1|bi=0.909091|sf=0.954545|fe=500|seed=6002,abf_fr_information_oracle|tt=information_oracle|g=0.001|eta=0.1|bi=0.909091|sf=0.954545|fe=500,abf_fr_information_oracle,information_oracle,6002,0.001,0.1,0.9090909090909092,0.9545454545454544,500,500,1.0,0.504771206970899,1.3391897001524269,0.1000480999945386,0.2903263079286051,0.3541559781883503,472,256,0.0,False,0.0,0.0,0,,,,,0.2612553038790324,0.2136588086310551,0.0475964952479772,1.4108505664264708,0.5829479483153296,1.4634852951146822,0.5012281257565736,1.2308070858429163,0.504771206970899,1.3391897001524269,0.0588411003117542,0.9083372718862316,256.0,1,0.00390625,0,0,,,,,,,,,,,,0.05,0.1,0.2903263079286051,0.1000480999945386,0.3541559781883503,,,0.39453125,0.140625,0.36328125
abf_fr_information_oracle|tt=information_oracle|g=0.001|eta=0.1|bi=0.909091|sf=0.954545|fe=500|seed=6002,abf_fr_information_oracle|tt=information_oracle|g=0.001|eta=0.1|bi=0.909091|sf=0.954545|fe=500,abf_fr_information_oracle,information_oracle,6002,0.001,0.1,0.9090909090909092,0.9545454545454544,500,1000,2.0,0.4220115641340005,1.156406276337924,0.0949884010413998,0.2992839859958868,0.3530003768518749,1050,256,0.0,False,0.0,0.0,0,,,,,0.2255463459416873,0.2136588086310551,0.0118875373106321,1.2037574635727992,0.4942045038416774,1.3123993914766403,0.4026381205134362,1.0617519345510056,0.4220115641340005,1.156406276337924,0.0680382103982946,1.0226457778282203,256.0,1,0.00390625,0,0,,,,,,,,,,,,0.05,0.1,0.2992839859958868,0.0949884010413998,0.3530003768518749,,,0.4296875,0.1171875,0.390625
abf_fr_information_oracle|tt=information_oracle|g=0.001|eta=0.1|bi=0.909091|sf=0.954545|fe=500|seed=6002,abf_fr_information_oracle|tt=information_oracle|g=0.001|eta=0.1|bi=0.909091|sf=0.954545|fe=500,abf_fr_information_oracle,information_oracle,6002,0.001,0.1,0.9090909090909092,0.9545454545454544,500,1500,3.0,0.370549447301594,1.0235173721645423,0.0954607249651333,0.2884622169844891,0.3643135467602738,1406,256,0.0,False,0.0,0.0,0,,,,,0.176797735398992,0.2136588086310551,0.0368610732320631,1.0618149540607047,0.4359457425908483,1.1934132473500272,0.3434581773248292,0.9392500764632432,0.370549447301594,1.0235173721645423,0.0707399275698505,1.0490061921368374,256.0,1,0.00390625,0,0,,,,,,,,,,,,0.05,0.1,0.2884622169844891,0.0954607249651333,0.3643135467602738,,,0.42578125,0.09765625,0.41796875
abf_fr_information_oracle|tt=information_oracle|g=0.001|eta=0.1|bi=0.909091|sf=0.954545|fe=500|seed=6002,abf_fr_information_oracle|tt=information_oracle|g=0.001|eta=0.1|bi=0.909091|sf=0.954545|fe=500,abf_fr_information_oracle,information_oracle,6002,0.001,0.1,0.9090909090909092,0.9545454545454544,500,2000,4.0,0.3300904544307206,0.9195083337779236,0.0912646380264468,0.2991350402166973,0.3719678512857239,1791,256,0.0,False,0.0,0.0,0,,,,,0.2063619394446476,0.2136588086310551,0.0072968691864074,0.9468479184733032,0.3877527888830377,1.0827542329292263,0.3034904263318344,0.8439507069351062,0.3300904544307206,0.9195083337779236,0.0716227049141113,1.0487091355259226,256.0,1,0.00390625,0,0,,,,,,,,,,,,0.05,0.1,0.2991350402166973,0.0912646380264468,0.3719678512857239,,,0.43359375,0.09765625,0.41015625
abf_fr_information_oracle|tt=information_oracle|g=0.001|eta=0.1|bi=0.909091|sf=0.954545|fe=500|seed=6002,abf_fr_information_oracle|tt=information_oracle|g=0.001|eta=0.1|bi=0.909091|sf=0.954545|fe=500,abf_fr_information_oracle,information_oracle,6002,0.001,0.1,0.9090909090909092,0.9545454545454544,500,2500,5.0,0.3095833605985519,0.8675725613611776,0.0951722706711045,0.3022542163489451,0.3492988599025275,2102,256,0.0,False,0.0,0.0,0,,,,,0.2152850266478054,0.2136588086310551,0.0016262180167503,0.8852279721304345,0.36305805453268,1.0260321413439617,0.283703472235578,0.7959894377699612,0.3095833605985519,0.8675725613611776,0.0716732810844676,1.0348890443812728,256.0,1,0.00390625,0,0,,,,,,,,,,,,0.05,0.1,0.3022542163489451,0.0951722706711045,0.3492988599025275,,,0.45703125,0.0859375,0.3984375
abf_fr_information_oracle|tt=information_oracle|g=0.001|eta=0.1|bi=0.909091|sf=0.954545|fe=500|seed=6002,abf_fr_information_oracle|tt=information_oracle|g=0.001|eta=0.1|bi=0.909091|sf=0.954545|fe=500,abf_fr_information_oracle,information_oracle,6002,0.001,0.1,0.9090909090909092,0.9545454545454544,500,3000,6.0,0.2804425706916487,0.788979815551266,0.0965647586109952,0.2927105151653706,0.3764172942521084,2350,256,0.0,False,0.0,0.0,0,,,,,0.2064521852439149,0.2136588086310551,0.0072066233871401,0.8023215177938106,0.3287274975401307,0.9363956141736256,0.2564154326221697,0.7244424870995206,0.2804425706916487,0.788979815551266,0.0688953538787431,0.9874622540665574,256.0,1,0.00390625,0,0,,,,,,,,,,,,0.05,0.1,0.2927105151653706,0.0965647586109952,0.3764172942521084,,,0.4140625,0.08203125,0.41015625
abf_fr_information_oracle|tt=information_oracle|g=0.001|eta=0.1|bi=0.909091|sf=0.954545|fe=500|seed=6002,abf_fr_information_oracle|tt=information_oracle|g=0.001|eta=0.1|bi=0.909091|sf=0.954545|fe=500,abf_fr_information_oracle,information_oracle,6002,0.001,0.1,0.9090909090909092,0.9545454545454544,500,3500,7.0,0.2617644534726865,0.7383311831171017,0.0724904108950408,0.2870165493629527,0.379990195928932,2565,256,0.0,False,0.0,0.0,0,,,,,0.2315472145956825,0.2136588086310551,0.0178884059646273,0.7451402476647825,0.3060336137854571,0.8799367587606001,0.2391477477670058,0.6780697106740474,0.2617644534726865,0.7383311831171017,0.0675454918555984,0.9583107000703192,256.0,1,0.00390625,0,0,,,,,,,,,,,,0.05,0.1,0.2870165493629527,0.0724904108950408,0.379990195928932,,,0.44140625,0.078125,0.41015625
abf_fr_information_oracle|tt=information_oracle|g=0.001|eta=0.1|bi=0.909091|sf=0.954545|fe=500|seed=6002,abf_fr_information_oracle|tt=information_oracle|g=0.001|eta=0.1|bi=0.909091|sf=0.954545|fe=500,abf_fr_information_oracle,information_oracle,6002,0.001,0.1,0.9090909090909092,0.9545454545454544,500,4000,8.0,0.2440075457367746,0.6905139433194023,0.0758197326486666,0.2938682866181228,0.3827709440156549,2786,256,0.0,False,0.0,0.0,0,,,,,0.2337936297211023,0.2136588086310551,0.0201348210900471,0.695104915490193,0.2851473328383619,0.8240216839904195,0.2228112240799367,0.634455251251551,0.2440075457367746,0.6905139433194023,0.065306236203031,0.9206213839573122,256.0,1,0.00390625,0,0,,,,,,,,,,,,0.05,0.1,0.2938682866181228,0.0758197326486666,0.3827709440156549,,,0.41796875,0.0859375,0.3984375
abf_fr_information_oracle|tt=information_oracle|g=0.001|eta=0.1|bi=0.909091|sf=0.954545|fe=500|seed=6002,abf_fr_information_oracle|tt=information_oracle|g=0.001|eta=0.1|bi=0.909091|sf=0.954545|fe=500,abf_fr_information_oracle,information_oracle,6002,0.001,0.1,0.9090909090909092,0.9545454545454544,500,4500,9.0,0.2302839986785881,0.6524227467069,0.0889563442404607,0.2978671096779801,0.3833437629502845,3073,256,0.0,False,0.0,0.0,0,,,,,0.2547322243313026,0.2136588086310551,0.0410734157002474,0.6536364145695911,0.2683756017556884,0.7793260265206033,0.2104646954607403,0.5996600705839823,0.2302839986785881,0.6524227467069,0.0642417121695683,0.8988090912702001,256.0,1,0.00390625,0,0,,,,,,,,,,,,0.05,0.1,0.2978671096779801,0.0889563442404607,0.3833437629502845,,,0.3984375,0.05859375,0.41796875
abf_fr_information_oracle|tt=information_oracle|g=0.001|eta=0.1|bi=0.909091|sf=0.954545|fe=500|seed=6002,abf_fr_information_oracle|tt=information_oracle|g=0.001|eta=0.1|bi=0.909091|sf=0.954545|fe=500,abf_fr_information_oracle,information_oracle,6002,0.001,0.1,0.9090909090909092,0.9545454545454544,500,5000,10.0,0.2218483647831387,0.6306280434145604,0.0894653180204822,0.3003169653576187,0.3632244215547195,3225,256,0.0,False,0.0,0.0,0,,,,,0.2515437618350518,0.2136588086310551,0.0378849532039966,0.6307809427028215,0.2585569251977181,0.7542867756726963,0.202697182226506,0.5798295661839211,0.2218483647831387,0.6306280434145604,0.0627538402281931,0.8772485379567178,256.0,1,0.00390625,0,0,,,,,,,,,,,,0.05,0.1,0.3003169653576187,0.0894653180204822,0.3632244215547195,,,0.421875,0.05859375,0.40234375
abf_fr_information_oracle|tt=information_oracle|g=0.001|eta=0.1|bi=0.909091|sf=0.954545|fe=500|seed=6002,abf_fr_information_oracle|tt=information_oracle|g=0.001|eta=0.1|bi=0.909091|sf=0.954545|fe=500,abf_fr_information_oracle,information_oracle,6002,0.001,0.1,0.9090909090909092,0.9545454545454544,500,5500,11.0,0.2131995711505186,0.6065026931651404,0.0785540475935445,0.3013936678397035,0.3734692014503304,3433,256,0.0,False,0.0,0.0,0,,,,,0.2567903997685334,0.2136588086310551,0.0431315911374783,0.6044690810305818,0.2480559897297505,0.7263058263539564,0.1948860273547737,0.5577507030366985,0.2131995711505186,0.6065026931651404,0.0614924565624118,0.8570847619298565,256.0,1,0.00390625,0,0,,,,,,,,,,,,0.05,0.1,0.3013936678397035,0.0785540475935445,0.3734692014503304,,,0.421875,0.0625,0.39453125
abf_fr_information_oracle|tt=information_oracle|g=0.001|eta=0.1|bi=0.909091|sf=0.954545|fe=500|seed=6002,abf_fr_information_oracle|tt=information_oracle|g=0.001|eta=0.1|bi=0.909091|sf=0.954545|fe=500,abf_fr_information_oracle,information_oracle,6002,0.001,0.1,0.9090909090909092,0.9545454545454544,500,6000,12.0,0.2064848627806481,0.5881739208842821,0.0822984195546068,0.2982395554158078,0.3726189266608867,3577,256,0.0,False,0.0,0.0,0,,,,,0.2492932126438773,0.2136588086310551,0.0356344040128222,0.5852356455372888,0.2401984054834384,0.7051766533542856,0.1887149377605239,0.5409570412568715,0.2064848627806481,0.5881739208842821,0.0607002586367053,0.8432055695363605,256.0,1,0.00390625,0,0,,,,,,,,,,,,0.05,0.1,0.2982395554158078,0.0822984195546068,0.3726189266608867,,,0.390625,0.07421875,0.40625
abf_fr_information_oracle|tt=information_oracle|g=0.001|eta=0.1|bi=0.909091|sf=0.954545|fe=500|seed=6002,abf_fr_information_oracle|tt=information_oracle|g=0.001|eta=0.1|bi=0.909091|sf=0.954545|fe=500,abf_fr_information_oracle,information_oracle,6002,0.001,0.1,0.9090909090909092,0.9545454545454544,500,6500,13.0,0.1974745456809938,0.5651482977135677,0.0794903707458144,0.2970360284002051,0.3867898854997746,3794,256,0.0,False,0.0,0.0,0,,,,,0.2430532082464296,0.2136588086310551,0.0293943996153744,0.5612260880094202,0.2299319377539898,0.6778187769203752,0.1803861593182841,0.5200735945534265,0.1974745456809938,0.5651482977135677,0.0598268864724532,0.8258749340852316,256.0,1,0.00390625,0,0,,,,,,,,,,,,0.05,0.1,0.2970360284002051,0.0794903707458144,0.3867898854997746,,,0.40625,0.0546875,0.40234375
abf_fr_information_oracle|tt=information_oracle|g=0.001|eta=0.1|bi=0.909091|sf=0.954545|fe=500|seed=6002,abf_fr_information_oracle|tt=information_oracle|g=0.001|eta=0.1|bi=0.909091|sf=0.954545|fe=500,abf_fr_information_oracle,information_oracle,6002,0.001,0.1,0.9090909090909092,0.9545454545454544,500,7000,14.0,0.1879029808954121,0.5380971506774672,0.0856946405137741,0.2980213508099364,0.363039142477868,3956,256,0.0,False,0.0,0.0,0,,,,,0.246627995558466,0.2136588086310551,0.0329691869274109,0.5343165204081053,0.2187448337081933,0.6456465690380823,0.1717994406438515,0.4955426744103582,0.1879029808954121,0.5380971506774672,0.0577533003048926,0.7959668901029952,256.0,1,0.00390625,0,0,,,,,,,,,,,,0.05,0.1,0.2980213508099364,0.0856946405137741,0.363039142477868,,,0.39453125,0.07421875,0.34375
abf_fr_information_oracle|tt=information_oracle|g=0.001|eta=0.1|bi=0.909091|sf=0.954545|fe=500|seed=6002,abf_fr_information_oracle|tt=information_oracle|g=0.001|eta=0.1|bi=0.909091|sf=0.954545|fe=500,abf_fr_information_oracle,information_oracle,6002,0.001,0.1,0.9090909090909092,0.9545454545454544,500,7500,15.0,0.1800534845173784,0.5146646831375976,0.0764484043071386,0.2886660288053401,0.4029468233548317,4141,256,0.0,False,0.0,0.0,0,,,,,0.2440858947020423,0.2136588086310551,0.0304270860709872,0.5118595311633728,0.2095961729919533,0.6177076206331525,0.1647253069224251,0.474349272972264,0.1800534845173784,0.5146646831375976,0.0564632529698041,0.7714944848741659,256.0,1,0.00390625,0,0,,,,,,,,,,,,0.05,0.1,0.2886660288053401,0.0764484043071386,0.4029468233548317,,,0.41015625,0.06640625,0.33984375
abf_fr_information_oracle|tt=information_oracle|g=0.001|eta=0.1|bi=0.909091|sf=0.954545|fe=500|seed=6002,abf_fr_information_oracle|tt=information_oracle|g=0.001|eta=0.1|bi=0.909091|sf=0.954545|fe=500,abf_fr_information_oracle,information_oracle,6002,0.001,0.1,0.9090909090909092,0.9545454545454544,500,8000,16.0,0.1739609930850061,0.4948661012958958,0.0785585121617125,0.2956053600066418,0.4025411797066193,4330,256,0.0,False,0.0,0.0,0,,,,,0.2528205226043312,0.2136588086310551,0.039161713973276,0.4922921596800736,0.2019676788731725,0.5942385028755109,0.1594631846050336,0.4563975276762435,0.1739609930850061,0.4948661012958958,0.0546811816468999,0.7463793025972855,256.0,1,0.00390625,0,0,,,,,,,,,,,,0.05,0.1,0.2956053600066418,0.0785585121617125,0.4025411797066193,,,0.40234375,0.0703125,0.3671875
abf_fr_information_oracle|tt=information_oracle|g=0.001|eta=0.1|bi=0.909091|sf=0.954545|fe=500|seed=6002,abf_fr_information_oracle|tt=information_oracle|g=0.001|eta=0.1|bi=0.909091|sf=0.954545|fe=500,abf_fr_information_oracle,information_oracle,6002,0.001,0.1,0.9090909090909092,0.9545454545454544,500,8500,17.0,0.1681173729165998,0.474142502645945,0.0740918766639298,0.2918633929744487,0.3822125056770484,4552,256,0.0,False,0.0,0.0,0,,,,,0.2706807767676196,0.2136588086310551,0.0570219681365644,0.4725836595444049,0.1944653776386674,0.569566374187491,0.1545901678991177,0.4377086292836417,0.1681173729165998,0.474142502645945,0.0533202533448329,0.7217320734313033,256.0,1,0.00390625,0,0,,,,,,,,,,,,0.05,0.1,0.2918633929744487,0.0740918766639298,0.3822125056770484,,,0.4140625,0.0625,0.3359375
abf_fr_information_oracle|tt=information_oracle|g=0.001|eta=0.1|bi=0.909091|sf=0.954545|fe=500|seed=6002,abf_fr_information_oracle|tt=information_oracle|g=0.001|eta=0.1|bi=0.909091|sf=0.954545|fe=500,abf_fr_information_oracle,information_oracle,6002,0.001,0.1,0.9090909090909092,0.9545454545454544,500,9000,18.0,0.1601900317117779,0.4502436285806665,0.0867509992227152,0.3052801107501648,0.3895605124604564,4689,256,0.0,False,0.0,0.0,0,,,,,0.271913637708117,0.2136588086310551,0.0582548290770619,0.4487113486695322,0.1851622058811285,0.5409218248039154,0.1474394736393626,0.4162019470309136,0.1601900317117779,0.4502436285806665,0.0516565681913256,0.6935216110047959,256.0,1,0.00390625,0,0,,,,,,,,,,,,0.05,0.1,0.3052801107501648,0.0867509992227152,0.3895605124604564,,,0.40234375,0.046875,0.38671875
abf_fr_information_oracle|tt=information_oracle|g=0.001|eta=0.1|bi=0.909091|sf=0.954545|fe=500|seed=6002,abf_fr_information_oracle|tt=information_oracle|g=0.001|eta=0.1|bi=0.909091|sf=0.954545|fe=500,abf_fr_information_oracle,information_oracle,6002,0.001,0.1,0.9090909090909092,0.9545454545454544,500,9500,19.0,0.1547088016088269,0.434680260878771,0.0720485319828927,0.2960598789285845,0.3962327667571458,4896,256,0.0,False,0.0,0.0,0,,,,,0.2743272775663676,0.2136588086310551,0.0606684689353125,0.4327541698329608,0.1786946508893963,0.5222378226306099,0.1424436693983399,0.402188355643937,0.1547088016088269,0.434680260878771,0.0504794274577731,0.6749769945608067,256.0,1,0.00390625,0,0,,,,,,,,,,,,0.05,0.1,0.2960598789285845,0.0720485319828927,0.3962327667571458,,,0.40234375,0.07421875,0.359375
abf_fr_information_oracle|tt=information_oracle|g=0.001|eta=0.1|bi=0.909091|sf=0.954545|fe=500|seed=6002,abf_fr_information_oracle|tt=information_oracle|g=0.001|eta=0.1|bi=0.909091|sf=0.954545|fe=500,abf_fr_information_oracle,information_oracle,6002,0.001,0.1,0.9090909090909092,0.9545454545454544,500,10000,20.0,0.1501032356543377,0.4192358773349807,0.0823970813869788,0.2935106638960669,0.3858476830623781,5027,256,0.001,True,0.0,0.0,0,5.898059818321144e-17,0.957978687728238,-3.483238012710496,1.3037492040661969,0.2804964205210645,0.2136588086310551,0.0668376118900093,0.4178718084098917,0.1729266127123499,0.5037441124697627,0.1384637476073279,0.3882622334957584,0.1501032356543377,0.4192358773349807,0.0490845436934146,0.6540264589674817,256.0,1,0.00390625,1,0,0.0,-3.1909820638187267,-3.1909820638187267,-1.0175041701528846,-1.0175041701528846,0.2190251258478588,0.2190251258478588,1.0438461257545155,1.0438461257545155,1.29628419517721,1.29628419517721,0.05,0.1,0.2935106638960669,0.0823970813869788,0.3858476830623781,0.957978687728238,1.3037492040661969,0.40625,0.04296875,0.40234375
abf_fr_information_oracle|tt=information_oracle|g=0.001|eta=0.1|bi=0.909091|sf=0.954545|fe=500|seed=6002,abf_fr_information_oracle|tt=information_oracle|g=0.001|eta=0.1|bi=0.909091|sf=0.954545|fe=500,abf_fr_information_oracle,information_oracle,6002,0.001,0.1,0.9090909090909092,0.9545454545454544,500,10500,21.0,0.1438616191895197,0.4001702991792377,0.0712547915831828,0.2822663918391985,0.3945287208419231,5177,256,0.0,False,0.0,0.0,0,,,,,0.2765836397298571,0.2136588086310551,0.0629248310988019,0.3996584889365419,0.1656469514080993,0.4808648150105768,0.1328230759932529,0.3711047016194741,0.1438616191895197,0.4001702991792377,0.0475862739055953,0.6266830045824907,256.0,1,0.00390625,1,0,,,,,,,,,,,,0.05,0.1,0.2822663918391985,0.0712547915831828,0.3945287208419231,,,0.359375,0.0703125,0.39453125
abf_fr_information_oracle|tt=information_oracle|g=0.001|eta=0.1|bi=0.909091|sf=0.954545|fe=500|seed=6002,abf_fr_information_oracle|tt=information_oracle|g=0.001|eta=0.1|bi=0.909091|sf=0.954545|fe=500,abf_fr_information_oracle,information_oracle,6002,0.001,0.1,0.9090909090909092,0.9545454545454544,500,11000,22.0,0.135448342672719,0.3785400646745087,0.0804668304619,0.2915676350624445,0.3897395829492231,5353,256,0.0,False,0.0,0.0,0,,,,,0.2638280018959982,0.2136588086310551,0.050169193264943,0.3801315577573025,0.1564707291755974,0.4548461731097482,0.1248323904877157,0.3518237126367963,0.135448342672719,0.3785400646745087,0.0450565502256459,0.5951583923605812,256.0,1,0.00390625,1,0,,,,,,,,,,,,0.05,0.1,0.2915676350624445,0.0804668304619,0.3897395829492231,,,0.38671875,0.0703125,0.40234375
abf_fr_information_oracle|tt=information_oracle|g=0.001|eta=0.1|bi=0.909091|sf=0.954545|fe=500|seed=6003,abf_fr_information_oracle|tt=information_oracle|g=0.001|eta=0.1|bi=0.909091|sf=0.954545|fe=500,abf_fr_information_oracle,information_oracle,6003,0.001,0.1,0.9090909090909092,0.9545454545454544,500,0,0.0,2.906603863987052,6.564657815288973,0.0456026583803901,0.2346433902552918,0.399661267384418,0,256,0.0,False,0.0,0.0,0,,,,,0.0,0.2136588086310551,0.2136588086310551,1.8839792970692677,0.7722826132658906,3.487298309594125,5.408116675855963,9.381946420303988,2.906603863987052,6.564657815288973,0.037083496902375,0.7293641473133242,256.0,1,0.00390625,0,0,,,,,,,,,,,,0.05,0.1,0.2346433902552918,0.0456026583803901,0.399661267384418,,,0.32421875,0.1640625,0.35546875
abf_fr_information_oracle|tt=information_oracle|g=0.001|eta=0.1|bi=0.909091|sf=0.954545|fe=500|seed=6003,abf_fr_information_oracle|tt=information_oracle|g=0.001|eta=0.1|bi=0.909091|sf=0.954545|fe=500,abf_fr_information_oracle,information_oracle,6003,0.001,0.1,0.9090909090909092,0.9545454545454544,500,500,1.0,0.5122389733948105,1.3818867771047263,0.0929649900552988,0.2825765277280027,0.366791331388698,609,256,0.0,False,0.0,0.0,0,,,,,0.3231443747435349,0.2136588086310551,0.1094855661124798,1.4419148880502115,0.588656906278029,1.4927838588483633,0.5182535209401739,1.275410638657361,0.5122389733948105,1.3818867771047263,0.0598832209453007,0.9826809911939058,256.0,1,0.00390625,0,0,,,,,,,,,,,,0.05,0.1,0.2825765277280027,0.0929649900552988,0.366791331388698,,,0.37109375,0.16796875,0.3828125
abf_fr_information_oracle|tt=information_oracle|g=0.001|eta=0.1|bi=0.909091|sf=0.954545|fe=500|seed=6003,abf_fr_information_oracle|tt=information_oracle|g=0.001|eta=0.1|bi=0.909091|sf=0.954545|fe=500,abf_fr_information_oracle,information_oracle,6003,0.001,0.1,0.9090909090909092,0.9545454545454544,500,1000,2.0,0.4426836268807633,1.221220342929836,0.1081478328334351,0.2828056124063331,0.3672547683409099,1097,256,0.0,False,0.0,0.0,0,,,,,0.2770810800186751,0.2136588086310551,0.06342227138762,1.267445440753648,0.5189344023534623,1.3851256691177738,0.4239734215854219,1.122271539390565,0.4426836268807633,1.221220342929836,0.0696443521954221,1.069733261316267,256.0,1,0.00390625,0,0,,,,,,,,,,,,0.05,0.1,0.2828056124063331,0.1081478328334351,0.3672547683409099,,,0.390625,0.14453125,0.40625
abf_fr_information_oracle|tt=information_oracle|g=0.001|eta=0.1|bi=0.909091|sf=0.954545|fe=500|seed=6003,abf_fr_information_oracle|tt=information_oracle|g=0.001|eta=0.1|bi=0.909091|sf=0.954545|fe=500,abf_fr_information_oracle,information_oracle,6003,0.001,0.1,0.9090909090909092,0.9545454545454544,500,1500,3.0,0.4024301825259412,1.125215557821572,0.101050468060995,0.2864434899489435,0.358935296657109,1598,256,0.0,False,0.0,0.0,0,,,,,0.2618510321274137,0.2136588086310551,0.0481922234963585,1.1546021947165188,0.4731579325918549,1.300226062268344,0.3783308043505598,1.0341088961747993,0.4024301825259412,1.125215557821572,0.0711237847378269,1.0830905046815067,256.0,1,0.00390625,0,0,,,,,,,,,,,,0.05,0.1,0.2864434899489435,0.101050468060995,0.358935296657109,,,0.40625,0.11328125,0.4375
abf_fr_information_oracle|tt=information_oracle|g=0.001|eta=0.1|bi=0.909091|sf=0.954545|fe=500|seed=6003,abf_fr_information_oracle|tt=information_oracle|g=0.001|eta=0.1|bi=0.909091|sf=0.954545|fe=500,abf_fr_information_oracle,information_oracle,6003,0.001,0.1,0.9090909090909092,0.9545454545454544,500,2000,4.0,0.3674231905620627,1.031896603728384,0.109184048676505,0.3038124564054514,0.3483199530508338,1942,256,0.0,False,0.0,0.0,0,,,,,0.1841465894644152,0.2136588086310551,0.0295122191666399,1.054779817057255,0.4315941493534061,1.2066980528245062,0.3415349344053109,0.9483051857930174,0.3674231905620627,1.031896603728384,0.0720446745915041,1.0780590238297771,256.0,1,0.00390625,0,0,,,,,,,,,,,,0.05,0.1,0.3038124564054514,0.109184048676505,0.3483199530508338,,,0.40625,0.09375,0.453125
abf_fr_information_oracle|tt=information_oracle|g=0.001|eta=0.1|bi=0.909091|sf=0.954545|fe=500|seed=6003,abf_fr_information_oracle|tt=information_oracle|g=0.001|eta=0.1|bi=0.909091|sf=0.954545|fe=500,abf_fr_information_oracle,information_oracle,6003,0.001,0.1,0.9090909090909092,0.9545454545454544,500,2500,5.0,0.3424951443483953,0.9568813764930016,0.1057777694177433,0.3096827034193962,0.3600504424866137,2254,256,0.0,False,0.0,0.0,0,,,,,0.1660491053176613,0.2136588086310551,0.0476097033133937,0.9803717986108026,0.4015923245730556,1.1293690662906368,0.3152544615829266,0.8790078802174885,0.3424951443483953,0.9568813764930016,0.0718840649388211,1.0618398184344977,256.0,1,0.00390625,0,0,,,,,,,,,,,,0.05,0.1,0.3096827034193962,0.1057777694177433,0.3600504424866137,,,0.4140625,0.06640625,0.44140625
abf_fr_information_oracle|tt=information_oracle|g=0.001|eta=0.1|bi=0.909091|sf=0.954545|fe=500|seed=6003,abf_fr_information_oracle|tt=information_oracle|g=0.001|eta=0.1|bi=0.909091|sf=0.954545|fe=500,abf_fr_information_oracle,information_oracle,6003,0.001,0.1,0.9090909090909092,0.9545454545454544,500,3000,6.0,0.3219253963499997,0.90201265154564,0.1012967631752531,0.3049337447258195,0.3563980007348222,2546,256,0.0,False,0.0,0.0,0,,,,,0.1699063295304128,0.2136588086310551,0.0437524791006422,0.918923650201366,0.3767849596105027,1.0707954013336616,0.2951260713577321,0.8286725549664556,0.3219253963499997,0.90201265154564,0.0711661315397901,1.043885563477538,256.0,1,0.00390625,0,0,,,,,,,,,,,,0.05,0.1,0.3049337447258195,0.1012967631752531,0.3563980007348222,,,0.41015625,0.08203125,0.44140625
abf_fr_information_oracle|tt=information_oracle|g=0.001|eta=0.1|bi=0.909091|sf=0.954545|fe=500|seed=6003,abf_fr_information_oracle|tt=information_oracle|g=0.001|eta=0.1|bi=0.909091|sf=0.954545|fe=500,abf_fr_information_oracle,information_oracle,6003,0.001,0.1,0.9090909090909092,0.9545454545454544,500,3500,7.0,0.3038642153348292,0.8530289683684731,0.1040466267341917,0.3040090771407479,0.3670176140623296,2770,256,0.0,False,0.0,0.0,0,,,,,0.1420278531632632,0.2136588086310551,0.0716309554677918,0.8639401235941385,0.3547730550687704,1.0155500650269336,0.2785299206029906,0.7837236079404247,0.3038642153348292,0.8530289683684731,0.0711549755546716,1.0323341787882732,256.0,1,0.00390625,0,0,,,,,,,,,,,,0.05,0.1,0.3040090771407479,0.1040466267341917,0.3670176140623296,,,0.40625,0.08203125,0.4375
abf_fr_information_oracle|tt=information_oracle|g=0.001|eta=0.1|bi=0.909091|sf=0.954545|fe=500|seed=6003,abf_fr_information_oracle|tt=information_oracle|g=0.001|eta=0.1|bi=0.909091|sf=0.954545|fe=500,abf_fr_information_oracle,information_oracle,6003,0.001,0.1,0.9090909090909092,0.9545454545454544,500,4000,8.0,0.2833102634293561,0.7933163534542669,0.0947556692981554,0.2980021368697486,0.3886669261049301,3025,256,0.0,False,0.0,0.0,0,,,,,0.1325924405949905,0.2136588086310551,0.0810663680360646,0.8030278755530285,0.3300808635812105,0.945957888448736,0.2598516550460148,0.7288977775125227,0.2833102634293561,0.7933163534542669,0.0694442638087462,0.9996159658760226,256.0,1,0.00390625,0,0,,,,,,,,,,,,0.05,0.1,0.2980021368697486,0.0947556692981554,0.3886669261049301,,,0.39453125,0.08203125,0.41796875
abf_fr_information_oracle|tt=information_oracle|g=0.001|eta=0.1|bi=0.909091|sf=0.954545|fe=500|seed=6003,abf_fr_information_oracle|tt=information_oracle|g=0.001|eta=0.1|bi=0.909091|sf=0.954545|fe=500,abf_fr_information_oracle,information_oracle,6003,0.001,0.1,0.9090909090909092,0.9545454545454544,500,4500,9.0,0.2692647793909707,0.7452567091793797,0.081287456008607,0.296163306413333,0.3855005345068805,3154,256,0.0,False,0.0,0.0,0,,,,,0.0964845380493706,0.2136588086310551,0.1171742705816845,0.7555353111257007,0.3120035599759095,0.8907027361183834,0.2473712050623998,0.6847704622447777,0.2692647793909707,0.7452567091793797,0.0672868978622516,0.9617657811080784,256.0,1,0.00390625,0,0,,,,,,,,,,,,0.05,0.1,0.296163306413333,0.081287456008607,0.3855005345068805,,,0.41015625,0.06640625,0.41796875
abf_fr_information_oracle|tt=information_oracle|g=0.001|eta=0.1|bi=0.909091|sf=0.954545|fe=500|seed=6003,abf_fr_information_oracle|tt=information_oracle|g=0.001|eta=0.1|bi=0.909091|sf=0.954545|fe=500,abf_fr_information_oracle,information_oracle,6003,0.001,0.1,0.9090909090909092,0.9545454545454544,500,5000,10.0,0.2576931189824042,0.7066110940009773,0.0906609754344476,0.3097033013124861,0.376185227523829,3355,256,0.0,False,0.0,0.0,0,,,,,0.0735321025419004,0.2136588086310551,0.1401267060891546,0.7159486215970181,0.2971613018824187,0.8453888097720568,0.2372133755886553,0.6492854364583118,0.2576931189824042,0.7066110940009773,0.0661848115808261,0.9403828531404228,256.0,1,0.00390625,0,0,,,,,,,,,,,,0.05,0.1,0.3097033013124861,0.0906609754344476,0.376185227523829,,,0.41015625,0.0546875,0.41796875
abf_fr_information_oracle|tt=information_oracle|g=0.001|eta=0.1|bi=0.909091|sf=0.954545|fe=500|seed=6003,abf_fr_information_oracle|tt=information_oracle|g=0.001|eta=0.1|bi=0.909091|sf=0.954545|fe=500,abf_fr_information_oracle,information_oracle,6003,0.001,0.1,0.9090909090909092,0.9545454545454544,500,5500,11.0,0.2410044138022202,0.6625404494385954,0.081505455433864,0.2914450345087648,0.3741701456818262,3527,256,0.0,False,0.0,0.0,0,,,,,0.0805995282584426,0.2136588086310551,0.1330592803726125,0.6690540950517284,0.2779943605399415,0.7929890583868765,0.2219103458282353,0.6091051192949427,0.2410044138022202,0.6625404494385954,0.0645864203683578,0.9075511776882272,256.0,1,0.00390625,0,0,,,,,,,,,,,,0.05,0.1,0.2914450345087648,0.081505455433864,0.3741701456818262,,,0.421875,0.07421875,0.39453125
abf_fr_information_oracle|tt=information_oracle|g=0.001|eta=0.1|bi=0.909091|sf=0.954545|fe=500|seed=6003,abf_fr_information_oracle|tt=information_oracle|g=0.001|eta=0.1|bi=0.909091|sf=0.954545|fe=500,abf_fr_information_oracle,information_oracle,6003,0.001,0.1,0.9090909090909092,0.9545454545454544,500,6000,12.0,0.2251435125550789,0.6256984725571434,0.0797295867508226,0.291938104291618,0.3758958476844999,3717,256,0.0,False,0.0,0.0,0,,,,,0.1097846125472905,0.2136588086310551,0.1038741960837645,0.63018878927035,0.2606844084124629,0.7495492860760627,0.2068024626619262,0.5756029552433471,0.2251435125550789,0.6256984725571434,0.0629793535797472,0.8789342047231767,256.0,1,0.00390625,0,0,,,,,,,,,,,,0.05,0.1,0.291938104291618,0.0797295867508226,0.3758958476844999,,,0.40625,0.05859375,0.4140625
abf_fr_information_oracle|tt=information_oracle|g=0.001|eta=0.1|bi=0.909091|sf=0.954545|fe=500|seed=6003,abf_fr_information_oracle|tt=information_oracle|g=0.001|eta=0.1|bi=0.909091|sf=0.954545|fe=500,abf_fr_information_oracle,information_oracle,6003,0.001,0.1,0.9090909090909092,0.9545454545454544,500,6500,13.0,0.2094864212672416,0.5831839984369888,0.0720332270979175,0.2802174795661526,0.3822396877533293,3879,256,0.0,False,0.0,0.0,0,,,,,0.1224519282977922,0.2136588086310551,0.0912068803332628,0.5880809370042968,0.2428058895861928,0.6986114017618116,0.1924234398134684,0.5371049393068412,0.2094864212672416,0.5831839984369888,0.0599746563936394,0.8304094955029988,256.0,1,0.00390625,0,0,,,,,,,,,,,,0.05,0.1,0.2802174795661526,0.0720332270979175,0.3822396877533293,,,0.43359375,0.07421875,0.37890625
abf_fr_information_oracle|tt=information_oracle|g=0.001|eta=0.1|bi=0.909091|sf=0.954545|fe=500|seed=6003,abf_fr_information_oracle|tt=information_oracle|g=0.001|eta=0.1|bi=0.909091|sf=0.954545|fe=500,abf_fr_information_oracle,information_oracle,6003,0.001,0.1,0.9090909090909092,0.9545454545454544,500,7000,14.0,0.2001260423846597,0.5574469589281524,0.0790949611575124,0.2946163183045844,0.3895343274188813,4097,256,0.0,False,0.0,0.0,0,,,,,0.12304538522271,0.2136588086310551,0.0906134234083451,0.5606777477139339,0.2317687056631014,0.6679056193654279,0.1839452908990698,0.5136686741944256,0.2001260423846597,0.5574469589281524,0.0580315188259806,0.8047625647241682,256.0,1,0.00390625,0,0,,,,,,,,,,,,0.05,0.1,0.2946163183045844,0.0790949611575124,0.3895343274188813,,,0.4140625,0.06640625,0.3515625
abf_fr_information_oracle|tt=information_oracle|g=0.001|eta=0.1|bi=0.909091|sf=0.954545|fe=500|seed=6003,abf_fr_information_oracle|tt=information_oracle|g=0.001|eta=0.1|bi=0.909091|sf=0.954545|fe=500,abf_fr_information_oracle,information_oracle,6003,0.001,0.1,0.9090909090909092,0.9545454545454544,500,7500,15.0,0.192534800123358,0.5364532683972147,0.0828918227891429,0.2859767281156871,0.3600632529130833,4260,256,0.0,False,0.0,0.0,0,,,,,0.1280893879296343,0.2136588086310551,0.0855694207014208,0.539835752880132,0.2230150930926123,0.6429216979836687,0.1769730089274686,0.4945951271985362,0.192534800123358,0.5364532683972147,0.0568527687525284,0.781124699570722,256.0,1,0.00390625,0,0,,,,,,,,,,,,0.05,0.1,0.2859767281156871,0.0828918227891429,0.3600632529130833,,,0.390625,0.0859375,0.37890625
abf_fr_information_oracle|tt=information_oracle|g=0.001|eta=0.1|bi=0.909091|sf=0.954545|fe=500|seed=6003,abf_fr_information_oracle|tt=information_oracle|g=0.001|eta=0.1|bi=0.909091|sf=0.954545|fe=500,abf_fr_information_oracle,information_oracle,6003,0.001,0.1,0.9090909090909092,0.9545454545454544,500,8000,16.0,0.1829729133923796,0.5105847896022762,0.0798873546476205,0.2787008863911949,0.3686801632705527,4514,256,0.0,False,0.0,0.0,0,,,,,0.1320797638542465,0.2136588086310551,0.0815790447768085,0.5141891708021558,0.2120975122007765,0.6120375653963475,0.1680924567996223,0.4711256742953071,0.1829729133923796,0.5105847896022762,0.0548525705742456,0.7520721790131198,256.0,1,0.00390625,0,0,,,,,,,,,,,,0.05,0.1,0.2787008863911949,0.0798873546476205,0.3686801632705527,,,0.38671875,0.09375,0.359375
abf_fr_information_oracle|tt=information_oracle|g=0.001|eta=0.1|bi=0.909091|sf=0.954545|fe=500|seed=6003,abf_fr_information_oracle|tt=information_oracle|g=0.001|eta=0.1|bi=0.909091|sf=0.954545|fe=500,abf_fr_information_oracle,information_oracle,6003,0.001,0.1,0.9090909090909092,0.9545454545454544,500,8500,17.0,0.17356602040794,0.4871238288615605,0.0706875447060954,0.2736278057687742,0.3928233343998928,4733,256,0.0,False,0.0,0.0,0,,,,,0.1445415151929872,0.2136588086310551,0.0691172934380679,0.489573557662299,0.2017878119526797,0.5838832930971454,0.1590572097631728,0.449983760868468,0.17356602040794,0.4871238288615605,0.0527077677535132,0.7203642229222486,256.0,1,0.00390625,0,0,,,,,,,,,,,,0.05,0.1,0.2736278057687742,0.0706875447060954,0.3928233343998928,,,0.38671875,0.1015625,0.33984375
abf_fr_information_oracle|tt=information_oracle|g=0.001|eta=0.1|bi=0.909091|sf=0.954545|fe=500|seed=6003,abf_fr_information_oracle|tt=information_oracle|g=0.001|eta=0.1|bi=0.909091|sf=0.954545|fe=500,abf_fr_information_oracle,information_oracle,6003,0.001,0.1,0.9090909090909092,0.9545454545454544,500,9000,18.0,0.1657117598971636,0.4656851756667817,0.0765351927741954,0.2927961635122261,0.3814479312644309,4905,256,0.0,False,0.0,0.0,0,,,,,0.1506846361048381,0.2136588086310551,0.0629741725262169,0.4677328088751715,0.1928201915610892,0.5582702787261093,0.1518008759571122,0.4307367309937146,0.1657117598971636,0.4656851756667817,0.050466616204416,0.6889232819968424,256.0,1,0.00390625,0,0,,,,,,,,,,,,0.05,0.1,0.2927961635122261,0.0765351927741954,0.3814479312644309,,,0.3984375,0.07421875,0.3828125
abf_fr_information_oracle|tt=information_oracle|g=0.001|eta=0.1|bi=0.909091|sf=0.954545|fe=500|seed=6003,abf_fr_information_oracle|tt=information_oracle|g=0.001|eta=0.1|bi=0.909091|sf=0.954545|fe=500,abf_fr_information_oracle,information_oracle,6003,0.001,0.1,0.9090909090909092,0.9545454545454544,500,9500,19.0,0.1601374744191068,0.4510226958368322,0.0869904731779708,0.2937491618585424,0.3785523415025261,5156,256,0.0,False,0.0,0.0,0,,,,,0.1533409917498289,0.2136588086310551,0.0603178168812261,0.4524412605672932,0.1863558977111276,0.5408297916590429,0.1466705508573859,0.417529946647001,0.1601374744191068,0.4510226958368322,0.0494430958882348,0.6742240052245865,256.0,1,0.00390625,0,0,,,,,,,,,,,,0.05,0.1,0.2937491618585424,0.0869904731779708,0.3785523415025261,,,0.41796875,0.07421875,0.359375
abf_fr_information_oracle|tt=information_oracle|g=0.001|eta=0.1|bi=0.909091|sf=0.954545|fe=500|seed=6003,abf_fr_information_oracle|tt=information_oracle|g=0.001|eta=0.1|bi=0.909091|sf=0.954545|fe=500,abf_fr_information_oracle,information_oracle,6003,0.001,0.1,0.9090909090909092,0.9545454545454544,500,10000,20.0,0.1559780352519184,0.4377777471677757,0.070058241525059,0.2781569793339381,0.3950150602158624,5387,255,0.001,True,0.00390625,0.00390625,1,-2.4286128663675302e-17,1.043091956957346,-3.135684423981513,1.3598677044566665,0.143549059852841,0.2136588086310551,0.070109748778214,0.4398786222989913,0.1810922322765154,0.5250781888715482,0.1430909492879795,0.405559051227307,0.1559780352519184,0.4377777471677757,0.0481347696606984,0.6591911346361075,254.015503875969,2,0.0078125,1,1,0.0,-3.1095078647739696,-3.1095078647739696,-1.8495445462343467,-1.8495445462343467,0.1646090439913651,0.1646090439913651,1.233773990289088,1.233773990289088,1.3551217895637884,1.3551217895637884,0.05,0.1,0.2781569793339381,0.070058241525059,0.3950150602158624,1.043091956957346,1.3598677044566665,0.3828125,0.0859375,0.375
abf_fr_information_oracle|tt=information_oracle|g=0.001|eta=0.1|bi=0.909091|sf=0.954545|fe=500|seed=6003,abf_fr_information_oracle|tt=information_oracle|g=0.001|eta=0.1|bi=0.909091|sf=0.954545|fe=500,abf_fr_information_oracle,information_oracle,6003,0.001,0.1,0.9090909090909092,0.9545454545454544,500,10500,21.0,0.1501167887506991,0.4207422464829988,0.0871786610095855,0.2926978494776237,0.3723308180931235,5538,255,0.0,False,0.0,0.0,0,,,,,0.1445363699666302,0.2136588086310551,0.0691224386644249,0.4226468224621762,0.1741812879393985,0.5046425176241802,0.1378276729152473,0.3903404786728759,0.1501167887506991,0.4207422464829988,0.0468832063914288,0.6375647717795624,254.015503875969,2,0.0078125,1,1,,,,,,,,,,,,0.05,0.1,0.2926978494776237,0.0871786610095855,0.3723308180931235,,,0.40625,0.0703125,0.35546875
abf_fr_information_oracle|tt=information_oracle|g=0.001|eta=0.1|bi=0.909091|sf=0.954545|fe=500|seed=6003,abf_fr_information_oracle|tt=information_oracle|g=0.001|eta=0.1|bi=0.909091|sf=0.954545|fe=500,abf_fr_information_oracle,information_oracle,6003,0.001,0.1,0.9090909090909092,0.9545454545454544,500,11000,22.0,0.146241962909578,0.4069780582292629,0.0818914951860202,0.2871401253802189,0.3937483953954805,5682,255,0.0,False,0.0,0.0,0,,,,,0.1357311716113436,0.2136588086310551,0.0779276370197115,0.410102219417746,0.1692650650949478,0.4881914441996506,0.1345101518227137,0.3779045401745356,0.146241962909578,0.4069780582292629,0.0458531912461172,0.6210541072615727,254.015503875969,2,0.0078125,1,1,,,,,,,,,,,,0.05,0.1,0.2871401253802189,0.0818914951860202,0.3937483953954805,,,0.40234375,0.078125,0.3515625
abf_fr_information_oracle|tt=information_oracle|g=0.001|eta=0.1|bi=0.909091|sf=0.954545|fe=500|seed=6004,abf_fr_information_oracle|tt=information_oracle|g=0.001|eta=0.1|bi=0.909091|sf=0.954545|fe=500,abf_fr_information_oracle,information_oracle,6004,0.001,0.1,0.9090909090909092,0.9545454545454544,500,0,0.0,2.906603863987052,6.564657815288973,0.0551412441179022,0.2633899507826197,0.3926384427527432,0,256,0.0,False,0.0,0.0,0,,,,,0.0,0.2136588086310551,0.2136588086310551,1.8839792970692677,0.7722826132658906,3.487298309594125,5.408116675855963,9.381946420303988,2.906603863987052,6.564657815288973,0.037083496902375,0.7293641473133242,256.0,1,0.00390625,0,0,,,,,,,,,,,,0.05,0.1,0.2633899507826197,0.0551412441179022,0.3926384427527432,,,0.38671875,0.12890625,0.3046875
abf_fr_information_oracle|tt=information_oracle|g=0.001|eta=0.1|bi=0.909091|sf=0.954545|fe=500|seed=6004,abf_fr_information_oracle|tt=information_oracle|g=0.001|eta=0.1|bi=0.909091|sf=0.954545|fe=500,abf_fr_information_oracle,information_oracle,6004,0.001,0.1,0.9090909090909092,0.9545454545454544,500,500,1.0,0.4918502944431158,1.3161412896073617,0.1037030427638045,0.291976358936204,0.3765059310205143,540,256,0.0,False,0.0,0.0,0,,,,,0.1828586252963902,0.2136588086310551,0.0308001833346649,1.3709841980438149,0.5573471116569715,1.382468299548716,0.5109542366790752,1.214712812655666,0.4918502944431158,1.3161412896073617,0.0626634448406953,0.943002305419736,256.0,1,0.00390625,0,0,,,,,,,,,,,,0.05,0.1,0.291976358936204,0.1037030427638045,0.3765059310205143,,,0.4296875,0.1328125,0.3671875
abf_fr_information_oracle|tt=information_oracle|g=0.001|eta=0.1|bi=0.909091|sf=0.954545|fe=500|seed=6004,abf_fr_information_oracle|tt=information_oracle|g=0.001|eta=0.1|bi=0.909091|sf=0.954545|fe=500,abf_fr_information_oracle,information_oracle,6004,0.001,0.1,0.9090909090909092,0.9545454545454544,500,1000,2.0,0.4362139009208134,1.1822446831843505,0.1037604901676152,0.2935742262240537,0.3751456893489059,1068,256,0.0,False,0.0,0.0,0,,,,,0.3165005552621274,0.2136588086310551,0.1028417466310722,1.2313992027818217,0.5049591589670037,1.319059090812616,0.4254154055440429,1.0884150611020666,0.4362139009208134,1.1822446831843505,0.0681442271339131,1.0182784911339202,256.0,1,0.00390625,0,0,,,,,,,,,,,,0.05,0.1,0.2935742262240537,0.1037604901676152,0.3751456893489059,,,0.44921875,0.125,0.3671875
abf_fr_information_oracle|tt=information_oracle|g=0.001|eta=0.1|bi=0.909091|sf=0.954545|fe=500|seed=6004,abf_fr_information_oracle|tt=information_oracle|g=0.001|eta=0.1|bi=0.909091|sf=0.954545|fe=500,abf_fr_information_oracle,information_oracle,6004,0.001,0.1,0.9090909090909092,0.9545454545454544,500,1500,3.0,0.3879087175848378,1.0541127748709684,0.097226987469761,0.2991044760840891,0.3590596983957392,1451,256,0.0,False,0.0,0.0,0,,,,,0.3299133184239693,0.2136588086310551,0.1162545097929141,1.098710817634171,0.4510436811014702,1.2152839030648803,0.3679409921509251,0.9703618126347284,0.3879087175848378,1.0541127748709684,0.0713556660008761,1.0457783045740818,256.0,1,0.00390625,0,0,,,,,,,,,,,,0.05,0.1,0.2991044760840891,0.097226987469761,0.3590596983957392,,,0.49609375,0.11328125,0.37890625
abf_fr_information_oracle|tt=information_oracle|g=0.001|eta=0.1|bi=0.909091|sf=0.954545|fe=500|seed=6004,abf_fr_information_oracle|tt=information_oracle|g=0.001|eta=0.1|bi=0.909091|sf=0.954545|fe=500,abf_fr_information_oracle,information_oracle,6004,0.001,0.1,0.9090909090909092,0.9545454545454544,500,2000,4.0,0.3710816824559901,0.9826628653585424,0.0999407458503345,0.3000570891886218,0.3445073896377641,1941,256,0.0,False,0.0,0.0,0,,,,,0.4372052414514833,0.2136588086310551,0.2235464328204282,1.0225921256751458,0.4245929662073062,1.1497939314465366,0.3518817141114214,0.9041555774878012,0.3710816824559901,0.9826628653585424,0.0714636574266877,1.0387936954509909,256.0,1,0.00390625,0,0,,,,,,,,,,,,0.05,0.1,0.3000570891886218,0.0999407458503345,0.3445073896377641,,,0.48046875,0.1015625,0.3828125
abf_fr_information_oracle|tt=information_oracle|g=0.001|eta=0.1|bi=0.909091|sf=0.954545|fe=500|seed=6004,abf_fr_information_oracle|tt=information_oracle|g=0.001|eta=0.1|bi=0.909091|sf=0.954545|fe=500,abf_fr_information_oracle,information_oracle,6004,0.001,0.1,0.9090909090909092,0.9545454545454544,500,2500,5.0,0.3589491118067088,0.944141687998196,0.1068254216857818,0.3086805999280234,0.3468084595958824,2258,256,0.0,False,0.0,0.0,0,,,,,0.471069557957172,0.2136588086310551,0.2574107493261168,0.9766234875845968,0.4083381577906913,1.1142892325850964,0.3387351678855409,0.8685429800535381,0.3589491118067088,0.944141687998196,0.0708131496946593,1.0337280077206217,256.0,1,0.00390625,0,0,,,,,,,,,,,,0.05,0.1,0.3086805999280234,0.1068254216857818,0.3468084595958824,,,0.4921875,0.078125,0.3828125
abf_fr_information_oracle|tt=information_oracle|g=0.001|eta=0.1|bi=0.909091|sf=0.954545|fe=500|seed=6004,abf_fr_information_oracle|tt=information_oracle|g=0.001|eta=0.1|bi=0.909091|sf=0.954545|fe=500,abf_fr_information_oracle,information_oracle,6004,0.001,0.1,0.9090909090909092,0.9545454545454544,500,3000,6.0,0.3405167388506957,0.8934881324059756,0.0907285350873561,0.2909611819109735,0.3631024462317227,2472,256,0.0,False,0.0,0.0,0,,,,,0.4777186803988549,0.2136588086310551,0.2640598717677997,0.9163892645913636,0.3854198417041907,1.0602590537118193,0.3211737215502416,0.820816787557,0.3405167388506957,0.8934881324059756,0.0707898475157491,1.0231838639790458,256.0,1,0.00390625,0,0,,,,,,,,,,,,0.05,0.1,0.2909611819109735,0.0907285350873561,0.3631024462317227,,,0.4765625,0.08984375,0.3671875
abf_fr_information_oracle|tt=information_oracle|g=0.001|eta=0.1|bi=0.909091|sf=0.954545|fe=500|seed=6004,abf_fr_information_oracle|tt=information_oracle|g=0.001|eta=0.1|bi=0.909091|sf=0.954545|fe=500,abf_fr_information_oracle,information_oracle,6004,0.001,0.1,0.9090909090909092,0.9545454545454544,500,3500,7.0,0.328659198203944,0.8413823094890373,0.1164578439829612,0.3127334945508325,0.3575100864683431,2778,256,0.0,False,0.0,0.0,0,,,,,0.5160570310075627,0.2136588086310551,0.3023982223765076,0.8610571626235948,0.3669579642971268,1.0012749756998205,0.3125651268890715,0.7724554960997915,0.328659198203944,0.8413823094890373,0.0700037042939472,1.0021770025613357,256.0,1,0.00390625,0,0,,,,,,,,,,,,0.05,0.1,0.3127334945508325,0.1164578439829612,0.3575100864683431,,,0.47265625,0.06640625,0.33984375
abf_fr_information_oracle|tt=information_oracle|g=0.001|eta=0.1|bi=0.909091|sf=0.954545|fe=500|seed=6004,abf_fr_information_oracle|tt=information_oracle|g=0.001|eta=0.1|bi=0.909091|sf=0.954545|fe=500,abf_fr_information_oracle,information_oracle,6004,0.001,0.1,0.9090909090909092,0.9545454545454544,500,4000,8.0,0.3230046054513581,0.821964440302241,0.0870601137254736,0.3006479863065966,0.3677652833782481,2963,256,0.0,False,0.0,0.0,0,,,,,0.5284813739043877,0.2136588086310551,0.3148225652733325,0.8362322493776412,0.3587888258924774,0.9803654703302356,0.3077600351657377,0.7544016153010888,0.3230046054513581,0.821964440302241,0.0694466592435147,0.9947317342534564,256.0,1,0.00390625,0,0,,,,,,,,,,,,0.05,0.1,0.3006479863065966,0.0870601137254736,0.3677652833782481,,,0.46875,0.07421875,0.3515625
abf_fr_information_oracle|tt=information_oracle|g=0.001|eta=0.1|bi=0.909091|sf=0.954545|fe=500|seed=6004,abf_fr_information_oracle|tt=information_oracle|g=0.001|eta=0.1|bi=0.909091|sf=0.954545|fe=500,abf_fr_information_oracle,information_oracle,6004,0.001,0.1,0.9090909090909092,0.9545454545454544,500,4500,9.0,0.30913410218288,0.7847365811150788,0.1014441659469994,0.306416791574803,0.3568343890230923,3224,256,0.0,False,0.0,0.0,0,,,,,0.5304282336745914,0.2136588086310551,0.3167694250435362,0.7934297779613035,0.3421869112380625,0.9371415681270784,0.2944759578774082,0.7202430736271507,0.30913410218288,0.7847365811150788,0.0683260575921415,0.9796611265241516,256.0,1,0.00390625,0,0,,,,,,,,,,,,0.05,0.1,0.306416791574803,0.1014441659469994,0.3568343890230923,,,0.47265625,0.06640625,0.359375
abf_fr_information_oracle|tt=information_oracle|g=0.001|eta=0.1|bi=0.909091|sf=0.954545|fe=500|seed=6004,abf_fr_information_oracle|tt=information_oracle|g=0.001|eta=0.1|bi=0.909091|sf=0.954545|fe=500,abf_fr_information_oracle,information_oracle,6004,0.001,0.1,0.9090909090909092,0.9545454545454544,500,5000,10.0,0.2931419657193043,0.7515419220936869,0.0837379450699435,0.3002663889357033,0.3585283595863167,3454,256,0.0,False,0.0,0.0,0,,,,,0.505100831977817,0.2136588086310551,0.2914420233467618,0.7570694465346712,0.3251650409496278,0.8983529842696324,0.2784214895161847,0.6899753033714575,0.2931419657193043,0.7515419220936869,0.067246775624607,0.9610859507273252,256.0,1,0.00390625,0,0,,,,,,,,,,,,0.05,0.1,0.3002663889357033,0.0837379450699435,0.3585283595863167,,,0.45703125,0.08203125,0.36328125
abf_fr_information_oracle|tt=information_oracle|g=0.001|eta=0.1|bi=0.909091|sf=0.954545|fe=500|seed=6004,abf_fr_information_oracle|tt=information_oracle|g=0.001|eta=0.1|bi=0.909091|sf=0.954545|fe=500,abf_fr_information_oracle,information_oracle,6004,0.001,0.1,0.9090909090909092,0.9545454545454544,500,5500,11.0,0.2802215062797378,0.716668996455685,0.0911268688202148,0.2985300551259733,0.3692659339011557,3645,256,0.0,False,0.0,0.0,0,,,,,0.5005210362159431,0.2136588086310551,0.286862227584888,0.7192085194703914,0.3100360313109103,0.8570962130702302,0.266549663503455,0.6582165302914008,0.2802215062797378,0.716668996455685,0.0655967674025484,0.9342719445869254,256.0,1,0.00390625,0,0,,,,,,,,,,,,0.05,0.1,0.2985300551259733,0.0911268688202148,0.3692659339011557,,,0.4453125,0.07421875,0.37109375
abf_fr_information_oracle|tt=information_oracle|g=0.001|eta=0.1|bi=0.909091|sf=0.954545|fe=500|seed=6004,abf_fr_information_oracle|tt=information_oracle|g=0.001|eta=0.1|bi=0.909091|sf=0.954545|fe=500,abf_fr_information_oracle,information_oracle,6004,0.001,0.1,0.9090909090909092,0.9545454545454544,500,6000,12.0,0.2698412449166742,0.679899718531693,0.0966194124346424,0.3090641192177816,0.3625368431065912,3858,256,0.0,False,0.0,0.0,0,,,,,0.5064947349052531,0.2136588086310551,0.2928359262741979,0.6820022872560525,0.2969450196135837,0.8139428798534303,0.2573113910631364,0.6247932064771492,0.2698412449166742,0.679899718531693,0.0645223140351721,0.907526706800502,256.0,1,0.00390625,0,0,,,,,,,,,,,,0.05,0.1,0.3090641192177816,0.0966194124346424,0.3625368431065912,,,0.45703125,0.06640625,0.390625
abf_fr_information_oracle|tt=information_oracle|g=0.001|eta=0.1|bi=0.909091|sf=0.954545|fe=500|seed=6004,abf_fr_information_oracle|tt=information_oracle|g=0.001|eta=0.1|bi=0.909091|sf=0.954545|fe=500,abf_fr_information_oracle,information_oracle,6004,0.001,0.1,0.9090909090909092,0.9545454545454544,500,6500,13.0,0.2625633527970435,0.6587832293145743,0.0975127063701393,0.3073956366473321,0.3629347737816136,3987,256,0.0,False,0.0,0.0,0,,,,,0.5020040570109359,0.2136588086310551,0.2883452483798807,0.6607453464011089,0.2885850627203448,0.7892372522067412,0.2503524695621844,0.6055885028871321,0.2625633527970435,0.6587832293145743,0.0639224558642228,0.8936258122652567,256.0,1,0.00390625,0,0,,,,,,,,,,,,0.05,0.1,0.3073956366473321,0.0975127063701393,0.3629347737816136,,,0.44921875,0.05078125,0.37890625
abf_fr_information_oracle|tt=information_oracle|g=0.001|eta=0.1|bi=0.909091|sf=0.954545|fe=500|seed=6004,abf_fr_information_oracle|tt=information_oracle|g=0.001|eta=0.1|bi=0.909091|sf=0.954545|fe=500,abf_fr_information_oracle,information_oracle,6004,0.001,0.1,0.9090909090909092,0.9545454545454544,500,7000,14.0,0.2542167712592991,0.6303428166156588,0.0863557357222711,0.3073332381968873,0.3793672149775733,4167,256,0.0,False,0.0,0.0,0,,,,,0.5038765028274383,0.2136588086310551,0.2902176941963832,0.6314369653258234,0.2781937708565091,0.7555683062708547,0.2429006679212689,0.5796642637043072,0.2542167712592991,0.6303428166156588,0.0623597779428932,0.86503743615944,256.0,1,0.00390625,0,0,,,,,,,,,,,,0.05,0.1,0.3073332381968873,0.0863557357222711,0.3793672149775733,,,0.46484375,0.046875,0.39453125
abf_fr_information_oracle|tt=information_oracle|g=0.001|eta=0.1|bi=0.909091|sf=0.954545|fe=500|seed=6004,abf_fr_information_oracle|tt=information_oracle|g=0.001|eta=0.1|bi=0.909091|sf=0.954545|fe=500,abf_fr_information_oracle,information_oracle,6004,0.001,0.1,0.9090909090909092,0.9545454545454544,500,7500,15.0,0.2486489959659386,0.6141277087404513,0.0812415297403074,0.2978750649066371,0.3951719298038192,4331,256,0.0,False,0.0,0.0,0,,,,,0.5009681346938741,0.2136588086310551,0.287309326062819,0.6145196844733988,0.2717258961233073,0.736570868526958,0.2373861819263194,0.5649131885412478,0.2486489959659386,0.6141277087404513,0.0614162063857707,0.8485328792191075,256.0,1,0.00390625,0,0,,,,,,,,,,,,0.05,0.1,0.2978750649066371,0.0812415297403074,0.3951719298038192,,,0.43359375,0.05859375,0.36328125
abf_fr_information_oracle|tt=information_oracle|g=0.001|eta=0.1|bi=0.909091|sf=0.954545|fe=500|seed=6004,abf_fr_information_oracle|tt=information_oracle|g=0.001|eta=0.1|bi=0.909091|sf=0.954545|fe=500,abf_fr_information_oracle,information_oracle,6004,0.001,0.1,0.9090909090909092,0.9545454545454544,500,8000,16.0,0.2442492143182987,0.5961715427044434,0.0713504841541586,0.2941938269982639,0.3903588298380699,4472,256,0.0,False,0.0,0.0,0,,,,,0.5072264958748605,0.2136588086310551,0.2935676872438053,0.5950276792047332,0.2657541019806421,0.7151380193979733,0.2337325541706683,0.5485970908557601,0.2442492143182987,0.5961715427044434,0.0599117642986663,0.8284389180504098,256.0,1,0.00390625,0,0,,,,,,,,,,,,0.05,0.1,0.2941938269982639,0.0713504841541586,0.3903588298380699,,,0.390625,0.07421875,0.33984375
abf_fr_information_oracle|tt=information_oracle|g=0.001|eta=0.1|bi=0.909091|sf=0.954545|fe=500|seed=6004,abf_fr_information_oracle|tt=information_oracle|g=0.001|eta=0.1|bi=0.909091|sf=0.954545|fe=500,abf_fr_information_oracle,information_oracle,6004,0.001,0.1,0.9090909090909092,0.9545454545454544,500,8500,17.0,0.2397257448038535,0.5769658543203463,0.0825242971680187,0.3004754355711842,0.3857618693189015,4652,256,0.0,False,0.0,0.0,0,,,,,0.5118788502891327,0.2136588086310551,0.2982200416580776,0.576632885861816,0.2595973274100104,0.692065861610765,0.2302720561351001,0.5311963195284449,0.2397257448038535,0.5769658543203463,0.0583387689819003,0.8057454063806914,256.0,1,0.00390625,0,0,,,,,,,,,,,,0.05,0.1,0.3004754355711842,0.0825242971680187,0.3857618693189015,,,0.42578125,0.05859375,0.35546875
abf_fr_information_oracle|tt=information_oracle|g=0.001|eta=0.1|bi=0.909091|sf=0.954545|fe=500|seed=6004,abf_fr_information_oracle|tt=information_oracle|g=0.001|eta=0.1|bi=0.909091|sf=0.954545|fe=500,abf_fr_information_oracle,information_oracle,6004,0.001,0.1,0.9090909090909092,0.9545454545454544,500,9000,18.0,0.2356288835967426,0.5650712006450369,0.0795785472978705,0.2951929622169518,0.3797544279215733,4802,256,0.0,False,0.0,0.0,0,,,,,0.5102744166937434,0.2136588086310551,0.2966156080626883,0.5632378613153266,0.2544610322820909,0.6777653161453632,0.2270376645705847,0.520322918699723,0.2356288835967426,0.5650712006450369,0.0573913701423837,0.7938589328457268,256.0,1,0.00390625,0,0,,,,,,,,,,,,0.05,0.1,0.2951929622169518,0.0795785472978705,0.3797544279215733,,,0.43359375,0.06640625,0.33984375
abf_fr_information_oracle|tt=information_oracle|g=0.001|eta=0.1|bi=0.909091|sf=0.954545|fe=500|seed=6004,abf_fr_information_oracle|tt=information_oracle|g=0.001|eta=0.1|bi=0.909091|sf=0.954545|fe=500,abf_fr_information_oracle,information_oracle,6004,0.001,0.1,0.9090909090909092,0.9545454545454544,500,9500,19.0,0.2299151755620806,0.5474886720485637,0.0802064179811148,0.2978834454723778,0.3880322518348785,5001,256,0.0,False,0.0,0.0,0,,,,,0.5086154678788262,0.2136588086310551,0.294956659247771,0.545576173368804,0.2477156927677206,0.6566803510155146,0.2217981630902016,0.5043248534453727,0.2299151755620806,0.5474886720485637,0.0557131087643467,0.7715765533266236,256.0,1,0.00390625,0,0,,,,,,,,,,,,0.05,0.1,0.2978834454723778,0.0802064179811148,0.3880322518348785,,,0.390625,0.06640625,0.37890625
abf_fr_information_oracle|tt=information_oracle|g=0.001|eta=0.1|bi=0.909091|sf=0.954545|fe=500|seed=6004,abf_fr_information_oracle|tt=information_oracle|g=0.001|eta=0.1|bi=0.909091|sf=0.954545|fe=500,abf_fr_information_oracle,information_oracle,6004,0.001,0.1,0.9090909090909092,0.9545454545454544,500,10000,20.0,0.2238345228545594,0.5245156100399471,0.0780756668059136,0.3017136088155277,0.390564266443105,5207,256,0.001,True,0.0,0.0,0,-4.510281037539698e-17,0.931732022086383,-3.833587862901637,1.1733622744722316,0.5099488339222837,0.2136588086310551,0.2962900252912286,0.5226138205336148,0.2400739832453874,0.6291548922438261,0.2164688137184141,0.4835198663487098,0.2238345228545594,0.5245156100399471,0.0542726496023564,0.7442107512367354,256.0,1,0.00390625,1,0,0.0,-3.4461018219282464,-3.4461018219282464,-1.1713751329580289,-1.1713751329580289,0.1870942965098476,0.1870942965098476,0.8223662245186685,0.8223662245186685,1.1643776109682749,1.1643776109682749,0.05,0.1,0.3017136088155277,0.0780756668059136,0.390564266443105,0.931732022086383,1.1733622744722316,0.4375,0.0625,0.390625
abf_fr_information_oracle|tt=information_oracle|g=0.001|eta=0.1|bi=0.909091|sf=0.954545|fe=500|seed=6004,abf_fr_information_oracle|tt=information_oracle|g=0.001|eta=0.1|bi=0.909091|sf=0.954545|fe=500,abf_fr_information_oracle,information_oracle,6004,0.001,0.1,0.9090909090909092,0.9545454545454544,500,10500,21.0,0.2203383239375307,0.5104674001377343,0.063995331848903,0.2853238398176883,0.3915352354804712,5373,256,0.0,False,0.0,0.0,0,,,,,0.5124359641653804,0.2136588086310551,0.2987771555343252,0.5084419247734989,0.2354424253876368,0.6124288787100283,0.2133880561772433,0.4707682164879316,0.2203383239375307,0.5104674001377343,0.0529892330747689,0.7261395874632675,256.0,1,0.00390625,1,0,,,,,,,,,,,,0.05,0.1,0.2853238398176883,0.063995331848903,0.3915352354804712,,,0.421875,0.07421875,0.375
abf_fr_information_oracle|tt=information_oracle|g=0.001|eta=0.1|bi=0.909091|sf=0.954545|fe=500|seed=6004,abf_fr_information_oracle|tt=information_oracle|g=0.001|eta=0.1|bi=0.909091|sf=0.954545|fe=500,abf_fr_information_oracle,information_oracle,6004,0.001,0.1,0.9090909090909092,0.9545454545454544,500,11000,22.0,0.2182159877901414,0.4950956037833162,0.0838280557718896,0.2980913882521289,0.3744505106023587,5588,256,0.0,False,0.0,0.0,0,,,,,0.5220295105110857,0.2136588086310551,0.3083707018800306,0.4923162095624765,0.2315402717141852,0.5939946940934704,0.2122366939365539,0.4568730029006134,0.2182159877901414,0.4950956037833162,0.051678709069474,0.7069423541068401,256.0,1,0.00390625,1,0,,,,,,,,,,,,0.05,0.1,0.2980913882521289,0.0838280557718896,0.3744505106023587,,,0.40625,0.0703125,0.37109375
abf_fr_information_oracle|tt=information_oracle|g=0.001|eta=0.1|bi=0.909091|sf=0.954545|fe=500|seed=6005,abf_fr_information_oracle|tt=information_oracle|g=0.001|eta=0.1|bi=0.909091|sf=0.954545|fe=500,abf_fr_information_oracle,information_oracle,6005,0.001,0.1,0.9090909090909092,0.9545454545454544,500,0,0.0,2.906603863987052,6.564657815288973,0.0445363447074211,0.2558796327042333,0.4041134501532037,0,256,0.0,False,0.0,0.0,0,,,,,0.0,0.2136588086310551,0.2136588086310551,1.8839792970692677,0.7722826132658906,3.487298309594125,5.408116675855963,9.381946420303988,2.906603863987052,6.564657815288973,0.037083496902375,0.7293641473133242,256.0,1,0.00390625,0,0,,,,,,,,,,,,0.05,0.1,0.2558796327042333,0.0445363447074211,0.4041134501532037,,,0.296875,0.1484375,0.359375
abf_fr_information_oracle|tt=information_oracle|g=0.001|eta=0.1|bi=0.909091|sf=0.954545|fe=500|seed=6005,abf_fr_information_oracle|tt=information_oracle|g=0.001|eta=0.1|bi=0.909091|sf=0.954545|fe=500,abf_fr_information_oracle,information_oracle,6005,0.001,0.1,0.9090909090909092,0.9545454545454544,500,500,1.0,0.551930450350401,1.3726877664152868,0.083664854193706,0.2831832900187037,0.3751118013729191,514,256,0.0,False,0.0,0.0,0,,,,,0.7295952563836288,0.2136588086310551,0.5159364477525736,1.4827559049223793,0.6302010420733493,1.5215829497832307,0.5381012736104361,1.264803319334039,0.551930450350401,1.3726877664152868,0.0756544896812508,1.1054553143400614,256.0,1,0.00390625,0,0,,,,,,,,,,,,0.05,0.1,0.2831832900187037,0.083664854193706,0.3751118013729191,,,0.35546875,0.16015625,0.39453125
abf_fr_information_oracle|tt=information_oracle|g=0.001|eta=0.1|bi=0.909091|sf=0.954545|fe=500|seed=6005,abf_fr_information_oracle|tt=information_oracle|g=0.001|eta=0.1|bi=0.909091|sf=0.954545|fe=500,abf_fr_information_oracle,information_oracle,6005,0.001,0.1,0.9090909090909092,0.9545454545454544,500,1000,2.0,0.4764501129323692,1.1915542672459394,0.1058772711628795,0.2958854268035269,0.3755509959674789,965,256,0.0,False,0.0,0.0,0,,,,,0.6888302858819522,0.2136588086310551,0.475171477250897,1.2659655981051294,0.5432856307811953,1.372767620987452,0.4503661273470959,1.0966402773216528,0.4764501129323692,1.1915542672459394,0.0773061623697316,1.1174134073722748,256.0,1,0.00390625,0,0,,,,,,,,,,,,0.05,0.1,0.2958854268035269,0.1058772711628795,0.3755509959674789,,,0.38671875,0.12890625,0.42578125
abf_fr_information_oracle|tt=information_oracle|g=0.001|eta=0.1|bi=0.909091|sf=0.954545|fe=500|seed=6005,abf_fr_information_oracle|tt=information_oracle|g=0.001|eta=0.1|bi=0.909091|sf=0.954545|fe=500,abf_fr_information_oracle,information_oracle,6005,0.001,0.1,0.9090909090909092,0.9545454545454544,500,1500,3.0,0.4392820391779138,1.1047671029092505,0.0942481021426563,0.3022801689996431,0.3664320484231524,1363,256,0.0,False,0.0,0.0,0,,,,,0.653811362242493,0.2136588086310551,0.4401525536114379,1.1556646804225204,0.4988284531171266,1.2948863388087954,0.4100116304040449,1.016889857773325,0.4392820391779138,1.1047671029092505,0.0778144728272835,1.1210836655799017,256.0,1,0.00390625,0,0,,,,,,,,,,,,0.05,0.1,0.3022801689996431,0.0942481021426563,0.3664320484231524,,,0.41015625,0.09375,0.4765625
abf_fr_information_oracle|tt=information_oracle|g=0.001|eta=0.1|bi=0.909091|sf=0.954545|fe=500|seed=6005,abf_fr_information_oracle|tt=information_oracle|g=0.001|eta=0.1|bi=0.909091|sf=0.954545|fe=500,abf_fr_information_oracle,information_oracle,6005,0.001,0.1,0.9090909090909092,0.9545454545454544,500,2000,4.0,0.3984737608265689,1.0122329372003536,0.0831816064646909,0.292980214573926,0.3692291223432221,1788,256,0.0,False,0.0,0.0,0,,,,,0.6104552068006832,0.2136588086310551,0.3967963981696281,1.0468006757014985,0.4517627040632221,1.1974425641978153,0.3691535514214253,0.9321165405557316,0.3984737608265689,1.0122329372003536,0.076524561541599,1.1016618243691874,256.0,1,0.00390625,0,0,,,,,,,,,,,,0.05,0.1,0.292980214573926,0.0831816064646909,0.3692291223432221,,,0.3671875,0.1015625,0.4765625
abf_fr_information_oracle|tt=information_oracle|g=0.001|eta=0.1|bi=0.909091|sf=0.954545|fe=500|seed=6005,abf_fr_information_oracle|tt=information_oracle|g=0.001|eta=0.1|bi=0.909091|sf=0.954545|fe=500,abf_fr_information_oracle,information_oracle,6005,0.001,0.1,0.9090909090909092,0.9545454545454544,500,2500,5.0,0.3623107492375894,0.9351213597647038,0.0875647057663778,0.2926156704332358,0.3866955173263185,2126,256,0.0,False,0.0,0.0,0,,,,,0.5619492722790689,0.2136588086310551,0.3482904636480137,0.95524807783977,0.4109510567286937,1.110535715874217,0.3348924190214928,0.8615004509463318,0.3623107492375894,0.9351213597647038,0.0758359163668202,1.084458849777505,256.0,1,0.00390625,0,0,,,,,,,,,,,,0.05,0.1,0.2926156704332358,0.0875647057663778,0.3866955173263185,,,0.36328125,0.0859375,0.46484375
abf_fr_information_oracle|tt=information_oracle|g=0.001|eta=0.1|bi=0.909091|sf=0.954545|fe=500|seed=6005,abf_fr_information_oracle|tt=information_oracle|g=0.001|eta=0.1|bi=0.909091|sf=0.954545|fe=500,abf_fr_information_oracle,information_oracle,6005,0.001,0.1,0.9090909090909092,0.9545454545454544,500,3000,6.0,0.3433969489475235,0.8889543211116783,0.0767384782020478,0.2934718311497606,0.3932744762358419,2419,256,0.0,False,0.0,0.0,0,,,,,0.5462415174514454,0.2136588086310551,0.3325827088203903,0.9005500543371314,0.3878277831702286,1.060123778142625,0.31745386643379,0.8183452195934521,0.3433969489475235,0.8889543211116783,0.0752795597251531,1.0722585146896666,256.0,1,0.00390625,0,0,,,,,,,,,,,,0.05,0.1,0.2934718311497606,0.0767384782020478,0.3932744762358419,,,0.359375,0.08984375,0.46484375
abf_fr_information_oracle|tt=information_oracle|g=0.001|eta=0.1|bi=0.909091|sf=0.954545|fe=500|seed=6005,abf_fr_information_oracle|tt=information_oracle|g=0.001|eta=0.1|bi=0.909091|sf=0.954545|fe=500,abf_fr_information_oracle,information_oracle,6005,0.001,0.1,0.9090909090909092,0.9545454545454544,500,3500,7.0,0.3308320550923935,0.8546055708989337,0.0818619209343331,0.2961247601123645,0.3824499046462343,2637,256,0.0,False,0.0,0.0,0,,,,,0.5437069672560817,0.2136588086310551,0.3300481586250265,0.8597001262942733,0.3715563160468333,1.0216763330296723,0.3065297975722288,0.7857658785483844,0.3308320550923935,0.8546055708989337,0.0745654146265752,1.0610783025887591,256.0,1,0.00390625,0,0,,,,,,,,,,,,0.05,0.1,0.2961247601123645,0.0818619209343331,0.3824499046462343,,,0.37109375,0.06640625,0.4765625
abf_fr_information_oracle|tt=information_oracle|g=0.001|eta=0.1|bi=0.909091|sf=0.954545|fe=500|seed=6005,abf_fr_information_oracle|tt=information_oracle|g=0.001|eta=0.1|bi=0.909091|sf=0.954545|fe=500,abf_fr_information_oracle,information_oracle,6005,0.001,0.1,0.9090909090909092,0.9545454545454544,500,4000,8.0,0.3158811989526481,0.812473131889491,0.090411923616411,0.2983689025036455,0.3789183193589401,2900,256,0.0,False,0.0,0.0,0,,,,,0.538537761827488,0.2136588086310551,0.3248789531964329,0.8146991413147536,0.3536594181655128,0.9729497054849862,0.2930345956755818,0.747073746309688,0.3158811989526481,0.812473131889491,0.0716104002876441,1.0219333431131563,256.0,1,0.00390625,0,0,,,,,,,,,,,,0.05,0.1,0.2983689025036455,0.090411923616411,0.3789183193589401,,,0.3671875,0.078125,0.484375
abf_fr_information_oracle|tt=information_oracle|g=0.001|eta=0.1|bi=0.909091|sf=0.954545|fe=500|seed=6005,abf_fr_information_oracle|tt=information_oracle|g=0.001|eta=0.1|bi=0.909091|sf=0.954545|fe=500,abf_fr_information_oracle,information_oracle,6005,0.001,0.1,0.9090909090909092,0.9545454545454544,500,4500,9.0,0.2964384540455606,0.7682574888503858,0.0993984860835234,0.3090380726699768,0.3753285469908688,3176,256,0.0,False,0.0,0.0,0,,,,,0.5100568696629217,0.2136588086310551,0.2963980610318666,0.7672182632284738,0.3320473531010501,0.9208216382851752,0.2746372075487369,0.7066314672144833,0.2964384540455606,0.7682574888503858,0.0696859623612706,0.9892535449450977,256.0,1,0.00390625,0,0,,,,,,,,,,,,0.05,0.1,0.3090380726699768,0.0993984860835234,0.3753285469908688,,,0.390625,0.0625,0.44921875
abf_fr_information_oracle|tt=information_oracle|g=0.001|eta=0.1|bi=0.909091|sf=0.954545|fe=500|seed=6005,abf_fr_information_oracle|tt=information_oracle|g=0.001|eta=0.1|bi=0.909091|sf=0.954545|fe=500,abf_fr_information_oracle,information_oracle,6005,0.001,0.1,0.9090909090909092,0.9545454545454544,500,5000,10.0,0.2862048070029704,0.7434023941998584,0.0927603464474785,0.2995190240213319,0.381675401979265,3400,256,0.0,False,0.0,0.0,0,,,,,0.4996049426932138,0.2136588086310551,0.2859461340621587,0.7388192685167962,0.3202599418488479,0.8915846804762652,0.265497733864312,0.6835370408054807,0.2862048070029704,0.7434023941998584,0.0688217223900607,0.9746653822784618,256.0,1,0.00390625,0,0,,,,,,,,,,,,0.05,0.1,0.2995190240213319,0.0927603464474785,0.381675401979265,,,0.3828125,0.05859375,0.45703125
abf_fr_information_oracle|tt=information_oracle|g=0.001|eta=0.1|bi=0.909091|sf=0.954545|fe=500|seed=6005,abf_fr_information_oracle|tt=information_oracle|g=0.001|eta=0.1|bi=0.909091|sf=0.954545|fe=500,abf_fr_information_oracle,information_oracle,6005,0.001,0.1,0.9090909090909092,0.9545454545454544,500,5500,11.0,0.2700024376050338,0.6896777972598892,0.0872064149225576,0.2905726497257437,0.3717317619432945,3596,256,0.0,False,0.0,0.0,0,,,,,0.5019342068648633,0.2136588086310551,0.2882753982338082,0.6854102650117175,0.3004613078203879,0.8274472074108233,0.2514229097484046,0.6344904950413385,0.2700024376050338,0.6896777972598892,0.065954159385259,0.9261230317368254,256.0,1,0.00390625,0,0,,,,,,,,,,,,0.05,0.1,0.2905726497257437,0.0872064149225576,0.3717317619432945,,,0.3671875,0.0703125,0.46875
abf_fr_information_oracle|tt=information_oracle|g=0.001|eta=0.1|bi=0.909091|sf=0.954545|fe=500|seed=6005,abf_fr_information_oracle|tt=information_oracle|g=0.001|eta=0.1|bi=0.909091|sf=0.954545|fe=500,abf_fr_information_oracle,information_oracle,6005,0.001,0.1,0.9090909090909092,0.9545454545454544,500,6000,12.0,0.2608604998771053,0.6549293206029339,0.0969684324233984,0.3050141102121114,0.3836721361001279,3741,256,0.0,False,0.0,0.0,0,,,,,0.5133302396984121,0.2136588086310551,0.2996714310673569,0.6487399780872763,0.288279400912286,0.7860319463962229,0.2439929679529927,0.6027290500696026,0.2608604998771053,0.6549293206029339,0.0643153158571014,0.8967079579646382,256.0,1,0.00390625,0,0,,,,,,,,,,,,0.05,0.1,0.3050141102121114,0.0969684324233984,0.3836721361001279,,,0.3515625,0.05078125,0.4609375
abf_fr_information_oracle|tt=information_oracle|g=0.001|eta=0.1|bi=0.909091|sf=0.954545|fe=500|seed=6005,abf_fr_information_oracle|tt=information_oracle|g=0.001|eta=0.1|bi=0.909091|sf=0.954545|fe=500,abf_fr_information_oracle,information_oracle,6005,0.001,0.1,0.9090909090909092,0.9545454545454544,500,6500,13.0,0.2459707210285094,0.6117365303559271,0.0806743280780256,0.2915903773526514,0.3792423134416985,3876,256,0.0,False,0.0,0.0,0,,,,,0.5069204000694469,0.2136588086310551,0.2932615914383918,0.6038971321049488,0.2708603548592716,0.7343100710841394,0.2304418042530811,0.5631633499721067,0.2459707210285094,0.6117365303559271,0.0617203447329952,0.8547032709135961,256.0,1,0.00390625,0,0,,,,,,,,,,,,0.05,0.1,0.2915903773526514,0.0806743280780256,0.3792423134416985,,,0.35546875,0.0625,0.43359375
abf_fr_information_oracle|tt=information_oracle|g=0.001|eta=0.1|bi=0.909091|sf=0.954545|fe=500|seed=6005,abf_fr_information_oracle|tt=information_oracle|g=0.001|eta=0.1|bi=0.909091|sf=0.954545|fe=500,abf_fr_information_oracle,information_oracle,6005,0.001,0.1,0.9090909090909092,0.9545454545454544,500,7000,14.0,0.2369018774433233,0.5781161009774354,0.0861991908719415,0.3021641276866982,0.3842485644549447,3982,256,0.0,False,0.0,0.0,0,,,,,0.5105600562442021,0.2136588086310551,0.2969012476131469,0.5705621181136672,0.259293703114687,0.6940214998571342,0.2228400680857908,0.532425003436528,0.2369018774433233,0.5781161009774354,0.0598487584508334,0.8205238749254945,256.0,1,0.00390625,0,0,,,,,,,,,,,,0.05,0.1,0.3021641276866982,0.0861991908719415,0.3842485644549447,,,0.35546875,0.0625,0.43359375
abf_fr_information_oracle|tt=information_oracle|g=0.001|eta=0.1|bi=0.909091|sf=0.954545|fe=500|seed=6005,abf_fr_information_oracle|tt=information_oracle|g=0.001|eta=0.1|bi=0.909091|sf=0.954545|fe=500,abf_fr_information_oracle,information_oracle,6005,0.001,0.1,0.9090909090909092,0.9545454545454544,500,7500,15.0,0.2330488140903758,0.5529806469740951,0.0840584075594025,0.2969945143412698,0.4070418485244801,4127,256,0.0,False,0.0,0.0,0,,,,,0.5269042010363165,0.2136588086310551,0.3132453924052614,0.5441583853368492,0.2527514574860834,0.6638902204515377,0.2203421556655082,0.5095145230653834,0.2330488140903758,0.5529806469740951,0.058121953714044,0.7910588669984807,256.0,1,0.00390625,0,0,,,,,,,,,,,,0.05,0.1,0.2969945143412698,0.0840584075594025,0.4070418485244801,,,0.34765625,0.06640625,0.4296875
abf_fr_information_oracle|tt=information_oracle|g=0.001|eta=0.1|bi=0.909091|sf=0.954545|fe=500|seed=6005,abf_fr_information_oracle|tt=information_oracle|g=0.001|eta=0.1|bi=0.909091|sf=0.954545|fe=500,abf_fr_information_oracle,information_oracle,6005,0.001,0.1,0.9090909090909092,0.9545454545454544,500,8000,16.0,0.2276506677912803,0.5300531956626043,0.0912001758925097,0.3089529687705609,0.4079151999311609,4251,256,0.0,False,0.0,0.0,0,,,,,0.5317130037434588,0.2136588086310551,0.3180541951124036,0.5205034596221084,0.2454474423681169,0.636485325895691,0.2160889393889629,0.4885888527961666,0.2276506677912803,0.5300531956626043,0.0564440254288621,0.7636695536062529,256.0,1,0.00390625,0,0,,,,,,,,,,,,0.05,0.1,0.3089529687705609,0.0912001758925097,0.4079151999311609,,,0.35546875,0.046875,0.43359375
abf_fr_information_oracle|tt=information_oracle|g=0.001|eta=0.1|bi=0.909091|sf=0.954545|fe=500|seed=6005,abf_fr_information_oracle|tt=information_oracle|g=0.001|eta=0.1|bi=0.909091|sf=0.954545|fe=500,abf_fr_information_oracle,information_oracle,6005,0.001,0.1,0.9090909090909092,0.9545454545454544,500,8500,17.0,0.2225320281247345,0.5121358990187654,0.1034561297628851,0.3222850117670308,0.3787871876989787,4360,256,0.0,False,0.0,0.0,0,,,,,0.531561667135275,0.2136588086310551,0.3179028585042198,0.5029147248631908,0.2392571944428121,0.6151112496339738,0.2113597260580546,0.4723581882772585,0.2225320281247345,0.5121358990187654,0.0554885028215101,0.7453776462051522,256.0,1,0.00390625,0,0,,,,,,,,,,,,0.05,0.1,0.3222850117670308,0.1034561297628851,0.3787871876989787,,,0.359375,0.0390625,0.42578125
abf_fr_information_oracle|tt=information_oracle|g=0.001|eta=0.1|bi=0.909091|sf=0.954545|fe=500|seed=6005,abf_fr_information_oracle|tt=information_oracle|g=0.001|eta=0.1|bi=0.909091|sf=0.954545|fe=500,abf_fr_information_oracle,information_oracle,6005,0.001,0.1,0.9090909090909092,0.9545454545454544,500,9000,18.0,0.2177837900150239,0.4972910346017136,0.0942054016042165,0.3092240089976739,0.4053603626966299,4457,256,0.0,False,0.0,0.0,0,,,,,0.5302966590042004,0.2136588086310551,0.3166378503731453,0.4876790274678192,0.2335320684083902,0.5973576425801763,0.2071444581877249,0.4588270132814664,0.2177837900150239,0.4972910346017136,0.0539176681305996,0.7254621699681825,256.0,1,0.00390625,0,0,,,,,,,,,,,,0.05,0.1,0.3092240089976739,0.0942054016042165,0.4053603626966299,,,0.34765625,0.0546875,0.4609375
abf_fr_information_oracle|tt=information_oracle|g=0.001|eta=0.1|bi=0.909091|sf=0.954545|fe=500|seed=6005,abf_fr_information_oracle|tt=information_oracle|g=0.001|eta=0.1|bi=0.909091|sf=0.954545|fe=500,abf_fr_information_oracle,information_oracle,6005,0.001,0.1,0.9090909090909092,0.9545454545454544,500,9500,19.0,0.2096596438616057,0.4731654165288669,0.0968763108656387,0.3080931013558608,0.3879100193771675,4574,256,0.0,False,0.0,0.0,0,,,,,0.5228287736442851,0.2136588086310551,0.30916996501323,0.4648783604015424,0.2240855396673988,0.5684236112665731,0.1998056716359113,0.4371569963845839,0.2096596438616057,0.4731654165288669,0.0521262545303769,0.695263635039629,256.0,1,0.00390625,0,0,,,,,,,,,,,,0.05,0.1,0.3080931013558608,0.0968763108656387,0.3879100193771675,,,0.3359375,0.04296875,0.48046875
abf_fr_information_oracle|tt=information_oracle|g=0.001|eta=0.1|bi=0.909091|sf=0.954545|fe=500|seed=6005,abf_fr_information_oracle|tt=information_oracle|g=0.001|eta=0.1|bi=0.909091|sf=0.954545|fe=500,abf_fr_information_oracle,information_oracle,6005,0.001,0.1,0.9090909090909092,0.9545454545454544,500,10000,20.0,0.2005572686267906,0.4493057763565525,0.0996571228037114,0.3097863166815063,0.3685504146831034,4643,256,0.001,True,0.0,0.0,0,-1.457167719820518e-16,0.980933564090975,-3.583687310062568,1.2926759234268843,0.511470171853798,0.2136588086310551,0.2978113632227428,0.4425189279415196,0.2142398261139595,0.5397097179792789,0.1910562359292809,0.415656670512869,0.2005572686267906,0.4493057763565525,0.0502189113637859,0.6639271393276943,256.0,1,0.00390625,1,0,0.0,-3.3428311256640804,-3.3428311256640804,-1.0348530262605764,-1.0348530262605764,0.0315957540583214,0.0315957540583214,1.0217171275159231,1.0217171275159231,1.2813793323479756,1.2813793323479756,0.05,0.1,0.3097863166815063,0.0996571228037114,0.3685504146831034,0.980933564090975,1.2926759234268843,0.33984375,0.04296875,0.46484375
abf_fr_information_oracle|tt=information_oracle|g=0.001|eta=0.1|bi=0.909091|sf=0.954545|fe=500|seed=6005,abf_fr_information_oracle|tt=information_oracle|g=0.001|eta=0.1|bi=0.909091|sf=0.954545|fe=500,abf_fr_information_oracle,information_oracle,6005,0.001,0.1,0.9090909090909092,0.9545454545454544,500,10500,21.0,0.1895016308414305,0.4222331724117077,0.0815190576010177,0.2879362695627699,0.3873668796308052,4731,256,0.0,False,0.0,0.0,0,,,,,0.496276412394522,0.2136588086310551,0.2826176037634669,0.4172824683131469,0.2024625564285997,0.5071761435536204,0.1804096573285201,0.391464686196545,0.1895016308414305,0.4222331724117077,0.0478327856921257,0.6280469737722234,256.0,1,0.00390625,1,0,,,,,,,,,,,,0.05,0.1,0.2879362695627699,0.0815190576010177,0.3873668796308052,,,0.33984375,0.06640625,0.41796875
abf_fr_information_oracle|tt=information_oracle|g=0.001|eta=0.1|bi=0.909091|sf=0.954545|fe=500|seed=6005,abf_fr_information_oracle|tt=information_oracle|g=0.001|eta=0.1|bi=0.909091|sf=0.954545|fe=500,abf_fr_information_oracle,information_oracle,6005,0.001,0.1,0.9090909090909092,0.9545454545454544,500,11000,22.0,0.1797275920365368,0.3968671147556989,0.0799982625904213,0.2882766710122314,0.3866408279005719,4805,256,0.0,False,0.0,0.0,0,,,,,0.484979222238028,0.2136588086310551,0.2713204136069729,0.3928129128924196,0.1919410693775343,0.4766566348262502,0.1711701386601785,0.3687931305875055,0.1797275920365368,0.3968671147556989,0.0453652650373552,0.5907953885386108,256.0,1,0.00390625,1,0,,,,,,,,,,,,0.05,0.1,0.2882766710122314,0.0799982625904213,0.3866408279005719,,,0.34375,0.07421875,0.4609375
abf_fr_information_oracle|tt=information_oracle|g=0.001|eta=0.1|bi=0.909091|sf=0.954545|fe=500|seed=6006,abf_fr_information_oracle|tt=information_oracle|g=0.001|eta=0.1|bi=0.909091|sf=0.954545|fe=500,abf_fr_information_oracle,information_oracle,6006,0.001,0.1,0.9090909090909092,0.9545454545454544,500,0,0.0,2.906603863987052,6.564657815288973,0.0615385677884395,0.230536039950164,0.3870790514676084,0,256,0.0,False,0.0,0.0,0,,,,,0.0,0.2136588086310551,0.2136588086310551,1.8839792970692677,0.7722826132658906,3.487298309594125,5.408116675855963,9.381946420303988,2.906603863987052,6.564657815288973,0.037083496902375,0.7293641473133242,256.0,1,0.00390625,0,0,,,,,,,,,,,,0.05,0.1,0.230536039950164,0.0615385677884395,0.3870790514676084,,,0.359375,0.2109375,0.3046875
abf_fr_information_oracle|tt=information_oracle|g=0.001|eta=0.1|bi=0.909091|sf=0.954545|fe=500|seed=6006,abf_fr_information_oracle|tt=information_oracle|g=0.001|eta=0.1|bi=0.909091|sf=0.954545|fe=500,abf_fr_information_oracle,information_oracle,6006,0.001,0.1,0.9090909090909092,0.9545454545454544,500,500,1.0,0.5997623603887958,1.352738064828684,0.1011590189359308,0.2843375357407408,0.346056713966463,784,256,0.0,False,0.0,0.0,0,,,,,-0.4884458768856312,0.2136588086310551,0.7021046855166864,1.5165699982327212,0.6600180544835684,1.4795768579395638,0.5985716051657761,1.2523971984669826,0.5997623603887958,1.352738064828684,0.0604777755578149,0.9444306091850606,256.0,1,0.00390625,0,0,,,,,,,,,,,,0.05,0.1,0.2843375357407408,0.1011590189359308,0.346056713966463,,,0.4375,0.15625,0.34765625
abf_fr_information_oracle|tt=information_oracle|g=0.001|eta=0.1|bi=0.909091|sf=0.954545|fe=500|seed=6006,abf_fr_information_oracle|tt=information_oracle|g=0.001|eta=0.1|bi=0.909091|sf=0.954545|fe=500,abf_fr_information_oracle,information_oracle,6006,0.001,0.1,0.9090909090909092,0.9545454545454544,500,1000,2.0,0.4999604042784948,1.181402687561405,0.1158810933005179,0.3061461274914765,0.3382725971521876,1346,256,0.0,False,0.0,0.0,0,,,,,-0.3363133745189799,0.2136588086310551,0.549972183150035,1.287639646088342,0.555807422004456,1.3495586283304748,0.485621281118917,1.0920766184874957,0.4999604042784948,1.181402687561405,0.068227554752018,1.0437464267081906,256.0,1,0.00390625,0,0,,,,,,,,,,,,0.05,0.1,0.3061461274914765,0.1158810933005179,0.3382725971521876,,,0.44921875,0.1328125,0.37109375
abf_fr_information_oracle|tt=information_oracle|g=0.001|eta=0.1|bi=0.909091|sf=0.954545|fe=500|seed=6006,abf_fr_information_oracle|tt=information_oracle|g=0.001|eta=0.1|bi=0.909091|sf=0.954545|fe=500,abf_fr_information_oracle,information_oracle,6006,0.001,0.1,0.9090909090909092,0.9545454545454544,500,1500,3.0,0.4596489211826342,1.1097496829406617,0.1042399749676443,0.2884320430900673,0.3499101430900193,1869,256,0.0,False,0.0,0.0,0,,,,,-0.2795273960379951,0.2136588086310551,0.4931862046690503,1.190047528983101,0.5137048274705245,1.2941567567277423,0.4394989560672428,1.0226276150882494,0.4596489211826342,1.1097496829406617,0.0720599068645283,1.0807380193723009,256.0,1,0.00390625,0,0,,,,,,,,,,,,0.05,0.1,0.2884320430900673,0.1042399749676443,0.3499101430900193,,,0.46484375,0.11328125,0.37890625
abf_fr_information_oracle|tt=information_oracle|g=0.001|eta=0.1|bi=0.909091|sf=0.954545|fe=500|seed=6006,abf_fr_information_oracle|tt=information_oracle|g=0.001|eta=0.1|bi=0.909091|sf=0.954545|fe=500,abf_fr_information_oracle,information_oracle,6006,0.001,0.1,0.9090909090909092,0.9545454545454544,500,2000,4.0,0.4192589531240585,1.0252101018500897,0.087835949526287,0.2920464512712319,0.3547334636657355,2263,256,0.0,False,0.0,0.0,0,,,,,-0.2109885762618084,0.2136588086310551,0.4246473848928636,1.096236222783206,0.4703626487538839,1.2084799812835691,0.3977776291908375,0.9435220445695836,0.4192589531240585,1.0252101018500897,0.0726267194986357,1.0781999290910915,256.0,1,0.00390625,0,0,,,,,,,,,,,,0.05,0.1,0.2920464512712319,0.087835949526287,0.3547334636657355,,,0.46484375,0.109375,0.37890625
abf_fr_information_oracle|tt=information_oracle|g=0.001|eta=0.1|bi=0.909091|sf=0.954545|fe=500|seed=6006,abf_fr_information_oracle|tt=information_oracle|g=0.001|eta=0.1|bi=0.909091|sf=0.954545|fe=500,abf_fr_information_oracle,information_oracle,6006,0.001,0.1,0.9090909090909092,0.9545454545454544,500,2500,5.0,0.3894488228133503,0.9616898841298206,0.0958740351302408,0.2972598852576512,0.3656185505131694,2631,256,0.0,False,0.0,0.0,0,,,,,-0.1812033120208482,0.2136588086310551,0.3948621206519034,1.0180919572704488,0.4367708567048368,1.1417223233787923,0.3681274237426876,0.8837219821153366,0.3894488228133503,0.9616898841298206,0.0720316708584127,1.0651203044649424,256.0,1,0.00390625,0,0,,,,,,,,,,,,0.05,0.1,0.2972598852576512,0.0958740351302408,0.3656185505131694,,,0.48828125,0.09375,0.37109375
abf_fr_information_oracle|tt=information_oracle|g=0.001|eta=0.1|bi=0.909091|sf=0.954545|fe=500|seed=6006,abf_fr_information_oracle|tt=information_oracle|g=0.001|eta=0.1|bi=0.909091|sf=0.954545|fe=500,abf_fr_information_oracle,information_oracle,6006,0.001,0.1,0.9090909090909092,0.9545454545454544,500,3000,6.0,0.3552061852446918,0.8890684122195667,0.0794361667070707,0.2924786778302347,0.3722006071329731,2879,256,0.0,False,0.0,0.0,0,,,,,-0.1285028639919154,0.2136588086310551,0.3421616726229706,0.934832565197992,0.3994871882516675,1.0584414634220094,0.3350829659453065,0.816938159247075,0.3552061852446918,0.8890684122195667,0.0706043854161682,1.0306344860579897,256.0,1,0.00390625,0,0,,,,,,,,,,,,0.05,0.1,0.2924786778302347,0.0794361667070707,0.3722006071329731,,,0.47265625,0.08984375,0.3828125
abf_fr_information_oracle|tt=information_oracle|g=0.001|eta=0.1|bi=0.909091|sf=0.954545|fe=500|seed=6006,abf_fr_information_oracle|tt=information_oracle|g=0.001|eta=0.1|bi=0.909091|sf=0.954545|fe=500,abf_fr_information_oracle,information_oracle,6006,0.001,0.1,0.9090909090909092,0.9545454545454544,500,3500,7.0,0.3318712518086587,0.8416686757313161,0.1018080176799813,0.3044861465760935,0.3598292815224706,3154,256,0.0,False,0.0,0.0,0,,,,,-0.0977792298430273,0.2136588086310551,0.3114380384740824,0.8776437395219591,0.3739530896777673,1.0046969697800627,0.3124970499362318,0.7733476888614275,0.3318712518086587,0.8416686757313161,0.0700064920162788,1.0170633894821737,256.0,1,0.00390625,0,0,,,,,,,,,,,,0.05,0.1,0.3044861465760935,0.1018080176799813,0.3598292815224706,,,0.484375,0.08203125,0.37109375
abf_fr_information_oracle|tt=information_oracle|g=0.001|eta=0.1|bi=0.909091|sf=0.954545|fe=500|seed=6006,abf_fr_information_oracle|tt=information_oracle|g=0.001|eta=0.1|bi=0.909091|sf=0.954545|fe=500,abf_fr_information_oracle,information_oracle,6006,0.001,0.1,0.9090909090909092,0.9545454545454544,500,4000,8.0,0.3097148396107288,0.7948324865227986,0.0873693859811701,0.2998684719913355,0.3694103487646028,3408,256,0.0,False,0.0,0.0,0,,,,,-0.064502916372799,0.2136588086310551,0.2781617250038541,0.8245022128025421,0.3496752453217753,0.950922335798798,0.2902663246033071,0.7298867376370309,0.3097148396107288,0.7948324865227986,0.0690010362059384,0.9973994879144966,256.0,1,0.00390625,0,0,,,,,,,,,,,,0.05,0.1,0.2998684719913355,0.0873693859811701,0.3694103487646028,,,0.4765625,0.0703125,0.3671875
abf_fr_information_oracle|tt=information_oracle|g=0.001|eta=0.1|bi=0.909091|sf=0.954545|fe=500|seed=6006,abf_fr_information_oracle|tt=information_oracle|g=0.001|eta=0.1|bi=0.909091|sf=0.954545|fe=500,abf_fr_information_oracle,information_oracle,6006,0.001,0.1,0.9090909090909092,0.9545454545454544,500,4500,9.0,0.290678022078008,0.7494203976903993,0.0874882525872814,0.299920673941431,0.3701977581705409,3622,256,0.0,False,0.0,0.0,0,,,,,-0.0452410518994916,0.2136588086310551,0.2588998605305468,0.7755067665171544,0.3283214582155224,0.8976710458789693,0.2719651886100185,0.6880804347267729,0.290678022078008,0.7494203976903993,0.0680178239211699,0.974892374182683,256.0,1,0.00390625,0,0,,,,,,,,,,,,0.05,0.1,0.299920673941431,0.0874882525872814,0.3701977581705409,,,0.47265625,0.0703125,0.34375
abf_fr_information_oracle|tt=information_oracle|g=0.001|eta=0.1|bi=0.909091|sf=0.954545|fe=500|seed=6006,abf_fr_information_oracle|tt=information_oracle|g=0.001|eta=0.1|bi=0.909091|sf=0.954545|fe=500,abf_fr_information_oracle,information_oracle,6006,0.001,0.1,0.9090909090909092,0.9545454545454544,500,5000,10.0,0.2782469761090805,0.7152263367131435,0.0854101994910104,0.3026543965820024,0.3577550216593254,3935,256,0.0,False,0.0,0.0,0,,,,,-0.0384032633706077,0.2136588086310551,0.2520620720016628,0.739968325878082,0.3136340302942629,0.857575374531006,0.2606398770353105,0.656452791619388,0.2782469761090805,0.7152263367131435,0.0663264897676221,0.946911800105728,256.0,1,0.00390625,0,0,,,,,,,,,,,,0.05,0.1,0.3026543965820024,0.0854101994910104,0.3577550216593254,,,0.47265625,0.0625,0.34765625
abf_fr_information_oracle|tt=information_oracle|g=0.001|eta=0.1|bi=0.909091|sf=0.954545|fe=500|seed=6006,abf_fr_information_oracle|tt=information_oracle|g=0.001|eta=0.1|bi=0.909091|sf=0.954545|fe=500,abf_fr_information_oracle,information_oracle,6006,0.001,0.1,0.9090909090909092,0.9545454545454544,500,5500,11.0,0.2658678082810365,0.6869548661218416,0.0816759086025087,0.2988648553055538,0.3922964275658817,4145,256,0.0,False,0.0,0.0,0,,,,,-0.0242201636976844,0.2136588086310551,0.2378789723287395,0.708219764469582,0.2999281453224678,0.8241354626386186,0.2487920715413838,0.6305310202794251,0.2658678082810365,0.6869548661218416,0.0653840751062955,0.9258262856006751,256.0,1,0.00390625,0,0,,,,,,,,,,,,0.05,0.1,0.2988648553055538,0.0816759086025087,0.3922964275658817,,,0.4453125,0.0546875,0.375
abf_fr_information_oracle|tt=information_oracle|g=0.001|eta=0.1|bi=0.909091|sf=0.954545|fe=500|seed=6006,abf_fr_information_oracle|tt=information_oracle|g=0.001|eta=0.1|bi=0.909091|sf=0.954545|fe=500,abf_fr_information_oracle,information_oracle,6006,0.001,0.1,0.9090909090909092,0.9545454545454544,500,6000,12.0,0.2527960513556827,0.655402961987384,0.0864604801500604,0.3043244264137343,0.3759986837219972,4312,256,0.0,False,0.0,0.0,0,,,,,-0.0093666372177629,0.2136588086310551,0.2230254458488181,0.674238635400794,0.2852660189527098,0.7868246540472986,0.2367542490842523,0.6019357531351867,0.2527960513556827,0.655402961987384,0.0642607211061031,0.9014376983469186,256.0,1,0.00390625,0,0,,,,,,,,,,,,0.05,0.1,0.3043244264137343,0.0864604801500604,0.3759986837219972,,,0.46875,0.05859375,0.3515625
abf_fr_information_oracle|tt=information_oracle|g=0.001|eta=0.1|bi=0.909091|sf=0.954545|fe=500|seed=6006,abf_fr_information_oracle|tt=information_oracle|g=0.001|eta=0.1|bi=0.909091|sf=0.954545|fe=500,abf_fr_information_oracle,information_oracle,6006,0.001,0.1,0.9090909090909092,0.9545454545454544,500,6500,13.0,0.240730706850242,0.623651594259328,0.098992185442775,0.3048207022555592,0.3631138584666123,4451,256,0.0,False,0.0,0.0,0,,,,,-0.0013649469188408,0.2136588086310551,0.2150237555498959,0.6417094207665569,0.2714261311076513,0.7488211910782044,0.2255356500624316,0.5729387343493438,0.240730706850242,0.623651594259328,0.0621298416263888,0.8677253059848845,256.0,1,0.00390625,0,0,,,,,,,,,,,,0.05,0.1,0.3048207022555592,0.098992185442775,0.3631138584666123,,,0.45703125,0.05859375,0.34765625
abf_fr_information_oracle|tt=information_oracle|g=0.001|eta=0.1|bi=0.909091|sf=0.954545|fe=500|seed=6006,abf_fr_information_oracle|tt=information_oracle|g=0.001|eta=0.1|bi=0.909091|sf=0.954545|fe=500,abf_fr_information_oracle,information_oracle,6006,0.001,0.1,0.9090909090909092,0.9545454545454544,500,7000,14.0,0.2311728160690289,0.6025696363338937,0.0897820658870591,0.3071365504035449,0.3943510754172283,4623,256,0.0,False,0.0,0.0,0,,,,,0.0139263708178312,0.2136588086310551,0.1997324378132239,0.6192558594081358,0.2611981559625083,0.7236366792759846,0.2161517035422337,0.5539214683964431,0.2311728160690289,0.6025696363338937,0.0613713600139125,0.8507080253898825,256.0,1,0.00390625,0,0,,,,,,,,,,,,0.05,0.1,0.3071365504035449,0.0897820658870591,0.3943510754172283,,,0.453125,0.05859375,0.3515625
abf_fr_information_oracle|tt=information_oracle|g=0.001|eta=0.1|bi=0.909091|sf=0.954545|fe=500|seed=6006,abf_fr_information_oracle|tt=information_oracle|g=0.001|eta=0.1|bi=0.909091|sf=0.954545|fe=500,abf_fr_information_oracle,information_oracle,6006,0.001,0.1,0.9090909090909092,0.9545454545454544,500,7500,15.0,0.2220243472041959,0.5825877159187133,0.0991406697326992,0.3151570454283258,0.3696256016867918,4793,256,0.0,False,0.0,0.0,0,,,,,0.0294009232899092,0.2136588086310551,0.1842578853411458,0.5973798920908434,0.2512536157559747,0.6997761953175854,0.2072040374447666,0.5358168930913445,0.2220243472041959,0.5825877159187133,0.0598603457541628,0.8279605527068354,256.0,1,0.00390625,0,0,,,,,,,,,,,,0.05,0.1,0.3151570454283258,0.0991406697326992,0.3696256016867918,,,0.4453125,0.04296875,0.3515625
abf_fr_information_oracle|tt=information_oracle|g=0.001|eta=0.1|bi=0.909091|sf=0.954545|fe=500|seed=6006,abf_fr_information_oracle|tt=information_oracle|g=0.001|eta=0.1|bi=0.909091|sf=0.954545|fe=500,abf_fr_information_oracle,information_oracle,6006,0.001,0.1,0.9090909090909092,0.9545454545454544,500,8000,16.0,0.2140962538192719,0.5631541725748184,0.0916007723347575,0.3049234739231111,0.3842605752257592,4924,256,0.0,False,0.0,0.0,0,,,,,0.0403933537219849,0.2136588086310551,0.1732654549090702,0.5766974813210447,0.2422768107559901,0.6766979609624392,0.199577181039172,0.5181470933698925,0.2140962538192719,0.5631541725748184,0.0587201167138606,0.80848750102894,256.0,1,0.00390625,0,0,,,,,,,,,,,,0.05,0.1,0.3049234739231111,0.0916007723347575,0.3842605752257592,,,0.44921875,0.05078125,0.33984375
abf_fr_information_oracle|tt=information_oracle|g=0.001|eta=0.1|bi=0.909091|sf=0.954545|fe=500|seed=6006,abf_fr_information_oracle|tt=information_oracle|g=0.001|eta=0.1|bi=0.909091|sf=0.954545|fe=500,abf_fr_information_oracle,information_oracle,6006,0.001,0.1,0.9090909090909092,0.9545454545454544,500,8500,17.0,0.2107247442586575,0.5543541427204511,0.0869209950810225,0.3073276688971872,0.3952456908079905,5062,256,0.0,False,0.0,0.0,0,,,,,0.0397318869751508,0.2136588086310551,0.1739269216559043,0.565793772346904,0.2380979524878326,0.6662228209122042,0.1969054085911874,0.5102634446418133,0.2107247442586575,0.5543541427204511,0.0585342019054588,0.8053795069144171,256.0,1,0.00390625,0,0,,,,,,,,,,,,0.05,0.1,0.3073276688971872,0.0869209950810225,0.3952456908079905,,,0.46875,0.05078125,0.3359375
abf_fr_information_oracle|tt=information_oracle|g=0.001|eta=0.1|bi=0.909091|sf=0.954545|fe=500|seed=6006,abf_fr_information_oracle|tt=information_oracle|g=0.001|eta=0.1|bi=0.909091|sf=0.954545|fe=500,abf_fr_information_oracle,information_oracle,6006,0.001,0.1,0.9090909090909092,0.9545454545454544,500,9000,18.0,0.2036012045949005,0.5410281235303197,0.0857792178589474,0.2948890361297611,0.3797377641344912,5238,256,0.0,False,0.0,0.0,0,,,,,0.0563486916517881,0.2136588086310551,0.157310116979267,0.5503305022818826,0.2306776527609705,0.6502082299170485,0.1900680159801409,0.4980897079528026,0.2036012045949005,0.5410281235303197,0.0575977258136238,0.7923147767696243,256.0,1,0.00390625,0,0,,,,,,,,,,,,0.05,0.1,0.2948890361297611,0.0857792178589474,0.3797377641344912,,,0.4453125,0.0546875,0.33203125
abf_fr_information_oracle|tt=information_oracle|g=0.001|eta=0.1|bi=0.909091|sf=0.954545|fe=500|seed=6006,abf_fr_information_oracle|tt=information_oracle|g=0.001|eta=0.1|bi=0.909091|sf=0.954545|fe=500,abf_fr_information_oracle,information_oracle,6006,0.001,0.1,0.9090909090909092,0.9545454545454544,500,9500,19.0,0.1993471251791329,0.5258132271667151,0.0854085936691935,0.2956678723684521,0.3930243106322582,5425,256,0.0,False,0.0,0.0,0,,,,,0.0511384034585518,0.2136588086310551,0.1625204051725033,0.5351291331249993,0.225196473377385,0.6320308942357029,0.1866126778042403,0.4843442685619201,0.1993471251791329,0.5258132271667151,0.0567967561138252,0.7766975190451035,256.0,1,0.00390625,0,0,,,,,,,,,,,,0.05,0.1,0.2956678723684521,0.0854085936691935,0.3930243106322582,,,0.44921875,0.0625,0.32421875
abf_fr_information_oracle|tt=information_oracle|g=0.001|eta=0.1|bi=0.909091|sf=0.954545|fe=500|seed=6006,abf_fr_information_oracle|tt=information_oracle|g=0.001|eta=0.1|bi=0.909091|sf=0.954545|fe=500,abf_fr_information_oracle,information_oracle,6006,0.001,0.1,0.9090909090909092,0.9545454545454544,500,10000,20.0,0.1903997847398817,0.5037658820214918,0.0829321349672592,0.2966098323310704,0.3803549874848632,5616,256,0.001,True,0.0,0.0,0,1.0408340855860844e-16,1.0164291056704695,-3.849509911760508,1.3940057173083489,0.0628259846969854,0.2136588086310551,0.1508328239340697,0.5128219236702158,0.2153971598729715,0.6055986398354446,0.1780519757942879,0.4644754210689405,0.1903997847398817,0.5037658820214918,0.0552989481377077,0.7524181747683528,256.0,1,0.00390625,1,0,0.0,-3.2140177971757087,-3.2140177971757087,-1.2769210563680031,-1.2769210563680031,0.1507595240225681,0.1507595240225681,1.134837582471616,1.134837582471616,1.3923244034482087,1.3923244034482087,0.05,0.1,0.2966098323310704,0.0829321349672592,0.3803549874848632,1.0164291056704695,1.3940057173083489,0.44921875,0.06640625,0.328125
abf_fr_information_oracle|tt=information_oracle|g=0.001|eta=0.1|bi=0.909091|sf=0.954545|fe=500|seed=6006,abf_fr_information_oracle|tt=information_oracle|g=0.001|eta=0.1|bi=0.909091|sf=0.954545|fe=500,abf_fr_information_oracle,information_oracle,6006,0.001,0.1,0.9090909090909092,0.9545454545454544,500,10500,21.0,0.1853965397322937,0.4903504537554851,0.0894164832087372,0.3091861807800077,0.3874882728089182,5722,256,0.0,False,0.0,0.0,0,,,,,0.0661316481920337,0.2136588086310551,0.1475271604390213,0.4994042715669231,0.2096840851929583,0.5894892005541147,0.1733606504784115,0.4524813593054538,0.1853965397322937,0.4903504537554851,0.0542424760264726,0.7356033860135494,256.0,1,0.00390625,1,0,,,,,,,,,,,,0.05,0.1,0.3091861807800077,0.0894164832087372,0.3874882728089182,,,0.42578125,0.046875,0.33984375
abf_fr_information_oracle|tt=information_oracle|g=0.001|eta=0.1|bi=0.909091|sf=0.954545|fe=500|seed=6006,abf_fr_information_oracle|tt=information_oracle|g=0.001|eta=0.1|bi=0.909091|sf=0.954545|fe=500,abf_fr_information_oracle,information_oracle,6006,0.001,0.1,0.9090909090909092,0.9545454545454544,500,11000,22.0,0.1818133371650064,0.4805625471042695,0.090162092033503,0.3071918858475093,0.388197748028725,5840,256,0.0,False,0.0,0.0,0,,,,,0.0685817321058763,0.2136588086310551,0.1450770765251787,0.4896017766851684,0.2055444951083794,0.5777734733400224,0.1700737689413463,0.4436424167821307,0.1818133371650064,0.4805625471042695,0.0532311550814724,0.7228462908646088,256.0,1,0.00390625,1,0,,,,,,,,,,,,0.05,0.1,0.3071918858475093,0.090162092033503,0.388197748028725,,,0.4140625,0.046875,0.328125
abf_fr_information_oracle|tt=information_oracle|g=0.001|eta=0.1|bi=0.909091|sf=0.954545|fe=500|seed=6007,abf_fr_information_oracle|tt=information_oracle|g=0.001|eta=0.1|bi=0.909091|sf=0.954545|fe=500,abf_fr_information_oracle,information_oracle,6007,0.001,0.1,0.9090909090909092,0.9545454545454544,500,0,0.0,2.906603863987052,6.564657815288973,0.0608120094470472,0.2491462770273302,0.4076149911386127,0,256,0.0,False,0.0,0.0,0,,,,,0.0,0.2136588086310551,0.2136588086310551,1.8839792970692677,0.7722826132658906,3.487298309594125,5.408116675855963,9.381946420303988,2.906603863987052,6.564657815288973,0.037083496902375,0.7293641473133242,256.0,1,0.00390625,0,0,,,,,,,,,,,,0.05,0.1,0.2491462770273302,0.0608120094470472,0.4076149911386127,,,0.37890625,0.1640625,0.3046875
abf_fr_information_oracle|tt=information_oracle|g=0.001|eta=0.1|bi=0.909091|sf=0.954545|fe=500|seed=6007,abf_fr_information_oracle|tt=information_oracle|g=0.001|eta=0.1|bi=0.909091|sf=0.954545|fe=500,abf_fr_information_oracle,information_oracle,6007,0.001,0.1,0.9090909090909092,0.9545454545454544,500,500,1.0,0.6138210099030192,1.2148614265469533,0.122674525501027,0.3105347774861256,0.3573328605458405,398,256,0.0,False,0.0,0.0,0,,,,,-0.7733606850182895,0.2136588086310551,0.9870194936493446,1.2747706588112255,0.6094508851158913,1.274855317378826,0.6554901989796883,1.122435902738958,0.6138210099030192,1.2148614265469533,0.0586712067651009,0.8751214114025037,256.0,1,0.00390625,0,0,,,,,,,,,,,,0.05,0.1,0.3105347774861256,0.122674525501027,0.3573328605458405,,,0.42578125,0.1171875,0.37109375
abf_fr_information_oracle|tt=information_oracle|g=0.001|eta=0.1|bi=0.909091|sf=0.954545|fe=500|seed=6007,abf_fr_information_oracle|tt=information_oracle|g=0.001|eta=0.1|bi=0.909091|sf=0.954545|fe=500,abf_fr_information_oracle,information_oracle,6007,0.001,0.1,0.9090909090909092,0.9545454545454544,500,1000,2.0,0.5457331064294367,1.0081945218492785,0.1090460834222631,0.2985953876758966,0.3608238851325122,759,256,0.0,False,0.0,0.0,0,,,,,-0.7582668273545643,0.2136588086310551,0.9719256359856194,1.0576339239937107,0.5412596864542434,1.1048593420835502,0.5719979889280757,0.9302011131467768,0.5457331064294367,1.0081945218492785,0.0661078112905743,0.9333109809275972,256.0,1,0.00390625,0,0,,,,,,,,,,,,0.05,0.1,0.2985953876758966,0.1090460834222631,0.3608238851325122,,,0.44140625,0.1015625,0.3984375
abf_fr_information_oracle|tt=information_oracle|g=0.001|eta=0.1|bi=0.909091|sf=0.954545|fe=500|seed=6007,abf_fr_information_oracle|tt=information_oracle|g=0.001|eta=0.1|bi=0.909091|sf=0.954545|fe=500,abf_fr_information_oracle,information_oracle,6007,0.001,0.1,0.9090909090909092,0.9545454545454544,500,1500,3.0,0.4745185046203103,0.8856135811533785,0.1082338597096228,0.3021927357246426,0.3703002032055363,1043,256,0.0,False,0.0,0.0,0,,,,,-0.6493988531365247,0.2136588086310551,0.8630576617675798,0.9247858438201446,0.4781133822625389,0.996128408136984,0.489789620441367,0.8167674792024542,0.4745185046203103,0.8856135811533785,0.0642981948588351,0.9098107953190692,256.0,1,0.00390625,0,0,,,,,,,,,,,,0.05,0.1,0.3021927357246426,0.1082338597096228,0.3703002032055363,,,0.453125,0.09375,0.40234375
abf_fr_information_oracle|tt=information_oracle|g=0.001|eta=0.1|bi=0.909091|sf=0.954545|fe=500|seed=6007,abf_fr_information_oracle|tt=information_oracle|g=0.001|eta=0.1|bi=0.909091|sf=0.954545|fe=500,abf_fr_information_oracle,information_oracle,6007,0.001,0.1,0.9090909090909092,0.9545454545454544,500,2000,4.0,0.434867584785326,0.8010164351503433,0.1066189733122642,0.3031175834932713,0.3717623622064968,1297,256,0.0,False,0.0,0.0,0,,,,,-0.5871529875183796,0.2136588086310551,0.8008117961494348,0.833820796755429,0.4383806527520815,0.916240516138142,0.4461901681000401,0.739028424195069,0.434867584785326,0.8010164351503433,0.0625023343091787,0.8785208301067845,256.0,1,0.00390625,0,0,,,,,,,,,,,,0.05,0.1,0.3031175834932713,0.1066189733122642,0.3717623622064968,,,0.44921875,0.0859375,0.4140625
abf_fr_information_oracle|tt=information_oracle|g=0.001|eta=0.1|bi=0.909091|sf=0.954545|fe=500|seed=6007,abf_fr_information_oracle|tt=information_oracle|g=0.001|eta=0.1|bi=0.909091|sf=0.954545|fe=500,abf_fr_information_oracle,information_oracle,6007,0.001,0.1,0.9090909090909092,0.9545454545454544,500,2500,5.0,0.4203249596812214,0.7496232357709454,0.096838834006868,0.2945938730744484,0.3806351350809474,1634,256,0.0,False,0.0,0.0,0,,,,,-0.5711548913687174,0.2136588086310551,0.7848136999997726,0.7873139624763273,0.4219008684415477,0.8701961301958696,0.4291214633257897,0.6913887388767953,0.4203249596812214,0.7496232357709454,0.0614156365339406,0.8546055648347023,256.0,1,0.00390625,0,0,,,,,,,,,,,,0.05,0.1,0.2945938730744484,0.096838834006868,0.3806351350809474,,,0.44140625,0.125,0.3984375
abf_fr_information_oracle|tt=information_oracle|g=0.001|eta=0.1|bi=0.909091|sf=0.954545|fe=500|seed=6007,abf_fr_information_oracle|tt=information_oracle|g=0.001|eta=0.1|bi=0.909091|sf=0.954545|fe=500,abf_fr_information_oracle,information_oracle,6007,0.001,0.1,0.9090909090909092,0.9545454545454544,500,3000,6.0,0.3950826011553321,0.6917761946978006,0.0891352568171939,0.2756884614787929,0.389373716879177,1922,256,0.0,False,0.0,0.0,0,,,,,-0.5355170488937624,0.2136588086310551,0.7491758575248175,0.7239518982350551,0.3955491577159442,0.809603436812402,0.4017879654498136,0.6379576567795102,0.3950826011553321,0.6917761946978006,0.0595911740310294,0.824483320006403,256.0,1,0.00390625,0,0,,,,,,,,,,,,0.05,0.1,0.2756884614787929,0.0891352568171939,0.389373716879177,,,0.44140625,0.1015625,0.37890625
abf_fr_information_oracle|tt=information_oracle|g=0.001|eta=0.1|bi=0.909091|sf=0.954545|fe=500|seed=6007,abf_fr_information_oracle|tt=information_oracle|g=0.001|eta=0.1|bi=0.909091|sf=0.954545|fe=500,abf_fr_information_oracle,information_oracle,6007,0.001,0.1,0.9090909090909092,0.9545454545454544,500,3500,7.0,0.3746121430393471,0.6352034962653309,0.0796187662648405,0.2816980154116548,0.3889153434838653,2208,256,0.0,False,0.0,0.0,0,,,,,-0.5072053918031898,0.2136588086310551,0.7208642004342449,0.6676634329783183,0.3728419729434618,0.7479460343454196,0.3802068401101828,0.5857839157303715,0.3746121430393471,0.6352034962653309,0.0565638142857169,0.7756209210197643,256.0,1,0.00390625,0,0,,,,,,,,,,,,0.05,0.1,0.2816980154116548,0.0796187662648405,0.3889153434838653,,,0.45703125,0.09375,0.3828125
abf_fr_information_oracle|tt=information_oracle|g=0.001|eta=0.1|bi=0.909091|sf=0.954545|fe=500|seed=6007,abf_fr_information_oracle|tt=information_oracle|g=0.001|eta=0.1|bi=0.909091|sf=0.954545|fe=500,abf_fr_information_oracle,information_oracle,6007,0.001,0.1,0.9090909090909092,0.9545454545454544,500,4000,8.0,0.3530932476159057,0.5961790510131109,0.1056015909633016,0.2941205857560784,0.3513908705070354,2507,256,0.0,False,0.0,0.0,0,,,,,-0.4664982008070382,0.2136588086310551,0.6801570094380933,0.6276840393290893,0.3512435699097314,0.7046615559107222,0.3585128923646777,0.5499916872004424,0.3530932476159057,0.5961790510131109,0.0556975591228876,0.7545725441797011,256.0,1,0.00390625,0,0,,,,,,,,,,,,0.05,0.1,0.2941205857560784,0.1056015909633016,0.3513908705070354,,,0.4453125,0.08984375,0.36328125
abf_fr_information_oracle|tt=information_oracle|g=0.001|eta=0.1|bi=0.909091|sf=0.954545|fe=500|seed=6007,abf_fr_information_oracle|tt=information_oracle|g=0.001|eta=0.1|bi=0.909091|sf=0.954545|fe=500,abf_fr_information_oracle,information_oracle,6007,0.001,0.1,0.9090909090909092,0.9545454545454544,500,4500,9.0,0.3309377266436447,0.5549183727630728,0.0827713969868696,0.2861685568254764,0.3580958479964271,2734,256,0.0,False,0.0,0.0,0,,,,,-0.429068526162208,0.2136588086310551,0.6427273347932632,0.5825169815138179,0.3290941527948237,0.6565492559673146,0.3358868441918346,0.5120649451759758,0.3309377266436447,0.5549183727630728,0.0535132311223462,0.7241250711096039,256.0,1,0.00390625,0,0,,,,,,,,,,,,0.05,0.1,0.2861685568254764,0.0827713969868696,0.3580958479964271,,,0.453125,0.10546875,0.328125
abf_fr_information_oracle|tt=information_oracle|g=0.001|eta=0.1|bi=0.909091|sf=0.954545|fe=500|seed=6007,abf_fr_information_oracle|tt=information_oracle|g=0.001|eta=0.1|bi=0.909091|sf=0.954545|fe=500,abf_fr_information_oracle,information_oracle,6007,0.001,0.1,0.9090909090909092,0.9545454545454544,500,5000,10.0,0.3177547028448908,0.5285543785515572,0.0836005063132541,0.2929895848052874,0.3673139402067918,2919,256,0.0,False,0.0,0.0,0,,,,,-0.4073880612747231,0.2136588086310551,0.6210468699057783,0.5553695168942593,0.3158870697856744,0.6266530336604451,0.3221782516950941,0.4881619230483046,0.3177547028448908,0.5285543785515572,0.05254595353432,0.7026828282940609,256.0,1,0.00390625,0,0,,,,,,,,,,,,0.05,0.1,0.2929895848052874,0.0836005063132541,0.3673139402067918,,,0.45703125,0.08984375,0.359375
abf_fr_information_oracle|tt=information_oracle|g=0.001|eta=0.1|bi=0.909091|sf=0.954545|fe=500|seed=6007,abf_fr_information_oracle|tt=information_oracle|g=0.001|eta=0.1|bi=0.909091|sf=0.954545|fe=500,abf_fr_information_oracle,information_oracle,6007,0.001,0.1,0.9090909090909092,0.9545454545454544,500,5500,11.0,0.310682337166369,0.5130143015013863,0.0940271029601822,0.2913584168601666,0.3890935437951209,3154,256,0.0,False,0.0,0.0,0,,,,,-0.3962459636924791,0.2136588086310551,0.6099047723235342,0.5398433335116842,0.3086574555615382,0.6098138792159288,0.3145996503257179,0.4736276606283298,0.310682337166369,0.5130143015013863,0.052126994312442,0.6919546241156612,256.0,1,0.00390625,0,0,,,,,,,,,,,,0.05,0.1,0.2913584168601666,0.0940271029601822,0.3890935437951209,,,0.453125,0.0703125,0.359375
abf_fr_information_oracle|tt=information_oracle|g=0.001|eta=0.1|bi=0.909091|sf=0.954545|fe=500|seed=6007,abf_fr_information_oracle|tt=information_oracle|g=0.001|eta=0.1|bi=0.909091|sf=0.954545|fe=500,abf_fr_information_oracle,information_oracle,6007,0.001,0.1,0.9090909090909092,0.9545454545454544,500,6000,12.0,0.3134311228580531,0.5070483344917455,0.0750978084593409,0.2828207304038448,0.3669019657724431,3349,256,0.0,False,0.0,0.0,0,,,,,-0.4072301481102585,0.2136588086310551,0.6208889567413136,0.5329845876140517,0.3099160090186016,0.6040169354376348,0.3174980456870186,0.4680672696988445,0.3134311228580531,0.5070483344917455,0.0529865271393594,0.6912976083423946,256.0,1,0.00390625,0,0,,,,,,,,,,,,0.05,0.1,0.2828207304038448,0.0750978084593409,0.3669019657724431,,,0.44140625,0.1015625,0.33984375
abf_fr_information_oracle|tt=information_oracle|g=0.001|eta=0.1|bi=0.909091|sf=0.954545|fe=500|seed=6007,abf_fr_information_oracle|tt=information_oracle|g=0.001|eta=0.1|bi=0.909091|sf=0.954545|fe=500,abf_fr_information_oracle,information_oracle,6007,0.001,0.1,0.9090909090909092,0.9545454545454544,500,6500,13.0,0.2997448165340806,0.4845626588336517,0.0788525898578846,0.2951299201414525,0.3871254419718333,3578,256,0.0,False,0.0,0.0,0,,,,,-0.381074279587871,0.2136588086310551,0.5947330882189261,0.509128766496965,0.2966914017108391,0.5776710530689941,0.3036314462252749,0.4476808671025133,0.2997448165340806,0.4845626588336517,0.0519034610011784,0.6744529464375525,256.0,1,0.00390625,0,0,,,,,,,,,,,,0.05,0.1,0.2951299201414525,0.0788525898578846,0.3871254419718333,,,0.4375,0.0859375,0.34765625
abf_fr_information_oracle|tt=information_oracle|g=0.001|eta=0.1|bi=0.909091|sf=0.954545|fe=500|seed=6007,abf_fr_information_oracle|tt=information_oracle|g=0.001|eta=0.1|bi=0.909091|sf=0.954545|fe=500,abf_fr_information_oracle,information_oracle,6007,0.001,0.1,0.9090909090909092,0.9545454545454544,500,7000,14.0,0.2912537210580611,0.4626462665292,0.0728023813680179,0.2863585230915451,0.3831139764735545,3898,256,0.0,False,0.0,0.0,0,,,,,-0.3673076659825121,0.2136588086310551,0.5809664746135672,0.4886670623419837,0.2872213513822258,0.5518575433695678,0.2959663627614012,0.4279093130594205,0.2912537210580611,0.4626462665292,0.0513541891764077,0.6555212429457804,256.0,1,0.00390625,0,0,,,,,,,,,,,,0.05,0.1,0.2863585230915451,0.0728023813680179,0.3831139764735545,,,0.4296875,0.08984375,0.33984375
abf_fr_information_oracle|tt=information_oracle|g=0.001|eta=0.1|bi=0.909091|sf=0.954545|fe=500|seed=6007,abf_fr_information_oracle|tt=information_oracle|g=0.001|eta=0.1|bi=0.909091|sf=0.954545|fe=500,abf_fr_information_oracle,information_oracle,6007,0.001,0.1,0.9090909090909092,0.9545454545454544,500,7500,15.0,0.2880599628930764,0.4509470635823623,0.0687671874813499,0.2794492640597429,0.3983216660258815,4218,256,0.0,False,0.0,0.0,0,,,,,-0.3645825376572631,0.2136588086310551,0.5782413462883182,0.4781415125981386,0.2834865872366187,0.5383447693187676,0.2928168745333013,0.4174172924030841,0.2880599628930764,0.4509470635823623,0.0514505042466293,0.6484874420672638,256.0,1,0.00390625,0,0,,,,,,,,,,,,0.05,0.1,0.2794492640597429,0.0687671874813499,0.3983216660258815,,,0.44140625,0.10546875,0.3203125
abf_fr_information_oracle|tt=information_oracle|g=0.001|eta=0.1|bi=0.909091|sf=0.954545|fe=500|seed=6007,abf_fr_information_oracle|tt=information_oracle|g=0.001|eta=0.1|bi=0.909091|sf=0.954545|fe=500,abf_fr_information_oracle,information_oracle,6007,0.001,0.1,0.9090909090909092,0.9545454545454544,500,8000,16.0,0.279488214432604,0.4295012714979371,0.0690223345356365,0.2761626750245303,0.3830084035739932,4509,256,0.0,False,0.0,0.0,0,,,,,-0.3493102570344639,0.2136588086310551,0.5629690656655191,0.4590273715523288,0.2740244352329157,0.5128706814619021,0.2848853762365483,0.398130779809817,0.279488214432604,0.4295012714979371,0.0503788831343715,0.6233328877769864,256.0,1,0.00390625,0,0,,,,,,,,,,,,0.05,0.1,0.2761626750245303,0.0690223345356365,0.3830084035739932,,,0.44921875,0.109375,0.30078125
abf_fr_information_oracle|tt=information_oracle|g=0.001|eta=0.1|bi=0.909091|sf=0.954545|fe=500|seed=6007,abf_fr_information_oracle|tt=information_oracle|g=0.001|eta=0.1|bi=0.909091|sf=0.954545|fe=500,abf_fr_information_oracle,information_oracle,6007,0.001,0.1,0.9090909090909092,0.9545454545454544,500,8500,17.0,0.272420371499321,0.4113042756712111,0.0906001089413326,0.2912664098774817,0.3961937932245485,4755,256,0.0,False,0.0,0.0,0,,,,,-0.3384155064063492,0.2136588086310551,0.5520743150374043,0.4416203616043586,0.2663563196437375,0.4913380431561972,0.2779318897068447,0.3819262664374461,0.272420371499321,0.4113042756712111,0.0495220383306506,0.6048258577176221,256.0,1,0.00390625,0,0,,,,,,,,,,,,0.05,0.1,0.2912664098774817,0.0906001089413326,0.3961937932245485,,,0.453125,0.0859375,0.28125
abf_fr_information_oracle|tt=information_oracle|g=0.001|eta=0.1|bi=0.909091|sf=0.954545|fe=500|seed=6007,abf_fr_information_oracle|tt=information_oracle|g=0.001|eta=0.1|bi=0.909091|sf=0.954545|fe=500,abf_fr_information_oracle,information_oracle,6007,0.001,0.1,0.9090909090909092,0.9545454545454544,500,9000,18.0,0.2643463926791717,0.3986069677586772,0.0762912988630878,0.2914371668172856,0.3873639028069436,5003,256,0.0,False,0.0,0.0,0,,,,,-0.3224475776460522,0.2136588086310551,0.5361063862771074,0.4281214517415032,0.2586138095164749,0.476509628845005,0.2692003571171685,0.3705888536524403,0.2643463926791717,0.3986069677586772,0.0484715905674596,0.5919437916781078,256.0,1,0.00390625,0,0,,,,,,,,,,,,0.05,0.1,0.2914371668172856,0.0762912988630878,0.3873639028069436,,,0.42578125,0.07421875,0.3046875
abf_fr_information_oracle|tt=information_oracle|g=0.001|eta=0.1|bi=0.909091|sf=0.954545|fe=500|seed=6007,abf_fr_information_oracle|tt=information_oracle|g=0.001|eta=0.1|bi=0.909091|sf=0.954545|fe=500,abf_fr_information_oracle,information_oracle,6007,0.001,0.1,0.9090909090909092,0.9545454545454544,500,9500,19.0,0.2625410753147019,0.3922879226886505,0.0778693504804966,0.2937163968750845,0.3823605924613272,5288,256,0.0,False,0.0,0.0,0,,,,,-0.320971224456045,0.2136588086310551,0.5346300330871001,0.4226509313936105,0.2568163958738453,0.4694594924033771,0.2670982509981308,0.3648466341571109,0.2625410753147019,0.3922879226886505,0.048615712862038,0.5855525963330753,256.0,1,0.00390625,0,0,,,,,,,,,,,,0.05,0.1,0.2937163968750845,0.0778693504804966,0.3823605924613272,,,0.4453125,0.078125,0.32421875
abf_fr_information_oracle|tt=information_oracle|g=0.001|eta=0.1|bi=0.909091|sf=0.954545|fe=500|seed=6007,abf_fr_information_oracle|tt=information_oracle|g=0.001|eta=0.1|bi=0.909091|sf=0.954545|fe=500,abf_fr_information_oracle,information_oracle,6007,0.001,0.1,0.9090909090909092,0.9545454545454544,500,10000,20.0,0.2600350361384662,0.3857263518148792,0.0697443940466538,0.2888231776569857,0.3937403864502624,5520,256,0.001,True,0.0,0.0,0,8.326672684688674e-17,1.1336644130610036,-3.850214410669047,1.722579622980524,-0.316709881233578,0.2136588086310551,0.5303686898646331,0.4171338252112694,0.2542829583324923,0.4618652429551295,0.2644367801051668,0.3590501207701013,0.2600350361384662,0.3857263518148792,0.0490419525218711,0.5815281672391479,256.0,1,0.00390625,1,0,0.0,-3.112869766557434,-3.112869766557434,-1.6695065397530495,-1.6695065397530495,0.1131484607607865,0.1131484607607865,1.5873860068927264,1.5873860068927264,1.719080880884544,1.719080880884544,0.05,0.1,0.2888231776569857,0.0697443940466538,0.3937403864502624,1.1336644130610036,1.722579622980524,0.41796875,0.07421875,0.32421875
abf_fr_information_oracle|tt=information_oracle|g=0.001|eta=0.1|bi=0.909091|sf=0.954545|fe=500|seed=6007,abf_fr_information_oracle|tt=information_oracle|g=0.001|eta=0.1|bi=0.909091|sf=0.954545|fe=500,abf_fr_information_oracle,information_oracle,6007,0.001,0.1,0.9090909090909092,0.9545454545454544,500,10500,21.0,0.2563075534404828,0.378379053852665,0.0685647297809146,0.282342385822166,0.3945323722360285,5779,256,0.0,False,0.0,0.0,0,,,,,-0.310112079099575,0.2136588086310551,0.5237708877306302,0.4089357297741364,0.2503462837146167,0.4531333236810344,0.2607958785092176,0.3524819700009026,0.2563075534404828,0.378379053852665,0.0486048221792979,0.5755141704804448,256.0,1,0.00390625,1,0,,,,,,,,,,,,0.05,0.1,0.282342385822166,0.0685647297809146,0.3945323722360285,,,0.41796875,0.07421875,0.31640625
abf_fr_information_oracle|tt=information_oracle|g=0.001|eta=0.1|bi=0.909091|sf=0.954545|fe=500|seed=6007,abf_fr_information_oracle|tt=information_oracle|g=0.001|eta=0.1|bi=0.909091|sf=0.954545|fe=500,abf_fr_information_oracle,information_oracle,6007,0.001,0.1,0.9090909090909092,0.9545454545454544,500,11000,22.0,0.2491537604209325,0.3647431751526408,0.0761469168842563,0.288662871605289,0.3882904234785824,6017,256,0.0,False,0.0,0.0,0,,,,,-0.29682120376523,0.2136588086310551,0.5104800123962852,0.3948732634770191,0.2429870665043863,0.4366753637821221,0.2536938200875049,0.3402446534862725,0.2491537604209325,0.3647431751526408,0.0470298954446617,0.5553327051891273,256.0,1,0.00390625,1,0,,,,,,,,,,,,0.05,0.1,0.288662871605289,0.0761469168842563,0.3882904234785824,,,0.4296875,0.0859375,0.3046875
abf_fr_information_oracle|tt=information_oracle|g=0.002|eta=0.1|bi=0.909091|sf=0.954545|fe=500|seed=6000,abf_fr_information_oracle|tt=information_oracle|g=0.002|eta=0.1|bi=0.909091|sf=0.954545|fe=500,abf_fr_information_oracle,information_oracle,6000,0.002,0.1,0.9090909090909092,0.9545454545454544,500,0,0.0,2.906603863987052,6.564657815288973,0.0545244755537654,0.2435778123220142,0.4086045869500432,0,256,0.0,False,0.0,0.0,0,,,,,0.0,0.2136588086310551,0.2136588086310551,1.8839792970692677,0.7722826132658906,3.487298309594125,5.408116675855963,9.381946420303988,2.906603863987052,6.564657815288973,0.037083496902375,0.7293641473133242,256.0,1,0.00390625,0,0,,,,,,,,,,,,0.05,0.1,0.2435778123220142,0.0545244755537654,0.4086045869500432,,,0.31640625,0.171875,0.36328125
abf_fr_information_oracle|tt=information_oracle|g=0.002|eta=0.1|bi=0.909091|sf=0.954545|fe=500|seed=6000,abf_fr_information_oracle|tt=information_oracle|g=0.002|eta=0.1|bi=0.909091|sf=0.954545|fe=500,abf_fr_information_oracle,information_oracle,6000,0.002,0.1,0.9090909090909092,0.9545454545454544,500,500,1.0,0.5645001194104928,1.4405373539866726,0.117940167090585,0.3023926977495814,0.3685405469650761,576,256,0.0,False,0.0,0.0,0,,,,,-0.1391138695561515,0.2136588086310551,0.3527726781872067,1.4827805566470156,0.620571772549595,1.588691516834663,0.575421539127629,1.323192136357478,0.5645001194104928,1.4405373539866726,0.0698428888976083,1.0812364800702725,256.0,1,0.00390625,0,0,,,,,,,,,,,,0.05,0.1,0.3023926977495814,0.117940167090585,0.3685405469650761,,,0.37109375,0.1328125,0.39453125
abf_fr_information_oracle|tt=information_oracle|g=0.002|eta=0.1|bi=0.909091|sf=0.954545|fe=500|seed=6000,abf_fr_information_oracle|tt=information_oracle|g=0.002|eta=0.1|bi=0.909091|sf=0.954545|fe=500,abf_fr_information_oracle,information_oracle,6000,0.002,0.1,0.9090909090909092,0.9545454545454544,500,1000,2.0,0.4676600863893281,1.2302667448320572,0.107013116790604,0.2937991320368688,0.3668595543827309,1163,256,0.0,False,0.0,0.0,0,,,,,-0.0616087946816463,0.2136588086310551,0.2752676033127015,1.2762616445892156,0.5326869196762198,1.412742907691694,0.452868785118173,1.1279294286104045,0.4676600863893281,1.2302667448320572,0.0740905968114908,1.1133781512148515,256.0,1,0.00390625,0,0,,,,,,,,,,,,0.05,0.1,0.2937991320368688,0.107013116790604,0.3668595543827309,,,0.40234375,0.1171875,0.43359375
abf_fr_information_oracle|tt=information_oracle|g=0.002|eta=0.1|bi=0.909091|sf=0.954545|fe=500|seed=6000,abf_fr_information_oracle|tt=information_oracle|g=0.002|eta=0.1|bi=0.909091|sf=0.954545|fe=500,abf_fr_information_oracle,information_oracle,6000,0.002,0.1,0.9090909090909092,0.9545454545454544,500,1500,3.0,0.420884799041115,1.1063152028622782,0.1064411471814328,0.2938755197808582,0.3725824721842101,1462,256,0.0,False,0.0,0.0,0,,,,,-0.0661308850933224,0.2136588086310551,0.2797896937243775,1.1470829634646555,0.4812847706351856,1.297138988266831,0.3990942022648784,1.0137754420788567,0.420884799041115,1.1063152028622782,0.0745162790793607,1.1043316729338737,256.0,1,0.00390625,0,0,,,,,,,,,,,,0.05,0.1,0.2938755197808582,0.1064411471814328,0.3725824721842101,,,0.38671875,0.11328125,0.43359375
abf_fr_information_oracle|tt=information_oracle|g=0.002|eta=0.1|bi=0.909091|sf=0.954545|fe=500|seed=6000,abf_fr_information_oracle|tt=information_oracle|g=0.002|eta=0.1|bi=0.909091|sf=0.954545|fe=500,abf_fr_information_oracle,information_oracle,6000,0.002,0.1,0.9090909090909092,0.9545454545454544,500,2000,4.0,0.3627276539590303,0.9754545127131696,0.1037339687902544,0.2967815552485923,0.3482757580322871,1758,256,0.0,False,0.0,0.0,0,,,,,0.0219146456175991,0.2136588086310551,0.1917441630134559,1.0094526611119905,0.419248601240365,1.153801611363474,0.3383299288225663,0.893887742301927,0.3627276539590303,0.9754545127131696,0.0726602017962793,1.063650704336604,256.0,1,0.00390625,0,0,,,,,,,,,,,,0.05,0.1,0.2967815552485923,0.1037339687902544,0.3482757580322871,,,0.39453125,0.109375,0.4140625
abf_fr_information_oracle|tt=information_oracle|g=0.002|eta=0.1|bi=0.909091|sf=0.954545|fe=500|seed=6000,abf_fr_information_oracle|tt=information_oracle|g=0.002|eta=0.1|bi=0.909091|sf=0.954545|fe=500,abf_fr_information_oracle,information_oracle,6000,0.002,0.1,0.9090909090909092,0.9545454545454544,500,2500,5.0,0.3408980189073302,0.9117296517115931,0.0990506402947486,0.3047358346354893,0.3813260122441516,2044,256,0.0,False,0.0,0.0,0,,,,,0.0093061287799116,0.2136588086310551,0.2043526798511434,0.9420865902428118,0.3922749306144116,1.084306309580939,0.3169095653479397,0.8349348744135203,0.3408980189073302,0.9117296517115931,0.0716495162251242,1.043336244476845,256.0,1,0.00390625,0,0,,,,,,,,,,,,0.05,0.1,0.3047358346354893,0.0990506402947486,0.3813260122441516,,,0.40625,0.0703125,0.4453125
abf_fr_information_oracle|tt=information_oracle|g=0.002|eta=0.1|bi=0.909091|sf=0.954545|fe=500|seed=6000,abf_fr_information_oracle|tt=information_oracle|g=0.002|eta=0.1|bi=0.909091|sf=0.954545|fe=500,abf_fr_information_oracle,information_oracle,6000,0.002,0.1,0.9090909090909092,0.9545454545454544,500,3000,6.0,0.3185137840236808,0.8392934112712361,0.0929216466559927,0.2968654754519306,0.4009351286047766,2278,256,0.0,False,0.0,0.0,0,,,,,-0.0157214992855152,0.2136588086310551,0.2293803079165703,0.8688284143243021,0.3639715793519172,1.0009739658352423,0.2972171952878147,0.7688027892723656,0.3185137840236808,0.8392934112712361,0.0686266146386023,0.9928787743282248,256.0,1,0.00390625,0,0,,,,,,,,,,,,0.05,0.1,0.2968654754519306,0.0929216466559927,0.4009351286047766,,,0.40625,0.08203125,0.4453125
abf_fr_information_oracle|tt=information_oracle|g=0.002|eta=0.1|bi=0.909091|sf=0.954545|fe=500|seed=6000,abf_fr_information_oracle|tt=information_oracle|g=0.002|eta=0.1|bi=0.909091|sf=0.954545|fe=500,abf_fr_information_oracle,information_oracle,6000,0.002,0.1,0.9090909090909092,0.9545454545454544,500,3500,7.0,0.3059922313195616,0.8018051832005079,0.0910110111551891,0.3069555147790613,0.3860839451146418,2492,256,0.0,False,0.0,0.0,0,,,,,-0.0294034063382326,0.2136588086310551,0.2430622149692878,0.8257241493275335,0.3475697196515951,0.9585181179500284,0.2862503485279292,0.7345792098534885,0.3059922313195616,0.8018051832005079,0.0668205260183832,0.9717196860657112,256.0,1,0.00390625,0,0,,,,,,,,,,,,0.05,0.1,0.3069555147790613,0.0910110111551891,0.3860839451146418,,,0.3984375,0.0703125,0.4453125
abf_fr_information_oracle|tt=information_oracle|g=0.002|eta=0.1|bi=0.909091|sf=0.954545|fe=500|seed=6000,abf_fr_information_oracle|tt=information_oracle|g=0.002|eta=0.1|bi=0.909091|sf=0.954545|fe=500,abf_fr_information_oracle,information_oracle,6000,0.002,0.1,0.9090909090909092,0.9545454545454544,500,4000,8.0,0.2919517495579967,0.7673262609961168,0.0847990261122469,0.3033944945707667,0.3796457583145797,2709,256,0.0,False,0.0,0.0,0,,,,,-0.0149019770080762,0.2136588086310551,0.2285607856391314,0.7871998492783918,0.331523965776819,0.9190301358241392,0.2725504835595487,0.7032833239894105,0.2919517495579967,0.7673262609961168,0.0667316438872684,0.9603483814718956,256.0,1,0.00390625,0,0,,,,,,,,,,,,0.05,0.1,0.3033944945707667,0.0847990261122469,0.3796457583145797,,,0.41015625,0.0625,0.4375
abf_fr_information_oracle|tt=information_oracle|g=0.002|eta=0.1|bi=0.909091|sf=0.954545|fe=500|seed=6000,abf_fr_information_oracle|tt=information_oracle|g=0.002|eta=0.1|bi=0.909091|sf=0.954545|fe=500,abf_fr_information_oracle,information_oracle,6000,0.002,0.1,0.9090909090909092,0.9545454545454544,500,4500,9.0,0.2748921120503091,0.726057326982456,0.0977416386781765,0.3064878546885118,0.3737892472285571,2910,256,0.0,False,0.0,0.0,0,,,,,0.0006348091442731,0.2136588086310551,0.2130239994867819,0.7426394038259283,0.3123941894911763,0.8701389786043938,0.2563606020907442,0.6656896173130282,0.2748921120503091,0.726057326982456,0.0665001314814396,0.9450429436541068,256.0,1,0.00390625,0,0,,,,,,,,,,,,0.05,0.1,0.3064878546885118,0.0977416386781765,0.3737892472285571,,,0.3984375,0.0625,0.4140625
abf_fr_information_oracle|tt=information_oracle|g=0.002|eta=0.1|bi=0.909091|sf=0.954545|fe=500|seed=6000,abf_fr_information_oracle|tt=information_oracle|g=0.002|eta=0.1|bi=0.909091|sf=0.954545|fe=500,abf_fr_information_oracle,information_oracle,6000,0.002,0.1,0.9090909090909092,0.9545454545454544,500,5000,10.0,0.2645188705418605,0.6894964408766272,0.079430925255164,0.2902947414693604,0.3991241121120522,3066,256,0.0,False,0.0,0.0,0,,,,,-0.0114073140987578,0.2136588086310551,0.2250661227298129,0.7066909793548057,0.298891374665663,0.8265985709508551,0.2475415340298002,0.6324065781875191,0.2645188705418605,0.6894964408766272,0.0638426628563385,0.9078426339823747,256.0,1,0.00390625,0,0,,,,,,,,,,,,0.05,0.1,0.2902947414693604,0.079430925255164,0.3991241121120522,,,0.41015625,0.06640625,0.38671875
abf_fr_information_oracle|tt=information_oracle|g=0.002|eta=0.1|bi=0.909091|sf=0.954545|fe=500|seed=6000,abf_fr_information_oracle|tt=information_oracle|g=0.002|eta=0.1|bi=0.909091|sf=0.954545|fe=500,abf_fr_information_oracle,information_oracle,6000,0.002,0.1,0.9090909090909092,0.9545454545454544,500,5500,11.0,0.256227466056999,0.6584935942243443,0.0752286851117501,0.2974117766867539,0.3832773278594706,3232,256,0.0,False,0.0,0.0,0,,,,,-0.0225777498537418,0.2136588086310551,0.2362365584847969,0.6763358709290592,0.2878743289461172,0.7899287630742978,0.2405132491665714,0.6043055473438514,0.256227466056999,0.6584935942243443,0.0627788300214982,0.8838111796277702,256.0,1,0.00390625,0,0,,,,,,,,,,,,0.05,0.1,0.2974117766867539,0.0752286851117501,0.3832773278594706,,,0.40625,0.0625,0.3828125
abf_fr_information_oracle|tt=information_oracle|g=0.002|eta=0.1|bi=0.909091|sf=0.954545|fe=500|seed=6000,abf_fr_information_oracle|tt=information_oracle|g=0.002|eta=0.1|bi=0.909091|sf=0.954545|fe=500,abf_fr_information_oracle,information_oracle,6000,0.002,0.1,0.9090909090909092,0.9545454545454544,500,6000,12.0,0.246365201069413,0.6277363428384499,0.085956767860219,0.2919126554914794,0.3863506128166182,3398,256,0.0,False,0.0,0.0,0,,,,,-0.0278623293984914,0.2136588086310551,0.2415211380295465,0.6445377181704496,0.2758085451101024,0.7534536976489817,0.2320519480035746,0.5764728114477753,0.246365201069413,0.6277363428384499,0.0605236744507752,0.8522882603747627,256.0,1,0.00390625,0,0,,,,,,,,,,,,0.05,0.1,0.2919126554914794,0.085956767860219,0.3863506128166182,,,0.37890625,0.05078125,0.40625
abf_fr_information_oracle|tt=information_oracle|g=0.002|eta=0.1|bi=0.909091|sf=0.954545|fe=500|seed=6000,abf_fr_information_oracle|tt=information_oracle|g=0.002|eta=0.1|bi=0.909091|sf=0.954545|fe=500,abf_fr_information_oracle,information_oracle,6000,0.002,0.1,0.9090909090909092,0.9545454545454544,500,6500,13.0,0.2317839728898531,0.593486213890503,0.0889603374069205,0.3101791207569455,0.3753984677598599,3568,256,0.0,False,0.0,0.0,0,,,,,-0.0143804393211652,0.2136588086310551,0.2280392479522204,0.6062997726054494,0.2598255804994581,0.7125229290986822,0.2182191919979891,0.5454820186904134,0.2317839728898531,0.593486213890503,0.0586348036339296,0.8213179369051551,256.0,1,0.00390625,0,0,,,,,,,,,,,,0.05,0.1,0.3101791207569455,0.0889603374069205,0.3753984677598599,,,0.41015625,0.046875,0.41015625
abf_fr_information_oracle|tt=information_oracle|g=0.002|eta=0.1|bi=0.909091|sf=0.954545|fe=500|seed=6000,abf_fr_information_oracle|tt=information_oracle|g=0.002|eta=0.1|bi=0.909091|sf=0.954545|fe=500,abf_fr_information_oracle,information_oracle,6000,0.002,0.1,0.9090909090909092,0.9545454545454544,500,7000,14.0,0.2262818100152642,0.5717361737899646,0.0931301896183996,0.3084798909684577,0.3888927425179234,3706,256,0.0,False,0.0,0.0,0,,,,,-0.0234920478748996,0.2136588086310551,0.2371508565059548,0.5849704084463561,0.252336052764919,0.6867160592369331,0.2138721457266551,0.5257737329512044,0.2262818100152642,0.5717361737899646,0.057587135330874,0.8019223385580588,256.0,1,0.00390625,0,0,,,,,,,,,,,,0.05,0.1,0.3084798909684577,0.0931301896183996,0.3888927425179234,,,0.390625,0.04296875,0.4140625
abf_fr_information_oracle|tt=information_oracle|g=0.002|eta=0.1|bi=0.909091|sf=0.954545|fe=500|seed=6000,abf_fr_information_oracle|tt=information_oracle|g=0.002|eta=0.1|bi=0.909091|sf=0.954545|fe=500,abf_fr_information_oracle,information_oracle,6000,0.002,0.1,0.9090909090909092,0.9545454545454544,500,7500,15.0,0.2215598131533002,0.5491908234958488,0.0893067078322678,0.2988301769937471,0.3930684529538519,3810,256,0.0,False,0.0,0.0,0,,,,,-0.0382780251025636,0.2136588086310551,0.2519368337336187,0.5623733677286032,0.2452706763701238,0.6596839773079948,0.2104412508011383,0.5055035909964859,0.2215598131533002,0.5491908234958488,0.0559165428127958,0.7748147597980797,256.0,1,0.00390625,0,0,,,,,,,,,,,,0.05,0.1,0.2988301769937471,0.0893067078322678,0.3930684529538519,,,0.359375,0.06640625,0.40625
abf_fr_information_oracle|tt=information_oracle|g=0.002|eta=0.1|bi=0.909091|sf=0.954545|fe=500|seed=6000,abf_fr_information_oracle|tt=information_oracle|g=0.002|eta=0.1|bi=0.909091|sf=0.954545|fe=500,abf_fr_information_oracle,information_oracle,6000,0.002,0.1,0.9090909090909092,0.9545454545454544,500,8000,16.0,0.2145436947931129,0.5297434057531546,0.0762226404200598,0.2921781331753657,0.4031121601305866,3972,256,0.0,False,0.0,0.0,0,,,,,-0.0329006993657721,0.2136588086310551,0.2465595079968272,0.5428563066893792,0.2371980171462078,0.6364589777173432,0.2038646554786682,0.4879299390100599,0.2145436947931129,0.5297434057531546,0.0551308751285408,0.7571033530481684,256.0,1,0.00390625,0,0,,,,,,,,,,,,0.05,0.1,0.2921781331753657,0.0762226404200598,0.4031121601305866,,,0.359375,0.05859375,0.359375
abf_fr_information_oracle|tt=information_oracle|g=0.002|eta=0.1|bi=0.909091|sf=0.954545|fe=500|seed=6000,abf_fr_information_oracle|tt=information_oracle|g=0.002|eta=0.1|bi=0.909091|sf=0.954545|fe=500,abf_fr_information_oracle,information_oracle,6000,0.002,0.1,0.9090909090909092,0.9545454545454544,500,8500,17.0,0.2113047403832542,0.5172401666841764,0.0916441464127227,0.3094030851423445,0.387278034838681,4090,256,0.0,False,0.0,0.0,0,,,,,-0.0369728932153812,0.2136588086310551,0.2506317018464363,0.5301056973815743,0.2328308651187227,0.6216496255343167,0.2010801846888223,0.4764764934813745,0.2113047403832542,0.5172401666841764,0.0545855050023001,0.7471535504092449,256.0,1,0.00390625,0,0,,,,,,,,,,,,0.05,0.1,0.3094030851423445,0.0916441464127227,0.387278034838681,,,0.3671875,0.05078125,0.40625
abf_fr_information_oracle|tt=information_oracle|g=0.002|eta=0.1|bi=0.909091|sf=0.954545|fe=500|seed=6000,abf_fr_information_oracle|tt=information_oracle|g=0.002|eta=0.1|bi=0.909091|sf=0.954545|fe=500,abf_fr_information_oracle,information_oracle,6000,0.002,0.1,0.9090909090909092,0.9545454545454544,500,9000,18.0,0.2073759992843244,0.5022791091137229,0.0813094820269692,0.2966690430408068,0.378546891580453,4311,256,0.0,False,0.0,0.0,0,,,,,-0.0397192700142561,0.2136588086310551,0.2533780786453112,0.5164744573200161,0.227857912040492,0.6037257711045126,0.1975674967871079,0.4630388121515941,0.2073759992843244,0.5022791091137229,0.0537539132499221,0.7302359256788915,256.0,1,0.00390625,0,0,,,,,,,,,,,,0.05,0.1,0.2966690430408068,0.0813094820269692,0.378546891580453,,,0.37109375,0.08203125,0.39453125
abf_fr_information_oracle|tt=information_oracle|g=0.002|eta=0.1|bi=0.909091|sf=0.954545|fe=500|seed=6000,abf_fr_information_oracle|tt=information_oracle|g=0.002|eta=0.1|bi=0.909091|sf=0.954545|fe=500,abf_fr_information_oracle,information_oracle,6000,0.002,0.1,0.9090909090909092,0.9545454545454544,500,9500,19.0,0.2051173728078438,0.488347664399462,0.0767361453935363,0.2960871526690701,0.3821986910846144,4411,256,0.0,False,0.0,0.0,0,,,,,-0.0488619277079003,0.2136588086310551,0.2625207363389554,0.5028546208458827,0.2240928559081465,0.5869921262729613,0.1960703230380969,0.450489277574689,0.2051173728078438,0.488347664399462,0.0527716847329254,0.7125628982090677,256.0,1,0.00390625,0,0,,,,,,,,,,,,0.05,0.1,0.2960871526690701,0.0767361453935363,0.3821986910846144,,,0.33203125,0.0703125,0.40625
abf_fr_information_oracle|tt=information_oracle|g=0.002|eta=0.1|bi=0.909091|sf=0.954545|fe=500|seed=6000,abf_fr_information_oracle|tt=information_oracle|g=0.002|eta=0.1|bi=0.909091|sf=0.954545|fe=500,abf_fr_information_oracle,information_oracle,6000,0.002,0.1,0.9090909090909092,0.9545454545454544,500,10000,20.0,0.2017847594846781,0.476973746404927,0.0716080776763133,0.2929391524734099,0.3915800278123006,4551,256,0.002,True,0.0,0.0,0,5.377642775528102e-17,1.0430048087704245,-3.266425282409166,1.371732106811374,-0.0487229025951414,0.2136588086310551,0.2623817112261966,0.4914945876486998,0.2199079346807058,0.573390403306712,0.1930995994966489,0.4402255970839244,0.2017847594846781,0.476973746404927,0.0523498562227587,0.7031394540525464,256.0,1,0.00390625,1,0,0.0,-3.193673851624454,-3.193673851624454,-1.157606772822644,-1.157606772822644,0.1321154455816893,0.1321154455816893,1.2001270604350809,1.2001270604350809,1.369548468636992,1.369548468636992,0.05,0.1,0.2929391524734099,0.0716080776763133,0.3915800278123006,1.0430048087704245,1.371732106811374,0.3671875,0.06640625,0.41015625
abf_fr_information_oracle|tt=information_oracle|g=0.002|eta=0.1|bi=0.909091|sf=0.954545|fe=500|seed=6000,abf_fr_information_oracle|tt=information_oracle|g=0.002|eta=0.1|bi=0.909091|sf=0.954545|fe=500,abf_fr_information_oracle,information_oracle,6000,0.002,0.1,0.9090909090909092,0.9545454545454544,500,10500,21.0,0.1919916781552802,0.457991474809595,0.0792630959375161,0.3003061328265902,0.3924380897043067,4697,256,0.0,False,0.0,0.0,0,,,,,-0.0304718317133136,0.2136588086310551,0.2441306403443688,0.4734889939383098,0.2101329061980229,0.5505612856925237,0.1829777809706631,0.4231208840341786,0.1919916781552802,0.457991474809595,0.0501611394173749,0.674205150666358,256.0,1,0.00390625,1,0,,,,,,,,,,,,0.05,0.1,0.3003061328265902,0.0792630959375161,0.3924380897043067,,,0.38671875,0.046875,0.390625
abf_fr_information_oracle|tt=information_oracle|g=0.002|eta=0.1|bi=0.909091|sf=0.954545|fe=500|seed=6000,abf_fr_information_oracle|tt=information_oracle|g=0.002|eta=0.1|bi=0.909091|sf=0.954545|fe=500,abf_fr_information_oracle,information_oracle,6000,0.002,0.1,0.9090909090909092,0.9545454545454544,500,11000,22.0,0.1895311546861685,0.4443266540724505,0.0767714600561994,0.2990662430650148,0.3861297592955946,4831,256,0.0,False,0.0,0.0,0,,,,,-0.0388315671660493,0.2136588086310551,0.2524903757971044,0.4612115743854021,0.2063923574060939,0.5341739658042086,0.1809614521785362,0.4108621650637516,0.1895311546861685,0.4443266540724505,0.0487142499933449,0.6552355171788716,256.0,1,0.00390625,1,0,,,,,,,,,,,,0.05,0.1,0.2990662430650148,0.0767714600561994,0.3861297592955946,,,0.37890625,0.0703125,0.39453125
abf_fr_information_oracle|tt=information_oracle|g=0.002|eta=0.1|bi=0.909091|sf=0.954545|fe=500|seed=6001,abf_fr_information_oracle|tt=information_oracle|g=0.002|eta=0.1|bi=0.909091|sf=0.954545|fe=500,abf_fr_information_oracle,information_oracle,6001,0.002,0.1,0.9090909090909092,0.9545454545454544,500,0,0.0,2.906603863987052,6.564657815288973,0.0544836474051137,0.2356733779931783,0.4186343862949782,0,256,0.0,False,0.0,0.0,0,,,,,0.0,0.2136588086310551,0.2136588086310551,1.8839792970692677,0.7722826132658906,3.487298309594125,5.408116675855963,9.381946420303988,2.906603863987052,6.564657815288973,0.037083496902375,0.7293641473133242,256.0,1,0.00390625,0,0,,,,,,,,,,,,0.05,0.1,0.2356733779931783,0.0544836474051137,0.4186343862949782,,,0.3203125,0.1640625,0.39453125
abf_fr_information_oracle|tt=information_oracle|g=0.002|eta=0.1|bi=0.909091|sf=0.954545|fe=500|seed=6001,abf_fr_information_oracle|tt=information_oracle|g=0.002|eta=0.1|bi=0.909091|sf=0.954545|fe=500,abf_fr_information_oracle,information_oracle,6001,0.002,0.1,0.9090909090909092,0.9545454545454544,500,500,1.0,0.4754598180722995,1.1289259306522952,0.1015903876959006,0.2880418264362072,0.3800868477964652,595,256,0.0,False,0.0,0.0,0,,,,,-0.3533930192736001,0.2136588086310551,0.5670518279046552,1.0815510936096155,0.4831228972005956,1.1201270056388022,0.526797144252566,1.0425909265714288,0.4754598180722995,1.1289259306522952,0.051387583745298,0.818945520261443,256.0,1,0.00390625,0,0,,,,,,,,,,,,0.05,0.1,0.2880418264362072,0.1015903876959006,0.3800868477964652,,,0.3359375,0.15625,0.41796875
abf_fr_information_oracle|tt=information_oracle|g=0.002|eta=0.1|bi=0.909091|sf=0.954545|fe=500|seed=6001,abf_fr_information_oracle|tt=information_oracle|g=0.002|eta=0.1|bi=0.909091|sf=0.954545|fe=500,abf_fr_information_oracle,information_oracle,6001,0.002,0.1,0.9090909090909092,0.9545454545454544,500,1000,2.0,0.4294472974728012,0.97569947555587,0.1001224760863694,0.2779342934296684,0.3739147543396833,1088,256,0.0,False,0.0,0.0,0,,,,,-0.4046921251908024,0.2136588086310551,0.6183509338218576,0.9510544892506082,0.4439674310964022,1.046486360108167,0.4520172466847741,0.9004662228137965,0.4294472974728012,0.97569947555587,0.0614988952104074,0.9133338724560672,256.0,1,0.00390625,0,0,,,,,,,,,,,,0.05,0.1,0.2779342934296684,0.1001224760863694,0.3739147543396833,,,0.3828125,0.15234375,0.4296875
abf_fr_information_oracle|tt=information_oracle|g=0.002|eta=0.1|bi=0.909091|sf=0.954545|fe=500|seed=6001,abf_fr_information_oracle|tt=information_oracle|g=0.002|eta=0.1|bi=0.909091|sf=0.954545|fe=500,abf_fr_information_oracle,information_oracle,6001,0.002,0.1,0.9090909090909092,0.9545454545454544,500,1500,3.0,0.4048294535505973,0.868449990862976,0.0973202140481137,0.2702732016654207,0.3678630422915492,1598,256,0.0,False,0.0,0.0,0,,,,,-0.4329399501810904,0.2136588086310551,0.6465987588121456,0.858850483181651,0.4174545469902885,0.9700244771770172,0.4169259235986401,0.8020228935276034,0.4048294535505973,0.868449990862976,0.064030060297531,0.9262454663029498,256.0,1,0.00390625,0,0,,,,,,,,,,,,0.05,0.1,0.2702732016654207,0.0973202140481137,0.3678630422915492,,,0.3828125,0.15234375,0.42578125
abf_fr_information_oracle|tt=information_oracle|g=0.002|eta=0.1|bi=0.909091|sf=0.954545|fe=500|seed=6001,abf_fr_information_oracle|tt=information_oracle|g=0.002|eta=0.1|bi=0.909091|sf=0.954545|fe=500,abf_fr_information_oracle,information_oracle,6001,0.002,0.1,0.9090909090909092,0.9545454545454544,500,2000,4.0,0.3773715561720521,0.803097372697996,0.0746797212830335,0.2746739126320148,0.3790807897917502,2092,256,0.0,False,0.0,0.0,0,,,,,-0.4000146559356636,0.2136588086310551,0.6136734645667188,0.7890722003340385,0.3884617845577617,0.9151526784534014,0.3857094873569682,0.7413849813402325,0.3773715561720521,0.803097372697996,0.064480560778248,0.9239444894489652,256.0,1,0.00390625,0,0,,,,,,,,,,,,0.05,0.1,0.2746739126320148,0.0746797212830335,0.3790807897917502,,,0.39453125,0.140625,0.42578125
abf_fr_information_oracle|tt=information_oracle|g=0.002|eta=0.1|bi=0.909091|sf=0.954545|fe=500|seed=6001,abf_fr_information_oracle|tt=information_oracle|g=0.002|eta=0.1|bi=0.909091|sf=0.954545|fe=500,abf_fr_information_oracle,information_oracle,6001,0.002,0.1,0.9090909090909092,0.9545454545454544,500,2500,5.0,0.3675257305504931,0.7540565974712997,0.0748570299498828,0.2671754711661269,0.3842688054134844,2504,256,0.0,False,0.0,0.0,0,,,,,-0.4117424424075651,0.2136588086310551,0.6254012510386202,0.7437540186618626,0.3769395782735057,0.8725840521335012,0.3712708467818394,0.695011785544687,0.3675257305504931,0.7540565974712997,0.0637371912950309,0.9012515500491964,256.0,1,0.00390625,0,0,,,,,,,,,,,,0.05,0.1,0.2671754711661269,0.0748570299498828,0.3842688054134844,,,0.41015625,0.1328125,0.41015625
abf_fr_information_oracle|tt=information_oracle|g=0.002|eta=0.1|bi=0.909091|sf=0.954545|fe=500|seed=6001,abf_fr_information_oracle|tt=information_oracle|g=0.002|eta=0.1|bi=0.909091|sf=0.954545|fe=500,abf_fr_information_oracle,information_oracle,6001,0.002,0.1,0.9090909090909092,0.9545454545454544,500,3000,6.0,0.3520267331241437,0.7133316001308412,0.0804862858656646,0.2745362991687114,0.3632451313604102,2903,256,0.0,False,0.0,0.0,0,,,,,-0.4005712573105384,0.2136588086310551,0.6142300659415936,0.7019225831879508,0.3614363027958111,0.8319295585378523,0.3525815979030661,0.6569561978540501,0.3520267331241437,0.7133316001308412,0.0621738867599089,0.872282590295976,256.0,1,0.00390625,0,0,,,,,,,,,,,,0.05,0.1,0.2745362991687114,0.0804862858656646,0.3632451313604102,,,0.41015625,0.12109375,0.42578125
abf_fr_information_oracle|tt=information_oracle|g=0.002|eta=0.1|bi=0.909091|sf=0.954545|fe=500|seed=6001,abf_fr_information_oracle|tt=information_oracle|g=0.002|eta=0.1|bi=0.909091|sf=0.954545|fe=500,abf_fr_information_oracle,information_oracle,6001,0.002,0.1,0.9090909090909092,0.9545454545454544,500,3500,7.0,0.3327447891638664,0.6650608876230031,0.0657643717844429,0.2752277487357314,0.383331161870452,3225,256,0.0,False,0.0,0.0,0,,,,,-0.3743745771565727,0.2136588086310551,0.5880333857876279,0.6563721881969793,0.3415414367215535,0.779980931917429,0.3299006772161193,0.6127013591366962,0.3327447891638664,0.6650608876230031,0.059316707131707,0.8332779247660579,256.0,1,0.00390625,0,0,,,,,,,,,,,,0.05,0.1,0.2752277487357314,0.0657643717844429,0.383331161870452,,,0.43359375,0.1171875,0.37890625
abf_fr_information_oracle|tt=information_oracle|g=0.002|eta=0.1|bi=0.909091|sf=0.954545|fe=500|seed=6001,abf_fr_information_oracle|tt=information_oracle|g=0.002|eta=0.1|bi=0.909091|sf=0.954545|fe=500,abf_fr_information_oracle,information_oracle,6001,0.002,0.1,0.9090909090909092,0.9545454545454544,500,4000,8.0,0.3171418392199763,0.628601344345938,0.0686345024248651,0.2756529922167894,0.368551054492968,3483,256,0.0,False,0.0,0.0,0,,,,,-0.3491513930483023,0.2136588086310551,0.5628102016793575,0.6230847835552545,0.3252067073371567,0.7404016005936456,0.3143826587356633,0.5795782376173593,0.3171418392199763,0.628601344345938,0.0578805987360225,0.8089084041521274,256.0,1,0.00390625,0,0,,,,,,,,,,,,0.05,0.1,0.2756529922167894,0.0686345024248651,0.368551054492968,,,0.4296875,0.11328125,0.3828125
abf_fr_information_oracle|tt=information_oracle|g=0.002|eta=0.1|bi=0.909091|sf=0.954545|fe=500|seed=6001,abf_fr_information_oracle|tt=information_oracle|g=0.002|eta=0.1|bi=0.909091|sf=0.954545|fe=500,abf_fr_information_oracle,information_oracle,6001,0.002,0.1,0.9090909090909092,0.9545454545454544,500,4500,9.0,0.2870936190240606,0.5771048830055517,0.0764017286339544,0.2750144839741681,0.3786489488872397,3835,256,0.0,False,0.0,0.0,0,,,,,-0.2895614191854427,0.2136588086310551,0.5032202278164979,0.5712910412232363,0.2951259598359396,0.6806251010345262,0.2844150727838272,0.5329167368626021,0.2870936190240606,0.5771048830055517,0.0550728786735994,0.7654270867884393,256.0,1,0.00390625,0,0,,,,,,,,,,,,0.05,0.1,0.2750144839741681,0.0764017286339544,0.3786489488872397,,,0.42578125,0.1015625,0.3671875
abf_fr_information_oracle|tt=information_oracle|g=0.002|eta=0.1|bi=0.909091|sf=0.954545|fe=500|seed=6001,abf_fr_information_oracle|tt=information_oracle|g=0.002|eta=0.1|bi=0.909091|sf=0.954545|fe=500,abf_fr_information_oracle,information_oracle,6001,0.002,0.1,0.9090909090909092,0.9545454545454544,500,5000,10.0,0.2731238247168712,0.5543924317863227,0.0735963130426302,0.2789657666187912,0.3770794570537747,4016,256,0.0,False,0.0,0.0,0,,,,,-0.2623028992071354,0.2136588086310551,0.4759617078381906,0.5484724986023001,0.2816996648002139,0.655894486063263,0.2697072251675534,0.5118905772257157,0.2731238247168712,0.5543924317863227,0.0546269728827903,0.7556028983072676,256.0,1,0.00390625,0,0,,,,,,,,,,,,0.05,0.1,0.2789657666187912,0.0735963130426302,0.3770794570537747,,,0.40234375,0.09765625,0.3671875
abf_fr_information_oracle|tt=information_oracle|g=0.002|eta=0.1|bi=0.909091|sf=0.954545|fe=500|seed=6001,abf_fr_information_oracle|tt=information_oracle|g=0.002|eta=0.1|bi=0.909091|sf=0.954545|fe=500,abf_fr_information_oracle,information_oracle,6001,0.002,0.1,0.9090909090909092,0.9545454545454544,500,5500,11.0,0.2654081318966679,0.5288815160024033,0.0602888516970619,0.2804998305601797,0.3788089055593755,4318,256,0.0,False,0.0,0.0,0,,,,,-0.2560819819972906,0.2136588086310551,0.4697407906283457,0.5250362017013196,0.2726990851668319,0.6272116390469349,0.2618101608857259,0.4885617809239448,0.2654081318966679,0.5288815160024033,0.0540281338091221,0.7370183185831388,256.0,1,0.00390625,0,0,,,,,,,,,,,,0.05,0.1,0.2804998305601797,0.0602888516970619,0.3788089055593755,,,0.40625,0.08984375,0.37109375
abf_fr_information_oracle|tt=information_oracle|g=0.002|eta=0.1|bi=0.909091|sf=0.954545|fe=500|seed=6001,abf_fr_information_oracle|tt=information_oracle|g=0.002|eta=0.1|bi=0.909091|sf=0.954545|fe=500,abf_fr_information_oracle,information_oracle,6001,0.002,0.1,0.9090909090909092,0.9545454545454544,500,6000,12.0,0.2527202779105151,0.5060103303041695,0.0596371847189025,0.2749144713658696,0.3901949204698041,4564,256,0.0,False,0.0,0.0,0,,,,,-0.2319461516923198,0.2136588086310551,0.4456049603233749,0.5033008127077703,0.2603193560428243,0.6015462348371041,0.248665509124556,0.4676772426056742,0.2527202779105151,0.5060103303041695,0.05255100762367,0.7134535665873792,256.0,1,0.00390625,0,0,,,,,,,,,,,,0.05,0.1,0.2749144713658696,0.0596371847189025,0.3901949204698041,,,0.38671875,0.10546875,0.359375
abf_fr_information_oracle|tt=information_oracle|g=0.002|eta=0.1|bi=0.909091|sf=0.954545|fe=500|seed=6001,abf_fr_information_oracle|tt=information_oracle|g=0.002|eta=0.1|bi=0.909091|sf=0.954545|fe=500,abf_fr_information_oracle,information_oracle,6001,0.002,0.1,0.9090909090909092,0.9545454545454544,500,6500,13.0,0.2445082128378266,0.4864158597592059,0.0502664046195672,0.2619174747392172,0.387938801904248,4918,256,0.0,False,0.0,0.0,0,,,,,-0.2200355268334135,0.2136588086310551,0.4336943354644686,0.4855361962136655,0.2518126208159827,0.5789935064997103,0.2409069813404756,0.4497800418971066,0.2445082128378266,0.4864158597592059,0.051863207233427,0.6983297149934488,256.0,1,0.00390625,0,0,,,,,,,,,,,,0.05,0.1,0.2619174747392172,0.0502664046195672,0.387938801904248,,,0.3828125,0.1171875,0.37109375
abf_fr_information_oracle|tt=information_oracle|g=0.002|eta=0.1|bi=0.909091|sf=0.954545|fe=500|seed=6001,abf_fr_information_oracle|tt=information_oracle|g=0.002|eta=0.1|bi=0.909091|sf=0.954545|fe=500,abf_fr_information_oracle,information_oracle,6001,0.002,0.1,0.9090909090909092,0.9545454545454544,500,7000,14.0,0.2343182419404046,0.4682326918872878,0.0657635560239215,0.2792826216081386,0.3693232236407103,5173,256,0.0,False,0.0,0.0,0,,,,,-0.2000383217408305,0.2136588086310551,0.4136971303718857,0.4673382633626319,0.2416130799981642,0.5578860339666114,0.2305371641029486,0.4332030659306909,0.2343182419404046,0.4682326918872878,0.0499045174360641,0.6750324509177352,256.0,1,0.00390625,0,0,,,,,,,,,,,,0.05,0.1,0.2792826216081386,0.0657635560239215,0.3693232236407103,,,0.43359375,0.09375,0.37109375
abf_fr_information_oracle|tt=information_oracle|g=0.002|eta=0.1|bi=0.909091|sf=0.954545|fe=500|seed=6001,abf_fr_information_oracle|tt=information_oracle|g=0.002|eta=0.1|bi=0.909091|sf=0.954545|fe=500,abf_fr_information_oracle,information_oracle,6001,0.002,0.1,0.9090909090909092,0.9545454545454544,500,7500,15.0,0.2292277911095224,0.4573643347067983,0.0621064882623402,0.2782581295696832,0.3851202113227635,5397,256,0.0,False,0.0,0.0,0,,,,,-0.1928627680465027,0.2136588086310551,0.4065215766775578,0.4565188250613898,0.2365094358438944,0.5454887256916984,0.2255025061344335,0.4233128856017474,0.2292277911095224,0.4573643347067983,0.0491042659339999,0.6663153168134985,256.0,1,0.00390625,0,0,,,,,,,,,,,,0.05,0.1,0.2782581295696832,0.0621064882623402,0.3851202113227635,,,0.42578125,0.10546875,0.35546875
abf_fr_information_oracle|tt=information_oracle|g=0.002|eta=0.1|bi=0.909091|sf=0.954545|fe=500|seed=6001,abf_fr_information_oracle|tt=information_oracle|g=0.002|eta=0.1|bi=0.909091|sf=0.954545|fe=500,abf_fr_information_oracle,information_oracle,6001,0.002,0.1,0.9090909090909092,0.9545454545454544,500,8000,16.0,0.2194217935477148,0.4396139897588801,0.0737104930415068,0.2863412181394226,0.3902417413302954,5654,256,0.0,False,0.0,0.0,0,,,,,-0.1747997976496087,0.2136588086310551,0.3884586062806638,0.4388113177081371,0.2268565558085412,0.5247481856053844,0.2154886647200951,0.4072839123764897,0.2194217935477148,0.4396139897588801,0.0485809154311174,0.6530384252680806,256.0,1,0.00390625,0,0,,,,,,,,,,,,0.05,0.1,0.2863412181394226,0.0737104930415068,0.3902417413302954,,,0.43359375,0.1015625,0.33203125
abf_fr_information_oracle|tt=information_oracle|g=0.002|eta=0.1|bi=0.909091|sf=0.954545|fe=500|seed=6001,abf_fr_information_oracle|tt=information_oracle|g=0.002|eta=0.1|bi=0.909091|sf=0.954545|fe=500,abf_fr_information_oracle,information_oracle,6001,0.002,0.1,0.9090909090909092,0.9545454545454544,500,8500,17.0,0.2130391179546777,0.4278554996416999,0.0713276471240492,0.280356940658131,0.383654821265674,5970,256,0.0,False,0.0,0.0,0,,,,,-0.1631279117642989,0.2136588086310551,0.3767867203953541,0.4276782543218061,0.220484904763773,0.5110567309187517,0.2092258663133413,0.3966832208661869,0.2130391179546777,0.4278554996416999,0.047767368133338,0.6390041562532401,256.0,1,0.00390625,0,0,,,,,,,,,,,,0.05,0.1,0.280356940658131,0.0713276471240492,0.383654821265674,,,0.3984375,0.09765625,0.34375
abf_fr_information_oracle|tt=information_oracle|g=0.002|eta=0.1|bi=0.909091|sf=0.954545|fe=500|seed=6001,abf_fr_information_oracle|tt=information_oracle|g=0.002|eta=0.1|bi=0.909091|sf=0.954545|fe=500,abf_fr_information_oracle,information_oracle,6001,0.002,0.1,0.9090909090909092,0.9545454545454544,500,9000,18.0,0.2061843973748498,0.4133543949945228,0.0780719439277061,0.284285974041675,0.36096718844427,6230,256,0.0,False,0.0,0.0,0,,,,,-0.151453590151803,0.2136588086310551,0.3651123987828581,0.4144490533703629,0.2134183175228332,0.4939620411193362,0.2027310883531561,0.3836517608545766,0.2061843973748498,0.4133543949945228,0.0468476832499985,0.6216345093950151,256.0,1,0.00390625,0,0,,,,,,,,,,,,0.05,0.1,0.284285974041675,0.0780719439277061,0.36096718844427,,,0.4453125,0.08984375,0.3359375
abf_fr_information_oracle|tt=information_oracle|g=0.002|eta=0.1|bi=0.909091|sf=0.954545|fe=500|seed=6001,abf_fr_information_oracle|tt=information_oracle|g=0.002|eta=0.1|bi=0.909091|sf=0.954545|fe=500,abf_fr_information_oracle,information_oracle,6001,0.002,0.1,0.9090909090909092,0.9545454545454544,500,9500,19.0,0.2009904628788285,0.3987937691953614,0.0804066635898238,0.2845881860963062,0.3744296385366972,6459,256,0.0,False,0.0,0.0,0,,,,,-0.144648489648528,0.2136588086310551,0.3583072982795832,0.4016084731811074,0.2075297175063515,0.4765812214055751,0.1980144659373301,0.3705681055561647,0.2009904628788285,0.3987937691953614,0.0457318668504101,0.6003643654368495,256.0,1,0.00390625,0,0,,,,,,,,,,,,0.05,0.1,0.2845881860963062,0.0804066635898238,0.3744296385366972,,,0.421875,0.09375,0.36328125
abf_fr_information_oracle|tt=information_oracle|g=0.002|eta=0.1|bi=0.909091|sf=0.954545|fe=500|seed=6001,abf_fr_information_oracle|tt=information_oracle|g=0.002|eta=0.1|bi=0.909091|sf=0.954545|fe=500,abf_fr_information_oracle,information_oracle,6001,0.002,0.1,0.9090909090909092,0.9545454545454544,500,10000,20.0,0.191067986687261,0.3824137260814128,0.0796737934364968,0.2910624120985866,0.3797535233927885,6642,256,0.002,True,0.0,0.0,0,-9.020562075079396e-17,1.0667993341540345,-3.445781714690366,1.362946526004888,-0.1237081648765467,0.2136588086310551,0.3373669735076019,0.3854909083177101,0.1976435464439561,0.457133061072004,0.1880748929888949,0.3558820784155028,0.191067986687261,0.3824137260814128,0.0437371350721338,0.5763515220993074,256.0,1,0.00390625,1,0,0.0,-3.3827323402133715,-3.3827323402133715,-1.527889014903515,-1.527889014903515,0.1638594284187042,0.1638594284187042,1.1688580659924357,1.1688580659924357,1.359427560785638,1.359427560785638,0.05,0.1,0.2910624120985866,0.0796737934364968,0.3797535233927885,1.0667993341540345,1.362946526004888,0.43359375,0.0625,0.34765625
abf_fr_information_oracle|tt=information_oracle|g=0.002|eta=0.1|bi=0.909091|sf=0.954545|fe=500|seed=6001,abf_fr_information_oracle|tt=information_oracle|g=0.002|eta=0.1|bi=0.909091|sf=0.954545|fe=500,abf_fr_information_oracle,information_oracle,6001,0.002,0.1,0.9090909090909092,0.9545454545454544,500,10500,21.0,0.1873904567963058,0.3712114668202432,0.06742209706745,0.2853537107942395,0.3860324027449259,6788,256,0.0,False,0.0,0.0,0,,,,,-0.1192157640080786,0.2136588086310551,0.3328745726391338,0.3750425363322878,0.1933325081547982,0.4440186444504461,0.1847768397026127,0.3457749558118177,0.1873904567963058,0.3712114668202432,0.0428156384593086,0.5615363089107488,256.0,1,0.00390625,1,0,,,,,,,,,,,,0.05,0.1,0.2853537107942395,0.06742209706745,0.3860324027449259,,,0.421875,0.09375,0.32421875
abf_fr_information_oracle|tt=information_oracle|g=0.002|eta=0.1|bi=0.909091|sf=0.954545|fe=500|seed=6001,abf_fr_information_oracle|tt=information_oracle|g=0.002|eta=0.1|bi=0.909091|sf=0.954545|fe=500,abf_fr_information_oracle,information_oracle,6001,0.002,0.1,0.9090909090909092,0.9545454545454544,500,11000,22.0,0.1798008765275693,0.3539223538374494,0.0787431188872058,0.2915479754891459,0.3745149838986575,6988,256,0.0,False,0.0,0.0,0,,,,,-0.1065833680415337,0.2136588086310551,0.3202421766725889,0.3596046287955726,0.1854388932402314,0.423516692266623,0.177281130029869,0.3303898993183735,0.1798008765275693,0.3539223538374494,0.0411944396403794,0.5353588290570245,256.0,1,0.00390625,1,0,,,,,,,,,,,,0.05,0.1,0.2915479754891459,0.0787431188872058,0.3745149838986575,,,0.4140625,0.08203125,0.34375
abf_fr_information_oracle|tt=information_oracle|g=0.002|eta=0.1|bi=0.909091|sf=0.954545|fe=500|seed=6002,abf_fr_information_oracle|tt=information_oracle|g=0.002|eta=0.1|bi=0.909091|sf=0.954545|fe=500,abf_fr_information_oracle,information_oracle,6002,0.002,0.1,0.9090909090909092,0.9545454545454544,500,0,0.0,2.906603863987052,6.564657815288973,0.0461194891710618,0.2448804314041955,0.3990255452398891,0,256,0.0,False,0.0,0.0,0,,,,,0.0,0.2136588086310551,0.2136588086310551,1.8839792970692677,0.7722826132658906,3.487298309594125,5.408116675855963,9.381946420303988,2.906603863987052,6.564657815288973,0.037083496902375,0.7293641473133242,256.0,1,0.00390625,0,0,,,,,,,,,,,,0.05,0.1,0.2448804314041955,0.0461194891710618,0.3990255452398891,,,0.359375,0.18359375,0.3203125
abf_fr_information_oracle|tt=information_oracle|g=0.002|eta=0.1|bi=0.909091|sf=0.954545|fe=500|seed=6002,abf_fr_information_oracle|tt=information_oracle|g=0.002|eta=0.1|bi=0.909091|sf=0.954545|fe=500,abf_fr_information_oracle,information_oracle,6002,0.002,0.1,0.9090909090909092,0.9545454545454544,500,500,1.0,0.5047712069708988,1.3391897001524269,0.1000480999945386,0.2903263079286051,0.3541559781883503,472,256,0.0,False,0.0,0.0,0,,,,,0.2612553038790324,0.2136588086310551,0.0475964952479772,1.4108505664264708,0.5829479483153295,1.4634852951146822,0.5012281257565735,1.2308070858429163,0.5047712069708988,1.3391897001524269,0.0588411003117542,0.9083372718862316,256.0,1,0.00390625,0,0,,,,,,,,,,,,0.05,0.1,0.2903263079286051,0.1000480999945386,0.3541559781883503,,,0.39453125,0.140625,0.36328125
abf_fr_information_oracle|tt=information_oracle|g=0.002|eta=0.1|bi=0.909091|sf=0.954545|fe=500|seed=6002,abf_fr_information_oracle|tt=information_oracle|g=0.002|eta=0.1|bi=0.909091|sf=0.954545|fe=500,abf_fr_information_oracle,information_oracle,6002,0.002,0.1,0.9090909090909092,0.9545454545454544,500,1000,2.0,0.4220115641340007,1.156406276337924,0.0949884010413998,0.2992839859958868,0.3530003768518749,1050,256,0.0,False,0.0,0.0,0,,,,,0.2255463459416873,0.2136588086310551,0.0118875373106321,1.2037574635727992,0.4942045038416778,1.3123993914766403,0.4026381205134361,1.0617519345510051,0.4220115641340007,1.156406276337924,0.0680382103982946,1.0226457778282203,256.0,1,0.00390625,0,0,,,,,,,,,,,,0.05,0.1,0.2992839859958868,0.0949884010413998,0.3530003768518749,,,0.4296875,0.1171875,0.390625
abf_fr_information_oracle|tt=information_oracle|g=0.002|eta=0.1|bi=0.909091|sf=0.954545|fe=500|seed=6002,abf_fr_information_oracle|tt=information_oracle|g=0.002|eta=0.1|bi=0.909091|sf=0.954545|fe=500,abf_fr_information_oracle,information_oracle,6002,0.002,0.1,0.9090909090909092,0.9545454545454544,500,1500,3.0,0.3705494473015952,1.0235173721645414,0.0954607249651333,0.2884622169844891,0.3643135467602738,1406,256,0.0,False,0.0,0.0,0,,,,,0.1767977353989884,0.2136588086310551,0.0368610732320666,1.0618149540607067,0.4359457425908495,1.1934132473500272,0.3434581773248295,0.939250076463242,0.3705494473015952,1.0235173721645414,0.0707399275698505,1.0490061921368374,256.0,1,0.00390625,0,0,,,,,,,,,,,,0.05,0.1,0.2884622169844891,0.0954607249651333,0.3643135467602738,,,0.42578125,0.09765625,0.41796875
abf_fr_information_oracle|tt=information_oracle|g=0.002|eta=0.1|bi=0.909091|sf=0.954545|fe=500|seed=6002,abf_fr_information_oracle|tt=information_oracle|g=0.002|eta=0.1|bi=0.909091|sf=0.954545|fe=500,abf_fr_information_oracle,information_oracle,6002,0.002,0.1,0.9090909090909092,0.9545454545454544,500,2000,4.0,0.3300904544307229,0.9195083337779216,0.0912646380264468,0.2991350402166973,0.3719678512857239,1791,256,0.0,False,0.0,0.0,0,,,,,0.2063619394446441,0.2136588086310551,0.007296869186411,0.946847918473305,0.3877527888830397,1.0827542329292263,0.3034904263318351,0.8439507069351035,0.3300904544307229,0.9195083337779216,0.0716227049141113,1.0487091355259226,256.0,1,0.00390625,0,0,,,,,,,,,,,,0.05,0.1,0.2991350402166973,0.0912646380264468,0.3719678512857239,,,0.43359375,0.09765625,0.41015625
abf_fr_information_oracle|tt=information_oracle|g=0.002|eta=0.1|bi=0.909091|sf=0.954545|fe=500|seed=6002,abf_fr_information_oracle|tt=information_oracle|g=0.002|eta=0.1|bi=0.909091|sf=0.954545|fe=500,abf_fr_information_oracle,information_oracle,6002,0.002,0.1,0.9090909090909092,0.9545454545454544,500,2500,5.0,0.3095833605985578,0.8675725613611733,0.0951722706711045,0.3022542163489451,0.3492988599025275,2102,256,0.0,False,0.0,0.0,0,,,,,0.2152850266477948,0.2136588086310551,0.0016262180167396,0.8852279721304398,0.3630580545326848,1.0260321413439617,0.2837034722355804,0.7959894377699563,0.3095833605985578,0.8675725613611733,0.0716732810844676,1.0348890443812726,256.0,1,0.00390625,0,0,,,,,,,,,,,,0.05,0.1,0.3022542163489451,0.0951722706711045,0.3492988599025275,,,0.45703125,0.0859375,0.3984375
abf_fr_information_oracle|tt=information_oracle|g=0.002|eta=0.1|bi=0.909091|sf=0.954545|fe=500|seed=6002,abf_fr_information_oracle|tt=information_oracle|g=0.002|eta=0.1|bi=0.909091|sf=0.954545|fe=500,abf_fr_information_oracle,information_oracle,6002,0.002,0.1,0.9090909090909092,0.9545454545454544,500,3000,6.0,0.2804425706916671,0.7889798155512567,0.0965647586109952,0.2927105151653706,0.3764172942521084,2350,256,0.0,False,0.0,0.0,0,,,,,0.2064521852438865,0.2136588086310551,0.0072066233871685,0.8023215177938283,0.3287274975401457,0.9363956141736248,0.2564154326221802,0.724442487099509,0.2804425706916671,0.7889798155512567,0.0688953538787431,0.9874622540665569,256.0,1,0.00390625,0,0,,,,,,,,,,,,0.05,0.1,0.2927105151653706,0.0965647586109952,0.3764172942521084,,,0.4140625,0.08203125,0.41015625
abf_fr_information_oracle|tt=information_oracle|g=0.002|eta=0.1|bi=0.909091|sf=0.954545|fe=500|seed=6002,abf_fr_information_oracle|tt=information_oracle|g=0.002|eta=0.1|bi=0.909091|sf=0.954545|fe=500,abf_fr_information_oracle,information_oracle,6002,0.002,0.1,0.9090909090909092,0.9545454545454544,500,3500,7.0,0.2617644534727273,0.7383311831170838,0.0724904108950408,0.2870165493629527,0.379990195928932,2565,256,0.0,False,0.0,0.0,0,,,,,0.2315472145956114,0.2136588086310551,0.0178884059645563,0.7451402476648212,0.3060336137854914,0.8799367587605988,0.2391477477670299,0.6780697106740221,0.2617644534727273,0.7383311831170838,0.0675454918555981,0.9583107000703176,256.0,1,0.00390625,0,0,,,,,,,,,,,,0.05,0.1,0.2870165493629527,0.0724904108950408,0.379990195928932,,,0.44140625,0.078125,0.41015625
abf_fr_information_oracle|tt=information_oracle|g=0.002|eta=0.1|bi=0.909091|sf=0.954545|fe=500|seed=6002,abf_fr_information_oracle|tt=information_oracle|g=0.002|eta=0.1|bi=0.909091|sf=0.954545|fe=500,abf_fr_information_oracle,information_oracle,6002,0.002,0.1,0.9090909090909092,0.9545454545454544,500,4000,8.0,0.244007545736861,0.6905139433193636,0.0758197326486666,0.2938682866181228,0.3827709440156549,2786,256,0.0,False,0.0,0.0,0,,,,,0.2337936297209566,0.2136588086310551,0.0201348210899015,0.695104915490279,0.2851473328384327,0.8240216839904168,0.2228112240799928,0.6344552512514986,0.244007545736861,0.6905139433193636,0.065306236203031,0.9206213839573084,256.0,1,0.00390625,0,0,,,,,,,,,,,,0.05,0.1,0.2938682866181228,0.0758197326486666,0.3827709440156549,,,0.41796875,0.0859375,0.3984375
abf_fr_information_oracle|tt=information_oracle|g=0.002|eta=0.1|bi=0.909091|sf=0.954545|fe=500|seed=6002,abf_fr_information_oracle|tt=information_oracle|g=0.002|eta=0.1|bi=0.909091|sf=0.954545|fe=500,abf_fr_information_oracle,information_oracle,6002,0.002,0.1,0.9090909090909092,0.9545454545454544,500,4500,9.0,0.2302839986787377,0.6524227467068179,0.0889563442404607,0.2978671096779801,0.3833437629502845,3073,256,0.0,False,0.0,0.0,0,,,,,0.2547322243310397,0.2136588086310551,0.0410734156999845,0.6536364145697539,0.2683756017558111,0.7793260265205985,0.2104646954608258,0.5996600705838772,0.2302839986787377,0.6524227467068179,0.0642417121695683,0.8988090912701946,256.0,1,0.00390625,0,0,,,,,,,,,,,,0.05,0.1,0.2978671096779801,0.0889563442404607,0.3833437629502845,,,0.3984375,0.05859375,0.41796875
abf_fr_information_oracle|tt=information_oracle|g=0.002|eta=0.1|bi=0.909091|sf=0.954545|fe=500|seed=6002,abf_fr_information_oracle|tt=information_oracle|g=0.002|eta=0.1|bi=0.909091|sf=0.954545|fe=500,abf_fr_information_oracle,information_oracle,6002,0.002,0.1,0.9090909090909092,0.9545454545454544,500,5000,10.0,0.2218483647834431,0.630628043414407,0.0894653180204822,0.3003169653576187,0.3632244215547195,3225,256,0.0,False,0.0,0.0,0,,,,,0.2515437618345331,0.2136588086310551,0.0378849532034779,0.6307809427031404,0.2585569251979616,0.7542867756726844,0.2026971822267025,0.579829566183706,0.2218483647834431,0.630628043414407,0.0627538402281927,0.8772485379567103,256.0,1,0.00390625,0,0,,,,,,,,,,,,0.05,0.1,0.3003169653576187,0.0894653180204822,0.3632244215547195,,,0.421875,0.05859375,0.40234375
abf_fr_information_oracle|tt=information_oracle|g=0.002|eta=0.1|bi=0.909091|sf=0.954545|fe=500|seed=6002,abf_fr_information_oracle|tt=information_oracle|g=0.002|eta=0.1|bi=0.909091|sf=0.954545|fe=500,abf_fr_information_oracle,information_oracle,6002,0.002,0.1,0.9090909090909092,0.9545454545454544,500,5500,11.0,0.2131995711510926,0.6065026931648633,0.0785540475935445,0.3013936678397035,0.3734692014503304,3433,256,0.0,False,0.0,0.0,0,,,,,0.256790399767528,0.2136588086310551,0.0431315911364729,0.6044690810312048,0.2480559897302131,0.7263058263539274,0.1948860273551756,0.5577507030363325,0.2131995711510926,0.6065026931648633,0.0614924565624073,0.8570847619298145,256.0,1,0.00390625,0,0,,,,,,,,,,,,0.05,0.1,0.3013936678397035,0.0785540475935445,0.3734692014503304,,,0.421875,0.0625,0.39453125
abf_fr_information_oracle|tt=information_oracle|g=0.002|eta=0.1|bi=0.909091|sf=0.954545|fe=500|seed=6002,abf_fr_information_oracle|tt=information_oracle|g=0.002|eta=0.1|bi=0.909091|sf=0.954545|fe=500,abf_fr_information_oracle,information_oracle,6002,0.002,0.1,0.9090909090909092,0.9545454545454544,500,6000,12.0,0.2064848627817896,0.5881739208837935,0.0822984195546068,0.2982395554158078,0.3726189266608867,3577,256,0.0,False,0.0,0.0,0,,,,,0.2492932126421259,0.2136588086310551,0.0356344040110707,0.5852356455384252,0.240198405484301,0.7051766533542251,0.1887149377614806,0.5409570412561994,0.2064848627817896,0.5881739208837935,0.0607002586366999,0.8432055695363011,256.0,1,0.00390625,0,0,,,,,,,,,,,,0.05,0.1,0.2982395554158078,0.0822984195546068,0.3726189266608867,,,0.390625,0.07421875,0.40625
abf_fr_information_oracle|tt=information_oracle|g=0.002|eta=0.1|bi=0.909091|sf=0.954545|fe=500|seed=6002,abf_fr_information_oracle|tt=information_oracle|g=0.002|eta=0.1|bi=0.909091|sf=0.954545|fe=500,abf_fr_information_oracle,information_oracle,6002,0.002,0.1,0.9090909090909092,0.9545454545454544,500,6500,13.0,0.197474545683209,0.5651482977127744,0.0794903707458144,0.2970360284002051,0.3867898854997746,3794,256,0.0,False,0.0,0.0,0,,,,,0.2430532082431789,0.2136588086310551,0.0293943996121237,0.5612260880115884,0.2299319377556019,0.6778187769202665,0.1803861593203879,0.5200735945523428,0.197474545683209,0.5651482977127744,0.0598268864724463,0.8258749340851316,256.0,1,0.00390625,0,0,,,,,,,,,,,,0.05,0.1,0.2970360284002051,0.0794903707458144,0.3867898854997746,,,0.40625,0.0546875,0.40234375
abf_fr_information_oracle|tt=information_oracle|g=0.002|eta=0.1|bi=0.909091|sf=0.954545|fe=500|seed=6002,abf_fr_information_oracle|tt=information_oracle|g=0.002|eta=0.1|bi=0.909091|sf=0.954545|fe=500,abf_fr_information_oracle,information_oracle,6002,0.002,0.1,0.9090909090909092,0.9545454545454544,500,7000,14.0,0.1879029808991167,0.5380971506761852,0.0856946405137741,0.2980213508099364,0.363039142477868,3956,256,0.0,False,0.0,0.0,0,,,,,0.2466279955528882,0.2136588086310551,0.0329691869218331,0.5343165204117727,0.2187448337109087,0.6456465690378345,0.1717994406474339,0.4955426744084514,0.1879029808991167,0.5380971506761852,0.0577533003048689,0.7959668901026994,256.0,1,0.00390625,0,0,,,,,,,,,,,,0.05,0.1,0.2980213508099364,0.0856946405137741,0.363039142477868,,,0.39453125,0.07421875,0.34375
abf_fr_information_oracle|tt=information_oracle|g=0.002|eta=0.1|bi=0.909091|sf=0.954545|fe=500|seed=6002,abf_fr_information_oracle|tt=information_oracle|g=0.002|eta=0.1|bi=0.909091|sf=0.954545|fe=500,abf_fr_information_oracle,information_oracle,6002,0.002,0.1,0.9090909090909092,0.9545454545454544,500,7500,15.0,0.1800534845237388,0.5146646831354054,0.0764484043071386,0.2886660288053401,0.4029468233548317,4141,256,0.0,False,0.0,0.0,0,,,,,0.2440858946930255,0.2136588086310551,0.0304270860619704,0.5118595311692686,0.2095961729965262,0.6177076206326533,0.1647253069287871,0.4743492729693415,0.1800534845237388,0.5146646831354054,0.0564632529697639,0.7714944848737141,256.0,1,0.00390625,0,0,,,,,,,,,,,,0.05,0.1,0.2886660288053401,0.0764484043071386,0.4029468233548317,,,0.41015625,0.06640625,0.33984375
abf_fr_information_oracle|tt=information_oracle|g=0.002|eta=0.1|bi=0.909091|sf=0.954545|fe=500|seed=6002,abf_fr_information_oracle|tt=information_oracle|g=0.002|eta=0.1|bi=0.909091|sf=0.954545|fe=500,abf_fr_information_oracle,information_oracle,6002,0.002,0.1,0.9090909090909092,0.9545454545454544,500,8000,16.0,0.1739609930956733,0.4948661012923233,0.0785585121617125,0.2956053600066418,0.4025411797066193,4330,256,0.0,False,0.0,0.0,0,,,,,0.2528205225875233,0.2136588086310551,0.0391617139564681,0.4922921596905151,0.2019676788810492,0.594238502874635,0.159463184615703,0.4563975276720817,0.1739609930956733,0.4948661012923233,0.0546811816467983,0.7463793025963373,256.0,1,0.00390625,0,0,,,,,,,,,,,,0.05,0.1,0.2956053600066418,0.0785585121617125,0.4025411797066193,,,0.40234375,0.0703125,0.3671875
abf_fr_information_oracle|tt=information_oracle|g=0.002|eta=0.1|bi=0.909091|sf=0.954545|fe=500|seed=6002,abf_fr_information_oracle|tt=information_oracle|g=0.002|eta=0.1|bi=0.909091|sf=0.954545|fe=500,abf_fr_information_oracle,information_oracle,6002,0.002,0.1,0.9090909090909092,0.9545454545454544,500,8500,17.0,0.1681173729319443,0.4741425026404693,0.0740918766639298,0.2918633929744487,0.3822125056770484,4552,256,0.0,False,0.0,0.0,0,,,,,0.2706807767398125,0.2136588086310551,0.0570219681087573,0.472583659562175,0.1944653776508468,0.5695663741860713,0.154590167913613,0.4377086292775357,0.1681173729319443,0.4741425026404693,0.0533202533447184,0.7217320734299475,256.0,1,0.00390625,0,0,,,,,,,,,,,,0.05,0.1,0.2918633929744487,0.0740918766639298,0.3822125056770484,,,0.4140625,0.0625,0.3359375
abf_fr_information_oracle|tt=information_oracle|g=0.002|eta=0.1|bi=0.909091|sf=0.954545|fe=500|seed=6002,abf_fr_information_oracle|tt=information_oracle|g=0.002|eta=0.1|bi=0.909091|sf=0.954545|fe=500,abf_fr_information_oracle,information_oracle,6002,0.002,0.1,0.9090909090909092,0.9545454545454544,500,9000,18.0,0.1601900317361213,0.4502436285718173,0.0867509992227152,0.3052801107501648,0.3895605124604564,4689,256,0.0,False,0.0,0.0,0,,,,,0.27191363765915,0.2136588086310551,0.0582548290280948,0.4487113486994829,0.1851622059010496,0.5409218248013847,0.147439473661938,0.4162019470214539,0.1601900317361213,0.4502436285718173,0.0516565681910006,0.6935216110013458,256.0,1,0.00390625,0,0,,,,,,,,,,,,0.05,0.1,0.3052801107501648,0.0867509992227152,0.3895605124604564,,,0.40234375,0.046875,0.38671875
abf_fr_information_oracle|tt=information_oracle|g=0.002|eta=0.1|bi=0.909091|sf=0.954545|fe=500|seed=6002,abf_fr_information_oracle|tt=information_oracle|g=0.002|eta=0.1|bi=0.909091|sf=0.954545|fe=500,abf_fr_information_oracle,information_oracle,6002,0.002,0.1,0.9090909090909092,0.9545454545454544,500,9500,19.0,0.1547088016465363,0.4346802608639502,0.0720485319828927,0.2960598789285845,0.3962327667571458,4896,256,0.0,False,0.0,0.0,0,,,,,0.2743272774931924,0.2136588086310551,0.0606684688621372,0.4327541698782097,0.1786946509200732,0.5222378226260516,0.1424436694327177,0.4021883556280779,0.1547088016465363,0.4346802608639502,0.0504794274573585,0.6749769945560756,256.0,1,0.00390625,0,0,,,,,,,,,,,,0.05,0.1,0.2960598789285845,0.0720485319828927,0.3962327667571458,,,0.40234375,0.07421875,0.359375
abf_fr_information_oracle|tt=information_oracle|g=0.002|eta=0.1|bi=0.909091|sf=0.954545|fe=500|seed=6002,abf_fr_information_oracle|tt=information_oracle|g=0.002|eta=0.1|bi=0.909091|sf=0.954545|fe=500,abf_fr_information_oracle,information_oracle,6002,0.002,0.1,0.9090909090909092,0.9545454545454544,500,10000,20.0,0.1501032357130572,0.4192358773108884,0.0825276655005267,0.2931077091815392,0.3857582903009444,5027,255,0.002,True,0.00390625,0.00390625,1,3.4694469519536136e-17,0.9579786873534708,-3.483238012992848,1.3037492037989675,0.2804964204009827,0.2136588086310551,0.0668376117699276,0.4178718084821317,0.1729266127623031,0.5037441124612387,0.1384637476569088,0.3882622334702088,0.1501032357130572,0.4192358773108884,0.0490845436928935,0.6540264589609106,254.015503875969,2,0.0078125,1,1,0.0,-3.190982064091731,-3.190982064091731,-1.0175041698968896,-1.0175041698968896,0.2190251251116675,0.2190251251116675,1.043846125279005,1.043846125279005,1.2962841948720218,1.2962841948720218,0.05,0.1,0.2931077091815392,0.0825276655005267,0.3857582903009444,0.9579786873534708,1.3037492037989675,0.41015625,0.04296875,0.40234375
abf_fr_information_oracle|tt=information_oracle|g=0.002|eta=0.1|bi=0.909091|sf=0.954545|fe=500|seed=6002,abf_fr_information_oracle|tt=information_oracle|g=0.002|eta=0.1|bi=0.909091|sf=0.954545|fe=500,abf_fr_information_oracle,information_oracle,6002,0.002,0.1,0.9090909090909092,0.9545454545454544,500,10500,21.0,0.1438554168566736,0.400167751652389,0.0713658570636088,0.2826272018593951,0.392021600587172,5177,255,0.0,False,0.0,0.0,0,,,,,0.2766131459136929,0.2136588086310551,0.0629543372826377,0.399644943384047,0.1656385134572549,0.4808617454251552,0.1328185289984544,0.3711004155580973,0.1438554168566736,0.400167751652389,0.0475862600496138,0.6266820468489607,254.015503875969,2,0.0078125,1,1,,,,,,,,,,,,0.05,0.1,0.2826272018593951,0.0713658570636088,0.392021600587172,,,0.36328125,0.0703125,0.39453125
abf_fr_information_oracle|tt=information_oracle|g=0.002|eta=0.1|bi=0.909091|sf=0.954545|fe=500|seed=6002,abf_fr_information_oracle|tt=information_oracle|g=0.002|eta=0.1|bi=0.909091|sf=0.954545|fe=500,abf_fr_information_oracle,information_oracle,6002,0.002,0.1,0.9090909090909092,0.9545454545454544,500,11000,22.0,0.1354410126791338,0.3785337895637852,0.0801735391645524,0.2917541925119724,0.3897584392216381,5353,255,0.0,False,0.0,0.0,0,,,,,0.2638633124847303,0.2136588086310551,0.0502045038536751,0.3801150738106439,0.1564615842998715,0.4548379233341013,0.1248270204024688,0.3518165618488079,0.1354410126791338,0.3785337895637852,0.0450559252729707,0.5951456877239367,254.015503875969,2,0.0078125,1,1,,,,,,,,,,,,0.05,0.1,0.2917541925119724,0.0801735391645524,0.3897584392216381,,,0.390625,0.0703125,0.40234375
abf_fr_information_oracle|tt=information_oracle|g=0.002|eta=0.1|bi=0.909091|sf=0.954545|fe=500|seed=6003,abf_fr_information_oracle|tt=information_oracle|g=0.002|eta=0.1|bi=0.909091|sf=0.954545|fe=500,abf_fr_information_oracle,information_oracle,6003,0.002,0.1,0.9090909090909092,0.9545454545454544,500,0,0.0,2.906603863987052,6.564657815288973,0.0456026583803901,0.2346433902552918,0.399661267384418,0,256,0.0,False,0.0,0.0,0,,,,,0.0,0.2136588086310551,0.2136588086310551,1.8839792970692677,0.7722826132658906,3.487298309594125,5.408116675855963,9.381946420303988,2.906603863987052,6.564657815288973,0.037083496902375,0.7293641473133242,256.0,1,0.00390625,0,0,,,,,,,,,,,,0.05,0.1,0.2346433902552918,0.0456026583803901,0.399661267384418,,,0.32421875,0.1640625,0.35546875
abf_fr_information_oracle|tt=information_oracle|g=0.002|eta=0.1|bi=0.909091|sf=0.954545|fe=500|seed=6003,abf_fr_information_oracle|tt=information_oracle|g=0.002|eta=0.1|bi=0.909091|sf=0.954545|fe=500,abf_fr_information_oracle,information_oracle,6003,0.002,0.1,0.9090909090909092,0.9545454545454544,500,500,1.0,0.5122389733948105,1.3818867771047263,0.0929649900552988,0.2825765277280027,0.366791331388698,609,256,0.0,False,0.0,0.0,0,,,,,0.3231443747435349,0.2136588086310551,0.1094855661124798,1.4419148880502115,0.588656906278029,1.4927838588483633,0.5182535209401739,1.275410638657361,0.5122389733948105,1.3818867771047263,0.0598832209453007,0.9826809911939058,256.0,1,0.00390625,0,0,,,,,,,,,,,,0.05,0.1,0.2825765277280027,0.0929649900552988,0.366791331388698,,,0.37109375,0.16796875,0.3828125
abf_fr_information_oracle|tt=information_oracle|g=0.002|eta=0.1|bi=0.909091|sf=0.954545|fe=500|seed=6003,abf_fr_information_oracle|tt=information_oracle|g=0.002|eta=0.1|bi=0.909091|sf=0.954545|fe=500,abf_fr_information_oracle,information_oracle,6003,0.002,0.1,0.9090909090909092,0.9545454545454544,500,1000,2.0,0.4426836268807634,1.2212203429298358,0.1081478328334351,0.2828056124063331,0.3672547683409099,1097,256,0.0,False,0.0,0.0,0,,,,,0.2770810800186751,0.2136588086310551,0.06342227138762,1.267445440753648,0.5189344023534626,1.3851256691177738,0.423973421585422,1.122271539390565,0.4426836268807634,1.2212203429298358,0.0696443521954221,1.069733261316267,256.0,1,0.00390625,0,0,,,,,,,,,,,,0.05,0.1,0.2828056124063331,0.1081478328334351,0.3672547683409099,,,0.390625,0.14453125,0.40625
abf_fr_information_oracle|tt=information_oracle|g=0.002|eta=0.1|bi=0.909091|sf=0.954545|fe=500|seed=6003,abf_fr_information_oracle|tt=information_oracle|g=0.002|eta=0.1|bi=0.909091|sf=0.954545|fe=500,abf_fr_information_oracle,information_oracle,6003,0.002,0.1,0.9090909090909092,0.9545454545454544,500,1500,3.0,0.4024301825259416,1.1252155578215717,0.101050468060995,0.2864434899489435,0.358935296657109,1598,256,0.0,False,0.0,0.0,0,,,,,0.2618510321274137,0.2136588086310551,0.0481922234963585,1.1546021947165188,0.4731579325918554,1.300226062268344,0.37833080435056,1.0341088961747988,0.4024301825259416,1.1252155578215717,0.0711237847378269,1.0830905046815067,256.0,1,0.00390625,0,0,,,,,,,,,,,,0.05,0.1,0.2864434899489435,0.101050468060995,0.358935296657109,,,0.40625,0.11328125,0.4375
abf_fr_information_oracle|tt=information_oracle|g=0.002|eta=0.1|bi=0.909091|sf=0.954545|fe=500|seed=6003,abf_fr_information_oracle|tt=information_oracle|g=0.002|eta=0.1|bi=0.909091|sf=0.954545|fe=500,abf_fr_information_oracle,information_oracle,6003,0.002,0.1,0.9090909090909092,0.9545454545454544,500,2000,4.0,0.3674231905620627,1.0318966037283837,0.109184048676505,0.3038124564054514,0.3483199530508338,1942,256,0.0,False,0.0,0.0,0,,,,,0.1841465894644152,0.2136588086310551,0.0295122191666399,1.054779817057255,0.4315941493534061,1.206698052824506,0.3415349344053108,0.9483051857930168,0.3674231905620627,1.0318966037283837,0.0720446745915041,1.0780590238297771,256.0,1,0.00390625,0,0,,,,,,,,,,,,0.05,0.1,0.3038124564054514,0.109184048676505,0.3483199530508338,,,0.40625,0.09375,0.453125
abf_fr_information_oracle|tt=information_oracle|g=0.002|eta=0.1|bi=0.909091|sf=0.954545|fe=500|seed=6003,abf_fr_information_oracle|tt=information_oracle|g=0.002|eta=0.1|bi=0.909091|sf=0.954545|fe=500,abf_fr_information_oracle,information_oracle,6003,0.002,0.1,0.9090909090909092,0.9545454545454544,500,2500,5.0,0.3424951443483965,0.9568813764930008,0.1057777694177433,0.3096827034193962,0.3600504424866137,2254,256,0.0,False,0.0,0.0,0,,,,,0.1660491053176649,0.2136588086310551,0.0476097033133902,0.9803717986108044,0.4015923245730567,1.1293690662906368,0.3152544615829271,0.8790078802174873,0.3424951443483965,0.9568813764930008,0.0718840649388211,1.0618398184344973,256.0,1,0.00390625,0,0,,,,,,,,,,,,0.05,0.1,0.3096827034193962,0.1057777694177433,0.3600504424866137,,,0.4140625,0.06640625,0.44140625
abf_fr_information_oracle|tt=information_oracle|g=0.002|eta=0.1|bi=0.909091|sf=0.954545|fe=500|seed=6003,abf_fr_information_oracle|tt=information_oracle|g=0.002|eta=0.1|bi=0.909091|sf=0.954545|fe=500,abf_fr_information_oracle,information_oracle,6003,0.002,0.1,0.9090909090909092,0.9545454545454544,500,3000,6.0,0.3219253963500031,0.9020126515456384,0.1012967631752531,0.3049337447258195,0.3563980007348222,2546,256,0.0,False,0.0,0.0,0,,,,,0.1699063295304199,0.2136588086310551,0.0437524791006351,0.9189236502013692,0.3767849596105056,1.0707954013336616,0.2951260713577335,0.828672554966453,0.3219253963500031,0.9020126515456384,0.0711661315397901,1.043885563477538,256.0,1,0.00390625,0,0,,,,,,,,,,,,0.05,0.1,0.3049337447258195,0.1012967631752531,0.3563980007348222,,,0.41015625,0.08203125,0.44140625
abf_fr_information_oracle|tt=information_oracle|g=0.002|eta=0.1|bi=0.909091|sf=0.954545|fe=500|seed=6003,abf_fr_information_oracle|tt=information_oracle|g=0.002|eta=0.1|bi=0.909091|sf=0.954545|fe=500,abf_fr_information_oracle,information_oracle,6003,0.002,0.1,0.9090909090909092,0.9545454545454544,500,3500,7.0,0.3038642153348385,0.8530289683684688,0.1040466267341917,0.3040090771407479,0.3670176140623296,2770,256,0.0,False,0.0,0.0,0,,,,,0.1420278531632703,0.2136588086310551,0.0716309554677847,0.8639401235941454,0.3547730550687784,1.0155500650269331,0.2785299206029957,0.7837236079404188,0.3038642153348385,0.8530289683684688,0.0711549755546715,1.0323341787882732,256.0,1,0.00390625,0,0,,,,,,,,,,,,0.05,0.1,0.3040090771407479,0.1040466267341917,0.3670176140623296,,,0.40625,0.08203125,0.4375
abf_fr_information_oracle|tt=information_oracle|g=0.002|eta=0.1|bi=0.909091|sf=0.954545|fe=500|seed=6003,abf_fr_information_oracle|tt=information_oracle|g=0.002|eta=0.1|bi=0.909091|sf=0.954545|fe=500,abf_fr_information_oracle,information_oracle,6003,0.002,0.1,0.9090909090909092,0.9545454545454544,500,4000,8.0,0.2833102634293733,0.7933163534542571,0.0947556692981554,0.2980021368697486,0.3886669261049301,3025,256,0.0,False,0.0,0.0,0,,,,,0.1325924405950189,0.2136588086310551,0.0810663680360361,0.8030278755530456,0.3300808635812254,0.9459578884487352,0.2598516550460231,0.7288977775125095,0.2833102634293733,0.7933163534542571,0.0694442638087462,0.999615965876022,256.0,1,0.00390625,0,0,,,,,,,,,,,,0.05,0.1,0.2980021368697486,0.0947556692981554,0.3886669261049301,,,0.39453125,0.08203125,0.41796875
abf_fr_information_oracle|tt=information_oracle|g=0.002|eta=0.1|bi=0.909091|sf=0.954545|fe=500|seed=6003,abf_fr_information_oracle|tt=information_oracle|g=0.002|eta=0.1|bi=0.909091|sf=0.954545|fe=500,abf_fr_information_oracle,information_oracle,6003,0.002,0.1,0.9090909090909092,0.9545454545454544,500,4500,9.0,0.2692647793910027,0.7452567091793599,0.081287456008607,0.296163306413333,0.3855005345068805,3154,256,0.0,False,0.0,0.0,0,,,,,0.0964845380494239,0.2136588086310551,0.1171742705816312,0.7555353111257394,0.3120035599759379,0.8907027361183807,0.2473712050624155,0.6847704622447507,0.2692647793910027,0.7452567091793599,0.0672868978622516,0.9617657811080766,256.0,1,0.00390625,0,0,,,,,,,,,,,,0.05,0.1,0.296163306413333,0.081287456008607,0.3855005345068805,,,0.41015625,0.06640625,0.41796875
abf_fr_information_oracle|tt=information_oracle|g=0.002|eta=0.1|bi=0.909091|sf=0.954545|fe=500|seed=6003,abf_fr_information_oracle|tt=information_oracle|g=0.002|eta=0.1|bi=0.909091|sf=0.954545|fe=500,abf_fr_information_oracle,information_oracle,6003,0.002,0.1,0.9090909090909092,0.9545454545454544,500,5000,10.0,0.2576931189824636,0.706611094000937,0.0906609754344476,0.3097033013124861,0.376185227523829,3355,256,0.0,False,0.0,0.0,0,,,,,0.0735321025419821,0.2136588086310551,0.1401267060890729,0.71594862159709,0.2971613018824736,0.8453888097720506,0.2372133755886809,0.649285436458258,0.2576931189824636,0.706611094000937,0.0661848115808256,0.9403828531404193,256.0,1,0.00390625,0,0,,,,,,,,,,,,0.05,0.1,0.3097033013124861,0.0906609754344476,0.376185227523829,,,0.41015625,0.0546875,0.41796875
abf_fr_information_oracle|tt=information_oracle|g=0.002|eta=0.1|bi=0.909091|sf=0.954545|fe=500|seed=6003,abf_fr_information_oracle|tt=information_oracle|g=0.002|eta=0.1|bi=0.909091|sf=0.954545|fe=500,abf_fr_information_oracle,information_oracle,6003,0.002,0.1,0.9090909090909092,0.9545454545454544,500,5500,11.0,0.2410044138023361,0.6625404494385186,0.081505455433864,0.2914450345087648,0.3741701456818262,3527,256,0.0,False,0.0,0.0,0,,,,,0.0805995282585918,0.2136588086310551,0.1330592803724632,0.6690540950518801,0.2779943605400496,0.7929890583868641,0.2219103458282884,0.6091051192948459,0.2410044138023361,0.6625404494385186,0.0645864203683572,0.907551177688218,256.0,1,0.00390625,0,0,,,,,,,,,,,,0.05,0.1,0.2914450345087648,0.081505455433864,0.3741701456818262,,,0.421875,0.07421875,0.39453125
abf_fr_information_oracle|tt=information_oracle|g=0.002|eta=0.1|bi=0.909091|sf=0.954545|fe=500|seed=6003,abf_fr_information_oracle|tt=information_oracle|g=0.002|eta=0.1|bi=0.909091|sf=0.954545|fe=500,abf_fr_information_oracle,information_oracle,6003,0.002,0.1,0.9090909090909092,0.9545454545454544,500,6000,12.0,0.2251435125553181,0.6256984725570106,0.0797295867508226,0.291938104291618,0.3758958476844999,3717,256,0.0,False,0.0,0.0,0,,,,,0.1097846125476031,0.2136588086310551,0.1038741960834519,0.6301887892706417,0.2606844084126705,0.7495492860760433,0.2068024626620798,0.575602955243178,0.2251435125553181,0.6256984725570106,0.0629793535797467,0.8789342047231626,256.0,1,0.00390625,0,0,,,,,,,,,,,,0.05,0.1,0.291938104291618,0.0797295867508226,0.3758958476844999,,,0.40625,0.05859375,0.4140625
abf_fr_information_oracle|tt=information_oracle|g=0.002|eta=0.1|bi=0.909091|sf=0.954545|fe=500|seed=6003,abf_fr_information_oracle|tt=information_oracle|g=0.002|eta=0.1|bi=0.909091|sf=0.954545|fe=500,abf_fr_information_oracle,information_oracle,6003,0.002,0.1,0.9090909090909092,0.9545454545454544,500,6500,13.0,0.2094864212676671,0.5831839984366979,0.0720332270979175,0.2802174795661526,0.3822396877533293,3879,256,0.0,False,0.0,0.0,0,,,,,0.1224519282982576,0.2136588086310551,0.0912068803327974,0.5880809370048294,0.2428058895865615,0.6986114017617682,0.1924234398137121,0.5371049393064827,0.2094864212676671,0.5831839984366979,0.0599746563936357,0.8304094955029553,256.0,1,0.00390625,0,0,,,,,,,,,,,,0.05,0.1,0.2802174795661526,0.0720332270979175,0.3822396877533293,,,0.43359375,0.07421875,0.37890625
abf_fr_information_oracle|tt=information_oracle|g=0.002|eta=0.1|bi=0.909091|sf=0.954545|fe=500|seed=6003,abf_fr_information_oracle|tt=information_oracle|g=0.002|eta=0.1|bi=0.909091|sf=0.954545|fe=500,abf_fr_information_oracle,information_oracle,6003,0.002,0.1,0.9090909090909092,0.9545454545454544,500,7000,14.0,0.2001260423853961,0.5574469589276198,0.0790949611575124,0.2946163183045844,0.3895343274188813,4097,256,0.0,False,0.0,0.0,0,,,,,0.1230453852235768,0.2136588086310551,0.0906134234074782,0.5606777477148408,0.2317687056637291,0.6679056193653571,0.1839452908994452,0.51366867419377,0.2001260423853961,0.5574469589276198,0.058031518825976,0.8047625647241112,256.0,1,0.00390625,0,0,,,,,,,,,,,,0.05,0.1,0.2946163183045844,0.0790949611575124,0.3895343274188813,,,0.4140625,0.06640625,0.3515625
abf_fr_information_oracle|tt=information_oracle|g=0.002|eta=0.1|bi=0.909091|sf=0.954545|fe=500|seed=6003,abf_fr_information_oracle|tt=information_oracle|g=0.002|eta=0.1|bi=0.909091|sf=0.954545|fe=500,abf_fr_information_oracle,information_oracle,6003,0.002,0.1,0.9090909090909092,0.9545454545454544,500,7500,15.0,0.1925348001246862,0.5364532683962621,0.0828918227891429,0.2859767281156871,0.3600632529130833,4260,256,0.0,False,0.0,0.0,0,,,,,0.1280893879308848,0.2136588086310551,0.0855694207001702,0.5398357528816266,0.2230150930937009,0.642921697983535,0.176973008928233,0.4945951271973952,0.1925348001246862,0.5364532683962621,0.0568527687525222,0.7811246995706395,256.0,1,0.00390625,0,0,,,,,,,,,,,,0.05,0.1,0.2859767281156871,0.0828918227891429,0.3600632529130833,,,0.390625,0.0859375,0.37890625
abf_fr_information_oracle|tt=information_oracle|g=0.002|eta=0.1|bi=0.909091|sf=0.954545|fe=500|seed=6003,abf_fr_information_oracle|tt=information_oracle|g=0.002|eta=0.1|bi=0.909091|sf=0.954545|fe=500,abf_fr_information_oracle,information_oracle,6003,0.002,0.1,0.9090909090909092,0.9545454545454544,500,8000,16.0,0.1829729133946845,0.5105847896004785,0.0798873546476205,0.2787008863911949,0.3686801632705527,4514,256,0.0,False,0.0,0.0,0,,,,,0.1320797638561117,0.2136588086310551,0.0815790447749433,0.5141891708046866,0.2120975122026664,0.6120375653960269,0.1680924568009177,0.4711256742931559,0.1829729133946845,0.5105847896004785,0.0548525705742302,0.7520721790129008,256.0,1,0.00390625,0,0,,,,,,,,,,,,0.05,0.1,0.2787008863911949,0.0798873546476205,0.3686801632705527,,,0.38671875,0.09375,0.359375
abf_fr_information_oracle|tt=information_oracle|g=0.002|eta=0.1|bi=0.909091|sf=0.954545|fe=500|seed=6003,abf_fr_information_oracle|tt=information_oracle|g=0.002|eta=0.1|bi=0.909091|sf=0.954545|fe=500,abf_fr_information_oracle,information_oracle,6003,0.002,0.1,0.9090909090909092,0.9545454545454544,500,8500,17.0,0.1735660204120809,0.4871238288585355,0.0706875447060954,0.2736278057687742,0.3928233343998928,4733,256,0.0,False,0.0,0.0,0,,,,,0.1445415151958471,0.2136588086310551,0.069117293435208,0.4895735576664063,0.2017878119559588,0.5838832930965282,0.159057209765837,0.4499837608646402,0.1735660204120809,0.4871238288585355,0.0527077677534791,0.7203642229218302,256.0,1,0.00390625,0,0,,,,,,,,,,,,0.05,0.1,0.2736278057687742,0.0706875447060954,0.3928233343998928,,,0.38671875,0.1015625,0.33984375
abf_fr_information_oracle|tt=information_oracle|g=0.002|eta=0.1|bi=0.909091|sf=0.954545|fe=500|seed=6003,abf_fr_information_oracle|tt=information_oracle|g=0.002|eta=0.1|bi=0.909091|sf=0.954545|fe=500,abf_fr_information_oracle,information_oracle,6003,0.002,0.1,0.9090909090909092,0.9545454545454544,500,9000,18.0,0.1657117599043727,0.4656851756615815,0.0765351927741954,0.2927961635122261,0.3814479312644309,4905,256,0.0,False,0.0,0.0,0,,,,,0.1506846361100997,0.2136588086310551,0.0629741725209553,0.4677328088821068,0.1928201915667181,0.5582702787251043,0.151800875961943,0.4307367309872348,0.1657117599043727,0.4656851756615815,0.0504666162043514,0.6889232819961052,256.0,1,0.00390625,0,0,,,,,,,,,,,,0.05,0.1,0.2927961635122261,0.0765351927741954,0.3814479312644309,,,0.3984375,0.07421875,0.3828125
abf_fr_information_oracle|tt=information_oracle|g=0.002|eta=0.1|bi=0.909091|sf=0.954545|fe=500|seed=6003,abf_fr_information_oracle|tt=information_oracle|g=0.002|eta=0.1|bi=0.909091|sf=0.954545|fe=500,abf_fr_information_oracle,information_oracle,6003,0.002,0.1,0.9090909090909092,0.9545454545454544,500,9500,19.0,0.1601374744317094,0.4510226958286747,0.0869904731779708,0.2937491618585424,0.3785523415025261,5156,256,0.0,False,0.0,0.0,0,,,,,0.1533409917595065,0.2136588086310551,0.0603178168715485,0.4524412605787962,0.1863558977208534,0.5408297916574245,0.1466705508665592,0.4175299466370685,0.1601374744317094,0.4510226958286747,0.0494430958882566,0.6742240052241127,256.0,1,0.00390625,0,0,,,,,,,,,,,,0.05,0.1,0.2937491618585424,0.0869904731779708,0.3785523415025261,,,0.41796875,0.07421875,0.359375
abf_fr_information_oracle|tt=information_oracle|g=0.002|eta=0.1|bi=0.909091|sf=0.954545|fe=500|seed=6003,abf_fr_information_oracle|tt=information_oracle|g=0.002|eta=0.1|bi=0.909091|sf=0.954545|fe=500,abf_fr_information_oracle,information_oracle,6003,0.002,0.1,0.9090909090909092,0.9545454545454544,500,10000,20.0,0.1559780352715341,0.4377777471555452,0.0698580128209143,0.2778980201112537,0.3950009004128629,5387,256,0.002,True,0.0,0.0,0,9.020562075079396e-17,1.0430919568220247,-3.1356844241910053,1.3598677042158889,0.1435490598702955,0.2136588086310551,0.0701097487607596,0.4398786223207147,0.1810922322927894,0.52507818886864,0.1430909493011404,0.4055590512126621,0.1559780352715341,0.4377777471555452,0.0481347696604926,0.6591911346339239,256.0,1,0.00390625,1,0,0.0,-3.109507865018436,-3.109507865018436,-1.849544546475537,-1.849544546475537,0.1646090429392942,0.1646090429392942,1.2337739899035274,1.2337739899035274,1.3551217893042764,1.3551217893042764,0.05,0.1,0.2778980201112537,0.0698580128209143,0.3950009004128629,1.0430919568220247,1.3598677042158889,0.3828125,0.0859375,0.37109375
abf_fr_information_oracle|tt=information_oracle|g=0.002|eta=0.1|bi=0.909091|sf=0.954545|fe=500|seed=6003,abf_fr_information_oracle|tt=information_oracle|g=0.002|eta=0.1|bi=0.909091|sf=0.954545|fe=500,abf_fr_information_oracle,information_oracle,6003,0.002,0.1,0.9090909090909092,0.9545454545454544,500,10500,21.0,0.1501177784519465,0.4207420983350896,0.0877502230846537,0.2928588170491832,0.3724076282802147,5538,256,0.0,False,0.0,0.0,0,,,,,0.1445368191224503,0.2136588086310551,0.0691219895086048,0.4226470442159267,0.1741799305142738,0.5046453213226892,0.1378309068171625,0.3903409461326029,0.1501177784519465,0.4207420983350896,0.0468832065839098,0.6375647758440803,256.0,1,0.00390625,1,0,,,,,,,,,,,,0.05,0.1,0.2928588170491832,0.0877502230846537,0.3724076282802147,,,0.41015625,0.0703125,0.3515625
abf_fr_information_oracle|tt=information_oracle|g=0.002|eta=0.1|bi=0.909091|sf=0.954545|fe=500|seed=6003,abf_fr_information_oracle|tt=information_oracle|g=0.002|eta=0.1|bi=0.909091|sf=0.954545|fe=500,abf_fr_information_oracle,information_oracle,6003,0.002,0.1,0.9090909090909092,0.9545454545454544,500,11000,22.0,0.1462361681261728,0.406983946573535,0.0810418792649284,0.2869517243911986,0.393647967372448,5682,256,0.0,False,0.0,0.0,0,,,,,0.1357319918528645,0.2136588086310551,0.0779268167781905,0.4101029811150253,0.1692635129103003,0.4881942880505613,0.1344959261076659,0.3779119600029402,0.1462361681261728,0.406983946573535,0.0458531946422912,0.6210541628048575,256.0,1,0.00390625,1,0,,,,,,,,,,,,0.05,0.1,0.2869517243911986,0.0810418792649284,0.393647967372448,,,0.40625,0.078125,0.34765625
abf_fr_information_oracle|tt=information_oracle|g=0.002|eta=0.1|bi=0.909091|sf=0.954545|fe=500|seed=6004,abf_fr_information_oracle|tt=information_oracle|g=0.002|eta=0.1|bi=0.909091|sf=0.954545|fe=500,abf_fr_information_oracle,information_oracle,6004,0.002,0.1,0.9090909090909092,0.9545454545454544,500,0,0.0,2.906603863987052,6.564657815288973,0.0551412441179022,0.2633899507826197,0.3926384427527432,0,256,0.0,False,0.0,0.0,0,,,,,0.0,0.2136588086310551,0.2136588086310551,1.8839792970692677,0.7722826132658906,3.487298309594125,5.408116675855963,9.381946420303988,2.906603863987052,6.564657815288973,0.037083496902375,0.7293641473133242,256.0,1,0.00390625,0,0,,,,,,,,,,,,0.05,0.1,0.2633899507826197,0.0551412441179022,0.3926384427527432,,,0.38671875,0.12890625,0.3046875
abf_fr_information_oracle|tt=information_oracle|g=0.002|eta=0.1|bi=0.909091|sf=0.954545|fe=500|seed=6004,abf_fr_information_oracle|tt=information_oracle|g=0.002|eta=0.1|bi=0.909091|sf=0.954545|fe=500,abf_fr_information_oracle,information_oracle,6004,0.002,0.1,0.9090909090909092,0.9545454545454544,500,500,1.0,0.4918502944431158,1.3161412896073617,0.1037030427638045,0.291976358936204,0.3765059310205143,540,256,0.0,False,0.0,0.0,0,,,,,0.1828586252963902,0.2136588086310551,0.0308001833346649,1.3709841980438149,0.5573471116569715,1.382468299548716,0.5109542366790751,1.214712812655666,0.4918502944431158,1.3161412896073617,0.0626634448406953,0.943002305419736,256.0,1,0.00390625,0,0,,,,,,,,,,,,0.05,0.1,0.291976358936204,0.1037030427638045,0.3765059310205143,,,0.4296875,0.1328125,0.3671875
abf_fr_information_oracle|tt=information_oracle|g=0.002|eta=0.1|bi=0.909091|sf=0.954545|fe=500|seed=6004,abf_fr_information_oracle|tt=information_oracle|g=0.002|eta=0.1|bi=0.909091|sf=0.954545|fe=500,abf_fr_information_oracle,information_oracle,6004,0.002,0.1,0.9090909090909092,0.9545454545454544,500,1000,2.0,0.4362139009208134,1.1822446831843505,0.1037604901676152,0.2935742262240537,0.3751456893489059,1068,256,0.0,False,0.0,0.0,0,,,,,0.3165005552621274,0.2136588086310551,0.1028417466310722,1.2313992027818217,0.5049591589670037,1.319059090812616,0.4254154055440429,1.0884150611020666,0.4362139009208134,1.1822446831843505,0.0681442271339131,1.0182784911339202,256.0,1,0.00390625,0,0,,,,,,,,,,,,0.05,0.1,0.2935742262240537,0.1037604901676152,0.3751456893489059,,,0.44921875,0.125,0.3671875
abf_fr_information_oracle|tt=information_oracle|g=0.002|eta=0.1|bi=0.909091|sf=0.954545|fe=500|seed=6004,abf_fr_information_oracle|tt=information_oracle|g=0.002|eta=0.1|bi=0.909091|sf=0.954545|fe=500,abf_fr_information_oracle,information_oracle,6004,0.002,0.1,0.9090909090909092,0.9545454545454544,500,1500,3.0,0.3879087175848379,1.0541127748709684,0.097226987469761,0.2991044760840891,0.3590596983957392,1451,256,0.0,False,0.0,0.0,0,,,,,0.3299133184239693,0.2136588086310551,0.1162545097929141,1.098710817634171,0.4510436811014702,1.2152839030648803,0.3679409921509251,0.9703618126347286,0.3879087175848379,1.0541127748709684,0.0713556660008761,1.0457783045740818,256.0,1,0.00390625,0,0,,,,,,,,,,,,0.05,0.1,0.2991044760840891,0.097226987469761,0.3590596983957392,,,0.49609375,0.11328125,0.37890625
abf_fr_information_oracle|tt=information_oracle|g=0.002|eta=0.1|bi=0.909091|sf=0.954545|fe=500|seed=6004,abf_fr_information_oracle|tt=information_oracle|g=0.002|eta=0.1|bi=0.909091|sf=0.954545|fe=500,abf_fr_information_oracle,information_oracle,6004,0.002,0.1,0.9090909090909092,0.9545454545454544,500,2000,4.0,0.3710816824559901,0.9826628653585424,0.0999407458503345,0.3000570891886218,0.3445073896377641,1941,256,0.0,False,0.0,0.0,0,,,,,0.4372052414514833,0.2136588086310551,0.2235464328204282,1.0225921256751458,0.4245929662073062,1.1497939314465366,0.3518817141114214,0.9041555774878012,0.3710816824559901,0.9826628653585424,0.0714636574266877,1.0387936954509909,256.0,1,0.00390625,0,0,,,,,,,,,,,,0.05,0.1,0.3000570891886218,0.0999407458503345,0.3445073896377641,,,0.48046875,0.1015625,0.3828125
abf_fr_information_oracle|tt=information_oracle|g=0.002|eta=0.1|bi=0.909091|sf=0.954545|fe=500|seed=6004,abf_fr_information_oracle|tt=information_oracle|g=0.002|eta=0.1|bi=0.909091|sf=0.954545|fe=500,abf_fr_information_oracle,information_oracle,6004,0.002,0.1,0.9090909090909092,0.9545454545454544,500,2500,5.0,0.3589491118067101,0.944141687998196,0.1068254216857818,0.3086805999280234,0.3468084595958824,2258,256,0.0,False,0.0,0.0,0,,,,,0.471069557957172,0.2136588086310551,0.2574107493261168,0.9766234875845968,0.4083381577906917,1.1142892325850964,0.3387351678855424,0.868542980053538,0.3589491118067101,0.944141687998196,0.0708131496946593,1.0337280077206217,256.0,1,0.00390625,0,0,,,,,,,,,,,,0.05,0.1,0.3086805999280234,0.1068254216857818,0.3468084595958824,,,0.4921875,0.078125,0.3828125
abf_fr_information_oracle|tt=information_oracle|g=0.002|eta=0.1|bi=0.909091|sf=0.954545|fe=500|seed=6004,abf_fr_information_oracle|tt=information_oracle|g=0.002|eta=0.1|bi=0.909091|sf=0.954545|fe=500,abf_fr_information_oracle,information_oracle,6004,0.002,0.1,0.9090909090909092,0.9545454545454544,500,3000,6.0,0.3405167388506985,0.8934881324059755,0.0907285350873561,0.2909611819109735,0.3631024462317227,2472,256,0.0,False,0.0,0.0,0,,,,,0.4777186803988549,0.2136588086310551,0.2640598717677997,0.9163892645913636,0.385419841704192,1.0602590537118193,0.3211737215502451,0.8208167875569998,0.3405167388506985,0.8934881324059755,0.0707898475157491,1.0231838639790458,256.0,1,0.00390625,0,0,,,,,,,,,,,,0.05,0.1,0.2909611819109735,0.0907285350873561,0.3631024462317227,,,0.4765625,0.08984375,0.3671875
abf_fr_information_oracle|tt=information_oracle|g=0.002|eta=0.1|bi=0.909091|sf=0.954545|fe=500|seed=6004,abf_fr_information_oracle|tt=information_oracle|g=0.002|eta=0.1|bi=0.909091|sf=0.954545|fe=500,abf_fr_information_oracle,information_oracle,6004,0.002,0.1,0.9090909090909092,0.9545454545454544,500,3500,7.0,0.3286591982039499,0.8413823094890369,0.1164578439829612,0.3127334945508325,0.3575100864683431,2778,256,0.0,False,0.0,0.0,0,,,,,0.5160570310075663,0.2136588086310551,0.3023982223765111,0.8610571626235969,0.3669579642971296,1.0012749756998205,0.3125651268890794,0.7724554960997908,0.3286591982039499,0.8413823094890369,0.0700037042939472,1.0021770025613357,256.0,1,0.00390625,0,0,,,,,,,,,,,,0.05,0.1,0.3127334945508325,0.1164578439829612,0.3575100864683431,,,0.47265625,0.06640625,0.33984375
abf_fr_information_oracle|tt=information_oracle|g=0.002|eta=0.1|bi=0.909091|sf=0.954545|fe=500|seed=6004,abf_fr_information_oracle|tt=information_oracle|g=0.002|eta=0.1|bi=0.909091|sf=0.954545|fe=500,abf_fr_information_oracle,information_oracle,6004,0.002,0.1,0.9090909090909092,0.9545454545454544,500,4000,8.0,0.3230046054513725,0.8219644403022401,0.0870601137254736,0.3006479863065966,0.3677652833782481,2963,256,0.0,False,0.0,0.0,0,,,,,0.5284813739043948,0.2136588086310551,0.3148225652733396,0.8362322493776453,0.358788825892484,0.9803654703302356,0.307760035165758,0.7544016153010873,0.3230046054513725,0.8219644403022401,0.0694466592435147,0.9947317342534564,256.0,1,0.00390625,0,0,,,,,,,,,,,,0.05,0.1,0.3006479863065966,0.0870601137254736,0.3677652833782481,,,0.46875,0.07421875,0.3515625
abf_fr_information_oracle|tt=information_oracle|g=0.002|eta=0.1|bi=0.909091|sf=0.954545|fe=500|seed=6004,abf_fr_information_oracle|tt=information_oracle|g=0.002|eta=0.1|bi=0.909091|sf=0.954545|fe=500,abf_fr_information_oracle,information_oracle,6004,0.002,0.1,0.9090909090909092,0.9545454545454544,500,4500,9.0,0.3091341021829097,0.7847365811150768,0.1014441659469994,0.306416791574803,0.3568343890230923,3224,256,0.0,False,0.0,0.0,0,,,,,0.5304282336746127,0.2136588086310551,0.3167694250435575,0.7934297779613162,0.3421869112380765,0.9371415681270784,0.2944759578774506,0.7202430736271472,0.3091341021829097,0.7847365811150768,0.0683260575921415,0.9796611265241516,256.0,1,0.00390625,0,0,,,,,,,,,,,,0.05,0.1,0.306416791574803,0.1014441659469994,0.3568343890230923,,,0.47265625,0.06640625,0.359375
abf_fr_information_oracle|tt=information_oracle|g=0.002|eta=0.1|bi=0.909091|sf=0.954545|fe=500|seed=6004,abf_fr_information_oracle|tt=information_oracle|g=0.002|eta=0.1|bi=0.909091|sf=0.954545|fe=500,abf_fr_information_oracle,information_oracle,6004,0.002,0.1,0.9090909090909092,0.9545454545454544,500,5000,10.0,0.2931419657193543,0.7515419220936829,0.0837379450699435,0.3002663889357033,0.3585283595863167,3454,256,0.0,False,0.0,0.0,0,,,,,0.505100831977856,0.2136588086310551,0.2914420233468009,0.7570694465346838,0.3251650409496477,0.8983529842696326,0.2784214895162616,0.6899753033714503,0.2931419657193543,0.7515419220936829,0.067246775624607,0.9610859507273248,256.0,1,0.00390625,0,0,,,,,,,,,,,,0.05,0.1,0.3002663889357033,0.0837379450699435,0.3585283595863167,,,0.45703125,0.08203125,0.36328125
abf_fr_information_oracle|tt=information_oracle|g=0.002|eta=0.1|bi=0.909091|sf=0.954545|fe=500|seed=6004,abf_fr_information_oracle|tt=information_oracle|g=0.002|eta=0.1|bi=0.909091|sf=0.954545|fe=500,abf_fr_information_oracle,information_oracle,6004,0.002,0.1,0.9090909090909092,0.9545454545454544,500,5500,11.0,0.2802215062798407,0.7166689964556777,0.0911268688202148,0.2985300551259733,0.3692659339011557,3645,256,0.0,False,0.0,0.0,0,,,,,0.5005210362160213,0.2136588086310551,0.2868622275849661,0.7192085194704166,0.3100360313109528,0.8570962130702305,0.266549663503611,0.6582165302913886,0.2802215062798407,0.7166689964556777,0.0655967674025484,0.9342719445869244,256.0,1,0.00390625,0,0,,,,,,,,,,,,0.05,0.1,0.2985300551259733,0.0911268688202148,0.3692659339011557,,,0.4453125,0.07421875,0.37109375
abf_fr_information_oracle|tt=information_oracle|g=0.002|eta=0.1|bi=0.909091|sf=0.954545|fe=500|seed=6004,abf_fr_information_oracle|tt=information_oracle|g=0.002|eta=0.1|bi=0.909091|sf=0.954545|fe=500,abf_fr_information_oracle,information_oracle,6004,0.002,0.1,0.9090909090909092,0.9545454545454544,500,6000,12.0,0.269841244916884,0.6798997185316797,0.0966194124346424,0.3090641192177816,0.3625368431065912,3858,256,0.0,False,0.0,0.0,0,,,,,0.506494734905413,0.2136588086310551,0.2928359262743578,0.68200228725612,0.2969450196136726,0.8139428798534319,0.2573113910634509,0.6247932064771305,0.269841244916884,0.6798997185316797,0.0645223140351717,0.9075267068005016,256.0,1,0.00390625,0,0,,,,,,,,,,,,0.05,0.1,0.3090641192177816,0.0966194124346424,0.3625368431065912,,,0.45703125,0.06640625,0.390625
abf_fr_information_oracle|tt=information_oracle|g=0.002|eta=0.1|bi=0.909091|sf=0.954545|fe=500|seed=6004,abf_fr_information_oracle|tt=information_oracle|g=0.002|eta=0.1|bi=0.909091|sf=0.954545|fe=500,abf_fr_information_oracle,information_oracle,6004,0.002,0.1,0.9090909090909092,0.9545454545454544,500,6500,13.0,0.262563352797443,0.6587832293145525,0.0975127063701393,0.3073956366473321,0.3629347737816136,3987,256,0.0,False,0.0,0.0,0,,,,,0.5020040570112343,0.2136588086310551,0.2883452483801791,0.6607453464012386,0.2885850627205134,0.7892372522067445,0.250352469562781,0.6055885028870988,0.262563352797443,0.6587832293145525,0.063922455864223,0.8936258122652555,256.0,1,0.00390625,0,0,,,,,,,,,,,,0.05,0.1,0.3073956366473321,0.0975127063701393,0.3629347737816136,,,0.44921875,0.05078125,0.37890625
abf_fr_information_oracle|tt=information_oracle|g=0.002|eta=0.1|bi=0.909091|sf=0.954545|fe=500|seed=6004,abf_fr_information_oracle|tt=information_oracle|g=0.002|eta=0.1|bi=0.909091|sf=0.954545|fe=500,abf_fr_information_oracle,information_oracle,6004,0.002,0.1,0.9090909090909092,0.9545454545454544,500,7000,14.0,0.2542167712600608,0.6303428166156206,0.0863557357222711,0.3073332381968873,0.3793672149775733,4167,256,0.0,False,0.0,0.0,0,,,,,0.5038765028279997,0.2136588086310551,0.2902176941969445,0.6314369653260608,0.2781937708568214,0.7555683062708579,0.2429006679223876,0.5796642637042531,0.2542167712600608,0.6303428166156206,0.0623597779428929,0.8650374361594368,256.0,1,0.00390625,0,0,,,,,,,,,,,,0.05,0.1,0.3073332381968873,0.0863557357222711,0.3793672149775733,,,0.46484375,0.046875,0.39453125
abf_fr_information_oracle|tt=information_oracle|g=0.002|eta=0.1|bi=0.909091|sf=0.954545|fe=500|seed=6004,abf_fr_information_oracle|tt=information_oracle|g=0.002|eta=0.1|bi=0.909091|sf=0.954545|fe=500,abf_fr_information_oracle,information_oracle,6004,0.002,0.1,0.9090909090909092,0.9545454545454544,500,7500,15.0,0.2486489959673697,0.6141277087403866,0.0812415297403074,0.2978750649066371,0.3951719298038192,4331,256,0.0,False,0.0,0.0,0,,,,,0.5009681346949968,0.2136588086310551,0.2873093260639416,0.6145196844738996,0.27172589612392,0.7365708685269706,0.2373861819284029,0.5649131885411542,0.2486489959673697,0.6141277087403866,0.0614162063857704,0.8485328792191029,256.0,1,0.00390625,0,0,,,,,,,,,,,,0.05,0.1,0.2978750649066371,0.0812415297403074,0.3951719298038192,,,0.43359375,0.05859375,0.36328125
abf_fr_information_oracle|tt=information_oracle|g=0.002|eta=0.1|bi=0.909091|sf=0.954545|fe=500|seed=6004,abf_fr_information_oracle|tt=information_oracle|g=0.002|eta=0.1|bi=0.909091|sf=0.954545|fe=500,abf_fr_information_oracle,information_oracle,6004,0.002,0.1,0.9090909090909092,0.9545454545454544,500,8000,16.0,0.244249214320819,0.5961715427043434,0.0713504841541586,0.2941938269982639,0.3903588298380699,4472,256,0.0,False,0.0,0.0,0,,,,,0.5072264958768855,0.2136588086310551,0.2935676872458304,0.5950276792056681,0.2657541019817631,0.715138019398001,0.2337325541743651,0.5485970908556009,0.244249214320819,0.5961715427043434,0.0599117642986659,0.8284389180504016,256.0,1,0.00390625,0,0,,,,,,,,,,,,0.05,0.1,0.2941938269982639,0.0713504841541586,0.3903588298380699,,,0.390625,0.07421875,0.33984375
abf_fr_information_oracle|tt=information_oracle|g=0.002|eta=0.1|bi=0.909091|sf=0.954545|fe=500|seed=6004,abf_fr_information_oracle|tt=information_oracle|g=0.002|eta=0.1|bi=0.909091|sf=0.954545|fe=500,abf_fr_information_oracle,information_oracle,6004,0.002,0.1,0.9090909090909092,0.9545454545454544,500,8500,17.0,0.2397257448081003,0.5769658543201659,0.0825242971680187,0.3004754355711842,0.3857618693189015,4652,256,0.0,False,0.0,0.0,0,,,,,0.5118788502923408,0.2136588086310551,0.2982200416612857,0.5766328858633238,0.2595973274118329,0.6920658616107999,0.2302720561414973,0.5311963195281713,0.2397257448081003,0.5769658543201659,0.0583387689818977,0.8057454063806657,256.0,1,0.00390625,0,0,,,,,,,,,,,,0.05,0.1,0.3004754355711842,0.0825242971680187,0.3857618693189015,,,0.42578125,0.05859375,0.35546875
abf_fr_information_oracle|tt=information_oracle|g=0.002|eta=0.1|bi=0.909091|sf=0.954545|fe=500|seed=6004,abf_fr_information_oracle|tt=information_oracle|g=0.002|eta=0.1|bi=0.909091|sf=0.954545|fe=500,abf_fr_information_oracle,information_oracle,6004,0.002,0.1,0.9090909090909092,0.9545454545454544,500,9000,18.0,0.2356288836040378,0.5650712006447534,0.0795785472978705,0.2951929622169518,0.3797544279215733,4802,256,0.0,False,0.0,0.0,0,,,,,0.5102744166989126,0.2136588086310551,0.2966156080678575,0.5632378613177293,0.2544610322852443,0.6777653161453631,0.2270376645816308,0.5203229186992315,0.2356288836040378,0.5650712006447534,0.0573913701423746,0.793858932845644,256.0,1,0.00390625,0,0,,,,,,,,,,,,0.05,0.1,0.2951929622169518,0.0795785472978705,0.3797544279215733,,,0.43359375,0.06640625,0.33984375
abf_fr_information_oracle|tt=information_oracle|g=0.002|eta=0.1|bi=0.909091|sf=0.954545|fe=500|seed=6004,abf_fr_information_oracle|tt=information_oracle|g=0.002|eta=0.1|bi=0.909091|sf=0.954545|fe=500,abf_fr_information_oracle,information_oracle,6004,0.002,0.1,0.9090909090909092,0.9545454545454544,500,9500,19.0,0.2299151755745798,0.5474886720481592,0.0802064179811148,0.2978834454723778,0.3880322518348785,5001,256,0.0,False,0.0,0.0,0,,,,,0.5086154678877293,0.2136588086310551,0.2949566592566741,0.5455761733730755,0.2477156927732234,0.6566803510155352,0.221798163108534,0.5043248534447244,0.2299151755745798,0.5474886720481592,0.0557131087643289,0.771576553326486,256.0,1,0.00390625,0,0,,,,,,,,,,,,0.05,0.1,0.2978834454723778,0.0802064179811148,0.3880322518348785,,,0.390625,0.06640625,0.37890625
abf_fr_information_oracle|tt=information_oracle|g=0.002|eta=0.1|bi=0.909091|sf=0.954545|fe=500|seed=6004,abf_fr_information_oracle|tt=information_oracle|g=0.002|eta=0.1|bi=0.909091|sf=0.954545|fe=500,abf_fr_information_oracle,information_oracle,6004,0.002,0.1,0.9090909090909092,0.9545454545454544,500,10000,20.0,0.223834522875626,0.5245156100394225,0.0776625833186917,0.301256459525871,0.3924863867423564,5207,255,0.002,True,0.00390625,0.00390625,1,1.3877787807814457e-17,0.9317320220696907,-3.833587862914487,1.1733622744593584,0.509948833937699,0.2136588086310551,0.2962900253066438,0.5226138205413547,0.2400739832549413,0.6291548922439173,0.2164688137488668,0.4835198663478552,0.223834522875626,0.5245156100394225,0.054272649602335,0.7442107512365177,254.015503875969,2,0.0078125,1,1,0.0,-3.44610182194113,-3.44610182194113,-1.171375132946009,-1.171375132946009,0.1870942985327236,0.1870942985327236,0.8223662244530622,0.8223662244530622,1.1643776109641963,1.1643776109641963,0.05,0.1,0.301256459525871,0.0776625833186917,0.3924863867423564,0.9317320220696907,1.1733622744593584,0.43359375,0.0625,0.39453125
abf_fr_information_oracle|tt=information_oracle|g=0.002|eta=0.1|bi=0.909091|sf=0.954545|fe=500|seed=6004,abf_fr_information_oracle|tt=information_oracle|g=0.002|eta=0.1|bi=0.909091|sf=0.954545|fe=500,abf_fr_information_oracle,information_oracle,6004,0.002,0.1,0.9090909090909092,0.9545454545454544,500,10500,21.0,0.2202758673651101,0.5105660016217144,0.0635819939923083,0.2856110399671452,0.3911316731774492,5373,255,0.0,False,0.0,0.0,0,,,,,0.5120762156108363,0.2136588086310551,0.2984174069797811,0.5085100287940029,0.2354120224635632,0.6125480179935276,0.2133090826470063,0.4708569573387954,0.2202758673651101,0.5105660016217144,0.0529911522445578,0.7262033139680009,254.015503875969,2,0.0078125,1,1,,,,,,,,,,,,0.05,0.1,0.2856110399671452,0.0635819939923083,0.3911316731774492,,,0.41796875,0.07421875,0.37890625
abf_fr_information_oracle|tt=information_oracle|g=0.002|eta=0.1|bi=0.909091|sf=0.954545|fe=500|seed=6004,abf_fr_information_oracle|tt=information_oracle|g=0.002|eta=0.1|bi=0.909091|sf=0.954545|fe=500,abf_fr_information_oracle,information_oracle,6004,0.002,0.1,0.9090909090909092,0.9545454545454544,500,11000,22.0,0.2173892012553531,0.4942314918032626,0.0824445425085164,0.2958797368402943,0.374111631216352,5588,255,0.0,False,0.0,0.0,0,,,,,0.5198145230097566,0.2136588086310551,0.3061557143787015,0.4915302148488733,0.2308009761903913,0.5929469972644261,0.211372583808111,0.4560957330854649,0.2173892012553531,0.4942314918032626,0.0514711666869852,0.7050157241338415,254.015503875969,2,0.0078125,1,1,,,,,,,,,,,,0.05,0.1,0.2958797368402943,0.0824445425085164,0.374111631216352,,,0.40234375,0.07421875,0.37109375
abf_fr_information_oracle|tt=information_oracle|g=0.002|eta=0.1|bi=0.909091|sf=0.954545|fe=500|seed=6005,abf_fr_information_oracle|tt=information_oracle|g=0.002|eta=0.1|bi=0.909091|sf=0.954545|fe=500,abf_fr_information_oracle,information_oracle,6005,0.002,0.1,0.9090909090909092,0.9545454545454544,500,0,0.0,2.906603863987052,6.564657815288973,0.0445363447074211,0.2558796327042333,0.4041134501532037,0,256,0.0,False,0.0,0.0,0,,,,,0.0,0.2136588086310551,0.2136588086310551,1.8839792970692677,0.7722826132658906,3.487298309594125,5.408116675855963,9.381946420303988,2.906603863987052,6.564657815288973,0.037083496902375,0.7293641473133242,256.0,1,0.00390625,0,0,,,,,,,,,,,,0.05,0.1,0.2558796327042333,0.0445363447074211,0.4041134501532037,,,0.296875,0.1484375,0.359375
abf_fr_information_oracle|tt=information_oracle|g=0.002|eta=0.1|bi=0.909091|sf=0.954545|fe=500|seed=6005,abf_fr_information_oracle|tt=information_oracle|g=0.002|eta=0.1|bi=0.909091|sf=0.954545|fe=500,abf_fr_information_oracle,information_oracle,6005,0.002,0.1,0.9090909090909092,0.9545454545454544,500,500,1.0,0.551930450350401,1.3726877664152868,0.083664854193706,0.2831832900187037,0.3751118013729191,514,256,0.0,False,0.0,0.0,0,,,,,0.7295952563836288,0.2136588086310551,0.5159364477525736,1.4827559049223793,0.6302010420733493,1.5215829497832307,0.5381012736104361,1.264803319334039,0.551930450350401,1.3726877664152868,0.0756544896812508,1.1054553143400614,256.0,1,0.00390625,0,0,,,,,,,,,,,,0.05,0.1,0.2831832900187037,0.083664854193706,0.3751118013729191,,,0.35546875,0.16015625,0.39453125
abf_fr_information_oracle|tt=information_oracle|g=0.002|eta=0.1|bi=0.909091|sf=0.954545|fe=500|seed=6005,abf_fr_information_oracle|tt=information_oracle|g=0.002|eta=0.1|bi=0.909091|sf=0.954545|fe=500,abf_fr_information_oracle,information_oracle,6005,0.002,0.1,0.9090909090909092,0.9545454545454544,500,1000,2.0,0.4764501129323692,1.1915542672459394,0.1058772711628795,0.2958854268035269,0.3755509959674789,965,256,0.0,False,0.0,0.0,0,,,,,0.6888302858819522,0.2136588086310551,0.475171477250897,1.2659655981051294,0.5432856307811953,1.372767620987452,0.4503661273470959,1.0966402773216528,0.4764501129323692,1.1915542672459394,0.0773061623697316,1.1174134073722748,256.0,1,0.00390625,0,0,,,,,,,,,,,,0.05,0.1,0.2958854268035269,0.1058772711628795,0.3755509959674789,,,0.38671875,0.12890625,0.42578125
abf_fr_information_oracle|tt=information_oracle|g=0.002|eta=0.1|bi=0.909091|sf=0.954545|fe=500|seed=6005,abf_fr_information_oracle|tt=information_oracle|g=0.002|eta=0.1|bi=0.909091|sf=0.954545|fe=500,abf_fr_information_oracle,information_oracle,6005,0.002,0.1,0.9090909090909092,0.9545454545454544,500,1500,3.0,0.4392820391779127,1.1047671029092505,0.0942481021426563,0.3022801689996431,0.3664320484231524,1363,256,0.0,False,0.0,0.0,0,,,,,0.6538113622424895,0.2136588086310551,0.4401525536114343,1.1556646804225184,0.4988284531171256,1.2948863388087954,0.4100116304040439,1.016889857773325,0.4392820391779127,1.1047671029092505,0.0778144728272835,1.1210836655799017,256.0,1,0.00390625,0,0,,,,,,,,,,,,0.05,0.1,0.3022801689996431,0.0942481021426563,0.3664320484231524,,,0.41015625,0.09375,0.4765625
abf_fr_information_oracle|tt=information_oracle|g=0.002|eta=0.1|bi=0.909091|sf=0.954545|fe=500|seed=6005,abf_fr_information_oracle|tt=information_oracle|g=0.002|eta=0.1|bi=0.909091|sf=0.954545|fe=500,abf_fr_information_oracle,information_oracle,6005,0.002,0.1,0.9090909090909092,0.9545454545454544,500,2000,4.0,0.398473760826569,1.0122329372003538,0.0831816064646909,0.292980214573926,0.3692291223432221,1788,256,0.0,False,0.0,0.0,0,,,,,0.6104552068006832,0.2136588086310551,0.3967963981696281,1.0468006757014985,0.4517627040632221,1.1974425641978153,0.3691535514214255,0.9321165405557316,0.398473760826569,1.0122329372003538,0.076524561541599,1.1016618243691874,256.0,1,0.00390625,0,0,,,,,,,,,,,,0.05,0.1,0.292980214573926,0.0831816064646909,0.3692291223432221,,,0.3671875,0.1015625,0.4765625
abf_fr_information_oracle|tt=information_oracle|g=0.002|eta=0.1|bi=0.909091|sf=0.954545|fe=500|seed=6005,abf_fr_information_oracle|tt=information_oracle|g=0.002|eta=0.1|bi=0.909091|sf=0.954545|fe=500,abf_fr_information_oracle,information_oracle,6005,0.002,0.1,0.9090909090909092,0.9545454545454544,500,2500,5.0,0.3623107492375895,0.935121359764704,0.0875647057663778,0.2926156704332358,0.3866955173263185,2126,256,0.0,False,0.0,0.0,0,,,,,0.5619492722790689,0.2136588086310551,0.3482904636480137,0.95524807783977,0.4109510567286937,1.110535715874217,0.3348924190214931,0.8615004509463318,0.3623107492375895,0.935121359764704,0.0758359163668202,1.084458849777505,256.0,1,0.00390625,0,0,,,,,,,,,,,,0.05,0.1,0.2926156704332358,0.0875647057663778,0.3866955173263185,,,0.36328125,0.0859375,0.46484375
abf_fr_information_oracle|tt=information_oracle|g=0.002|eta=0.1|bi=0.909091|sf=0.954545|fe=500|seed=6005,abf_fr_information_oracle|tt=information_oracle|g=0.002|eta=0.1|bi=0.909091|sf=0.954545|fe=500,abf_fr_information_oracle,information_oracle,6005,0.002,0.1,0.9090909090909092,0.9545454545454544,500,3000,6.0,0.3433969489475236,0.8889543211116784,0.0767384782020478,0.2934718311497606,0.3932744762358419,2419,256,0.0,False,0.0,0.0,0,,,,,0.546241517451449,0.2136588086310551,0.3325827088203938,0.90055005433713,0.3878277831702282,1.060123778142625,0.3174538664337907,0.8183452195934524,0.3433969489475236,0.8889543211116784,0.0752795597251531,1.0722585146896666,256.0,1,0.00390625,0,0,,,,,,,,,,,,0.05,0.1,0.2934718311497606,0.0767384782020478,0.3932744762358419,,,0.359375,0.08984375,0.46484375
abf_fr_information_oracle|tt=information_oracle|g=0.002|eta=0.1|bi=0.909091|sf=0.954545|fe=500|seed=6005,abf_fr_information_oracle|tt=information_oracle|g=0.002|eta=0.1|bi=0.909091|sf=0.954545|fe=500,abf_fr_information_oracle,information_oracle,6005,0.002,0.1,0.9090909090909092,0.9545454545454544,500,3500,7.0,0.3308320550923939,0.8546055708989342,0.0818619209343331,0.2961247601123645,0.3824499046462343,2637,256,0.0,False,0.0,0.0,0,,,,,0.5437069672560852,0.2136588086310551,0.3300481586250301,0.859700126294272,0.371556316046833,1.0216763330296723,0.3065297975722305,0.7857658785483853,0.3308320550923939,0.8546055708989342,0.0745654146265752,1.0610783025887591,256.0,1,0.00390625,0,0,,,,,,,,,,,,0.05,0.1,0.2961247601123645,0.0818619209343331,0.3824499046462343,,,0.37109375,0.06640625,0.4765625
abf_fr_information_oracle|tt=information_oracle|g=0.002|eta=0.1|bi=0.909091|sf=0.954545|fe=500|seed=6005,abf_fr_information_oracle|tt=information_oracle|g=0.002|eta=0.1|bi=0.909091|sf=0.954545|fe=500,abf_fr_information_oracle,information_oracle,6005,0.002,0.1,0.9090909090909092,0.9545454545454544,500,4000,8.0,0.3158811989526491,0.8124731318894919,0.090411923616411,0.2983689025036455,0.3789183193589401,2900,256,0.0,False,0.0,0.0,0,,,,,0.5385377618274951,0.2136588086310551,0.32487895319644,0.8146991413147509,0.353659418165512,0.9729497054849862,0.2930345956755855,0.7470737463096895,0.3158811989526491,0.8124731318894919,0.0716104002876441,1.0219333431131563,256.0,1,0.00390625,0,0,,,,,,,,,,,,0.05,0.1,0.2983689025036455,0.090411923616411,0.3789183193589401,,,0.3671875,0.078125,0.484375
abf_fr_information_oracle|tt=information_oracle|g=0.002|eta=0.1|bi=0.909091|sf=0.954545|fe=500|seed=6005,abf_fr_information_oracle|tt=information_oracle|g=0.002|eta=0.1|bi=0.909091|sf=0.954545|fe=500,abf_fr_information_oracle,information_oracle,6005,0.002,0.1,0.9090909090909092,0.9545454545454544,500,4500,9.0,0.2964384540455623,0.7682574888503877,0.0993984860835234,0.3090380726699768,0.3753285469908688,3176,256,0.0,False,0.0,0.0,0,,,,,0.510056869662936,0.2136588086310551,0.2963980610318808,0.7672182632284682,0.3320473531010487,0.9208216382851754,0.2746372075487435,0.7066314672144861,0.2964384540455623,0.7682574888503877,0.0696859623612705,0.989253544945098,256.0,1,0.00390625,0,0,,,,,,,,,,,,0.05,0.1,0.3090380726699768,0.0993984860835234,0.3753285469908688,,,0.390625,0.0625,0.44921875
abf_fr_information_oracle|tt=information_oracle|g=0.002|eta=0.1|bi=0.909091|sf=0.954545|fe=500|seed=6005,abf_fr_information_oracle|tt=information_oracle|g=0.002|eta=0.1|bi=0.909091|sf=0.954545|fe=500,abf_fr_information_oracle,information_oracle,6005,0.002,0.1,0.9090909090909092,0.9545454545454544,500,5000,10.0,0.2862048070029743,0.7434023941998616,0.0927603464474785,0.2995190240213319,0.381675401979265,3400,256,0.0,False,0.0,0.0,0,,,,,0.4996049426932494,0.2136588086310551,0.2859461340621942,0.7388192685167823,0.3202599418488441,0.8915846804762655,0.2654977338643267,0.6835370408054857,0.2862048070029743,0.7434023941998616,0.0688217223900607,0.9746653822784622,256.0,1,0.00390625,0,0,,,,,,,,,,,,0.05,0.1,0.2995190240213319,0.0927603464474785,0.381675401979265,,,0.3828125,0.05859375,0.45703125
abf_fr_information_oracle|tt=information_oracle|g=0.002|eta=0.1|bi=0.909091|sf=0.954545|fe=500|seed=6005,abf_fr_information_oracle|tt=information_oracle|g=0.002|eta=0.1|bi=0.909091|sf=0.954545|fe=500,abf_fr_information_oracle,information_oracle,6005,0.002,0.1,0.9090909090909092,0.9545454545454544,500,5500,11.0,0.2700024376050402,0.6896777972598925,0.0872064149225576,0.2905726497257437,0.3717317619432945,3596,256,0.0,False,0.0,0.0,0,,,,,0.5019342068649095,0.2136588086310551,0.2882753982338544,0.6854102650116963,0.3004613078203785,0.827447207410821,0.2514229097484319,0.6344904950413448,0.2700024376050402,0.6896777972598925,0.0659541593852572,0.926123031736816,256.0,1,0.00390625,0,0,,,,,,,,,,,,0.05,0.1,0.2905726497257437,0.0872064149225576,0.3717317619432945,,,0.3671875,0.0703125,0.46875
abf_fr_information_oracle|tt=information_oracle|g=0.002|eta=0.1|bi=0.909091|sf=0.954545|fe=500|seed=6005,abf_fr_information_oracle|tt=information_oracle|g=0.002|eta=0.1|bi=0.909091|sf=0.954545|fe=500,abf_fr_information_oracle,information_oracle,6005,0.002,0.1,0.9090909090909092,0.9545454545454544,500,6000,12.0,0.2608604998771363,0.6549293206029414,0.0969684324233984,0.3050141102121114,0.3836721361001279,3741,256,0.0,False,0.0,0.0,0,,,,,0.51333023969854,0.2136588086310551,0.2996714310674848,0.6487399780872323,0.2882794009122812,0.7860319463962214,0.2439929679530648,0.6027290500696152,0.2608604998771363,0.6549293206029414,0.0643153158570991,0.8967079579646295,256.0,1,0.00390625,0,0,,,,,,,,,,,,0.05,0.1,0.3050141102121114,0.0969684324233984,0.3836721361001279,,,0.3515625,0.05078125,0.4609375
abf_fr_information_oracle|tt=information_oracle|g=0.002|eta=0.1|bi=0.909091|sf=0.954545|fe=500|seed=6005,abf_fr_information_oracle|tt=information_oracle|g=0.002|eta=0.1|bi=0.909091|sf=0.954545|fe=500,abf_fr_information_oracle,information_oracle,6005,0.002,0.1,0.9090909090909092,0.9545454545454544,500,6500,13.0,0.2459707210285716,0.6117365303559427,0.0806743280780256,0.2915903773526514,0.3792423134416985,3876,256,0.0,False,0.0,0.0,0,,,,,0.5069204000696708,0.2136588086310551,0.2932615914386156,0.6038971321048812,0.2708603548592699,0.73431007108414,0.2304418042532173,0.5631633499721301,0.2459707210285716,0.6117365303559427,0.0617203447329934,0.8547032709135909,256.0,1,0.00390625,0,0,,,,,,,,,,,,0.05,0.1,0.2915903773526514,0.0806743280780256,0.3792423134416985,,,0.35546875,0.0625,0.43359375
abf_fr_information_oracle|tt=information_oracle|g=0.002|eta=0.1|bi=0.909091|sf=0.954545|fe=500|seed=6005,abf_fr_information_oracle|tt=information_oracle|g=0.002|eta=0.1|bi=0.909091|sf=0.954545|fe=500,abf_fr_information_oracle,information_oracle,6005,0.002,0.1,0.9090909090909092,0.9545454545454544,500,7000,14.0,0.2369018774434484,0.5781161009774681,0.0861991908719415,0.3021641276866982,0.3842485644549447,3982,256,0.0,False,0.0,0.0,0,,,,,0.5105600562445609,0.2136588086310551,0.2969012476135058,0.5705621181135612,0.2592937031146938,0.6940214998571411,0.2228400680860541,0.5324250034365697,0.2369018774434484,0.5781161009774681,0.0598487584508325,0.8205238749254965,256.0,1,0.00390625,0,0,,,,,,,,,,,,0.05,0.1,0.3021641276866982,0.0861991908719415,0.3842485644549447,,,0.35546875,0.0625,0.43359375
abf_fr_information_oracle|tt=information_oracle|g=0.002|eta=0.1|bi=0.909091|sf=0.954545|fe=500|seed=6005,abf_fr_information_oracle|tt=information_oracle|g=0.002|eta=0.1|bi=0.909091|sf=0.954545|fe=500,abf_fr_information_oracle,information_oracle,6005,0.002,0.1,0.9090909090909092,0.9545454545454544,500,7500,15.0,0.2330488140906359,0.552980646974153,0.0840584075594025,0.2969945143412698,0.4070418485244801,4127,256,0.0,False,0.0,0.0,0,,,,,0.5269042010369169,0.2136588086310551,0.3132453924058618,0.5441583853366821,0.2527514574861163,0.6638902204515564,0.2203421556660226,0.5095145230654566,0.2330488140906359,0.552980646974153,0.0581219537140434,0.7910588669984957,256.0,1,0.00390625,0,0,,,,,,,,,,,,0.05,0.1,0.2969945143412698,0.0840584075594025,0.4070418485244801,,,0.34765625,0.06640625,0.4296875
abf_fr_information_oracle|tt=information_oracle|g=0.002|eta=0.1|bi=0.909091|sf=0.954545|fe=500|seed=6005,abf_fr_information_oracle|tt=information_oracle|g=0.002|eta=0.1|bi=0.909091|sf=0.954545|fe=500,abf_fr_information_oracle,information_oracle,6005,0.002,0.1,0.9090909090909092,0.9545454545454544,500,8000,16.0,0.2276506677915925,0.5300531956625836,0.0912001758925097,0.3089529687705609,0.4079151999311609,4251,256,0.0,False,0.0,0.0,0,,,,,0.5317130037439348,0.2136588086310551,0.3180541951128797,0.5205034596218969,0.2454474423680449,0.6364853258955879,0.2160889393896929,0.4885888527961697,0.2276506677915925,0.5300531956625836,0.0564440254287899,0.7636695536059737,256.0,1,0.00390625,0,0,,,,,,,,,,,,0.05,0.1,0.3089529687705609,0.0912001758925097,0.4079151999311609,,,0.35546875,0.046875,0.43359375
abf_fr_information_oracle|tt=information_oracle|g=0.002|eta=0.1|bi=0.909091|sf=0.954545|fe=500|seed=6005,abf_fr_information_oracle|tt=information_oracle|g=0.002|eta=0.1|bi=0.909091|sf=0.954545|fe=500,abf_fr_information_oracle,information_oracle,6005,0.002,0.1,0.9090909090909092,0.9545454545454544,500,8500,17.0,0.2225320281253746,0.512135899018781,0.1034561297628851,0.3222850117670308,0.3787871876989787,4360,256,0.0,False,0.0,0.0,0,,,,,0.5315616671362449,0.2136588086310551,0.3179028585051897,0.5029147248628468,0.2392571944428058,0.6151112496338846,0.2113597260593615,0.4723581882772931,0.2225320281253746,0.512135899018781,0.0554885028214378,0.7453776462048856,256.0,1,0.00390625,0,0,,,,,,,,,,,,0.05,0.1,0.3222850117670308,0.1034561297628851,0.3787871876989787,,,0.359375,0.0390625,0.42578125
abf_fr_information_oracle|tt=information_oracle|g=0.002|eta=0.1|bi=0.909091|sf=0.954545|fe=500|seed=6005,abf_fr_information_oracle|tt=information_oracle|g=0.002|eta=0.1|bi=0.909091|sf=0.954545|fe=500,abf_fr_information_oracle,information_oracle,6005,0.002,0.1,0.9090909090909092,0.9545454545454544,500,9000,18.0,0.2177837900162923,0.4972910346018093,0.0942054016042165,0.3092240089976739,0.4053603626966299,4457,256,0.0,False,0.0,0.0,0,,,,,0.5302966590062148,0.2136588086310551,0.3166378503751597,0.4876790274672036,0.2335320684085109,0.5973576425801276,0.2071444581900905,0.4588270132815746,0.2177837900162923,0.4972910346018093,0.0539176681305285,0.7254621699679465,256.0,1,0.00390625,0,0,,,,,,,,,,,,0.05,0.1,0.3092240089976739,0.0942054016042165,0.4053603626966299,,,0.34765625,0.0546875,0.4609375
abf_fr_information_oracle|tt=information_oracle|g=0.002|eta=0.1|bi=0.909091|sf=0.954545|fe=500|seed=6005,abf_fr_information_oracle|tt=information_oracle|g=0.002|eta=0.1|bi=0.909091|sf=0.954545|fe=500,abf_fr_information_oracle,information_oracle,6005,0.002,0.1,0.9090909090909092,0.9545454545454544,500,9500,19.0,0.209659643863895,0.4731654165290913,0.0968763108656387,0.3080931013558608,0.3879100193771675,4574,256,0.0,False,0.0,0.0,0,,,,,0.5228287736481789,0.2136588086310551,0.3091699650171238,0.4648783604004241,0.2240855396677387,0.5684236112665705,0.1998056716400539,0.4371569963848042,0.209659643863895,0.4731654165290913,0.052126254530303,0.6952636350394205,256.0,1,0.00390625,0,0,,,,,,,,,,,,0.05,0.1,0.3080931013558608,0.0968763108656387,0.3879100193771675,,,0.3359375,0.04296875,0.48046875
abf_fr_information_oracle|tt=information_oracle|g=0.002|eta=0.1|bi=0.909091|sf=0.954545|fe=500|seed=6005,abf_fr_information_oracle|tt=information_oracle|g=0.002|eta=0.1|bi=0.909091|sf=0.954545|fe=500,abf_fr_information_oracle,information_oracle,6005,0.002,0.1,0.9090909090909092,0.9545454545454544,500,10000,20.0,0.2005572686305721,0.4493057763570507,0.0995857333097329,0.3095305367374436,0.3680995626239149,4643,255,0.002,True,0.00390625,0.00390625,1,1.3877787807814454e-16,0.9809335640910052,-3.5836873100479627,1.2926759234404703,0.5114701718602284,0.2136588086310551,0.2978113632291732,0.4425189279397779,0.2142398261146482,0.5397097179794604,0.191056235935916,0.4156566705133257,0.2005572686305721,0.4493057763570507,0.0502189113637245,0.6639271393276509,254.015503875969,2,0.0078125,1,1,0.0,-3.342831125650479,-3.342831125650479,-1.034853026242679,-1.034853026242679,0.0315957540718349,0.0315957540718349,1.0217171275122383,1.0217171275122383,1.281379332345922,1.281379332345922,0.05,0.1,0.3095305367374436,0.0995857333097329,0.3680995626239149,0.9809335640910052,1.2926759234404703,0.34375,0.04296875,0.46484375
abf_fr_information_oracle|tt=information_oracle|g=0.002|eta=0.1|bi=0.909091|sf=0.954545|fe=500|seed=6005,abf_fr_information_oracle|tt=information_oracle|g=0.002|eta=0.1|bi=0.909091|sf=0.954545|fe=500,abf_fr_information_oracle,information_oracle,6005,0.002,0.1,0.9090909090909092,0.9545454545454544,500,10500,21.0,0.1895569951102514,0.422123448604597,0.0813643492128142,0.2873901298362378,0.3867496180003619,4731,255,0.0,False,0.0,0.0,0,,,,,0.4966103361360616,0.2136588086310551,0.2829515275050065,0.4171819664752532,0.2024918481254373,0.5070474752006425,0.1804479150427767,0.3913567164609699,0.1895569951102514,0.422123448604597,0.0478248356234751,0.6278499846708295,254.015503875969,2,0.0078125,1,1,,,,,,,,,,,,0.05,0.1,0.2873901298362378,0.0813643492128142,0.3867496180003619,,,0.33984375,0.06640625,0.41796875
abf_fr_information_oracle|tt=information_oracle|g=0.002|eta=0.1|bi=0.909091|sf=0.954545|fe=500|seed=6005,abf_fr_information_oracle|tt=information_oracle|g=0.002|eta=0.1|bi=0.909091|sf=0.954545|fe=500,abf_fr_information_oracle,information_oracle,6005,0.002,0.1,0.9090909090909092,0.9545454545454544,500,11000,22.0,0.1798396036128449,0.3966710153594778,0.0799272098778899,0.2885189108633493,0.3840335165451092,4807,255,0.0,False,0.0,0.0,0,,,,,0.485698112979783,0.2136588086310551,0.2720393043487279,0.3926000093477156,0.1919993337034579,0.4764275332693515,0.1712447556948726,0.3686081807500876,0.1798396036128449,0.3966710153594778,0.0453539920148308,0.5904974230643464,254.015503875969,2,0.0078125,1,1,,,,,,,,,,,,0.05,0.1,0.2885189108633493,0.0799272098778899,0.3840335165451092,,,0.34375,0.07421875,0.4609375
abf_fr_information_oracle|tt=information_oracle|g=0.002|eta=0.1|bi=0.909091|sf=0.954545|fe=500|seed=6006,abf_fr_information_oracle|tt=information_oracle|g=0.002|eta=0.1|bi=0.909091|sf=0.954545|fe=500,abf_fr_information_oracle,information_oracle,6006,0.002,0.1,0.9090909090909092,0.9545454545454544,500,0,0.0,2.906603863987052,6.564657815288973,0.0615385677884395,0.230536039950164,0.3870790514676084,0,256,0.0,False,0.0,0.0,0,,,,,0.0,0.2136588086310551,0.2136588086310551,1.8839792970692677,0.7722826132658906,3.487298309594125,5.408116675855963,9.381946420303988,2.906603863987052,6.564657815288973,0.037083496902375,0.7293641473133242,256.0,1,0.00390625,0,0,,,,,,,,,,,,0.05,0.1,0.230536039950164,0.0615385677884395,0.3870790514676084,,,0.359375,0.2109375,0.3046875
abf_fr_information_oracle|tt=information_oracle|g=0.002|eta=0.1|bi=0.909091|sf=0.954545|fe=500|seed=6006,abf_fr_information_oracle|tt=information_oracle|g=0.002|eta=0.1|bi=0.909091|sf=0.954545|fe=500,abf_fr_information_oracle,information_oracle,6006,0.002,0.1,0.9090909090909092,0.9545454545454544,500,500,1.0,0.5997623603887957,1.352738064828684,0.1011590189359308,0.2843375357407408,0.346056713966463,784,256,0.0,False,0.0,0.0,0,,,,,-0.4884458768856312,0.2136588086310551,0.7021046855166864,1.5165699982327212,0.6600180544835684,1.4795768579395638,0.5985716051657759,1.2523971984669826,0.5997623603887957,1.352738064828684,0.0604777755578149,0.9444306091850606,256.0,1,0.00390625,0,0,,,,,,,,,,,,0.05,0.1,0.2843375357407408,0.1011590189359308,0.346056713966463,,,0.4375,0.15625,0.34765625
abf_fr_information_oracle|tt=information_oracle|g=0.002|eta=0.1|bi=0.909091|sf=0.954545|fe=500|seed=6006,abf_fr_information_oracle|tt=information_oracle|g=0.002|eta=0.1|bi=0.909091|sf=0.954545|fe=500,abf_fr_information_oracle,information_oracle,6006,0.002,0.1,0.9090909090909092,0.9545454545454544,500,1000,2.0,0.4999604042784948,1.181402687561405,0.1158810933005179,0.3061461274914765,0.3382725971521876,1346,256,0.0,False,0.0,0.0,0,,,,,-0.3363133745189799,0.2136588086310551,0.549972183150035,1.287639646088342,0.555807422004456,1.3495586283304748,0.485621281118917,1.0920766184874957,0.4999604042784948,1.181402687561405,0.068227554752018,1.0437464267081906,256.0,1,0.00390625,0,0,,,,,,,,,,,,0.05,0.1,0.3061461274914765,0.1158810933005179,0.3382725971521876,,,0.44921875,0.1328125,0.37109375
abf_fr_information_oracle|tt=information_oracle|g=0.002|eta=0.1|bi=0.909091|sf=0.954545|fe=500|seed=6006,abf_fr_information_oracle|tt=information_oracle|g=0.002|eta=0.1|bi=0.909091|sf=0.954545|fe=500,abf_fr_information_oracle,information_oracle,6006,0.002,0.1,0.9090909090909092,0.9545454545454544,500,1500,3.0,0.4596489211826341,1.1097496829406617,0.1042399749676443,0.2884320430900673,0.3499101430900193,1869,256,0.0,False,0.0,0.0,0,,,,,-0.2795273960379951,0.2136588086310551,0.4931862046690503,1.190047528983101,0.5137048274705245,1.2941567567277423,0.4394989560672428,1.0226276150882494,0.4596489211826341,1.1097496829406617,0.0720599068645283,1.0807380193723009,256.0,1,0.00390625,0,0,,,,,,,,,,,,0.05,0.1,0.2884320430900673,0.1042399749676443,0.3499101430900193,,,0.46484375,0.11328125,0.37890625
abf_fr_information_oracle|tt=information_oracle|g=0.002|eta=0.1|bi=0.909091|sf=0.954545|fe=500|seed=6006,abf_fr_information_oracle|tt=information_oracle|g=0.002|eta=0.1|bi=0.909091|sf=0.954545|fe=500,abf_fr_information_oracle,information_oracle,6006,0.002,0.1,0.9090909090909092,0.9545454545454544,500,2000,4.0,0.4192589531240593,1.0252101018500897,0.087835949526287,0.2920464512712319,0.3547334636657355,2263,256,0.0,False,0.0,0.0,0,,,,,-0.2109885762618084,0.2136588086310551,0.4246473848928636,1.096236222783206,0.4703626487538845,1.2084799812835691,0.3977776291908386,0.9435220445695836,0.4192589531240593,1.0252101018500897,0.0726267194986357,1.0781999290910915,256.0,1,0.00390625,0,0,,,,,,,,,,,,0.05,0.1,0.2920464512712319,0.087835949526287,0.3547334636657355,,,0.46484375,0.109375,0.37890625
abf_fr_information_oracle|tt=information_oracle|g=0.002|eta=0.1|bi=0.909091|sf=0.954545|fe=500|seed=6006,abf_fr_information_oracle|tt=information_oracle|g=0.002|eta=0.1|bi=0.909091|sf=0.954545|fe=500,abf_fr_information_oracle,information_oracle,6006,0.002,0.1,0.9090909090909092,0.9545454545454544,500,2500,5.0,0.3894488228133516,0.9616898841298204,0.0958740351302408,0.2972598852576512,0.3656185505131694,2631,256,0.0,False,0.0,0.0,0,,,,,-0.1812033120208518,0.2136588086310551,0.3948621206519069,1.0180919572704508,0.4367708567048373,1.1417223233787923,0.3681274237426893,0.8837219821153363,0.3894488228133516,0.9616898841298204,0.0720316708584127,1.0651203044649424,256.0,1,0.00390625,0,0,,,,,,,,,,,,0.05,0.1,0.2972598852576512,0.0958740351302408,0.3656185505131694,,,0.48828125,0.09375,0.37109375
abf_fr_information_oracle|tt=information_oracle|g=0.002|eta=0.1|bi=0.909091|sf=0.954545|fe=500|seed=6006,abf_fr_information_oracle|tt=information_oracle|g=0.002|eta=0.1|bi=0.909091|sf=0.954545|fe=500,abf_fr_information_oracle,information_oracle,6006,0.002,0.1,0.9090909090909092,0.9545454545454544,500,3000,6.0,0.355206185244695,0.8890684122195663,0.0794361667070707,0.2924786778302347,0.3722006071329731,2879,256,0.0,False,0.0,0.0,0,,,,,-0.128502863991919,0.2136588086310551,0.3421616726229741,0.934832565197994,0.3994871882516692,1.0584414634220096,0.335082965945311,0.8169381592470747,0.355206185244695,0.8890684122195663,0.0706043854161682,1.0306344860579897,256.0,1,0.00390625,0,0,,,,,,,,,,,,0.05,0.1,0.2924786778302347,0.0794361667070707,0.3722006071329731,,,0.47265625,0.08984375,0.3828125
abf_fr_information_oracle|tt=information_oracle|g=0.002|eta=0.1|bi=0.909091|sf=0.954545|fe=500|seed=6006,abf_fr_information_oracle|tt=information_oracle|g=0.002|eta=0.1|bi=0.909091|sf=0.954545|fe=500,abf_fr_information_oracle,information_oracle,6006,0.002,0.1,0.9090909090909092,0.9545454545454544,500,3500,7.0,0.3318712518086646,0.8416686757313155,0.1018080176799813,0.3044861465760935,0.3598292815224706,3154,256,0.0,False,0.0,0.0,0,,,,,-0.0977792298430308,0.2136588086310551,0.311438038474086,0.8776437395219612,0.3739530896777698,1.004696969780063,0.3124970499362403,0.7733476888614268,0.3318712518086646,0.8416686757313155,0.0700064920162788,1.0170633894821737,256.0,1,0.00390625,0,0,,,,,,,,,,,,0.05,0.1,0.3044861465760935,0.1018080176799813,0.3598292815224706,,,0.484375,0.08203125,0.37109375
abf_fr_information_oracle|tt=information_oracle|g=0.002|eta=0.1|bi=0.909091|sf=0.954545|fe=500|seed=6006,abf_fr_information_oracle|tt=information_oracle|g=0.002|eta=0.1|bi=0.909091|sf=0.954545|fe=500,abf_fr_information_oracle,information_oracle,6006,0.002,0.1,0.9090909090909092,0.9545454545454544,500,4000,8.0,0.3097148396107461,0.7948324865227975,0.0873693859811701,0.2998684719913355,0.3694103487646028,3408,256,0.0,False,0.0,0.0,0,,,,,-0.0645029163728239,0.2136588086310551,0.278161725003879,0.824502212802546,0.3496752453217838,0.9509223357987984,0.290266324603331,0.7298867376370297,0.3097148396107461,0.7948324865227975,0.0690010362059384,0.9973994879144966,256.0,1,0.00390625,0,0,,,,,,,,,,,,0.05,0.1,0.2998684719913355,0.0873693859811701,0.3694103487646028,,,0.4765625,0.0703125,0.3671875
abf_fr_information_oracle|tt=information_oracle|g=0.002|eta=0.1|bi=0.909091|sf=0.954545|fe=500|seed=6006,abf_fr_information_oracle|tt=information_oracle|g=0.002|eta=0.1|bi=0.909091|sf=0.954545|fe=500,abf_fr_information_oracle,information_oracle,6006,0.002,0.1,0.9090909090909092,0.9545454545454544,500,4500,9.0,0.2906780220780409,0.7494203976903967,0.0874882525872814,0.299920673941431,0.3701977581705409,3622,256,0.0,False,0.0,0.0,0,,,,,-0.0452410518995307,0.2136588086310551,0.2588998605305859,0.7755067665171665,0.3283214582155384,0.8976710458789698,0.2719651886100669,0.6880804347267699,0.2906780220780409,0.7494203976903967,0.0680178239211699,0.9748923741826832,256.0,1,0.00390625,0,0,,,,,,,,,,,,0.05,0.1,0.299920673941431,0.0874882525872814,0.3701977581705409,,,0.47265625,0.0703125,0.34375
abf_fr_information_oracle|tt=information_oracle|g=0.002|eta=0.1|bi=0.909091|sf=0.954545|fe=500|seed=6006,abf_fr_information_oracle|tt=information_oracle|g=0.002|eta=0.1|bi=0.909091|sf=0.954545|fe=500,abf_fr_information_oracle,information_oracle,6006,0.002,0.1,0.9090909090909092,0.9545454545454544,500,5000,10.0,0.2782469761091417,0.7152263367131386,0.0854101994910104,0.3026543965820024,0.3577550216593254,3935,256,0.0,False,0.0,0.0,0,,,,,-0.038403263370661,0.2136588086310551,0.2520620720017161,0.7399683258781024,0.3136340302942896,0.8575753745310062,0.2606398770354056,0.6564527916193831,0.2782469761091417,0.7152263367131386,0.0663264897676223,0.9469118001057276,256.0,1,0.00390625,0,0,,,,,,,,,,,,0.05,0.1,0.3026543965820024,0.0854101994910104,0.3577550216593254,,,0.47265625,0.0625,0.34765625
abf_fr_information_oracle|tt=information_oracle|g=0.002|eta=0.1|bi=0.909091|sf=0.954545|fe=500|seed=6006,abf_fr_information_oracle|tt=information_oracle|g=0.002|eta=0.1|bi=0.909091|sf=0.954545|fe=500,abf_fr_information_oracle,information_oracle,6006,0.002,0.1,0.9090909090909092,0.9545454545454544,500,5500,11.0,0.2658678082811603,0.6869548661218313,0.0816759086025087,0.2988648553055538,0.3922964275658817,4145,256,0.0,False,0.0,0.0,0,,,,,-0.0242201636978052,0.2136588086310551,0.2378789723288603,0.7082197644696238,0.2999281453225228,0.8241354626386186,0.2487920715415788,0.630531020279414,0.2658678082811603,0.6869548661218313,0.0653840751062951,0.9258262856006736,256.0,1,0.00390625,0,0,,,,,,,,,,,,0.05,0.1,0.2988648553055538,0.0816759086025087,0.3922964275658817,,,0.4453125,0.0546875,0.375
abf_fr_information_oracle|tt=information_oracle|g=0.002|eta=0.1|bi=0.909091|sf=0.954545|fe=500|seed=6006,abf_fr_information_oracle|tt=information_oracle|g=0.002|eta=0.1|bi=0.909091|sf=0.954545|fe=500,abf_fr_information_oracle,information_oracle,6006,0.002,0.1,0.9090909090909092,0.9545454545454544,500,6000,12.0,0.2527960513559147,0.6554029619873686,0.0864604801500604,0.3043244264137343,0.3759986837219972,4312,256,0.0,False,0.0,0.0,0,,,,,-0.0093666372179939,0.2136588086310551,0.223025445849049,0.6742386354008709,0.2852660189528146,0.7868246540472993,0.2367542490846199,0.6019357531351742,0.2527960513559147,0.6554029619873686,0.0642607211061034,0.9014376983469166,256.0,1,0.00390625,0,0,,,,,,,,,,,,0.05,0.1,0.3043244264137343,0.0864604801500604,0.3759986837219972,,,0.46875,0.05859375,0.3515625
abf_fr_information_oracle|tt=information_oracle|g=0.002|eta=0.1|bi=0.909091|sf=0.954545|fe=500|seed=6006,abf_fr_information_oracle|tt=information_oracle|g=0.002|eta=0.1|bi=0.909091|sf=0.954545|fe=500,abf_fr_information_oracle,information_oracle,6006,0.002,0.1,0.9090909090909092,0.9545454545454544,500,6500,13.0,0.2407307068506833,0.6236515942592994,0.098992185442775,0.3048207022555592,0.3631138584666123,4451,256,0.0,False,0.0,0.0,0,,,,,-0.0013649469192493,0.2136588086310551,0.2150237555503045,0.6417094207667015,0.2714261311078484,0.7488211910782039,0.2255356500631243,0.5729387343493211,0.2407307068506833,0.6236515942592994,0.0621298416263885,0.8677253059848787,256.0,1,0.00390625,0,0,,,,,,,,,,,,0.05,0.1,0.3048207022555592,0.098992185442775,0.3631138584666123,,,0.45703125,0.05859375,0.34765625
abf_fr_information_oracle|tt=information_oracle|g=0.002|eta=0.1|bi=0.909091|sf=0.954545|fe=500|seed=6006,abf_fr_information_oracle|tt=information_oracle|g=0.002|eta=0.1|bi=0.909091|sf=0.954545|fe=500,abf_fr_information_oracle,information_oracle,6006,0.002,0.1,0.9090909090909092,0.9545454545454544,500,7000,14.0,0.2311728160698026,0.6025696363338344,0.0897820658870591,0.3071365504035449,0.3943510754172283,4623,256,0.0,False,0.0,0.0,0,,,,,0.0139263708170958,0.2136588086310551,0.1997324378139593,0.6192558594083791,0.2611981559628587,0.7236366792759766,0.2161517035434609,0.5539214683963972,0.2311728160698026,0.6025696363338344,0.0613713600139115,0.850708025389868,256.0,1,0.00390625,0,0,,,,,,,,,,,,0.05,0.1,0.3071365504035449,0.0897820658870591,0.3943510754172283,,,0.453125,0.05859375,0.3515625
abf_fr_information_oracle|tt=information_oracle|g=0.002|eta=0.1|bi=0.909091|sf=0.954545|fe=500|seed=6006,abf_fr_information_oracle|tt=information_oracle|g=0.002|eta=0.1|bi=0.909091|sf=0.954545|fe=500,abf_fr_information_oracle,information_oracle,6006,0.002,0.1,0.9090909090909092,0.9545454545454544,500,7500,15.0,0.2220243472055414,0.58258771591861,0.0991406697326992,0.3151570454283258,0.3696256016867918,4793,256,0.0,False,0.0,0.0,0,,,,,0.0294009232886054,0.2136588086310551,0.1842578853424497,0.5973798920912405,0.2512536157565735,0.6997761953175688,0.2072040374469119,0.5358168930912438,0.2220243472055414,0.58258771591861,0.0598603457541573,0.8279605527068004,256.0,1,0.00390625,0,0,,,,,,,,,,,,0.05,0.1,0.3151570454283258,0.0991406697326992,0.3696256016867918,,,0.4453125,0.04296875,0.3515625
abf_fr_information_oracle|tt=information_oracle|g=0.002|eta=0.1|bi=0.909091|sf=0.954545|fe=500|seed=6006,abf_fr_information_oracle|tt=information_oracle|g=0.002|eta=0.1|bi=0.909091|sf=0.954545|fe=500,abf_fr_information_oracle,information_oracle,6006,0.002,0.1,0.9090909090909092,0.9545454545454544,500,8000,16.0,0.2140962538215983,0.5631541725746401,0.0916007723347575,0.3049234739231111,0.3842605752257592,4924,256,0.0,False,0.0,0.0,0,,,,,0.0403933537198035,0.2136588086310551,0.1732654549112515,0.5766974813216897,0.2422768107569939,0.6766979609624133,0.1995771810428262,0.5181470933696988,0.2140962538215983,0.5631541725746401,0.0587201167138547,0.808487501028895,256.0,1,0.00390625,0,0,,,,,,,,,,,,0.05,0.1,0.3049234739231111,0.0916007723347575,0.3842605752257592,,,0.44921875,0.05078125,0.33984375
abf_fr_information_oracle|tt=information_oracle|g=0.002|eta=0.1|bi=0.909091|sf=0.954545|fe=500|seed=6006,abf_fr_information_oracle|tt=information_oracle|g=0.002|eta=0.1|bi=0.909091|sf=0.954545|fe=500,abf_fr_information_oracle,information_oracle,6006,0.002,0.1,0.9090909090909092,0.9545454545454544,500,8500,17.0,0.2107247442627182,0.5543541427201787,0.0869209950810225,0.3073276688971872,0.3952456908079905,5062,256,0.0,False,0.0,0.0,0,,,,,0.0397318869712464,0.2136588086310551,0.1739269216598087,0.5657937723481467,0.2380979524895918,0.6662228209121746,0.1969054085976694,0.5102634446415191,0.2107247442627182,0.5543541427201787,0.0585342019054425,0.8053795069143088,256.0,1,0.00390625,0,0,,,,,,,,,,,,0.05,0.1,0.3073276688971872,0.0869209950810225,0.3952456908079905,,,0.46875,0.05078125,0.3359375
abf_fr_information_oracle|tt=information_oracle|g=0.002|eta=0.1|bi=0.909091|sf=0.954545|fe=500|seed=6006,abf_fr_information_oracle|tt=information_oracle|g=0.002|eta=0.1|bi=0.909091|sf=0.954545|fe=500,abf_fr_information_oracle,information_oracle,6006,0.002,0.1,0.9090909090909092,0.9545454545454544,500,9000,18.0,0.2036012046019678,0.541028123529878,0.0857792178589474,0.2948890361297611,0.3797377641344912,5238,256,0.0,False,0.0,0.0,0,,,,,0.0563486916446507,0.2136588086310551,0.1573101169864044,0.5503305022843179,0.2306776527641667,0.6502082299169614,0.1900680159911934,0.4980897079524073,0.2036012046019678,0.541028123529878,0.0575977258135877,0.792314776769316,256.0,1,0.00390625,0,0,,,,,,,,,,,,0.05,0.1,0.2948890361297611,0.0857792178589474,0.3797377641344912,,,0.4453125,0.0546875,0.33203125
abf_fr_information_oracle|tt=information_oracle|g=0.002|eta=0.1|bi=0.909091|sf=0.954545|fe=500|seed=6006,abf_fr_information_oracle|tt=information_oracle|g=0.002|eta=0.1|bi=0.909091|sf=0.954545|fe=500,abf_fr_information_oracle,information_oracle,6006,0.002,0.1,0.9090909090909092,0.9545454545454544,500,9500,19.0,0.1993471251912539,0.5258132271660906,0.0854085936691935,0.2956678723684521,0.3930243106322582,5425,256,0.0,False,0.0,0.0,0,,,,,0.0511384034472719,0.2136588086310551,0.1625204051837832,0.535129133128888,0.2251964733827786,0.6320308942355666,0.1866126778231771,0.4843442685614558,0.1993471251912539,0.5258132271660906,0.0567967561137858,0.776697519044758,256.0,1,0.00390625,0,0,,,,,,,,,,,,0.05,0.1,0.2956678723684521,0.0854085936691935,0.3930243106322582,,,0.44921875,0.0625,0.32421875
abf_fr_information_oracle|tt=information_oracle|g=0.002|eta=0.1|bi=0.909091|sf=0.954545|fe=500|seed=6006,abf_fr_information_oracle|tt=information_oracle|g=0.002|eta=0.1|bi=0.909091|sf=0.954545|fe=500,abf_fr_information_oracle,information_oracle,6006,0.002,0.1,0.9090909090909092,0.9545454545454544,500,10000,20.0,0.1903997847596515,0.5037658820205323,0.0829321349672592,0.2966098323310704,0.3803549874848632,5616,256,0.002,True,0.0,0.0,0,-4.8572257327350605e-17,1.01642910566975,-3.849509911761357,1.3940057172595228,0.0628259846784438,0.2136588086310551,0.1508328239526113,0.5128219236766763,0.2153971598818483,0.6055986398352452,0.1780519758249365,0.4644754210681773,0.1903997847596515,0.5037658820205323,0.0552989481376557,0.7524181747678667,256.0,1,0.00390625,1,0,0.0,-3.214017797199522,-3.214017797199522,-1.2769210563951847,-1.2769210563951847,0.1507595239144521,0.1507595239144521,1.1348375822793957,1.1348375822793957,1.3923244034851094,1.3923244034851094,0.05,0.1,0.2966098323310704,0.0829321349672592,0.3803549874848632,1.01642910566975,1.3940057172595228,0.44921875,0.06640625,0.328125
abf_fr_information_oracle|tt=information_oracle|g=0.002|eta=0.1|bi=0.909091|sf=0.954545|fe=500|seed=6006,abf_fr_information_oracle|tt=information_oracle|g=0.002|eta=0.1|bi=0.909091|sf=0.954545|fe=500,abf_fr_information_oracle,information_oracle,6006,0.002,0.1,0.9090909090909092,0.9545454545454544,500,10500,21.0,0.1853965397638439,0.4903504537529571,0.0894164832087372,0.3091861807800077,0.3874882728089182,5722,256,0.0,False,0.0,0.0,0,,,,,0.0661316481635196,0.2136588086310551,0.1475271604675354,0.4994042715765238,0.2096840852067378,0.5894892005525413,0.1733606505270213,0.4524813593031238,0.1853965397638439,0.4903504537529571,0.0542424760263488,0.7356033860118729,256.0,1,0.00390625,1,0,,,,,,,,,,,,0.05,0.1,0.3091861807800077,0.0894164832087372,0.3874882728089182,,,0.42578125,0.046875,0.33984375
abf_fr_information_oracle|tt=information_oracle|g=0.002|eta=0.1|bi=0.909091|sf=0.954545|fe=500|seed=6006,abf_fr_information_oracle|tt=information_oracle|g=0.002|eta=0.1|bi=0.909091|sf=0.954545|fe=500,abf_fr_information_oracle,information_oracle,6006,0.002,0.1,0.9090909090909092,0.9545454545454544,500,11000,22.0,0.1818133372153937,0.4805625471001306,0.090162092033503,0.3071918858475093,0.388197748028725,5840,256,0.0,False,0.0,0.0,0,,,,,0.0685817320595276,0.2136588086310551,0.1450770765715274,0.4896017767016124,0.2055444951312154,0.5777734733369801,0.1700737690174299,0.4436424167785456,0.1818133372153937,0.4805625471001306,0.053231155081085,0.7228462908601566,256.0,1,0.00390625,1,0,,,,,,,,,,,,0.05,0.1,0.3071918858475093,0.090162092033503,0.388197748028725,,,0.4140625,0.046875,0.328125
abf_fr_information_oracle|tt=information_oracle|g=0.002|eta=0.1|bi=0.909091|sf=0.954545|fe=500|seed=6007,abf_fr_information_oracle|tt=information_oracle|g=0.002|eta=0.1|bi=0.909091|sf=0.954545|fe=500,abf_fr_information_oracle,information_oracle,6007,0.002,0.1,0.9090909090909092,0.9545454545454544,500,0,0.0,2.906603863987052,6.564657815288973,0.0608120094470472,0.2491462770273302,0.4076149911386127,0,256,0.0,False,0.0,0.0,0,,,,,0.0,0.2136588086310551,0.2136588086310551,1.8839792970692677,0.7722826132658906,3.487298309594125,5.408116675855963,9.381946420303988,2.906603863987052,6.564657815288973,0.037083496902375,0.7293641473133242,256.0,1,0.00390625,0,0,,,,,,,,,,,,0.05,0.1,0.2491462770273302,0.0608120094470472,0.4076149911386127,,,0.37890625,0.1640625,0.3046875
abf_fr_information_oracle|tt=information_oracle|g=0.002|eta=0.1|bi=0.909091|sf=0.954545|fe=500|seed=6007,abf_fr_information_oracle|tt=information_oracle|g=0.002|eta=0.1|bi=0.909091|sf=0.954545|fe=500,abf_fr_information_oracle,information_oracle,6007,0.002,0.1,0.9090909090909092,0.9545454545454544,500,500,1.0,0.6138210099030192,1.2148614265469533,0.122674525501027,0.3105347774861256,0.3573328605458405,398,256,0.0,False,0.0,0.0,0,,,,,-0.7733606850182895,0.2136588086310551,0.9870194936493446,1.2747706588112255,0.6094508851158913,1.274855317378826,0.6554901989796883,1.122435902738958,0.6138210099030192,1.2148614265469533,0.0586712067651009,0.8751214114025037,256.0,1,0.00390625,0,0,,,,,,,,,,,,0.05,0.1,0.3105347774861256,0.122674525501027,0.3573328605458405,,,0.42578125,0.1171875,0.37109375
abf_fr_information_oracle|tt=information_oracle|g=0.002|eta=0.1|bi=0.909091|sf=0.954545|fe=500|seed=6007,abf_fr_information_oracle|tt=information_oracle|g=0.002|eta=0.1|bi=0.909091|sf=0.954545|fe=500,abf_fr_information_oracle,information_oracle,6007,0.002,0.1,0.9090909090909092,0.9545454545454544,500,1000,2.0,0.5457331064294361,1.0081945218492787,0.1090460834222631,0.2985953876758966,0.3608238851325122,759,256,0.0,False,0.0,0.0,0,,,,,-0.7582668273545643,0.2136588086310551,0.9719256359856194,1.0576339239937107,0.5412596864542429,1.1048593420835502,0.5719979889280752,0.9302011131467766,0.5457331064294361,1.0081945218492787,0.0661078112905743,0.9333109809275972,256.0,1,0.00390625,0,0,,,,,,,,,,,,0.05,0.1,0.2985953876758966,0.1090460834222631,0.3608238851325122,,,0.44140625,0.1015625,0.3984375
abf_fr_information_oracle|tt=information_oracle|g=0.002|eta=0.1|bi=0.909091|sf=0.954545|fe=500|seed=6007,abf_fr_information_oracle|tt=information_oracle|g=0.002|eta=0.1|bi=0.909091|sf=0.954545|fe=500,abf_fr_information_oracle,information_oracle,6007,0.002,0.1,0.9090909090909092,0.9545454545454544,500,1500,3.0,0.4745185046203117,0.8856135811533781,0.1082338597096228,0.3021927357246426,0.3703002032055363,1043,256,0.0,False,0.0,0.0,0,,,,,-0.6493988531365282,0.2136588086310551,0.8630576617675834,0.9247858438201472,0.4781133822625401,0.9961284081369836,0.4897896204413688,0.8167674792024536,0.4745185046203117,0.8856135811533781,0.0642981948588353,0.909810795319068,256.0,1,0.00390625,0,0,,,,,,,,,,,,0.05,0.1,0.3021927357246426,0.1082338597096228,0.3703002032055363,,,0.453125,0.09375,0.40234375
abf_fr_information_oracle|tt=information_oracle|g=0.002|eta=0.1|bi=0.909091|sf=0.954545|fe=500|seed=6007,abf_fr_information_oracle|tt=information_oracle|g=0.002|eta=0.1|bi=0.909091|sf=0.954545|fe=500,abf_fr_information_oracle,information_oracle,6007,0.002,0.1,0.9090909090909092,0.9545454545454544,500,2000,4.0,0.4348675847853255,0.8010164351503426,0.1066189733122642,0.3031175834932713,0.3717623622064968,1297,256,0.0,False,0.0,0.0,0,,,,,-0.5871529875183796,0.2136588086310551,0.8008117961494348,0.833820796755429,0.4383806527520809,0.9162405161381416,0.4461901681000402,0.7390284241950679,0.4348675847853255,0.8010164351503426,0.0625023343091785,0.8785208301067836,256.0,1,0.00390625,0,0,,,,,,,,,,,,0.05,0.1,0.3031175834932713,0.1066189733122642,0.3717623622064968,,,0.44921875,0.0859375,0.4140625
abf_fr_information_oracle|tt=information_oracle|g=0.002|eta=0.1|bi=0.909091|sf=0.954545|fe=500|seed=6007,abf_fr_information_oracle|tt=information_oracle|g=0.002|eta=0.1|bi=0.909091|sf=0.954545|fe=500,abf_fr_information_oracle,information_oracle,6007,0.002,0.1,0.9090909090909092,0.9545454545454544,500,2500,5.0,0.4203249596812218,0.7496232357709441,0.096838834006868,0.2945938730744484,0.3806351350809474,1634,256,0.0,False,0.0,0.0,0,,,,,-0.5711548913687139,0.2136588086310551,0.784813699999769,0.787313962476325,0.4219008684415473,0.8701961301958693,0.4291214633257918,0.6913887388767932,0.4203249596812218,0.7496232357709441,0.0614156365339397,0.8546055648347014,256.0,1,0.00390625,0,0,,,,,,,,,,,,0.05,0.1,0.2945938730744484,0.096838834006868,0.3806351350809474,,,0.44140625,0.125,0.3984375
abf_fr_information_oracle|tt=information_oracle|g=0.002|eta=0.1|bi=0.909091|sf=0.954545|fe=500|seed=6007,abf_fr_information_oracle|tt=information_oracle|g=0.002|eta=0.1|bi=0.909091|sf=0.954545|fe=500,abf_fr_information_oracle,information_oracle,6007,0.002,0.1,0.9090909090909092,0.9545454545454544,500,3000,6.0,0.3950826011553388,0.6917761946977978,0.0891352568171939,0.2756884614787929,0.389373716879177,1922,256,0.0,False,0.0,0.0,0,,,,,-0.535517048893766,0.2136588086310551,0.7491758575248211,0.7239518982350576,0.3955491577159469,0.8096034368124015,0.4017879654498247,0.6379576567795059,0.3950826011553388,0.6917761946977978,0.0595911740310296,0.8244833200064021,256.0,1,0.00390625,0,0,,,,,,,,,,,,0.05,0.1,0.2756884614787929,0.0891352568171939,0.389373716879177,,,0.44140625,0.1015625,0.37890625
abf_fr_information_oracle|tt=information_oracle|g=0.002|eta=0.1|bi=0.909091|sf=0.954545|fe=500|seed=6007,abf_fr_information_oracle|tt=information_oracle|g=0.002|eta=0.1|bi=0.909091|sf=0.954545|fe=500,abf_fr_information_oracle,information_oracle,6007,0.002,0.1,0.9090909090909092,0.9545454545454544,500,3500,7.0,0.3746121430393664,0.6352034962653259,0.0796187662648405,0.2816980154116548,0.3889153434838653,2208,256,0.0,False,0.0,0.0,0,,,,,-0.5072053918031969,0.2136588086310551,0.720864200434252,0.6676634329783233,0.3728419729434701,0.7479460343454194,0.3802068401102129,0.5857839157303639,0.3746121430393664,0.6352034962653259,0.056563814285717,0.7756209210197637,256.0,1,0.00390625,0,0,,,,,,,,,,,,0.05,0.1,0.2816980154116548,0.0796187662648405,0.3889153434838653,,,0.45703125,0.09375,0.3828125
abf_fr_information_oracle|tt=information_oracle|g=0.002|eta=0.1|bi=0.909091|sf=0.954545|fe=500|seed=6007,abf_fr_information_oracle|tt=information_oracle|g=0.002|eta=0.1|bi=0.909091|sf=0.954545|fe=500,abf_fr_information_oracle,information_oracle,6007,0.002,0.1,0.9090909090909092,0.9545454545454544,500,4000,8.0,0.3530932476159493,0.5961790510131031,0.1056015909633016,0.2941205857560784,0.3513908705070354,2507,256,0.0,False,0.0,0.0,0,,,,,-0.466498200807063,0.2136588086310551,0.6801570094381182,0.6276840393291035,0.3512435699097514,0.7046615559107224,0.3585128923647446,0.5499916872004299,0.3530932476159493,0.5961790510131031,0.0556975591228876,0.7545725441797005,256.0,1,0.00390625,0,0,,,,,,,,,,,,0.05,0.1,0.2941205857560784,0.1056015909633016,0.3513908705070354,,,0.4453125,0.08984375,0.36328125
abf_fr_information_oracle|tt=information_oracle|g=0.002|eta=0.1|bi=0.909091|sf=0.954545|fe=500|seed=6007,abf_fr_information_oracle|tt=information_oracle|g=0.002|eta=0.1|bi=0.909091|sf=0.954545|fe=500,abf_fr_information_oracle,information_oracle,6007,0.002,0.1,0.9090909090909092,0.9545454545454544,500,4500,9.0,0.3309377266437385,0.5549183727630587,0.0827713969868696,0.2861685568254764,0.3580958479964271,2734,256,0.0,False,0.0,0.0,0,,,,,-0.4290685261622649,0.2136588086310551,0.64272733479332,0.5825169815138513,0.3290941527948676,0.6565492559673152,0.335886844191974,0.512064945175954,0.3309377266437385,0.5549183727630587,0.0535132311223451,0.724125071109603,256.0,1,0.00390625,0,0,,,,,,,,,,,,0.05,0.1,0.2861685568254764,0.0827713969868696,0.3580958479964271,,,0.453125,0.10546875,0.328125
abf_fr_information_oracle|tt=information_oracle|g=0.002|eta=0.1|bi=0.909091|sf=0.954545|fe=500|seed=6007,abf_fr_information_oracle|tt=information_oracle|g=0.002|eta=0.1|bi=0.909091|sf=0.954545|fe=500,abf_fr_information_oracle,information_oracle,6007,0.002,0.1,0.9090909090909092,0.9545454545454544,500,5000,10.0,0.3177547028450881,0.5285543785515322,0.0836005063132541,0.2929895848052874,0.3673139402067918,2919,256,0.0,False,0.0,0.0,0,,,,,-0.407388061274851,0.2136588086310551,0.6210468699059062,0.5553695168943362,0.3158870697857687,0.6266530336604464,0.3221782516953906,0.4881619230482596,0.3177547028450881,0.5285543785515322,0.0525459535343199,0.7026828282940595,256.0,1,0.00390625,0,0,,,,,,,,,,,,0.05,0.1,0.2929895848052874,0.0836005063132541,0.3673139402067918,,,0.45703125,0.08984375,0.359375
abf_fr_information_oracle|tt=information_oracle|g=0.002|eta=0.1|bi=0.909091|sf=0.954545|fe=500|seed=6007,abf_fr_information_oracle|tt=information_oracle|g=0.002|eta=0.1|bi=0.909091|sf=0.954545|fe=500,abf_fr_information_oracle,information_oracle,6007,0.002,0.1,0.9090909090909092,0.9545454545454544,500,5500,11.0,0.3106823371667704,0.5130143015013399,0.0940271029601822,0.2913584168601666,0.3890935437951209,3154,256,0.0,False,0.0,0.0,0,,,,,-0.3962459636927526,0.2136588086310551,0.6099047723238078,0.5398433335118538,0.3086574555617346,0.6098138792159289,0.3145996503263283,0.4736276606282424,0.3106823371667704,0.5130143015013399,0.0521269943124417,0.6919546241156549,256.0,1,0.00390625,0,0,,,,,,,,,,,,0.05,0.1,0.2913584168601666,0.0940271029601822,0.3890935437951209,,,0.453125,0.0703125,0.359375
abf_fr_information_oracle|tt=information_oracle|g=0.002|eta=0.1|bi=0.909091|sf=0.954545|fe=500|seed=6007,abf_fr_information_oracle|tt=information_oracle|g=0.002|eta=0.1|bi=0.909091|sf=0.954545|fe=500,abf_fr_information_oracle,information_oracle,6007,0.002,0.1,0.9090909090909092,0.9545454545454544,500,6000,12.0,0.3134311228588457,0.5070483344916644,0.0750978084593409,0.2828207304038448,0.3669019657724431,3349,256,0.0,False,0.0,0.0,0,,,,,-0.4072301481107629,0.2136588086310551,0.6208889567418181,0.5329845876143661,0.3099160090189839,0.604016935437631,0.3174980456882007,0.4680672696987116,0.3134311228588457,0.5070483344916644,0.0529865271393591,0.691297608342383,256.0,1,0.00390625,0,0,,,,,,,,,,,,0.05,0.1,0.2828207304038448,0.0750978084593409,0.3669019657724431,,,0.44140625,0.1015625,0.33984375
abf_fr_information_oracle|tt=information_oracle|g=0.002|eta=0.1|bi=0.909091|sf=0.954545|fe=500|seed=6007,abf_fr_information_oracle|tt=information_oracle|g=0.002|eta=0.1|bi=0.909091|sf=0.954545|fe=500,abf_fr_information_oracle,information_oracle,6007,0.002,0.1,0.9090909090909092,0.9545454545454544,500,6500,13.0,0.299744816535503,0.4845626588335082,0.0788525898578846,0.2951299201414525,0.3871254419718333,3578,256,0.0,False,0.0,0.0,0,,,,,-0.3810742795887485,0.2136588086310551,0.5947330882198036,0.5091287664975024,0.2966914017115142,0.5776710530689841,0.3036314462274247,0.4476808671022957,0.299744816535503,0.4845626588335082,0.0519034610011762,0.6744529464375282,256.0,1,0.00390625,0,0,,,,,,,,,,,,0.05,0.1,0.2951299201414525,0.0788525898578846,0.3871254419718333,,,0.4375,0.0859375,0.34765625
abf_fr_information_oracle|tt=information_oracle|g=0.002|eta=0.1|bi=0.909091|sf=0.954545|fe=500|seed=6007,abf_fr_information_oracle|tt=information_oracle|g=0.002|eta=0.1|bi=0.909091|sf=0.954545|fe=500,abf_fr_information_oracle,information_oracle,6007,0.002,0.1,0.9090909090909092,0.9545454545454544,500,7000,14.0,0.2912537210606241,0.4626462665289589,0.0728023813680179,0.2863585230915451,0.3831139764735545,3898,256,0.0,False,0.0,0.0,0,,,,,-0.3673076659840326,0.2136588086310551,0.5809664746150878,0.4886670623429099,0.287221351383419,0.5518575433695536,0.2959663627653526,0.4279093130590661,0.2912537210606241,0.4626462665289589,0.0513541891764036,0.65552124294575,256.0,1,0.00390625,0,0,,,,,,,,,,,,0.05,0.1,0.2863585230915451,0.0728023813680179,0.3831139764735545,,,0.4296875,0.08984375,0.33984375
abf_fr_information_oracle|tt=information_oracle|g=0.002|eta=0.1|bi=0.909091|sf=0.954545|fe=500|seed=6007,abf_fr_information_oracle|tt=information_oracle|g=0.002|eta=0.1|bi=0.909091|sf=0.954545|fe=500,abf_fr_information_oracle,information_oracle,6007,0.002,0.1,0.9090909090909092,0.9545454545454544,500,7500,15.0,0.2880599628975987,0.4509470635819427,0.0687671874813499,0.2794492640597429,0.3983216660258815,4218,256,0.0,False,0.0,0.0,0,,,,,-0.3645825376598921,0.2136588086310551,0.5782413462909473,0.4781415125997823,0.2834865872387139,0.5383447693187468,0.2928168745404691,0.4174172924024613,0.2880599628975987,0.4509470635819427,0.0514505042466232,0.6484874420672221,256.0,1,0.00390625,0,0,,,,,,,,,,,,0.05,0.1,0.2794492640597429,0.0687671874813499,0.3983216660258815,,,0.44140625,0.10546875,0.3203125
abf_fr_information_oracle|tt=information_oracle|g=0.002|eta=0.1|bi=0.909091|sf=0.954545|fe=500|seed=6007,abf_fr_information_oracle|tt=information_oracle|g=0.002|eta=0.1|bi=0.909091|sf=0.954545|fe=500,abf_fr_information_oracle,information_oracle,6007,0.002,0.1,0.9090909090909092,0.9545454545454544,500,8000,16.0,0.2794882144406435,0.4295012714972007,0.0690223345356365,0.2761626750245303,0.3830084035739932,4509,256,0.0,False,0.0,0.0,0,,,,,-0.3493102570388835,0.2136588086310551,0.5629690656699387,0.4590273715551179,0.2740244352364563,0.5128706814618236,0.2848853762496593,0.3981307798088107,0.2794882144406435,0.4295012714972007,0.0503788831343544,0.6233328877768481,256.0,1,0.00390625,0,0,,,,,,,,,,,,0.05,0.1,0.2761626750245303,0.0690223345356365,0.3830084035739932,,,0.44921875,0.109375,0.30078125
abf_fr_information_oracle|tt=information_oracle|g=0.002|eta=0.1|bi=0.909091|sf=0.954545|fe=500|seed=6007,abf_fr_information_oracle|tt=information_oracle|g=0.002|eta=0.1|bi=0.909091|sf=0.954545|fe=500,abf_fr_information_oracle,information_oracle,6007,0.002,0.1,0.9090909090909092,0.9545454545454544,500,8500,17.0,0.2724203715135349,0.4113042756698951,0.0906001089413326,0.2912664098774817,0.3961937932245485,4755,256,0.0,False,0.0,0.0,0,,,,,-0.3384155064139982,0.2136588086310551,0.5520743150450533,0.4416203616093351,0.2663563196497475,0.4913380431560595,0.2779318897303024,0.3819262664356883,0.2724203715135349,0.4113042756698951,0.0495220383306108,0.6048258577173841,256.0,1,0.00390625,0,0,,,,,,,,,,,,0.05,0.1,0.2912664098774817,0.0906001089413326,0.3961937932245485,,,0.453125,0.0859375,0.28125
abf_fr_information_oracle|tt=information_oracle|g=0.002|eta=0.1|bi=0.909091|sf=0.954545|fe=500|seed=6007,abf_fr_information_oracle|tt=information_oracle|g=0.002|eta=0.1|bi=0.909091|sf=0.954545|fe=500,abf_fr_information_oracle,information_oracle,6007,0.002,0.1,0.9090909090909092,0.9545454545454544,500,9000,18.0,0.2643463927039187,0.39860696775645,0.0762912988630878,0.2914371668172856,0.3873639028069436,5003,256,0.0,False,0.0,0.0,0,,,,,-0.3224475776589806,0.2136588086310551,0.5361063862900357,0.4281214517499453,0.2586138095271567,0.4765096288447643,0.2692003571574516,0.3705888536495629,0.2643463927039187,0.39860696775645,0.0484715905674094,0.5919437916777667,256.0,1,0.00390625,0,0,,,,,,,,,,,,0.05,0.1,0.2914371668172856,0.0762912988630878,0.3873639028069436,,,0.42578125,0.07421875,0.3046875
abf_fr_information_oracle|tt=information_oracle|g=0.002|eta=0.1|bi=0.909091|sf=0.954545|fe=500|seed=6007,abf_fr_information_oracle|tt=information_oracle|g=0.002|eta=0.1|bi=0.909091|sf=0.954545|fe=500,abf_fr_information_oracle,information_oracle,6007,0.002,0.1,0.9090909090909092,0.9545454545454544,500,9500,19.0,0.2625410753581461,0.3922879226855498,0.0778693504804966,0.2937163968750845,0.3823605924613272,5288,256,0.0,False,0.0,0.0,0,,,,,-0.3209712244804166,0.2136588086310551,0.5346300331114717,0.4226509314097329,0.2568163958935645,0.4694594924031635,0.2670982510665024,0.3648466341528784,0.2625410753581461,0.3922879226855498,0.0486157128619634,0.585552596332533,256.0,1,0.00390625,0,0,,,,,,,,,,,,0.05,0.1,0.2937163968750845,0.0778693504804966,0.3823605924613272,,,0.4453125,0.078125,0.32421875
abf_fr_information_oracle|tt=information_oracle|g=0.002|eta=0.1|bi=0.909091|sf=0.954545|fe=500|seed=6007,abf_fr_information_oracle|tt=information_oracle|g=0.002|eta=0.1|bi=0.909091|sf=0.954545|fe=500,abf_fr_information_oracle,information_oracle,6007,0.002,0.1,0.9090909090909092,0.9545454545454544,500,10000,20.0,0.2600350362092575,0.3857263518095922,0.0697443940466538,0.2888231776569857,0.3937403864502624,5520,256,0.002,True,0.0,0.0,0,3.122502256758253e-17,1.1336644130381308,-3.850214410587759,1.7225796230848605,-0.3167098812707927,0.2136588086310551,0.5303686899018478,0.4171338252356957,0.2542829583639776,0.4618652429543426,0.2644367802197765,0.3590501207623437,0.2600350362092575,0.3857263518095922,0.0490419525217209,0.5815281672381366,256.0,1,0.00390625,1,0,0.0,-3.112869766477264,-3.112869766477264,-1.6695065396721835,-1.6695065396721835,0.1131484613456174,0.1131484613456174,1.5873860067702714,1.5873860067702714,1.719080880972989,1.719080880972989,0.05,0.1,0.2888231776569857,0.0697443940466538,0.3937403864502624,1.1336644130381308,1.7225796230848605,0.41796875,0.07421875,0.32421875
abf_fr_information_oracle|tt=information_oracle|g=0.002|eta=0.1|bi=0.909091|sf=0.954545|fe=500|seed=6007,abf_fr_information_oracle|tt=information_oracle|g=0.002|eta=0.1|bi=0.909091|sf=0.954545|fe=500,abf_fr_information_oracle,information_oracle,6007,0.002,0.1,0.9090909090909092,0.9545454545454544,500,10500,21.0,0.2563075535561799,0.3783790538445618,0.0685647297809146,0.282342385822166,0.3945323722360285,5779,256,0.0,False,0.0,0.0,0,,,,,-0.3101120791647211,0.2136588086310551,0.5237708877957763,0.408935729817004,0.2503462837667614,0.4531333236800608,0.2607958786951884,0.3524819699889419,0.2563075535561799,0.3783790538445618,0.0486048221790528,0.5755141704786767,256.0,1,0.00390625,1,0,,,,,,,,,,,,0.05,0.1,0.282342385822166,0.0685647297809146,0.3945323722360285,,,0.41796875,0.07421875,0.31640625
abf_fr_information_oracle|tt=information_oracle|g=0.002|eta=0.1|bi=0.909091|sf=0.954545|fe=500|seed=6007,abf_fr_information_oracle|tt=information_oracle|g=0.002|eta=0.1|bi=0.909091|sf=0.954545|fe=500,abf_fr_information_oracle,information_oracle,6007,0.002,0.1,0.9090909090909092,0.9545454545454544,500,11000,22.0,0.2491537606026894,0.3647431751383505,0.0761469168842563,0.288662871605289,0.3882904234785824,6017,256,0.0,False,0.0,0.0,0,,,,,-0.29682120386747,0.2136588086310551,0.5104800124985251,0.3948732635438736,0.2429870665846219,0.436675363780599,0.2536938203828816,0.3402446534661568,0.2491537606026894,0.3647431751383505,0.0470298954440999,0.5553327051847797,256.0,1,0.00390625,1,0,,,,,,,,,,,,0.05,0.1,0.288662871605289,0.0761469168842563,0.3882904234785824,,,0.4296875,0.0859375,0.3046875
abf_fr_information_oracle|tt=information_oracle|g=0.004|eta=0.1|bi=0.909091|sf=0.954545|fe=500|seed=6000,abf_fr_information_oracle|tt=information_oracle|g=0.004|eta=0.1|bi=0.909091|sf=0.954545|fe=500,abf_fr_information_oracle,information_oracle,6000,0.004,0.1,0.9090909090909092,0.9545454545454544,500,0,0.0,2.906603863987052,6.564657815288973,0.0545244755537654,0.2435778123220142,0.4086045869500432,0,256,0.0,False,0.0,0.0,0,,,,,0.0,0.2136588086310551,0.2136588086310551,1.8839792970692677,0.7722826132658906,3.487298309594125,5.408116675855963,9.381946420303988,2.906603863987052,6.564657815288973,0.037083496902375,0.7293641473133242,256.0,1,0.00390625,0,0,,,,,,,,,,,,0.05,0.1,0.2435778123220142,0.0545244755537654,0.4086045869500432,,,0.31640625,0.171875,0.36328125
abf_fr_information_oracle|tt=information_oracle|g=0.004|eta=0.1|bi=0.909091|sf=0.954545|fe=500|seed=6000,abf_fr_information_oracle|tt=information_oracle|g=0.004|eta=0.1|bi=0.909091|sf=0.954545|fe=500,abf_fr_information_oracle,information_oracle,6000,0.004,0.1,0.9090909090909092,0.9545454545454544,500,500,1.0,0.5645001194104928,1.4405373539866726,0.117940167090585,0.3023926977495814,0.3685405469650761,576,256,0.0,False,0.0,0.0,0,,,,,-0.1391138695561515,0.2136588086310551,0.3527726781872067,1.4827805566470156,0.620571772549595,1.588691516834663,0.575421539127629,1.323192136357478,0.5645001194104928,1.4405373539866726,0.0698428888976083,1.0812364800702725,256.0,1,0.00390625,0,0,,,,,,,,,,,,0.05,0.1,0.3023926977495814,0.117940167090585,0.3685405469650761,,,0.37109375,0.1328125,0.39453125
abf_fr_information_oracle|tt=information_oracle|g=0.004|eta=0.1|bi=0.909091|sf=0.954545|fe=500|seed=6000,abf_fr_information_oracle|tt=information_oracle|g=0.004|eta=0.1|bi=0.909091|sf=0.954545|fe=500,abf_fr_information_oracle,information_oracle,6000,0.004,0.1,0.9090909090909092,0.9545454545454544,500,1000,2.0,0.4676600863893281,1.2302667448320572,0.107013116790604,0.2937991320368688,0.3668595543827309,1163,256,0.0,False,0.0,0.0,0,,,,,-0.0616087946816463,0.2136588086310551,0.2752676033127015,1.2762616445892156,0.5326869196762198,1.412742907691694,0.452868785118173,1.1279294286104045,0.4676600863893281,1.2302667448320572,0.0740905968114908,1.1133781512148515,256.0,1,0.00390625,0,0,,,,,,,,,,,,0.05,0.1,0.2937991320368688,0.107013116790604,0.3668595543827309,,,0.40234375,0.1171875,0.43359375
abf_fr_information_oracle|tt=information_oracle|g=0.004|eta=0.1|bi=0.909091|sf=0.954545|fe=500|seed=6000,abf_fr_information_oracle|tt=information_oracle|g=0.004|eta=0.1|bi=0.909091|sf=0.954545|fe=500,abf_fr_information_oracle,information_oracle,6000,0.004,0.1,0.9090909090909092,0.9545454545454544,500,1500,3.0,0.420884799041115,1.1063152028622782,0.1064411471814328,0.2938755197808582,0.3725824721842101,1462,256,0.0,False,0.0,0.0,0,,,,,-0.0661308850933224,0.2136588086310551,0.2797896937243775,1.1470829634646555,0.4812847706351856,1.297138988266831,0.3990942022648784,1.0137754420788567,0.420884799041115,1.1063152028622782,0.0745162790793607,1.1043316729338737,256.0,1,0.00390625,0,0,,,,,,,,,,,,0.05,0.1,0.2938755197808582,0.1064411471814328,0.3725824721842101,,,0.38671875,0.11328125,0.43359375
abf_fr_information_oracle|tt=information_oracle|g=0.004|eta=0.1|bi=0.909091|sf=0.954545|fe=500|seed=6000,abf_fr_information_oracle|tt=information_oracle|g=0.004|eta=0.1|bi=0.909091|sf=0.954545|fe=500,abf_fr_information_oracle,information_oracle,6000,0.004,0.1,0.9090909090909092,0.9545454545454544,500,2000,4.0,0.3627276539590311,0.9754545127131696,0.1037339687902544,0.2967815552485923,0.3482757580322871,1758,256,0.0,False,0.0,0.0,0,,,,,0.0219146456175991,0.2136588086310551,0.1917441630134559,1.0094526611119905,0.4192486012403657,1.153801611363474,0.3383299288225672,0.893887742301927,0.3627276539590311,0.9754545127131696,0.0726602017962793,1.063650704336604,256.0,1,0.00390625,0,0,,,,,,,,,,,,0.05,0.1,0.2967815552485923,0.1037339687902544,0.3482757580322871,,,0.39453125,0.109375,0.4140625
abf_fr_information_oracle|tt=information_oracle|g=0.004|eta=0.1|bi=0.909091|sf=0.954545|fe=500|seed=6000,abf_fr_information_oracle|tt=information_oracle|g=0.004|eta=0.1|bi=0.909091|sf=0.954545|fe=500,abf_fr_information_oracle,information_oracle,6000,0.004,0.1,0.9090909090909092,0.9545454545454544,500,2500,5.0,0.3408980189073302,0.9117296517115931,0.0990506402947486,0.3047358346354893,0.3813260122441516,2044,256,0.0,False,0.0,0.0,0,,,,,0.0093061287799116,0.2136588086310551,0.2043526798511434,0.9420865902428118,0.3922749306144116,1.084306309580939,0.3169095653479397,0.8349348744135203,0.3408980189073302,0.9117296517115931,0.0716495162251242,1.043336244476845,256.0,1,0.00390625,0,0,,,,,,,,,,,,0.05,0.1,0.3047358346354893,0.0990506402947486,0.3813260122441516,,,0.40625,0.0703125,0.4453125
abf_fr_information_oracle|tt=information_oracle|g=0.004|eta=0.1|bi=0.909091|sf=0.954545|fe=500|seed=6000,abf_fr_information_oracle|tt=information_oracle|g=0.004|eta=0.1|bi=0.909091|sf=0.954545|fe=500,abf_fr_information_oracle,information_oracle,6000,0.004,0.1,0.9090909090909092,0.9545454545454544,500,3000,6.0,0.3185137840236808,0.8392934112712361,0.0929216466559927,0.2968654754519306,0.4009351286047766,2278,256,0.0,False,0.0,0.0,0,,,,,-0.0157214992855152,0.2136588086310551,0.2293803079165703,0.8688284143243021,0.3639715793519172,1.0009739658352423,0.2972171952878147,0.7688027892723656,0.3185137840236808,0.8392934112712361,0.0686266146386023,0.9928787743282248,256.0,1,0.00390625,0,0,,,,,,,,,,,,0.05,0.1,0.2968654754519306,0.0929216466559927,0.4009351286047766,,,0.40625,0.08203125,0.4453125
abf_fr_information_oracle|tt=information_oracle|g=0.004|eta=0.1|bi=0.909091|sf=0.954545|fe=500|seed=6000,abf_fr_information_oracle|tt=information_oracle|g=0.004|eta=0.1|bi=0.909091|sf=0.954545|fe=500,abf_fr_information_oracle,information_oracle,6000,0.004,0.1,0.9090909090909092,0.9545454545454544,500,3500,7.0,0.3059922313195608,0.8018051832005079,0.0910110111551891,0.3069555147790613,0.3860839451146418,2492,256,0.0,False,0.0,0.0,0,,,,,-0.0294034063382326,0.2136588086310551,0.2430622149692878,0.8257241493275335,0.3475697196515944,0.9585181179500284,0.2862503485279282,0.7345792098534883,0.3059922313195608,0.8018051832005079,0.0668205260183832,0.9717196860657112,256.0,1,0.00390625,0,0,,,,,,,,,,,,0.05,0.1,0.3069555147790613,0.0910110111551891,0.3860839451146418,,,0.3984375,0.0703125,0.4453125
abf_fr_information_oracle|tt=information_oracle|g=0.004|eta=0.1|bi=0.909091|sf=0.954545|fe=500|seed=6000,abf_fr_information_oracle|tt=information_oracle|g=0.004|eta=0.1|bi=0.909091|sf=0.954545|fe=500,abf_fr_information_oracle,information_oracle,6000,0.004,0.1,0.9090909090909092,0.9545454545454544,500,4000,8.0,0.2919517495579963,0.7673262609961168,0.0847990261122469,0.3033944945707667,0.3796457583145797,2709,256,0.0,False,0.0,0.0,0,,,,,-0.0149019770080762,0.2136588086310551,0.2285607856391314,0.7871998492783918,0.3315239657768186,0.9190301358241392,0.2725504835595485,0.7032833239894104,0.2919517495579963,0.7673262609961168,0.0667316438872684,0.9603483814718956,256.0,1,0.00390625,0,0,,,,,,,,,,,,0.05,0.1,0.3033944945707667,0.0847990261122469,0.3796457583145797,,,0.41015625,0.0625,0.4375
abf_fr_information_oracle|tt=information_oracle|g=0.004|eta=0.1|bi=0.909091|sf=0.954545|fe=500|seed=6000,abf_fr_information_oracle|tt=information_oracle|g=0.004|eta=0.1|bi=0.909091|sf=0.954545|fe=500,abf_fr_information_oracle,information_oracle,6000,0.004,0.1,0.9090909090909092,0.9545454545454544,500,4500,9.0,0.2748921120503096,0.726057326982456,0.0977416386781765,0.3064878546885118,0.3737892472285571,2910,256,0.0,False,0.0,0.0,0,,,,,0.0006348091442731,0.2136588086310551,0.2130239994867819,0.7426394038259283,0.3123941894911767,0.8701389786043938,0.256360602090745,0.6656896173130282,0.2748921120503096,0.726057326982456,0.0665001314814396,0.9450429436541068,256.0,1,0.00390625,0,0,,,,,,,,,,,,0.05,0.1,0.3064878546885118,0.0977416386781765,0.3737892472285571,,,0.3984375,0.0625,0.4140625
abf_fr_information_oracle|tt=information_oracle|g=0.004|eta=0.1|bi=0.909091|sf=0.954545|fe=500|seed=6000,abf_fr_information_oracle|tt=information_oracle|g=0.004|eta=0.1|bi=0.909091|sf=0.954545|fe=500,abf_fr_information_oracle,information_oracle,6000,0.004,0.1,0.9090909090909092,0.9545454545454544,500,5000,10.0,0.2645188705418614,0.6894964408766272,0.079430925255164,0.2902947414693604,0.3991241121120522,3066,256,0.0,False,0.0,0.0,0,,,,,-0.0114073140987578,0.2136588086310551,0.2250661227298129,0.7066909793548057,0.2988913746656636,0.8265985709508551,0.2475415340298017,0.6324065781875191,0.2645188705418614,0.6894964408766272,0.0638426628563385,0.9078426339823747,256.0,1,0.00390625,0,0,,,,,,,,,,,,0.05,0.1,0.2902947414693604,0.079430925255164,0.3991241121120522,,,0.41015625,0.06640625,0.38671875
abf_fr_information_oracle|tt=information_oracle|g=0.004|eta=0.1|bi=0.909091|sf=0.954545|fe=500|seed=6000,abf_fr_information_oracle|tt=information_oracle|g=0.004|eta=0.1|bi=0.909091|sf=0.954545|fe=500,abf_fr_information_oracle,information_oracle,6000,0.004,0.1,0.9090909090909092,0.9545454545454544,500,5500,11.0,0.2562274660569992,0.6584935942243444,0.0752286851117501,0.2974117766867539,0.3832773278594706,3232,256,0.0,False,0.0,0.0,0,,,,,-0.0225777498537453,0.2136588086310551,0.2362365584848005,0.6763358709290578,0.287874328946117,0.7899287630742979,0.2405132491665728,0.6043055473438514,0.2562274660569992,0.6584935942243444,0.0627788300214982,0.8838111796277704,256.0,1,0.00390625,0,0,,,,,,,,,,,,0.05,0.1,0.2974117766867539,0.0752286851117501,0.3832773278594706,,,0.40625,0.0625,0.3828125
abf_fr_information_oracle|tt=information_oracle|g=0.004|eta=0.1|bi=0.909091|sf=0.954545|fe=500|seed=6000,abf_fr_information_oracle|tt=information_oracle|g=0.004|eta=0.1|bi=0.909091|sf=0.954545|fe=500,abf_fr_information_oracle,information_oracle,6000,0.004,0.1,0.9090909090909092,0.9545454545454544,500,6000,12.0,0.2463652010694138,0.6277363428384499,0.085956767860219,0.2919126554914794,0.3863506128166182,3398,256,0.0,False,0.0,0.0,0,,,,,-0.0278623293984949,0.2136588086310551,0.2415211380295501,0.6445377181704481,0.2758085451101023,0.7534536976489817,0.2320519480035773,0.5764728114477753,0.2463652010694138,0.6277363428384499,0.0605236744507752,0.8522882603747627,256.0,1,0.00390625,0,0,,,,,,,,,,,,0.05,0.1,0.2919126554914794,0.085956767860219,0.3863506128166182,,,0.37890625,0.05078125,0.40625
abf_fr_information_oracle|tt=information_oracle|g=0.004|eta=0.1|bi=0.909091|sf=0.954545|fe=500|seed=6000,abf_fr_information_oracle|tt=information_oracle|g=0.004|eta=0.1|bi=0.909091|sf=0.954545|fe=500,abf_fr_information_oracle,information_oracle,6000,0.004,0.1,0.9090909090909092,0.9545454545454544,500,6500,13.0,0.2317839728898556,0.5934862138905033,0.0889603374069205,0.3101791207569455,0.3753984677598599,3568,256,0.0,False,0.0,0.0,0,,,,,-0.0143804393211652,0.2136588086310551,0.2280392479522204,0.6062997726054494,0.2598255804994585,0.7125229290986823,0.2182191919979954,0.5454820186904136,0.2317839728898556,0.5934862138905033,0.0586348036339295,0.8213179369051552,256.0,1,0.00390625,0,0,,,,,,,,,,,,0.05,0.1,0.3101791207569455,0.0889603374069205,0.3753984677598599,,,0.41015625,0.046875,0.41015625
abf_fr_information_oracle|tt=information_oracle|g=0.004|eta=0.1|bi=0.909091|sf=0.954545|fe=500|seed=6000,abf_fr_information_oracle|tt=information_oracle|g=0.004|eta=0.1|bi=0.909091|sf=0.954545|fe=500,abf_fr_information_oracle,information_oracle,6000,0.004,0.1,0.9090909090909092,0.9545454545454544,500,7000,14.0,0.2262818100152692,0.5717361737899648,0.0931301896183996,0.3084798909684577,0.3888927425179234,3706,256,0.0,False,0.0,0.0,0,,,,,-0.0234920478749032,0.2136588086310551,0.2371508565059583,0.5849704084463546,0.2523360527649194,0.6867160592369332,0.2138721457266678,0.5257737329512047,0.2262818100152692,0.5717361737899648,0.0575871353308742,0.801922338558059,256.0,1,0.00390625,0,0,,,,,,,,,,,,0.05,0.1,0.3084798909684577,0.0931301896183996,0.3888927425179234,,,0.390625,0.04296875,0.4140625
abf_fr_information_oracle|tt=information_oracle|g=0.004|eta=0.1|bi=0.909091|sf=0.954545|fe=500|seed=6000,abf_fr_information_oracle|tt=information_oracle|g=0.004|eta=0.1|bi=0.909091|sf=0.954545|fe=500,abf_fr_information_oracle,information_oracle,6000,0.004,0.1,0.9090909090909092,0.9545454545454544,500,7500,15.0,0.2215598131533123,0.5491908234958498,0.0893067078322678,0.2988301769937471,0.3930684529538519,3810,256,0.0,False,0.0,0.0,0,,,,,-0.0382780251025742,0.2136588086310551,0.2519368337336294,0.5623733677286027,0.2452706763701258,0.6596839773079957,0.2104412508011651,0.505503590996487,0.2215598131533123,0.5491908234958498,0.055916542812796,0.774814759798081,256.0,1,0.00390625,0,0,,,,,,,,,,,,0.05,0.1,0.2988301769937471,0.0893067078322678,0.3930684529538519,,,0.359375,0.06640625,0.40625
abf_fr_information_oracle|tt=information_oracle|g=0.004|eta=0.1|bi=0.909091|sf=0.954545|fe=500|seed=6000,abf_fr_information_oracle|tt=information_oracle|g=0.004|eta=0.1|bi=0.909091|sf=0.954545|fe=500,abf_fr_information_oracle,information_oracle,6000,0.004,0.1,0.9090909090909092,0.9545454545454544,500,8000,16.0,0.2145436947931378,0.5297434057531556,0.0762226404200598,0.2921781331753657,0.4031121601305866,3972,256,0.0,False,0.0,0.0,0,,,,,-0.0329006993657969,0.2136588086310551,0.2465595079968521,0.5428563066893803,0.2371980171462138,0.6364589777173442,0.2038646554787186,0.487929939010061,0.2145436947931378,0.5297434057531556,0.055130875128541,0.7571033530481699,256.0,1,0.00390625,0,0,,,,,,,,,,,,0.05,0.1,0.2921781331753657,0.0762226404200598,0.4031121601305866,,,0.359375,0.05859375,0.359375
abf_fr_information_oracle|tt=information_oracle|g=0.004|eta=0.1|bi=0.909091|sf=0.954545|fe=500|seed=6000,abf_fr_information_oracle|tt=information_oracle|g=0.004|eta=0.1|bi=0.909091|sf=0.954545|fe=500,abf_fr_information_oracle,information_oracle,6000,0.004,0.1,0.9090909090909092,0.9545454545454544,500,8500,17.0,0.2113047403833012,0.5172401666841772,0.0916441464127227,0.3094030851423445,0.387278034838681,4090,256,0.0,False,0.0,0.0,0,,,,,-0.0369728932154238,0.2136588086310551,0.250631701846479,0.5301056973815725,0.2328308651187353,0.6216496255343177,0.2010801846889097,0.4764764934813756,0.2113047403833012,0.5172401666841772,0.0545855050023002,0.7471535504092467,256.0,1,0.00390625,0,0,,,,,,,,,,,,0.05,0.1,0.3094030851423445,0.0916441464127227,0.387278034838681,,,0.3671875,0.05078125,0.40625
abf_fr_information_oracle|tt=information_oracle|g=0.004|eta=0.1|bi=0.909091|sf=0.954545|fe=500|seed=6000,abf_fr_information_oracle|tt=information_oracle|g=0.004|eta=0.1|bi=0.909091|sf=0.954545|fe=500,abf_fr_information_oracle,information_oracle,6000,0.004,0.1,0.9090909090909092,0.9545454545454544,500,9000,18.0,0.2073759992844129,0.5022791091137233,0.0813094820269692,0.2966690430408068,0.378546891580453,4311,256,0.0,False,0.0,0.0,0,,,,,-0.0397192700143556,0.2136588086310551,0.2533780786454107,0.516474457320018,0.2278579120405193,0.6037257711045132,0.1975674967872627,0.4630388121515946,0.2073759992844129,0.5022791091137233,0.0537539132499224,0.7302359256788942,256.0,1,0.00390625,0,0,,,,,,,,,,,,0.05,0.1,0.2966690430408068,0.0813094820269692,0.378546891580453,,,0.37109375,0.08203125,0.39453125
abf_fr_information_oracle|tt=information_oracle|g=0.004|eta=0.1|bi=0.909091|sf=0.954545|fe=500|seed=6000,abf_fr_information_oracle|tt=information_oracle|g=0.004|eta=0.1|bi=0.909091|sf=0.954545|fe=500,abf_fr_information_oracle,information_oracle,6000,0.004,0.1,0.9090909090909092,0.9545454545454544,500,9500,19.0,0.2051173728080113,0.488347664399461,0.0767361453935363,0.2960871526690701,0.3821986910846144,4411,256,0.0,False,0.0,0.0,0,,,,,-0.0488619277080708,0.2136588086310551,0.262520736339126,0.5028546208458878,0.2240928559082045,0.5869921262729608,0.1960703230383756,0.4504892775746891,0.2051173728080113,0.488347664399461,0.052771684732925,0.7125628982090685,256.0,1,0.00390625,0,0,,,,,,,,,,,,0.05,0.1,0.2960871526690701,0.0767361453935363,0.3821986910846144,,,0.33203125,0.0703125,0.40625
abf_fr_information_oracle|tt=information_oracle|g=0.004|eta=0.1|bi=0.909091|sf=0.954545|fe=500|seed=6000,abf_fr_information_oracle|tt=information_oracle|g=0.004|eta=0.1|bi=0.909091|sf=0.954545|fe=500,abf_fr_information_oracle,information_oracle,6000,0.004,0.1,0.9090909090909092,0.9545454545454544,500,10000,20.0,0.2017847594849743,0.4769737464049257,0.0698217941430922,0.2893556235038712,0.3905877640487901,4551,252,0.004,True,0.015625,0.015625,4,4.8572257327350605e-17,1.0430048087704344,-3.2664252824092586,1.3717321068113226,-0.0487229025954256,0.2136588086310551,0.2623817112264808,0.491494587648724,0.2199079346808142,0.573390403306711,0.1930995994971224,0.4402255970839244,0.2017847594849743,0.4769737464049257,0.0523498562227582,0.7031394540525471,248.24242424242425,2,0.0078125,1,4,0.0,-3.193673851625483,-3.193673851625483,-1.1576067728225063,-1.1576067728225063,0.1321154455812266,0.1321154455812266,1.2001270604341372,1.2001270604341372,1.3695484686372366,1.3695484686372366,0.05,0.1,0.2893556235038712,0.0698217941430922,0.3905877640487901,1.0430048087704344,1.3717321068113226,0.36328125,0.07421875,0.41015625
abf_fr_information_oracle|tt=information_oracle|g=0.004|eta=0.1|bi=0.909091|sf=0.954545|fe=500|seed=6000,abf_fr_information_oracle|tt=information_oracle|g=0.004|eta=0.1|bi=0.909091|sf=0.954545|fe=500,abf_fr_information_oracle,information_oracle,6000,0.004,0.1,0.9090909090909092,0.9545454545454544,500,10500,21.0,0.1917223643276369,0.4587384593663607,0.0803105089302037,0.2989627405555302,0.3937072143280731,4703,252,0.0,False,0.0,0.0,0,,,,,-0.028420262136823,0.2136588086310551,0.2420790707678781,0.4739677916901398,0.2100165797683955,0.5514692518743272,0.1826710777576997,0.4237920551931181,0.1917223643276369,0.4587384593663607,0.0502264211249258,0.6755007955644144,248.24242424242425,2,0.0078125,1,4,,,,,,,,,,,,0.05,0.1,0.2989627405555302,0.0803105089302037,0.3937072143280731,,,0.3828125,0.05078125,0.38671875
abf_fr_information_oracle|tt=information_oracle|g=0.004|eta=0.1|bi=0.909091|sf=0.954545|fe=500|seed=6000,abf_fr_information_oracle|tt=information_oracle|g=0.004|eta=0.1|bi=0.909091|sf=0.954545|fe=500,abf_fr_information_oracle,information_oracle,6000,0.004,0.1,0.9090909090909092,0.9545454545454544,500,11000,22.0,0.1898016512240854,0.4459458482475996,0.0736781027996323,0.296526900865791,0.3865867498161965,4869,252,0.0,False,0.0,0.0,0,,,,,-0.0380410389578251,0.2136588086310551,0.2516998475888803,0.4624853339120353,0.2067870021466158,0.5361313995257845,0.1811880668951309,0.412318968530967,0.1898016512240854,0.4459458482475996,0.0488442376219653,0.6575439882449844,248.24242424242425,2,0.0078125,1,4,,,,,,,,,,,,0.05,0.1,0.296526900865791,0.0736781027996323,0.3865867498161965,,,0.375,0.07421875,0.39453125
abf_fr_information_oracle|tt=information_oracle|g=0.004|eta=0.1|bi=0.909091|sf=0.954545|fe=500|seed=6001,abf_fr_information_oracle|tt=information_oracle|g=0.004|eta=0.1|bi=0.909091|sf=0.954545|fe=500,abf_fr_information_oracle,information_oracle,6001,0.004,0.1,0.9090909090909092,0.9545454545454544,500,0,0.0,2.906603863987052,6.564657815288973,0.0544836474051137,0.2356733779931783,0.4186343862949782,0,256,0.0,False,0.0,0.0,0,,,,,0.0,0.2136588086310551,0.2136588086310551,1.8839792970692677,0.7722826132658906,3.487298309594125,5.408116675855963,9.381946420303988,2.906603863987052,6.564657815288973,0.037083496902375,0.7293641473133242,256.0,1,0.00390625,0,0,,,,,,,,,,,,0.05,0.1,0.2356733779931783,0.0544836474051137,0.4186343862949782,,,0.3203125,0.1640625,0.39453125
abf_fr_information_oracle|tt=information_oracle|g=0.004|eta=0.1|bi=0.909091|sf=0.954545|fe=500|seed=6001,abf_fr_information_oracle|tt=information_oracle|g=0.004|eta=0.1|bi=0.909091|sf=0.954545|fe=500,abf_fr_information_oracle,information_oracle,6001,0.004,0.1,0.9090909090909092,0.9545454545454544,500,500,1.0,0.4754598180722993,1.1289259306522952,0.1015903876959006,0.2880418264362072,0.3800868477964652,595,256,0.0,False,0.0,0.0,0,,,,,-0.3533930192736001,0.2136588086310551,0.5670518279046552,1.0815510936096155,0.4831228972005956,1.1201270056388022,0.5267971442525659,1.0425909265714288,0.4754598180722993,1.1289259306522952,0.051387583745298,0.818945520261443,256.0,1,0.00390625,0,0,,,,,,,,,,,,0.05,0.1,0.2880418264362072,0.1015903876959006,0.3800868477964652,,,0.3359375,0.15625,0.41796875
abf_fr_information_oracle|tt=information_oracle|g=0.004|eta=0.1|bi=0.909091|sf=0.954545|fe=500|seed=6001,abf_fr_information_oracle|tt=information_oracle|g=0.004|eta=0.1|bi=0.909091|sf=0.954545|fe=500,abf_fr_information_oracle,information_oracle,6001,0.004,0.1,0.9090909090909092,0.9545454545454544,500,1000,2.0,0.4294472974728013,0.9756994755558702,0.1001224760863694,0.2779342934296684,0.3739147543396833,1088,256,0.0,False,0.0,0.0,0,,,,,-0.4046921251908024,0.2136588086310551,0.6183509338218576,0.9510544892506082,0.4439674310964022,1.046486360108167,0.4520172466847744,0.9004662228137966,0.4294472974728013,0.9756994755558702,0.0614988952104074,0.9133338724560672,256.0,1,0.00390625,0,0,,,,,,,,,,,,0.05,0.1,0.2779342934296684,0.1001224760863694,0.3739147543396833,,,0.3828125,0.15234375,0.4296875
abf_fr_information_oracle|tt=information_oracle|g=0.004|eta=0.1|bi=0.909091|sf=0.954545|fe=500|seed=6001,abf_fr_information_oracle|tt=information_oracle|g=0.004|eta=0.1|bi=0.909091|sf=0.954545|fe=500,abf_fr_information_oracle,information_oracle,6001,0.004,0.1,0.9090909090909092,0.9545454545454544,500,1500,3.0,0.4048294535505981,0.8684499908629763,0.0973202140481137,0.2702732016654207,0.3678630422915492,1598,256,0.0,False,0.0,0.0,0,,,,,-0.432939950181094,0.2136588086310551,0.6465987588121491,0.85885048318165,0.4174545469902886,0.9700244771770172,0.4169259235986416,0.8020228935276036,0.4048294535505981,0.8684499908629763,0.064030060297531,0.9262454663029498,256.0,1,0.00390625,0,0,,,,,,,,,,,,0.05,0.1,0.2702732016654207,0.0973202140481137,0.3678630422915492,,,0.3828125,0.15234375,0.42578125
abf_fr_information_oracle|tt=information_oracle|g=0.004|eta=0.1|bi=0.909091|sf=0.954545|fe=500|seed=6001,abf_fr_information_oracle|tt=information_oracle|g=0.004|eta=0.1|bi=0.909091|sf=0.954545|fe=500,abf_fr_information_oracle,information_oracle,6001,0.004,0.1,0.9090909090909092,0.9545454545454544,500,2000,4.0,0.3773715561720522,0.8030973726979963,0.0746797212830335,0.2746739126320148,0.3790807897917502,2092,256,0.0,False,0.0,0.0,0,,,,,-0.4000146559356636,0.2136588086310551,0.6136734645667188,0.7890722003340351,0.3884617845577609,0.9151526784534014,0.3857094873569694,0.7413849813402329,0.3773715561720522,0.8030973726979963,0.064480560778248,0.9239444894489652,256.0,1,0.00390625,0,0,,,,,,,,,,,,0.05,0.1,0.2746739126320148,0.0746797212830335,0.3790807897917502,,,0.39453125,0.140625,0.42578125
abf_fr_information_oracle|tt=information_oracle|g=0.004|eta=0.1|bi=0.909091|sf=0.954545|fe=500|seed=6001,abf_fr_information_oracle|tt=information_oracle|g=0.004|eta=0.1|bi=0.909091|sf=0.954545|fe=500,abf_fr_information_oracle,information_oracle,6001,0.004,0.1,0.9090909090909092,0.9545454545454544,500,2500,5.0,0.367525730550498,0.7540565974713007,0.0748570299498828,0.2671754711661269,0.3842688054134844,2504,256,0.0,False,0.0,0.0,0,,,,,-0.4117424424075757,0.2136588086310551,0.6254012510386309,0.74375401866186,0.376939578273507,0.8725840521335013,0.3712708467818483,0.6950117855446878,0.367525730550498,0.7540565974713007,0.063737191295031,0.9012515500491968,256.0,1,0.00390625,0,0,,,,,,,,,,,,0.05,0.1,0.2671754711661269,0.0748570299498828,0.3842688054134844,,,0.41015625,0.1328125,0.41015625
abf_fr_information_oracle|tt=information_oracle|g=0.004|eta=0.1|bi=0.909091|sf=0.954545|fe=500|seed=6001,abf_fr_information_oracle|tt=information_oracle|g=0.004|eta=0.1|bi=0.909091|sf=0.954545|fe=500,abf_fr_information_oracle,information_oracle,6001,0.004,0.1,0.9090909090909092,0.9545454545454544,500,3000,6.0,0.3520267331241491,0.7133316001308424,0.0804862858656646,0.2745362991687114,0.3632451313604102,2903,256,0.0,False,0.0,0.0,0,,,,,-0.4005712573105384,0.2136588086310551,0.6142300659415936,0.7019225831879475,0.361436302795811,0.8319295585378526,0.3525815979030777,0.6569561978540515,0.3520267331241491,0.7133316001308424,0.0621738867599088,0.8722825902959764,256.0,1,0.00390625,0,0,,,,,,,,,,,,0.05,0.1,0.2745362991687114,0.0804862858656646,0.3632451313604102,,,0.41015625,0.12109375,0.42578125
abf_fr_information_oracle|tt=information_oracle|g=0.004|eta=0.1|bi=0.909091|sf=0.954545|fe=500|seed=6001,abf_fr_information_oracle|tt=information_oracle|g=0.004|eta=0.1|bi=0.909091|sf=0.954545|fe=500,abf_fr_information_oracle,information_oracle,6001,0.004,0.1,0.9090909090909092,0.9545454545454544,500,3500,7.0,0.3327447891638817,0.6650608876230051,0.0657643717844429,0.2752277487357314,0.383331161870452,3225,256,0.0,False,0.0,0.0,0,,,,,-0.3743745771565869,0.2136588086310551,0.5880333857876421,0.6563721881969761,0.341541436721557,0.7799809319174287,0.3299006772161495,0.6127013591366994,0.3327447891638817,0.6650608876230051,0.0593167071317066,0.8332779247660566,256.0,1,0.00390625,0,0,,,,,,,,,,,,0.05,0.1,0.2752277487357314,0.0657643717844429,0.383331161870452,,,0.43359375,0.1171875,0.37890625
abf_fr_information_oracle|tt=information_oracle|g=0.004|eta=0.1|bi=0.909091|sf=0.954545|fe=500|seed=6001,abf_fr_information_oracle|tt=information_oracle|g=0.004|eta=0.1|bi=0.909091|sf=0.954545|fe=500,abf_fr_information_oracle,information_oracle,6001,0.004,0.1,0.9090909090909092,0.9545454545454544,500,4000,8.0,0.3171418392200077,0.6286013443459455,0.0686345024248651,0.2756529922167894,0.368551054492968,3483,256,0.0,False,0.0,0.0,0,,,,,-0.3491513930483201,0.2136588086310551,0.5628102016793752,0.6230847835552507,0.3252067073371632,0.7404016005936456,0.3143826587357313,0.5795782376173699,0.3171418392200077,0.6286013443459455,0.057880598736022,0.8089084041521264,256.0,1,0.00390625,0,0,,,,,,,,,,,,0.05,0.1,0.2756529922167894,0.0686345024248651,0.368551054492968,,,0.4296875,0.11328125,0.3828125
abf_fr_information_oracle|tt=information_oracle|g=0.004|eta=0.1|bi=0.909091|sf=0.954545|fe=500|seed=6001,abf_fr_information_oracle|tt=information_oracle|g=0.004|eta=0.1|bi=0.909091|sf=0.954545|fe=500,abf_fr_information_oracle,information_oracle,6001,0.004,0.1,0.9090909090909092,0.9545454545454544,500,4500,9.0,0.2870936190241352,0.5771048830055694,0.0764017286339544,0.2750144839741681,0.3786489488872397,3835,256,0.0,False,0.0,0.0,0,,,,,-0.2895614191855031,0.2136588086310551,0.5032202278165583,0.5712910412232288,0.2951259598359593,0.6806251010345274,0.2844150727839833,0.5329167368626279,0.2870936190241352,0.5771048830055694,0.0550728786735985,0.7654270867884396,256.0,1,0.00390625,0,0,,,,,,,,,,,,0.05,0.1,0.2750144839741681,0.0764017286339544,0.3786489488872397,,,0.42578125,0.1015625,0.3671875
abf_fr_information_oracle|tt=information_oracle|g=0.004|eta=0.1|bi=0.909091|sf=0.954545|fe=500|seed=6001,abf_fr_information_oracle|tt=information_oracle|g=0.004|eta=0.1|bi=0.909091|sf=0.954545|fe=500,abf_fr_information_oracle,information_oracle,6001,0.004,0.1,0.9090909090909092,0.9545454545454544,500,5000,10.0,0.2731238247170286,0.5543924317863554,0.0735963130426302,0.2789657666187912,0.3770794570537747,4016,256,0.0,False,0.0,0.0,0,,,,,-0.2623028992072704,0.2136588086310551,0.4759617078383256,0.5484724986022878,0.2816996648002591,0.6558944860632657,0.2697072251678744,0.5118905772257597,0.2731238247170286,0.5543924317863554,0.0546269728827904,0.7556028983072689,256.0,1,0.00390625,0,0,,,,,,,,,,,,0.05,0.1,0.2789657666187912,0.0735963130426302,0.3770794570537747,,,0.40234375,0.09765625,0.3671875
abf_fr_information_oracle|tt=information_oracle|g=0.004|eta=0.1|bi=0.909091|sf=0.954545|fe=500|seed=6001,abf_fr_information_oracle|tt=information_oracle|g=0.004|eta=0.1|bi=0.909091|sf=0.954545|fe=500,abf_fr_information_oracle,information_oracle,6001,0.004,0.1,0.9090909090909092,0.9545454545454544,500,5500,11.0,0.2654081318969846,0.5288815160024711,0.0602888516970619,0.2804998305601797,0.3788089055593755,4318,256,0.0,False,0.0,0.0,0,,,,,-0.2560819819975251,0.2136588086310551,0.4697407906285802,0.5250362017013054,0.2726990851669217,0.6272116390469419,0.2618101608863479,0.4885617809240284,0.2654081318969846,0.5288815160024711,0.054028133809121,0.7370183185831435,256.0,1,0.00390625,0,0,,,,,,,,,,,,0.05,0.1,0.2804998305601797,0.0602888516970619,0.3788089055593755,,,0.40625,0.08984375,0.37109375
abf_fr_information_oracle|tt=information_oracle|g=0.004|eta=0.1|bi=0.909091|sf=0.954545|fe=500|seed=6001,abf_fr_information_oracle|tt=information_oracle|g=0.004|eta=0.1|bi=0.909091|sf=0.954545|fe=500,abf_fr_information_oracle,information_oracle,6001,0.004,0.1,0.9090909090909092,0.9545454545454544,500,6000,12.0,0.2527202779111281,0.506010330304307,0.0596371847189025,0.2749144713658696,0.3901949204698041,4564,256,0.0,False,0.0,0.0,0,,,,,-0.2319461516927603,0.2136588086310551,0.4456049603238154,0.5033008127077658,0.2603193560429981,0.6015462348371191,0.2486655091257336,0.4676772426058321,0.2527202779111281,0.506010330304307,0.0525510076236696,0.7134535665873865,256.0,1,0.00390625,0,0,,,,,,,,,,,,0.05,0.1,0.2749144713658696,0.0596371847189025,0.3901949204698041,,,0.38671875,0.10546875,0.359375
abf_fr_information_oracle|tt=information_oracle|g=0.004|eta=0.1|bi=0.909091|sf=0.954545|fe=500|seed=6001,abf_fr_information_oracle|tt=information_oracle|g=0.004|eta=0.1|bi=0.909091|sf=0.954545|fe=500,abf_fr_information_oracle,information_oracle,6001,0.004,0.1,0.9090909090909092,0.9545454545454544,500,6500,13.0,0.2445082128390011,0.4864158597594567,0.0502664046195672,0.2619174747392172,0.387938801904248,4918,256,0.0,False,0.0,0.0,0,,,,,-0.220035526834291,0.2136588086310551,0.4336943354653462,0.4855361962136819,0.2518126208163304,0.5789935064997416,0.2409069813426879,0.449780041897395,0.2445082128390011,0.4864158597594567,0.0518632072334264,0.6983297149934579,256.0,1,0.00390625,0,0,,,,,,,,,,,,0.05,0.1,0.2619174747392172,0.0502664046195672,0.387938801904248,,,0.3828125,0.1171875,0.37109375
abf_fr_information_oracle|tt=information_oracle|g=0.004|eta=0.1|bi=0.909091|sf=0.954545|fe=500|seed=6001,abf_fr_information_oracle|tt=information_oracle|g=0.004|eta=0.1|bi=0.909091|sf=0.954545|fe=500,abf_fr_information_oracle,information_oracle,6001,0.004,0.1,0.9090909090909092,0.9545454545454544,500,7000,14.0,0.2343182419425229,0.4682326918877047,0.0657635560239215,0.2792826216081386,0.3693232236407103,5173,256,0.0,False,0.0,0.0,0,,,,,-0.2000383217424826,0.2136588086310551,0.4136971303735377,0.4673382633626645,0.241613079998806,0.5578860339666669,0.2305371641068405,0.4332030659311547,0.2343182419425229,0.4682326918877047,0.049904517436063,0.6750324509177548,256.0,1,0.00390625,0,0,,,,,,,,,,,,0.05,0.1,0.2792826216081386,0.0657635560239215,0.3693232236407103,,,0.43359375,0.09375,0.37109375
abf_fr_information_oracle|tt=information_oracle|g=0.004|eta=0.1|bi=0.909091|sf=0.954545|fe=500|seed=6001,abf_fr_information_oracle|tt=information_oracle|g=0.004|eta=0.1|bi=0.909091|sf=0.954545|fe=500,abf_fr_information_oracle,information_oracle,6001,0.004,0.1,0.9090909090909092,0.9545454545454544,500,7500,15.0,0.2292277911133379,0.4573643347074984,0.0621064882623402,0.2782581295696832,0.3851202113227635,5397,256,0.0,False,0.0,0.0,0,,,,,-0.1928627680494266,0.2136588086310551,0.4065215766804817,0.4565188250614824,0.2365094358450664,0.5454887256917984,0.2255025061412829,0.4233128856024732,0.2292277911133379,0.4573643347074984,0.0491042659339905,0.6663153168135194,256.0,1,0.00390625,0,0,,,,,,,,,,,,0.05,0.1,0.2782581295696832,0.0621064882623402,0.3851202113227635,,,0.42578125,0.10546875,0.35546875
abf_fr_information_oracle|tt=information_oracle|g=0.004|eta=0.1|bi=0.909091|sf=0.954545|fe=500|seed=6001,abf_fr_information_oracle|tt=information_oracle|g=0.004|eta=0.1|bi=0.909091|sf=0.954545|fe=500,abf_fr_information_oracle,information_oracle,6001,0.004,0.1,0.9090909090909092,0.9545454545454544,500,8000,16.0,0.2194217935544118,0.4396139897599579,0.0737104930415068,0.2863412181394226,0.3902417413302954,5654,256,0.0,False,0.0,0.0,0,,,,,-0.1747997976550799,0.2136588086310551,0.388458606286135,0.4388113177081501,0.2268565558106351,0.524748185605501,0.2154886647319577,0.4072839123776228,0.2194217935544118,0.4396139897599579,0.0485809154311035,0.6530384252681021,256.0,1,0.00390625,0,0,,,,,,,,,,,,0.05,0.1,0.2863412181394226,0.0737104930415068,0.3902417413302954,,,0.43359375,0.1015625,0.33203125
abf_fr_information_oracle|tt=information_oracle|g=0.004|eta=0.1|bi=0.909091|sf=0.954545|fe=500|seed=6001,abf_fr_information_oracle|tt=information_oracle|g=0.004|eta=0.1|bi=0.909091|sf=0.954545|fe=500,abf_fr_information_oracle,information_oracle,6001,0.004,0.1,0.9090909090909092,0.9545454545454544,500,8500,17.0,0.2130391179662324,0.4278554996432231,0.0713276471240492,0.280356940658131,0.383654821265674,5970,256,0.0,False,0.0,0.0,0,,,,,-0.1631279117747226,0.2136588086310551,0.3767867204057777,0.4276782543216652,0.2204849047675412,0.5110567309189513,0.2092258663334825,0.3966832208678988,0.2130391179662324,0.4278554996432231,0.0477673681333234,0.6390041562533184,256.0,1,0.00390625,0,0,,,,,,,,,,,,0.05,0.1,0.280356940658131,0.0713276471240492,0.383654821265674,,,0.3984375,0.09765625,0.34375
abf_fr_information_oracle|tt=information_oracle|g=0.004|eta=0.1|bi=0.909091|sf=0.954545|fe=500|seed=6001,abf_fr_information_oracle|tt=information_oracle|g=0.004|eta=0.1|bi=0.909091|sf=0.954545|fe=500,abf_fr_information_oracle,information_oracle,6001,0.004,0.1,0.9090909090909092,0.9545454545454544,500,9000,18.0,0.2061843973946224,0.4133543949967695,0.0780719439277061,0.284285974041675,0.36096718844427,6230,256,0.0,False,0.0,0.0,0,,,,,-0.1514535901698472,0.2136588086310551,0.3651123988009024,0.4144490533698222,0.2134183175293379,0.4939620411196682,0.2027310883868304,0.3836517608570647,0.2061843973946224,0.4133543949967695,0.0468476832499682,0.6216345093952332,256.0,1,0.00390625,0,0,,,,,,,,,,,,0.05,0.1,0.284285974041675,0.0780719439277061,0.36096718844427,,,0.4453125,0.08984375,0.3359375
abf_fr_information_oracle|tt=information_oracle|g=0.004|eta=0.1|bi=0.909091|sf=0.954545|fe=500|seed=6001,abf_fr_information_oracle|tt=information_oracle|g=0.004|eta=0.1|bi=0.909091|sf=0.954545|fe=500,abf_fr_information_oracle,information_oracle,6001,0.004,0.1,0.9090909090909092,0.9545454545454544,500,9500,19.0,0.2009904629125253,0.3987937691992242,0.0804066635898238,0.2845881860963062,0.3744296385366972,6459,256,0.0,False,0.0,0.0,0,,,,,-0.1446484896775359,0.2136588086310551,0.3583072983085911,0.4016084731821673,0.2075297175179139,0.4765812214061986,0.19801446599257,0.3705681055600504,0.2009904629125253,0.3987937691992242,0.0457318668503702,0.6003643654371406,256.0,1,0.00390625,0,0,,,,,,,,,,,,0.05,0.1,0.2845881860963062,0.0804066635898238,0.3744296385366972,,,0.421875,0.09375,0.36328125
abf_fr_information_oracle|tt=information_oracle|g=0.004|eta=0.1|bi=0.909091|sf=0.954545|fe=500|seed=6001,abf_fr_information_oracle|tt=information_oracle|g=0.004|eta=0.1|bi=0.909091|sf=0.954545|fe=500,abf_fr_information_oracle,information_oracle,6001,0.004,0.1,0.9090909090909092,0.9545454545454544,500,10000,20.0,0.1910679867417551,0.3824137260877879,0.0800961076744473,0.2912047323693346,0.3798280704177059,6642,255,0.004,True,0.00390625,0.00390625,1,-2.775557561562892e-17,1.0667993342618456,-3.445781714600644,1.3629465260978622,-0.1237081649230624,0.2136588086310551,0.3373669735541176,0.3854909083186152,0.1976435464625136,0.4571330610727361,0.1880748930797376,0.3558820784222563,0.1910679867417551,0.3824137260877879,0.0437371350720297,0.5763515220995172,254.015503875969,2,0.0078125,1,1,0.0,-3.382732340124536,-3.382732340124536,-1.5278890147614537,-1.5278890147614537,0.1638594284974367,0.1638594284974367,1.1688580657959289,1.1688580657959289,1.359427560905312,1.359427560905312,0.05,0.1,0.2912047323693346,0.0800961076744473,0.3798280704177059,1.0667993342618456,1.3629465260978622,0.43359375,0.0625,0.34765625
abf_fr_information_oracle|tt=information_oracle|g=0.004|eta=0.1|bi=0.909091|sf=0.954545|fe=500|seed=6001,abf_fr_information_oracle|tt=information_oracle|g=0.004|eta=0.1|bi=0.909091|sf=0.954545|fe=500,abf_fr_information_oracle,information_oracle,6001,0.004,0.1,0.9090909090909092,0.9545454545454544,500,10500,21.0,0.1873907967883226,0.3712115856325296,0.06742209706745,0.2853537107942395,0.3860324027449259,6788,255,0.0,False,0.0,0.0,0,,,,,-0.1192157648272314,0.2136588086310551,0.3328745734582865,0.3750425361647101,0.1933325010195209,0.4440186513262286,0.1847834841220763,0.345778772675178,0.1873907967883226,0.3712115856325296,0.0428156384591281,0.5615363089091645,254.015503875969,2,0.0078125,1,1,,,,,,,,,,,,0.05,0.1,0.2853537107942395,0.06742209706745,0.3860324027449259,,,0.421875,0.09375,0.32421875
abf_fr_information_oracle|tt=information_oracle|g=0.004|eta=0.1|bi=0.909091|sf=0.954545|fe=500|seed=6001,abf_fr_information_oracle|tt=information_oracle|g=0.004|eta=0.1|bi=0.909091|sf=0.954545|fe=500,abf_fr_information_oracle,information_oracle,6001,0.004,0.1,0.9090909090909092,0.9545454545454544,500,11000,22.0,0.1798015422629584,0.3539230024353002,0.0787431188872058,0.2915479754891459,0.3745149838986575,6988,255,0.0,False,0.0,0.0,0,,,,,-0.1065835139514561,0.2136588086310551,0.3202423225825113,0.359604595916938,0.1854388979726412,0.42351671064909,0.1772885501180039,0.3303949078585874,0.1798015422629584,0.3539230024353002,0.041194439644074,0.5353588293663943,254.015503875969,2,0.0078125,1,1,,,,,,,,,,,,0.05,0.1,0.2915479754891459,0.0787431188872058,0.3745149838986575,,,0.4140625,0.08203125,0.34375
abf_fr_information_oracle|tt=information_oracle|g=0.004|eta=0.1|bi=0.909091|sf=0.954545|fe=500|seed=6002,abf_fr_information_oracle|tt=information_oracle|g=0.004|eta=0.1|bi=0.909091|sf=0.954545|fe=500,abf_fr_information_oracle,information_oracle,6002,0.004,0.1,0.9090909090909092,0.9545454545454544,500,0,0.0,2.906603863987052,6.564657815288973,0.0461194891710618,0.2448804314041955,0.3990255452398891,0,256,0.0,False,0.0,0.0,0,,,,,0.0,0.2136588086310551,0.2136588086310551,1.8839792970692677,0.7722826132658906,3.487298309594125,5.408116675855963,9.381946420303988,2.906603863987052,6.564657815288973,0.037083496902375,0.7293641473133242,256.0,1,0.00390625,0,0,,,,,,,,,,,,0.05,0.1,0.2448804314041955,0.0461194891710618,0.3990255452398891,,,0.359375,0.18359375,0.3203125
abf_fr_information_oracle|tt=information_oracle|g=0.004|eta=0.1|bi=0.909091|sf=0.954545|fe=500|seed=6002,abf_fr_information_oracle|tt=information_oracle|g=0.004|eta=0.1|bi=0.909091|sf=0.954545|fe=500,abf_fr_information_oracle,information_oracle,6002,0.004,0.1,0.9090909090909092,0.9545454545454544,500,500,1.0,0.504771206970899,1.3391897001524269,0.1000480999945386,0.2903263079286051,0.3541559781883503,472,256,0.0,False,0.0,0.0,0,,,,,0.2612553038790324,0.2136588086310551,0.0475964952479772,1.4108505664264708,0.5829479483153296,1.4634852951146822,0.5012281257565736,1.2308070858429163,0.504771206970899,1.3391897001524269,0.0588411003117542,0.9083372718862316,256.0,1,0.00390625,0,0,,,,,,,,,,,,0.05,0.1,0.2903263079286051,0.1000480999945386,0.3541559781883503,,,0.39453125,0.140625,0.36328125
abf_fr_information_oracle|tt=information_oracle|g=0.004|eta=0.1|bi=0.909091|sf=0.954545|fe=500|seed=6002,abf_fr_information_oracle|tt=information_oracle|g=0.004|eta=0.1|bi=0.909091|sf=0.954545|fe=500,abf_fr_information_oracle,information_oracle,6002,0.004,0.1,0.9090909090909092,0.9545454545454544,500,1000,2.0,0.4220115641340008,1.156406276337924,0.0949884010413998,0.2992839859958868,0.3530003768518749,1050,256,0.0,False,0.0,0.0,0,,,,,0.2255463459416873,0.2136588086310551,0.0118875373106321,1.2037574635727992,0.4942045038416779,1.3123993914766403,0.4026381205134365,1.0617519345510056,0.4220115641340008,1.156406276337924,0.0680382103982946,1.0226457778282203,256.0,1,0.00390625,0,0,,,,,,,,,,,,0.05,0.1,0.2992839859958868,0.0949884010413998,0.3530003768518749,,,0.4296875,0.1171875,0.390625
abf_fr_information_oracle|tt=information_oracle|g=0.004|eta=0.1|bi=0.909091|sf=0.954545|fe=500|seed=6002,abf_fr_information_oracle|tt=information_oracle|g=0.004|eta=0.1|bi=0.909091|sf=0.954545|fe=500,abf_fr_information_oracle,information_oracle,6002,0.004,0.1,0.9090909090909092,0.9545454545454544,500,1500,3.0,0.370549447301594,1.0235173721645423,0.0954607249651333,0.2884622169844891,0.3643135467602738,1406,256,0.0,False,0.0,0.0,0,,,,,0.176797735398992,0.2136588086310551,0.0368610732320631,1.0618149540607047,0.4359457425908482,1.1934132473500272,0.3434581773248291,0.9392500764632432,0.370549447301594,1.0235173721645423,0.0707399275698505,1.0490061921368374,256.0,1,0.00390625,0,0,,,,,,,,,,,,0.05,0.1,0.2884622169844891,0.0954607249651333,0.3643135467602738,,,0.42578125,0.09765625,0.41796875
abf_fr_information_oracle|tt=information_oracle|g=0.004|eta=0.1|bi=0.909091|sf=0.954545|fe=500|seed=6002,abf_fr_information_oracle|tt=information_oracle|g=0.004|eta=0.1|bi=0.909091|sf=0.954545|fe=500,abf_fr_information_oracle,information_oracle,6002,0.004,0.1,0.9090909090909092,0.9545454545454544,500,2000,4.0,0.330090454430721,0.9195083337779236,0.0912646380264468,0.2991350402166973,0.3719678512857239,1791,256,0.0,False,0.0,0.0,0,,,,,0.2063619394446476,0.2136588086310551,0.0072968691864074,0.9468479184733032,0.3877527888830379,1.0827542329292263,0.3034904263318345,0.8439507069351061,0.330090454430721,0.9195083337779236,0.0716227049141113,1.0487091355259226,256.0,1,0.00390625,0,0,,,,,,,,,,,,0.05,0.1,0.2991350402166973,0.0912646380264468,0.3719678512857239,,,0.43359375,0.09765625,0.41015625
abf_fr_information_oracle|tt=information_oracle|g=0.004|eta=0.1|bi=0.909091|sf=0.954545|fe=500|seed=6002,abf_fr_information_oracle|tt=information_oracle|g=0.004|eta=0.1|bi=0.909091|sf=0.954545|fe=500,abf_fr_information_oracle,information_oracle,6002,0.004,0.1,0.9090909090909092,0.9545454545454544,500,2500,5.0,0.3095833605985523,0.8675725613611773,0.0951722706711045,0.3022542163489451,0.3492988599025275,2102,256,0.0,False,0.0,0.0,0,,,,,0.2152850266478054,0.2136588086310551,0.0016262180167503,0.8852279721304345,0.3630580545326802,1.0260321413439617,0.2837034722355782,0.7959894377699611,0.3095833605985523,0.8675725613611773,0.0716732810844676,1.0348890443812728,256.0,1,0.00390625,0,0,,,,,,,,,,,,0.05,0.1,0.3022542163489451,0.0951722706711045,0.3492988599025275,,,0.45703125,0.0859375,0.3984375
abf_fr_information_oracle|tt=information_oracle|g=0.004|eta=0.1|bi=0.909091|sf=0.954545|fe=500|seed=6002,abf_fr_information_oracle|tt=information_oracle|g=0.004|eta=0.1|bi=0.909091|sf=0.954545|fe=500,abf_fr_information_oracle,information_oracle,6002,0.004,0.1,0.9090909090909092,0.9545454545454544,500,3000,6.0,0.2804425706916493,0.7889798155512655,0.0965647586109952,0.2927105151653706,0.3764172942521084,2350,256,0.0,False,0.0,0.0,0,,,,,0.2064521852439149,0.2136588086310551,0.0072066233871401,0.8023215177938106,0.3287274975401311,0.9363956141736254,0.25641543262217,0.7244424870995202,0.2804425706916493,0.7889798155512655,0.0688953538787431,0.9874622540665572,256.0,1,0.00390625,0,0,,,,,,,,,,,,0.05,0.1,0.2927105151653706,0.0965647586109952,0.3764172942521084,,,0.4140625,0.08203125,0.41015625
abf_fr_information_oracle|tt=information_oracle|g=0.004|eta=0.1|bi=0.909091|sf=0.954545|fe=500|seed=6002,abf_fr_information_oracle|tt=information_oracle|g=0.004|eta=0.1|bi=0.909091|sf=0.954545|fe=500,abf_fr_information_oracle,information_oracle,6002,0.004,0.1,0.9090909090909092,0.9545454545454544,500,3500,7.0,0.2617644534726898,0.7383311831171008,0.0724904108950408,0.2870165493629527,0.379990195928932,2565,256,0.0,False,0.0,0.0,0,,,,,0.2315472145956789,0.2136588086310551,0.0178884059646238,0.7451402476647843,0.3060336137854599,0.8799367587606001,0.2391477477670082,0.6780697106740463,0.2617644534726898,0.7383311831171008,0.0675454918555984,0.958310700070319,256.0,1,0.00390625,0,0,,,,,,,,,,,,0.05,0.1,0.2870165493629527,0.0724904108950408,0.379990195928932,,,0.44140625,0.078125,0.41015625
abf_fr_information_oracle|tt=information_oracle|g=0.004|eta=0.1|bi=0.909091|sf=0.954545|fe=500|seed=6002,abf_fr_information_oracle|tt=information_oracle|g=0.004|eta=0.1|bi=0.909091|sf=0.954545|fe=500,abf_fr_information_oracle,information_oracle,6002,0.004,0.1,0.9090909090909092,0.9545454545454544,500,4000,8.0,0.2440075457367805,0.6905139433194003,0.0758197326486666,0.2938682866181228,0.3827709440156549,2786,256,0.0,False,0.0,0.0,0,,,,,0.2337936297210952,0.2136588086310551,0.02013482109004,0.6951049154902,0.2851473328383667,0.8240216839904195,0.2228112240799409,0.6344552512515482,0.2440075457367805,0.6905139433194003,0.065306236203031,0.920621383957312,256.0,1,0.00390625,0,0,,,,,,,,,,,,0.05,0.1,0.2938682866181228,0.0758197326486666,0.3827709440156549,,,0.41796875,0.0859375,0.3984375
abf_fr_information_oracle|tt=information_oracle|g=0.004|eta=0.1|bi=0.909091|sf=0.954545|fe=500|seed=6002,abf_fr_information_oracle|tt=information_oracle|g=0.004|eta=0.1|bi=0.909091|sf=0.954545|fe=500,abf_fr_information_oracle,information_oracle,6002,0.004,0.1,0.9090909090909092,0.9545454545454544,500,4500,9.0,0.2302839986785994,0.6524227467068953,0.0889563442404607,0.2978671096779801,0.3833437629502845,3073,256,0.0,False,0.0,0.0,0,,,,,0.2547322243312919,0.2136588086310551,0.0410734157002368,0.6536364145696034,0.2683756017556974,0.779326026520603,0.210464695460748,0.5996600705839764,0.2302839986785994,0.6524227467068953,0.0642417121695683,0.8988090912701997,256.0,1,0.00390625,0,0,,,,,,,,,,,,0.05,0.1,0.2978671096779801,0.0889563442404607,0.3833437629502845,,,0.3984375,0.05859375,0.41796875
abf_fr_information_oracle|tt=information_oracle|g=0.004|eta=0.1|bi=0.909091|sf=0.954545|fe=500|seed=6002,abf_fr_information_oracle|tt=information_oracle|g=0.004|eta=0.1|bi=0.909091|sf=0.954545|fe=500,abf_fr_information_oracle,information_oracle,6002,0.004,0.1,0.9090909090909092,0.9545454545454544,500,5000,10.0,0.2218483647831611,0.630628043414551,0.0894653180204822,0.3003169653576187,0.3632244215547195,3225,256,0.0,False,0.0,0.0,0,,,,,0.2515437618350198,0.2136588086310551,0.0378849532039646,0.6307809427028406,0.2585569251977353,0.7542867756726955,0.2026971822265229,0.5798295661839086,0.2218483647831611,0.630628043414551,0.0627538402281931,0.8772485379567172,256.0,1,0.00390625,0,0,,,,,,,,,,,,0.05,0.1,0.3003169653576187,0.0894653180204822,0.3632244215547195,,,0.421875,0.05859375,0.40234375
abf_fr_information_oracle|tt=information_oracle|g=0.004|eta=0.1|bi=0.909091|sf=0.954545|fe=500|seed=6002,abf_fr_information_oracle|tt=information_oracle|g=0.004|eta=0.1|bi=0.909091|sf=0.954545|fe=500,abf_fr_information_oracle,information_oracle,6002,0.004,0.1,0.9090909090909092,0.9545454545454544,500,5500,11.0,0.2131995711505603,0.6065026931651231,0.0785540475935445,0.3013936678397035,0.3734692014503304,3433,256,0.0,False,0.0,0.0,0,,,,,0.2567903997684766,0.2136588086310551,0.0431315911374214,0.6044690810306199,0.248055989729782,0.7263058263539544,0.1948860273548071,0.5577507030366765,0.2131995711505603,0.6065026931651231,0.0614924565624111,0.8570847619298535,256.0,1,0.00390625,0,0,,,,,,,,,,,,0.05,0.1,0.3013936678397035,0.0785540475935445,0.3734692014503304,,,0.421875,0.0625,0.39453125
abf_fr_information_oracle|tt=information_oracle|g=0.004|eta=0.1|bi=0.909091|sf=0.954545|fe=500|seed=6002,abf_fr_information_oracle|tt=information_oracle|g=0.004|eta=0.1|bi=0.909091|sf=0.954545|fe=500,abf_fr_information_oracle,information_oracle,6002,0.004,0.1,0.9090909090909092,0.9545454545454544,500,6000,12.0,0.2064848627807345,0.5881739208842514,0.0822984195546068,0.2982395554158078,0.3726189266608867,3577,256,0.0,False,0.0,0.0,0,,,,,0.2492932126437814,0.2136588086310551,0.0356344040127263,0.5852356455373708,0.2401984054835015,0.7051766533542814,0.188714937760602,0.5409570412568308,0.2064848627807345,0.5881739208842514,0.0607002586367048,0.8432055695363562,256.0,1,0.00390625,0,0,,,,,,,,,,,,0.05,0.1,0.2982395554158078,0.0822984195546068,0.3726189266608867,,,0.390625,0.07421875,0.40625
abf_fr_information_oracle|tt=information_oracle|g=0.004|eta=0.1|bi=0.909091|sf=0.954545|fe=500|seed=6002,abf_fr_information_oracle|tt=information_oracle|g=0.004|eta=0.1|bi=0.909091|sf=0.954545|fe=500,abf_fr_information_oracle,information_oracle,6002,0.004,0.1,0.9090909090909092,0.9545454545454544,500,6500,13.0,0.1974745456811563,0.5651482977135167,0.0794903707458144,0.2970360284002051,0.3867898854997746,3794,256,0.0,False,0.0,0.0,0,,,,,0.2430532082462555,0.2136588086310551,0.0293943996152004,0.5612260880095724,0.229931937754105,0.6778187769203677,0.1803861593184441,0.5200735945533588,0.1974745456811563,0.5651482977135167,0.0598268864724527,0.8258749340852243,256.0,1,0.00390625,0,0,,,,,,,,,,,,0.05,0.1,0.2970360284002051,0.0794903707458144,0.3867898854997746,,,0.40625,0.0546875,0.40234375
abf_fr_information_oracle|tt=information_oracle|g=0.004|eta=0.1|bi=0.909091|sf=0.954545|fe=500|seed=6002,abf_fr_information_oracle|tt=information_oracle|g=0.004|eta=0.1|bi=0.909091|sf=0.954545|fe=500,abf_fr_information_oracle,information_oracle,6002,0.004,0.1,0.9090909090909092,0.9545454545454544,500,7000,14.0,0.1879029808956867,0.5380971506773828,0.0856946405137741,0.2980213508099364,0.363039142477868,3956,256,0.0,False,0.0,0.0,0,,,,,0.2466279955581747,0.2136588086310551,0.0329691869271195,0.5343165204083636,0.2187448337083879,0.6456465690380656,0.1717994406441286,0.4955426744102384,0.1879029808956867,0.5380971506773828,0.0577533003048913,0.7959668901029753,256.0,1,0.00390625,0,0,,,,,,,,,,,,0.05,0.1,0.2980213508099364,0.0856946405137741,0.363039142477868,,,0.39453125,0.07421875,0.34375
abf_fr_information_oracle|tt=information_oracle|g=0.004|eta=0.1|bi=0.909091|sf=0.954545|fe=500|seed=6002,abf_fr_information_oracle|tt=information_oracle|g=0.004|eta=0.1|bi=0.909091|sf=0.954545|fe=500,abf_fr_information_oracle,information_oracle,6002,0.004,0.1,0.9090909090909092,0.9545454545454544,500,7500,15.0,0.180053484517847,0.5146646831374533,0.0764484043071386,0.2886660288053401,0.4029468233548317,4141,256,0.0,False,0.0,0.0,0,,,,,0.2440858947015769,0.2136588086310551,0.0304270860705218,0.5118595311637831,0.2095961729922778,0.61770762063312,0.1647253069229137,0.4743492729720776,0.180053484517847,0.5146646831374533,0.0564632529698019,0.7714944848741374,256.0,1,0.00390625,0,0,,,,,,,,,,,,0.05,0.1,0.2886660288053401,0.0764484043071386,0.4029468233548317,,,0.41015625,0.06640625,0.33984375
abf_fr_information_oracle|tt=information_oracle|g=0.004|eta=0.1|bi=0.909091|sf=0.954545|fe=500|seed=6002,abf_fr_information_oracle|tt=information_oracle|g=0.004|eta=0.1|bi=0.909091|sf=0.954545|fe=500,abf_fr_information_oracle,information_oracle,6002,0.004,0.1,0.9090909090909092,0.9545454545454544,500,8000,16.0,0.1739609930857964,0.4948661012956598,0.0785585121617125,0.2956053600066418,0.4025411797066193,4330,256,0.0,False,0.0,0.0,0,,,,,0.2528205226034679,0.2136588086310551,0.0391617139724127,0.492292159680793,0.2019676788737257,0.594238502875453,0.1594631846058711,0.4563975276759724,0.1739609930857964,0.4948661012956598,0.0546811816468931,0.7463793025972226,256.0,1,0.00390625,0,0,,,,,,,,,,,,0.05,0.1,0.2956053600066418,0.0785585121617125,0.4025411797066193,,,0.40234375,0.0703125,0.3671875
abf_fr_information_oracle|tt=information_oracle|g=0.004|eta=0.1|bi=0.909091|sf=0.954545|fe=500|seed=6002,abf_fr_information_oracle|tt=information_oracle|g=0.004|eta=0.1|bi=0.909091|sf=0.954545|fe=500,abf_fr_information_oracle,information_oracle,6002,0.004,0.1,0.9090909090909092,0.9545454545454544,500,8500,17.0,0.1681173729178014,0.4741425026455846,0.0740918766639298,0.2918633929744487,0.3822125056770484,4552,256,0.0,False,0.0,0.0,0,,,,,0.2706807767662518,0.2136588086310551,0.0570219681351966,0.4725836595456385,0.1944653776395441,0.5695663741874003,0.1545901679003865,0.4377086292832453,0.1681173729178014,0.4741425026455846,0.0533202533448249,0.7217320734312124,256.0,1,0.00390625,0,0,,,,,,,,,,,,0.05,0.1,0.2918633929744487,0.0740918766639298,0.3822125056770484,,,0.4140625,0.0625,0.3359375
abf_fr_information_oracle|tt=information_oracle|g=0.004|eta=0.1|bi=0.909091|sf=0.954545|fe=500|seed=6002,abf_fr_information_oracle|tt=information_oracle|g=0.004|eta=0.1|bi=0.909091|sf=0.954545|fe=500,abf_fr_information_oracle,information_oracle,6002,0.004,0.1,0.9090909090909092,0.9545454545454544,500,9000,18.0,0.1601900317136957,0.4502436285800771,0.0867509992227152,0.3052801107501648,0.3895605124604564,4689,256,0.0,False,0.0,0.0,0,,,,,0.2719136377056834,0.2136588086310551,0.0582548290746283,0.448711348671575,0.185162205882549,0.540921824803749,0.1474394736413843,0.4162019470302962,0.1601900317136957,0.4502436285800771,0.0516565681913038,0.6935216110045684,256.0,1,0.00390625,0,0,,,,,,,,,,,,0.05,0.1,0.3052801107501648,0.0867509992227152,0.3895605124604564,,,0.40234375,0.046875,0.38671875
abf_fr_information_oracle|tt=information_oracle|g=0.004|eta=0.1|bi=0.909091|sf=0.954545|fe=500|seed=6002,abf_fr_information_oracle|tt=information_oracle|g=0.004|eta=0.1|bi=0.909091|sf=0.954545|fe=500,abf_fr_information_oracle,information_oracle,6002,0.004,0.1,0.9090909090909092,0.9545454545454544,500,9500,19.0,0.1547088016118792,0.4346802608777786,0.0720485319828927,0.2960598789285845,0.3962327667571458,4896,256,0.0,False,0.0,0.0,0,,,,,0.2743272775628114,0.2136588086310551,0.0606684689317562,0.43275416983607,0.1786946508916129,0.5222378226303138,0.1424436694015541,0.4021883556428889,0.1547088016118792,0.4346802608777786,0.0504794274577456,0.6749769945604944,256.0,1,0.00390625,0,0,,,,,,,,,,,,0.05,0.1,0.2960598789285845,0.0720485319828927,0.3962327667571458,,,0.40234375,0.07421875,0.359375
abf_fr_information_oracle|tt=information_oracle|g=0.004|eta=0.1|bi=0.909091|sf=0.954545|fe=500|seed=6002,abf_fr_information_oracle|tt=information_oracle|g=0.004|eta=0.1|bi=0.909091|sf=0.954545|fe=500,abf_fr_information_oracle,information_oracle,6002,0.004,0.1,0.9090909090909092,0.9545454545454544,500,10000,20.0,0.1501032356592758,0.4192358773333643,0.0823970813869788,0.2935106638960669,0.3858476830623781,5027,256,0.004,True,0.0,0.0,0,1.7347234759768068e-17,0.9579786877069688,-3.4832380127300238,1.3037492040476106,0.2804964205151883,0.2136588086310551,0.0668376118841331,0.41787180841482,0.1729266127159785,0.5037441124692094,0.1384637476123585,0.3882622334940691,0.1501032356592758,0.4192358773333643,0.04908454369338,0.6540264589670463,256.0,1,0.00390625,1,0,0.0,-3.190982063837739,-3.190982063837739,-1.0175041701479648,-1.0175041701479648,0.2190251258116025,0.2190251258116025,1.0438461257238434,1.0438461257238434,1.2962841951536173,1.2962841951536173,0.05,0.1,0.2935106638960669,0.0823970813869788,0.3858476830623781,0.9579786877069688,1.3037492040476106,0.40625,0.04296875,0.40234375
abf_fr_information_oracle|tt=information_oracle|g=0.004|eta=0.1|bi=0.909091|sf=0.954545|fe=500|seed=6002,abf_fr_information_oracle|tt=information_oracle|g=0.004|eta=0.1|bi=0.909091|sf=0.954545|fe=500,abf_fr_information_oracle,information_oracle,6002,0.004,0.1,0.9090909090909092,0.9545454545454544,500,10500,21.0,0.1438616191976931,0.4001702991765075,0.0712547915831828,0.2822663918391985,0.3945287208419231,5177,256,0.0,False,0.0,0.0,0,,,,,0.2765836397190782,0.2136588086310551,0.062924831088023,0.3996584889451949,0.1656469514142687,0.4808648150093771,0.1328230760015454,0.3711047016166837,0.1438616191976931,0.4001702991765075,0.0475862739055207,0.6266830045813712,256.0,1,0.00390625,1,0,,,,,,,,,,,,0.05,0.1,0.2822663918391985,0.0712547915831828,0.3945287208419231,,,0.359375,0.0703125,0.39453125
abf_fr_information_oracle|tt=information_oracle|g=0.004|eta=0.1|bi=0.909091|sf=0.954545|fe=500|seed=6002,abf_fr_information_oracle|tt=information_oracle|g=0.004|eta=0.1|bi=0.909091|sf=0.954545|fe=500,abf_fr_information_oracle,information_oracle,6002,0.004,0.1,0.9090909090909092,0.9545454545454544,500,11000,22.0,0.1354483426867885,0.3785400646694253,0.0804668304619,0.2915676350624445,0.3897395829492231,5353,256,0.0,False,0.0,0.0,0,,,,,0.263828001880583,0.2136588086310551,0.0501691932495278,0.3801315577710925,0.1564707291860441,0.4548461731067487,0.1248323905023261,0.3518237126316099,0.1354483426867885,0.3785400646694253,0.0450565502254362,0.5951583923574179,256.0,1,0.00390625,1,0,,,,,,,,,,,,0.05,0.1,0.2915676350624445,0.0804668304619,0.3897395829492231,,,0.38671875,0.0703125,0.40234375
abf_fr_information_oracle|tt=information_oracle|g=0.004|eta=0.1|bi=0.909091|sf=0.954545|fe=500|seed=6003,abf_fr_information_oracle|tt=information_oracle|g=0.004|eta=0.1|bi=0.909091|sf=0.954545|fe=500,abf_fr_information_oracle,information_oracle,6003,0.004,0.1,0.9090909090909092,0.9545454545454544,500,0,0.0,2.906603863987052,6.564657815288973,0.0456026583803901,0.2346433902552918,0.399661267384418,0,256,0.0,False,0.0,0.0,0,,,,,0.0,0.2136588086310551,0.2136588086310551,1.8839792970692677,0.7722826132658906,3.487298309594125,5.408116675855963,9.381946420303988,2.906603863987052,6.564657815288973,0.037083496902375,0.7293641473133242,256.0,1,0.00390625,0,0,,,,,,,,,,,,0.05,0.1,0.2346433902552918,0.0456026583803901,0.399661267384418,,,0.32421875,0.1640625,0.35546875
abf_fr_information_oracle|tt=information_oracle|g=0.004|eta=0.1|bi=0.909091|sf=0.954545|fe=500|seed=6003,abf_fr_information_oracle|tt=information_oracle|g=0.004|eta=0.1|bi=0.909091|sf=0.954545|fe=500,abf_fr_information_oracle,information_oracle,6003,0.004,0.1,0.9090909090909092,0.9545454545454544,500,500,1.0,0.5122389733948105,1.3818867771047263,0.0929649900552988,0.2825765277280027,0.366791331388698,609,256,0.0,False,0.0,0.0,0,,,,,0.3231443747435349,0.2136588086310551,0.1094855661124798,1.4419148880502115,0.588656906278029,1.4927838588483633,0.5182535209401739,1.275410638657361,0.5122389733948105,1.3818867771047263,0.0598832209453007,0.9826809911939058,256.0,1,0.00390625,0,0,,,,,,,,,,,,0.05,0.1,0.2825765277280027,0.0929649900552988,0.366791331388698,,,0.37109375,0.16796875,0.3828125
abf_fr_information_oracle|tt=information_oracle|g=0.004|eta=0.1|bi=0.909091|sf=0.954545|fe=500|seed=6003,abf_fr_information_oracle|tt=information_oracle|g=0.004|eta=0.1|bi=0.909091|sf=0.954545|fe=500,abf_fr_information_oracle,information_oracle,6003,0.004,0.1,0.9090909090909092,0.9545454545454544,500,1000,2.0,0.4426836268807633,1.221220342929836,0.1081478328334351,0.2828056124063331,0.3672547683409099,1097,256,0.0,False,0.0,0.0,0,,,,,0.2770810800186751,0.2136588086310551,0.06342227138762,1.267445440753648,0.5189344023534623,1.3851256691177738,0.4239734215854219,1.122271539390565,0.4426836268807633,1.221220342929836,0.0696443521954221,1.069733261316267,256.0,1,0.00390625,0,0,,,,,,,,,,,,0.05,0.1,0.2828056124063331,0.1081478328334351,0.3672547683409099,,,0.390625,0.14453125,0.40625
abf_fr_information_oracle|tt=information_oracle|g=0.004|eta=0.1|bi=0.909091|sf=0.954545|fe=500|seed=6003,abf_fr_information_oracle|tt=information_oracle|g=0.004|eta=0.1|bi=0.909091|sf=0.954545|fe=500,abf_fr_information_oracle,information_oracle,6003,0.004,0.1,0.9090909090909092,0.9545454545454544,500,1500,3.0,0.4024301825259412,1.125215557821572,0.101050468060995,0.2864434899489435,0.358935296657109,1598,256,0.0,False,0.0,0.0,0,,,,,0.2618510321274137,0.2136588086310551,0.0481922234963585,1.1546021947165188,0.4731579325918549,1.300226062268344,0.3783308043505598,1.0341088961747993,0.4024301825259412,1.125215557821572,0.0711237847378269,1.0830905046815067,256.0,1,0.00390625,0,0,,,,,,,,,,,,0.05,0.1,0.2864434899489435,0.101050468060995,0.358935296657109,,,0.40625,0.11328125,0.4375
abf_fr_information_oracle|tt=information_oracle|g=0.004|eta=0.1|bi=0.909091|sf=0.954545|fe=500|seed=6003,abf_fr_information_oracle|tt=information_oracle|g=0.004|eta=0.1|bi=0.909091|sf=0.954545|fe=500,abf_fr_information_oracle,information_oracle,6003,0.004,0.1,0.9090909090909092,0.9545454545454544,500,2000,4.0,0.3674231905620627,1.031896603728384,0.109184048676505,0.3038124564054514,0.3483199530508338,1942,256,0.0,False,0.0,0.0,0,,,,,0.1841465894644152,0.2136588086310551,0.0295122191666399,1.054779817057255,0.4315941493534061,1.2066980528245062,0.3415349344053109,0.9483051857930174,0.3674231905620627,1.031896603728384,0.0720446745915041,1.0780590238297771,256.0,1,0.00390625,0,0,,,,,,,,,,,,0.05,0.1,0.3038124564054514,0.109184048676505,0.3483199530508338,,,0.40625,0.09375,0.453125
abf_fr_information_oracle|tt=information_oracle|g=0.004|eta=0.1|bi=0.909091|sf=0.954545|fe=500|seed=6003,abf_fr_information_oracle|tt=information_oracle|g=0.004|eta=0.1|bi=0.909091|sf=0.954545|fe=500,abf_fr_information_oracle,information_oracle,6003,0.004,0.1,0.9090909090909092,0.9545454545454544,500,2500,5.0,0.3424951443483952,0.9568813764930016,0.1057777694177433,0.3096827034193962,0.3600504424866137,2254,256,0.0,False,0.0,0.0,0,,,,,0.1660491053176613,0.2136588086310551,0.0476097033133937,0.9803717986108026,0.4015923245730556,1.1293690662906368,0.3152544615829268,0.8790078802174885,0.3424951443483952,0.9568813764930016,0.0718840649388211,1.0618398184344977,256.0,1,0.00390625,0,0,,,,,,,,,,,,0.05,0.1,0.3096827034193962,0.1057777694177433,0.3600504424866137,,,0.4140625,0.06640625,0.44140625
abf_fr_information_oracle|tt=information_oracle|g=0.004|eta=0.1|bi=0.909091|sf=0.954545|fe=500|seed=6003,abf_fr_information_oracle|tt=information_oracle|g=0.004|eta=0.1|bi=0.909091|sf=0.954545|fe=500,abf_fr_information_oracle,information_oracle,6003,0.004,0.1,0.9090909090909092,0.9545454545454544,500,3000,6.0,0.3219253963499991,0.9020126515456404,0.1012967631752531,0.3049337447258195,0.3563980007348222,2546,256,0.0,False,0.0,0.0,0,,,,,0.1699063295304093,0.2136588086310551,0.0437524791006458,0.918923650201364,0.3767849596105021,1.0707954013336616,0.2951260713577317,0.8286725549664556,0.3219253963499991,0.9020126515456404,0.0711661315397901,1.043885563477538,256.0,1,0.00390625,0,0,,,,,,,,,,,,0.05,0.1,0.3049337447258195,0.1012967631752531,0.3563980007348222,,,0.41015625,0.08203125,0.44140625
abf_fr_information_oracle|tt=information_oracle|g=0.004|eta=0.1|bi=0.909091|sf=0.954545|fe=500|seed=6003,abf_fr_information_oracle|tt=information_oracle|g=0.004|eta=0.1|bi=0.909091|sf=0.954545|fe=500,abf_fr_information_oracle,information_oracle,6003,0.004,0.1,0.9090909090909092,0.9545454545454544,500,3500,7.0,0.3038642153348288,0.8530289683684733,0.1040466267341917,0.3040090771407479,0.3670176140623296,2770,256,0.0,False,0.0,0.0,0,,,,,0.1420278531632597,0.2136588086310551,0.0716309554677954,0.8639401235941367,0.3547730550687701,1.0155500650269336,0.2785299206029905,0.783723607940425,0.3038642153348288,0.8530289683684733,0.0711549755546716,1.0323341787882732,256.0,1,0.00390625,0,0,,,,,,,,,,,,0.05,0.1,0.3040090771407479,0.1040466267341917,0.3670176140623296,,,0.40625,0.08203125,0.4375
abf_fr_information_oracle|tt=information_oracle|g=0.004|eta=0.1|bi=0.909091|sf=0.954545|fe=500|seed=6003,abf_fr_information_oracle|tt=information_oracle|g=0.004|eta=0.1|bi=0.909091|sf=0.954545|fe=500,abf_fr_information_oracle,information_oracle,6003,0.004,0.1,0.9090909090909092,0.9545454545454544,500,4000,8.0,0.2833102634293558,0.7933163534542671,0.0947556692981554,0.2980021368697486,0.3886669261049301,3025,256,0.0,False,0.0,0.0,0,,,,,0.1325924405949905,0.2136588086310551,0.0810663680360646,0.8030278755530285,0.3300808635812101,0.945957888448736,0.2598516550460146,0.7288977775125229,0.2833102634293558,0.7933163534542671,0.0694442638087462,0.9996159658760226,256.0,1,0.00390625,0,0,,,,,,,,,,,,0.05,0.1,0.2980021368697486,0.0947556692981554,0.3886669261049301,,,0.39453125,0.08203125,0.41796875
abf_fr_information_oracle|tt=information_oracle|g=0.004|eta=0.1|bi=0.909091|sf=0.954545|fe=500|seed=6003,abf_fr_information_oracle|tt=information_oracle|g=0.004|eta=0.1|bi=0.909091|sf=0.954545|fe=500,abf_fr_information_oracle,information_oracle,6003,0.004,0.1,0.9090909090909092,0.9545454545454544,500,4500,9.0,0.2692647793909699,0.7452567091793803,0.081287456008607,0.296163306413333,0.3855005345068805,3154,256,0.0,False,0.0,0.0,0,,,,,0.0964845380493706,0.2136588086310551,0.1171742705816845,0.7555353111257007,0.3120035599759085,0.8907027361183834,0.2473712050624001,0.6847704622447783,0.2692647793909699,0.7452567091793803,0.0672868978622516,0.9617657811080784,256.0,1,0.00390625,0,0,,,,,,,,,,,,0.05,0.1,0.296163306413333,0.081287456008607,0.3855005345068805,,,0.41015625,0.06640625,0.41796875
abf_fr_information_oracle|tt=information_oracle|g=0.004|eta=0.1|bi=0.909091|sf=0.954545|fe=500|seed=6003,abf_fr_information_oracle|tt=information_oracle|g=0.004|eta=0.1|bi=0.909091|sf=0.954545|fe=500,abf_fr_information_oracle,information_oracle,6003,0.004,0.1,0.9090909090909092,0.9545454545454544,500,5000,10.0,0.2576931189824031,0.7066110940009787,0.0906609754344476,0.3097033013124861,0.376185227523829,3355,256,0.0,False,0.0,0.0,0,,,,,0.0735321025418933,0.2136588086310551,0.1401267060891617,0.715948621597015,0.2971613018824168,0.845388809772057,0.2372133755886562,0.6492854364583133,0.2576931189824031,0.7066110940009787,0.0661848115808261,0.9403828531404228,256.0,1,0.00390625,0,0,,,,,,,,,,,,0.05,0.1,0.3097033013124861,0.0906609754344476,0.376185227523829,,,0.41015625,0.0546875,0.41796875
abf_fr_information_oracle|tt=information_oracle|g=0.004|eta=0.1|bi=0.909091|sf=0.954545|fe=500|seed=6003,abf_fr_information_oracle|tt=information_oracle|g=0.004|eta=0.1|bi=0.909091|sf=0.954545|fe=500,abf_fr_information_oracle,information_oracle,6003,0.004,0.1,0.9090909090909092,0.9545454545454544,500,5500,11.0,0.2410044138022187,0.662540449438598,0.081505455433864,0.2914450345087648,0.3741701456818262,3527,256,0.0,False,0.0,0.0,0,,,,,0.0805995282584284,0.2136588086310551,0.1330592803726267,0.6690540950517221,0.2779943605399385,0.7929890583868769,0.2219103458282374,0.6091051192949455,0.2410044138022187,0.662540449438598,0.0645864203683578,0.9075511776882276,256.0,1,0.00390625,0,0,,,,,,,,,,,,0.05,0.1,0.2914450345087648,0.081505455433864,0.3741701456818262,,,0.421875,0.07421875,0.39453125
abf_fr_information_oracle|tt=information_oracle|g=0.004|eta=0.1|bi=0.909091|sf=0.954545|fe=500|seed=6003,abf_fr_information_oracle|tt=information_oracle|g=0.004|eta=0.1|bi=0.909091|sf=0.954545|fe=500,abf_fr_information_oracle,information_oracle,6003,0.004,0.1,0.9090909090909092,0.9545454545454544,500,6000,12.0,0.2251435125550742,0.625698472557148,0.0797295867508226,0.291938104291618,0.3758958476844999,3717,256,0.0,False,0.0,0.0,0,,,,,0.1097846125472656,0.2136588086310551,0.1038741960837894,0.6301887892703387,0.2606844084124565,0.7495492860760635,0.2068024626619275,0.575602955243352,0.2251435125550742,0.625698472557148,0.0629793535797472,0.8789342047231774,256.0,1,0.00390625,0,0,,,,,,,,,,,,0.05,0.1,0.291938104291618,0.0797295867508226,0.3758958476844999,,,0.40625,0.05859375,0.4140625
abf_fr_information_oracle|tt=information_oracle|g=0.004|eta=0.1|bi=0.909091|sf=0.954545|fe=500|seed=6003,abf_fr_information_oracle|tt=information_oracle|g=0.004|eta=0.1|bi=0.909091|sf=0.954545|fe=500,abf_fr_information_oracle,information_oracle,6003,0.004,0.1,0.9090909090909092,0.9545454545454544,500,6500,13.0,0.209486421267233,0.5831839984369996,0.0720332270979175,0.2802174795661526,0.3822396877533293,3879,256,0.0,False,0.0,0.0,0,,,,,0.1224519282977532,0.2136588086310551,0.0912068803333019,0.5880809370042752,0.242805889586181,0.6986114017618138,0.1924234398134717,0.5371049393068528,0.209486421267233,0.5831839984369996,0.0599746563936397,0.8304094955030009,256.0,1,0.00390625,0,0,,,,,,,,,,,,0.05,0.1,0.2802174795661526,0.0720332270979175,0.3822396877533293,,,0.43359375,0.07421875,0.37890625
abf_fr_information_oracle|tt=information_oracle|g=0.004|eta=0.1|bi=0.909091|sf=0.954545|fe=500|seed=6003,abf_fr_information_oracle|tt=information_oracle|g=0.004|eta=0.1|bi=0.909091|sf=0.954545|fe=500,abf_fr_information_oracle,information_oracle,6003,0.004,0.1,0.9090909090909092,0.9545454545454544,500,7000,14.0,0.2001260423846481,0.5574469589281719,0.0790949611575124,0.2946163183045844,0.3895343274188813,4097,256,0.0,False,0.0,0.0,0,,,,,0.123045385222646,0.2136588086310551,0.090613423408409,0.5606777477139046,0.2317687056630838,0.667905619365431,0.1839452908990804,0.5136686741944474,0.2001260423846481,0.5574469589281719,0.0580315188259811,0.8047625647241707,256.0,1,0.00390625,0,0,,,,,,,,,,,,0.05,0.1,0.2946163183045844,0.0790949611575124,0.3895343274188813,,,0.4140625,0.06640625,0.3515625
abf_fr_information_oracle|tt=information_oracle|g=0.004|eta=0.1|bi=0.909091|sf=0.954545|fe=500|seed=6003,abf_fr_information_oracle|tt=information_oracle|g=0.004|eta=0.1|bi=0.909091|sf=0.954545|fe=500,abf_fr_information_oracle,information_oracle,6003,0.004,0.1,0.9090909090909092,0.9545454545454544,500,7500,15.0,0.1925348001233368,0.5364532683972495,0.0828918227891429,0.2859767281156871,0.3600632529130833,4260,256,0.0,False,0.0,0.0,0,,,,,0.1280893879295241,0.2136588086310551,0.0855694207015309,0.5398357528800815,0.2230150930925824,0.6429216979836743,0.1769730089274843,0.4945951271985743,0.1925348001233368,0.5364532683972495,0.0568527687525288,0.7811246995707254,256.0,1,0.00390625,0,0,,,,,,,,,,,,0.05,0.1,0.2859767281156871,0.0828918227891429,0.3600632529130833,,,0.390625,0.0859375,0.37890625
abf_fr_information_oracle|tt=information_oracle|g=0.004|eta=0.1|bi=0.909091|sf=0.954545|fe=500|seed=6003,abf_fr_information_oracle|tt=information_oracle|g=0.004|eta=0.1|bi=0.909091|sf=0.954545|fe=500,abf_fr_information_oracle,information_oracle,6003,0.004,0.1,0.9090909090909092,0.9545454545454544,500,8000,16.0,0.1829729133923441,0.5105847896023412,0.0798873546476205,0.2787008863911949,0.3686801632705527,4514,256,0.0,False,0.0,0.0,0,,,,,0.1320797638540796,0.2136588086310551,0.0815790447769755,0.5141891708020757,0.2120975122007285,0.612037565396359,0.1680924567996496,0.4711256742953797,0.1829729133923441,0.5105847896023412,0.0548525705742461,0.7520721790131272,256.0,1,0.00390625,0,0,,,,,,,,,,,,0.05,0.1,0.2787008863911949,0.0798873546476205,0.3686801632705527,,,0.38671875,0.09375,0.359375
abf_fr_information_oracle|tt=information_oracle|g=0.004|eta=0.1|bi=0.909091|sf=0.954545|fe=500|seed=6003,abf_fr_information_oracle|tt=information_oracle|g=0.004|eta=0.1|bi=0.909091|sf=0.954545|fe=500,abf_fr_information_oracle,information_oracle,6003,0.004,0.1,0.9090909090909092,0.9545454545454544,500,8500,17.0,0.17356602040786,0.4871238288616695,0.0706875447060954,0.2736278057687742,0.3928233343998928,4733,256,0.0,False,0.0,0.0,0,,,,,0.1445415151927136,0.2136588086310551,0.0691172934383415,0.4895735576621686,0.2017878119525924,0.5838832930971681,0.1590572097631829,0.4499837608685958,0.17356602040786,0.4871238288616695,0.0527077677535142,0.7203642229222615,256.0,1,0.00390625,0,0,,,,,,,,,,,,0.05,0.1,0.2736278057687742,0.0706875447060954,0.3928233343998928,,,0.38671875,0.1015625,0.33984375
abf_fr_information_oracle|tt=information_oracle|g=0.004|eta=0.1|bi=0.909091|sf=0.954545|fe=500|seed=6003,abf_fr_information_oracle|tt=information_oracle|g=0.004|eta=0.1|bi=0.909091|sf=0.954545|fe=500,abf_fr_information_oracle,information_oracle,6003,0.004,0.1,0.9090909090909092,0.9545454545454544,500,9000,18.0,0.1657117598970152,0.4656851756669712,0.0765351927741954,0.2927961635122261,0.3814479312644309,4905,256,0.0,False,0.0,0.0,0,,,,,0.1506846361043798,0.2136588086310551,0.0629741725266752,0.4677328088749548,0.1928201915609383,0.5582702787261461,0.1518008759571064,0.4307367309939362,0.1657117598970152,0.4656851756669712,0.0504666162044179,0.6889232819968663,256.0,1,0.00390625,0,0,,,,,,,,,,,,0.05,0.1,0.2927961635122261,0.0765351927741954,0.3814479312644309,,,0.3984375,0.07421875,0.3828125
abf_fr_information_oracle|tt=information_oracle|g=0.004|eta=0.1|bi=0.909091|sf=0.954545|fe=500|seed=6003,abf_fr_information_oracle|tt=information_oracle|g=0.004|eta=0.1|bi=0.909091|sf=0.954545|fe=500,abf_fr_information_oracle,information_oracle,6003,0.004,0.1,0.9090909090909092,0.9545454545454544,500,9500,19.0,0.1601374744188382,0.4510226958371398,0.0869904731779708,0.2937491618585424,0.3785523415025261,5156,256,0.0,False,0.0,0.0,0,,,,,0.1533409917490757,0.2136588086310551,0.0603178168819793,0.4524412605669355,0.1863558977108675,0.5408297916591146,0.1466705508573272,0.4175299466473482,0.1601374744188382,0.4510226958371398,0.0494430958882388,0.6742240052246319,256.0,1,0.00390625,0,0,,,,,,,,,,,,0.05,0.1,0.2937491618585424,0.0869904731779708,0.3785523415025261,,,0.41796875,0.07421875,0.359375
abf_fr_information_oracle|tt=information_oracle|g=0.004|eta=0.1|bi=0.909091|sf=0.954545|fe=500|seed=6003,abf_fr_information_oracle|tt=information_oracle|g=0.004|eta=0.1|bi=0.909091|sf=0.954545|fe=500,abf_fr_information_oracle,information_oracle,6003,0.004,0.1,0.9090909090909092,0.9545454545454544,500,10000,20.0,0.1559780352515593,0.4377777471682284,0.0698580128209143,0.2778980201112537,0.3950009004128629,5387,256,0.004,True,0.0,0.0,0,1.214306433183765e-16,1.043091956962576,-3.13568442397324,1.3598677044663918,0.143549059851491,0.2136588086310551,0.0701097487795641,0.4398786222983155,0.1810922322760922,0.5250781888716683,0.1430909492880107,0.4055590512278152,0.1559780352515593,0.4377777471682284,0.0481347696607108,0.6591911346362166,256.0,1,0.00390625,1,0,0.0,-3.1095078647642227,-3.1095078647642227,-1.8495445462246212,-1.8495445462246212,0.1646090440356056,0.1646090440356056,1.2337739903045473,1.2337739903045473,1.355121789573514,1.355121789573514,0.05,0.1,0.2778980201112537,0.0698580128209143,0.3950009004128629,1.043091956962576,1.3598677044663918,0.3828125,0.0859375,0.37109375
abf_fr_information_oracle|tt=information_oracle|g=0.004|eta=0.1|bi=0.909091|sf=0.954545|fe=500|seed=6003,abf_fr_information_oracle|tt=information_oracle|g=0.004|eta=0.1|bi=0.909091|sf=0.954545|fe=500,abf_fr_information_oracle,information_oracle,6003,0.004,0.1,0.9090909090909092,0.9545454545454544,500,10500,21.0,0.1501177784206186,0.4207420983555847,0.0877502230846537,0.2928588170491832,0.3724076282802147,5538,256,0.0,False,0.0,0.0,0,,,,,0.1445368190845428,0.2136588086310551,0.0691219895465122,0.4226470441768598,0.174179930487194,0.5046453213272466,0.1378309067981044,0.3903409461564546,0.1501177784206186,0.4207420983555847,0.0468832065842218,0.6375647758476717,256.0,1,0.00390625,1,0,,,,,,,,,,,,0.05,0.1,0.2928588170491832,0.0877502230846537,0.3724076282802147,,,0.41015625,0.0703125,0.3515625
abf_fr_information_oracle|tt=information_oracle|g=0.004|eta=0.1|bi=0.909091|sf=0.954545|fe=500|seed=6003,abf_fr_information_oracle|tt=information_oracle|g=0.004|eta=0.1|bi=0.909091|sf=0.954545|fe=500,abf_fr_information_oracle,information_oracle,6003,0.004,0.1,0.9090909090909092,0.9545454545454544,500,11000,22.0,0.1462361680793537,0.4069839466048062,0.0810418792649284,0.2869517243911986,0.393647967372448,5682,256,0.0,False,0.0,0.0,0,,,,,0.1357319917980461,0.2136588086310551,0.0779268168330089,0.4101029810540406,0.1692635128680679,0.4881942880583467,0.1344959260831132,0.377911960040342,0.1462361680793537,0.4069839466048062,0.0458531946427707,0.6210541628106662,256.0,1,0.00390625,1,0,,,,,,,,,,,,0.05,0.1,0.2869517243911986,0.0810418792649284,0.393647967372448,,,0.40625,0.078125,0.34765625
abf_fr_information_oracle|tt=information_oracle|g=0.004|eta=0.1|bi=0.909091|sf=0.954545|fe=500|seed=6004,abf_fr_information_oracle|tt=information_oracle|g=0.004|eta=0.1|bi=0.909091|sf=0.954545|fe=500,abf_fr_information_oracle,information_oracle,6004,0.004,0.1,0.9090909090909092,0.9545454545454544,500,0,0.0,2.906603863987052,6.564657815288973,0.0551412441179022,0.2633899507826197,0.3926384427527432,0,256,0.0,False,0.0,0.0,0,,,,,0.0,0.2136588086310551,0.2136588086310551,1.8839792970692677,0.7722826132658906,3.487298309594125,5.408116675855963,9.381946420303988,2.906603863987052,6.564657815288973,0.037083496902375,0.7293641473133242,256.0,1,0.00390625,0,0,,,,,,,,,,,,0.05,0.1,0.2633899507826197,0.0551412441179022,0.3926384427527432,,,0.38671875,0.12890625,0.3046875
abf_fr_information_oracle|tt=information_oracle|g=0.004|eta=0.1|bi=0.909091|sf=0.954545|fe=500|seed=6004,abf_fr_information_oracle|tt=information_oracle|g=0.004|eta=0.1|bi=0.909091|sf=0.954545|fe=500,abf_fr_information_oracle,information_oracle,6004,0.004,0.1,0.9090909090909092,0.9545454545454544,500,500,1.0,0.4918502944431158,1.3161412896073617,0.1037030427638045,0.291976358936204,0.3765059310205143,540,256,0.0,False,0.0,0.0,0,,,,,0.1828586252963902,0.2136588086310551,0.0308001833346649,1.3709841980438149,0.5573471116569715,1.382468299548716,0.5109542366790752,1.214712812655666,0.4918502944431158,1.3161412896073617,0.0626634448406953,0.943002305419736,256.0,1,0.00390625,0,0,,,,,,,,,,,,0.05,0.1,0.291976358936204,0.1037030427638045,0.3765059310205143,,,0.4296875,0.1328125,0.3671875
abf_fr_information_oracle|tt=information_oracle|g=0.004|eta=0.1|bi=0.909091|sf=0.954545|fe=500|seed=6004,abf_fr_information_oracle|tt=information_oracle|g=0.004|eta=0.1|bi=0.909091|sf=0.954545|fe=500,abf_fr_information_oracle,information_oracle,6004,0.004,0.1,0.9090909090909092,0.9545454545454544,500,1000,2.0,0.4362139009208134,1.1822446831843505,0.1037604901676152,0.2935742262240537,0.3751456893489059,1068,256,0.0,False,0.0,0.0,0,,,,,0.3165005552621274,0.2136588086310551,0.1028417466310722,1.2313992027818217,0.5049591589670037,1.319059090812616,0.4254154055440429,1.0884150611020666,0.4362139009208134,1.1822446831843505,0.0681442271339131,1.0182784911339202,256.0,1,0.00390625,0,0,,,,,,,,,,,,0.05,0.1,0.2935742262240537,0.1037604901676152,0.3751456893489059,,,0.44921875,0.125,0.3671875
abf_fr_information_oracle|tt=information_oracle|g=0.004|eta=0.1|bi=0.909091|sf=0.954545|fe=500|seed=6004,abf_fr_information_oracle|tt=information_oracle|g=0.004|eta=0.1|bi=0.909091|sf=0.954545|fe=500,abf_fr_information_oracle,information_oracle,6004,0.004,0.1,0.9090909090909092,0.9545454545454544,500,1500,3.0,0.3879087175848379,1.0541127748709684,0.097226987469761,0.2991044760840891,0.3590596983957392,1451,256,0.0,False,0.0,0.0,0,,,,,0.3299133184239693,0.2136588086310551,0.1162545097929141,1.098710817634171,0.4510436811014702,1.2152839030648803,0.3679409921509251,0.9703618126347286,0.3879087175848379,1.0541127748709684,0.0713556660008761,1.0457783045740818,256.0,1,0.00390625,0,0,,,,,,,,,,,,0.05,0.1,0.2991044760840891,0.097226987469761,0.3590596983957392,,,0.49609375,0.11328125,0.37890625
abf_fr_information_oracle|tt=information_oracle|g=0.004|eta=0.1|bi=0.909091|sf=0.954545|fe=500|seed=6004,abf_fr_information_oracle|tt=information_oracle|g=0.004|eta=0.1|bi=0.909091|sf=0.954545|fe=500,abf_fr_information_oracle,information_oracle,6004,0.004,0.1,0.9090909090909092,0.9545454545454544,500,2000,4.0,0.3710816824559901,0.9826628653585424,0.0999407458503345,0.3000570891886218,0.3445073896377641,1941,256,0.0,False,0.0,0.0,0,,,,,0.4372052414514833,0.2136588086310551,0.2235464328204282,1.0225921256751458,0.4245929662073062,1.1497939314465366,0.3518817141114214,0.9041555774878012,0.3710816824559901,0.9826628653585424,0.0714636574266877,1.0387936954509909,256.0,1,0.00390625,0,0,,,,,,,,,,,,0.05,0.1,0.3000570891886218,0.0999407458503345,0.3445073896377641,,,0.48046875,0.1015625,0.3828125
abf_fr_information_oracle|tt=information_oracle|g=0.004|eta=0.1|bi=0.909091|sf=0.954545|fe=500|seed=6004,abf_fr_information_oracle|tt=information_oracle|g=0.004|eta=0.1|bi=0.909091|sf=0.954545|fe=500,abf_fr_information_oracle,information_oracle,6004,0.004,0.1,0.9090909090909092,0.9545454545454544,500,2500,5.0,0.3589491118067101,0.9441416879981962,0.1068254216857818,0.3086805999280234,0.3468084595958824,2258,256,0.0,False,0.0,0.0,0,,,,,0.471069557957172,0.2136588086310551,0.2574107493261168,0.9766234875845968,0.4083381577906917,1.1142892325850964,0.3387351678855424,0.8685429800535381,0.3589491118067101,0.9441416879981962,0.0708131496946593,1.0337280077206217,256.0,1,0.00390625,0,0,,,,,,,,,,,,0.05,0.1,0.3086805999280234,0.1068254216857818,0.3468084595958824,,,0.4921875,0.078125,0.3828125
abf_fr_information_oracle|tt=information_oracle|g=0.004|eta=0.1|bi=0.909091|sf=0.954545|fe=500|seed=6004,abf_fr_information_oracle|tt=information_oracle|g=0.004|eta=0.1|bi=0.909091|sf=0.954545|fe=500,abf_fr_information_oracle,information_oracle,6004,0.004,0.1,0.9090909090909092,0.9545454545454544,500,3000,6.0,0.3405167388506983,0.8934881324059755,0.0907285350873561,0.2909611819109735,0.3631024462317227,2472,256,0.0,False,0.0,0.0,0,,,,,0.4777186803988549,0.2136588086310551,0.2640598717677997,0.9163892645913636,0.385419841704192,1.0602590537118193,0.3211737215502448,0.8208167875569998,0.3405167388506983,0.8934881324059755,0.0707898475157491,1.0231838639790458,256.0,1,0.00390625,0,0,,,,,,,,,,,,0.05,0.1,0.2909611819109735,0.0907285350873561,0.3631024462317227,,,0.4765625,0.08984375,0.3671875
abf_fr_information_oracle|tt=information_oracle|g=0.004|eta=0.1|bi=0.909091|sf=0.954545|fe=500|seed=6004,abf_fr_information_oracle|tt=information_oracle|g=0.004|eta=0.1|bi=0.909091|sf=0.954545|fe=500,abf_fr_information_oracle,information_oracle,6004,0.004,0.1,0.9090909090909092,0.9545454545454544,500,3500,7.0,0.3286591982039499,0.8413823094890369,0.1164578439829612,0.3127334945508325,0.3575100864683431,2778,256,0.0,False,0.0,0.0,0,,,,,0.5160570310075663,0.2136588086310551,0.3023982223765111,0.8610571626235969,0.3669579642971295,1.0012749756998205,0.3125651268890793,0.7724554960997909,0.3286591982039499,0.8413823094890369,0.0700037042939472,1.0021770025613357,256.0,1,0.00390625,0,0,,,,,,,,,,,,0.05,0.1,0.3127334945508325,0.1164578439829612,0.3575100864683431,,,0.47265625,0.06640625,0.33984375
abf_fr_information_oracle|tt=information_oracle|g=0.004|eta=0.1|bi=0.909091|sf=0.954545|fe=500|seed=6004,abf_fr_information_oracle|tt=information_oracle|g=0.004|eta=0.1|bi=0.909091|sf=0.954545|fe=500,abf_fr_information_oracle,information_oracle,6004,0.004,0.1,0.9090909090909092,0.9545454545454544,500,4000,8.0,0.323004605451372,0.8219644403022403,0.0870601137254736,0.3006479863065966,0.3677652833782481,2963,256,0.0,False,0.0,0.0,0,,,,,0.5284813739043948,0.2136588086310551,0.3148225652733396,0.8362322493776453,0.3587888258924839,0.9803654703302356,0.3077600351657572,0.7544016153010875,0.323004605451372,0.8219644403022403,0.0694466592435147,0.9947317342534564,256.0,1,0.00390625,0,0,,,,,,,,,,,,0.05,0.1,0.3006479863065966,0.0870601137254736,0.3677652833782481,,,0.46875,0.07421875,0.3515625
abf_fr_information_oracle|tt=information_oracle|g=0.004|eta=0.1|bi=0.909091|sf=0.954545|fe=500|seed=6004,abf_fr_information_oracle|tt=information_oracle|g=0.004|eta=0.1|bi=0.909091|sf=0.954545|fe=500,abf_fr_information_oracle,information_oracle,6004,0.004,0.1,0.9090909090909092,0.9545454545454544,500,4500,9.0,0.3091341021829055,0.784736581115077,0.1014441659469994,0.306416791574803,0.3568343890230923,3224,256,0.0,False,0.0,0.0,0,,,,,0.5304282336746056,0.2136588086310551,0.3167694250435504,0.793429777961312,0.342186911238074,0.9371415681270788,0.294475957877445,0.7202430736271478,0.3091341021829055,0.784736581115077,0.0683260575921415,0.9796611265241516,256.0,1,0.00390625,0,0,,,,,,,,,,,,0.05,0.1,0.306416791574803,0.1014441659469994,0.3568343890230923,,,0.47265625,0.06640625,0.359375
abf_fr_information_oracle|tt=information_oracle|g=0.004|eta=0.1|bi=0.909091|sf=0.954545|fe=500|seed=6004,abf_fr_information_oracle|tt=information_oracle|g=0.004|eta=0.1|bi=0.909091|sf=0.954545|fe=500,abf_fr_information_oracle,information_oracle,6004,0.004,0.1,0.9090909090909092,0.9545454545454544,500,5000,10.0,0.2931419657193513,0.7515419220936833,0.0837379450699435,0.3002663889357033,0.3585283595863167,3454,256,0.0,False,0.0,0.0,0,,,,,0.5051008319778525,0.2136588086310551,0.2914420233467973,0.7570694465346852,0.325165040949647,0.8983529842696325,0.278421489516256,0.6899753033714512,0.2931419657193513,0.7515419220936833,0.067246775624607,0.9610859507273248,256.0,1,0.00390625,0,0,,,,,,,,,,,,0.05,0.1,0.3002663889357033,0.0837379450699435,0.3585283595863167,,,0.45703125,0.08203125,0.36328125
abf_fr_information_oracle|tt=information_oracle|g=0.004|eta=0.1|bi=0.909091|sf=0.954545|fe=500|seed=6004,abf_fr_information_oracle|tt=information_oracle|g=0.004|eta=0.1|bi=0.909091|sf=0.954545|fe=500,abf_fr_information_oracle,information_oracle,6004,0.004,0.1,0.9090909090909092,0.9545454545454544,500,5500,11.0,0.2802215062798336,0.7166689964556786,0.0911268688202148,0.2985300551259733,0.3692659339011557,3645,256,0.0,False,0.0,0.0,0,,,,,0.5005210362160177,0.2136588086310551,0.2868622275849626,0.719208519470418,0.3100360313109504,0.8570962130702305,0.2665496635035992,0.65821653029139,0.2802215062798336,0.7166689964556786,0.0655967674025485,0.9342719445869248,256.0,1,0.00390625,0,0,,,,,,,,,,,,0.05,0.1,0.2985300551259733,0.0911268688202148,0.3692659339011557,,,0.4453125,0.07421875,0.37109375
abf_fr_information_oracle|tt=information_oracle|g=0.004|eta=0.1|bi=0.909091|sf=0.954545|fe=500|seed=6004,abf_fr_information_oracle|tt=information_oracle|g=0.004|eta=0.1|bi=0.909091|sf=0.954545|fe=500,abf_fr_information_oracle,information_oracle,6004,0.004,0.1,0.9090909090909092,0.9545454545454544,500,6000,12.0,0.2698412449168681,0.6798997185316811,0.0966194124346424,0.3090641192177816,0.3625368431065912,3858,256,0.0,False,0.0,0.0,0,,,,,0.5064947349054023,0.2136588086310551,0.2928359262743472,0.6820022872561136,0.2969450196136662,0.8139428798534318,0.2573113910634256,0.6247932064771325,0.2698412449168681,0.6798997185316811,0.0645223140351717,0.9075267068005018,256.0,1,0.00390625,0,0,,,,,,,,,,,,0.05,0.1,0.3090641192177816,0.0966194124346424,0.3625368431065912,,,0.45703125,0.06640625,0.390625
abf_fr_information_oracle|tt=information_oracle|g=0.004|eta=0.1|bi=0.909091|sf=0.954545|fe=500|seed=6004,abf_fr_information_oracle|tt=information_oracle|g=0.004|eta=0.1|bi=0.909091|sf=0.954545|fe=500,abf_fr_information_oracle,information_oracle,6004,0.004,0.1,0.9090909090909092,0.9545454545454544,500,6500,13.0,0.2625633527974111,0.6587832293145547,0.0975127063701393,0.3073956366473321,0.3629347737816136,3987,256,0.0,False,0.0,0.0,0,,,,,0.5020040570112023,0.2136588086310551,0.2883452483801472,0.6607453464012298,0.2885850627205006,0.7892372522067442,0.2503524695627315,0.6055885028871022,0.2625633527974111,0.6587832293145547,0.063922455864223,0.8936258122652557,256.0,1,0.00390625,0,0,,,,,,,,,,,,0.05,0.1,0.3073956366473321,0.0975127063701393,0.3629347737816136,,,0.44921875,0.05078125,0.37890625
abf_fr_information_oracle|tt=information_oracle|g=0.004|eta=0.1|bi=0.909091|sf=0.954545|fe=500|seed=6004,abf_fr_information_oracle|tt=information_oracle|g=0.004|eta=0.1|bi=0.909091|sf=0.954545|fe=500,abf_fr_information_oracle,information_oracle,6004,0.004,0.1,0.9090909090909092,0.9545454545454544,500,7000,14.0,0.2542167712599995,0.6303428166156242,0.0863557357222711,0.3073332381968873,0.3793672149775733,4167,256,0.0,False,0.0,0.0,0,,,,,0.5038765028279535,0.2136588086310551,0.2902176941968983,0.6314369653260433,0.2781937708567975,0.7555683062708577,0.2429006679222952,0.5796642637042584,0.2542167712599995,0.6303428166156242,0.0623597779428929,0.865037436159437,256.0,1,0.00390625,0,0,,,,,,,,,,,,0.05,0.1,0.3073332381968873,0.0863557357222711,0.3793672149775733,,,0.46484375,0.046875,0.39453125
abf_fr_information_oracle|tt=information_oracle|g=0.004|eta=0.1|bi=0.909091|sf=0.954545|fe=500|seed=6004,abf_fr_information_oracle|tt=information_oracle|g=0.004|eta=0.1|bi=0.909091|sf=0.954545|fe=500,abf_fr_information_oracle,information_oracle,6004,0.004,0.1,0.9090909090909092,0.9545454545454544,500,7500,15.0,0.2486489959672532,0.6141277087403925,0.0812415297403074,0.2978750649066371,0.3951719298038192,4331,256,0.0,False,0.0,0.0,0,,,,,0.5009681346949009,0.2136588086310551,0.2873093260638457,0.6145196844738591,0.2717258961238709,0.7365708685269696,0.2373861819282301,0.5649131885411631,0.2486489959672532,0.6141277087403925,0.0614162063857706,0.8485328792191033,256.0,1,0.00390625,0,0,,,,,,,,,,,,0.05,0.1,0.2978750649066371,0.0812415297403074,0.3951719298038192,,,0.43359375,0.05859375,0.36328125
abf_fr_information_oracle|tt=information_oracle|g=0.004|eta=0.1|bi=0.909091|sf=0.954545|fe=500|seed=6004,abf_fr_information_oracle|tt=information_oracle|g=0.004|eta=0.1|bi=0.909091|sf=0.954545|fe=500,abf_fr_information_oracle,information_oracle,6004,0.004,0.1,0.9090909090909092,0.9545454545454544,500,8000,16.0,0.244249214320615,0.5961715427043525,0.0713504841541586,0.2941938269982639,0.3903588298380699,4472,256,0.0,False,0.0,0.0,0,,,,,0.5072264958767185,0.2136588086310551,0.2935676872456634,0.5950276792055976,0.2657541019816751,0.7151380193979989,0.2337325541740599,0.5485970908556159,0.244249214320615,0.5961715427043525,0.059911764298666,0.8284389180504022,256.0,1,0.00390625,0,0,,,,,,,,,,,,0.05,0.1,0.2941938269982639,0.0713504841541586,0.3903588298380699,,,0.390625,0.07421875,0.33984375
abf_fr_information_oracle|tt=information_oracle|g=0.004|eta=0.1|bi=0.909091|sf=0.954545|fe=500|seed=6004,abf_fr_information_oracle|tt=information_oracle|g=0.004|eta=0.1|bi=0.909091|sf=0.954545|fe=500,abf_fr_information_oracle,information_oracle,6004,0.004,0.1,0.9090909090909092,0.9545454545454544,500,8500,17.0,0.2397257448077532,0.5769658543201822,0.0825242971680187,0.3004754355711842,0.3857618693189015,4652,256,0.0,False,0.0,0.0,0,,,,,0.5118788502920779,0.2136588086310551,0.2982200416610228,0.576632885863204,0.2595973274116876,0.6920658616107972,0.2302720561409651,0.5311963195281965,0.2397257448077532,0.5769658543201822,0.0583387689818973,0.8057454063806676,256.0,1,0.00390625,0,0,,,,,,,,,,,,0.05,0.1,0.3004754355711842,0.0825242971680187,0.3857618693189015,,,0.42578125,0.05859375,0.35546875
abf_fr_information_oracle|tt=information_oracle|g=0.004|eta=0.1|bi=0.909091|sf=0.954545|fe=500|seed=6004,abf_fr_information_oracle|tt=information_oracle|g=0.004|eta=0.1|bi=0.909091|sf=0.954545|fe=500,abf_fr_information_oracle,information_oracle,6004,0.004,0.1,0.9090909090909092,0.9545454545454544,500,9000,18.0,0.2356288836034366,0.5650712006447786,0.0795785472978705,0.2951929622169518,0.3797544279215733,4802,256,0.0,False,0.0,0.0,0,,,,,0.5102744166984827,0.2136588086310551,0.2966156080674276,0.5632378613175408,0.254461032284989,0.6777653161453632,0.2270376645807078,0.5203229186992758,0.2356288836034366,0.5650712006447786,0.0573913701423754,0.7938589328456505,256.0,1,0.00390625,0,0,,,,,,,,,,,,0.05,0.1,0.2951929622169518,0.0795785472978705,0.3797544279215733,,,0.43359375,0.06640625,0.33984375
abf_fr_information_oracle|tt=information_oracle|g=0.004|eta=0.1|bi=0.909091|sf=0.954545|fe=500|seed=6004,abf_fr_information_oracle|tt=information_oracle|g=0.004|eta=0.1|bi=0.909091|sf=0.954545|fe=500,abf_fr_information_oracle,information_oracle,6004,0.004,0.1,0.9090909090909092,0.9545454545454544,500,9500,19.0,0.2299151755735437,0.5474886720481952,0.0802064179811148,0.2978834454723778,0.3880322518348785,5001,256,0.0,False,0.0,0.0,0,,,,,0.5086154678869796,0.2136588086310551,0.2949566592559245,0.5455761733727365,0.247715692772774,0.6566803510155339,0.221798163106999,0.5043248534447835,0.2299151755735437,0.5474886720481952,0.0557131087643304,0.7715765533264964,256.0,1,0.00390625,0,0,,,,,,,,,,,,0.05,0.1,0.2978834454723778,0.0802064179811148,0.3880322518348785,,,0.390625,0.06640625,0.37890625
abf_fr_information_oracle|tt=information_oracle|g=0.004|eta=0.1|bi=0.909091|sf=0.954545|fe=500|seed=6004,abf_fr_information_oracle|tt=information_oracle|g=0.004|eta=0.1|bi=0.909091|sf=0.954545|fe=500,abf_fr_information_oracle,information_oracle,6004,0.004,0.1,0.9090909090909092,0.9545454545454544,500,10000,20.0,0.2238345228738781,0.5245156100394688,0.0780756668059136,0.3017136088155277,0.390564266443105,5207,256,0.004,True,0.0,0.0,0,-2.4286128663675302e-17,0.931732022071077,-3.833587862913518,1.1733622744603265,0.50994883393642,0.2136588086310551,0.2962900253053648,0.5226138205407306,0.2400739832541584,0.6291548922439101,0.2164688137463181,0.4835198663479325,0.2238345228738781,0.5245156100394688,0.0542726496023369,0.7442107512365345,256.0,1,0.00390625,1,0,0.0,-3.446101821940159,-3.446101821940159,-1.171375132947102,-1.171375132947102,0.1870942983622031,0.1870942983622031,0.822366224458522,0.822366224458522,1.164377610964438,1.164377610964438,0.05,0.1,0.3017136088155277,0.0780756668059136,0.390564266443105,0.931732022071077,1.1733622744603265,0.4375,0.0625,0.390625
abf_fr_information_oracle|tt=information_oracle|g=0.004|eta=0.1|bi=0.909091|sf=0.954545|fe=500|seed=6004,abf_fr_information_oracle|tt=information_oracle|g=0.004|eta=0.1|bi=0.909091|sf=0.954545|fe=500,abf_fr_information_oracle,information_oracle,6004,0.004,0.1,0.9090909090909092,0.9545454545454544,500,10500,21.0,0.2203383239690758,0.5104674001368263,0.063995331848903,0.2853238398176883,0.3915352354804712,5373,256,0.0,False,0.0,0.0,0,,,,,0.5124359641875849,0.2136588086310551,0.2987771555565297,0.5084419247847378,0.2354424254017138,0.6124288787099805,0.2133880562223884,0.4707682164865603,0.2203383239690758,0.5104674001368263,0.0529892330747223,0.7261395874627733,256.0,1,0.00390625,1,0,,,,,,,,,,,,0.05,0.1,0.2853238398176883,0.063995331848903,0.3915352354804712,,,0.421875,0.07421875,0.375
abf_fr_information_oracle|tt=information_oracle|g=0.004|eta=0.1|bi=0.909091|sf=0.954545|fe=500|seed=6004,abf_fr_information_oracle|tt=information_oracle|g=0.004|eta=0.1|bi=0.909091|sf=0.954545|fe=500,abf_fr_information_oracle,information_oracle,6004,0.004,0.1,0.9090909090909092,0.9545454545454544,500,11000,22.0,0.2182159878431987,0.4950956037821023,0.0838280557718896,0.2980913882521289,0.3744505106023587,5588,256,0.0,False,0.0,0.0,0,,,,,0.5220295105481654,0.2136588086310551,0.3083707019171102,0.4923162095817873,0.2315402717386283,0.5939946940935675,0.2122366940116584,0.4568730028984724,0.2182159878431987,0.4950956037821023,0.0516787090694169,0.7069423541061408,256.0,1,0.00390625,1,0,,,,,,,,,,,,0.05,0.1,0.2980913882521289,0.0838280557718896,0.3744505106023587,,,0.40625,0.0703125,0.37109375
abf_fr_information_oracle|tt=information_oracle|g=0.004|eta=0.1|bi=0.909091|sf=0.954545|fe=500|seed=6005,abf_fr_information_oracle|tt=information_oracle|g=0.004|eta=0.1|bi=0.909091|sf=0.954545|fe=500,abf_fr_information_oracle,information_oracle,6005,0.004,0.1,0.9090909090909092,0.9545454545454544,500,0,0.0,2.906603863987052,6.564657815288973,0.0445363447074211,0.2558796327042333,0.4041134501532037,0,256,0.0,False,0.0,0.0,0,,,,,0.0,0.2136588086310551,0.2136588086310551,1.8839792970692677,0.7722826132658906,3.487298309594125,5.408116675855963,9.381946420303988,2.906603863987052,6.564657815288973,0.037083496902375,0.7293641473133242,256.0,1,0.00390625,0,0,,,,,,,,,,,,0.05,0.1,0.2558796327042333,0.0445363447074211,0.4041134501532037,,,0.296875,0.1484375,0.359375
abf_fr_information_oracle|tt=information_oracle|g=0.004|eta=0.1|bi=0.909091|sf=0.954545|fe=500|seed=6005,abf_fr_information_oracle|tt=information_oracle|g=0.004|eta=0.1|bi=0.909091|sf=0.954545|fe=500,abf_fr_information_oracle,information_oracle,6005,0.004,0.1,0.9090909090909092,0.9545454545454544,500,500,1.0,0.551930450350401,1.3726877664152868,0.083664854193706,0.2831832900187037,0.3751118013729191,514,256,0.0,False,0.0,0.0,0,,,,,0.7295952563836288,0.2136588086310551,0.5159364477525736,1.4827559049223793,0.6302010420733493,1.5215829497832307,0.5381012736104361,1.264803319334039,0.551930450350401,1.3726877664152868,0.0756544896812508,1.1054553143400614,256.0,1,0.00390625,0,0,,,,,,,,,,,,0.05,0.1,0.2831832900187037,0.083664854193706,0.3751118013729191,,,0.35546875,0.16015625,0.39453125
abf_fr_information_oracle|tt=information_oracle|g=0.004|eta=0.1|bi=0.909091|sf=0.954545|fe=500|seed=6005,abf_fr_information_oracle|tt=information_oracle|g=0.004|eta=0.1|bi=0.909091|sf=0.954545|fe=500,abf_fr_information_oracle,information_oracle,6005,0.004,0.1,0.9090909090909092,0.9545454545454544,500,1000,2.0,0.4764501129323692,1.1915542672459394,0.1058772711628795,0.2958854268035269,0.3755509959674789,965,256,0.0,False,0.0,0.0,0,,,,,0.6888302858819522,0.2136588086310551,0.475171477250897,1.2659655981051294,0.5432856307811953,1.372767620987452,0.4503661273470959,1.0966402773216528,0.4764501129323692,1.1915542672459394,0.0773061623697316,1.1174134073722748,256.0,1,0.00390625,0,0,,,,,,,,,,,,0.05,0.1,0.2958854268035269,0.1058772711628795,0.3755509959674789,,,0.38671875,0.12890625,0.42578125
abf_fr_information_oracle|tt=information_oracle|g=0.004|eta=0.1|bi=0.909091|sf=0.954545|fe=500|seed=6005,abf_fr_information_oracle|tt=information_oracle|g=0.004|eta=0.1|bi=0.909091|sf=0.954545|fe=500,abf_fr_information_oracle,information_oracle,6005,0.004,0.1,0.9090909090909092,0.9545454545454544,500,1500,3.0,0.4392820391779138,1.1047671029092505,0.0942481021426563,0.3022801689996431,0.3664320484231524,1363,256,0.0,False,0.0,0.0,0,,,,,0.653811362242493,0.2136588086310551,0.4401525536114379,1.1556646804225204,0.4988284531171266,1.2948863388087954,0.410011630404045,1.016889857773325,0.4392820391779138,1.1047671029092505,0.0778144728272835,1.1210836655799017,256.0,1,0.00390625,0,0,,,,,,,,,,,,0.05,0.1,0.3022801689996431,0.0942481021426563,0.3664320484231524,,,0.41015625,0.09375,0.4765625
abf_fr_information_oracle|tt=information_oracle|g=0.004|eta=0.1|bi=0.909091|sf=0.954545|fe=500|seed=6005,abf_fr_information_oracle|tt=information_oracle|g=0.004|eta=0.1|bi=0.909091|sf=0.954545|fe=500,abf_fr_information_oracle,information_oracle,6005,0.004,0.1,0.9090909090909092,0.9545454545454544,500,2000,4.0,0.398473760826569,1.0122329372003536,0.0831816064646909,0.292980214573926,0.3692291223432221,1788,256,0.0,False,0.0,0.0,0,,,,,0.6104552068006832,0.2136588086310551,0.3967963981696281,1.0468006757014985,0.4517627040632221,1.1974425641978153,0.3691535514214254,0.9321165405557316,0.398473760826569,1.0122329372003536,0.076524561541599,1.1016618243691874,256.0,1,0.00390625,0,0,,,,,,,,,,,,0.05,0.1,0.292980214573926,0.0831816064646909,0.3692291223432221,,,0.3671875,0.1015625,0.4765625
abf_fr_information_oracle|tt=information_oracle|g=0.004|eta=0.1|bi=0.909091|sf=0.954545|fe=500|seed=6005,abf_fr_information_oracle|tt=information_oracle|g=0.004|eta=0.1|bi=0.909091|sf=0.954545|fe=500,abf_fr_information_oracle,information_oracle,6005,0.004,0.1,0.9090909090909092,0.9545454545454544,500,2500,5.0,0.3623107492375894,0.9351213597647038,0.0875647057663778,0.2926156704332358,0.3866955173263185,2126,256,0.0,False,0.0,0.0,0,,,,,0.5619492722790689,0.2136588086310551,0.3482904636480137,0.95524807783977,0.4109510567286937,1.110535715874217,0.3348924190214928,0.8615004509463318,0.3623107492375894,0.9351213597647038,0.0758359163668202,1.084458849777505,256.0,1,0.00390625,0,0,,,,,,,,,,,,0.05,0.1,0.2926156704332358,0.0875647057663778,0.3866955173263185,,,0.36328125,0.0859375,0.46484375
abf_fr_information_oracle|tt=information_oracle|g=0.004|eta=0.1|bi=0.909091|sf=0.954545|fe=500|seed=6005,abf_fr_information_oracle|tt=information_oracle|g=0.004|eta=0.1|bi=0.909091|sf=0.954545|fe=500,abf_fr_information_oracle,information_oracle,6005,0.004,0.1,0.9090909090909092,0.9545454545454544,500,3000,6.0,0.3433969489475236,0.8889543211116782,0.0767384782020478,0.2934718311497606,0.3932744762358419,2419,256,0.0,False,0.0,0.0,0,,,,,0.5462415174514454,0.2136588086310551,0.3325827088203903,0.9005500543371314,0.3878277831702287,1.060123778142625,0.3174538664337901,0.8183452195934519,0.3433969489475236,0.8889543211116782,0.0752795597251531,1.0722585146896666,256.0,1,0.00390625,0,0,,,,,,,,,,,,0.05,0.1,0.2934718311497606,0.0767384782020478,0.3932744762358419,,,0.359375,0.08984375,0.46484375
abf_fr_information_oracle|tt=information_oracle|g=0.004|eta=0.1|bi=0.909091|sf=0.954545|fe=500|seed=6005,abf_fr_information_oracle|tt=information_oracle|g=0.004|eta=0.1|bi=0.909091|sf=0.954545|fe=500,abf_fr_information_oracle,information_oracle,6005,0.004,0.1,0.9090909090909092,0.9545454545454544,500,3500,7.0,0.3308320550923941,0.8546055708989336,0.0818619209343331,0.2961247601123645,0.3824499046462343,2637,256,0.0,False,0.0,0.0,0,,,,,0.5437069672560817,0.2136588086310551,0.3300481586250265,0.8597001262942733,0.3715563160468335,1.0216763330296723,0.3065297975722294,0.7857658785483842,0.3308320550923941,0.8546055708989336,0.0745654146265752,1.0610783025887591,256.0,1,0.00390625,0,0,,,,,,,,,,,,0.05,0.1,0.2961247601123645,0.0818619209343331,0.3824499046462343,,,0.37109375,0.06640625,0.4765625
abf_fr_information_oracle|tt=information_oracle|g=0.004|eta=0.1|bi=0.909091|sf=0.954545|fe=500|seed=6005,abf_fr_information_oracle|tt=information_oracle|g=0.004|eta=0.1|bi=0.909091|sf=0.954545|fe=500,abf_fr_information_oracle,information_oracle,6005,0.004,0.1,0.9090909090909092,0.9545454545454544,500,4000,8.0,0.3158811989526504,0.8124731318894907,0.090411923616411,0.2983689025036455,0.3789183193589401,2900,256,0.0,False,0.0,0.0,0,,,,,0.5385377618274916,0.2136588086310551,0.3248789531964364,0.8146991413147557,0.353659418165514,0.9729497054849862,0.2930345956755844,0.7470737463096875,0.3158811989526504,0.8124731318894907,0.0716104002876441,1.0219333431131563,256.0,1,0.00390625,0,0,,,,,,,,,,,,0.05,0.1,0.2983689025036455,0.090411923616411,0.3789183193589401,,,0.3671875,0.078125,0.484375
abf_fr_information_oracle|tt=information_oracle|g=0.004|eta=0.1|bi=0.909091|sf=0.954545|fe=500|seed=6005,abf_fr_information_oracle|tt=information_oracle|g=0.004|eta=0.1|bi=0.909091|sf=0.954545|fe=500,abf_fr_information_oracle,information_oracle,6005,0.004,0.1,0.9090909090909092,0.9545454545454544,500,4500,9.0,0.2964384540455637,0.768257488850385,0.0993984860835234,0.3090380726699768,0.3753285469908688,3176,256,0.0,False,0.0,0.0,0,,,,,0.5100568696629253,0.2136588086310551,0.2963980610318701,0.7672182632284757,0.3320473531010511,0.9208216382851748,0.2746372075487407,0.7066314672144821,0.2964384540455637,0.768257488850385,0.0696859623612708,0.9892535449450977,256.0,1,0.00390625,0,0,,,,,,,,,,,,0.05,0.1,0.3090380726699768,0.0993984860835234,0.3753285469908688,,,0.390625,0.0625,0.44921875
abf_fr_information_oracle|tt=information_oracle|g=0.004|eta=0.1|bi=0.909091|sf=0.954545|fe=500|seed=6005,abf_fr_information_oracle|tt=information_oracle|g=0.004|eta=0.1|bi=0.909091|sf=0.954545|fe=500,abf_fr_information_oracle,information_oracle,6005,0.004,0.1,0.9090909090909092,0.9545454545454544,500,5000,10.0,0.2862048070029809,0.7434023941998569,0.0927603464474785,0.2995190240213319,0.381675401979265,3400,256,0.0,False,0.0,0.0,0,,,,,0.4996049426932245,0.2136588086310551,0.2859461340621694,0.7388192685168026,0.3202599418488536,0.891584680476265,0.2654977338643245,0.6835370408054784,0.2862048070029809,0.7434023941998569,0.0688217223900608,0.9746653822784616,256.0,1,0.00390625,0,0,,,,,,,,,,,,0.05,0.1,0.2995190240213319,0.0927603464474785,0.381675401979265,,,0.3828125,0.05859375,0.45703125
abf_fr_information_oracle|tt=information_oracle|g=0.004|eta=0.1|bi=0.909091|sf=0.954545|fe=500|seed=6005,abf_fr_information_oracle|tt=information_oracle|g=0.004|eta=0.1|bi=0.909091|sf=0.954545|fe=500,abf_fr_information_oracle,information_oracle,6005,0.004,0.1,0.9090909090909092,0.9545454545454544,500,5500,11.0,0.2700024376050509,0.6896777972598866,0.0872064149225576,0.2905726497257437,0.3717317619432945,3596,256,0.0,False,0.0,0.0,0,,,,,0.501934206864874,0.2136588086310551,0.2882753982338188,0.6854102650117239,0.3004613078203961,0.8274472074108231,0.2514229097484269,0.6344904950413337,0.2700024376050509,0.6896777972598866,0.065954159385259,0.9261230317368252,256.0,1,0.00390625,0,0,,,,,,,,,,,,0.05,0.1,0.2905726497257437,0.0872064149225576,0.3717317619432945,,,0.3671875,0.0703125,0.46875
abf_fr_information_oracle|tt=information_oracle|g=0.004|eta=0.1|bi=0.909091|sf=0.954545|fe=500|seed=6005,abf_fr_information_oracle|tt=information_oracle|g=0.004|eta=0.1|bi=0.909091|sf=0.954545|fe=500,abf_fr_information_oracle,information_oracle,6005,0.004,0.1,0.9090909090909092,0.9545454545454544,500,6000,12.0,0.2608604998771405,0.6549293206029294,0.0969684324233984,0.3050141102121114,0.3836721361001279,3741,256,0.0,False,0.0,0.0,0,,,,,0.5133302396984369,0.2136588086310551,0.2996714310673818,0.6487399780872912,0.2882794009123036,0.7860319463962229,0.2439929679530399,0.6027290500695934,0.2608604998771405,0.6549293206029294,0.0643153158571014,0.8967079579646379,256.0,1,0.00390625,0,0,,,,,,,,,,,,0.05,0.1,0.3050141102121114,0.0969684324233984,0.3836721361001279,,,0.3515625,0.05078125,0.4609375
abf_fr_information_oracle|tt=information_oracle|g=0.004|eta=0.1|bi=0.909091|sf=0.954545|fe=500|seed=6005,abf_fr_information_oracle|tt=information_oracle|g=0.004|eta=0.1|bi=0.909091|sf=0.954545|fe=500,abf_fr_information_oracle,information_oracle,6005,0.004,0.1,0.9090909090909092,0.9545454545454544,500,6500,13.0,0.2459707210285729,0.6117365303559196,0.0806743280780256,0.2915903773526514,0.3792423134416985,3876,256,0.0,False,0.0,0.0,0,,,,,0.506920400069486,0.2136588086310551,0.2932615914384309,0.6038971321049759,0.2708603548593025,0.7343100710841394,0.2304418042531654,0.5631633499720926,0.2459707210285729,0.6117365303559196,0.0617203447329952,0.8547032709135952,256.0,1,0.00390625,0,0,,,,,,,,,,,,0.05,0.1,0.2915903773526514,0.0806743280780256,0.3792423134416985,,,0.35546875,0.0625,0.43359375
abf_fr_information_oracle|tt=information_oracle|g=0.004|eta=0.1|bi=0.909091|sf=0.954545|fe=500|seed=6005,abf_fr_information_oracle|tt=information_oracle|g=0.004|eta=0.1|bi=0.909091|sf=0.954545|fe=500,abf_fr_information_oracle,information_oracle,6005,0.004,0.1,0.9090909090909092,0.9545454545454544,500,7000,14.0,0.2369018774434348,0.578116100977423,0.0861991908719415,0.3021641276866982,0.3842485644549447,3982,256,0.0,False,0.0,0.0,0,,,,,0.5105600562442696,0.2136588086310551,0.2969012476132144,0.570562118113712,0.2592937031147404,0.6940214998571345,0.2228400680859414,0.5324250034365047,0.2369018774434348,0.578116100977423,0.0598487584508335,0.8205238749254933,256.0,1,0.00390625,0,0,,,,,,,,,,,,0.05,0.1,0.3021641276866982,0.0861991908719415,0.3842485644549447,,,0.35546875,0.0625,0.43359375
abf_fr_information_oracle|tt=information_oracle|g=0.004|eta=0.1|bi=0.909091|sf=0.954545|fe=500|seed=6005,abf_fr_information_oracle|tt=information_oracle|g=0.004|eta=0.1|bi=0.909091|sf=0.954545|fe=500,abf_fr_information_oracle,information_oracle,6005,0.004,0.1,0.9090909090909092,0.9545454545454544,500,7500,15.0,0.2330488140905756,0.5529806469740732,0.0840584075594025,0.2969945143412698,0.4070418485244801,4127,256,0.0,False,0.0,0.0,0,,,,,0.5269042010364338,0.2136588086310551,0.3132453924053786,0.5441583853369256,0.2527514574861776,0.6638902204515377,0.2203421556657798,0.5095145230653463,0.2330488140905756,0.5529806469740732,0.0581219537140439,0.7910588669984786,256.0,1,0.00390625,0,0,,,,,,,,,,,,0.05,0.1,0.2969945143412698,0.0840584075594025,0.4070418485244801,,,0.34765625,0.06640625,0.4296875
abf_fr_information_oracle|tt=information_oracle|g=0.004|eta=0.1|bi=0.909091|sf=0.954545|fe=500|seed=6005,abf_fr_information_oracle|tt=information_oracle|g=0.004|eta=0.1|bi=0.909091|sf=0.954545|fe=500,abf_fr_information_oracle,information_oracle,6005,0.004,0.1,0.9090909090909092,0.9545454545454544,500,8000,16.0,0.2276506677916141,0.5300531956625693,0.0912001758925097,0.3089529687705609,0.4079151999311609,4251,256,0.0,False,0.0,0.0,0,,,,,0.5317130037436613,0.2136588086310551,0.3180541951126061,0.5205034596222425,0.2454474423682743,0.6364853258956922,0.2160889393894278,0.4885888527961058,0.2276506677916141,0.5300531956625693,0.0564440254288625,0.763669553606252,256.0,1,0.00390625,0,0,,,,,,,,,,,,0.05,0.1,0.3089529687705609,0.0912001758925097,0.4079151999311609,,,0.35546875,0.046875,0.43359375
abf_fr_information_oracle|tt=information_oracle|g=0.004|eta=0.1|bi=0.909091|sf=0.954545|fe=500|seed=6005,abf_fr_information_oracle|tt=information_oracle|g=0.004|eta=0.1|bi=0.909091|sf=0.954545|fe=500,abf_fr_information_oracle,information_oracle,6005,0.004,0.1,0.9090909090909092,0.9545454545454544,500,8500,17.0,0.2225320281253175,0.5121358990187029,0.1034561297628851,0.3222850117670308,0.3787871876989787,4360,256,0.0,False,0.0,0.0,0,,,,,0.5315616671356018,0.2136588086310551,0.3179028585045467,0.5029147248634244,0.2392571944430838,0.6151112496339761,0.2113597260588772,0.4723581882771513,0.2225320281253175,0.5121358990187029,0.0554885028215104,0.7453776462051516,256.0,1,0.00390625,0,0,,,,,,,,,,,,0.05,0.1,0.3222850117670308,0.1034561297628851,0.3787871876989787,,,0.359375,0.0390625,0.42578125
abf_fr_information_oracle|tt=information_oracle|g=0.004|eta=0.1|bi=0.909091|sf=0.954545|fe=500|seed=6005,abf_fr_information_oracle|tt=information_oracle|g=0.004|eta=0.1|bi=0.909091|sf=0.954545|fe=500,abf_fr_information_oracle,information_oracle,6005,0.004,0.1,0.9090909090909092,0.9545454545454544,500,9000,18.0,0.2177837900160612,0.4972910346016119,0.0942054016042165,0.3092240089976739,0.4053603626966299,4457,256,0.0,False,0.0,0.0,0,,,,,0.5302966590048364,0.2136588086310551,0.3166378503737812,0.4876790274682669,0.2335320684088835,0.5973576425801767,0.2071444581891607,0.4588270132813019,0.2177837900160612,0.4972910346016119,0.0539176681305976,0.7254621699681623,256.0,1,0.00390625,0,0,,,,,,,,,,,,0.05,0.1,0.3092240089976739,0.0942054016042165,0.4053603626966299,,,0.34765625,0.0546875,0.4609375
abf_fr_information_oracle|tt=information_oracle|g=0.004|eta=0.1|bi=0.909091|sf=0.954545|fe=500|seed=6005,abf_fr_information_oracle|tt=information_oracle|g=0.004|eta=0.1|bi=0.909091|sf=0.954545|fe=500,abf_fr_information_oracle,information_oracle,6005,0.004,0.1,0.9090909090909092,0.9545454545454544,500,9500,19.0,0.2096596438634515,0.4731654165287095,0.0968763108656387,0.3080931013558608,0.3879100193771675,4574,256,0.0,False,0.0,0.0,0,,,,,0.5228287736453971,0.2136588086310551,0.309169965014342,0.4648783604023254,0.2240855396682891,0.5684236112665706,0.1998056716384135,0.4371569963843231,0.2096596438634515,0.4731654165287095,0.0521262545303734,0.6952636350395927,256.0,1,0.00390625,0,0,,,,,,,,,,,,0.05,0.1,0.3080931013558608,0.0968763108656387,0.3879100193771675,,,0.3359375,0.04296875,0.48046875
abf_fr_information_oracle|tt=information_oracle|g=0.004|eta=0.1|bi=0.909091|sf=0.954545|fe=500|seed=6005,abf_fr_information_oracle|tt=information_oracle|g=0.004|eta=0.1|bi=0.909091|sf=0.954545|fe=500,abf_fr_information_oracle,information_oracle,6005,0.004,0.1,0.9090909090909092,0.9545454545454544,500,10000,20.0,0.200557268629914,0.4493057763562536,0.0996571228037114,0.3097863166815063,0.3685504146831034,4643,256,0.004,True,0.0,0.0,0,2.775557561562892e-17,0.9809335640881888,-3.58368731006074,1.292675923428641,0.5114701718556454,0.2136588086310551,0.2978113632245902,0.4425189279428341,0.2142398261154881,0.5397097179792323,0.1910562359334181,0.4156566705124351,0.200557268629914,0.4493057763562536,0.050218911363769,0.6639271393275336,256.0,1,0.00390625,1,0,0.0,-3.3428311256623084,-3.3428311256623084,-1.0348530262358024,-1.0348530262358024,0.0315957540560842,0.0315957540560842,1.0217171275160506,1.0217171275160506,1.281379332349975,1.281379332349975,0.05,0.1,0.3097863166815063,0.0996571228037114,0.3685504146831034,0.9809335640881888,1.292675923428641,0.33984375,0.04296875,0.46484375
abf_fr_information_oracle|tt=information_oracle|g=0.004|eta=0.1|bi=0.909091|sf=0.954545|fe=500|seed=6005,abf_fr_information_oracle|tt=information_oracle|g=0.004|eta=0.1|bi=0.909091|sf=0.954545|fe=500,abf_fr_information_oracle,information_oracle,6005,0.004,0.1,0.9090909090909092,0.9545454545454544,500,10500,21.0,0.1895016308464704,0.4222331724112434,0.0815190576010177,0.2879362695627699,0.3873668796308052,4731,256,0.0,False,0.0,0.0,0,,,,,0.4962764123976058,0.2136588086310551,0.2826176037665506,0.4172824683153204,0.2024625564311181,0.5071761435535692,0.1804096573352656,0.3914646861957807,0.1895016308464704,0.4222331724112434,0.0478327856921068,0.6280469737720301,256.0,1,0.00390625,1,0,,,,,,,,,,,,0.05,0.1,0.2879362695627699,0.0815190576010177,0.3873668796308052,,,0.33984375,0.06640625,0.41796875
abf_fr_information_oracle|tt=information_oracle|g=0.004|eta=0.1|bi=0.909091|sf=0.954545|fe=500|seed=6005,abf_fr_information_oracle|tt=information_oracle|g=0.004|eta=0.1|bi=0.909091|sf=0.954545|fe=500,abf_fr_information_oracle,information_oracle,6005,0.004,0.1,0.9090909090909092,0.9545454545454544,500,11000,22.0,0.1797275920444077,0.3968671147549825,0.0799982625904213,0.2882766710122314,0.3866408279005719,4805,256,0.0,False,0.0,0.0,0,,,,,0.4849792222433571,0.2136588086310551,0.2713204136123019,0.3928129128961338,0.1919410693815753,0.4766566348261768,0.1711701386706918,0.3687931305863156,0.1797275920444077,0.3968671147549825,0.0453652650373281,0.5907953885383068,256.0,1,0.00390625,1,0,,,,,,,,,,,,0.05,0.1,0.2882766710122314,0.0799982625904213,0.3866408279005719,,,0.34375,0.07421875,0.4609375
abf_fr_information_oracle|tt=information_oracle|g=0.004|eta=0.1|bi=0.909091|sf=0.954545|fe=500|seed=6006,abf_fr_information_oracle|tt=information_oracle|g=0.004|eta=0.1|bi=0.909091|sf=0.954545|fe=500,abf_fr_information_oracle,information_oracle,6006,0.004,0.1,0.9090909090909092,0.9545454545454544,500,0,0.0,2.906603863987052,6.564657815288973,0.0615385677884395,0.230536039950164,0.3870790514676084,0,256,0.0,False,0.0,0.0,0,,,,,0.0,0.2136588086310551,0.2136588086310551,1.8839792970692677,0.7722826132658906,3.487298309594125,5.408116675855963,9.381946420303988,2.906603863987052,6.564657815288973,0.037083496902375,0.7293641473133242,256.0,1,0.00390625,0,0,,,,,,,,,,,,0.05,0.1,0.230536039950164,0.0615385677884395,0.3870790514676084,,,0.359375,0.2109375,0.3046875
abf_fr_information_oracle|tt=information_oracle|g=0.004|eta=0.1|bi=0.909091|sf=0.954545|fe=500|seed=6006,abf_fr_information_oracle|tt=information_oracle|g=0.004|eta=0.1|bi=0.909091|sf=0.954545|fe=500,abf_fr_information_oracle,information_oracle,6006,0.004,0.1,0.9090909090909092,0.9545454545454544,500,500,1.0,0.5997623603887957,1.352738064828684,0.1011590189359308,0.2843375357407408,0.346056713966463,784,256,0.0,False,0.0,0.0,0,,,,,-0.4884458768856312,0.2136588086310551,0.7021046855166864,1.5165699982327212,0.6600180544835684,1.4795768579395638,0.5985716051657759,1.2523971984669826,0.5997623603887957,1.352738064828684,0.0604777755578149,0.9444306091850606,256.0,1,0.00390625,0,0,,,,,,,,,,,,0.05,0.1,0.2843375357407408,0.1011590189359308,0.346056713966463,,,0.4375,0.15625,0.34765625
abf_fr_information_oracle|tt=information_oracle|g=0.004|eta=0.1|bi=0.909091|sf=0.954545|fe=500|seed=6006,abf_fr_information_oracle|tt=information_oracle|g=0.004|eta=0.1|bi=0.909091|sf=0.954545|fe=500,abf_fr_information_oracle,information_oracle,6006,0.004,0.1,0.9090909090909092,0.9545454545454544,500,1000,2.0,0.4999604042784948,1.181402687561405,0.1158810933005179,0.3061461274914765,0.3382725971521876,1346,256,0.0,False,0.0,0.0,0,,,,,-0.3363133745189799,0.2136588086310551,0.549972183150035,1.287639646088342,0.555807422004456,1.3495586283304748,0.485621281118917,1.0920766184874957,0.4999604042784948,1.181402687561405,0.068227554752018,1.0437464267081906,256.0,1,0.00390625,0,0,,,,,,,,,,,,0.05,0.1,0.3061461274914765,0.1158810933005179,0.3382725971521876,,,0.44921875,0.1328125,0.37109375
abf_fr_information_oracle|tt=information_oracle|g=0.004|eta=0.1|bi=0.909091|sf=0.954545|fe=500|seed=6006,abf_fr_information_oracle|tt=information_oracle|g=0.004|eta=0.1|bi=0.909091|sf=0.954545|fe=500,abf_fr_information_oracle,information_oracle,6006,0.004,0.1,0.9090909090909092,0.9545454545454544,500,1500,3.0,0.4596489211826342,1.1097496829406617,0.1042399749676443,0.2884320430900673,0.3499101430900193,1869,256,0.0,False,0.0,0.0,0,,,,,-0.2795273960379951,0.2136588086310551,0.4931862046690503,1.190047528983101,0.5137048274705245,1.2941567567277423,0.4394989560672428,1.0226276150882494,0.4596489211826342,1.1097496829406617,0.0720599068645283,1.0807380193723009,256.0,1,0.00390625,0,0,,,,,,,,,,,,0.05,0.1,0.2884320430900673,0.1042399749676443,0.3499101430900193,,,0.46484375,0.11328125,0.37890625
abf_fr_information_oracle|tt=information_oracle|g=0.004|eta=0.1|bi=0.909091|sf=0.954545|fe=500|seed=6006,abf_fr_information_oracle|tt=information_oracle|g=0.004|eta=0.1|bi=0.909091|sf=0.954545|fe=500,abf_fr_information_oracle,information_oracle,6006,0.004,0.1,0.9090909090909092,0.9545454545454544,500,2000,4.0,0.4192589531240595,1.0252101018500897,0.087835949526287,0.2920464512712319,0.3547334636657355,2263,256,0.0,False,0.0,0.0,0,,,,,-0.2109885762618084,0.2136588086310551,0.4246473848928636,1.096236222783206,0.4703626487538846,1.2084799812835691,0.3977776291908386,0.9435220445695836,0.4192589531240595,1.0252101018500897,0.0726267194986357,1.0781999290910915,256.0,1,0.00390625,0,0,,,,,,,,,,,,0.05,0.1,0.2920464512712319,0.087835949526287,0.3547334636657355,,,0.46484375,0.109375,0.37890625
abf_fr_information_oracle|tt=information_oracle|g=0.004|eta=0.1|bi=0.909091|sf=0.954545|fe=500|seed=6006,abf_fr_information_oracle|tt=information_oracle|g=0.004|eta=0.1|bi=0.909091|sf=0.954545|fe=500,abf_fr_information_oracle,information_oracle,6006,0.004,0.1,0.9090909090909092,0.9545454545454544,500,2500,5.0,0.3894488228133512,0.9616898841298206,0.0958740351302408,0.2972598852576512,0.3656185505131694,2631,256,0.0,False,0.0,0.0,0,,,,,-0.1812033120208518,0.2136588086310551,0.3948621206519069,1.0180919572704508,0.4367708567048373,1.1417223233787923,0.3681274237426887,0.8837219821153365,0.3894488228133512,0.9616898841298206,0.0720316708584127,1.0651203044649424,256.0,1,0.00390625,0,0,,,,,,,,,,,,0.05,0.1,0.2972598852576512,0.0958740351302408,0.3656185505131694,,,0.48828125,0.09375,0.37109375
abf_fr_information_oracle|tt=information_oracle|g=0.004|eta=0.1|bi=0.909091|sf=0.954545|fe=500|seed=6006,abf_fr_information_oracle|tt=information_oracle|g=0.004|eta=0.1|bi=0.909091|sf=0.954545|fe=500,abf_fr_information_oracle,information_oracle,6006,0.004,0.1,0.9090909090909092,0.9545454545454544,500,3000,6.0,0.3552061852446916,0.8890684122195666,0.0794361667070707,0.2924786778302347,0.3722006071329731,2879,256,0.0,False,0.0,0.0,0,,,,,-0.1285028639919154,0.2136588086310551,0.3421616726229706,0.934832565197992,0.399487188251667,1.0584414634220096,0.3350829659453067,0.8169381592470749,0.3552061852446916,0.8890684122195666,0.0706043854161682,1.0306344860579897,256.0,1,0.00390625,0,0,,,,,,,,,,,,0.05,0.1,0.2924786778302347,0.0794361667070707,0.3722006071329731,,,0.47265625,0.08984375,0.3828125
abf_fr_information_oracle|tt=information_oracle|g=0.004|eta=0.1|bi=0.909091|sf=0.954545|fe=500|seed=6006,abf_fr_information_oracle|tt=information_oracle|g=0.004|eta=0.1|bi=0.909091|sf=0.954545|fe=500,abf_fr_information_oracle,information_oracle,6006,0.004,0.1,0.9090909090909092,0.9545454545454544,500,3500,7.0,0.33187125180866,0.8416686757313159,0.1018080176799813,0.3044861465760935,0.3598292815224706,3154,256,0.0,False,0.0,0.0,0,,,,,-0.0977792298430273,0.2136588086310551,0.3114380384740824,0.8776437395219591,0.3739530896777675,1.0046969697800627,0.3124970499362338,0.7733476888614271,0.33187125180866,0.8416686757313159,0.0700064920162788,1.0170633894821737,256.0,1,0.00390625,0,0,,,,,,,,,,,,0.05,0.1,0.3044861465760935,0.1018080176799813,0.3598292815224706,,,0.484375,0.08203125,0.37109375
abf_fr_information_oracle|tt=information_oracle|g=0.004|eta=0.1|bi=0.909091|sf=0.954545|fe=500|seed=6006,abf_fr_information_oracle|tt=information_oracle|g=0.004|eta=0.1|bi=0.909091|sf=0.954545|fe=500,abf_fr_information_oracle,information_oracle,6006,0.004,0.1,0.9090909090909092,0.9545454545454544,500,4000,8.0,0.309714839610737,0.794832486522798,0.0873693859811701,0.2998684719913355,0.3694103487646028,3408,256,0.0,False,0.0,0.0,0,,,,,-0.0645029163728097,0.2136588086310551,0.2781617250038648,0.8245022128025482,0.3496752453217806,0.9509223357987984,0.2902663246033167,0.7298867376370303,0.309714839610737,0.794832486522798,0.0690010362059384,0.9973994879144966,256.0,1,0.00390625,0,0,,,,,,,,,,,,0.05,0.1,0.2998684719913355,0.0873693859811701,0.3694103487646028,,,0.4765625,0.0703125,0.3671875
abf_fr_information_oracle|tt=information_oracle|g=0.004|eta=0.1|bi=0.909091|sf=0.954545|fe=500|seed=6006,abf_fr_information_oracle|tt=information_oracle|g=0.004|eta=0.1|bi=0.909091|sf=0.954545|fe=500,abf_fr_information_oracle,information_oracle,6006,0.004,0.1,0.9090909090909092,0.9545454545454544,500,4500,9.0,0.2906780220780216,0.7494203976903979,0.0874882525872814,0.299920673941431,0.3701977581705409,3622,256,0.0,False,0.0,0.0,0,,,,,-0.0452410518995058,0.2136588086310551,0.258899860530561,0.7755067665171627,0.3283214582155301,0.8976710458789695,0.2719651886100363,0.6880804347267713,0.2906780220780216,0.7494203976903979,0.0680178239211699,0.9748923741826828,256.0,1,0.00390625,0,0,,,,,,,,,,,,0.05,0.1,0.299920673941431,0.0874882525872814,0.3701977581705409,,,0.47265625,0.0703125,0.34375
abf_fr_information_oracle|tt=information_oracle|g=0.004|eta=0.1|bi=0.909091|sf=0.954545|fe=500|seed=6006,abf_fr_information_oracle|tt=information_oracle|g=0.004|eta=0.1|bi=0.909091|sf=0.954545|fe=500,abf_fr_information_oracle,information_oracle,6006,0.004,0.1,0.9090909090909092,0.9545454545454544,500,5000,10.0,0.2782469761091019,0.715226336713141,0.0854101994910104,0.3026543965820024,0.3577550216593254,3935,256,0.0,False,0.0,0.0,0,,,,,-0.0384032633706219,0.2136588086310551,0.2520620720016771,0.7399683258780902,0.3136340302942731,0.8575753745310061,0.2606398770353408,0.6564527916193849,0.2782469761091019,0.715226336713141,0.0663264897676223,0.9469118001057276,256.0,1,0.00390625,0,0,,,,,,,,,,,,0.05,0.1,0.3026543965820024,0.0854101994910104,0.3577550216593254,,,0.47265625,0.0625,0.34765625
abf_fr_information_oracle|tt=information_oracle|g=0.004|eta=0.1|bi=0.909091|sf=0.954545|fe=500|seed=6006,abf_fr_information_oracle|tt=information_oracle|g=0.004|eta=0.1|bi=0.909091|sf=0.954545|fe=500,abf_fr_information_oracle,information_oracle,6006,0.004,0.1,0.9090909090909092,0.9545454545454544,500,5500,11.0,0.2658678082810833,0.6869548661218361,0.0816759086025087,0.2988648553055538,0.3922964275658817,4145,256,0.0,False,0.0,0.0,0,,,,,-0.0242201636977235,0.2136588086310551,0.2378789723287786,0.7082197644696047,0.2999281453224914,0.8241354626386186,0.2487920715414505,0.6305310202794184,0.2658678082810833,0.6869548661218361,0.0653840751062955,0.9258262856006744,256.0,1,0.00390625,0,0,,,,,,,,,,,,0.05,0.1,0.2988648553055538,0.0816759086025087,0.3922964275658817,,,0.4453125,0.0546875,0.375
abf_fr_information_oracle|tt=information_oracle|g=0.004|eta=0.1|bi=0.909091|sf=0.954545|fe=500|seed=6006,abf_fr_information_oracle|tt=information_oracle|g=0.004|eta=0.1|bi=0.909091|sf=0.954545|fe=500,abf_fr_information_oracle,information_oracle,6006,0.004,0.1,0.9090909090909092,0.9545454545454544,500,6000,12.0,0.2527960513557684,0.6554029619873751,0.0864604801500604,0.3043244264137343,0.3759986837219972,4312,256,0.0,False,0.0,0.0,0,,,,,-0.0093666372178269,0.2136588086310551,0.223025445848882,0.6742386354008308,0.2852660189527529,0.7868246540472988,0.2367542490843761,0.6019357531351768,0.2527960513557684,0.6554029619873751,0.0642607211061031,0.9014376983469174,256.0,1,0.00390625,0,0,,,,,,,,,,,,0.05,0.1,0.3043244264137343,0.0864604801500604,0.3759986837219972,,,0.46875,0.05859375,0.3515625
abf_fr_information_oracle|tt=information_oracle|g=0.004|eta=0.1|bi=0.909091|sf=0.954545|fe=500|seed=6006,abf_fr_information_oracle|tt=information_oracle|g=0.004|eta=0.1|bi=0.909091|sf=0.954545|fe=500,abf_fr_information_oracle,information_oracle,6006,0.004,0.1,0.9090909090909092,0.9545454545454544,500,6500,13.0,0.2407307068504033,0.6236515942593115,0.098992185442775,0.3048207022555592,0.3631138584666123,4451,256,0.0,False,0.0,0.0,0,,,,,-0.0013649469189509,0.2136588086310551,0.215023755550006,0.641709420766631,0.2714261311077315,0.748821191078204,0.2255356500626638,0.5729387343493252,0.2407307068504033,0.6236515942593115,0.0621298416263888,0.8677253059848814,256.0,1,0.00390625,0,0,,,,,,,,,,,,0.05,0.1,0.3048207022555592,0.098992185442775,0.3631138584666123,,,0.45703125,0.05859375,0.34765625
abf_fr_information_oracle|tt=information_oracle|g=0.004|eta=0.1|bi=0.909091|sf=0.954545|fe=500|seed=6006,abf_fr_information_oracle|tt=information_oracle|g=0.004|eta=0.1|bi=0.909091|sf=0.954545|fe=500,abf_fr_information_oracle,information_oracle,6006,0.004,0.1,0.9090909090909092,0.9545454545454544,500,7000,14.0,0.2311728160693129,0.6025696363338618,0.0897820658870591,0.3071365504035449,0.3943510754172283,4623,256,0.0,False,0.0,0.0,0,,,,,0.0139263708176287,0.2136588086310551,0.1997324378134264,0.6192558594082554,0.2611981559626504,0.7236366792759812,0.2161517035426476,0.5539214683964067,0.2311728160693129,0.6025696363338618,0.0613713600139117,0.8507080253898756,256.0,1,0.00390625,0,0,,,,,,,,,,,,0.05,0.1,0.3071365504035449,0.0897820658870591,0.3943510754172283,,,0.453125,0.05859375,0.3515625
abf_fr_information_oracle|tt=information_oracle|g=0.004|eta=0.1|bi=0.909091|sf=0.954545|fe=500|seed=6006,abf_fr_information_oracle|tt=information_oracle|g=0.004|eta=0.1|bi=0.909091|sf=0.954545|fe=500,abf_fr_information_oracle,information_oracle,6006,0.004,0.1,0.9090909090909092,0.9545454545454544,500,7500,15.0,0.2220243472046915,0.5825877159186572,0.0991406697326992,0.3151570454283258,0.3696256016867918,4793,256,0.0,False,0.0,0.0,0,,,,,0.0294009232895611,0.2136588086310551,0.184257885341494,0.5973798920910492,0.2512536157562199,0.6997761953175788,0.2072040374454936,0.535816893091274,0.2220243472046915,0.5825877159186572,0.0598603457541604,0.8279605527068195,256.0,1,0.00390625,0,0,,,,,,,,,,,,0.05,0.1,0.3151570454283258,0.0991406697326992,0.3696256016867918,,,0.4453125,0.04296875,0.3515625
abf_fr_information_oracle|tt=information_oracle|g=0.004|eta=0.1|bi=0.909091|sf=0.954545|fe=500|seed=6006,abf_fr_information_oracle|tt=information_oracle|g=0.004|eta=0.1|bi=0.909091|sf=0.954545|fe=500,abf_fr_information_oracle,information_oracle,6006,0.004,0.1,0.9090909090909092,0.9545454545454544,500,8000,16.0,0.214096253820129,0.5631541725747254,0.0916007723347575,0.3049234739231111,0.3842605752257592,4924,256,0.0,False,0.0,0.0,0,,,,,0.0403933537214236,0.2136588086310551,0.1732654549096315,0.5766974813213854,0.242276810756401,0.6766979609624288,0.1995771810404223,0.5181470933697737,0.214096253820129,0.5631541725747254,0.058720116713858,0.8084875010289173,256.0,1,0.00390625,0,0,,,,,,,,,,,,0.05,0.1,0.3049234739231111,0.0916007723347575,0.3842605752257592,,,0.44921875,0.05078125,0.33984375
abf_fr_information_oracle|tt=information_oracle|g=0.004|eta=0.1|bi=0.909091|sf=0.954545|fe=500|seed=6006,abf_fr_information_oracle|tt=information_oracle|g=0.004|eta=0.1|bi=0.909091|sf=0.954545|fe=500,abf_fr_information_oracle,information_oracle,6006,0.004,0.1,0.9090909090909092,0.9545454545454544,500,8500,17.0,0.2107247442601421,0.5543541427203037,0.0869209950810225,0.3073276688971872,0.3952456908079905,5062,256,0.0,False,0.0,0.0,0,,,,,0.0397318869741134,0.2136588086310551,0.1739269216569416,0.5657937723475244,0.2380979524885438,0.6662228209121909,0.1969054085933984,0.5102634446416281,0.2107247442601421,0.5543541427203037,0.0585342019054526,0.8053795069143687,256.0,1,0.00390625,0,0,,,,,,,,,,,,0.05,0.1,0.3073276688971872,0.0869209950810225,0.3952456908079905,,,0.46875,0.05078125,0.3359375
abf_fr_information_oracle|tt=information_oracle|g=0.004|eta=0.1|bi=0.909091|sf=0.954545|fe=500|seed=6006,abf_fr_information_oracle|tt=information_oracle|g=0.004|eta=0.1|bi=0.909091|sf=0.954545|fe=500,abf_fr_information_oracle,information_oracle,6006,0.004,0.1,0.9090909090909092,0.9545454545454544,500,9000,18.0,0.203601204597504,0.5410281235300757,0.0857792178589474,0.2948890361297611,0.3797377641344912,5238,256,0.0,False,0.0,0.0,0,,,,,0.0563486916498199,0.2136588086310551,0.1573101169812352,0.550330502283043,0.2306776527622573,0.6502082299170121,0.1900680159839549,0.4980897079525367,0.203601204597504,0.5410281235300757,0.0575977258136102,0.7923147767694977,256.0,1,0.00390625,0,0,,,,,,,,,,,,0.05,0.1,0.2948890361297611,0.0857792178589474,0.3797377641344912,,,0.4453125,0.0546875,0.33203125
abf_fr_information_oracle|tt=information_oracle|g=0.004|eta=0.1|bi=0.909091|sf=0.954545|fe=500|seed=6006,abf_fr_information_oracle|tt=information_oracle|g=0.004|eta=0.1|bi=0.909091|sf=0.954545|fe=500,abf_fr_information_oracle,information_oracle,6006,0.004,0.1,0.9090909090909092,0.9545454545454544,500,9500,19.0,0.1993471251835424,0.5258132271663483,0.0854085936691935,0.2956678723684521,0.3930243106322582,5425,256,0.0,False,0.0,0.0,0,,,,,0.0511384034554573,0.2136588086310551,0.1625204051755977,0.5351291331268478,0.2251964733795214,0.6320308942356462,0.1866126778107111,0.484344268561538,0.1993471251835424,0.5258132271663483,0.0567967561138092,0.7766975190449452,256.0,1,0.00390625,0,0,,,,,,,,,,,,0.05,0.1,0.2956678723684521,0.0854085936691935,0.3930243106322582,,,0.44921875,0.0625,0.32421875
abf_fr_information_oracle|tt=information_oracle|g=0.004|eta=0.1|bi=0.909091|sf=0.954545|fe=500|seed=6006,abf_fr_information_oracle|tt=information_oracle|g=0.004|eta=0.1|bi=0.909091|sf=0.954545|fe=500,abf_fr_information_oracle,information_oracle,6006,0.004,0.1,0.9090909090909092,0.9545454545454544,500,10000,20.0,0.1903997847470986,0.5037658820209264,0.0822468678236971,0.2951487473667047,0.3803186944911932,5616,255,0.004,True,0.00390625,0.00390625,1,-6.245004513516506e-17,1.016429105669236,-3.8495099117607983,1.3940057172909577,0.0628259846918553,0.2136588086310551,0.1508328239391998,0.5128219236732603,0.2153971598764744,0.6055986398353621,0.1780519758048547,0.4644754210683604,0.1903997847470986,0.5037658820209264,0.0552989481376871,0.7524181747681327,254.015503875969,2,0.0078125,1,1,0.0,-3.214017797175404,-3.214017797175404,-1.2769210563777902,-1.2769210563777902,0.1507595239881956,0.1507595239881956,1.1348375824024797,1.1348375824024797,1.3923244034613167,1.3923244034613167,0.05,0.1,0.2951487473667047,0.0822468678236971,0.3803186944911932,1.016429105669236,1.3940057172909577,0.453125,0.06640625,0.328125
abf_fr_information_oracle|tt=information_oracle|g=0.004|eta=0.1|bi=0.909091|sf=0.954545|fe=500|seed=6006,abf_fr_information_oracle|tt=information_oracle|g=0.004|eta=0.1|bi=0.909091|sf=0.954545|fe=500,abf_fr_information_oracle,information_oracle,6006,0.004,0.1,0.9090909090909092,0.9545454545454544,500,10500,21.0,0.1852694554306163,0.4901329559162307,0.0898069753515151,0.3092436114430902,0.3875837023203218,5722,255,0.0,False,0.0,0.0,0,,,,,0.0665191094380404,0.2136588086310551,0.1471396991930147,0.4991840855399236,0.2095609160430278,0.5892271484788716,0.1732251808785804,0.4522781043973979,0.1852694554306163,0.4901329559162307,0.0542369708716816,0.7354624524697178,254.015503875969,2,0.0078125,1,1,,,,,,,,,,,,0.05,0.1,0.3092436114430902,0.0898069753515151,0.3875837023203218,,,0.4296875,0.046875,0.3359375
abf_fr_information_oracle|tt=information_oracle|g=0.004|eta=0.1|bi=0.909091|sf=0.954545|fe=500|seed=6006,abf_fr_information_oracle|tt=information_oracle|g=0.004|eta=0.1|bi=0.909091|sf=0.954545|fe=500,abf_fr_information_oracle,information_oracle,6006,0.004,0.1,0.9090909090909092,0.9545454545454544,500,11000,22.0,0.1816980676628763,0.4803536565770605,0.0903920250803538,0.3072251029869915,0.3894043844004776,5838,255,0.0,False,0.0,0.0,0,,,,,0.0689561178029798,0.2136588086310551,0.1447026908280753,0.4893894160329184,0.2054256303251738,0.577524870326556,0.1699610380907071,0.4434480392100904,0.1816980676628763,0.4803536565770605,0.0532246098932637,0.7227126444889289,254.015503875969,2,0.0078125,1,1,,,,,,,,,,,,0.05,0.1,0.3072251029869915,0.0903920250803538,0.3894043844004776,,,0.4140625,0.046875,0.32421875
abf_fr_information_oracle|tt=information_oracle|g=0.004|eta=0.1|bi=0.909091|sf=0.954545|fe=500|seed=6007,abf_fr_information_oracle|tt=information_oracle|g=0.004|eta=0.1|bi=0.909091|sf=0.954545|fe=500,abf_fr_information_oracle,information_oracle,6007,0.004,0.1,0.9090909090909092,0.9545454545454544,500,0,0.0,2.906603863987052,6.564657815288973,0.0608120094470472,0.2491462770273302,0.4076149911386127,0,256,0.0,False,0.0,0.0,0,,,,,0.0,0.2136588086310551,0.2136588086310551,1.8839792970692677,0.7722826132658906,3.487298309594125,5.408116675855963,9.381946420303988,2.906603863987052,6.564657815288973,0.037083496902375,0.7293641473133242,256.0,1,0.00390625,0,0,,,,,,,,,,,,0.05,0.1,0.2491462770273302,0.0608120094470472,0.4076149911386127,,,0.37890625,0.1640625,0.3046875
abf_fr_information_oracle|tt=information_oracle|g=0.004|eta=0.1|bi=0.909091|sf=0.954545|fe=500|seed=6007,abf_fr_information_oracle|tt=information_oracle|g=0.004|eta=0.1|bi=0.909091|sf=0.954545|fe=500,abf_fr_information_oracle,information_oracle,6007,0.004,0.1,0.9090909090909092,0.9545454545454544,500,500,1.0,0.6138210099030182,1.2148614265469533,0.122674525501027,0.3105347774861256,0.3573328605458405,398,256,0.0,False,0.0,0.0,0,,,,,-0.7733606850182895,0.2136588086310551,0.9870194936493446,1.2747706588112255,0.6094508851158904,1.274855317378826,0.6554901989796873,1.122435902738958,0.6138210099030182,1.2148614265469533,0.0586712067651009,0.8751214114025037,256.0,1,0.00390625,0,0,,,,,,,,,,,,0.05,0.1,0.3105347774861256,0.122674525501027,0.3573328605458405,,,0.42578125,0.1171875,0.37109375
abf_fr_information_oracle|tt=information_oracle|g=0.004|eta=0.1|bi=0.909091|sf=0.954545|fe=500|seed=6007,abf_fr_information_oracle|tt=information_oracle|g=0.004|eta=0.1|bi=0.909091|sf=0.954545|fe=500,abf_fr_information_oracle,information_oracle,6007,0.004,0.1,0.9090909090909092,0.9545454545454544,500,1000,2.0,0.5457331064294358,1.0081945218492787,0.1090460834222631,0.2985953876758966,0.3608238851325122,759,256,0.0,False,0.0,0.0,0,,,,,-0.7582668273545643,0.2136588086310551,0.9719256359856194,1.0576339239937107,0.5412596864542427,1.1048593420835502,0.5719979889280747,0.9302011131467768,0.5457331064294358,1.0081945218492787,0.0661078112905743,0.9333109809275972,256.0,1,0.00390625,0,0,,,,,,,,,,,,0.05,0.1,0.2985953876758966,0.1090460834222631,0.3608238851325122,,,0.44140625,0.1015625,0.3984375
abf_fr_information_oracle|tt=information_oracle|g=0.004|eta=0.1|bi=0.909091|sf=0.954545|fe=500|seed=6007,abf_fr_information_oracle|tt=information_oracle|g=0.004|eta=0.1|bi=0.909091|sf=0.954545|fe=500,abf_fr_information_oracle,information_oracle,6007,0.004,0.1,0.9090909090909092,0.9545454545454544,500,1500,3.0,0.4745185046203104,0.8856135811533785,0.1082338597096228,0.3021927357246426,0.3703002032055363,1043,256,0.0,False,0.0,0.0,0,,,,,-0.6493988531365282,0.2136588086310551,0.8630576617675834,0.9247858438201472,0.4781133822625394,0.9961284081369836,0.489789620441367,0.8167674792024543,0.4745185046203104,0.8856135811533785,0.0642981948588353,0.909810795319068,256.0,1,0.00390625,0,0,,,,,,,,,,,,0.05,0.1,0.3021927357246426,0.1082338597096228,0.3703002032055363,,,0.453125,0.09375,0.40234375
abf_fr_information_oracle|tt=information_oracle|g=0.004|eta=0.1|bi=0.909091|sf=0.954545|fe=500|seed=6007,abf_fr_information_oracle|tt=information_oracle|g=0.004|eta=0.1|bi=0.909091|sf=0.954545|fe=500,abf_fr_information_oracle,information_oracle,6007,0.004,0.1,0.9090909090909092,0.9545454545454544,500,2000,4.0,0.4348675847853238,0.8010164351503438,0.1066189733122642,0.3031175834932713,0.3717623622064968,1297,256,0.0,False,0.0,0.0,0,,,,,-0.5871529875183796,0.2136588086310551,0.8008117961494348,0.833820796755429,0.4383806527520806,0.9162405161381416,0.4461901681000372,0.7390284241950696,0.4348675847853238,0.8010164351503438,0.0625023343091785,0.8785208301067836,256.0,1,0.00390625,0,0,,,,,,,,,,,,0.05,0.1,0.3031175834932713,0.1066189733122642,0.3717623622064968,,,0.44921875,0.0859375,0.4140625
abf_fr_information_oracle|tt=information_oracle|g=0.004|eta=0.1|bi=0.909091|sf=0.954545|fe=500|seed=6007,abf_fr_information_oracle|tt=information_oracle|g=0.004|eta=0.1|bi=0.909091|sf=0.954545|fe=500,abf_fr_information_oracle,information_oracle,6007,0.004,0.1,0.9090909090909092,0.9545454545454544,500,2500,5.0,0.4203249596812127,0.7496232357709474,0.096838834006868,0.2945938730744484,0.3806351350809474,1634,256,0.0,False,0.0,0.0,0,,,,,-0.5711548913687139,0.2136588086310551,0.784813699999769,0.787313962476325,0.4219008684415434,0.8701961301958693,0.4291214633257782,0.6913887388767983,0.4203249596812127,0.7496232357709474,0.0614156365339397,0.8546055648347015,256.0,1,0.00390625,0,0,,,,,,,,,,,,0.05,0.1,0.2945938730744484,0.096838834006868,0.3806351350809474,,,0.44140625,0.125,0.3984375
abf_fr_information_oracle|tt=information_oracle|g=0.004|eta=0.1|bi=0.909091|sf=0.954545|fe=500|seed=6007,abf_fr_information_oracle|tt=information_oracle|g=0.004|eta=0.1|bi=0.909091|sf=0.954545|fe=500,abf_fr_information_oracle,information_oracle,6007,0.004,0.1,0.9090909090909092,0.9545454545454544,500,3000,6.0,0.3950826011553068,0.6917761946978059,0.0891352568171939,0.2756884614787929,0.389373716879177,1922,256,0.0,False,0.0,0.0,0,,,,,-0.5355170488937482,0.2136588086310551,0.7491758575248033,0.7239518982350454,0.3955491577159316,0.8096034368124015,0.4017879654497795,0.637957656779518,0.3950826011553068,0.6917761946978059,0.0595911740310296,0.8244833200064023,256.0,1,0.00390625,0,0,,,,,,,,,,,,0.05,0.1,0.2756884614787929,0.0891352568171939,0.389373716879177,,,0.44140625,0.1015625,0.37890625
abf_fr_information_oracle|tt=information_oracle|g=0.004|eta=0.1|bi=0.909091|sf=0.954545|fe=500|seed=6007,abf_fr_information_oracle|tt=information_oracle|g=0.004|eta=0.1|bi=0.909091|sf=0.954545|fe=500,abf_fr_information_oracle,information_oracle,6007,0.004,0.1,0.9090909090909092,0.9545454545454544,500,3500,7.0,0.3746121430392829,0.6352034962653422,0.0796187662648405,0.2816980154116548,0.3889153434838653,2208,256,0.0,False,0.0,0.0,0,,,,,-0.5072053918031507,0.2136588086310551,0.7208642004342058,0.6676634329782914,0.3728419729434291,0.747946034345419,0.3802068401100971,0.5857839157303867,0.3746121430392829,0.6352034962653422,0.0565638142857169,0.7756209210197644,256.0,1,0.00390625,0,0,,,,,,,,,,,,0.05,0.1,0.2816980154116548,0.0796187662648405,0.3889153434838653,,,0.45703125,0.09375,0.3828125
abf_fr_information_oracle|tt=information_oracle|g=0.004|eta=0.1|bi=0.909091|sf=0.954545|fe=500|seed=6007,abf_fr_information_oracle|tt=information_oracle|g=0.004|eta=0.1|bi=0.909091|sf=0.954545|fe=500,abf_fr_information_oracle,information_oracle,6007,0.004,0.1,0.9090909090909092,0.9545454545454544,500,4000,8.0,0.3530932476157546,0.5961790510131297,0.1056015909633016,0.2941205857560784,0.3513908705070354,2507,256,0.0,False,0.0,0.0,0,,,,,-0.4664982008069422,0.2136588086310551,0.6801570094379974,0.6276840393290201,0.3512435699096496,0.7046615559107193,0.3585128923644758,0.5499916872004705,0.3530932476157546,0.5961790510131297,0.0556975591228876,0.7545725441797019,256.0,1,0.00390625,0,0,,,,,,,,,,,,0.05,0.1,0.2941205857560784,0.1056015909633016,0.3513908705070354,,,0.4453125,0.08984375,0.36328125
abf_fr_information_oracle|tt=information_oracle|g=0.004|eta=0.1|bi=0.909091|sf=0.954545|fe=500|seed=6007,abf_fr_information_oracle|tt=information_oracle|g=0.004|eta=0.1|bi=0.909091|sf=0.954545|fe=500,abf_fr_information_oracle,information_oracle,6007,0.004,0.1,0.9090909090909092,0.9545454545454544,500,4500,9.0,0.3309377266433383,0.5549183727631104,0.0827713969868696,0.2861685568254764,0.3580958479964271,2734,256,0.0,False,0.0,0.0,0,,,,,-0.4290685261620126,0.2136588086310551,0.6427273347930678,0.5825169815136736,0.3290941527946582,0.6565492559673101,0.3358868441914251,0.5120649451760292,0.3309377266433383,0.5549183727631104,0.0535132311223461,0.7241250711096062,256.0,1,0.00390625,0,0,,,,,,,,,,,,0.05,0.1,0.2861685568254764,0.0827713969868696,0.3580958479964271,,,0.453125,0.10546875,0.328125
abf_fr_information_oracle|tt=information_oracle|g=0.004|eta=0.1|bi=0.909091|sf=0.954545|fe=500|seed=6007,abf_fr_information_oracle|tt=information_oracle|g=0.004|eta=0.1|bi=0.909091|sf=0.954545|fe=500,abf_fr_information_oracle,information_oracle,6007,0.004,0.1,0.9090909090909092,0.9545454545454544,500,5000,10.0,0.3177547028442714,0.5285543785516286,0.0836005063132541,0.2929895848052874,0.3673139402067918,2919,256,0.0,False,0.0,0.0,0,,,,,-0.4073880612742933,0.2136588086310551,0.6210468699053484,0.5553695168939462,0.3158870697853401,0.6266530336604365,0.3221782516942406,0.4881619230484216,0.3177547028442714,0.5285543785516286,0.05254595353432,0.7026828282940665,256.0,1,0.00390625,0,0,,,,,,,,,,,,0.05,0.1,0.2929895848052874,0.0836005063132541,0.3673139402067918,,,0.45703125,0.08984375,0.359375
abf_fr_information_oracle|tt=information_oracle|g=0.004|eta=0.1|bi=0.909091|sf=0.954545|fe=500|seed=6007,abf_fr_information_oracle|tt=information_oracle|g=0.004|eta=0.1|bi=0.909091|sf=0.954545|fe=500,abf_fr_information_oracle,information_oracle,6007,0.004,0.1,0.9090909090909092,0.9545454545454544,500,5500,11.0,0.3106823371651416,0.5130143015015228,0.0940271029601822,0.2913584168601666,0.3890935437951209,3154,256,0.0,False,0.0,0.0,0,,,,,-0.3962459636916087,0.2136588086310551,0.6099047723226638,0.5398433335110498,0.3086574555608762,0.6098138792159231,0.3145996503239854,0.4736276606285673,0.3106823371651416,0.5130143015015228,0.0521269943124439,0.6919546241156845,256.0,1,0.00390625,0,0,,,,,,,,,,,,0.05,0.1,0.2913584168601666,0.0940271029601822,0.3890935437951209,,,0.453125,0.0703125,0.359375
abf_fr_information_oracle|tt=information_oracle|g=0.004|eta=0.1|bi=0.909091|sf=0.954545|fe=500|seed=6007,abf_fr_information_oracle|tt=information_oracle|g=0.004|eta=0.1|bi=0.909091|sf=0.954545|fe=500,abf_fr_information_oracle,information_oracle,6007,0.004,0.1,0.9090909090909092,0.9545454545454544,500,6000,12.0,0.313431122855713,0.5070483344919963,0.0750978084593409,0.2828207304038448,0.3669019657724431,3349,256,0.0,False,0.0,0.0,0,,,,,-0.407230148108713,0.2136588086310551,0.6208889567397682,0.5329845876129244,0.3099160090173808,0.60401693543764,0.3174980456837225,0.4680672696992258,0.313431122855713,0.5070483344919963,0.0529865271393598,0.6912976083424363,256.0,1,0.00390625,0,0,,,,,,,,,,,,0.05,0.1,0.2828207304038448,0.0750978084593409,0.3669019657724431,,,0.44140625,0.1015625,0.33984375
abf_fr_information_oracle|tt=information_oracle|g=0.004|eta=0.1|bi=0.909091|sf=0.954545|fe=500|seed=6007,abf_fr_information_oracle|tt=information_oracle|g=0.004|eta=0.1|bi=0.909091|sf=0.954545|fe=500,abf_fr_information_oracle,information_oracle,6007,0.004,0.1,0.9090909090909092,0.9545454545454544,500,6500,13.0,0.2997448165299696,0.4845626588341096,0.0788525898578846,0.2951299201414525,0.3871254419718333,3578,256,0.0,False,0.0,0.0,0,,,,,-0.381074279585313,0.2136588086310551,0.5947330882163682,0.5091287664950847,0.2966914017087448,0.577671053069019,0.3036314462193415,0.4476808671031649,0.2997448165299696,0.4845626588341096,0.0519034610011836,0.6744529464376388,256.0,1,0.00390625,0,0,,,,,,,,,,,,0.05,0.1,0.2951299201414525,0.0788525898578846,0.3871254419718333,,,0.4375,0.0859375,0.34765625
abf_fr_information_oracle|tt=information_oracle|g=0.004|eta=0.1|bi=0.909091|sf=0.954545|fe=500|seed=6007,abf_fr_information_oracle|tt=information_oracle|g=0.004|eta=0.1|bi=0.909091|sf=0.954545|fe=500,abf_fr_information_oracle,information_oracle,6007,0.004,0.1,0.9090909090909092,0.9545454545454544,500,7000,14.0,0.2912537210507436,0.4626462665299863,0.0728023813680179,0.2863585230915451,0.3831139764735545,3898,256,0.0,False,0.0,0.0,0,,,,,-0.3673076659782168,0.2136588086310551,0.580966474609272,0.4886670623388087,0.2872213513786026,0.5518575433696015,0.2959663627505729,0.4279093130605282,0.2912537210507436,0.4626462665299863,0.051354189176414,0.6555212429458903,256.0,1,0.00390625,0,0,,,,,,,,,,,,0.05,0.1,0.2863585230915451,0.0728023813680179,0.3831139764735545,,,0.4296875,0.08984375,0.33984375
abf_fr_information_oracle|tt=information_oracle|g=0.004|eta=0.1|bi=0.909091|sf=0.954545|fe=500|seed=6007,abf_fr_information_oracle|tt=information_oracle|g=0.004|eta=0.1|bi=0.909091|sf=0.954545|fe=500,abf_fr_information_oracle,information_oracle,6007,0.004,0.1,0.9090909090909092,0.9545454545454544,500,7500,15.0,0.2880599628803046,0.4509470635837453,0.0687671874813499,0.2794492640597429,0.3983216660258815,4218,256,0.0,False,0.0,0.0,0,,,,,-0.3645825376499019,0.2136588086310551,0.578241346280957,0.4781415125927211,0.2834865872303765,0.5383447693188186,0.2928168745137992,0.417417292405063,0.2880599628803046,0.4509470635837453,0.051450504246642,0.6484874420674035,256.0,1,0.00390625,0,0,,,,,,,,,,,,0.05,0.1,0.2794492640597429,0.0687671874813499,0.3983216660258815,,,0.44140625,0.10546875,0.3203125
abf_fr_information_oracle|tt=information_oracle|g=0.004|eta=0.1|bi=0.909091|sf=0.954545|fe=500|seed=6007,abf_fr_information_oracle|tt=information_oracle|g=0.004|eta=0.1|bi=0.909091|sf=0.954545|fe=500,abf_fr_information_oracle,information_oracle,6007,0.004,0.1,0.9090909090909092,0.9545454545454544,500,8000,16.0,0.2794882144101316,0.429501271500458,0.0690223345356365,0.2761626750245303,0.3830084035739932,4509,256,0.0,False,0.0,0.0,0,,,,,-0.3493102570222106,0.2136588086310551,0.5629690656532658,0.4590273715433338,0.2740244352225068,0.5128706814621288,0.2848853762011272,0.398130779813157,0.2794882144101316,0.429501271500458,0.0503788831344137,0.6233328877774296,256.0,1,0.00390625,0,0,,,,,,,,,,,,0.05,0.1,0.2761626750245303,0.0690223345356365,0.3830084035739932,,,0.44921875,0.109375,0.30078125
abf_fr_information_oracle|tt=information_oracle|g=0.004|eta=0.1|bi=0.909091|sf=0.954545|fe=500|seed=6007,abf_fr_information_oracle|tt=information_oracle|g=0.004|eta=0.1|bi=0.909091|sf=0.954545|fe=500,abf_fr_information_oracle,information_oracle,6007,0.004,0.1,0.9090909090909092,0.9545454545454544,500,8500,17.0,0.2724203714596582,0.4113042756756629,0.0906001089413326,0.2912664098774817,0.3961937932245485,4755,256,0.0,False,0.0,0.0,0,,,,,-0.3384155063849086,0.2136588086310551,0.5520743150159637,0.4416203615887046,0.2663563196261651,0.4913380431565954,0.2779318896434133,0.3819262664432871,0.2724203714596582,0.4113042756756629,0.0495220383307321,0.6048258577183,256.0,1,0.00390625,0,0,,,,,,,,,,,,0.05,0.1,0.2912664098774817,0.0906001089413326,0.3961937932245485,,,0.453125,0.0859375,0.28125
abf_fr_information_oracle|tt=information_oracle|g=0.004|eta=0.1|bi=0.909091|sf=0.954545|fe=500|seed=6007,abf_fr_information_oracle|tt=information_oracle|g=0.004|eta=0.1|bi=0.909091|sf=0.954545|fe=500,abf_fr_information_oracle,information_oracle,6007,0.004,0.1,0.9090909090909092,0.9545454545454544,500,9000,18.0,0.2643463926104153,0.3986069677661551,0.0762912988630878,0.2914371668172856,0.3873639028069436,5003,256,0.0,False,0.0,0.0,0,,,,,-0.3224475776102515,0.2136588086310551,0.5361063862413067,0.4281214517153989,0.2586138094856138,0.4765096288457092,0.2692003570083795,0.3705888536621208,0.2643463926104153,0.3986069677661551,0.0484715905675693,0.5919437916790966,256.0,1,0.00390625,0,0,,,,,,,,,,,,0.05,0.1,0.2914371668172856,0.0762912988630878,0.3873639028069436,,,0.42578125,0.07421875,0.3046875
abf_fr_information_oracle|tt=information_oracle|g=0.004|eta=0.1|bi=0.909091|sf=0.954545|fe=500|seed=6007,abf_fr_information_oracle|tt=information_oracle|g=0.004|eta=0.1|bi=0.909091|sf=0.954545|fe=500,abf_fr_information_oracle,information_oracle,6007,0.004,0.1,0.9090909090909092,0.9545454545454544,500,9500,19.0,0.2625410751942794,0.3922879226991976,0.0778693504804966,0.2937163968750845,0.3823605924613272,5288,256,0.0,False,0.0,0.0,0,,,,,-0.3209712243885043,0.2136588086310551,0.5346300330195595,0.4226509313446518,0.2568163958173147,0.4694594924040365,0.2670982508130333,0.3648466341712866,0.2625410751942794,0.3922879226991976,0.0486157128621771,0.5855525963346432,256.0,1,0.00390625,0,0,,,,,,,,,,,,0.05,0.1,0.2937163968750845,0.0778693504804966,0.3823605924613272,,,0.4453125,0.078125,0.32421875
abf_fr_information_oracle|tt=information_oracle|g=0.004|eta=0.1|bi=0.909091|sf=0.954545|fe=500|seed=6007,abf_fr_information_oracle|tt=information_oracle|g=0.004|eta=0.1|bi=0.909091|sf=0.954545|fe=500,abf_fr_information_oracle,information_oracle,6007,0.004,0.1,0.9090909090909092,0.9545454545454544,500,10000,20.0,0.2600350359429859,0.385726351832464,0.0697443940466538,0.2888231776569857,0.3937403864502624,5520,256,0.004,True,0.0,0.0,0,-2.775557561562892e-17,1.1336644131403657,-3.850214410883524,1.7225796227000112,-0.3167098811313025,0.2136588086310551,0.5303686897623576,0.4171338251368615,0.2542829582426608,0.4618652429574506,0.2644367797949069,0.3590501207954477,0.2600350359429859,0.385726351832464,0.0490419525220023,0.5815281672419751,256.0,1,0.00390625,1,0,0.0,-3.112869766770108,-3.112869766770108,-1.6695065399680975,-1.6695065399680975,0.1131484590757936,0.1131484590757936,1.5873860072382593,1.5873860072382593,1.7190808806480988,1.7190808806480988,0.05,0.1,0.2888231776569857,0.0697443940466538,0.3937403864502624,1.1336644131403657,1.7225796227000112,0.41796875,0.07421875,0.32421875
abf_fr_information_oracle|tt=information_oracle|g=0.004|eta=0.1|bi=0.909091|sf=0.954545|fe=500|seed=6007,abf_fr_information_oracle|tt=information_oracle|g=0.004|eta=0.1|bi=0.909091|sf=0.954545|fe=500,abf_fr_information_oracle,information_oracle,6007,0.004,0.1,0.9090909090909092,0.9545454545454544,500,10500,21.0,0.2563075531223941,0.3783790538794916,0.0685647297809146,0.282342385822166,0.3945323722360285,5779,256,0.0,False,0.0,0.0,0,,,,,-0.31011207892168,0.2136588086310551,0.5237708875527352,0.4089357296448015,0.2503462835668193,0.4531333236838806,0.2607958780060847,0.3524819700396294,0.2563075531223941,0.3783790538794916,0.0486048221794757,0.5755141704852637,256.0,1,0.00390625,1,0,,,,,,,,,,,,0.05,0.1,0.282342385822166,0.0685647297809146,0.3945323722360285,,,0.41796875,0.07421875,0.31640625
abf_fr_information_oracle|tt=information_oracle|g=0.004|eta=0.1|bi=0.909091|sf=0.954545|fe=500|seed=6007,abf_fr_information_oracle|tt=information_oracle|g=0.004|eta=0.1|bi=0.909091|sf=0.954545|fe=500,abf_fr_information_oracle,information_oracle,6007,0.004,0.1,0.9090909090909092,0.9545454545454544,500,11000,22.0,0.2491537599260568,0.3647431751989881,0.0761469168842563,0.288662871605289,0.3882904234785824,6017,256,0.0,False,0.0,0.0,0,,,,,-0.2968212034913229,0.2136588086310551,0.510480012122378,0.3948732632770306,0.2429870662799556,0.4366753637866453,0.2536938192920082,0.3402446535502037,0.2491537599260568,0.3647431751989881,0.0470298954456484,0.5553327052011304,256.0,1,0.00390625,1,0,,,,,,,,,,,,0.05,0.1,0.288662871605289,0.0761469168842563,0.3882904234785824,,,0.4296875,0.0859375,0.3046875
abf_fr_information_oracle|tt=information_oracle|g=0.008|eta=0.1|bi=0.909091|sf=0.954545|fe=500|seed=6000,abf_fr_information_oracle|tt=information_oracle|g=0.008|eta=0.1|bi=0.909091|sf=0.954545|fe=500,abf_fr_information_oracle,information_oracle,6000,0.008,0.1,0.9090909090909092,0.9545454545454544,500,0,0.0,2.906603863987052,6.564657815288973,0.0545244755537654,0.2435778123220142,0.4086045869500432,0,256,0.0,False,0.0,0.0,0,,,,,0.0,0.2136588086310551,0.2136588086310551,1.8839792970692677,0.7722826132658906,3.487298309594125,5.408116675855963,9.381946420303988,2.906603863987052,6.564657815288973,0.037083496902375,0.7293641473133242,256.0,1,0.00390625,0,0,,,,,,,,,,,,0.05,0.1,0.2435778123220142,0.0545244755537654,0.4086045869500432,,,0.31640625,0.171875,0.36328125
abf_fr_information_oracle|tt=information_oracle|g=0.008|eta=0.1|bi=0.909091|sf=0.954545|fe=500|seed=6000,abf_fr_information_oracle|tt=information_oracle|g=0.008|eta=0.1|bi=0.909091|sf=0.954545|fe=500,abf_fr_information_oracle,information_oracle,6000,0.008,0.1,0.9090909090909092,0.9545454545454544,500,500,1.0,0.5645001194104928,1.4405373539866726,0.117940167090585,0.3023926977495814,0.3685405469650761,576,256,0.0,False,0.0,0.0,0,,,,,-0.1391138695561515,0.2136588086310551,0.3527726781872067,1.4827805566470156,0.620571772549595,1.588691516834663,0.575421539127629,1.323192136357478,0.5645001194104928,1.4405373539866726,0.0698428888976083,1.0812364800702725,256.0,1,0.00390625,0,0,,,,,,,,,,,,0.05,0.1,0.3023926977495814,0.117940167090585,0.3685405469650761,,,0.37109375,0.1328125,0.39453125
abf_fr_information_oracle|tt=information_oracle|g=0.008|eta=0.1|bi=0.909091|sf=0.954545|fe=500|seed=6000,abf_fr_information_oracle|tt=information_oracle|g=0.008|eta=0.1|bi=0.909091|sf=0.954545|fe=500,abf_fr_information_oracle,information_oracle,6000,0.008,0.1,0.9090909090909092,0.9545454545454544,500,1000,2.0,0.4676600863893281,1.2302667448320572,0.107013116790604,0.2937991320368688,0.3668595543827309,1163,256,0.0,False,0.0,0.0,0,,,,,-0.0616087946816463,0.2136588086310551,0.2752676033127015,1.2762616445892156,0.53268691967622,1.412742907691694,0.452868785118173,1.1279294286104045,0.4676600863893281,1.2302667448320572,0.0740905968114908,1.1133781512148515,256.0,1,0.00390625,0,0,,,,,,,,,,,,0.05,0.1,0.2937991320368688,0.107013116790604,0.3668595543827309,,,0.40234375,0.1171875,0.43359375
abf_fr_information_oracle|tt=information_oracle|g=0.008|eta=0.1|bi=0.909091|sf=0.954545|fe=500|seed=6000,abf_fr_information_oracle|tt=information_oracle|g=0.008|eta=0.1|bi=0.909091|sf=0.954545|fe=500,abf_fr_information_oracle,information_oracle,6000,0.008,0.1,0.9090909090909092,0.9545454545454544,500,1500,3.0,0.420884799041115,1.1063152028622782,0.1064411471814328,0.2938755197808582,0.3725824721842101,1462,256,0.0,False,0.0,0.0,0,,,,,-0.0661308850933224,0.2136588086310551,0.2797896937243775,1.1470829634646555,0.4812847706351856,1.297138988266831,0.3990942022648785,1.0137754420788567,0.420884799041115,1.1063152028622782,0.0745162790793607,1.1043316729338737,256.0,1,0.00390625,0,0,,,,,,,,,,,,0.05,0.1,0.2938755197808582,0.1064411471814328,0.3725824721842101,,,0.38671875,0.11328125,0.43359375
abf_fr_information_oracle|tt=information_oracle|g=0.008|eta=0.1|bi=0.909091|sf=0.954545|fe=500|seed=6000,abf_fr_information_oracle|tt=information_oracle|g=0.008|eta=0.1|bi=0.909091|sf=0.954545|fe=500,abf_fr_information_oracle,information_oracle,6000,0.008,0.1,0.9090909090909092,0.9545454545454544,500,2000,4.0,0.3627276539590301,0.9754545127131696,0.1037339687902544,0.2967815552485923,0.3482757580322871,1758,256,0.0,False,0.0,0.0,0,,,,,0.0219146456175991,0.2136588086310551,0.1917441630134559,1.0094526611119905,0.419248601240365,1.153801611363474,0.3383299288225663,0.893887742301927,0.3627276539590301,0.9754545127131696,0.0726602017962793,1.063650704336604,256.0,1,0.00390625,0,0,,,,,,,,,,,,0.05,0.1,0.2967815552485923,0.1037339687902544,0.3482757580322871,,,0.39453125,0.109375,0.4140625
abf_fr_information_oracle|tt=information_oracle|g=0.008|eta=0.1|bi=0.909091|sf=0.954545|fe=500|seed=6000,abf_fr_information_oracle|tt=information_oracle|g=0.008|eta=0.1|bi=0.909091|sf=0.954545|fe=500,abf_fr_information_oracle,information_oracle,6000,0.008,0.1,0.9090909090909092,0.9545454545454544,500,2500,5.0,0.3408980189073309,0.9117296517115931,0.0990506402947486,0.3047358346354893,0.3813260122441516,2044,256,0.0,False,0.0,0.0,0,,,,,0.0093061287799116,0.2136588086310551,0.2043526798511434,0.9420865902428118,0.3922749306144121,1.0843063095809389,0.3169095653479402,0.8349348744135201,0.3408980189073309,0.9117296517115931,0.0716495162251242,1.043336244476845,256.0,1,0.00390625,0,0,,,,,,,,,,,,0.05,0.1,0.3047358346354893,0.0990506402947486,0.3813260122441516,,,0.40625,0.0703125,0.4453125
abf_fr_information_oracle|tt=information_oracle|g=0.008|eta=0.1|bi=0.909091|sf=0.954545|fe=500|seed=6000,abf_fr_information_oracle|tt=information_oracle|g=0.008|eta=0.1|bi=0.909091|sf=0.954545|fe=500,abf_fr_information_oracle,information_oracle,6000,0.008,0.1,0.9090909090909092,0.9545454545454544,500,3000,6.0,0.3185137840236814,0.839293411271236,0.0929216466559927,0.2968654754519306,0.4009351286047766,2278,256,0.0,False,0.0,0.0,0,,,,,-0.0157214992855152,0.2136588086310551,0.2293803079165703,0.8688284143243021,0.3639715793519176,1.0009739658352423,0.297217195287815,0.7688027892723653,0.3185137840236814,0.839293411271236,0.0686266146386023,0.9928787743282248,256.0,1,0.00390625,0,0,,,,,,,,,,,,0.05,0.1,0.2968654754519306,0.0929216466559927,0.4009351286047766,,,0.40625,0.08203125,0.4453125
abf_fr_information_oracle|tt=information_oracle|g=0.008|eta=0.1|bi=0.909091|sf=0.954545|fe=500|seed=6000,abf_fr_information_oracle|tt=information_oracle|g=0.008|eta=0.1|bi=0.909091|sf=0.954545|fe=500,abf_fr_information_oracle,information_oracle,6000,0.008,0.1,0.9090909090909092,0.9545454545454544,500,3500,7.0,0.3059922313195627,0.8018051832005073,0.0910110111551891,0.3069555147790613,0.3860839451146418,2492,256,0.0,False,0.0,0.0,0,,,,,-0.0294034063382326,0.2136588086310551,0.2430622149692878,0.8257241493275335,0.3475697196515955,0.9585181179500284,0.2862503485279303,0.734579209853488,0.3059922313195627,0.8018051832005073,0.0668205260183832,0.9717196860657112,256.0,1,0.00390625,0,0,,,,,,,,,,,,0.05,0.1,0.3069555147790613,0.0910110111551891,0.3860839451146418,,,0.3984375,0.0703125,0.4453125
abf_fr_information_oracle|tt=information_oracle|g=0.008|eta=0.1|bi=0.909091|sf=0.954545|fe=500|seed=6000,abf_fr_information_oracle|tt=information_oracle|g=0.008|eta=0.1|bi=0.909091|sf=0.954545|fe=500,abf_fr_information_oracle,information_oracle,6000,0.008,0.1,0.9090909090909092,0.9545454545454544,500,4000,8.0,0.2919517495580001,0.767326260996116,0.0847990261122469,0.3033944945707667,0.3796457583145797,2709,256,0.0,False,0.0,0.0,0,,,,,-0.0149019770080727,0.2136588086310551,0.2285607856391278,0.7871998492783934,0.331523965776821,0.9190301358241392,0.2725504835595524,0.7032833239894094,0.2919517495580001,0.767326260996116,0.0667316438872684,0.9603483814718954,256.0,1,0.00390625,0,0,,,,,,,,,,,,0.05,0.1,0.3033944945707667,0.0847990261122469,0.3796457583145797,,,0.41015625,0.0625,0.4375
abf_fr_information_oracle|tt=information_oracle|g=0.008|eta=0.1|bi=0.909091|sf=0.954545|fe=500|seed=6000,abf_fr_information_oracle|tt=information_oracle|g=0.008|eta=0.1|bi=0.909091|sf=0.954545|fe=500,abf_fr_information_oracle,information_oracle,6000,0.008,0.1,0.9090909090909092,0.9545454545454544,500,4500,9.0,0.2748921120503196,0.7260573269824542,0.0977416386781765,0.3064878546885118,0.3737892472285571,2910,256,0.0,False,0.0,0.0,0,,,,,0.0006348091442625,0.2136588086310551,0.2130239994867926,0.7426394038259343,0.3123941894911833,0.8701389786043935,0.256360602090756,0.665689617313026,0.2748921120503196,0.7260573269824542,0.0665001314814395,0.9450429436541066,256.0,1,0.00390625,0,0,,,,,,,,,,,,0.05,0.1,0.3064878546885118,0.0977416386781765,0.3737892472285571,,,0.3984375,0.0625,0.4140625
abf_fr_information_oracle|tt=information_oracle|g=0.008|eta=0.1|bi=0.909091|sf=0.954545|fe=500|seed=6000,abf_fr_information_oracle|tt=information_oracle|g=0.008|eta=0.1|bi=0.909091|sf=0.954545|fe=500,abf_fr_information_oracle,information_oracle,6000,0.008,0.1,0.9090909090909092,0.9545454545454544,500,5000,10.0,0.2645188705418795,0.6894964408766233,0.079430925255164,0.2902947414693604,0.3991241121120522,3066,256,0.0,False,0.0,0.0,0,,,,,-0.011407314098772,0.2136588086310551,0.2250661227298271,0.706690979354821,0.2988913746656754,0.8265985709508545,0.2475415340298213,0.6324065781875146,0.2645188705418795,0.6894964408766233,0.0638426628563384,0.9078426339823742,256.0,1,0.00390625,0,0,,,,,,,,,,,,0.05,0.1,0.2902947414693604,0.079430925255164,0.3991241121120522,,,0.41015625,0.06640625,0.38671875
abf_fr_information_oracle|tt=information_oracle|g=0.008|eta=0.1|bi=0.909091|sf=0.954545|fe=500|seed=6000,abf_fr_information_oracle|tt=information_oracle|g=0.008|eta=0.1|bi=0.909091|sf=0.954545|fe=500,abf_fr_information_oracle,information_oracle,6000,0.008,0.1,0.9090909090909092,0.9545454545454544,500,5500,11.0,0.2562274660570309,0.658493594224336,0.0752286851117501,0.2974117766867539,0.3832773278594706,3232,256,0.0,False,0.0,0.0,0,,,,,-0.0225777498537524,0.2136588086310551,0.2362365584848076,0.6763358709290794,0.287874328946137,0.7899287630742962,0.240513249166607,0.6043055473438418,0.2562274660570309,0.658493594224336,0.0627788300214977,0.8838111796277681,256.0,1,0.00390625,0,0,,,,,,,,,,,,0.05,0.1,0.2974117766867539,0.0752286851117501,0.3832773278594706,,,0.40625,0.0625,0.3828125
abf_fr_information_oracle|tt=information_oracle|g=0.008|eta=0.1|bi=0.909091|sf=0.954545|fe=500|seed=6000,abf_fr_information_oracle|tt=information_oracle|g=0.008|eta=0.1|bi=0.909091|sf=0.954545|fe=500,abf_fr_information_oracle,information_oracle,6000,0.008,0.1,0.9090909090909092,0.9545454545454544,500,6000,12.0,0.246365201069475,0.6277363428384354,0.085956767860219,0.2919126554914794,0.3863506128166182,3398,256,0.0,False,0.0,0.0,0,,,,,-0.0278623293985127,0.2136588086310551,0.2415211380295678,0.6445377181704969,0.275808545110142,0.7534536976489793,0.2320519480036466,0.5764728114477587,0.246365201069475,0.6277363428384354,0.060523674450775,0.8522882603747592,256.0,1,0.00390625,0,0,,,,,,,,,,,,0.05,0.1,0.2919126554914794,0.085956767860219,0.3863506128166182,,,0.37890625,0.05078125,0.40625
abf_fr_information_oracle|tt=information_oracle|g=0.008|eta=0.1|bi=0.909091|sf=0.954545|fe=500|seed=6000,abf_fr_information_oracle|tt=information_oracle|g=0.008|eta=0.1|bi=0.909091|sf=0.954545|fe=500,abf_fr_information_oracle,information_oracle,6000,0.008,0.1,0.9090909090909092,0.9545454545454544,500,6500,13.0,0.2317839728899645,0.5934862138904785,0.0889603374069205,0.3101791207569455,0.3753984677598599,3568,256,0.0,False,0.0,0.0,0,,,,,-0.0143804393212043,0.2136588086310551,0.2280392479522595,0.6062997726055351,0.2598255804995305,0.7125229290986788,0.2182191919981221,0.5454820186903857,0.2317839728899645,0.5934862138904785,0.0586348036339287,0.8213179369051504,256.0,1,0.00390625,0,0,,,,,,,,,,,,0.05,0.1,0.3101791207569455,0.0889603374069205,0.3753984677598599,,,0.41015625,0.046875,0.41015625
abf_fr_information_oracle|tt=information_oracle|g=0.008|eta=0.1|bi=0.909091|sf=0.954545|fe=500|seed=6000,abf_fr_information_oracle|tt=information_oracle|g=0.008|eta=0.1|bi=0.909091|sf=0.954545|fe=500,abf_fr_information_oracle,information_oracle,6000,0.008,0.1,0.9090909090909092,0.9545454545454544,500,7000,14.0,0.2262818100154618,0.5717361737899219,0.0931301896183996,0.3084798909684577,0.3888927425179234,3706,256,0.0,False,0.0,0.0,0,,,,,-0.0234920478749671,0.2136588086310551,0.2371508565060223,0.5849704084465003,0.2523360527650443,0.6867160592369258,0.2138721457269062,0.5257737329511576,0.2262818100154618,0.5717361737899219,0.0575871353308737,0.8019223385580511,256.0,1,0.00390625,0,0,,,,,,,,,,,,0.05,0.1,0.3084798909684577,0.0931301896183996,0.3888927425179234,,,0.390625,0.04296875,0.4140625
abf_fr_information_oracle|tt=information_oracle|g=0.008|eta=0.1|bi=0.909091|sf=0.954545|fe=500|seed=6000,abf_fr_information_oracle|tt=information_oracle|g=0.008|eta=0.1|bi=0.909091|sf=0.954545|fe=500,abf_fr_information_oracle,information_oracle,6000,0.008,0.1,0.9090909090909092,0.9545454545454544,500,7500,15.0,0.2215598131536404,0.549190823495765,0.0893067078322678,0.2988301769937471,0.3930684529538519,3810,256,0.0,False,0.0,0.0,0,,,,,-0.0382780251026915,0.2136588086310551,0.2519368337337466,0.5623733677288634,0.2452706763703427,0.6596839773079743,0.2104412508015615,0.5055035909963951,0.2215598131536404,0.549190823495765,0.055916542812795,0.7748147597980589,256.0,1,0.00390625,0,0,,,,,,,,,,,,0.05,0.1,0.2988301769937471,0.0893067078322678,0.3930684529538519,,,0.359375,0.06640625,0.40625
abf_fr_information_oracle|tt=information_oracle|g=0.008|eta=0.1|bi=0.909091|sf=0.954545|fe=500|seed=6000,abf_fr_information_oracle|tt=information_oracle|g=0.008|eta=0.1|bi=0.909091|sf=0.954545|fe=500,abf_fr_information_oracle,information_oracle,6000,0.008,0.1,0.9090909090909092,0.9545454545454544,500,8000,16.0,0.2145436947936765,0.5297434057530219,0.0762226404200598,0.2921781331753657,0.4031121601305866,3972,256,0.0,False,0.0,0.0,0,,,,,-0.0329006993659,0.2136588086310551,0.2465595079969551,0.5428563066898089,0.2371980171465596,0.636458977717309,0.2038646554793839,0.4879299390099073,0.2145436947936765,0.5297434057530219,0.0551308751285394,0.7571033530481363,256.0,1,0.00390625,0,0,,,,,,,,,,,,0.05,0.1,0.2921781331753657,0.0762226404200598,0.4031121601305866,,,0.359375,0.05859375,0.359375
abf_fr_information_oracle|tt=information_oracle|g=0.008|eta=0.1|bi=0.909091|sf=0.954545|fe=500|seed=6000,abf_fr_information_oracle|tt=information_oracle|g=0.008|eta=0.1|bi=0.909091|sf=0.954545|fe=500,abf_fr_information_oracle,information_oracle,6000,0.008,0.1,0.9090909090909092,0.9545454545454544,500,8500,17.0,0.2113047403842394,0.5172401666839874,0.0916441464127227,0.3094030851423445,0.387278034838681,4090,256,0.0,False,0.0,0.0,0,,,,,-0.0369728932156192,0.2136588086310551,0.2506317018466744,0.5301056973823222,0.2328308651193318,0.6216496255342681,0.2010801846900623,0.4764764934811669,0.2113047403842394,0.5172401666839874,0.0545855050022972,0.7471535504092,256.0,1,0.00390625,0,0,,,,,,,,,,,,0.05,0.1,0.3094030851423445,0.0916441464127227,0.387278034838681,,,0.3671875,0.05078125,0.40625
abf_fr_information_oracle|tt=information_oracle|g=0.008|eta=0.1|bi=0.909091|sf=0.954545|fe=500|seed=6000,abf_fr_information_oracle|tt=information_oracle|g=0.008|eta=0.1|bi=0.909091|sf=0.954545|fe=500,abf_fr_information_oracle,information_oracle,6000,0.008,0.1,0.9090909090909092,0.9545454545454544,500,9000,18.0,0.2073759992860097,0.5022791091134282,0.0813094820269692,0.2966690430408068,0.378546891580453,4311,256,0.0,False,0.0,0.0,0,,,,,-0.0397192700145083,0.2136588086310551,0.2533780786455635,0.516474457321354,0.2278579120415637,0.6037257711044357,0.1975674967892028,0.4630388121512652,0.2073759992860097,0.5022791091134282,0.0537539132499148,0.7302359256787887,256.0,1,0.00390625,0,0,,,,,,,,,,,,0.05,0.1,0.2966690430408068,0.0813094820269692,0.378546891580453,,,0.37109375,0.08203125,0.39453125
abf_fr_information_oracle|tt=information_oracle|g=0.008|eta=0.1|bi=0.909091|sf=0.954545|fe=500|seed=6000,abf_fr_information_oracle|tt=information_oracle|g=0.008|eta=0.1|bi=0.909091|sf=0.954545|fe=500,abf_fr_information_oracle,information_oracle,6000,0.008,0.1,0.9090909090909092,0.9545454545454544,500,9500,19.0,0.2051173728108418,0.4883476643990245,0.0767361453935363,0.2960871526690701,0.3821986910846144,4411,256,0.0,False,0.0,0.0,0,,,,,-0.0488619277083977,0.2136588086310551,0.2625207363394528,0.5028546208482523,0.2240928559100747,0.58699212627285,0.1960703230418037,0.4504892775742113,0.2051173728108418,0.4883476643990245,0.0527716847329322,0.7125628982089848,256.0,1,0.00390625,0,0,,,,,,,,,,,,0.05,0.1,0.2960871526690701,0.0767361453935363,0.3821986910846144,,,0.33203125,0.0703125,0.40625
abf_fr_information_oracle|tt=information_oracle|g=0.008|eta=0.1|bi=0.909091|sf=0.954545|fe=500|seed=6000,abf_fr_information_oracle|tt=information_oracle|g=0.008|eta=0.1|bi=0.909091|sf=0.954545|fe=500,abf_fr_information_oracle,information_oracle,6000,0.008,0.1,0.9090909090909092,0.9545454545454544,500,10000,20.0,0.2017847594897861,0.4769737464042392,0.0716080776763133,0.2929391524734099,0.3915800278123006,4551,256,0.008,True,0.0,0.0,0,-3.469446951953614e-18,1.0430048087616637,-3.2664252824064244,1.3717321068144115,-0.0487229025960047,0.2136588086310551,0.2623817112270599,0.4914945876525042,0.2199079346839531,0.5733904033065166,0.1930995995028845,0.4402255970832128,0.2017847594897861,0.4769737464042392,0.0523498562227614,0.7031394540523968,256.0,1,0.00390625,1,0,0.0,-3.1936738516017384,-3.1936738516017384,-1.157606772814488,-1.157606772814488,0.1321154456106978,0.1321154456106978,1.2001270604176728,1.2001270604176728,1.3695484686478128,1.3695484686478128,0.05,0.1,0.2929391524734099,0.0716080776763133,0.3915800278123006,1.0430048087616637,1.3717321068144115,0.3671875,0.06640625,0.41015625
abf_fr_information_oracle|tt=information_oracle|g=0.008|eta=0.1|bi=0.909091|sf=0.954545|fe=500|seed=6000,abf_fr_information_oracle|tt=information_oracle|g=0.008|eta=0.1|bi=0.909091|sf=0.954545|fe=500,abf_fr_information_oracle,information_oracle,6000,0.008,0.1,0.9090909090909092,0.9545454545454544,500,10500,21.0,0.1919916781637887,0.4579914748084688,0.0792630959375161,0.3003061328265902,0.3924380897043067,4697,256,0.0,False,0.0,0.0,0,,,,,-0.0304718317158751,0.2136588086310551,0.2441306403469303,0.4734889939447964,0.2101329062034979,0.5505612856921864,0.1829777809809463,0.4231208840330383,0.1919916781637887,0.4579914748084688,0.050161139417399,0.6742051506661291,256.0,1,0.00390625,1,0,,,,,,,,,,,,0.05,0.1,0.3003061328265902,0.0792630959375161,0.3924380897043067,,,0.38671875,0.046875,0.390625
abf_fr_information_oracle|tt=information_oracle|g=0.008|eta=0.1|bi=0.909091|sf=0.954545|fe=500|seed=6000,abf_fr_information_oracle|tt=information_oracle|g=0.008|eta=0.1|bi=0.909091|sf=0.954545|fe=500,abf_fr_information_oracle,information_oracle,6000,0.008,0.1,0.9090909090909092,0.9545454545454544,500,11000,22.0,0.1895311546993625,0.4443266540707016,0.0767714600561994,0.2990662430650148,0.3861297592955946,4831,256,0.0,False,0.0,0.0,0,,,,,-0.0388315671695203,0.2136588086310551,0.2524903758005754,0.4612115743956106,0.2063923574144771,0.5341739658036594,0.1809614521947121,0.4108621650619839,0.1895311546993625,0.4443266540707016,0.0487142499933434,0.6552355171783422,256.0,1,0.00390625,1,0,,,,,,,,,,,,0.05,0.1,0.2990662430650148,0.0767714600561994,0.3861297592955946,,,0.37890625,0.0703125,0.39453125
abf_fr_information_oracle|tt=information_oracle|g=0.008|eta=0.1|bi=0.909091|sf=0.954545|fe=500|seed=6001,abf_fr_information_oracle|tt=information_oracle|g=0.008|eta=0.1|bi=0.909091|sf=0.954545|fe=500,abf_fr_information_oracle,information_oracle,6001,0.008,0.1,0.9090909090909092,0.9545454545454544,500,0,0.0,2.906603863987052,6.564657815288973,0.0544836474051137,0.2356733779931783,0.4186343862949782,0,256,0.0,False,0.0,0.0,0,,,,,0.0,0.2136588086310551,0.2136588086310551,1.8839792970692677,0.7722826132658906,3.487298309594125,5.408116675855963,9.381946420303988,2.906603863987052,6.564657815288973,0.037083496902375,0.7293641473133242,256.0,1,0.00390625,0,0,,,,,,,,,,,,0.05,0.1,0.2356733779931783,0.0544836474051137,0.4186343862949782,,,0.3203125,0.1640625,0.39453125
abf_fr_information_oracle|tt=information_oracle|g=0.008|eta=0.1|bi=0.909091|sf=0.954545|fe=500|seed=6001,abf_fr_information_oracle|tt=information_oracle|g=0.008|eta=0.1|bi=0.909091|sf=0.954545|fe=500,abf_fr_information_oracle,information_oracle,6001,0.008,0.1,0.9090909090909092,0.9545454545454544,500,500,1.0,0.4754598180722993,1.1289259306522952,0.1015903876959006,0.2880418264362072,0.3800868477964652,595,256,0.0,False,0.0,0.0,0,,,,,-0.3533930192736001,0.2136588086310551,0.5670518279046552,1.0815510936096155,0.4831228972005956,1.1201270056388022,0.5267971442525659,1.0425909265714288,0.4754598180722993,1.1289259306522952,0.051387583745298,0.818945520261443,256.0,1,0.00390625,0,0,,,,,,,,,,,,0.05,0.1,0.2880418264362072,0.1015903876959006,0.3800868477964652,,,0.3359375,0.15625,0.41796875
abf_fr_information_oracle|tt=information_oracle|g=0.008|eta=0.1|bi=0.909091|sf=0.954545|fe=500|seed=6001,abf_fr_information_oracle|tt=information_oracle|g=0.008|eta=0.1|bi=0.909091|sf=0.954545|fe=500,abf_fr_information_oracle,information_oracle,6001,0.008,0.1,0.9090909090909092,0.9545454545454544,500,1000,2.0,0.4294472974728013,0.97569947555587,0.1001224760863694,0.2779342934296684,0.3739147543396833,1088,256,0.0,False,0.0,0.0,0,,,,,-0.4046921251908024,0.2136588086310551,0.6183509338218576,0.9510544892506082,0.4439674310964022,1.046486360108167,0.4520172466847744,0.9004662228137966,0.4294472974728013,0.97569947555587,0.0614988952104074,0.9133338724560672,256.0,1,0.00390625,0,0,,,,,,,,,,,,0.05,0.1,0.2779342934296684,0.1001224760863694,0.3739147543396833,,,0.3828125,0.15234375,0.4296875
abf_fr_information_oracle|tt=information_oracle|g=0.008|eta=0.1|bi=0.909091|sf=0.954545|fe=500|seed=6001,abf_fr_information_oracle|tt=information_oracle|g=0.008|eta=0.1|bi=0.909091|sf=0.954545|fe=500,abf_fr_information_oracle,information_oracle,6001,0.008,0.1,0.9090909090909092,0.9545454545454544,500,1500,3.0,0.4048294535505987,0.8684499908629764,0.0973202140481137,0.2702732016654207,0.3678630422915492,1598,256,0.0,False,0.0,0.0,0,,,,,-0.432939950181094,0.2136588086310551,0.6465987588121491,0.8588504831816534,0.4174545469902895,0.9700244771770172,0.4169259235986421,0.8020228935276037,0.4048294535505987,0.8684499908629764,0.064030060297531,0.9262454663029498,256.0,1,0.00390625,0,0,,,,,,,,,,,,0.05,0.1,0.2702732016654207,0.0973202140481137,0.3678630422915492,,,0.3828125,0.15234375,0.42578125
abf_fr_information_oracle|tt=information_oracle|g=0.008|eta=0.1|bi=0.909091|sf=0.954545|fe=500|seed=6001,abf_fr_information_oracle|tt=information_oracle|g=0.008|eta=0.1|bi=0.909091|sf=0.954545|fe=500,abf_fr_information_oracle,information_oracle,6001,0.008,0.1,0.9090909090909092,0.9545454545454544,500,2000,4.0,0.3773715561720537,0.8030973726979965,0.0746797212830335,0.2746739126320148,0.3790807897917502,2092,256,0.0,False,0.0,0.0,0,,,,,-0.4000146559356672,0.2136588086310551,0.6136734645667223,0.7890722003340375,0.3884617845577623,0.9151526784534014,0.3857094873569709,0.7413849813402332,0.3773715561720537,0.8030973726979965,0.064480560778248,0.9239444894489652,256.0,1,0.00390625,0,0,,,,,,,,,,,,0.05,0.1,0.2746739126320148,0.0746797212830335,0.3790807897917502,,,0.39453125,0.140625,0.42578125
abf_fr_information_oracle|tt=information_oracle|g=0.008|eta=0.1|bi=0.909091|sf=0.954545|fe=500|seed=6001,abf_fr_information_oracle|tt=information_oracle|g=0.008|eta=0.1|bi=0.909091|sf=0.954545|fe=500,abf_fr_information_oracle,information_oracle,6001,0.008,0.1,0.9090909090909092,0.9545454545454544,500,2500,5.0,0.367525730550499,0.7540565974713009,0.0748570299498828,0.2671754711661269,0.3842688054134844,2504,256,0.0,False,0.0,0.0,0,,,,,-0.4117424424075757,0.2136588086310551,0.6254012510386309,0.74375401866186,0.3769395782735076,0.8725840521335014,0.3712708467818491,0.6950117855446885,0.367525730550499,0.7540565974713009,0.063737191295031,0.9012515500491968,256.0,1,0.00390625,0,0,,,,,,,,,,,,0.05,0.1,0.2671754711661269,0.0748570299498828,0.3842688054134844,,,0.41015625,0.1328125,0.41015625
abf_fr_information_oracle|tt=information_oracle|g=0.008|eta=0.1|bi=0.909091|sf=0.954545|fe=500|seed=6001,abf_fr_information_oracle|tt=information_oracle|g=0.008|eta=0.1|bi=0.909091|sf=0.954545|fe=500,abf_fr_information_oracle,information_oracle,6001,0.008,0.1,0.9090909090909092,0.9545454545454544,500,3000,6.0,0.3520267331241548,0.7133316001308431,0.0804862858656646,0.2745362991687114,0.3632451313604102,2903,256,0.0,False,0.0,0.0,0,,,,,-0.4005712573105455,0.2136588086310551,0.6142300659416007,0.7019225831879523,0.3614363027958155,0.8319295585378526,0.3525815979030832,0.6569561978540523,0.3520267331241548,0.7133316001308431,0.0621738867599088,0.8722825902959764,256.0,1,0.00390625,0,0,,,,,,,,,,,,0.05,0.1,0.2745362991687114,0.0804862858656646,0.3632451313604102,,,0.41015625,0.12109375,0.42578125
abf_fr_information_oracle|tt=information_oracle|g=0.008|eta=0.1|bi=0.909091|sf=0.954545|fe=500|seed=6001,abf_fr_information_oracle|tt=information_oracle|g=0.008|eta=0.1|bi=0.909091|sf=0.954545|fe=500,abf_fr_information_oracle,information_oracle,6001,0.008,0.1,0.9090909090909092,0.9545454545454544,500,3500,7.0,0.3327447891638871,0.665060887623006,0.0657643717844429,0.2752277487357314,0.383331161870452,3225,256,0.0,False,0.0,0.0,0,,,,,-0.3743745771565905,0.2136588086310551,0.5880333857876456,0.6563721881969785,0.3415414367215604,0.7799809319174289,0.3299006772161545,0.6127013591367007,0.3327447891638871,0.665060887623006,0.0593167071317067,0.8332779247660566,256.0,1,0.00390625,0,0,,,,,,,,,,,,0.05,0.1,0.2752277487357314,0.0657643717844429,0.383331161870452,,,0.43359375,0.1171875,0.37890625
abf_fr_information_oracle|tt=information_oracle|g=0.008|eta=0.1|bi=0.909091|sf=0.954545|fe=500|seed=6001,abf_fr_information_oracle|tt=information_oracle|g=0.008|eta=0.1|bi=0.909091|sf=0.954545|fe=500,abf_fr_information_oracle,information_oracle,6001,0.008,0.1,0.9090909090909092,0.9545454545454544,500,4000,8.0,0.3171418392200229,0.6286013443459463,0.0686345024248651,0.2756529922167894,0.368551054492968,3483,256,0.0,False,0.0,0.0,0,,,,,-0.3491513930483343,0.2136588086310551,0.5628102016793894,0.6230847835552602,0.3252067073371731,0.740401600593646,0.3143826587357468,0.5795782376173714,0.3171418392200229,0.6286013443459463,0.057880598736022,0.8089084041521264,256.0,1,0.00390625,0,0,,,,,,,,,,,,0.05,0.1,0.2756529922167894,0.0686345024248651,0.368551054492968,,,0.4296875,0.11328125,0.3828125
abf_fr_information_oracle|tt=information_oracle|g=0.008|eta=0.1|bi=0.909091|sf=0.954545|fe=500|seed=6001,abf_fr_information_oracle|tt=information_oracle|g=0.008|eta=0.1|bi=0.909091|sf=0.954545|fe=500,abf_fr_information_oracle,information_oracle,6001,0.008,0.1,0.9090909090909092,0.9545454545454544,500,4500,9.0,0.2870936190241634,0.5771048830055698,0.0764017286339544,0.2750144839741681,0.3786489488872397,3835,256,0.0,False,0.0,0.0,0,,,,,-0.2895614191855316,0.2136588086310551,0.5032202278165867,0.5712910412232446,0.2951259598359776,0.680625101034528,0.2844150727840124,0.5329167368626294,0.2870936190241634,0.5771048830055698,0.0550728786735985,0.7654270867884394,256.0,1,0.00390625,0,0,,,,,,,,,,,,0.05,0.1,0.2750144839741681,0.0764017286339544,0.3786489488872397,,,0.42578125,0.1015625,0.3671875
abf_fr_information_oracle|tt=information_oracle|g=0.008|eta=0.1|bi=0.909091|sf=0.954545|fe=500|seed=6001,abf_fr_information_oracle|tt=information_oracle|g=0.008|eta=0.1|bi=0.909091|sf=0.954545|fe=500,abf_fr_information_oracle,information_oracle,6001,0.008,0.1,0.9090909090909092,0.9545454545454544,500,5000,10.0,0.2731238247170796,0.5543924317863543,0.0735963130426302,0.2789657666187912,0.3770794570537747,4016,256,0.0,False,0.0,0.0,0,,,,,-0.2623028992073166,0.2136588086310551,0.4759617078383718,0.5484724986023217,0.2816996648002922,0.6558944860632665,0.2697072251679294,0.5118905772257595,0.2731238247170796,0.5543924317863543,0.0546269728827903,0.7556028983072686,256.0,1,0.00390625,0,0,,,,,,,,,,,,0.05,0.1,0.2789657666187912,0.0735963130426302,0.3770794570537747,,,0.40234375,0.09765625,0.3671875
abf_fr_information_oracle|tt=information_oracle|g=0.008|eta=0.1|bi=0.909091|sf=0.954545|fe=500|seed=6001,abf_fr_information_oracle|tt=information_oracle|g=0.008|eta=0.1|bi=0.909091|sf=0.954545|fe=500,abf_fr_information_oracle,information_oracle,6001,0.008,0.1,0.9090909090909092,0.9545454545454544,500,5500,11.0,0.2654081318970749,0.5288815160024675,0.0602888516970619,0.2804998305601797,0.3788089055593755,4318,256,0.0,False,0.0,0.0,0,,,,,-0.2560819819976068,0.2136588086310551,0.4697407906286619,0.5250362017013633,0.2726990851669791,0.6272116390469429,0.2618101608864479,0.4885617809240253,0.2654081318970749,0.5288815160024675,0.0540281338091209,0.7370183185831427,256.0,1,0.00390625,0,0,,,,,,,,,,,,0.05,0.1,0.2804998305601797,0.0602888516970619,0.3788089055593755,,,0.40625,0.08984375,0.37109375
abf_fr_information_oracle|tt=information_oracle|g=0.008|eta=0.1|bi=0.909091|sf=0.954545|fe=500|seed=6001,abf_fr_information_oracle|tt=information_oracle|g=0.008|eta=0.1|bi=0.909091|sf=0.954545|fe=500,abf_fr_information_oracle,information_oracle,6001,0.008,0.1,0.9090909090909092,0.9545454545454544,500,6000,12.0,0.2527202779112845,0.5060103303042977,0.0596371847189025,0.2749144713658696,0.3901949204698041,4564,256,0.0,False,0.0,0.0,0,,,,,-0.2319461516928882,0.2136588086310551,0.4456049603239433,0.5033008127078514,0.2603193560430933,0.6015462348371202,0.2486655091259127,0.4676772426058221,0.2527202779112845,0.5060103303042977,0.0525510076236695,0.7134535665873847,256.0,1,0.00390625,0,0,,,,,,,,,,,,0.05,0.1,0.2749144713658696,0.0596371847189025,0.3901949204698041,,,0.38671875,0.10546875,0.359375
abf_fr_information_oracle|tt=information_oracle|g=0.008|eta=0.1|bi=0.909091|sf=0.954545|fe=500|seed=6001,abf_fr_information_oracle|tt=information_oracle|g=0.008|eta=0.1|bi=0.909091|sf=0.954545|fe=500,abf_fr_information_oracle,information_oracle,6001,0.008,0.1,0.9090909090909092,0.9545454545454544,500,6500,13.0,0.2445082128392719,0.4864158597594376,0.0502664046195672,0.2619174747392172,0.387938801904248,4918,256,0.0,False,0.0,0.0,0,,,,,-0.220035526834522,0.2136588086310551,0.4336943354655771,0.4855361962138431,0.2518126208164949,0.5789935064997417,0.2409069813430071,0.4497800418973726,0.2445082128392719,0.4864158597594376,0.0518632072334251,0.6983297149934506,256.0,1,0.00390625,0,0,,,,,,,,,,,,0.05,0.1,0.2619174747392172,0.0502664046195672,0.387938801904248,,,0.3828125,0.1171875,0.37109375
abf_fr_information_oracle|tt=information_oracle|g=0.008|eta=0.1|bi=0.909091|sf=0.954545|fe=500|seed=6001,abf_fr_information_oracle|tt=information_oracle|g=0.008|eta=0.1|bi=0.909091|sf=0.954545|fe=500,abf_fr_information_oracle,information_oracle,6001,0.008,0.1,0.9090909090909092,0.9545454545454544,500,7000,14.0,0.2343182419429825,0.4682326918876681,0.0657635560239215,0.2792826216081386,0.3693232236407103,5173,256,0.0,False,0.0,0.0,0,,,,,-0.2000383217428805,0.2136588086310551,0.4136971303739356,0.4673382633629341,0.2416130799990826,0.5578860339666674,0.2305371641073943,0.4332030659311096,0.2343182419429825,0.4682326918876681,0.0499045174360612,0.6750324509177419,256.0,1,0.00390625,0,0,,,,,,,,,,,,0.05,0.1,0.2792826216081386,0.0657635560239215,0.3693232236407103,,,0.43359375,0.09375,0.37109375
abf_fr_information_oracle|tt=information_oracle|g=0.008|eta=0.1|bi=0.909091|sf=0.954545|fe=500|seed=6001,abf_fr_information_oracle|tt=information_oracle|g=0.008|eta=0.1|bi=0.909091|sf=0.954545|fe=500,abf_fr_information_oracle,information_oracle,6001,0.008,0.1,0.9090909090909092,0.9545454545454544,500,7500,15.0,0.2292277911141316,0.4573643347074348,0.0621064882623402,0.2782581295696832,0.3851202113227635,5397,256,0.0,False,0.0,0.0,0,,,,,-0.19286276805013,0.2136588086310551,0.4065215766811851,0.4565188250619603,0.2365094358455453,0.5454887256918003,0.2255025061422582,0.423312885602389,0.2292277911141316,0.4573643347074348,0.0491042659339876,0.6663153168134996,256.0,1,0.00390625,0,0,,,,,,,,,,,,0.05,0.1,0.2782581295696832,0.0621064882623402,0.3851202113227635,,,0.42578125,0.10546875,0.35546875
abf_fr_information_oracle|tt=information_oracle|g=0.008|eta=0.1|bi=0.909091|sf=0.954545|fe=500|seed=6001,abf_fr_information_oracle|tt=information_oracle|g=0.008|eta=0.1|bi=0.909091|sf=0.954545|fe=500,abf_fr_information_oracle,information_oracle,6001,0.008,0.1,0.9090909090909092,0.9545454545454544,500,8000,16.0,0.2194217935556922,0.4396139897598412,0.0737104930415068,0.2863412181394226,0.3902417413302954,5654,256,0.0,False,0.0,0.0,0,,,,,-0.1747997976561777,0.2136588086310551,0.3884586062872328,0.4388113177088948,0.2268565558113951,0.5247481856055014,0.2154886647335658,0.4072839123774648,0.2194217935556922,0.4396139897598412,0.0485809154311001,0.6530384252680776,256.0,1,0.00390625,0,0,,,,,,,,,,,,0.05,0.1,0.2863412181394226,0.0737104930415068,0.3902417413302954,,,0.43359375,0.1015625,0.33203125
abf_fr_information_oracle|tt=information_oracle|g=0.008|eta=0.1|bi=0.909091|sf=0.954545|fe=500|seed=6001,abf_fr_information_oracle|tt=information_oracle|g=0.008|eta=0.1|bi=0.909091|sf=0.954545|fe=500,abf_fr_information_oracle,information_oracle,6001,0.008,0.1,0.9090909090909092,0.9545454545454544,500,8500,17.0,0.2130391179682857,0.4278554996430046,0.0713276471240492,0.280356940658131,0.383654821265674,5970,256,0.0,False,0.0,0.0,0,,,,,-0.1631279117764528,0.2136588086310551,0.3767867204075079,0.4276782543228516,0.2204849047687531,0.5110567309189448,0.2092258663361345,0.3966832208676167,0.2130391179682857,0.4278554996430046,0.0477673681333185,0.6390041562532717,256.0,1,0.00390625,0,0,,,,,,,,,,,,0.05,0.1,0.280356940658131,0.0713276471240492,0.383654821265674,,,0.3984375,0.09765625,0.34375
abf_fr_information_oracle|tt=information_oracle|g=0.008|eta=0.1|bi=0.909091|sf=0.954545|fe=500|seed=6001,abf_fr_information_oracle|tt=information_oracle|g=0.008|eta=0.1|bi=0.909091|sf=0.954545|fe=500,abf_fr_information_oracle,information_oracle,6001,0.008,0.1,0.9090909090909092,0.9545454545454544,500,9000,18.0,0.2061843973980789,0.4133543949963811,0.0780719439277061,0.284285974041675,0.36096718844427,6230,256,0.0,False,0.0,0.0,0,,,,,-0.1514535901725509,0.2136588086310551,0.365112398803606,0.4144490533716791,0.2134183175313117,0.4939620411196479,0.202731088391356,0.3836517608565861,0.2061843973980789,0.4133543949963811,0.0468476832499617,0.6216345093951625,256.0,1,0.00390625,0,0,,,,,,,,,,,,0.05,0.1,0.284285974041675,0.0780719439277061,0.36096718844427,,,0.4453125,0.08984375,0.3359375
abf_fr_information_oracle|tt=information_oracle|g=0.008|eta=0.1|bi=0.909091|sf=0.954545|fe=500|seed=6001,abf_fr_information_oracle|tt=information_oracle|g=0.008|eta=0.1|bi=0.909091|sf=0.954545|fe=500,abf_fr_information_oracle,information_oracle,6001,0.008,0.1,0.9090909090909092,0.9545454545454544,500,9500,19.0,0.200990462918695,0.3987937691985941,0.0804066635898238,0.2845881860963062,0.3744296385366972,6459,256,0.0,False,0.0,0.0,0,,,,,-0.1446484896824493,0.2136588086310551,0.3583072983135045,0.4016084731855383,0.2075297175214542,0.4765812214061493,0.1980144660005464,0.3705681055592815,0.200990462918695,0.3987937691985941,0.04573186685036,0.6003643654370228,256.0,1,0.00390625,0,0,,,,,,,,,,,,0.05,0.1,0.2845881860963062,0.0804066635898238,0.3744296385366972,,,0.421875,0.09375,0.36328125
abf_fr_information_oracle|tt=information_oracle|g=0.008|eta=0.1|bi=0.909091|sf=0.954545|fe=500|seed=6001,abf_fr_information_oracle|tt=information_oracle|g=0.008|eta=0.1|bi=0.909091|sf=0.954545|fe=500,abf_fr_information_oracle,information_oracle,6001,0.008,0.1,0.9090909090909092,0.9545454545454544,500,10000,20.0,0.1910679867516012,0.382413726086721,0.0796737934364968,0.2910624120985866,0.3797535233927885,6642,256,0.008,True,0.0,0.0,0,1.249000902703301e-16,1.0667993342567443,-3.4457817146058964,1.3629465260940454,-0.1237081649303704,0.2136588086310551,0.3373669735614255,0.3854909083236211,0.1976435464680048,0.4571330610725288,0.1880748930925351,0.3558820784209154,0.1910679867516012,0.382413726086721,0.0437371350719957,0.5763515220991873,256.0,1,0.00390625,1,0,0.0,-3.382732340129916,-3.382732340129916,-1.527889014744512,-1.527889014744512,0.1638594284884071,0.1638594284884071,1.168858065811918,1.168858065811918,1.3594275609103863,1.3594275609103863,0.05,0.1,0.2910624120985866,0.0796737934364968,0.3797535233927885,1.0667993342567443,1.3629465260940454,0.43359375,0.0625,0.34765625
abf_fr_information_oracle|tt=information_oracle|g=0.008|eta=0.1|bi=0.909091|sf=0.954545|fe=500|seed=6001,abf_fr_information_oracle|tt=information_oracle|g=0.008|eta=0.1|bi=0.909091|sf=0.954545|fe=500,abf_fr_information_oracle,information_oracle,6001,0.008,0.1,0.9090909090909092,0.9545454545454544,500,10500,21.0,0.1873904569011316,0.371211466828409,0.06742209706745,0.2853537107942395,0.3860324027449259,6788,256,0.0,False,0.0,0.0,0,,,,,-0.1192157640943953,0.2136588086310551,0.3328745727254505,0.3750425363413165,0.1933325081938727,0.4440186444511264,0.184776839871043,0.3457749558198333,0.1873904569011316,0.371211466828409,0.0428156384591192,0.5615363089105133,256.0,1,0.00390625,1,0,,,,,,,,,,,,0.05,0.1,0.2853537107942395,0.06742209706745,0.3860324027449259,,,0.421875,0.09375,0.32421875
abf_fr_information_oracle|tt=information_oracle|g=0.008|eta=0.1|bi=0.909091|sf=0.954545|fe=500|seed=6001,abf_fr_information_oracle|tt=information_oracle|g=0.008|eta=0.1|bi=0.909091|sf=0.954545|fe=500,abf_fr_information_oracle,information_oracle,6001,0.008,0.1,0.9090909090909092,0.9545454545454544,500,11000,22.0,0.1798008766913753,0.3539223538498291,0.0787431188872058,0.2915479754891459,0.3745149838986575,6988,256,0.0,False,0.0,0.0,0,,,,,-0.1065833681829602,0.2136588086310551,0.3202421768140153,0.3596046288073045,0.1854388933006301,0.423516692267219,0.1772811302949732,0.3303898993306278,0.1798008766913753,0.3539223538498291,0.041194439640082,0.5353588290566178,256.0,1,0.00390625,1,0,,,,,,,,,,,,0.05,0.1,0.2915479754891459,0.0787431188872058,0.3745149838986575,,,0.4140625,0.08203125,0.34375
abf_fr_information_oracle|tt=information_oracle|g=0.008|eta=0.1|bi=0.909091|sf=0.954545|fe=500|seed=6002,abf_fr_information_oracle|tt=information_oracle|g=0.008|eta=0.1|bi=0.909091|sf=0.954545|fe=500,abf_fr_information_oracle,information_oracle,6002,0.008,0.1,0.9090909090909092,0.9545454545454544,500,0,0.0,2.906603863987052,6.564657815288973,0.0461194891710618,0.2448804314041955,0.3990255452398891,0,256,0.0,False,0.0,0.0,0,,,,,0.0,0.2136588086310551,0.2136588086310551,1.8839792970692677,0.7722826132658906,3.487298309594125,5.408116675855963,9.381946420303988,2.906603863987052,6.564657815288973,0.037083496902375,0.7293641473133242,256.0,1,0.00390625,0,0,,,,,,,,,,,,0.05,0.1,0.2448804314041955,0.0461194891710618,0.3990255452398891,,,0.359375,0.18359375,0.3203125
abf_fr_information_oracle|tt=information_oracle|g=0.008|eta=0.1|bi=0.909091|sf=0.954545|fe=500|seed=6002,abf_fr_information_oracle|tt=information_oracle|g=0.008|eta=0.1|bi=0.909091|sf=0.954545|fe=500,abf_fr_information_oracle,information_oracle,6002,0.008,0.1,0.9090909090909092,0.9545454545454544,500,500,1.0,0.504771206970899,1.3391897001524269,0.1000480999945386,0.2903263079286051,0.3541559781883503,472,256,0.0,False,0.0,0.0,0,,,,,0.2612553038790324,0.2136588086310551,0.0475964952479772,1.4108505664264708,0.5829479483153296,1.4634852951146822,0.5012281257565736,1.2308070858429163,0.504771206970899,1.3391897001524269,0.0588411003117542,0.9083372718862316,256.0,1,0.00390625,0,0,,,,,,,,,,,,0.05,0.1,0.2903263079286051,0.1000480999945386,0.3541559781883503,,,0.39453125,0.140625,0.36328125
abf_fr_information_oracle|tt=information_oracle|g=0.008|eta=0.1|bi=0.909091|sf=0.954545|fe=500|seed=6002,abf_fr_information_oracle|tt=information_oracle|g=0.008|eta=0.1|bi=0.909091|sf=0.954545|fe=500,abf_fr_information_oracle,information_oracle,6002,0.008,0.1,0.9090909090909092,0.9545454545454544,500,1000,2.0,0.4220115641340005,1.156406276337924,0.0949884010413998,0.2992839859958868,0.3530003768518749,1050,256,0.0,False,0.0,0.0,0,,,,,0.2255463459416873,0.2136588086310551,0.0118875373106321,1.2037574635727992,0.4942045038416774,1.3123993914766403,0.4026381205134362,1.0617519345510056,0.4220115641340005,1.156406276337924,0.0680382103982946,1.0226457778282203,256.0,1,0.00390625,0,0,,,,,,,,,,,,0.05,0.1,0.2992839859958868,0.0949884010413998,0.3530003768518749,,,0.4296875,0.1171875,0.390625
abf_fr_information_oracle|tt=information_oracle|g=0.008|eta=0.1|bi=0.909091|sf=0.954545|fe=500|seed=6002,abf_fr_information_oracle|tt=information_oracle|g=0.008|eta=0.1|bi=0.909091|sf=0.954545|fe=500,abf_fr_information_oracle,information_oracle,6002,0.008,0.1,0.9090909090909092,0.9545454545454544,500,1500,3.0,0.370549447301594,1.0235173721645423,0.0954607249651333,0.2884622169844891,0.3643135467602738,1406,256,0.0,False,0.0,0.0,0,,,,,0.176797735398992,0.2136588086310551,0.0368610732320631,1.0618149540607047,0.4359457425908483,1.1934132473500272,0.3434581773248292,0.9392500764632432,0.370549447301594,1.0235173721645423,0.0707399275698505,1.0490061921368374,256.0,1,0.00390625,0,0,,,,,,,,,,,,0.05,0.1,0.2884622169844891,0.0954607249651333,0.3643135467602738,,,0.42578125,0.09765625,0.41796875
abf_fr_information_oracle|tt=information_oracle|g=0.008|eta=0.1|bi=0.909091|sf=0.954545|fe=500|seed=6002,abf_fr_information_oracle|tt=information_oracle|g=0.008|eta=0.1|bi=0.909091|sf=0.954545|fe=500,abf_fr_information_oracle,information_oracle,6002,0.008,0.1,0.9090909090909092,0.9545454545454544,500,2000,4.0,0.3300904544307203,0.9195083337779236,0.0912646380264468,0.2991350402166973,0.3719678512857239,1791,256,0.0,False,0.0,0.0,0,,,,,0.2063619394446476,0.2136588086310551,0.0072968691864074,0.9468479184733032,0.3877527888830374,1.0827542329292263,0.303490426331834,0.8439507069351062,0.3300904544307203,0.9195083337779236,0.0716227049141113,1.0487091355259226,256.0,1,0.00390625,0,0,,,,,,,,,,,,0.05,0.1,0.2991350402166973,0.0912646380264468,0.3719678512857239,,,0.43359375,0.09765625,0.41015625
abf_fr_information_oracle|tt=information_oracle|g=0.008|eta=0.1|bi=0.909091|sf=0.954545|fe=500|seed=6002,abf_fr_information_oracle|tt=information_oracle|g=0.008|eta=0.1|bi=0.909091|sf=0.954545|fe=500,abf_fr_information_oracle,information_oracle,6002,0.008,0.1,0.9090909090909092,0.9545454545454544,500,2500,5.0,0.3095833605985517,0.8675725613611776,0.0951722706711045,0.3022542163489451,0.3492988599025275,2102,256,0.0,False,0.0,0.0,0,,,,,0.2152850266478054,0.2136588086310551,0.0016262180167503,0.8852279721304345,0.3630580545326797,1.0260321413439617,0.2837034722355778,0.7959894377699612,0.3095833605985517,0.8675725613611776,0.0716732810844676,1.0348890443812728,256.0,1,0.00390625,0,0,,,,,,,,,,,,0.05,0.1,0.3022542163489451,0.0951722706711045,0.3492988599025275,,,0.45703125,0.0859375,0.3984375
abf_fr_information_oracle|tt=information_oracle|g=0.008|eta=0.1|bi=0.909091|sf=0.954545|fe=500|seed=6002,abf_fr_information_oracle|tt=information_oracle|g=0.008|eta=0.1|bi=0.909091|sf=0.954545|fe=500,abf_fr_information_oracle,information_oracle,6002,0.008,0.1,0.9090909090909092,0.9545454545454544,500,3000,6.0,0.2804425706916487,0.7889798155512658,0.0965647586109952,0.2927105151653706,0.3764172942521084,2350,256,0.0,False,0.0,0.0,0,,,,,0.2064521852439149,0.2136588086310551,0.0072066233871401,0.8023215177938106,0.3287274975401307,0.9363956141736256,0.2564154326221697,0.7244424870995206,0.2804425706916487,0.7889798155512658,0.0688953538787431,0.9874622540665574,256.0,1,0.00390625,0,0,,,,,,,,,,,,0.05,0.1,0.2927105151653706,0.0965647586109952,0.3764172942521084,,,0.4140625,0.08203125,0.41015625
abf_fr_information_oracle|tt=information_oracle|g=0.008|eta=0.1|bi=0.909091|sf=0.954545|fe=500|seed=6002,abf_fr_information_oracle|tt=information_oracle|g=0.008|eta=0.1|bi=0.909091|sf=0.954545|fe=500,abf_fr_information_oracle,information_oracle,6002,0.008,0.1,0.9090909090909092,0.9545454545454544,500,3500,7.0,0.2617644534726857,0.7383311831171018,0.0724904108950408,0.2870165493629527,0.379990195928932,2565,256,0.0,False,0.0,0.0,0,,,,,0.2315472145956789,0.2136588086310551,0.0178884059646238,0.7451402476647807,0.3060336137854563,0.8799367587606001,0.239147747767005,0.6780697106740474,0.2617644534726857,0.7383311831171018,0.0675454918555984,0.9583107000703192,256.0,1,0.00390625,0,0,,,,,,,,,,,,0.05,0.1,0.2870165493629527,0.0724904108950408,0.379990195928932,,,0.44140625,0.078125,0.41015625
abf_fr_information_oracle|tt=information_oracle|g=0.008|eta=0.1|bi=0.909091|sf=0.954545|fe=500|seed=6002,abf_fr_information_oracle|tt=information_oracle|g=0.008|eta=0.1|bi=0.909091|sf=0.954545|fe=500,abf_fr_information_oracle,information_oracle,6002,0.008,0.1,0.9090909090909092,0.9545454545454544,500,4000,8.0,0.2440075457367751,0.6905139433194024,0.0758197326486666,0.2938682866181228,0.3827709440156549,2786,256,0.0,False,0.0,0.0,0,,,,,0.2337936297210987,0.2136588086310551,0.0201348210900436,0.6951049154901948,0.2851473328383628,0.8240216839904196,0.2228112240799371,0.6344552512515511,0.2440075457367751,0.6905139433194024,0.065306236203031,0.9206213839573124,256.0,1,0.00390625,0,0,,,,,,,,,,,,0.05,0.1,0.2938682866181228,0.0758197326486666,0.3827709440156549,,,0.41796875,0.0859375,0.3984375
abf_fr_information_oracle|tt=information_oracle|g=0.008|eta=0.1|bi=0.909091|sf=0.954545|fe=500|seed=6002,abf_fr_information_oracle|tt=information_oracle|g=0.008|eta=0.1|bi=0.909091|sf=0.954545|fe=500,abf_fr_information_oracle,information_oracle,6002,0.008,0.1,0.9090909090909092,0.9545454545454544,500,4500,9.0,0.2302839986785857,0.6524227467069004,0.0889563442404607,0.2978671096779801,0.3833437629502845,3073,256,0.0,False,0.0,0.0,0,,,,,0.2547322243313026,0.2136588086310551,0.0410734157002474,0.6536364145695911,0.268375601755687,0.7793260265206033,0.2104646954607376,0.5996600705839825,0.2302839986785857,0.6524227467069004,0.0642417121695683,0.8988090912702001,256.0,1,0.00390625,0,0,,,,,,,,,,,,0.05,0.1,0.2978671096779801,0.0889563442404607,0.3833437629502845,,,0.3984375,0.05859375,0.41796875
abf_fr_information_oracle|tt=information_oracle|g=0.008|eta=0.1|bi=0.909091|sf=0.954545|fe=500|seed=6002,abf_fr_information_oracle|tt=information_oracle|g=0.008|eta=0.1|bi=0.909091|sf=0.954545|fe=500,abf_fr_information_oracle,information_oracle,6002,0.008,0.1,0.9090909090909092,0.9545454545454544,500,5000,10.0,0.2218483647831334,0.6306280434145611,0.0894653180204822,0.3003169653576187,0.3632244215547195,3225,256,0.0,False,0.0,0.0,0,,,,,0.2515437618350411,0.2136588086310551,0.0378849532039859,0.630780942702816,0.2585569251977149,0.7542867756726964,0.2026971822265002,0.5798295661839219,0.2218483647831334,0.6306280434145611,0.062753840228193,0.8772485379567178,256.0,1,0.00390625,0,0,,,,,,,,,,,,0.05,0.1,0.3003169653576187,0.0894653180204822,0.3632244215547195,,,0.421875,0.05859375,0.40234375
abf_fr_information_oracle|tt=information_oracle|g=0.008|eta=0.1|bi=0.909091|sf=0.954545|fe=500|seed=6002,abf_fr_information_oracle|tt=information_oracle|g=0.008|eta=0.1|bi=0.909091|sf=0.954545|fe=500,abf_fr_information_oracle,information_oracle,6002,0.008,0.1,0.9090909090909092,0.9545454545454544,500,5500,11.0,0.213199571150509,0.6065026931651419,0.0785540475935445,0.3013936678397035,0.3734692014503304,3433,256,0.0,False,0.0,0.0,0,,,,,0.2567903997685192,0.2136588086310551,0.0431315911374641,0.6044690810305745,0.2480559897297447,0.7263058263539566,0.1948860273547628,0.5577507030367003,0.213199571150509,0.6065026931651419,0.0614924565624117,0.8570847619298568,256.0,1,0.00390625,0,0,,,,,,,,,,,,0.05,0.1,0.3013936678397035,0.0785540475935445,0.3734692014503304,,,0.421875,0.0625,0.39453125
abf_fr_information_oracle|tt=information_oracle|g=0.008|eta=0.1|bi=0.909091|sf=0.954545|fe=500|seed=6002,abf_fr_information_oracle|tt=information_oracle|g=0.008|eta=0.1|bi=0.909091|sf=0.954545|fe=500,abf_fr_information_oracle,information_oracle,6002,0.008,0.1,0.9090909090909092,0.9545454545454544,500,6000,12.0,0.2064848627806321,0.5881739208842846,0.0822984195546068,0.2982395554158078,0.3726189266608867,3577,256,0.0,False,0.0,0.0,0,,,,,0.249293212643856,0.2136588086310551,0.0356344040128009,0.5852356455372778,0.2401984054834292,0.705176653354286,0.1887149377605053,0.5409570412568743,0.2064848627806321,0.5881739208842846,0.0607002586367054,0.8432055695363609,256.0,1,0.00390625,0,0,,,,,,,,,,,,0.05,0.1,0.2982395554158078,0.0822984195546068,0.3726189266608867,,,0.390625,0.07421875,0.40625
abf_fr_information_oracle|tt=information_oracle|g=0.008|eta=0.1|bi=0.909091|sf=0.954545|fe=500|seed=6002,abf_fr_information_oracle|tt=information_oracle|g=0.008|eta=0.1|bi=0.909091|sf=0.954545|fe=500,abf_fr_information_oracle,information_oracle,6002,0.008,0.1,0.9090909090909092,0.9545454545454544,500,6500,13.0,0.1974745456809666,0.5651482977135727,0.0794903707458144,0.2970360284002051,0.3867898854997746,3794,256,0.0,False,0.0,0.0,0,,,,,0.2430532082463941,0.2136588086310551,0.0293943996153389,0.561226088009402,0.2299319377539741,0.6778187769203762,0.1803861593182533,0.5200735945534322,0.1974745456809666,0.5651482977135727,0.0598268864724532,0.8258749340852325,256.0,1,0.00390625,0,0,,,,,,,,,,,,0.05,0.1,0.2970360284002051,0.0794903707458144,0.3867898854997746,,,0.40625,0.0546875,0.40234375
abf_fr_information_oracle|tt=information_oracle|g=0.008|eta=0.1|bi=0.909091|sf=0.954545|fe=500|seed=6002,abf_fr_information_oracle|tt=information_oracle|g=0.008|eta=0.1|bi=0.909091|sf=0.954545|fe=500,abf_fr_information_oracle,information_oracle,6002,0.008,0.1,0.9090909090909092,0.9545454545454544,500,7000,14.0,0.1879029808953642,0.5380971506774765,0.0856946405137741,0.2980213508099364,0.363039142477868,3956,256,0.0,False,0.0,0.0,0,,,,,0.2466279955583949,0.2136588086310551,0.0329691869273398,0.5343165204080759,0.2187448337081663,0.6456465690380843,0.1717994406437944,0.4955426744103683,0.1879029808953642,0.5380971506774765,0.0577533003048928,0.7959668901029968,256.0,1,0.00390625,0,0,,,,,,,,,,,,0.05,0.1,0.2980213508099364,0.0856946405137741,0.363039142477868,,,0.39453125,0.07421875,0.34375
abf_fr_information_oracle|tt=information_oracle|g=0.008|eta=0.1|bi=0.909091|sf=0.954545|fe=500|seed=6002,abf_fr_information_oracle|tt=information_oracle|g=0.008|eta=0.1|bi=0.909091|sf=0.954545|fe=500,abf_fr_information_oracle,information_oracle,6002,0.008,0.1,0.9090909090909092,0.9545454545454544,500,7500,15.0,0.1800534845172958,0.514664683137613,0.0764484043071386,0.2886660288053401,0.4029468233548317,4141,256,0.0,False,0.0,0.0,0,,,,,0.2440858947019393,0.2136588086310551,0.0304270860708841,0.5118595311633162,0.209596172991907,0.6177076206331554,0.1647253069223242,0.4743492729722807,0.1800534845172958,0.514664683137613,0.0564632529698041,0.7714944848741665,256.0,1,0.00390625,0,0,,,,,,,,,,,,0.05,0.1,0.2886660288053401,0.0764484043071386,0.4029468233548317,,,0.41015625,0.06640625,0.33984375
abf_fr_information_oracle|tt=information_oracle|g=0.008|eta=0.1|bi=0.909091|sf=0.954545|fe=500|seed=6002,abf_fr_information_oracle|tt=information_oracle|g=0.008|eta=0.1|bi=0.909091|sf=0.954545|fe=500,abf_fr_information_oracle,information_oracle,6002,0.008,0.1,0.9090909090909092,0.9545454545454544,500,8000,16.0,0.1739609930848637,0.4948661012959209,0.0785585121617125,0.2956053600066418,0.4025411797066193,4330,256,0.0,False,0.0,0.0,0,,,,,0.2528205226041748,0.2136588086310551,0.0391617139731197,0.4922921596799924,0.2019676788730986,0.5942385028755168,0.1594631846048485,0.456397527676271,0.1739609930848637,0.4948661012959209,0.0546811816469005,0.7463793025972911,256.0,1,0.00390625,0,0,,,,,,,,,,,,0.05,0.1,0.2956053600066418,0.0785585121617125,0.4025411797066193,,,0.40234375,0.0703125,0.3671875
abf_fr_information_oracle|tt=information_oracle|g=0.008|eta=0.1|bi=0.909091|sf=0.954545|fe=500|seed=6002,abf_fr_information_oracle|tt=information_oracle|g=0.008|eta=0.1|bi=0.909091|sf=0.954545|fe=500,abf_fr_information_oracle,information_oracle,6002,0.008,0.1,0.9090909090909092,0.9545454545454544,500,8500,17.0,0.1681173729163307,0.474142502645981,0.0740918766639298,0.2918633929744487,0.3822125056770484,4552,256,0.0,False,0.0,0.0,0,,,,,0.2706807767672892,0.2136588086310551,0.057021968136234,0.4725836595442442,0.1944653776385282,0.5695663741874971,0.1545901678987449,0.4377086292836786,0.1681173729163307,0.474142502645981,0.053320253344834,0.7217320734313113,256.0,1,0.00390625,0,0,,,,,,,,,,,,0.05,0.1,0.2918633929744487,0.0740918766639298,0.3822125056770484,,,0.4140625,0.0625,0.3359375
abf_fr_information_oracle|tt=information_oracle|g=0.008|eta=0.1|bi=0.909091|sf=0.954545|fe=500|seed=6002,abf_fr_information_oracle|tt=information_oracle|g=0.008|eta=0.1|bi=0.909091|sf=0.954545|fe=500,abf_fr_information_oracle,information_oracle,6002,0.008,0.1,0.9090909090909092,0.9545454545454544,500,9000,18.0,0.1601900317113396,0.4502436285807308,0.0867509992227152,0.3052801107501648,0.3895605124604564,4689,256,0.0,False,0.0,0.0,0,,,,,0.2719136377076161,0.2136588086310551,0.0582548290765609,0.4487113486692873,0.1851622058809104,0.5409218248039306,0.1474394736387409,0.4162019470309735,0.1601900317113396,0.4502436285807308,0.0516565681913271,0.6935216110048149,256.0,1,0.00390625,0,0,,,,,,,,,,,,0.05,0.1,0.3052801107501648,0.0867509992227152,0.3895605124604564,,,0.40234375,0.046875,0.38671875
abf_fr_information_oracle|tt=information_oracle|g=0.008|eta=0.1|bi=0.909091|sf=0.954545|fe=500|seed=6002,abf_fr_information_oracle|tt=information_oracle|g=0.008|eta=0.1|bi=0.909091|sf=0.954545|fe=500,abf_fr_information_oracle,information_oracle,6002,0.008,0.1,0.9090909090909092,0.9545454545454544,500,9500,19.0,0.1547088016080762,0.4346802608788832,0.0720485319828927,0.2960598789285845,0.3962327667571458,4896,256,0.0,False,0.0,0.0,0,,,,,0.2743272775655612,0.2136588086310551,0.060668468934506,0.4327541698325764,0.1786946508890323,0.5222378226306342,0.1424436693972748,0.4021883556440473,0.1547088016080762,0.4346802608788832,0.050479427457775,0.674976994560833,256.0,1,0.00390625,0,0,,,,,,,,,,,,0.05,0.1,0.2960598789285845,0.0720485319828927,0.3962327667571458,,,0.40234375,0.07421875,0.359375
abf_fr_information_oracle|tt=information_oracle|g=0.008|eta=0.1|bi=0.909091|sf=0.954545|fe=500|seed=6002,abf_fr_information_oracle|tt=information_oracle|g=0.008|eta=0.1|bi=0.909091|sf=0.954545|fe=500,abf_fr_information_oracle,information_oracle,6002,0.008,0.1,0.9090909090909092,0.9545454545454544,500,10000,20.0,0.1501032356530031,0.419235877335166,0.0819968486678063,0.29283883366038,0.3858655039182456,5027,254,0.008,True,0.0078125,0.0078125,2,2.0816681711721685e-17,0.9579786877277028,-3.483238012707751,1.3037492040689274,0.2804964205198317,0.2136588086310551,0.0668376118887765,0.417871808409313,0.1729266127117368,0.5037441124698099,0.1384637476054417,0.3882622334959365,0.1501032356530031,0.419235877335166,0.049084543693418,0.6540264589675203,252.06153846153848,2,0.0078125,1,2,0.0,-3.190982063815926,-3.190982063815926,-1.0175041701436012,-1.0175041701436012,0.2190251258417961,0.2190251258417961,1.043846125757142,1.043846125757142,1.2962841951823605,1.2962841951823605,0.05,0.1,0.29283883366038,0.0819968486678063,0.3858655039182456,0.9579786877277028,1.3037492040689274,0.40625,0.04296875,0.41015625
abf_fr_information_oracle|tt=information_oracle|g=0.008|eta=0.1|bi=0.909091|sf=0.954545|fe=500|seed=6002,abf_fr_information_oracle|tt=information_oracle|g=0.008|eta=0.1|bi=0.909091|sf=0.954545|fe=500,abf_fr_information_oracle,information_oracle,6002,0.008,0.1,0.9090909090909092,0.9545454545454544,500,10500,21.0,0.1438537540237612,0.400152300188806,0.0709665237842588,0.2823064337761092,0.3930435015032379,5177,254,0.0,False,0.0,0.0,0,,,,,0.2765330283902791,0.2136588086310551,0.062874219759224,0.3996313260275624,0.1656376534848441,0.4808455703513535,0.1328165084737216,0.3710941010353339,0.1438537540237612,0.400152300188806,0.0475861181957357,0.6266782072227082,252.06153846153848,2,0.0078125,1,2,,,,,,,,,,,,0.05,0.1,0.2823064337761092,0.0709665237842588,0.3930435015032379,,,0.359375,0.0703125,0.3984375
abf_fr_information_oracle|tt=information_oracle|g=0.008|eta=0.1|bi=0.909091|sf=0.954545|fe=500|seed=6002,abf_fr_information_oracle|tt=information_oracle|g=0.008|eta=0.1|bi=0.909091|sf=0.954545|fe=500,abf_fr_information_oracle,information_oracle,6002,0.008,0.1,0.9090909090909092,0.9545454545454544,500,11000,22.0,0.1350915347614669,0.3778705609482628,0.0812992041257332,0.2921244157334488,0.3888865588509578,5353,254,0.0,False,0.0,0.0,0,,,,,0.2624197359385185,0.2136588086310551,0.0487609273074634,0.3794076433228469,0.15612645973201,0.4540389441411085,0.1244767080870415,0.35124039966401,0.1350915347614669,0.3778705609482628,0.0449969557082862,0.5941912106836207,252.06153846153848,2,0.0078125,1,2,,,,,,,,,,,,0.05,0.1,0.2921244157334488,0.0812992041257332,0.3888865588509578,,,0.3828125,0.0703125,0.41015625
abf_fr_information_oracle|tt=information_oracle|g=0.008|eta=0.1|bi=0.909091|sf=0.954545|fe=500|seed=6003,abf_fr_information_oracle|tt=information_oracle|g=0.008|eta=0.1|bi=0.909091|sf=0.954545|fe=500,abf_fr_information_oracle,information_oracle,6003,0.008,0.1,0.9090909090909092,0.9545454545454544,500,0,0.0,2.906603863987052,6.564657815288973,0.0456026583803901,0.2346433902552918,0.399661267384418,0,256,0.0,False,0.0,0.0,0,,,,,0.0,0.2136588086310551,0.2136588086310551,1.8839792970692677,0.7722826132658906,3.487298309594125,5.408116675855963,9.381946420303988,2.906603863987052,6.564657815288973,0.037083496902375,0.7293641473133242,256.0,1,0.00390625,0,0,,,,,,,,,,,,0.05,0.1,0.2346433902552918,0.0456026583803901,0.399661267384418,,,0.32421875,0.1640625,0.35546875
abf_fr_information_oracle|tt=information_oracle|g=0.008|eta=0.1|bi=0.909091|sf=0.954545|fe=500|seed=6003,abf_fr_information_oracle|tt=information_oracle|g=0.008|eta=0.1|bi=0.909091|sf=0.954545|fe=500,abf_fr_information_oracle,information_oracle,6003,0.008,0.1,0.9090909090909092,0.9545454545454544,500,500,1.0,0.5122389733948105,1.3818867771047263,0.0929649900552988,0.2825765277280027,0.366791331388698,609,256,0.0,False,0.0,0.0,0,,,,,0.3231443747435349,0.2136588086310551,0.1094855661124798,1.4419148880502115,0.588656906278029,1.4927838588483633,0.5182535209401739,1.275410638657361,0.5122389733948105,1.3818867771047263,0.0598832209453007,0.9826809911939058,256.0,1,0.00390625,0,0,,,,,,,,,,,,0.05,0.1,0.2825765277280027,0.0929649900552988,0.366791331388698,,,0.37109375,0.16796875,0.3828125
abf_fr_information_oracle|tt=information_oracle|g=0.008|eta=0.1|bi=0.909091|sf=0.954545|fe=500|seed=6003,abf_fr_information_oracle|tt=information_oracle|g=0.008|eta=0.1|bi=0.909091|sf=0.954545|fe=500,abf_fr_information_oracle,information_oracle,6003,0.008,0.1,0.9090909090909092,0.9545454545454544,500,1000,2.0,0.4426836268807633,1.221220342929836,0.1081478328334351,0.2828056124063331,0.3672547683409099,1097,256,0.0,False,0.0,0.0,0,,,,,0.2770810800186751,0.2136588086310551,0.06342227138762,1.267445440753648,0.5189344023534623,1.3851256691177738,0.4239734215854219,1.122271539390565,0.4426836268807633,1.221220342929836,0.0696443521954221,1.069733261316267,256.0,1,0.00390625,0,0,,,,,,,,,,,,0.05,0.1,0.2828056124063331,0.1081478328334351,0.3672547683409099,,,0.390625,0.14453125,0.40625
abf_fr_information_oracle|tt=information_oracle|g=0.008|eta=0.1|bi=0.909091|sf=0.954545|fe=500|seed=6003,abf_fr_information_oracle|tt=information_oracle|g=0.008|eta=0.1|bi=0.909091|sf=0.954545|fe=500,abf_fr_information_oracle,information_oracle,6003,0.008,0.1,0.9090909090909092,0.9545454545454544,500,1500,3.0,0.4024301825259412,1.125215557821572,0.101050468060995,0.2864434899489435,0.358935296657109,1598,256,0.0,False,0.0,0.0,0,,,,,0.2618510321274137,0.2136588086310551,0.0481922234963585,1.1546021947165188,0.4731579325918549,1.300226062268344,0.3783308043505598,1.0341088961747993,0.4024301825259412,1.125215557821572,0.0711237847378269,1.0830905046815067,256.0,1,0.00390625,0,0,,,,,,,,,,,,0.05,0.1,0.2864434899489435,0.101050468060995,0.358935296657109,,,0.40625,0.11328125,0.4375
abf_fr_information_oracle|tt=information_oracle|g=0.008|eta=0.1|bi=0.909091|sf=0.954545|fe=500|seed=6003,abf_fr_information_oracle|tt=information_oracle|g=0.008|eta=0.1|bi=0.909091|sf=0.954545|fe=500,abf_fr_information_oracle,information_oracle,6003,0.008,0.1,0.9090909090909092,0.9545454545454544,500,2000,4.0,0.3674231905620627,1.031896603728384,0.109184048676505,0.3038124564054514,0.3483199530508338,1942,256,0.0,False,0.0,0.0,0,,,,,0.1841465894644152,0.2136588086310551,0.0295122191666399,1.054779817057255,0.4315941493534061,1.2066980528245062,0.3415349344053109,0.9483051857930174,0.3674231905620627,1.031896603728384,0.0720446745915041,1.0780590238297771,256.0,1,0.00390625,0,0,,,,,,,,,,,,0.05,0.1,0.3038124564054514,0.109184048676505,0.3483199530508338,,,0.40625,0.09375,0.453125
abf_fr_information_oracle|tt=information_oracle|g=0.008|eta=0.1|bi=0.909091|sf=0.954545|fe=500|seed=6003,abf_fr_information_oracle|tt=information_oracle|g=0.008|eta=0.1|bi=0.909091|sf=0.954545|fe=500,abf_fr_information_oracle,information_oracle,6003,0.008,0.1,0.9090909090909092,0.9545454545454544,500,2500,5.0,0.3424951443483953,0.9568813764930016,0.1057777694177433,0.3096827034193962,0.3600504424866137,2254,256,0.0,False,0.0,0.0,0,,,,,0.1660491053176613,0.2136588086310551,0.0476097033133937,0.9803717986108026,0.4015923245730556,1.1293690662906368,0.3152544615829266,0.8790078802174885,0.3424951443483953,0.9568813764930016,0.0718840649388211,1.0618398184344977,256.0,1,0.00390625,0,0,,,,,,,,,,,,0.05,0.1,0.3096827034193962,0.1057777694177433,0.3600504424866137,,,0.4140625,0.06640625,0.44140625
abf_fr_information_oracle|tt=information_oracle|g=0.008|eta=0.1|bi=0.909091|sf=0.954545|fe=500|seed=6003,abf_fr_information_oracle|tt=information_oracle|g=0.008|eta=0.1|bi=0.909091|sf=0.954545|fe=500,abf_fr_information_oracle,information_oracle,6003,0.008,0.1,0.9090909090909092,0.9545454545454544,500,3000,6.0,0.3219253963499997,0.9020126515456404,0.1012967631752531,0.3049337447258195,0.3563980007348222,2546,256,0.0,False,0.0,0.0,0,,,,,0.1699063295304128,0.2136588086310551,0.0437524791006422,0.918923650201366,0.3767849596105027,1.0707954013336616,0.2951260713577321,0.8286725549664556,0.3219253963499997,0.9020126515456404,0.0711661315397901,1.043885563477538,256.0,1,0.00390625,0,0,,,,,,,,,,,,0.05,0.1,0.3049337447258195,0.1012967631752531,0.3563980007348222,,,0.41015625,0.08203125,0.44140625
abf_fr_information_oracle|tt=information_oracle|g=0.008|eta=0.1|bi=0.909091|sf=0.954545|fe=500|seed=6003,abf_fr_information_oracle|tt=information_oracle|g=0.008|eta=0.1|bi=0.909091|sf=0.954545|fe=500,abf_fr_information_oracle,information_oracle,6003,0.008,0.1,0.9090909090909092,0.9545454545454544,500,3500,7.0,0.3038642153348292,0.8530289683684731,0.1040466267341917,0.3040090771407479,0.3670176140623296,2770,256,0.0,False,0.0,0.0,0,,,,,0.1420278531632632,0.2136588086310551,0.0716309554677918,0.8639401235941385,0.3547730550687704,1.0155500650269336,0.2785299206029906,0.7837236079404247,0.3038642153348292,0.8530289683684731,0.0711549755546716,1.0323341787882732,256.0,1,0.00390625,0,0,,,,,,,,,,,,0.05,0.1,0.3040090771407479,0.1040466267341917,0.3670176140623296,,,0.40625,0.08203125,0.4375
abf_fr_information_oracle|tt=information_oracle|g=0.008|eta=0.1|bi=0.909091|sf=0.954545|fe=500|seed=6003,abf_fr_information_oracle|tt=information_oracle|g=0.008|eta=0.1|bi=0.909091|sf=0.954545|fe=500,abf_fr_information_oracle,information_oracle,6003,0.008,0.1,0.9090909090909092,0.9545454545454544,500,4000,8.0,0.2833102634293561,0.7933163534542669,0.0947556692981554,0.2980021368697486,0.3886669261049301,3025,256,0.0,False,0.0,0.0,0,,,,,0.1325924405949905,0.2136588086310551,0.0810663680360646,0.8030278755530285,0.3300808635812105,0.945957888448736,0.2598516550460148,0.7288977775125227,0.2833102634293561,0.7933163534542669,0.0694442638087462,0.9996159658760226,256.0,1,0.00390625,0,0,,,,,,,,,,,,0.05,0.1,0.2980021368697486,0.0947556692981554,0.3886669261049301,,,0.39453125,0.08203125,0.41796875
abf_fr_information_oracle|tt=information_oracle|g=0.008|eta=0.1|bi=0.909091|sf=0.954545|fe=500|seed=6003,abf_fr_information_oracle|tt=information_oracle|g=0.008|eta=0.1|bi=0.909091|sf=0.954545|fe=500,abf_fr_information_oracle,information_oracle,6003,0.008,0.1,0.9090909090909092,0.9545454545454544,500,4500,9.0,0.2692647793909707,0.7452567091793797,0.081287456008607,0.296163306413333,0.3855005345068805,3154,256,0.0,False,0.0,0.0,0,,,,,0.0964845380493706,0.2136588086310551,0.1171742705816845,0.7555353111257007,0.3120035599759095,0.8907027361183834,0.2473712050623998,0.6847704622447777,0.2692647793909707,0.7452567091793797,0.0672868978622516,0.9617657811080784,256.0,1,0.00390625,0,0,,,,,,,,,,,,0.05,0.1,0.296163306413333,0.081287456008607,0.3855005345068805,,,0.41015625,0.06640625,0.41796875
abf_fr_information_oracle|tt=information_oracle|g=0.008|eta=0.1|bi=0.909091|sf=0.954545|fe=500|seed=6003,abf_fr_information_oracle|tt=information_oracle|g=0.008|eta=0.1|bi=0.909091|sf=0.954545|fe=500,abf_fr_information_oracle,information_oracle,6003,0.008,0.1,0.9090909090909092,0.9545454545454544,500,5000,10.0,0.2576931189824042,0.7066110940009773,0.0906609754344476,0.3097033013124861,0.376185227523829,3355,256,0.0,False,0.0,0.0,0,,,,,0.0735321025419004,0.2136588086310551,0.1401267060891546,0.7159486215970181,0.2971613018824187,0.8453888097720568,0.2372133755886553,0.6492854364583118,0.2576931189824042,0.7066110940009773,0.0661848115808261,0.9403828531404228,256.0,1,0.00390625,0,0,,,,,,,,,,,,0.05,0.1,0.3097033013124861,0.0906609754344476,0.376185227523829,,,0.41015625,0.0546875,0.41796875
abf_fr_information_oracle|tt=information_oracle|g=0.008|eta=0.1|bi=0.909091|sf=0.954545|fe=500|seed=6003,abf_fr_information_oracle|tt=information_oracle|g=0.008|eta=0.1|bi=0.909091|sf=0.954545|fe=500,abf_fr_information_oracle,information_oracle,6003,0.008,0.1,0.9090909090909092,0.9545454545454544,500,5500,11.0,0.2410044138022202,0.6625404494385955,0.081505455433864,0.2914450345087648,0.3741701456818262,3527,256,0.0,False,0.0,0.0,0,,,,,0.0805995282584426,0.2136588086310551,0.1330592803726125,0.6690540950517284,0.2779943605399415,0.7929890583868765,0.2219103458282352,0.6091051192949427,0.2410044138022202,0.6625404494385955,0.0645864203683578,0.9075511776882272,256.0,1,0.00390625,0,0,,,,,,,,,,,,0.05,0.1,0.2914450345087648,0.081505455433864,0.3741701456818262,,,0.421875,0.07421875,0.39453125
abf_fr_information_oracle|tt=information_oracle|g=0.008|eta=0.1|bi=0.909091|sf=0.954545|fe=500|seed=6003,abf_fr_information_oracle|tt=information_oracle|g=0.008|eta=0.1|bi=0.909091|sf=0.954545|fe=500,abf_fr_information_oracle,information_oracle,6003,0.008,0.1,0.9090909090909092,0.9545454545454544,500,6000,12.0,0.2251435125550795,0.6256984725571434,0.0797295867508226,0.291938104291618,0.3758958476844999,3717,256,0.0,False,0.0,0.0,0,,,,,0.1097846125472905,0.2136588086310551,0.1038741960837645,0.63018878927035,0.2606844084124635,0.7495492860760627,0.206802462661927,0.5756029552433471,0.2251435125550795,0.6256984725571434,0.0629793535797472,0.8789342047231767,256.0,1,0.00390625,0,0,,,,,,,,,,,,0.05,0.1,0.291938104291618,0.0797295867508226,0.3758958476844999,,,0.40625,0.05859375,0.4140625
abf_fr_information_oracle|tt=information_oracle|g=0.008|eta=0.1|bi=0.909091|sf=0.954545|fe=500|seed=6003,abf_fr_information_oracle|tt=information_oracle|g=0.008|eta=0.1|bi=0.909091|sf=0.954545|fe=500,abf_fr_information_oracle,information_oracle,6003,0.008,0.1,0.9090909090909092,0.9545454545454544,500,6500,13.0,0.2094864212672413,0.5831839984369888,0.0720332270979175,0.2802174795661526,0.3822396877533293,3879,256,0.0,False,0.0,0.0,0,,,,,0.1224519282977922,0.2136588086310551,0.0912068803332628,0.5880809370042968,0.2428058895861926,0.6986114017618116,0.1924234398134682,0.5371049393068412,0.2094864212672413,0.5831839984369888,0.0599746563936394,0.8304094955029988,256.0,1,0.00390625,0,0,,,,,,,,,,,,0.05,0.1,0.2802174795661526,0.0720332270979175,0.3822396877533293,,,0.43359375,0.07421875,0.37890625
abf_fr_information_oracle|tt=information_oracle|g=0.008|eta=0.1|bi=0.909091|sf=0.954545|fe=500|seed=6003,abf_fr_information_oracle|tt=information_oracle|g=0.008|eta=0.1|bi=0.909091|sf=0.954545|fe=500,abf_fr_information_oracle,information_oracle,6003,0.008,0.1,0.9090909090909092,0.9545454545454544,500,7000,14.0,0.2001260423846614,0.5574469589281523,0.0790949611575124,0.2946163183045844,0.3895343274188813,4097,256,0.0,False,0.0,0.0,0,,,,,0.1230453852227064,0.2136588086310551,0.0906134234083486,0.5606777477139357,0.2317687056631029,0.6679056193654278,0.1839452908990715,0.5136686741944255,0.2001260423846614,0.5574469589281523,0.0580315188259806,0.8047625647241681,256.0,1,0.00390625,0,0,,,,,,,,,,,,0.05,0.1,0.2946163183045844,0.0790949611575124,0.3895343274188813,,,0.4140625,0.06640625,0.3515625
abf_fr_information_oracle|tt=information_oracle|g=0.008|eta=0.1|bi=0.909091|sf=0.954545|fe=500|seed=6003,abf_fr_information_oracle|tt=information_oracle|g=0.008|eta=0.1|bi=0.909091|sf=0.954545|fe=500,abf_fr_information_oracle,information_oracle,6003,0.008,0.1,0.9090909090909092,0.9545454545454544,500,7500,15.0,0.1925348001233578,0.5364532683972146,0.0828918227891429,0.2859767281156871,0.3600632529130833,4260,256,0.0,False,0.0,0.0,0,,,,,0.1280893879296343,0.2136588086310551,0.0855694207014208,0.539835752880132,0.2230150930926122,0.6429216979836687,0.1769730089274684,0.4945951271985362,0.1925348001233578,0.5364532683972146,0.0568527687525284,0.781124699570722,256.0,1,0.00390625,0,0,,,,,,,,,,,,0.05,0.1,0.2859767281156871,0.0828918227891429,0.3600632529130833,,,0.390625,0.0859375,0.37890625
abf_fr_information_oracle|tt=information_oracle|g=0.008|eta=0.1|bi=0.909091|sf=0.954545|fe=500|seed=6003,abf_fr_information_oracle|tt=information_oracle|g=0.008|eta=0.1|bi=0.909091|sf=0.954545|fe=500,abf_fr_information_oracle,information_oracle,6003,0.008,0.1,0.9090909090909092,0.9545454545454544,500,8000,16.0,0.1829729133923807,0.510584789602276,0.0798873546476205,0.2787008863911949,0.3686801632705527,4514,256,0.0,False,0.0,0.0,0,,,,,0.1320797638542465,0.2136588086310551,0.0815790447768085,0.5141891708021558,0.2120975122007772,0.6120375653963475,0.1680924567996237,0.471125674295307,0.1829729133923807,0.510584789602276,0.0548525705742456,0.7520721790131198,256.0,1,0.00390625,0,0,,,,,,,,,,,,0.05,0.1,0.2787008863911949,0.0798873546476205,0.3686801632705527,,,0.38671875,0.09375,0.359375
abf_fr_information_oracle|tt=information_oracle|g=0.008|eta=0.1|bi=0.909091|sf=0.954545|fe=500|seed=6003,abf_fr_information_oracle|tt=information_oracle|g=0.008|eta=0.1|bi=0.909091|sf=0.954545|fe=500,abf_fr_information_oracle,information_oracle,6003,0.008,0.1,0.9090909090909092,0.9545454545454544,500,8500,17.0,0.173566020407941,0.4871238288615602,0.0706875447060954,0.2736278057687742,0.3928233343998928,4733,256,0.0,False,0.0,0.0,0,,,,,0.1445415151929872,0.2136588086310551,0.0691172934380679,0.489573557662299,0.2017878119526802,0.5838832930971453,0.159057209763174,0.4499837608684677,0.173566020407941,0.4871238288615602,0.0527077677535133,0.7203642229222483,256.0,1,0.00390625,0,0,,,,,,,,,,,,0.05,0.1,0.2736278057687742,0.0706875447060954,0.3928233343998928,,,0.38671875,0.1015625,0.33984375
abf_fr_information_oracle|tt=information_oracle|g=0.008|eta=0.1|bi=0.909091|sf=0.954545|fe=500|seed=6003,abf_fr_information_oracle|tt=information_oracle|g=0.008|eta=0.1|bi=0.909091|sf=0.954545|fe=500,abf_fr_information_oracle,information_oracle,6003,0.008,0.1,0.9090909090909092,0.9545454545454544,500,9000,18.0,0.1657117598971665,0.4656851756667814,0.0765351927741954,0.2927961635122261,0.3814479312644309,4905,256,0.0,False,0.0,0.0,0,,,,,0.1506846361048346,0.2136588086310551,0.0629741725262205,0.4677328088751734,0.1928201915610912,0.5582702787261092,0.1518008759571154,0.4307367309937143,0.1657117598971665,0.4656851756667814,0.050466616204416,0.6889232819968423,256.0,1,0.00390625,0,0,,,,,,,,,,,,0.05,0.1,0.2927961635122261,0.0765351927741954,0.3814479312644309,,,0.3984375,0.07421875,0.3828125
abf_fr_information_oracle|tt=information_oracle|g=0.008|eta=0.1|bi=0.909091|sf=0.954545|fe=500|seed=6003,abf_fr_information_oracle|tt=information_oracle|g=0.008|eta=0.1|bi=0.909091|sf=0.954545|fe=500,abf_fr_information_oracle,information_oracle,6003,0.008,0.1,0.9090909090909092,0.9545454545454544,500,9500,19.0,0.1601374744191095,0.4510226958368319,0.0869904731779708,0.2937491618585424,0.3785523415025261,5156,256,0.0,False,0.0,0.0,0,,,,,0.1533409917498254,0.2136588086310551,0.0603178168812297,0.4524412605672951,0.1863558977111294,0.5408297916590429,0.1466705508573893,0.4175299466470006,0.1601374744191095,0.4510226958368319,0.0494430958882348,0.6742240052245869,256.0,1,0.00390625,0,0,,,,,,,,,,,,0.05,0.1,0.2937491618585424,0.0869904731779708,0.3785523415025261,,,0.41796875,0.07421875,0.359375
abf_fr_information_oracle|tt=information_oracle|g=0.008|eta=0.1|bi=0.909091|sf=0.954545|fe=500|seed=6003,abf_fr_information_oracle|tt=information_oracle|g=0.008|eta=0.1|bi=0.909091|sf=0.954545|fe=500,abf_fr_information_oracle,information_oracle,6003,0.008,0.1,0.9090909090909092,0.9545454545454544,500,10000,20.0,0.1559780352519222,0.4377777471677752,0.0680516651700675,0.2756553374303978,0.3955271954272001,5387,255,0.008,True,0.00390625,0.00390625,1,1.7347234759768068e-17,1.0430919569573325,-3.1356844239815134,1.3598677044566632,0.143549059852841,0.2136588086310551,0.070109748778214,0.4398786222989913,0.1810922322765172,0.5250781888715482,0.1430909492879841,0.4055590512273064,0.1559780352519222,0.4377777471677752,0.0481347696606987,0.6591911346361078,254.015503875969,2,0.0078125,1,1,0.0,-3.1095078647739736,-3.1095078647739736,-1.8495445462343516,-1.8495445462343516,0.1646090439913605,0.1646090439913605,1.2337739902890834,1.2337739902890834,1.3551217895637804,1.3551217895637804,0.05,0.1,0.2756553374303978,0.0680516651700675,0.3955271954272001,1.0430919569573325,1.3598677044566632,0.3828125,0.08984375,0.3671875
abf_fr_information_oracle|tt=information_oracle|g=0.008|eta=0.1|bi=0.909091|sf=0.954545|fe=500|seed=6003,abf_fr_information_oracle|tt=information_oracle|g=0.008|eta=0.1|bi=0.909091|sf=0.954545|fe=500,abf_fr_information_oracle,information_oracle,6003,0.008,0.1,0.9090909090909092,0.9545454545454544,500,10500,21.0,0.1503470427598274,0.4212644819177793,0.0865051742712949,0.2913077500728836,0.3723177300654072,5552,255,0.0,False,0.0,0.0,0,,,,,0.1436203556886006,0.2136588086310551,0.0700384529424544,0.4231224580248851,0.1744103741516102,0.505276740673398,0.1380601272519419,0.3908083033532796,0.1503470427598274,0.4212644819177793,0.0469366868244401,0.6383535632829288,254.015503875969,2,0.0078125,1,1,,,,,,,,,,,,0.05,0.1,0.2913077500728836,0.0865051742712949,0.3723177300654072,,,0.41015625,0.07421875,0.34765625
abf_fr_information_oracle|tt=information_oracle|g=0.008|eta=0.1|bi=0.909091|sf=0.954545|fe=500|seed=6003,abf_fr_information_oracle|tt=information_oracle|g=0.008|eta=0.1|bi=0.909091|sf=0.954545|fe=500,abf_fr_information_oracle,information_oracle,6003,0.008,0.1,0.9090909090909092,0.9545454545454544,500,11000,22.0,0.1469247217616307,0.4091270721338041,0.0806360850857657,0.2866023443226657,0.3936125174149927,5696,255,0.0,False,0.0,0.0,0,,,,,0.136210786359328,0.2136588086310551,0.077448022271727,0.4117362913302921,0.1700801499280018,0.4907844609599101,0.1351122712950943,0.3798278158548766,0.1469247217616307,0.4091270721338041,0.0460785978232647,0.6237181466901863,254.015503875969,2,0.0078125,1,1,,,,,,,,,,,,0.05,0.1,0.2866023443226657,0.0806360850857657,0.3936125174149927,,,0.41015625,0.078125,0.34375
abf_fr_information_oracle|tt=information_oracle|g=0.008|eta=0.1|bi=0.909091|sf=0.954545|fe=500|seed=6004,abf_fr_information_oracle|tt=information_oracle|g=0.008|eta=0.1|bi=0.909091|sf=0.954545|fe=500,abf_fr_information_oracle,information_oracle,6004,0.008,0.1,0.9090909090909092,0.9545454545454544,500,0,0.0,2.906603863987052,6.564657815288973,0.0551412441179022,0.2633899507826197,0.3926384427527432,0,256,0.0,False,0.0,0.0,0,,,,,0.0,0.2136588086310551,0.2136588086310551,1.8839792970692677,0.7722826132658906,3.487298309594125,5.408116675855963,9.381946420303988,2.906603863987052,6.564657815288973,0.037083496902375,0.7293641473133242,256.0,1,0.00390625,0,0,,,,,,,,,,,,0.05,0.1,0.2633899507826197,0.0551412441179022,0.3926384427527432,,,0.38671875,0.12890625,0.3046875
abf_fr_information_oracle|tt=information_oracle|g=0.008|eta=0.1|bi=0.909091|sf=0.954545|fe=500|seed=6004,abf_fr_information_oracle|tt=information_oracle|g=0.008|eta=0.1|bi=0.909091|sf=0.954545|fe=500,abf_fr_information_oracle,information_oracle,6004,0.008,0.1,0.9090909090909092,0.9545454545454544,500,500,1.0,0.4918502944431158,1.3161412896073617,0.1037030427638045,0.291976358936204,0.3765059310205143,540,256,0.0,False,0.0,0.0,0,,,,,0.1828586252963902,0.2136588086310551,0.0308001833346649,1.3709841980438149,0.5573471116569715,1.382468299548716,0.5109542366790752,1.214712812655666,0.4918502944431158,1.3161412896073617,0.0626634448406953,0.943002305419736,256.0,1,0.00390625,0,0,,,,,,,,,,,,0.05,0.1,0.291976358936204,0.1037030427638045,0.3765059310205143,,,0.4296875,0.1328125,0.3671875
abf_fr_information_oracle|tt=information_oracle|g=0.008|eta=0.1|bi=0.909091|sf=0.954545|fe=500|seed=6004,abf_fr_information_oracle|tt=information_oracle|g=0.008|eta=0.1|bi=0.909091|sf=0.954545|fe=500,abf_fr_information_oracle,information_oracle,6004,0.008,0.1,0.9090909090909092,0.9545454545454544,500,1000,2.0,0.4362139009208134,1.1822446831843505,0.1037604901676152,0.2935742262240537,0.3751456893489059,1068,256,0.0,False,0.0,0.0,0,,,,,0.3165005552621274,0.2136588086310551,0.1028417466310722,1.2313992027818217,0.5049591589670037,1.319059090812616,0.4254154055440429,1.0884150611020666,0.4362139009208134,1.1822446831843505,0.0681442271339131,1.0182784911339202,256.0,1,0.00390625,0,0,,,,,,,,,,,,0.05,0.1,0.2935742262240537,0.1037604901676152,0.3751456893489059,,,0.44921875,0.125,0.3671875
abf_fr_information_oracle|tt=information_oracle|g=0.008|eta=0.1|bi=0.909091|sf=0.954545|fe=500|seed=6004,abf_fr_information_oracle|tt=information_oracle|g=0.008|eta=0.1|bi=0.909091|sf=0.954545|fe=500,abf_fr_information_oracle,information_oracle,6004,0.008,0.1,0.9090909090909092,0.9545454545454544,500,1500,3.0,0.3879087175848378,1.0541127748709684,0.097226987469761,0.2991044760840891,0.3590596983957392,1451,256,0.0,False,0.0,0.0,0,,,,,0.3299133184239693,0.2136588086310551,0.1162545097929141,1.098710817634171,0.4510436811014702,1.2152839030648803,0.3679409921509251,0.9703618126347284,0.3879087175848378,1.0541127748709684,0.0713556660008761,1.0457783045740818,256.0,1,0.00390625,0,0,,,,,,,,,,,,0.05,0.1,0.2991044760840891,0.097226987469761,0.3590596983957392,,,0.49609375,0.11328125,0.37890625
abf_fr_information_oracle|tt=information_oracle|g=0.008|eta=0.1|bi=0.909091|sf=0.954545|fe=500|seed=6004,abf_fr_information_oracle|tt=information_oracle|g=0.008|eta=0.1|bi=0.909091|sf=0.954545|fe=500,abf_fr_information_oracle,information_oracle,6004,0.008,0.1,0.9090909090909092,0.9545454545454544,500,2000,4.0,0.3710816824559901,0.9826628653585424,0.0999407458503345,0.3000570891886218,0.3445073896377641,1941,256,0.0,False,0.0,0.0,0,,,,,0.4372052414514833,0.2136588086310551,0.2235464328204282,1.0225921256751458,0.4245929662073062,1.1497939314465366,0.3518817141114214,0.9041555774878012,0.3710816824559901,0.9826628653585424,0.0714636574266877,1.0387936954509909,256.0,1,0.00390625,0,0,,,,,,,,,,,,0.05,0.1,0.3000570891886218,0.0999407458503345,0.3445073896377641,,,0.48046875,0.1015625,0.3828125
abf_fr_information_oracle|tt=information_oracle|g=0.008|eta=0.1|bi=0.909091|sf=0.954545|fe=500|seed=6004,abf_fr_information_oracle|tt=information_oracle|g=0.008|eta=0.1|bi=0.909091|sf=0.954545|fe=500,abf_fr_information_oracle,information_oracle,6004,0.008,0.1,0.9090909090909092,0.9545454545454544,500,2500,5.0,0.3589491118067088,0.944141687998196,0.1068254216857818,0.3086805999280234,0.3468084595958824,2258,256,0.0,False,0.0,0.0,0,,,,,0.471069557957172,0.2136588086310551,0.2574107493261168,0.9766234875845968,0.4083381577906913,1.1142892325850964,0.3387351678855409,0.8685429800535381,0.3589491118067088,0.944141687998196,0.0708131496946593,1.0337280077206217,256.0,1,0.00390625,0,0,,,,,,,,,,,,0.05,0.1,0.3086805999280234,0.1068254216857818,0.3468084595958824,,,0.4921875,0.078125,0.3828125
abf_fr_information_oracle|tt=information_oracle|g=0.008|eta=0.1|bi=0.909091|sf=0.954545|fe=500|seed=6004,abf_fr_information_oracle|tt=information_oracle|g=0.008|eta=0.1|bi=0.909091|sf=0.954545|fe=500,abf_fr_information_oracle,information_oracle,6004,0.008,0.1,0.9090909090909092,0.9545454545454544,500,3000,6.0,0.3405167388506957,0.8934881324059756,0.0907285350873561,0.2909611819109735,0.3631024462317227,2472,256,0.0,False,0.0,0.0,0,,,,,0.4777186803988549,0.2136588086310551,0.2640598717677997,0.9163892645913636,0.3854198417041907,1.0602590537118193,0.3211737215502416,0.820816787557,0.3405167388506957,0.8934881324059756,0.0707898475157491,1.0231838639790458,256.0,1,0.00390625,0,0,,,,,,,,,,,,0.05,0.1,0.2909611819109735,0.0907285350873561,0.3631024462317227,,,0.4765625,0.08984375,0.3671875
abf_fr_information_oracle|tt=information_oracle|g=0.008|eta=0.1|bi=0.909091|sf=0.954545|fe=500|seed=6004,abf_fr_information_oracle|tt=information_oracle|g=0.008|eta=0.1|bi=0.909091|sf=0.954545|fe=500,abf_fr_information_oracle,information_oracle,6004,0.008,0.1,0.9090909090909092,0.9545454545454544,500,3500,7.0,0.328659198203944,0.8413823094890373,0.1164578439829612,0.3127334945508325,0.3575100864683431,2778,256,0.0,False,0.0,0.0,0,,,,,0.5160570310075627,0.2136588086310551,0.3023982223765076,0.8610571626235948,0.3669579642971268,1.0012749756998205,0.3125651268890715,0.7724554960997915,0.328659198203944,0.8413823094890373,0.0700037042939472,1.0021770025613357,256.0,1,0.00390625,0,0,,,,,,,,,,,,0.05,0.1,0.3127334945508325,0.1164578439829612,0.3575100864683431,,,0.47265625,0.06640625,0.33984375
abf_fr_information_oracle|tt=information_oracle|g=0.008|eta=0.1|bi=0.909091|sf=0.954545|fe=500|seed=6004,abf_fr_information_oracle|tt=information_oracle|g=0.008|eta=0.1|bi=0.909091|sf=0.954545|fe=500,abf_fr_information_oracle,information_oracle,6004,0.008,0.1,0.9090909090909092,0.9545454545454544,500,4000,8.0,0.3230046054513581,0.821964440302241,0.0870601137254736,0.3006479863065966,0.3677652833782481,2963,256,0.0,False,0.0,0.0,0,,,,,0.5284813739043877,0.2136588086310551,0.3148225652733325,0.8362322493776412,0.3587888258924774,0.9803654703302356,0.3077600351657377,0.7544016153010888,0.3230046054513581,0.821964440302241,0.0694466592435147,0.9947317342534564,256.0,1,0.00390625,0,0,,,,,,,,,,,,0.05,0.1,0.3006479863065966,0.0870601137254736,0.3677652833782481,,,0.46875,0.07421875,0.3515625
abf_fr_information_oracle|tt=information_oracle|g=0.008|eta=0.1|bi=0.909091|sf=0.954545|fe=500|seed=6004,abf_fr_information_oracle|tt=information_oracle|g=0.008|eta=0.1|bi=0.909091|sf=0.954545|fe=500,abf_fr_information_oracle,information_oracle,6004,0.008,0.1,0.9090909090909092,0.9545454545454544,500,4500,9.0,0.30913410218288,0.7847365811150788,0.1014441659469994,0.306416791574803,0.3568343890230923,3224,256,0.0,False,0.0,0.0,0,,,,,0.5304282336745914,0.2136588086310551,0.3167694250435362,0.7934297779613035,0.3421869112380625,0.9371415681270784,0.2944759578774082,0.7202430736271507,0.30913410218288,0.7847365811150788,0.0683260575921415,0.9796611265241516,256.0,1,0.00390625,0,0,,,,,,,,,,,,0.05,0.1,0.306416791574803,0.1014441659469994,0.3568343890230923,,,0.47265625,0.06640625,0.359375
abf_fr_information_oracle|tt=information_oracle|g=0.008|eta=0.1|bi=0.909091|sf=0.954545|fe=500|seed=6004,abf_fr_information_oracle|tt=information_oracle|g=0.008|eta=0.1|bi=0.909091|sf=0.954545|fe=500,abf_fr_information_oracle,information_oracle,6004,0.008,0.1,0.9090909090909092,0.9545454545454544,500,5000,10.0,0.2931419657193043,0.7515419220936869,0.0837379450699435,0.3002663889357033,0.3585283595863167,3454,256,0.0,False,0.0,0.0,0,,,,,0.505100831977817,0.2136588086310551,0.2914420233467618,0.7570694465346712,0.3251650409496278,0.8983529842696324,0.2784214895161847,0.6899753033714575,0.2931419657193043,0.7515419220936869,0.067246775624607,0.9610859507273252,256.0,1,0.00390625,0,0,,,,,,,,,,,,0.05,0.1,0.3002663889357033,0.0837379450699435,0.3585283595863167,,,0.45703125,0.08203125,0.36328125
abf_fr_information_oracle|tt=information_oracle|g=0.008|eta=0.1|bi=0.909091|sf=0.954545|fe=500|seed=6004,abf_fr_information_oracle|tt=information_oracle|g=0.008|eta=0.1|bi=0.909091|sf=0.954545|fe=500,abf_fr_information_oracle,information_oracle,6004,0.008,0.1,0.9090909090909092,0.9545454545454544,500,5500,11.0,0.2802215062797378,0.716668996455685,0.0911268688202148,0.2985300551259733,0.3692659339011557,3645,256,0.0,False,0.0,0.0,0,,,,,0.5005210362159431,0.2136588086310551,0.286862227584888,0.7192085194703914,0.3100360313109103,0.8570962130702302,0.266549663503455,0.6582165302914008,0.2802215062797378,0.716668996455685,0.0655967674025484,0.9342719445869254,256.0,1,0.00390625,0,0,,,,,,,,,,,,0.05,0.1,0.2985300551259733,0.0911268688202148,0.3692659339011557,,,0.4453125,0.07421875,0.37109375
abf_fr_information_oracle|tt=information_oracle|g=0.008|eta=0.1|bi=0.909091|sf=0.954545|fe=500|seed=6004,abf_fr_information_oracle|tt=information_oracle|g=0.008|eta=0.1|bi=0.909091|sf=0.954545|fe=500,abf_fr_information_oracle,information_oracle,6004,0.008,0.1,0.9090909090909092,0.9545454545454544,500,6000,12.0,0.2698412449166742,0.679899718531693,0.0966194124346424,0.3090641192177816,0.3625368431065912,3858,256,0.0,False,0.0,0.0,0,,,,,0.5064947349052531,0.2136588086310551,0.2928359262741979,0.6820022872560525,0.2969450196135837,0.8139428798534304,0.2573113910631364,0.6247932064771492,0.2698412449166742,0.679899718531693,0.0645223140351721,0.907526706800502,256.0,1,0.00390625,0,0,,,,,,,,,,,,0.05,0.1,0.3090641192177816,0.0966194124346424,0.3625368431065912,,,0.45703125,0.06640625,0.390625
abf_fr_information_oracle|tt=information_oracle|g=0.008|eta=0.1|bi=0.909091|sf=0.954545|fe=500|seed=6004,abf_fr_information_oracle|tt=information_oracle|g=0.008|eta=0.1|bi=0.909091|sf=0.954545|fe=500,abf_fr_information_oracle,information_oracle,6004,0.008,0.1,0.9090909090909092,0.9545454545454544,500,6500,13.0,0.2625633527970435,0.6587832293145743,0.0975127063701393,0.3073956366473321,0.3629347737816136,3987,256,0.0,False,0.0,0.0,0,,,,,0.5020040570109359,0.2136588086310551,0.2883452483798807,0.6607453464011089,0.2885850627203448,0.7892372522067412,0.2503524695621845,0.6055885028871321,0.2625633527970435,0.6587832293145743,0.0639224558642228,0.8936258122652567,256.0,1,0.00390625,0,0,,,,,,,,,,,,0.05,0.1,0.3073956366473321,0.0975127063701393,0.3629347737816136,,,0.44921875,0.05078125,0.37890625
abf_fr_information_oracle|tt=information_oracle|g=0.008|eta=0.1|bi=0.909091|sf=0.954545|fe=500|seed=6004,abf_fr_information_oracle|tt=information_oracle|g=0.008|eta=0.1|bi=0.909091|sf=0.954545|fe=500,abf_fr_information_oracle,information_oracle,6004,0.008,0.1,0.9090909090909092,0.9545454545454544,500,7000,14.0,0.254216771259299,0.6303428166156588,0.0863557357222711,0.3073332381968873,0.3793672149775733,4167,256,0.0,False,0.0,0.0,0,,,,,0.5038765028274383,0.2136588086310551,0.2902176941963832,0.6314369653258234,0.2781937708565091,0.7555683062708546,0.2429006679212686,0.5796642637043072,0.254216771259299,0.6303428166156588,0.0623597779428933,0.86503743615944,256.0,1,0.00390625,0,0,,,,,,,,,,,,0.05,0.1,0.3073332381968873,0.0863557357222711,0.3793672149775733,,,0.46484375,0.046875,0.39453125
abf_fr_information_oracle|tt=information_oracle|g=0.008|eta=0.1|bi=0.909091|sf=0.954545|fe=500|seed=6004,abf_fr_information_oracle|tt=information_oracle|g=0.008|eta=0.1|bi=0.909091|sf=0.954545|fe=500,abf_fr_information_oracle,information_oracle,6004,0.008,0.1,0.9090909090909092,0.9545454545454544,500,7500,15.0,0.2486489959659383,0.6141277087404513,0.0812415297403074,0.2978750649066371,0.3951719298038192,4331,256,0.0,False,0.0,0.0,0,,,,,0.5009681346938741,0.2136588086310551,0.287309326062819,0.6145196844733988,0.2717258961233074,0.736570868526958,0.237386181926319,0.5649131885412478,0.2486489959659383,0.6141277087404513,0.0614162063857707,0.8485328792191075,256.0,1,0.00390625,0,0,,,,,,,,,,,,0.05,0.1,0.2978750649066371,0.0812415297403074,0.3951719298038192,,,0.43359375,0.05859375,0.36328125
abf_fr_information_oracle|tt=information_oracle|g=0.008|eta=0.1|bi=0.909091|sf=0.954545|fe=500|seed=6004,abf_fr_information_oracle|tt=information_oracle|g=0.008|eta=0.1|bi=0.909091|sf=0.954545|fe=500,abf_fr_information_oracle,information_oracle,6004,0.008,0.1,0.9090909090909092,0.9545454545454544,500,8000,16.0,0.2442492143182987,0.5961715427044433,0.0713504841541586,0.2941938269982639,0.3903588298380699,4472,256,0.0,False,0.0,0.0,0,,,,,0.5072264958748605,0.2136588086310551,0.2935676872438053,0.5950276792047332,0.2657541019806421,0.7151380193979733,0.2337325541706681,0.54859709085576,0.2442492143182987,0.5961715427044433,0.0599117642986663,0.8284389180504097,256.0,1,0.00390625,0,0,,,,,,,,,,,,0.05,0.1,0.2941938269982639,0.0713504841541586,0.3903588298380699,,,0.390625,0.07421875,0.33984375
abf_fr_information_oracle|tt=information_oracle|g=0.008|eta=0.1|bi=0.909091|sf=0.954545|fe=500|seed=6004,abf_fr_information_oracle|tt=information_oracle|g=0.008|eta=0.1|bi=0.909091|sf=0.954545|fe=500,abf_fr_information_oracle,information_oracle,6004,0.008,0.1,0.9090909090909092,0.9545454545454544,500,8500,17.0,0.2397257448038529,0.5769658543203462,0.0825242971680187,0.3004754355711842,0.3857618693189015,4652,256,0.0,False,0.0,0.0,0,,,,,0.5118788502891292,0.2136588086310551,0.298220041658074,0.5766328858618173,0.2595973274100104,0.6920658616107649,0.2302720561350988,0.5311963195284447,0.2397257448038529,0.5769658543203462,0.0583387689819003,0.8057454063806911,256.0,1,0.00390625,0,0,,,,,,,,,,,,0.05,0.1,0.3004754355711842,0.0825242971680187,0.3857618693189015,,,0.42578125,0.05859375,0.35546875
abf_fr_information_oracle|tt=information_oracle|g=0.008|eta=0.1|bi=0.909091|sf=0.954545|fe=500|seed=6004,abf_fr_information_oracle|tt=information_oracle|g=0.008|eta=0.1|bi=0.909091|sf=0.954545|fe=500,abf_fr_information_oracle,information_oracle,6004,0.008,0.1,0.9090909090909092,0.9545454545454544,500,9000,18.0,0.2356288835967423,0.5650712006450367,0.0795785472978705,0.2951929622169518,0.3797544279215733,4802,256,0.0,False,0.0,0.0,0,,,,,0.5102744166937434,0.2136588086310551,0.2966156080626883,0.5632378613153266,0.2544610322820909,0.6777653161453632,0.2270376645705836,0.5203229186997228,0.2356288835967423,0.5650712006450367,0.0573913701423837,0.7938589328457268,256.0,1,0.00390625,0,0,,,,,,,,,,,,0.05,0.1,0.2951929622169518,0.0795785472978705,0.3797544279215733,,,0.43359375,0.06640625,0.33984375
abf_fr_information_oracle|tt=information_oracle|g=0.008|eta=0.1|bi=0.909091|sf=0.954545|fe=500|seed=6004,abf_fr_information_oracle|tt=information_oracle|g=0.008|eta=0.1|bi=0.909091|sf=0.954545|fe=500,abf_fr_information_oracle,information_oracle,6004,0.008,0.1,0.9090909090909092,0.9545454545454544,500,9500,19.0,0.2299151755620795,0.5474886720485633,0.0802064179811148,0.2978834454723778,0.3880322518348785,5001,256,0.0,False,0.0,0.0,0,,,,,0.5086154678788226,0.2136588086310551,0.2949566592477675,0.5455761733688053,0.2477156927677206,0.6566803510155145,0.2217981630901991,0.5043248534453721,0.2299151755620795,0.5474886720485633,0.0557131087643467,0.7715765533266233,256.0,1,0.00390625,0,0,,,,,,,,,,,,0.05,0.1,0.2978834454723778,0.0802064179811148,0.3880322518348785,,,0.390625,0.06640625,0.37890625
abf_fr_information_oracle|tt=information_oracle|g=0.008|eta=0.1|bi=0.909091|sf=0.954545|fe=500|seed=6004,abf_fr_information_oracle|tt=information_oracle|g=0.008|eta=0.1|bi=0.909091|sf=0.954545|fe=500,abf_fr_information_oracle,information_oracle,6004,0.008,0.1,0.9090909090909092,0.9545454545454544,500,10000,20.0,0.2238345228545577,0.5245156100399463,0.0763400362092133,0.2995080724742667,0.390439273816861,5207,255,0.008,True,0.00390625,0.00390625,1,-6.591949208711867e-17,0.9317320220863852,-3.833587862901655,1.1733622744722123,0.5099488339222802,0.2136588086310551,0.296290025291225,0.522613820533616,0.2400739832453873,0.629154892243826,0.2164688137184102,0.4835198663487089,0.2238345228545577,0.5245156100399463,0.0542726496023564,0.7442107512367352,254.015503875969,2,0.0078125,1,1,0.0,-3.4461018219282646,-3.4461018219282646,-1.171375132958047,-1.171375132958047,0.18709429650983,0.18709429650983,0.8223662245186854,0.8223662245186854,1.164377610968245,1.164377610968245,0.05,0.1,0.2995080724742667,0.0763400362092133,0.390439273816861,0.9317320220863852,1.1733622744722123,0.4375,0.06640625,0.390625
abf_fr_information_oracle|tt=information_oracle|g=0.008|eta=0.1|bi=0.909091|sf=0.954545|fe=500|seed=6004,abf_fr_information_oracle|tt=information_oracle|g=0.008|eta=0.1|bi=0.909091|sf=0.954545|fe=500,abf_fr_information_oracle,information_oracle,6004,0.008,0.1,0.9090909090909092,0.9545454545454544,500,10500,21.0,0.2199653858590224,0.511428249676328,0.0627730093531442,0.2837238278615663,0.3914122114712817,5376,255,0.0,False,0.0,0.0,0,,,,,0.5099542790692944,0.2136588086310551,0.2962954704382392,0.5092651431941025,0.2352887216772654,0.6135894145877959,0.2129128398541328,0.4716580846722588,0.2199653858590224,0.511428249676328,0.0530856544296942,0.7279484290393597,254.015503875969,2,0.0078125,1,1,,,,,,,,,,,,0.05,0.1,0.2837238278615663,0.0627730093531442,0.3914122114712817,,,0.41796875,0.078125,0.375
abf_fr_information_oracle|tt=information_oracle|g=0.008|eta=0.1|bi=0.909091|sf=0.954545|fe=500|seed=6004,abf_fr_information_oracle|tt=information_oracle|g=0.008|eta=0.1|bi=0.909091|sf=0.954545|fe=500,abf_fr_information_oracle,information_oracle,6004,0.008,0.1,0.9090909090909092,0.9545454545454544,500,11000,22.0,0.2181326240085258,0.4972779245561829,0.0827091469027493,0.2960140131865366,0.3741676941849254,5594,255,0.0,False,0.0,0.0,0,,,,,0.5196301724285206,0.2136588086310551,0.3059713637974655,0.4942241477778731,0.2317411317679384,0.5966235790245961,0.2120232034666197,0.4588586896890496,0.2181326240085258,0.4972779245561829,0.051928108544986,0.7109266133609226,254.015503875969,2,0.0078125,1,1,,,,,,,,,,,,0.05,0.1,0.2960140131865366,0.0827091469027493,0.3741676941849254,,,0.40625,0.07421875,0.37109375
abf_fr_information_oracle|tt=information_oracle|g=0.008|eta=0.1|bi=0.909091|sf=0.954545|fe=500|seed=6005,abf_fr_information_oracle|tt=information_oracle|g=0.008|eta=0.1|bi=0.909091|sf=0.954545|fe=500,abf_fr_information_oracle,information_oracle,6005,0.008,0.1,0.9090909090909092,0.9545454545454544,500,0,0.0,2.906603863987052,6.564657815288973,0.0445363447074211,0.2558796327042333,0.4041134501532037,0,256,0.0,False,0.0,0.0,0,,,,,0.0,0.2136588086310551,0.2136588086310551,1.8839792970692677,0.7722826132658906,3.487298309594125,5.408116675855963,9.381946420303988,2.906603863987052,6.564657815288973,0.037083496902375,0.7293641473133242,256.0,1,0.00390625,0,0,,,,,,,,,,,,0.05,0.1,0.2558796327042333,0.0445363447074211,0.4041134501532037,,,0.296875,0.1484375,0.359375
abf_fr_information_oracle|tt=information_oracle|g=0.008|eta=0.1|bi=0.909091|sf=0.954545|fe=500|seed=6005,abf_fr_information_oracle|tt=information_oracle|g=0.008|eta=0.1|bi=0.909091|sf=0.954545|fe=500,abf_fr_information_oracle,information_oracle,6005,0.008,0.1,0.9090909090909092,0.9545454545454544,500,500,1.0,0.551930450350401,1.3726877664152868,0.083664854193706,0.2831832900187037,0.3751118013729191,514,256,0.0,False,0.0,0.0,0,,,,,0.7295952563836288,0.2136588086310551,0.5159364477525736,1.4827559049223793,0.6302010420733493,1.5215829497832307,0.5381012736104361,1.264803319334039,0.551930450350401,1.3726877664152868,0.0756544896812508,1.1054553143400614,256.0,1,0.00390625,0,0,,,,,,,,,,,,0.05,0.1,0.2831832900187037,0.083664854193706,0.3751118013729191,,,0.35546875,0.16015625,0.39453125
abf_fr_information_oracle|tt=information_oracle|g=0.008|eta=0.1|bi=0.909091|sf=0.954545|fe=500|seed=6005,abf_fr_information_oracle|tt=information_oracle|g=0.008|eta=0.1|bi=0.909091|sf=0.954545|fe=500,abf_fr_information_oracle,information_oracle,6005,0.008,0.1,0.9090909090909092,0.9545454545454544,500,1000,2.0,0.4764501129323692,1.1915542672459394,0.1058772711628795,0.2958854268035269,0.3755509959674789,965,256,0.0,False,0.0,0.0,0,,,,,0.6888302858819522,0.2136588086310551,0.475171477250897,1.2659655981051294,0.5432856307811953,1.372767620987452,0.4503661273470959,1.0966402773216528,0.4764501129323692,1.1915542672459394,0.0773061623697316,1.1174134073722748,256.0,1,0.00390625,0,0,,,,,,,,,,,,0.05,0.1,0.2958854268035269,0.1058772711628795,0.3755509959674789,,,0.38671875,0.12890625,0.42578125
abf_fr_information_oracle|tt=information_oracle|g=0.008|eta=0.1|bi=0.909091|sf=0.954545|fe=500|seed=6005,abf_fr_information_oracle|tt=information_oracle|g=0.008|eta=0.1|bi=0.909091|sf=0.954545|fe=500,abf_fr_information_oracle,information_oracle,6005,0.008,0.1,0.9090909090909092,0.9545454545454544,500,1500,3.0,0.4392820391779138,1.1047671029092505,0.0942481021426563,0.3022801689996431,0.3664320484231524,1363,256,0.0,False,0.0,0.0,0,,,,,0.653811362242493,0.2136588086310551,0.4401525536114379,1.1556646804225204,0.4988284531171266,1.2948863388087954,0.4100116304040449,1.016889857773325,0.4392820391779138,1.1047671029092505,0.0778144728272835,1.1210836655799017,256.0,1,0.00390625,0,0,,,,,,,,,,,,0.05,0.1,0.3022801689996431,0.0942481021426563,0.3664320484231524,,,0.41015625,0.09375,0.4765625
abf_fr_information_oracle|tt=information_oracle|g=0.008|eta=0.1|bi=0.909091|sf=0.954545|fe=500|seed=6005,abf_fr_information_oracle|tt=information_oracle|g=0.008|eta=0.1|bi=0.909091|sf=0.954545|fe=500,abf_fr_information_oracle,information_oracle,6005,0.008,0.1,0.9090909090909092,0.9545454545454544,500,2000,4.0,0.3984737608265689,1.0122329372003536,0.0831816064646909,0.292980214573926,0.3692291223432221,1788,256,0.0,False,0.0,0.0,0,,,,,0.6104552068006832,0.2136588086310551,0.3967963981696281,1.0468006757014985,0.4517627040632221,1.1974425641978153,0.3691535514214253,0.9321165405557316,0.3984737608265689,1.0122329372003536,0.076524561541599,1.1016618243691874,256.0,1,0.00390625,0,0,,,,,,,,,,,,0.05,0.1,0.292980214573926,0.0831816064646909,0.3692291223432221,,,0.3671875,0.1015625,0.4765625
abf_fr_information_oracle|tt=information_oracle|g=0.008|eta=0.1|bi=0.909091|sf=0.954545|fe=500|seed=6005,abf_fr_information_oracle|tt=information_oracle|g=0.008|eta=0.1|bi=0.909091|sf=0.954545|fe=500,abf_fr_information_oracle,information_oracle,6005,0.008,0.1,0.9090909090909092,0.9545454545454544,500,2500,5.0,0.3623107492375894,0.9351213597647038,0.0875647057663778,0.2926156704332358,0.3866955173263185,2126,256,0.0,False,0.0,0.0,0,,,,,0.5619492722790689,0.2136588086310551,0.3482904636480137,0.95524807783977,0.4109510567286937,1.110535715874217,0.3348924190214928,0.8615004509463318,0.3623107492375894,0.9351213597647038,0.0758359163668202,1.084458849777505,256.0,1,0.00390625,0,0,,,,,,,,,,,,0.05,0.1,0.2926156704332358,0.0875647057663778,0.3866955173263185,,,0.36328125,0.0859375,0.46484375
abf_fr_information_oracle|tt=information_oracle|g=0.008|eta=0.1|bi=0.909091|sf=0.954545|fe=500|seed=6005,abf_fr_information_oracle|tt=information_oracle|g=0.008|eta=0.1|bi=0.909091|sf=0.954545|fe=500,abf_fr_information_oracle,information_oracle,6005,0.008,0.1,0.9090909090909092,0.9545454545454544,500,3000,6.0,0.3433969489475235,0.8889543211116782,0.0767384782020478,0.2934718311497606,0.3932744762358419,2419,256,0.0,False,0.0,0.0,0,,,,,0.5462415174514454,0.2136588086310551,0.3325827088203903,0.9005500543371314,0.3878277831702286,1.060123778142625,0.3174538664337897,0.8183452195934521,0.3433969489475235,0.8889543211116782,0.0752795597251531,1.0722585146896666,256.0,1,0.00390625,0,0,,,,,,,,,,,,0.05,0.1,0.2934718311497606,0.0767384782020478,0.3932744762358419,,,0.359375,0.08984375,0.46484375
abf_fr_information_oracle|tt=information_oracle|g=0.008|eta=0.1|bi=0.909091|sf=0.954545|fe=500|seed=6005,abf_fr_information_oracle|tt=information_oracle|g=0.008|eta=0.1|bi=0.909091|sf=0.954545|fe=500,abf_fr_information_oracle,information_oracle,6005,0.008,0.1,0.9090909090909092,0.9545454545454544,500,3500,7.0,0.3308320550923935,0.8546055708989337,0.0818619209343331,0.2961247601123645,0.3824499046462343,2637,256,0.0,False,0.0,0.0,0,,,,,0.5437069672560817,0.2136588086310551,0.3300481586250265,0.8597001262942733,0.3715563160468333,1.0216763330296723,0.3065297975722288,0.7857658785483844,0.3308320550923935,0.8546055708989337,0.0745654146265752,1.0610783025887591,256.0,1,0.00390625,0,0,,,,,,,,,,,,0.05,0.1,0.2961247601123645,0.0818619209343331,0.3824499046462343,,,0.37109375,0.06640625,0.4765625
abf_fr_information_oracle|tt=information_oracle|g=0.008|eta=0.1|bi=0.909091|sf=0.954545|fe=500|seed=6005,abf_fr_information_oracle|tt=information_oracle|g=0.008|eta=0.1|bi=0.909091|sf=0.954545|fe=500,abf_fr_information_oracle,information_oracle,6005,0.008,0.1,0.9090909090909092,0.9545454545454544,500,4000,8.0,0.3158811989526491,0.812473131889491,0.090411923616411,0.2983689025036455,0.3789183193589401,2900,256,0.0,False,0.0,0.0,0,,,,,0.538537761827488,0.2136588086310551,0.3248789531964329,0.8146991413147571,0.3536594181655138,0.9729497054849862,0.2930345956755827,0.7470737463096879,0.3158811989526491,0.812473131889491,0.0716104002876441,1.0219333431131563,256.0,1,0.00390625,0,0,,,,,,,,,,,,0.05,0.1,0.2983689025036455,0.090411923616411,0.3789183193589401,,,0.3671875,0.078125,0.484375
abf_fr_information_oracle|tt=information_oracle|g=0.008|eta=0.1|bi=0.909091|sf=0.954545|fe=500|seed=6005,abf_fr_information_oracle|tt=information_oracle|g=0.008|eta=0.1|bi=0.909091|sf=0.954545|fe=500,abf_fr_information_oracle,information_oracle,6005,0.008,0.1,0.9090909090909092,0.9545454545454544,500,4500,9.0,0.2964384540455605,0.7682574888503858,0.0993984860835234,0.3090380726699768,0.3753285469908688,3176,256,0.0,False,0.0,0.0,0,,,,,0.5100568696629217,0.2136588086310551,0.2963980610318666,0.7672182632284738,0.3320473531010502,0.9208216382851752,0.2746372075487365,0.7066314672144832,0.2964384540455605,0.7682574888503858,0.0696859623612706,0.9892535449450977,256.0,1,0.00390625,0,0,,,,,,,,,,,,0.05,0.1,0.3090380726699768,0.0993984860835234,0.3753285469908688,,,0.390625,0.0625,0.44921875
abf_fr_information_oracle|tt=information_oracle|g=0.008|eta=0.1|bi=0.909091|sf=0.954545|fe=500|seed=6005,abf_fr_information_oracle|tt=information_oracle|g=0.008|eta=0.1|bi=0.909091|sf=0.954545|fe=500,abf_fr_information_oracle,information_oracle,6005,0.008,0.1,0.9090909090909092,0.9545454545454544,500,5000,10.0,0.2862048070029702,0.7434023941998582,0.0927603464474785,0.2995190240213319,0.381675401979265,3400,256,0.0,False,0.0,0.0,0,,,,,0.4996049426932138,0.2136588086310551,0.2859461340621587,0.7388192685167962,0.320259941848848,0.8915846804762652,0.2654977338643112,0.6835370408054805,0.2862048070029702,0.7434023941998582,0.0688217223900607,0.9746653822784618,256.0,1,0.00390625,0,0,,,,,,,,,,,,0.05,0.1,0.2995190240213319,0.0927603464474785,0.381675401979265,,,0.3828125,0.05859375,0.45703125
abf_fr_information_oracle|tt=information_oracle|g=0.008|eta=0.1|bi=0.909091|sf=0.954545|fe=500|seed=6005,abf_fr_information_oracle|tt=information_oracle|g=0.008|eta=0.1|bi=0.909091|sf=0.954545|fe=500,abf_fr_information_oracle,information_oracle,6005,0.008,0.1,0.9090909090909092,0.9545454545454544,500,5500,11.0,0.2700024376050333,0.689677797259889,0.0872064149225576,0.2905726497257437,0.3717317619432945,3596,256,0.0,False,0.0,0.0,0,,,,,0.5019342068648633,0.2136588086310551,0.2882753982338082,0.6854102650117175,0.3004613078203881,0.8274472074108234,0.2514229097484031,0.6344904950413381,0.2700024376050333,0.689677797259889,0.065954159385259,0.926123031736826,256.0,1,0.00390625,0,0,,,,,,,,,,,,0.05,0.1,0.2905726497257437,0.0872064149225576,0.3717317619432945,,,0.3671875,0.0703125,0.46875
abf_fr_information_oracle|tt=information_oracle|g=0.008|eta=0.1|bi=0.909091|sf=0.954545|fe=500|seed=6005,abf_fr_information_oracle|tt=information_oracle|g=0.008|eta=0.1|bi=0.909091|sf=0.954545|fe=500,abf_fr_information_oracle,information_oracle,6005,0.008,0.1,0.9090909090909092,0.9545454545454544,500,6000,12.0,0.2608604998771034,0.6549293206029333,0.0969684324233984,0.3050141102121114,0.3836721361001279,3741,256,0.0,False,0.0,0.0,0,,,,,0.513330239698405,0.2136588086310551,0.2996714310673498,0.6487399780872789,0.2882794009122866,0.7860319463962229,0.2439929679529882,0.6027290500696019,0.2608604998771034,0.6549293206029333,0.0643153158571014,0.8967079579646385,256.0,1,0.00390625,0,0,,,,,,,,,,,,0.05,0.1,0.3050141102121114,0.0969684324233984,0.3836721361001279,,,0.3515625,0.05078125,0.4609375
abf_fr_information_oracle|tt=information_oracle|g=0.008|eta=0.1|bi=0.909091|sf=0.954545|fe=500|seed=6005,abf_fr_information_oracle|tt=information_oracle|g=0.008|eta=0.1|bi=0.909091|sf=0.954545|fe=500,abf_fr_information_oracle,information_oracle,6005,0.008,0.1,0.9090909090909092,0.9545454545454544,500,6500,13.0,0.2459707210285056,0.611736530355926,0.0806743280780256,0.2915903773526514,0.3792423134416985,3876,256,0.0,False,0.0,0.0,0,,,,,0.5069204000694327,0.2136588086310551,0.2932615914383776,0.6038971321049539,0.2708603548592719,0.7343100710841393,0.2304418042530725,0.5631633499721053,0.2459707210285056,0.611736530355926,0.0617203447329952,0.8547032709135962,256.0,1,0.00390625,0,0,,,,,,,,,,,,0.05,0.1,0.2915903773526514,0.0806743280780256,0.3792423134416985,,,0.35546875,0.0625,0.43359375
abf_fr_information_oracle|tt=information_oracle|g=0.008|eta=0.1|bi=0.909091|sf=0.954545|fe=500|seed=6005,abf_fr_information_oracle|tt=information_oracle|g=0.008|eta=0.1|bi=0.909091|sf=0.954545|fe=500,abf_fr_information_oracle,information_oracle,6005,0.008,0.1,0.9090909090909092,0.9545454545454544,500,7000,14.0,0.2369018774433159,0.5781161009774333,0.0861991908719415,0.3021641276866982,0.3842485644549447,3982,256,0.0,False,0.0,0.0,0,,,,,0.5105600562441772,0.2136588086310551,0.2969012476131221,0.570562118113676,0.2592937031146871,0.6940214998571337,0.2228400680857746,0.5324250034365252,0.2369018774433159,0.5781161009774333,0.0598487584508335,0.8205238749254943,256.0,1,0.00390625,0,0,,,,,,,,,,,,0.05,0.1,0.3021641276866982,0.0861991908719415,0.3842485644549447,,,0.35546875,0.0625,0.43359375
abf_fr_information_oracle|tt=information_oracle|g=0.008|eta=0.1|bi=0.909091|sf=0.954545|fe=500|seed=6005,abf_fr_information_oracle|tt=information_oracle|g=0.008|eta=0.1|bi=0.909091|sf=0.954545|fe=500,abf_fr_information_oracle,information_oracle,6005,0.008,0.1,0.9090909090909092,0.9545454545454544,500,7500,15.0,0.2330488140903597,0.5529806469740912,0.0840584075594025,0.2969945143412698,0.4070418485244801,4127,256,0.0,False,0.0,0.0,0,,,,,0.526904201036281,0.2136588086310551,0.3132453924052258,0.5441583853368611,0.2527514574860812,0.6638902204515363,0.2203421556654762,0.5095145230653785,0.2330488140903597,0.5529806469740912,0.0581219537140439,0.7910588669984795,256.0,1,0.00390625,0,0,,,,,,,,,,,,0.05,0.1,0.2969945143412698,0.0840584075594025,0.4070418485244801,,,0.34765625,0.06640625,0.4296875
abf_fr_information_oracle|tt=information_oracle|g=0.008|eta=0.1|bi=0.909091|sf=0.954545|fe=500|seed=6005,abf_fr_information_oracle|tt=information_oracle|g=0.008|eta=0.1|bi=0.909091|sf=0.954545|fe=500,abf_fr_information_oracle,information_oracle,6005,0.008,0.1,0.9090909090909092,0.9545454545454544,500,8000,16.0,0.227650667791262,0.5300531956626059,0.0912001758925097,0.3089529687705609,0.4079151999311609,4251,256,0.0,False,0.0,0.0,0,,,,,0.5317130037434303,0.2136588086310551,0.3180541951123752,0.5205034596221211,0.2454474423681229,0.6364853258956982,0.2160889393889183,0.4885888527961666,0.227650667791262,0.5300531956626059,0.0564440254288668,0.763669553606272,256.0,1,0.00390625,0,0,,,,,,,,,,,,0.05,0.1,0.3089529687705609,0.0912001758925097,0.4079151999311609,,,0.35546875,0.046875,0.43359375
abf_fr_information_oracle|tt=information_oracle|g=0.008|eta=0.1|bi=0.909091|sf=0.954545|fe=500|seed=6005,abf_fr_information_oracle|tt=information_oracle|g=0.008|eta=0.1|bi=0.909091|sf=0.954545|fe=500,abf_fr_information_oracle,information_oracle,6005,0.008,0.1,0.9090909090909092,0.9545454545454544,500,8500,17.0,0.222532028124696,0.5121358990187647,0.1034561297628851,0.3222850117670308,0.3787871876989787,4360,256,0.0,False,0.0,0.0,0,,,,,0.5315616671352146,0.2136588086310551,0.3179028585041594,0.5029147248632165,0.2392571944428147,0.6151112496339801,0.2113597260579739,0.4723581882772564,0.222532028124696,0.5121358990187647,0.0554885028215145,0.7453776462051707,256.0,1,0.00390625,0,0,,,,,,,,,,,,0.05,0.1,0.3222850117670308,0.1034561297628851,0.3787871876989787,,,0.359375,0.0390625,0.42578125
abf_fr_information_oracle|tt=information_oracle|g=0.008|eta=0.1|bi=0.909091|sf=0.954545|fe=500|seed=6005,abf_fr_information_oracle|tt=information_oracle|g=0.008|eta=0.1|bi=0.909091|sf=0.954545|fe=500,abf_fr_information_oracle,information_oracle,6005,0.008,0.1,0.9090909090909092,0.9545454545454544,500,9000,18.0,0.2177837900149465,0.4972910346017076,0.0942054016042165,0.3092240089976739,0.4053603626966299,4457,256,0.0,False,0.0,0.0,0,,,,,0.5302966590040725,0.2136588086310551,0.3166378503730174,0.4876790274678623,0.2335320684083858,0.59735764258018,0.2071444581875778,0.4588270132814593,0.2177837900149465,0.4972910346017076,0.0539176681306045,0.7254621699681987,256.0,1,0.00390625,0,0,,,,,,,,,,,,0.05,0.1,0.3092240089976739,0.0942054016042165,0.4053603626966299,,,0.34765625,0.0546875,0.4609375
abf_fr_information_oracle|tt=information_oracle|g=0.008|eta=0.1|bi=0.909091|sf=0.954545|fe=500|seed=6005,abf_fr_information_oracle|tt=information_oracle|g=0.008|eta=0.1|bi=0.909091|sf=0.954545|fe=500,abf_fr_information_oracle,information_oracle,6005,0.008,0.1,0.9090909090909092,0.9545454545454544,500,9500,19.0,0.2096596438614631,0.4731654165288524,0.0968763108656387,0.3080931013558608,0.3879100193771675,4574,256,0.0,False,0.0,0.0,0,,,,,0.5228287736440329,0.2136588086310551,0.3091699650129778,0.4648783604016194,0.2240855396673801,0.5684236112665739,0.1998056716356508,0.437156996384569,0.2096596438614631,0.4731654165288524,0.0521262545303817,0.6952636350396433,256.0,1,0.00390625,0,0,,,,,,,,,,,,0.05,0.1,0.3080931013558608,0.0968763108656387,0.3879100193771675,,,0.3359375,0.04296875,0.48046875
abf_fr_information_oracle|tt=information_oracle|g=0.008|eta=0.1|bi=0.909091|sf=0.954545|fe=500|seed=6005,abf_fr_information_oracle|tt=information_oracle|g=0.008|eta=0.1|bi=0.909091|sf=0.954545|fe=500,abf_fr_information_oracle,information_oracle,6005,0.008,0.1,0.9090909090909092,0.9545454545454544,500,10000,20.0,0.2005572686265603,0.4493057763565198,0.1015568798904246,0.3099006021176747,0.3667157366596223,4643,253,0.008,True,0.01171875,0.01171875,3,-2.4286128663675302e-17,0.9809335640909592,-3.583687310063512,1.29267592342601,0.5114701718533894,0.2136588086310551,0.2978113632223342,0.4425189279416499,0.2142398261139239,0.5397097179792677,0.1910562359288698,0.4156566705128382,0.2005572686265603,0.4493057763565198,0.0502189113637902,0.6639271393276975,250.13740458015263,2,0.0078125,1,3,0.0,-3.3428311256649623,-3.3428311256649623,-1.03485302626162,-1.03485302626162,0.0315957540574314,0.0315957540574314,1.021717127516133,1.021717127516133,1.2813793323480929,1.2813793323480929,0.05,0.1,0.3099006021176747,0.1015568798904246,0.3667157366596223,0.9809335640909592,1.29267592342601,0.33984375,0.04296875,0.47265625
abf_fr_information_oracle|tt=information_oracle|g=0.008|eta=0.1|bi=0.909091|sf=0.954545|fe=500|seed=6005,abf_fr_information_oracle|tt=information_oracle|g=0.008|eta=0.1|bi=0.909091|sf=0.954545|fe=500,abf_fr_information_oracle,information_oracle,6005,0.008,0.1,0.9090909090909092,0.9545454545454544,500,10500,21.0,0.1895338436422143,0.4222086942199621,0.0861221389582206,0.2891295055481088,0.3838757484591191,4731,253,0.0,False,0.0,0.0,0,,,,,0.4964150703285206,0.2136588086310551,0.2827562616974655,0.4172188782847781,0.2024679010735547,0.5071534895622996,0.1804766202541018,0.3914376776134896,0.1895338436422143,0.4222086942199621,0.0478325561330304,0.6280454747977278,250.13740458015263,2,0.0078125,1,3,,,,,,,,,,,,0.05,0.1,0.2891295055481088,0.0861221389582206,0.3838757484591191,,,0.3359375,0.06640625,0.42578125
abf_fr_information_oracle|tt=information_oracle|g=0.008|eta=0.1|bi=0.909091|sf=0.954545|fe=500|seed=6005,abf_fr_information_oracle|tt=information_oracle|g=0.008|eta=0.1|bi=0.909091|sf=0.954545|fe=500,abf_fr_information_oracle,information_oracle,6005,0.008,0.1,0.9090909090909092,0.9545454545454544,500,11000,22.0,0.17891569077517,0.3956287140443064,0.0806756057242461,0.2864500997864095,0.3839578099337183,4807,253,0.0,False,0.0,0.0,0,,,,,0.4830209754723675,0.2136588086310551,0.2693621668413124,0.3918007027262591,0.1911288803338243,0.4751647033372992,0.1703919422610711,0.367680908010363,0.17891569077517,0.3956287140443064,0.045122616816031,0.5886173644928451,250.13740458015263,2,0.0078125,1,3,,,,,,,,,,,,0.05,0.1,0.2864500997864095,0.0806756057242461,0.3839578099337183,,,0.33984375,0.07421875,0.46484375
abf_fr_information_oracle|tt=information_oracle|g=0.008|eta=0.1|bi=0.909091|sf=0.954545|fe=500|seed=6006,abf_fr_information_oracle|tt=information_oracle|g=0.008|eta=0.1|bi=0.909091|sf=0.954545|fe=500,abf_fr_information_oracle,information_oracle,6006,0.008,0.1,0.9090909090909092,0.9545454545454544,500,0,0.0,2.906603863987052,6.564657815288973,0.0615385677884395,0.230536039950164,0.3870790514676084,0,256,0.0,False,0.0,0.0,0,,,,,0.0,0.2136588086310551,0.2136588086310551,1.8839792970692677,0.7722826132658906,3.487298309594125,5.408116675855963,9.381946420303988,2.906603863987052,6.564657815288973,0.037083496902375,0.7293641473133242,256.0,1,0.00390625,0,0,,,,,,,,,,,,0.05,0.1,0.230536039950164,0.0615385677884395,0.3870790514676084,,,0.359375,0.2109375,0.3046875
abf_fr_information_oracle|tt=information_oracle|g=0.008|eta=0.1|bi=0.909091|sf=0.954545|fe=500|seed=6006,abf_fr_information_oracle|tt=information_oracle|g=0.008|eta=0.1|bi=0.909091|sf=0.954545|fe=500,abf_fr_information_oracle,information_oracle,6006,0.008,0.1,0.9090909090909092,0.9545454545454544,500,500,1.0,0.5997623603887958,1.352738064828684,0.1011590189359308,0.2843375357407408,0.346056713966463,784,256,0.0,False,0.0,0.0,0,,,,,-0.4884458768856312,0.2136588086310551,0.7021046855166864,1.5165699982327212,0.6600180544835684,1.4795768579395638,0.5985716051657761,1.2523971984669826,0.5997623603887958,1.352738064828684,0.0604777755578149,0.9444306091850606,256.0,1,0.00390625,0,0,,,,,,,,,,,,0.05,0.1,0.2843375357407408,0.1011590189359308,0.346056713966463,,,0.4375,0.15625,0.34765625
abf_fr_information_oracle|tt=information_oracle|g=0.008|eta=0.1|bi=0.909091|sf=0.954545|fe=500|seed=6006,abf_fr_information_oracle|tt=information_oracle|g=0.008|eta=0.1|bi=0.909091|sf=0.954545|fe=500,abf_fr_information_oracle,information_oracle,6006,0.008,0.1,0.9090909090909092,0.9545454545454544,500,1000,2.0,0.4999604042784948,1.181402687561405,0.1158810933005179,0.3061461274914765,0.3382725971521876,1346,256,0.0,False,0.0,0.0,0,,,,,-0.3363133745189799,0.2136588086310551,0.549972183150035,1.287639646088342,0.5558074220044559,1.3495586283304748,0.485621281118917,1.0920766184874957,0.4999604042784948,1.181402687561405,0.068227554752018,1.0437464267081906,256.0,1,0.00390625,0,0,,,,,,,,,,,,0.05,0.1,0.3061461274914765,0.1158810933005179,0.3382725971521876,,,0.44921875,0.1328125,0.37109375
abf_fr_information_oracle|tt=information_oracle|g=0.008|eta=0.1|bi=0.909091|sf=0.954545|fe=500|seed=6006,abf_fr_information_oracle|tt=information_oracle|g=0.008|eta=0.1|bi=0.909091|sf=0.954545|fe=500,abf_fr_information_oracle,information_oracle,6006,0.008,0.1,0.9090909090909092,0.9545454545454544,500,1500,3.0,0.459648921182634,1.1097496829406617,0.1042399749676443,0.2884320430900673,0.3499101430900193,1869,256,0.0,False,0.0,0.0,0,,,,,-0.2795273960379951,0.2136588086310551,0.4931862046690503,1.190047528983101,0.5137048274705244,1.2941567567277423,0.4394989560672428,1.0226276150882494,0.459648921182634,1.1097496829406617,0.0720599068645283,1.0807380193723009,256.0,1,0.00390625,0,0,,,,,,,,,,,,0.05,0.1,0.2884320430900673,0.1042399749676443,0.3499101430900193,,,0.46484375,0.11328125,0.37890625
abf_fr_information_oracle|tt=information_oracle|g=0.008|eta=0.1|bi=0.909091|sf=0.954545|fe=500|seed=6006,abf_fr_information_oracle|tt=information_oracle|g=0.008|eta=0.1|bi=0.909091|sf=0.954545|fe=500,abf_fr_information_oracle,information_oracle,6006,0.008,0.1,0.9090909090909092,0.9545454545454544,500,2000,4.0,0.41925895312406,1.0252101018500897,0.087835949526287,0.2920464512712319,0.3547334636657355,2263,256,0.0,False,0.0,0.0,0,,,,,-0.2109885762618084,0.2136588086310551,0.4246473848928636,1.096236222783206,0.4703626487538849,1.2084799812835691,0.3977776291908392,0.9435220445695836,0.41925895312406,1.0252101018500897,0.0726267194986357,1.0781999290910915,256.0,1,0.00390625,0,0,,,,,,,,,,,,0.05,0.1,0.2920464512712319,0.087835949526287,0.3547334636657355,,,0.46484375,0.109375,0.37890625
abf_fr_information_oracle|tt=information_oracle|g=0.008|eta=0.1|bi=0.909091|sf=0.954545|fe=500|seed=6006,abf_fr_information_oracle|tt=information_oracle|g=0.008|eta=0.1|bi=0.909091|sf=0.954545|fe=500,abf_fr_information_oracle,information_oracle,6006,0.008,0.1,0.9090909090909092,0.9545454545454544,500,2500,5.0,0.3894488228133527,0.9616898841298204,0.0958740351302408,0.2972598852576512,0.3656185505131694,2631,256,0.0,False,0.0,0.0,0,,,,,-0.1812033120208518,0.2136588086310551,0.3948621206519069,1.0180919572704508,0.436770856704838,1.1417223233787923,0.3681274237426906,0.8837219821153363,0.3894488228133527,0.9616898841298204,0.0720316708584127,1.0651203044649424,256.0,1,0.00390625,0,0,,,,,,,,,,,,0.05,0.1,0.2972598852576512,0.0958740351302408,0.3656185505131694,,,0.48828125,0.09375,0.37109375
abf_fr_information_oracle|tt=information_oracle|g=0.008|eta=0.1|bi=0.909091|sf=0.954545|fe=500|seed=6006,abf_fr_information_oracle|tt=information_oracle|g=0.008|eta=0.1|bi=0.909091|sf=0.954545|fe=500,abf_fr_information_oracle,information_oracle,6006,0.008,0.1,0.9090909090909092,0.9545454545454544,500,3000,6.0,0.3552061852446964,0.8890684122195661,0.0794361667070707,0.2924786778302347,0.3722006071329731,2879,256,0.0,False,0.0,0.0,0,,,,,-0.128502863991919,0.2136588086310551,0.3421616726229741,0.934832565197994,0.3994871882516699,1.0584414634220096,0.3350829659453124,0.8169381592470745,0.3552061852446964,0.8890684122195661,0.0706043854161682,1.0306344860579897,256.0,1,0.00390625,0,0,,,,,,,,,,,,0.05,0.1,0.2924786778302347,0.0794361667070707,0.3722006071329731,,,0.47265625,0.08984375,0.3828125
abf_fr_information_oracle|tt=information_oracle|g=0.008|eta=0.1|bi=0.909091|sf=0.954545|fe=500|seed=6006,abf_fr_information_oracle|tt=information_oracle|g=0.008|eta=0.1|bi=0.909091|sf=0.954545|fe=500,abf_fr_information_oracle,information_oracle,6006,0.008,0.1,0.9090909090909092,0.9545454545454544,500,3500,7.0,0.3318712518086689,0.8416686757313151,0.1018080176799813,0.3044861465760935,0.3598292815224706,3154,256,0.0,False,0.0,0.0,0,,,,,-0.097779229843038,0.2136588086310551,0.3114380384740931,0.8776437395219653,0.3739530896777727,1.004696969780063,0.3124970499362449,0.773347688861426,0.3318712518086689,0.8416686757313151,0.0700064920162788,1.0170633894821737,256.0,1,0.00390625,0,0,,,,,,,,,,,,0.05,0.1,0.3044861465760935,0.1018080176799813,0.3598292815224706,,,0.484375,0.08203125,0.37109375
abf_fr_information_oracle|tt=information_oracle|g=0.008|eta=0.1|bi=0.909091|sf=0.954545|fe=500|seed=6006,abf_fr_information_oracle|tt=information_oracle|g=0.008|eta=0.1|bi=0.909091|sf=0.954545|fe=500,abf_fr_information_oracle,information_oracle,6006,0.008,0.1,0.9090909090909092,0.9545454545454544,500,4000,8.0,0.3097148396107539,0.7948324865227964,0.0873693859811701,0.2998684719913355,0.3694103487646028,3408,256,0.0,False,0.0,0.0,0,,,,,-0.0645029163728203,0.2136588086310551,0.2781617250038755,0.8245022128025544,0.3496752453217895,0.9509223357987986,0.2902663246033392,0.729886737637028,0.3097148396107539,0.7948324865227964,0.0690010362059384,0.9973994879144964,256.0,1,0.00390625,0,0,,,,,,,,,,,,0.05,0.1,0.2998684719913355,0.0873693859811701,0.3694103487646028,,,0.4765625,0.0703125,0.3671875
abf_fr_information_oracle|tt=information_oracle|g=0.008|eta=0.1|bi=0.909091|sf=0.954545|fe=500|seed=6006,abf_fr_information_oracle|tt=information_oracle|g=0.008|eta=0.1|bi=0.909091|sf=0.954545|fe=500,abf_fr_information_oracle,information_oracle,6006,0.008,0.1,0.9090909090909092,0.9545454545454544,500,4500,9.0,0.2906780220780552,0.749420397690394,0.0874882525872814,0.299920673941431,0.3701977581705409,3622,256,0.0,False,0.0,0.0,0,,,,,-0.0452410518995343,0.2136588086310551,0.2588998605305894,0.775506766517179,0.3283214582155476,0.89767104587897,0.2719651886100825,0.6880804347267659,0.2906780220780552,0.749420397690394,0.0680178239211699,0.9748923741826828,256.0,1,0.00390625,0,0,,,,,,,,,,,,0.05,0.1,0.299920673941431,0.0874882525872814,0.3701977581705409,,,0.47265625,0.0703125,0.34375
abf_fr_information_oracle|tt=information_oracle|g=0.008|eta=0.1|bi=0.909091|sf=0.954545|fe=500|seed=6006,abf_fr_information_oracle|tt=information_oracle|g=0.008|eta=0.1|bi=0.909091|sf=0.954545|fe=500,abf_fr_information_oracle,information_oracle,6006,0.008,0.1,0.9090909090909092,0.9545454545454544,500,5000,10.0,0.27824697610917,0.7152263367131334,0.0854101994910104,0.3026543965820024,0.3577550216593254,3935,256,0.0,False,0.0,0.0,0,,,,,-0.0384032633706752,0.2136588086310551,0.2520620720017303,0.7399683258781211,0.3136340302943071,0.8575753745310063,0.2606398770354378,0.6564527916193755,0.27824697610917,0.7152263367131334,0.0663264897676223,0.9469118001057272,256.0,1,0.00390625,0,0,,,,,,,,,,,,0.05,0.1,0.3026543965820024,0.0854101994910104,0.3577550216593254,,,0.47265625,0.0625,0.34765625
abf_fr_information_oracle|tt=information_oracle|g=0.008|eta=0.1|bi=0.909091|sf=0.954545|fe=500|seed=6006,abf_fr_information_oracle|tt=information_oracle|g=0.008|eta=0.1|bi=0.909091|sf=0.954545|fe=500,abf_fr_information_oracle,information_oracle,6006,0.008,0.1,0.9090909090909092,0.9545454545454544,500,5500,11.0,0.2658678082812117,0.6869548661218202,0.0816759086025087,0.2988648553055538,0.3922964275658817,4145,256,0.0,False,0.0,0.0,0,,,,,-0.0242201636978158,0.2136588086310551,0.237878972328871,0.708219764469658,0.2999281453225535,0.8241354626386184,0.2487920715416401,0.6305310202793989,0.2658678082812117,0.6869548661218202,0.065384075106295,0.9258262856006724,256.0,1,0.00390625,0,0,,,,,,,,,,,,0.05,0.1,0.2988648553055538,0.0816759086025087,0.3922964275658817,,,0.4453125,0.0546875,0.375
abf_fr_information_oracle|tt=information_oracle|g=0.008|eta=0.1|bi=0.909091|sf=0.954545|fe=500|seed=6006,abf_fr_information_oracle|tt=information_oracle|g=0.008|eta=0.1|bi=0.909091|sf=0.954545|fe=500,abf_fr_information_oracle,information_oracle,6006,0.008,0.1,0.9090909090909092,0.9545454545454544,500,6000,12.0,0.2527960513560128,0.6554029619873498,0.0864604801500604,0.3043244264137343,0.3759986837219972,4312,256,0.0,False,0.0,0.0,0,,,,,-0.0093666372180152,0.2136588086310551,0.2230254458490703,0.6742386354009392,0.2852660189528736,0.7868246540472992,0.2367542490847389,0.6019357531351489,0.2527960513560128,0.6554029619873498,0.0642607211061027,0.9014376983469142,256.0,1,0.00390625,0,0,,,,,,,,,,,,0.05,0.1,0.3043244264137343,0.0864604801500604,0.3759986837219972,,,0.46875,0.05859375,0.3515625
abf_fr_information_oracle|tt=information_oracle|g=0.008|eta=0.1|bi=0.909091|sf=0.954545|fe=500|seed=6006,abf_fr_information_oracle|tt=information_oracle|g=0.008|eta=0.1|bi=0.909091|sf=0.954545|fe=500,abf_fr_information_oracle,information_oracle,6006,0.008,0.1,0.9090909090909092,0.9545454545454544,500,6500,13.0,0.2407307068508657,0.6236515942592636,0.098992185442775,0.3048207022555592,0.3631138584666123,4451,256,0.0,False,0.0,0.0,0,,,,,-0.0013649469192955,0.2136588086310551,0.2150237555503507,0.6417094207668192,0.2714261311079554,0.7488211910782018,0.2255356500633452,0.5729387343492731,0.2407307068508657,0.6236515942592636,0.0621298416263879,0.8677253059848733,256.0,1,0.00390625,0,0,,,,,,,,,,,,0.05,0.1,0.3048207022555592,0.098992185442775,0.3631138584666123,,,0.45703125,0.05859375,0.34765625
abf_fr_information_oracle|tt=information_oracle|g=0.008|eta=0.1|bi=0.909091|sf=0.954545|fe=500|seed=6006,abf_fr_information_oracle|tt=information_oracle|g=0.008|eta=0.1|bi=0.909091|sf=0.954545|fe=500,abf_fr_information_oracle,information_oracle,6006,0.008,0.1,0.9090909090909092,0.9545454545454544,500,7000,14.0,0.2311728160701285,0.602569636333771,0.0897820658870591,0.3071365504035449,0.3943510754172283,4623,256,0.0,False,0.0,0.0,0,,,,,0.0139263708170389,0.2136588086310551,0.1997324378140161,0.6192558594085905,0.2611981559630511,0.7236366792759704,0.2161517035438601,0.5539214683963053,0.2311728160701285,0.602569636333771,0.0613713600139104,0.8507080253898558,256.0,1,0.00390625,0,0,,,,,,,,,,,,0.05,0.1,0.3071365504035449,0.0897820658870591,0.3943510754172283,,,0.453125,0.05859375,0.3515625
abf_fr_information_oracle|tt=information_oracle|g=0.008|eta=0.1|bi=0.909091|sf=0.954545|fe=500|seed=6006,abf_fr_information_oracle|tt=information_oracle|g=0.008|eta=0.1|bi=0.909091|sf=0.954545|fe=500,abf_fr_information_oracle,information_oracle,6006,0.008,0.1,0.9090909090909092,0.9545454545454544,500,7500,15.0,0.2220243472061201,0.5825877159184972,0.0991406697326992,0.3151570454283258,0.3696256016867918,4793,256,0.0,False,0.0,0.0,0,,,,,0.0294009232885379,0.2136588086310551,0.1842578853425172,0.5973798920916267,0.2512536157569146,0.6997761953175592,0.2072040374476287,0.5358168930910765,0.2220243472061201,0.5825877159184972,0.0598603457541546,0.8279605527067748,256.0,1,0.00390625,0,0,,,,,,,,,,,,0.05,0.1,0.3151570454283258,0.0991406697326992,0.3696256016867918,,,0.4453125,0.04296875,0.3515625
abf_fr_information_oracle|tt=information_oracle|g=0.008|eta=0.1|bi=0.909091|sf=0.954545|fe=500|seed=6006,abf_fr_information_oracle|tt=information_oracle|g=0.008|eta=0.1|bi=0.909091|sf=0.954545|fe=500,abf_fr_information_oracle,information_oracle,6006,0.008,0.1,0.9090909090909092,0.9545454545454544,500,8000,16.0,0.2140962538226122,0.5631541725744602,0.0916007723347575,0.3049234739231111,0.3842605752257592,4924,256,0.0,False,0.0,0.0,0,,,,,0.0403933537197289,0.2136588086310551,0.1732654549113261,0.5766974813223259,0.2422768107575703,0.6766979609623981,0.199577181044101,0.5181470933694378,0.2140962538226122,0.5631541725744602,0.0587201167138512,0.8084875010288545,256.0,1,0.00390625,0,0,,,,,,,,,,,,0.05,0.1,0.3049234739231111,0.0916007723347575,0.3842605752257592,,,0.44921875,0.05078125,0.33984375
abf_fr_information_oracle|tt=information_oracle|g=0.008|eta=0.1|bi=0.909091|sf=0.954545|fe=500|seed=6006,abf_fr_information_oracle|tt=information_oracle|g=0.008|eta=0.1|bi=0.909091|sf=0.954545|fe=500,abf_fr_information_oracle,information_oracle,6006,0.008,0.1,0.9090909090909092,0.9545454545454544,500,8500,17.0,0.2107247442644577,0.5543541427198845,0.0869209950810225,0.3073276688971872,0.3952456908079905,5062,256,0.0,False,0.0,0.0,0,,,,,0.0397318869709906,0.2136588086310551,0.1739269216600645,0.5657937723492651,0.2380979524905784,0.6662228209121522,0.1969054085999143,0.5102634446411074,0.2107247442644577,0.5543541427198845,0.0585342019054336,0.8053795069142319,256.0,1,0.00390625,0,0,,,,,,,,,,,,0.05,0.1,0.3073276688971872,0.0869209950810225,0.3952456908079905,,,0.46875,0.05078125,0.3359375
abf_fr_information_oracle|tt=information_oracle|g=0.008|eta=0.1|bi=0.909091|sf=0.954545|fe=500|seed=6006,abf_fr_information_oracle|tt=information_oracle|g=0.008|eta=0.1|bi=0.909091|sf=0.954545|fe=500,abf_fr_information_oracle,information_oracle,6006,0.008,0.1,0.9090909090909092,0.9545454545454544,500,9000,18.0,0.2036012046050886,0.5410281235293842,0.0857792178589474,0.2948890361297611,0.3797377641344912,5238,256,0.0,False,0.0,0.0,0,,,,,0.0563486916439117,0.2136588086310551,0.1573101169871433,0.5503305022863327,0.2306776527659579,0.6502082299169057,0.1900680159951961,0.4980897079517938,0.2036012046050886,0.5410281235293842,0.0575977258135701,0.7923147767691361,256.0,1,0.00390625,0,0,,,,,,,,,,,,0.05,0.1,0.2948890361297611,0.0857792178589474,0.3797377641344912,,,0.4453125,0.0546875,0.33203125
abf_fr_information_oracle|tt=information_oracle|g=0.008|eta=0.1|bi=0.909091|sf=0.954545|fe=500|seed=6006,abf_fr_information_oracle|tt=information_oracle|g=0.008|eta=0.1|bi=0.909091|sf=0.954545|fe=500,abf_fr_information_oracle,information_oracle,6006,0.008,0.1,0.9090909090909092,0.9545454545454544,500,9500,19.0,0.1993471251964223,0.525813227165314,0.0854085936691935,0.2956678723684521,0.3930243106322582,5425,256,0.0,False,0.0,0.0,0,,,,,0.0511384034461421,0.2136588086310551,0.1625204051849129,0.5351291331320674,0.2251964733856825,0.6320308942354804,0.1866126778298205,0.4843442685604852,0.1993471251964223,0.525813227165314,0.0567967561137623,0.776697519044497,256.0,1,0.00390625,0,0,,,,,,,,,,,,0.05,0.1,0.2956678723684521,0.0854085936691935,0.3930243106322582,,,0.44921875,0.0625,0.32421875
abf_fr_information_oracle|tt=information_oracle|g=0.008|eta=0.1|bi=0.909091|sf=0.954545|fe=500|seed=6006,abf_fr_information_oracle|tt=information_oracle|g=0.008|eta=0.1|bi=0.909091|sf=0.954545|fe=500,abf_fr_information_oracle,information_oracle,6006,0.008,0.1,0.9090909090909092,0.9545454545454544,500,10000,20.0,0.1903997847682073,0.5037658820193335,0.081865447436447,0.2958160181874584,0.3798694469536359,5616,255,0.008,True,0.00390625,0.00390625,1,-2.4286128663675302e-17,1.0164291056659362,-3.849509911761632,1.3940057172395988,0.0628259846763938,0.2136588086310551,0.1508328239546612,0.5128219236819137,0.2153971598866063,0.605598639835121,0.178051975836059,0.4644754210667542,0.1903997847682073,0.5037658820193335,0.0552989481376268,0.7524181747675086,254.015503875969,2,0.0078125,1,1,0.0,-3.2140177971776094,-3.2140177971776094,-1.2769210564063374,-1.2769210564063374,0.1507595238849572,0.1507595238849572,1.1348375821996015,1.1348375821996015,1.3923244035004212,1.3923244035004212,0.05,0.1,0.2958160181874584,0.081865447436447,0.3798694469536359,1.0164291056659362,1.3940057172395988,0.44921875,0.06640625,0.328125
abf_fr_information_oracle|tt=information_oracle|g=0.008|eta=0.1|bi=0.909091|sf=0.954545|fe=500|seed=6006,abf_fr_information_oracle|tt=information_oracle|g=0.008|eta=0.1|bi=0.909091|sf=0.954545|fe=500,abf_fr_information_oracle,information_oracle,6006,0.008,0.1,0.9090909090909092,0.9545454545454544,500,10500,21.0,0.1852771108577717,0.4901942064893265,0.0897907710968438,0.3093837705225781,0.3849022958618704,5722,255,0.0,False,0.0,0.0,0,,,,,0.0664108914465302,0.2136588086310551,0.1472479171845249,0.4992455734975251,0.2095868616068613,0.5892984332772682,0.1732302905161952,0.4523408231839074,0.1852771108577717,0.4901942064893265,0.0542388924662429,0.7355105581980294,254.015503875969,2,0.0078125,1,1,,,,,,,,,,,,0.05,0.1,0.3093837705225781,0.0897907710968438,0.3849022958618704,,,0.42578125,0.046875,0.33984375
abf_fr_information_oracle|tt=information_oracle|g=0.008|eta=0.1|bi=0.909091|sf=0.954545|fe=500|seed=6006,abf_fr_information_oracle|tt=information_oracle|g=0.008|eta=0.1|bi=0.909091|sf=0.954545|fe=500,abf_fr_information_oracle,information_oracle,6006,0.008,0.1,0.9090909090909092,0.9545454545454544,500,11000,22.0,0.1816930975308636,0.4804128466766625,0.0908826822375179,0.3074737147175501,0.385585865341502,5838,255,0.0,False,0.0,0.0,0,,,,,0.0688393032731902,0.2136588086310551,0.1448195053578649,0.4894557378272952,0.2054497994189681,0.5775906978343432,0.1699415471328577,0.4435077578904872,0.1816930975308636,0.4804128466766625,0.053226790529334,0.7227555679620687,254.015503875969,2,0.0078125,1,1,,,,,,,,,,,,0.05,0.1,0.3074737147175501,0.0908826822375179,0.385585865341502,,,0.4140625,0.046875,0.328125
abf_fr_information_oracle|tt=information_oracle|g=0.008|eta=0.1|bi=0.909091|sf=0.954545|fe=500|seed=6007,abf_fr_information_oracle|tt=information_oracle|g=0.008|eta=0.1|bi=0.909091|sf=0.954545|fe=500,abf_fr_information_oracle,information_oracle,6007,0.008,0.1,0.9090909090909092,0.9545454545454544,500,0,0.0,2.906603863987052,6.564657815288973,0.0608120094470472,0.2491462770273302,0.4076149911386127,0,256,0.0,False,0.0,0.0,0,,,,,0.0,0.2136588086310551,0.2136588086310551,1.8839792970692677,0.7722826132658906,3.487298309594125,5.408116675855963,9.381946420303988,2.906603863987052,6.564657815288973,0.037083496902375,0.7293641473133242,256.0,1,0.00390625,0,0,,,,,,,,,,,,0.05,0.1,0.2491462770273302,0.0608120094470472,0.4076149911386127,,,0.37890625,0.1640625,0.3046875
abf_fr_information_oracle|tt=information_oracle|g=0.008|eta=0.1|bi=0.909091|sf=0.954545|fe=500|seed=6007,abf_fr_information_oracle|tt=information_oracle|g=0.008|eta=0.1|bi=0.909091|sf=0.954545|fe=500,abf_fr_information_oracle,information_oracle,6007,0.008,0.1,0.9090909090909092,0.9545454545454544,500,500,1.0,0.6138210099030192,1.2148614265469533,0.122674525501027,0.3105347774861256,0.3573328605458405,398,256,0.0,False,0.0,0.0,0,,,,,-0.7733606850182895,0.2136588086310551,0.9870194936493446,1.2747706588112255,0.6094508851158913,1.274855317378826,0.6554901989796883,1.122435902738958,0.6138210099030192,1.2148614265469533,0.0586712067651009,0.8751214114025037,256.0,1,0.00390625,0,0,,,,,,,,,,,,0.05,0.1,0.3105347774861256,0.122674525501027,0.3573328605458405,,,0.42578125,0.1171875,0.37109375
abf_fr_information_oracle|tt=information_oracle|g=0.008|eta=0.1|bi=0.909091|sf=0.954545|fe=500|seed=6007,abf_fr_information_oracle|tt=information_oracle|g=0.008|eta=0.1|bi=0.909091|sf=0.954545|fe=500,abf_fr_information_oracle,information_oracle,6007,0.008,0.1,0.9090909090909092,0.9545454545454544,500,1000,2.0,0.5457331064294367,1.0081945218492785,0.1090460834222631,0.2985953876758966,0.3608238851325122,759,256,0.0,False,0.0,0.0,0,,,,,-0.7582668273545643,0.2136588086310551,0.9719256359856194,1.0576339239937107,0.5412596864542434,1.1048593420835502,0.5719979889280757,0.9302011131467768,0.5457331064294367,1.0081945218492785,0.0661078112905743,0.9333109809275972,256.0,1,0.00390625,0,0,,,,,,,,,,,,0.05,0.1,0.2985953876758966,0.1090460834222631,0.3608238851325122,,,0.44140625,0.1015625,0.3984375
abf_fr_information_oracle|tt=information_oracle|g=0.008|eta=0.1|bi=0.909091|sf=0.954545|fe=500|seed=6007,abf_fr_information_oracle|tt=information_oracle|g=0.008|eta=0.1|bi=0.909091|sf=0.954545|fe=500,abf_fr_information_oracle,information_oracle,6007,0.008,0.1,0.9090909090909092,0.9545454545454544,500,1500,3.0,0.4745185046203103,0.8856135811533785,0.1082338597096228,0.3021927357246426,0.3703002032055363,1043,256,0.0,False,0.0,0.0,0,,,,,-0.6493988531365247,0.2136588086310551,0.8630576617675798,0.9247858438201446,0.4781133822625389,0.996128408136984,0.489789620441367,0.8167674792024542,0.4745185046203103,0.8856135811533785,0.0642981948588351,0.9098107953190692,256.0,1,0.00390625,0,0,,,,,,,,,,,,0.05,0.1,0.3021927357246426,0.1082338597096228,0.3703002032055363,,,0.453125,0.09375,0.40234375
abf_fr_information_oracle|tt=information_oracle|g=0.008|eta=0.1|bi=0.909091|sf=0.954545|fe=500|seed=6007,abf_fr_information_oracle|tt=information_oracle|g=0.008|eta=0.1|bi=0.909091|sf=0.954545|fe=500,abf_fr_information_oracle,information_oracle,6007,0.008,0.1,0.9090909090909092,0.9545454545454544,500,2000,4.0,0.434867584785326,0.8010164351503433,0.1066189733122642,0.3031175834932713,0.3717623622064968,1297,256,0.0,False,0.0,0.0,0,,,,,-0.5871529875183796,0.2136588086310551,0.8008117961494348,0.833820796755429,0.4383806527520815,0.916240516138142,0.4461901681000401,0.739028424195069,0.434867584785326,0.8010164351503433,0.0625023343091787,0.8785208301067845,256.0,1,0.00390625,0,0,,,,,,,,,,,,0.05,0.1,0.3031175834932713,0.1066189733122642,0.3717623622064968,,,0.44921875,0.0859375,0.4140625
abf_fr_information_oracle|tt=information_oracle|g=0.008|eta=0.1|bi=0.909091|sf=0.954545|fe=500|seed=6007,abf_fr_information_oracle|tt=information_oracle|g=0.008|eta=0.1|bi=0.909091|sf=0.954545|fe=500,abf_fr_information_oracle,information_oracle,6007,0.008,0.1,0.9090909090909092,0.9545454545454544,500,2500,5.0,0.4203249596812214,0.7496232357709454,0.096838834006868,0.2945938730744484,0.3806351350809474,1634,256,0.0,False,0.0,0.0,0,,,,,-0.5711548913687174,0.2136588086310551,0.7848136999997726,0.7873139624763273,0.4219008684415477,0.8701961301958696,0.4291214633257897,0.6913887388767953,0.4203249596812214,0.7496232357709454,0.0614156365339406,0.8546055648347023,256.0,1,0.00390625,0,0,,,,,,,,,,,,0.05,0.1,0.2945938730744484,0.096838834006868,0.3806351350809474,,,0.44140625,0.125,0.3984375
abf_fr_information_oracle|tt=information_oracle|g=0.008|eta=0.1|bi=0.909091|sf=0.954545|fe=500|seed=6007,abf_fr_information_oracle|tt=information_oracle|g=0.008|eta=0.1|bi=0.909091|sf=0.954545|fe=500,abf_fr_information_oracle,information_oracle,6007,0.008,0.1,0.9090909090909092,0.9545454545454544,500,3000,6.0,0.3950826011553321,0.6917761946978006,0.0891352568171939,0.2756884614787929,0.389373716879177,1922,256,0.0,False,0.0,0.0,0,,,,,-0.5355170488937624,0.2136588086310551,0.7491758575248175,0.7239518982350551,0.3955491577159442,0.809603436812402,0.4017879654498136,0.6379576567795102,0.3950826011553321,0.6917761946978006,0.0595911740310294,0.824483320006403,256.0,1,0.00390625,0,0,,,,,,,,,,,,0.05,0.1,0.2756884614787929,0.0891352568171939,0.389373716879177,,,0.44140625,0.1015625,0.37890625
abf_fr_information_oracle|tt=information_oracle|g=0.008|eta=0.1|bi=0.909091|sf=0.954545|fe=500|seed=6007,abf_fr_information_oracle|tt=information_oracle|g=0.008|eta=0.1|bi=0.909091|sf=0.954545|fe=500,abf_fr_information_oracle,information_oracle,6007,0.008,0.1,0.9090909090909092,0.9545454545454544,500,3500,7.0,0.3746121430393471,0.6352034962653309,0.0796187662648405,0.2816980154116548,0.3889153434838653,2208,256,0.0,False,0.0,0.0,0,,,,,-0.5072053918031898,0.2136588086310551,0.7208642004342449,0.6676634329783183,0.3728419729434618,0.7479460343454196,0.3802068401101828,0.5857839157303715,0.3746121430393471,0.6352034962653309,0.0565638142857169,0.7756209210197643,256.0,1,0.00390625,0,0,,,,,,,,,,,,0.05,0.1,0.2816980154116548,0.0796187662648405,0.3889153434838653,,,0.45703125,0.09375,0.3828125
abf_fr_information_oracle|tt=information_oracle|g=0.008|eta=0.1|bi=0.909091|sf=0.954545|fe=500|seed=6007,abf_fr_information_oracle|tt=information_oracle|g=0.008|eta=0.1|bi=0.909091|sf=0.954545|fe=500,abf_fr_information_oracle,information_oracle,6007,0.008,0.1,0.9090909090909092,0.9545454545454544,500,4000,8.0,0.3530932476159057,0.5961790510131109,0.1056015909633016,0.2941205857560784,0.3513908705070354,2507,256,0.0,False,0.0,0.0,0,,,,,-0.4664982008070382,0.2136588086310551,0.6801570094380933,0.6276840393290893,0.3512435699097314,0.7046615559107222,0.3585128923646777,0.5499916872004424,0.3530932476159057,0.5961790510131109,0.0556975591228876,0.7545725441797011,256.0,1,0.00390625,0,0,,,,,,,,,,,,0.05,0.1,0.2941205857560784,0.1056015909633016,0.3513908705070354,,,0.4453125,0.08984375,0.36328125
abf_fr_information_oracle|tt=information_oracle|g=0.008|eta=0.1|bi=0.909091|sf=0.954545|fe=500|seed=6007,abf_fr_information_oracle|tt=information_oracle|g=0.008|eta=0.1|bi=0.909091|sf=0.954545|fe=500,abf_fr_information_oracle,information_oracle,6007,0.008,0.1,0.9090909090909092,0.9545454545454544,500,4500,9.0,0.3309377266436447,0.5549183727630728,0.0827713969868696,0.2861685568254764,0.3580958479964271,2734,256,0.0,False,0.0,0.0,0,,,,,-0.429068526162208,0.2136588086310551,0.6427273347932632,0.5825169815138179,0.3290941527948237,0.6565492559673146,0.3358868441918346,0.5120649451759758,0.3309377266436447,0.5549183727630728,0.0535132311223462,0.7241250711096039,256.0,1,0.00390625,0,0,,,,,,,,,,,,0.05,0.1,0.2861685568254764,0.0827713969868696,0.3580958479964271,,,0.453125,0.10546875,0.328125
abf_fr_information_oracle|tt=information_oracle|g=0.008|eta=0.1|bi=0.909091|sf=0.954545|fe=500|seed=6007,abf_fr_information_oracle|tt=information_oracle|g=0.008|eta=0.1|bi=0.909091|sf=0.954545|fe=500,abf_fr_information_oracle,information_oracle,6007,0.008,0.1,0.9090909090909092,0.9545454545454544,500,5000,10.0,0.3177547028448908,0.5285543785515572,0.0836005063132541,0.2929895848052874,0.3673139402067918,2919,256,0.0,False,0.0,0.0,0,,,,,-0.4073880612747231,0.2136588086310551,0.6210468699057783,0.5553695168942593,0.3158870697856744,0.6266530336604451,0.3221782516950941,0.4881619230483046,0.3177547028448908,0.5285543785515572,0.05254595353432,0.7026828282940609,256.0,1,0.00390625,0,0,,,,,,,,,,,,0.05,0.1,0.2929895848052874,0.0836005063132541,0.3673139402067918,,,0.45703125,0.08984375,0.359375
abf_fr_information_oracle|tt=information_oracle|g=0.008|eta=0.1|bi=0.909091|sf=0.954545|fe=500|seed=6007,abf_fr_information_oracle|tt=information_oracle|g=0.008|eta=0.1|bi=0.909091|sf=0.954545|fe=500,abf_fr_information_oracle,information_oracle,6007,0.008,0.1,0.9090909090909092,0.9545454545454544,500,5500,11.0,0.310682337166369,0.5130143015013863,0.0940271029601822,0.2913584168601666,0.3890935437951209,3154,256,0.0,False,0.0,0.0,0,,,,,-0.3962459636924791,0.2136588086310551,0.6099047723235342,0.5398433335116842,0.3086574555615382,0.6098138792159288,0.3145996503257179,0.4736276606283298,0.310682337166369,0.5130143015013863,0.052126994312442,0.6919546241156612,256.0,1,0.00390625,0,0,,,,,,,,,,,,0.05,0.1,0.2913584168601666,0.0940271029601822,0.3890935437951209,,,0.453125,0.0703125,0.359375
abf_fr_information_oracle|tt=information_oracle|g=0.008|eta=0.1|bi=0.909091|sf=0.954545|fe=500|seed=6007,abf_fr_information_oracle|tt=information_oracle|g=0.008|eta=0.1|bi=0.909091|sf=0.954545|fe=500,abf_fr_information_oracle,information_oracle,6007,0.008,0.1,0.9090909090909092,0.9545454545454544,500,6000,12.0,0.3134311228580531,0.5070483344917455,0.0750978084593409,0.2828207304038448,0.3669019657724431,3349,256,0.0,False,0.0,0.0,0,,,,,-0.4072301481102585,0.2136588086310551,0.6208889567413136,0.5329845876140517,0.3099160090186016,0.6040169354376348,0.3174980456870186,0.4680672696988445,0.3134311228580531,0.5070483344917455,0.0529865271393594,0.6912976083423946,256.0,1,0.00390625,0,0,,,,,,,,,,,,0.05,0.1,0.2828207304038448,0.0750978084593409,0.3669019657724431,,,0.44140625,0.1015625,0.33984375
abf_fr_information_oracle|tt=information_oracle|g=0.008|eta=0.1|bi=0.909091|sf=0.954545|fe=500|seed=6007,abf_fr_information_oracle|tt=information_oracle|g=0.008|eta=0.1|bi=0.909091|sf=0.954545|fe=500,abf_fr_information_oracle,information_oracle,6007,0.008,0.1,0.9090909090909092,0.9545454545454544,500,6500,13.0,0.2997448165340806,0.4845626588336517,0.0788525898578846,0.2951299201414525,0.3871254419718333,3578,256,0.0,False,0.0,0.0,0,,,,,-0.381074279587871,0.2136588086310551,0.5947330882189261,0.509128766496965,0.2966914017108392,0.5776710530689942,0.303631446225275,0.4476808671025133,0.2997448165340806,0.4845626588336517,0.0519034610011784,0.6744529464375525,256.0,1,0.00390625,0,0,,,,,,,,,,,,0.05,0.1,0.2951299201414525,0.0788525898578846,0.3871254419718333,,,0.4375,0.0859375,0.34765625
abf_fr_information_oracle|tt=information_oracle|g=0.008|eta=0.1|bi=0.909091|sf=0.954545|fe=500|seed=6007,abf_fr_information_oracle|tt=information_oracle|g=0.008|eta=0.1|bi=0.909091|sf=0.954545|fe=500,abf_fr_information_oracle,information_oracle,6007,0.008,0.1,0.9090909090909092,0.9545454545454544,500,7000,14.0,0.2912537210580623,0.4626462665292,0.0728023813680179,0.2863585230915451,0.3831139764735545,3898,256,0.0,False,0.0,0.0,0,,,,,-0.3673076659825121,0.2136588086310551,0.5809664746135672,0.4886670623419837,0.2872213513822268,0.5518575433695678,0.2959663627614025,0.4279093130594205,0.2912537210580623,0.4626462665292,0.0513541891764077,0.6555212429457804,256.0,1,0.00390625,0,0,,,,,,,,,,,,0.05,0.1,0.2863585230915451,0.0728023813680179,0.3831139764735545,,,0.4296875,0.08984375,0.33984375
abf_fr_information_oracle|tt=information_oracle|g=0.008|eta=0.1|bi=0.909091|sf=0.954545|fe=500|seed=6007,abf_fr_information_oracle|tt=information_oracle|g=0.008|eta=0.1|bi=0.909091|sf=0.954545|fe=500,abf_fr_information_oracle,information_oracle,6007,0.008,0.1,0.9090909090909092,0.9545454545454544,500,7500,15.0,0.2880599628930764,0.4509470635823623,0.0687671874813499,0.2794492640597429,0.3983216660258815,4218,256,0.0,False,0.0,0.0,0,,,,,-0.3645825376572631,0.2136588086310551,0.5782413462883182,0.4781415125981386,0.2834865872366187,0.5383447693187676,0.2928168745333012,0.4174172924030841,0.2880599628930764,0.4509470635823623,0.0514505042466293,0.6484874420672638,256.0,1,0.00390625,0,0,,,,,,,,,,,,0.05,0.1,0.2794492640597429,0.0687671874813499,0.3983216660258815,,,0.44140625,0.10546875,0.3203125
abf_fr_information_oracle|tt=information_oracle|g=0.008|eta=0.1|bi=0.909091|sf=0.954545|fe=500|seed=6007,abf_fr_information_oracle|tt=information_oracle|g=0.008|eta=0.1|bi=0.909091|sf=0.954545|fe=500,abf_fr_information_oracle,information_oracle,6007,0.008,0.1,0.9090909090909092,0.9545454545454544,500,8000,16.0,0.2794882144326047,0.4295012714979371,0.0690223345356365,0.2761626750245303,0.3830084035739932,4509,256,0.0,False,0.0,0.0,0,,,,,-0.3493102570344639,0.2136588086310551,0.5629690656655191,0.4590273715523288,0.2740244352329163,0.5128706814619021,0.2848853762365489,0.3981307798098171,0.2794882144326047,0.4295012714979371,0.0503788831343715,0.6233328877769864,256.0,1,0.00390625,0,0,,,,,,,,,,,,0.05,0.1,0.2761626750245303,0.0690223345356365,0.3830084035739932,,,0.44921875,0.109375,0.30078125
abf_fr_information_oracle|tt=information_oracle|g=0.008|eta=0.1|bi=0.909091|sf=0.954545|fe=500|seed=6007,abf_fr_information_oracle|tt=information_oracle|g=0.008|eta=0.1|bi=0.909091|sf=0.954545|fe=500,abf_fr_information_oracle,information_oracle,6007,0.008,0.1,0.9090909090909092,0.9545454545454544,500,8500,17.0,0.2724203714993184,0.4113042756712111,0.0906001089413326,0.2912664098774817,0.3961937932245485,4755,256,0.0,False,0.0,0.0,0,,,,,-0.3384155064063492,0.2136588086310551,0.5520743150374043,0.4416203616043586,0.2663563196437358,0.4913380431561973,0.2779318897068416,0.3819262664374461,0.2724203714993184,0.4113042756712111,0.0495220383306506,0.6048258577176221,256.0,1,0.00390625,0,0,,,,,,,,,,,,0.05,0.1,0.2912664098774817,0.0906001089413326,0.3961937932245485,,,0.453125,0.0859375,0.28125
abf_fr_information_oracle|tt=information_oracle|g=0.008|eta=0.1|bi=0.909091|sf=0.954545|fe=500|seed=6007,abf_fr_information_oracle|tt=information_oracle|g=0.008|eta=0.1|bi=0.909091|sf=0.954545|fe=500,abf_fr_information_oracle,information_oracle,6007,0.008,0.1,0.9090909090909092,0.9545454545454544,500,9000,18.0,0.2643463926791711,0.3986069677586772,0.0762912988630878,0.2914371668172856,0.3873639028069436,5003,256,0.0,False,0.0,0.0,0,,,,,-0.3224475776460522,0.2136588086310551,0.5361063862771074,0.4281214517415032,0.2586138095164751,0.476509628845005,0.2692003571171672,0.3705888536524404,0.2643463926791711,0.3986069677586772,0.0484715905674596,0.5919437916781078,256.0,1,0.00390625,0,0,,,,,,,,,,,,0.05,0.1,0.2914371668172856,0.0762912988630878,0.3873639028069436,,,0.42578125,0.07421875,0.3046875
abf_fr_information_oracle|tt=information_oracle|g=0.008|eta=0.1|bi=0.909091|sf=0.954545|fe=500|seed=6007,abf_fr_information_oracle|tt=information_oracle|g=0.008|eta=0.1|bi=0.909091|sf=0.954545|fe=500,abf_fr_information_oracle,information_oracle,6007,0.008,0.1,0.9090909090909092,0.9545454545454544,500,9500,19.0,0.2625410753147008,0.3922879226886505,0.0778693504804966,0.2937163968750845,0.3823605924613272,5288,256,0.0,False,0.0,0.0,0,,,,,-0.320971224456045,0.2136588086310551,0.5346300330871001,0.4226509313936105,0.2568163958738448,0.4694594924033771,0.267098250998129,0.364846634157111,0.2625410753147008,0.3922879226886505,0.048615712862038,0.5855525963330752,256.0,1,0.00390625,0,0,,,,,,,,,,,,0.05,0.1,0.2937163968750845,0.0778693504804966,0.3823605924613272,,,0.4453125,0.078125,0.32421875
abf_fr_information_oracle|tt=information_oracle|g=0.008|eta=0.1|bi=0.909091|sf=0.954545|fe=500|seed=6007,abf_fr_information_oracle|tt=information_oracle|g=0.008|eta=0.1|bi=0.909091|sf=0.954545|fe=500,abf_fr_information_oracle,information_oracle,6007,0.008,0.1,0.9090909090909092,0.9545454545454544,500,10000,20.0,0.2600350361384648,0.3857263518148793,0.069370351115728,0.2882688817516362,0.3940476882469891,5520,255,0.008,True,0.00390625,0.00390625,1,-4.336808689942018e-17,1.1336644130610036,-3.850214410669048,1.722579622980522,-0.316709881233578,0.2136588086310551,0.5303686898646331,0.4171338252112694,0.2542829583324921,0.4618652429551295,0.2644367801051641,0.3590501207701015,0.2600350361384648,0.3857263518148793,0.0490419525218711,0.5815281672391479,254.015503875969,2,0.0078125,1,1,0.0,-3.112869766557435,-3.112869766557435,-1.669506539753051,-1.669506539753051,0.1131484607607744,0.1131484607607744,1.58738600689273,1.58738600689273,1.7190808808845426,1.7190808808845426,0.05,0.1,0.2882688817516362,0.069370351115728,0.3940476882469891,1.1336644130610036,1.722579622980522,0.41796875,0.07421875,0.32421875
abf_fr_information_oracle|tt=information_oracle|g=0.008|eta=0.1|bi=0.909091|sf=0.954545|fe=500|seed=6007,abf_fr_information_oracle|tt=information_oracle|g=0.008|eta=0.1|bi=0.909091|sf=0.954545|fe=500,abf_fr_information_oracle,information_oracle,6007,0.008,0.1,0.9090909090909092,0.9545454545454544,500,10500,21.0,0.2563787806835705,0.3783684721256113,0.0678677400075761,0.2819749304666746,0.3942276128640987,5779,255,0.0,False,0.0,0.0,0,,,,,-0.3103180356058885,0.2136588086310551,0.5239768442369437,0.4089236180047585,0.2503994280671293,0.4531205189114308,0.2608746861741468,0.3524725419206498,0.2563787806835705,0.3783684721256113,0.0486056011170576,0.5755135535103135,254.015503875969,2,0.0078125,1,1,,,,,,,,,,,,0.05,0.1,0.2819749304666746,0.0678677400075761,0.3942276128640987,,,0.41796875,0.07421875,0.31640625
abf_fr_information_oracle|tt=information_oracle|g=0.008|eta=0.1|bi=0.909091|sf=0.954545|fe=500|seed=6007,abf_fr_information_oracle|tt=information_oracle|g=0.008|eta=0.1|bi=0.909091|sf=0.954545|fe=500,abf_fr_information_oracle,information_oracle,6007,0.008,0.1,0.9090909090909092,0.9545454545454544,500,11000,22.0,0.2492411134234431,0.3647339980266724,0.0761004816714192,0.2874207767941909,0.3886112502288801,6017,255,0.0,False,0.0,0.0,0,,,,,-0.2969882316003449,0.2136588086310551,0.5106470402314001,0.3948664141373181,0.2430495598464728,0.4366642963526138,0.253791548875313,0.3402364865141727,0.2492411134234431,0.3647339980266724,0.0470304585763931,0.555339818892406,254.015503875969,2,0.0078125,1,1,,,,,,,,,,,,0.05,0.1,0.2874207767941909,0.0761004816714192,0.3886112502288801,,,0.4296875,0.0859375,0.3046875
abf_fr_information_oracle|tt=information_oracle|g=0.016|eta=0.1|bi=0.909091|sf=0.954545|fe=500|seed=6000,abf_fr_information_oracle|tt=information_oracle|g=0.016|eta=0.1|bi=0.909091|sf=0.954545|fe=500,abf_fr_information_oracle,information_oracle,6000,0.016,0.1,0.9090909090909092,0.9545454545454544,500,0,0.0,2.906603863987052,6.564657815288973,0.0545244755537654,0.2435778123220142,0.4086045869500432,0,256,0.0,False,0.0,0.0,0,,,,,0.0,0.2136588086310551,0.2136588086310551,1.8839792970692677,0.7722826132658906,3.487298309594125,5.408116675855963,9.381946420303988,2.906603863987052,6.564657815288973,0.037083496902375,0.7293641473133242,256.0,1,0.00390625,0,0,,,,,,,,,,,,0.05,0.1,0.2435778123220142,0.0545244755537654,0.4086045869500432,,,0.31640625,0.171875,0.36328125
abf_fr_information_oracle|tt=information_oracle|g=0.016|eta=0.1|bi=0.909091|sf=0.954545|fe=500|seed=6000,abf_fr_information_oracle|tt=information_oracle|g=0.016|eta=0.1|bi=0.909091|sf=0.954545|fe=500,abf_fr_information_oracle,information_oracle,6000,0.016,0.1,0.9090909090909092,0.9545454545454544,500,500,1.0,0.5645001194104928,1.4405373539866726,0.117940167090585,0.3023926977495814,0.3685405469650761,576,256,0.0,False,0.0,0.0,0,,,,,-0.1391138695561515,0.2136588086310551,0.3527726781872067,1.4827805566470156,0.620571772549595,1.588691516834663,0.575421539127629,1.323192136357478,0.5645001194104928,1.4405373539866726,0.0698428888976083,1.0812364800702725,256.0,1,0.00390625,0,0,,,,,,,,,,,,0.05,0.1,0.3023926977495814,0.117940167090585,0.3685405469650761,,,0.37109375,0.1328125,0.39453125
abf_fr_information_oracle|tt=information_oracle|g=0.016|eta=0.1|bi=0.909091|sf=0.954545|fe=500|seed=6000,abf_fr_information_oracle|tt=information_oracle|g=0.016|eta=0.1|bi=0.909091|sf=0.954545|fe=500,abf_fr_information_oracle,information_oracle,6000,0.016,0.1,0.9090909090909092,0.9545454545454544,500,1000,2.0,0.4676600863893281,1.2302667448320572,0.107013116790604,0.2937991320368688,0.3668595543827309,1163,256,0.0,False,0.0,0.0,0,,,,,-0.0616087946816463,0.2136588086310551,0.2752676033127015,1.2762616445892156,0.53268691967622,1.412742907691694,0.452868785118173,1.1279294286104045,0.4676600863893281,1.2302667448320572,0.0740905968114908,1.1133781512148515,256.0,1,0.00390625,0,0,,,,,,,,,,,,0.05,0.1,0.2937991320368688,0.107013116790604,0.3668595543827309,,,0.40234375,0.1171875,0.43359375
abf_fr_information_oracle|tt=information_oracle|g=0.016|eta=0.1|bi=0.909091|sf=0.954545|fe=500|seed=6000,abf_fr_information_oracle|tt=information_oracle|g=0.016|eta=0.1|bi=0.909091|sf=0.954545|fe=500,abf_fr_information_oracle,information_oracle,6000,0.016,0.1,0.9090909090909092,0.9545454545454544,500,1500,3.0,0.420884799041115,1.1063152028622782,0.1064411471814328,0.2938755197808582,0.3725824721842101,1462,256,0.0,False,0.0,0.0,0,,,,,-0.0661308850933224,0.2136588086310551,0.2797896937243775,1.1470829634646555,0.4812847706351856,1.297138988266831,0.3990942022648785,1.0137754420788567,0.420884799041115,1.1063152028622782,0.0745162790793607,1.1043316729338737,256.0,1,0.00390625,0,0,,,,,,,,,,,,0.05,0.1,0.2938755197808582,0.1064411471814328,0.3725824721842101,,,0.38671875,0.11328125,0.43359375
abf_fr_information_oracle|tt=information_oracle|g=0.016|eta=0.1|bi=0.909091|sf=0.954545|fe=500|seed=6000,abf_fr_information_oracle|tt=information_oracle|g=0.016|eta=0.1|bi=0.909091|sf=0.954545|fe=500,abf_fr_information_oracle,information_oracle,6000,0.016,0.1,0.9090909090909092,0.9545454545454544,500,2000,4.0,0.3627276539590301,0.9754545127131696,0.1037339687902544,0.2967815552485923,0.3482757580322871,1758,256,0.0,False,0.0,0.0,0,,,,,0.0219146456175991,0.2136588086310551,0.1917441630134559,1.0094526611119905,0.419248601240365,1.153801611363474,0.3383299288225663,0.893887742301927,0.3627276539590301,0.9754545127131696,0.0726602017962793,1.063650704336604,256.0,1,0.00390625,0,0,,,,,,,,,,,,0.05,0.1,0.2967815552485923,0.1037339687902544,0.3482757580322871,,,0.39453125,0.109375,0.4140625
abf_fr_information_oracle|tt=information_oracle|g=0.016|eta=0.1|bi=0.909091|sf=0.954545|fe=500|seed=6000,abf_fr_information_oracle|tt=information_oracle|g=0.016|eta=0.1|bi=0.909091|sf=0.954545|fe=500,abf_fr_information_oracle,information_oracle,6000,0.016,0.1,0.9090909090909092,0.9545454545454544,500,2500,5.0,0.3408980189073309,0.9117296517115931,0.0990506402947486,0.3047358346354893,0.3813260122441516,2044,256,0.0,False,0.0,0.0,0,,,,,0.0093061287799116,0.2136588086310551,0.2043526798511434,0.9420865902428118,0.3922749306144122,1.0843063095809389,0.3169095653479403,0.8349348744135201,0.3408980189073309,0.9117296517115931,0.0716495162251242,1.043336244476845,256.0,1,0.00390625,0,0,,,,,,,,,,,,0.05,0.1,0.3047358346354893,0.0990506402947486,0.3813260122441516,,,0.40625,0.0703125,0.4453125
abf_fr_information_oracle|tt=information_oracle|g=0.016|eta=0.1|bi=0.909091|sf=0.954545|fe=500|seed=6000,abf_fr_information_oracle|tt=information_oracle|g=0.016|eta=0.1|bi=0.909091|sf=0.954545|fe=500,abf_fr_information_oracle,information_oracle,6000,0.016,0.1,0.9090909090909092,0.9545454545454544,500,3000,6.0,0.3185137840236815,0.839293411271236,0.0929216466559927,0.2968654754519306,0.4009351286047766,2278,256,0.0,False,0.0,0.0,0,,,,,-0.0157214992855152,0.2136588086310551,0.2293803079165703,0.8688284143243021,0.3639715793519179,1.000973965835242,0.2972171952878149,0.7688027892723652,0.3185137840236815,0.839293411271236,0.0686266146386023,0.9928787743282248,256.0,1,0.00390625,0,0,,,,,,,,,,,,0.05,0.1,0.2968654754519306,0.0929216466559927,0.4009351286047766,,,0.40625,0.08203125,0.4453125
abf_fr_information_oracle|tt=information_oracle|g=0.016|eta=0.1|bi=0.909091|sf=0.954545|fe=500|seed=6000,abf_fr_information_oracle|tt=information_oracle|g=0.016|eta=0.1|bi=0.909091|sf=0.954545|fe=500,abf_fr_information_oracle,information_oracle,6000,0.016,0.1,0.9090909090909092,0.9545454545454544,500,3500,7.0,0.305992231319562,0.8018051832005073,0.0910110111551891,0.3069555147790613,0.3860839451146418,2492,256,0.0,False,0.0,0.0,0,,,,,-0.0294034063382326,0.2136588086310551,0.2430622149692878,0.8257241493275335,0.3475697196515955,0.9585181179500284,0.2862503485279289,0.7345792098534879,0.305992231319562,0.8018051832005073,0.0668205260183831,0.9717196860657112,256.0,1,0.00390625,0,0,,,,,,,,,,,,0.05,0.1,0.3069555147790613,0.0910110111551891,0.3860839451146418,,,0.3984375,0.0703125,0.4453125
abf_fr_information_oracle|tt=information_oracle|g=0.016|eta=0.1|bi=0.909091|sf=0.954545|fe=500|seed=6000,abf_fr_information_oracle|tt=information_oracle|g=0.016|eta=0.1|bi=0.909091|sf=0.954545|fe=500,abf_fr_information_oracle,information_oracle,6000,0.016,0.1,0.9090909090909092,0.9545454545454544,500,4000,8.0,0.2919517495579979,0.7673262609961157,0.0847990261122469,0.3033944945707667,0.3796457583145797,2709,256,0.0,False,0.0,0.0,0,,,,,-0.0149019770080691,0.2136588086310551,0.2285607856391243,0.7871998492783949,0.3315239657768203,0.9190301358241392,0.2725504835595485,0.7032833239894093,0.2919517495579979,0.7673262609961157,0.0667316438872684,0.9603483814718954,256.0,1,0.00390625,0,0,,,,,,,,,,,,0.05,0.1,0.3033944945707667,0.0847990261122469,0.3796457583145797,,,0.41015625,0.0625,0.4375
abf_fr_information_oracle|tt=information_oracle|g=0.016|eta=0.1|bi=0.909091|sf=0.954545|fe=500|seed=6000,abf_fr_information_oracle|tt=information_oracle|g=0.016|eta=0.1|bi=0.909091|sf=0.954545|fe=500,abf_fr_information_oracle,information_oracle,6000,0.016,0.1,0.9090909090909092,0.9545454545454544,500,4500,9.0,0.2748921120503153,0.7260573269824537,0.0977416386781765,0.3064878546885118,0.3737892472285571,2910,256,0.0,False,0.0,0.0,0,,,,,0.0006348091442696,0.2136588086310551,0.2130239994867855,0.7426394038259337,0.3123941894911817,0.8701389786043935,0.2563606020907478,0.6656896173130255,0.2748921120503153,0.7260573269824537,0.0665001314814395,0.9450429436541066,256.0,1,0.00390625,0,0,,,,,,,,,,,,0.05,0.1,0.3064878546885118,0.0977416386781765,0.3737892472285571,,,0.3984375,0.0625,0.4140625
abf_fr_information_oracle|tt=information_oracle|g=0.016|eta=0.1|bi=0.909091|sf=0.954545|fe=500|seed=6000,abf_fr_information_oracle|tt=information_oracle|g=0.016|eta=0.1|bi=0.909091|sf=0.954545|fe=500,abf_fr_information_oracle,information_oracle,6000,0.016,0.1,0.9090909090909092,0.9545454545454544,500,5000,10.0,0.2645188705418691,0.6894964408766221,0.079430925255164,0.2902947414693604,0.3991241121120522,3066,256,0.0,False,0.0,0.0,0,,,,,-0.0114073140987542,0.2136588086310551,0.2250661227298094,0.7066909793548177,0.2988913746656717,0.8265985709508544,0.2475415340298024,0.6324065781875129,0.2645188705418691,0.6894964408766221,0.0638426628563385,0.907842633982374,256.0,1,0.00390625,0,0,,,,,,,,,,,,0.05,0.1,0.2902947414693604,0.079430925255164,0.3991241121120522,,,0.41015625,0.06640625,0.38671875
abf_fr_information_oracle|tt=information_oracle|g=0.016|eta=0.1|bi=0.909091|sf=0.954545|fe=500|seed=6000,abf_fr_information_oracle|tt=information_oracle|g=0.016|eta=0.1|bi=0.909091|sf=0.954545|fe=500,abf_fr_information_oracle,information_oracle,6000,0.016,0.1,0.9090909090909092,0.9545454545454544,500,5500,11.0,0.2562274660570089,0.6584935942243336,0.0752286851117501,0.2974117766867539,0.3832773278594706,3232,256,0.0,False,0.0,0.0,0,,,,,-0.0225777498537276,0.2136588086310551,0.2362365584847827,0.6763358709290754,0.2878743289461296,0.789928763074296,0.2405132491665678,0.6043055473438387,0.2562274660570089,0.6584935942243336,0.0627788300214984,0.8838111796277685,256.0,1,0.00390625,0,0,,,,,,,,,,,,0.05,0.1,0.2974117766867539,0.0752286851117501,0.3832773278594706,,,0.40625,0.0625,0.3828125
abf_fr_information_oracle|tt=information_oracle|g=0.016|eta=0.1|bi=0.909091|sf=0.954545|fe=500|seed=6000,abf_fr_information_oracle|tt=information_oracle|g=0.016|eta=0.1|bi=0.909091|sf=0.954545|fe=500,abf_fr_information_oracle,information_oracle,6000,0.016,0.1,0.9090909090909092,0.9545454545454544,500,6000,12.0,0.2463652010694303,0.627736342838431,0.085956767860219,0.2919126554914794,0.3863506128166182,3398,256,0.0,False,0.0,0.0,0,,,,,-0.0278623293984559,0.2136588086310551,0.241521138029511,0.6445377181704917,0.2758085451101272,0.7534536976489791,0.2320519480035663,0.5764728114477533,0.2463652010694303,0.627736342838431,0.0605236744507749,0.852288260374759,256.0,1,0.00390625,0,0,,,,,,,,,,,,0.05,0.1,0.2919126554914794,0.085956767860219,0.3863506128166182,,,0.37890625,0.05078125,0.40625
abf_fr_information_oracle|tt=information_oracle|g=0.016|eta=0.1|bi=0.909091|sf=0.954545|fe=500|seed=6000,abf_fr_information_oracle|tt=information_oracle|g=0.016|eta=0.1|bi=0.909091|sf=0.954545|fe=500,abf_fr_information_oracle,information_oracle,6000,0.016,0.1,0.9090909090909092,0.9545454545454544,500,6500,13.0,0.2317839728898846,0.5934862138904713,0.0889603374069205,0.3101791207569455,0.3753984677598599,3568,256,0.0,False,0.0,0.0,0,,,,,-0.0143804393211048,0.2136588086310551,0.22803924795216,0.6062997726055258,0.2598255804995042,0.7125229290986776,0.2182191919979779,0.5454820186903766,0.2317839728898846,0.5934862138904713,0.0586348036339285,0.8213179369051505,256.0,1,0.00390625,0,0,,,,,,,,,,,,0.05,0.1,0.3101791207569455,0.0889603374069205,0.3753984677598599,,,0.41015625,0.046875,0.41015625
abf_fr_information_oracle|tt=information_oracle|g=0.016|eta=0.1|bi=0.909091|sf=0.954545|fe=500|seed=6000,abf_fr_information_oracle|tt=information_oracle|g=0.016|eta=0.1|bi=0.909091|sf=0.954545|fe=500,abf_fr_information_oracle,information_oracle,6000,0.016,0.1,0.9090909090909092,0.9545454545454544,500,7000,14.0,0.2262818100153075,0.5717361737899095,0.0931301896183996,0.3084798909684577,0.3888927425179234,3706,256,0.0,False,0.0,0.0,0,,,,,-0.0234920478747859,0.2136588086310551,0.2371508565058411,0.5849704084464836,0.252336052764993,0.6867160592369229,0.2138721457266268,0.5257737329511423,0.2262818100153075,0.5717361737899095,0.0575871353308731,0.8019223385580493,256.0,1,0.00390625,0,0,,,,,,,,,,,,0.05,0.1,0.3084798909684577,0.0931301896183996,0.3888927425179234,,,0.390625,0.04296875,0.4140625
abf_fr_information_oracle|tt=information_oracle|g=0.016|eta=0.1|bi=0.909091|sf=0.954545|fe=500|seed=6000,abf_fr_information_oracle|tt=information_oracle|g=0.016|eta=0.1|bi=0.909091|sf=0.954545|fe=500,abf_fr_information_oracle,information_oracle,6000,0.016,0.1,0.9090909090909092,0.9545454545454544,500,7500,15.0,0.2215598131533431,0.5491908234957296,0.0893067078322678,0.2988301769937471,0.3930684529538519,3810,256,0.0,False,0.0,0.0,0,,,,,-0.038278025102393,0.2136588086310551,0.2519368337334482,0.5623733677288161,0.2452706763702446,0.6596839773079534,0.2104412508010283,0.5055035909963546,0.2215598131533431,0.5491908234957296,0.0559165428127927,0.7748147597980313,256.0,1,0.00390625,0,0,,,,,,,,,,,,0.05,0.1,0.2988301769937471,0.0893067078322678,0.3930684529538519,,,0.359375,0.06640625,0.40625
abf_fr_information_oracle|tt=information_oracle|g=0.016|eta=0.1|bi=0.909091|sf=0.954545|fe=500|seed=6000,abf_fr_information_oracle|tt=information_oracle|g=0.016|eta=0.1|bi=0.909091|sf=0.954545|fe=500,abf_fr_information_oracle,information_oracle,6000,0.016,0.1,0.9090909090909092,0.9545454545454544,500,8000,16.0,0.2145436947931682,0.5297434057529794,0.0762226404200598,0.2921781331753657,0.4031121601305866,3972,256,0.0,False,0.0,0.0,0,,,,,-0.0329006993653244,0.2136588086310551,0.2465595079963796,0.5428563066897781,0.2371980171464023,0.6364589777172855,0.2038646554784627,0.4879299390098555,0.2145436947931682,0.5297434057529794,0.0551308751285377,0.757103353048106,256.0,1,0.00390625,0,0,,,,,,,,,,,,0.05,0.1,0.2921781331753657,0.0762226404200598,0.4031121601305866,,,0.359375,0.05859375,0.359375
abf_fr_information_oracle|tt=information_oracle|g=0.016|eta=0.1|bi=0.909091|sf=0.954545|fe=500|seed=6000,abf_fr_information_oracle|tt=information_oracle|g=0.016|eta=0.1|bi=0.909091|sf=0.954545|fe=500,abf_fr_information_oracle,information_oracle,6000,0.016,0.1,0.9090909090909092,0.9545454545454544,500,8500,17.0,0.2113047403833347,0.5172401666839365,0.0916441464127227,0.3094030851423445,0.387278034838681,4090,256,0.0,False,0.0,0.0,0,,,,,-0.0369728932146244,0.2136588086310551,0.2506317018456796,0.530105697382253,0.2328308651190417,0.6216496255342412,0.2010801846884947,0.4764764934811041,0.2113047403833347,0.5172401666839365,0.0545855050022952,0.7471535504091618,256.0,1,0.00390625,0,0,,,,,,,,,,,,0.05,0.1,0.3094030851423445,0.0916441464127227,0.387278034838681,,,0.3671875,0.05078125,0.40625
abf_fr_information_oracle|tt=information_oracle|g=0.016|eta=0.1|bi=0.909091|sf=0.954545|fe=500|seed=6000,abf_fr_information_oracle|tt=information_oracle|g=0.016|eta=0.1|bi=0.909091|sf=0.954545|fe=500,abf_fr_information_oracle,information_oracle,6000,0.016,0.1,0.9090909090909092,0.9545454545454544,500,9000,18.0,0.2073759992844043,0.5022791091133681,0.0813094820269692,0.2966690430408068,0.378546891580453,4311,256,0.0,False,0.0,0.0,0,,,,,-0.0397192700126325,0.2136588086310551,0.2533780786436876,0.5164744573213031,0.2278579120410307,0.6037257711044121,0.1975674967865109,0.4630388121511872,0.2073759992844043,0.5022791091133681,0.0537539132499115,0.7302359256787325,256.0,1,0.00390625,0,0,,,,,,,,,,,,0.05,0.1,0.2966690430408068,0.0813094820269692,0.378546891580453,,,0.37109375,0.08203125,0.39453125
abf_fr_information_oracle|tt=information_oracle|g=0.016|eta=0.1|bi=0.909091|sf=0.954545|fe=500|seed=6000,abf_fr_information_oracle|tt=information_oracle|g=0.016|eta=0.1|bi=0.909091|sf=0.954545|fe=500,abf_fr_information_oracle,information_oracle,6000,0.016,0.1,0.9090909090909092,0.9545454545454544,500,9500,19.0,0.2051173728079165,0.4883476643989609,0.0767361453935363,0.2960871526690701,0.3821986910846144,4411,256,0.0,False,0.0,0.0,0,,,,,-0.0488619277050794,0.2136588086310551,0.2625207363361346,0.5028546208481485,0.2240928559090409,0.5869921262728364,0.1960703230370463,0.4504892775741145,0.2051173728079165,0.4883476643989609,0.0527716847329433,0.7125628982089658,256.0,1,0.00390625,0,0,,,,,,,,,,,,0.05,0.1,0.2960871526690701,0.0767361453935363,0.3821986910846144,,,0.33203125,0.0703125,0.40625
abf_fr_information_oracle|tt=information_oracle|g=0.016|eta=0.1|bi=0.909091|sf=0.954545|fe=500|seed=6000,abf_fr_information_oracle|tt=information_oracle|g=0.016|eta=0.1|bi=0.909091|sf=0.954545|fe=500,abf_fr_information_oracle,information_oracle,6000,0.016,0.1,0.9090909090909092,0.9545454545454544,500,10000,20.0,0.2017847594847809,0.4769737464041411,0.0688755773302356,0.2884026228982704,0.3936121032600623,4551,251,0.016,True,0.01953125,0.01953125,5,-1.0408340855860844e-17,1.043004808760579,-3.266425282404157,1.371732106815989,-0.0487229025905904,0.2136588086310551,0.2623817112216455,0.4914945876522575,0.2199079346821443,0.5733904033064983,0.1930995994949437,0.4402255970830766,0.2017847594847809,0.4769737464041411,0.0523498562227727,0.7031394540523735,246.37593984962405,2,0.0078125,1,5,0.0,-3.193673851580524,-3.193673851580524,-1.1576067728157082,-1.1576067728157082,0.1321154456216113,0.1321154456216113,1.2001270604307,1.2001270604307,1.3695484686451205,1.3695484686451205,0.05,0.1,0.2884026228982704,0.0688755773302356,0.3936121032600623,1.043004808760579,1.371732106815989,0.3671875,0.07421875,0.41015625
abf_fr_information_oracle|tt=information_oracle|g=0.016|eta=0.1|bi=0.909091|sf=0.954545|fe=500|seed=6000,abf_fr_information_oracle|tt=information_oracle|g=0.016|eta=0.1|bi=0.909091|sf=0.954545|fe=500,abf_fr_information_oracle,information_oracle,6000,0.016,0.1,0.9090909090909092,0.9545454545454544,500,10500,21.0,0.1914636191420416,0.4572346600657757,0.0802471746024033,0.3002577680186271,0.3886884188682231,4697,251,0.0,False,0.0,0.0,0,,,,,-0.0289153926937153,0.2136588086310551,0.2425742013247704,0.4727497997280989,0.2096287423305956,0.5496452874824043,0.1824475659525992,0.4224410138487898,0.1914636191420416,0.4572346600657757,0.0500831876628618,0.6730046442372364,246.37593984962405,2,0.0078125,1,5,,,,,,,,,,,,0.05,0.1,0.3002577680186271,0.0802471746024033,0.3886884188682231,,,0.390625,0.046875,0.3828125
abf_fr_information_oracle|tt=information_oracle|g=0.016|eta=0.1|bi=0.909091|sf=0.954545|fe=500|seed=6000,abf_fr_information_oracle|tt=information_oracle|g=0.016|eta=0.1|bi=0.909091|sf=0.954545|fe=500,abf_fr_information_oracle,information_oracle,6000,0.016,0.1,0.9090909090909092,0.9545454545454544,500,11000,22.0,0.1886262141078905,0.4430147347935071,0.0758406702662954,0.2987291266296688,0.3872491144726543,4829,251,0.0,False,0.0,0.0,0,,,,,-0.0362726981149634,0.2136588086310551,0.2499315067460186,0.4599491065466013,0.205535153149214,0.5325819264874868,0.1800126082103247,0.4096902322069492,0.1886262141078905,0.4430147347935071,0.0486211715880796,0.6536402043985577,246.37593984962405,2,0.0078125,1,5,,,,,,,,,,,,0.05,0.1,0.2987291266296688,0.0758406702662954,0.3872491144726543,,,0.38671875,0.0703125,0.38671875
abf_fr_information_oracle|tt=information_oracle|g=0.016|eta=0.1|bi=0.909091|sf=0.954545|fe=500|seed=6001,abf_fr_information_oracle|tt=information_oracle|g=0.016|eta=0.1|bi=0.909091|sf=0.954545|fe=500,abf_fr_information_oracle,information_oracle,6001,0.016,0.1,0.9090909090909092,0.9545454545454544,500,0,0.0,2.906603863987052,6.564657815288973,0.0544836474051137,0.2356733779931783,0.4186343862949782,0,256,0.0,False,0.0,0.0,0,,,,,0.0,0.2136588086310551,0.2136588086310551,1.8839792970692677,0.7722826132658906,3.487298309594125,5.408116675855963,9.381946420303988,2.906603863987052,6.564657815288973,0.037083496902375,0.7293641473133242,256.0,1,0.00390625,0,0,,,,,,,,,,,,0.05,0.1,0.2356733779931783,0.0544836474051137,0.4186343862949782,,,0.3203125,0.1640625,0.39453125
abf_fr_information_oracle|tt=information_oracle|g=0.016|eta=0.1|bi=0.909091|sf=0.954545|fe=500|seed=6001,abf_fr_information_oracle|tt=information_oracle|g=0.016|eta=0.1|bi=0.909091|sf=0.954545|fe=500,abf_fr_information_oracle,information_oracle,6001,0.016,0.1,0.9090909090909092,0.9545454545454544,500,500,1.0,0.4754598180722995,1.1289259306522952,0.1015903876959006,0.2880418264362072,0.3800868477964652,595,256,0.0,False,0.0,0.0,0,,,,,-0.3533930192736001,0.2136588086310551,0.5670518279046552,1.0815510936096155,0.4831228972005956,1.1201270056388022,0.526797144252566,1.0425909265714288,0.4754598180722995,1.1289259306522952,0.051387583745298,0.818945520261443,256.0,1,0.00390625,0,0,,,,,,,,,,,,0.05,0.1,0.2880418264362072,0.1015903876959006,0.3800868477964652,,,0.3359375,0.15625,0.41796875
abf_fr_information_oracle|tt=information_oracle|g=0.016|eta=0.1|bi=0.909091|sf=0.954545|fe=500|seed=6001,abf_fr_information_oracle|tt=information_oracle|g=0.016|eta=0.1|bi=0.909091|sf=0.954545|fe=500,abf_fr_information_oracle,information_oracle,6001,0.016,0.1,0.9090909090909092,0.9545454545454544,500,1000,2.0,0.4294472974728012,0.97569947555587,0.1001224760863694,0.2779342934296684,0.3739147543396833,1088,256,0.0,False,0.0,0.0,0,,,,,-0.4046921251908024,0.2136588086310551,0.6183509338218576,0.9510544892506082,0.4439674310964022,1.046486360108167,0.4520172466847741,0.9004662228137965,0.4294472974728012,0.97569947555587,0.0614988952104074,0.9133338724560672,256.0,1,0.00390625,0,0,,,,,,,,,,,,0.05,0.1,0.2779342934296684,0.1001224760863694,0.3739147543396833,,,0.3828125,0.15234375,0.4296875
abf_fr_information_oracle|tt=information_oracle|g=0.016|eta=0.1|bi=0.909091|sf=0.954545|fe=500|seed=6001,abf_fr_information_oracle|tt=information_oracle|g=0.016|eta=0.1|bi=0.909091|sf=0.954545|fe=500,abf_fr_information_oracle,information_oracle,6001,0.016,0.1,0.9090909090909092,0.9545454545454544,500,1500,3.0,0.4048294535505987,0.8684499908629761,0.0973202140481137,0.2702732016654207,0.3678630422915492,1598,256,0.0,False,0.0,0.0,0,,,,,-0.432939950181094,0.2136588086310551,0.6465987588121491,0.8588504831816534,0.4174545469902896,0.9700244771770172,0.4169259235986415,0.8020228935276034,0.4048294535505987,0.8684499908629761,0.064030060297531,0.9262454663029498,256.0,1,0.00390625,0,0,,,,,,,,,,,,0.05,0.1,0.2702732016654207,0.0973202140481137,0.3678630422915492,,,0.3828125,0.15234375,0.42578125
abf_fr_information_oracle|tt=information_oracle|g=0.016|eta=0.1|bi=0.909091|sf=0.954545|fe=500|seed=6001,abf_fr_information_oracle|tt=information_oracle|g=0.016|eta=0.1|bi=0.909091|sf=0.954545|fe=500,abf_fr_information_oracle,information_oracle,6001,0.016,0.1,0.9090909090909092,0.9545454545454544,500,2000,4.0,0.3773715561720522,0.8030973726979961,0.0746797212830335,0.2746739126320148,0.3790807897917502,2092,256,0.0,False,0.0,0.0,0,,,,,-0.4000146559356636,0.2136588086310551,0.6136734645667188,0.7890722003340385,0.3884617845577616,0.9151526784534014,0.3857094873569685,0.7413849813402326,0.3773715561720522,0.8030973726979961,0.064480560778248,0.9239444894489652,256.0,1,0.00390625,0,0,,,,,,,,,,,,0.05,0.1,0.2746739126320148,0.0746797212830335,0.3790807897917502,,,0.39453125,0.140625,0.42578125
abf_fr_information_oracle|tt=information_oracle|g=0.016|eta=0.1|bi=0.909091|sf=0.954545|fe=500|seed=6001,abf_fr_information_oracle|tt=information_oracle|g=0.016|eta=0.1|bi=0.909091|sf=0.954545|fe=500,abf_fr_information_oracle,information_oracle,6001,0.016,0.1,0.9090909090909092,0.9545454545454544,500,2500,5.0,0.3675257305504955,0.7540565974713,0.0748570299498828,0.2671754711661269,0.3842688054134844,2504,256,0.0,False,0.0,0.0,0,,,,,-0.4117424424075651,0.2136588086310551,0.6254012510386202,0.7437540186618626,0.3769395782735066,0.8725840521335013,0.3712708467818426,0.6950117855446872,0.3675257305504955,0.7540565974713,0.0637371912950309,0.9012515500491964,256.0,1,0.00390625,0,0,,,,,,,,,,,,0.05,0.1,0.2671754711661269,0.0748570299498828,0.3842688054134844,,,0.41015625,0.1328125,0.41015625
abf_fr_information_oracle|tt=information_oracle|g=0.016|eta=0.1|bi=0.909091|sf=0.954545|fe=500|seed=6001,abf_fr_information_oracle|tt=information_oracle|g=0.016|eta=0.1|bi=0.909091|sf=0.954545|fe=500,abf_fr_information_oracle,information_oracle,6001,0.016,0.1,0.9090909090909092,0.9545454545454544,500,3000,6.0,0.3520267331241479,0.7133316001308417,0.0804862858656646,0.2745362991687114,0.3632451313604102,2903,256,0.0,False,0.0,0.0,0,,,,,-0.400571257310542,0.2136588086310551,0.6142300659415971,0.70192258318795,0.3614363027958129,0.8319295585378524,0.3525815979030718,0.6569561978540507,0.3520267331241479,0.7133316001308417,0.0621738867599088,0.8722825902959762,256.0,1,0.00390625,0,0,,,,,,,,,,,,0.05,0.1,0.2745362991687114,0.0804862858656646,0.3632451313604102,,,0.41015625,0.12109375,0.42578125
abf_fr_information_oracle|tt=information_oracle|g=0.016|eta=0.1|bi=0.909091|sf=0.954545|fe=500|seed=6001,abf_fr_information_oracle|tt=information_oracle|g=0.016|eta=0.1|bi=0.909091|sf=0.954545|fe=500,abf_fr_information_oracle,information_oracle,6001,0.016,0.1,0.9090909090909092,0.9545454545454544,500,3500,7.0,0.3327447891638741,0.6650608876230041,0.0657643717844429,0.2752277487357314,0.383331161870452,3225,256,0.0,False,0.0,0.0,0,,,,,-0.3743745771565834,0.2136588086310551,0.5880333857876385,0.6563721881969802,0.3415414367215569,0.7799809319174291,0.3299006772161307,0.6127013591366977,0.3327447891638741,0.6650608876230041,0.0593167071317073,0.833277924766058,256.0,1,0.00390625,0,0,,,,,,,,,,,,0.05,0.1,0.2752277487357314,0.0657643717844429,0.383331161870452,,,0.43359375,0.1171875,0.37890625
abf_fr_information_oracle|tt=information_oracle|g=0.016|eta=0.1|bi=0.909091|sf=0.954545|fe=500|seed=6001,abf_fr_information_oracle|tt=information_oracle|g=0.016|eta=0.1|bi=0.909091|sf=0.954545|fe=500,abf_fr_information_oracle,information_oracle,6001,0.016,0.1,0.9090909090909092,0.9545454545454544,500,4000,8.0,0.3171418392199895,0.6286013443459406,0.0686345024248651,0.2756529922167894,0.368551054492968,3483,256,0.0,False,0.0,0.0,0,,,,,-0.3491513930483165,0.2136588086310551,0.5628102016793717,0.6230847835552545,0.3252067073371608,0.7404016005936458,0.3143826587356862,0.579578237617363,0.3171418392199895,0.6286013443459406,0.0578805987360227,0.8089084041521274,256.0,1,0.00390625,0,0,,,,,,,,,,,,0.05,0.1,0.2756529922167894,0.0686345024248651,0.368551054492968,,,0.4296875,0.11328125,0.3828125
abf_fr_information_oracle|tt=information_oracle|g=0.016|eta=0.1|bi=0.909091|sf=0.954545|fe=500|seed=6001,abf_fr_information_oracle|tt=information_oracle|g=0.016|eta=0.1|bi=0.909091|sf=0.954545|fe=500,abf_fr_information_oracle,information_oracle,6001,0.016,0.1,0.9090909090909092,0.9545454545454544,500,4500,9.0,0.2870936190240901,0.5771048830055577,0.0764017286339544,0.2750144839741681,0.3786489488872397,3835,256,0.0,False,0.0,0.0,0,,,,,-0.2895614191854747,0.2136588086310551,0.5032202278165299,0.5712910412232385,0.2951259598359506,0.6806251010345268,0.2844150727838778,0.5329167368626109,0.2870936190240901,0.5771048830055577,0.0550728786735995,0.7654270867884398,256.0,1,0.00390625,0,0,,,,,,,,,,,,0.05,0.1,0.2750144839741681,0.0764017286339544,0.3786489488872397,,,0.42578125,0.1015625,0.3671875
abf_fr_information_oracle|tt=information_oracle|g=0.016|eta=0.1|bi=0.909091|sf=0.954545|fe=500|seed=6001,abf_fr_information_oracle|tt=information_oracle|g=0.016|eta=0.1|bi=0.909091|sf=0.954545|fe=500,abf_fr_information_oracle,information_oracle,6001,0.016,0.1,0.9090909090909092,0.9545454545454544,500,5000,10.0,0.273123824716924,0.5543924317863336,0.0735963130426302,0.2789657666187912,0.3770794570537747,4016,256,0.0,False,0.0,0.0,0,,,,,-0.2623028992071852,0.2136588086310551,0.4759617078382403,0.5484724986022981,0.2816996648002316,0.6558944860632642,0.2697072251676485,0.5118905772257307,0.273123824716924,0.5543924317863336,0.0546269728827903,0.7556028983072683,256.0,1,0.00390625,0,0,,,,,,,,,,,,0.05,0.1,0.2789657666187912,0.0735963130426302,0.3770794570537747,,,0.40234375,0.09765625,0.3671875
abf_fr_information_oracle|tt=information_oracle|g=0.016|eta=0.1|bi=0.909091|sf=0.954545|fe=500|seed=6001,abf_fr_information_oracle|tt=information_oracle|g=0.016|eta=0.1|bi=0.909091|sf=0.954545|fe=500,abf_fr_information_oracle,information_oracle,6001,0.016,0.1,0.9090909090909092,0.9545454545454544,500,5500,11.0,0.2654081318967748,0.5288815160024253,0.0602888516970619,0.2804998305601797,0.3788089055593755,4318,256,0.0,False,0.0,0.0,0,,,,,-0.2560819819973865,0.2136588086310551,0.4697407906284416,0.5250362017013205,0.2726990851668681,0.6272116390469377,0.2618101608859139,0.4885617809239726,0.2654081318967748,0.5288815160024253,0.0540281338091221,0.7370183185831409,256.0,1,0.00390625,0,0,,,,,,,,,,,,0.05,0.1,0.2804998305601797,0.0602888516970619,0.3788089055593755,,,0.40625,0.08984375,0.37109375
abf_fr_information_oracle|tt=information_oracle|g=0.016|eta=0.1|bi=0.909091|sf=0.954545|fe=500|seed=6001,abf_fr_information_oracle|tt=information_oracle|g=0.016|eta=0.1|bi=0.909091|sf=0.954545|fe=500,abf_fr_information_oracle,information_oracle,6001,0.016,0.1,0.9090909090909092,0.9545454545454544,500,6000,12.0,0.25272027791071,0.5060103303042126,0.0596371847189025,0.2749144713658696,0.3901949204698041,4564,256,0.0,False,0.0,0.0,0,,,,,-0.2319461516924761,0.2136588086310551,0.4456049603235312,0.5033008127077729,0.260319356042886,0.6015462348371092,0.2486655091249032,0.4676772426057247,0.25272027791071,0.5060103303042126,0.0525510076236696,0.713453566587382,256.0,1,0.00390625,0,0,,,,,,,,,,,,0.05,0.1,0.2749144713658696,0.0596371847189025,0.3901949204698041,,,0.38671875,0.10546875,0.359375
abf_fr_information_oracle|tt=information_oracle|g=0.016|eta=0.1|bi=0.909091|sf=0.954545|fe=500|seed=6001,abf_fr_information_oracle|tt=information_oracle|g=0.016|eta=0.1|bi=0.909091|sf=0.954545|fe=500,abf_fr_information_oracle,information_oracle,6001,0.016,0.1,0.9090909090909092,0.9545454545454544,500,6500,13.0,0.2445082128381874,0.486415859759283,0.0502664046195672,0.2619174747392172,0.387938801904248,4918,256,0.0,False,0.0,0.0,0,,,,,-0.2200355268337119,0.2136588086310551,0.4336943354647671,0.4855361962136812,0.2518126208160987,0.57899350649972,0.2409069813411178,0.4497800418971968,0.2445082128381874,0.486415859759283,0.0518632072334261,0.6983297149934516,256.0,1,0.00390625,0,0,,,,,,,,,,,,0.05,0.1,0.2619174747392172,0.0502664046195672,0.387938801904248,,,0.3828125,0.1171875,0.37109375
abf_fr_information_oracle|tt=information_oracle|g=0.016|eta=0.1|bi=0.909091|sf=0.954545|fe=500|seed=6001,abf_fr_information_oracle|tt=information_oracle|g=0.016|eta=0.1|bi=0.909091|sf=0.954545|fe=500,abf_fr_information_oracle,information_oracle,6001,0.016,0.1,0.9090909090909092,0.9545454545454544,500,7000,14.0,0.23431824194104,0.4682326918874159,0.0657635560239215,0.2792826216081386,0.3693232236407103,5173,256,0.0,False,0.0,0.0,0,,,,,-0.2000383217413599,0.2136588086310551,0.413697130372415,0.4673382633626518,0.2416130799983689,0.5578860339666285,0.2305371641040666,0.4332030659308367,0.23431824194104,0.4682326918874159,0.0499045174360635,0.6750324509177412,256.0,1,0.00390625,0,0,,,,,,,,,,,,0.05,0.1,0.2792826216081386,0.0657635560239215,0.3693232236407103,,,0.43359375,0.09375,0.37109375
abf_fr_information_oracle|tt=information_oracle|g=0.016|eta=0.1|bi=0.909091|sf=0.954545|fe=500|seed=6001,abf_fr_information_oracle|tt=information_oracle|g=0.016|eta=0.1|bi=0.909091|sf=0.954545|fe=500,abf_fr_information_oracle,information_oracle,6001,0.016,0.1,0.9090909090909092,0.9545454545454544,500,7500,15.0,0.2292277911106477,0.4573643347070139,0.0621064882623402,0.2782581295696832,0.3851202113227635,5397,256,0.0,False,0.0,0.0,0,,,,,-0.1928627680474193,0.2136588086310551,0.4065215766784744,0.4565188250614252,0.2365094358442568,0.5454887256917291,0.2255025061363836,0.4233128856019787,0.2292277911106477,0.4573643347070139,0.0491042659339977,0.6663153168135054,256.0,1,0.00390625,0,0,,,,,,,,,,,,0.05,0.1,0.2782581295696832,0.0621064882623402,0.3851202113227635,,,0.42578125,0.10546875,0.35546875
abf_fr_information_oracle|tt=information_oracle|g=0.016|eta=0.1|bi=0.909091|sf=0.954545|fe=500|seed=6001,abf_fr_information_oracle|tt=information_oracle|g=0.016|eta=0.1|bi=0.909091|sf=0.954545|fe=500,abf_fr_information_oracle,information_oracle,6001,0.016,0.1,0.9090909090909092,0.9545454545454544,500,8000,16.0,0.2194217935496564,0.4396139897592125,0.0737104930415068,0.2863412181394226,0.3902417413302954,5654,256,0.0,False,0.0,0.0,0,,,,,-0.1747997976512856,0.2136588086310551,0.3884586062823407,0.438811317708145,0.2268565558091658,0.5247481856054207,0.2154886647234474,0.4072839123768509,0.2194217935496564,0.4396139897592125,0.0485809154311137,0.6530384252680881,256.0,1,0.00390625,0,0,,,,,,,,,,,,0.05,0.1,0.2863412181394226,0.0737104930415068,0.3902417413302954,,,0.43359375,0.1015625,0.33203125
abf_fr_information_oracle|tt=information_oracle|g=0.016|eta=0.1|bi=0.909091|sf=0.954545|fe=500|seed=6001,abf_fr_information_oracle|tt=information_oracle|g=0.016|eta=0.1|bi=0.909091|sf=0.954545|fe=500,abf_fr_information_oracle,information_oracle,6001,0.016,0.1,0.9090909090909092,0.9545454545454544,500,8500,17.0,0.213039117957987,0.4278554996421769,0.0713276471240492,0.280356940658131,0.383654821265674,5970,256,0.0,False,0.0,0.0,0,,,,,-0.1631279117674076,0.2136588086310551,0.3767867203984627,0.4276782543217493,0.2204849047648674,0.5110567309188123,0.2092258663189978,0.3966832208667345,0.213039117957987,0.4278554996421769,0.0477673681333337,0.6390041562532642,256.0,1,0.00390625,0,0,,,,,,,,,,,,0.05,0.1,0.280356940658131,0.0713276471240492,0.383654821265674,,,0.3984375,0.09765625,0.34375
abf_fr_information_oracle|tt=information_oracle|g=0.016|eta=0.1|bi=0.909091|sf=0.954545|fe=500|seed=6001,abf_fr_information_oracle|tt=information_oracle|g=0.016|eta=0.1|bi=0.909091|sf=0.954545|fe=500,abf_fr_information_oracle,information_oracle,6001,0.016,0.1,0.9090909090909092,0.9545454545454544,500,9000,18.0,0.2061843973804305,0.4133543949952399,0.0780719439277061,0.284285974041675,0.36096718844427,6230,256,0.0,False,0.0,0.0,0,,,,,-0.1514535901571179,0.2136588086310551,0.365112398788173,0.4144490533701588,0.2134183175246851,0.4939620411194377,0.2027310883625289,0.3836517608553852,0.2061843973804305,0.4133543949952399,0.0468476832499895,0.6216345093950806,256.0,1,0.00390625,0,0,,,,,,,,,,,,0.05,0.1,0.284285974041675,0.0780719439277061,0.36096718844427,,,0.4453125,0.08984375,0.3359375
abf_fr_information_oracle|tt=information_oracle|g=0.016|eta=0.1|bi=0.909091|sf=0.954545|fe=500|seed=6001,abf_fr_information_oracle|tt=information_oracle|g=0.016|eta=0.1|bi=0.909091|sf=0.954545|fe=500,abf_fr_information_oracle,information_oracle,6001,0.016,0.1,0.9090909090909092,0.9545454545454544,500,9500,19.0,0.2009904628881914,0.3987937691965839,0.0804066635898238,0.2845881860963062,0.3744296385366972,6459,256,0.0,False,0.0,0.0,0,,,,,-0.1446484896568627,0.2136588086310551,0.3583072982879178,0.4016084731812399,0.2075297175095451,0.4765812214057647,0.19801446595257,0.3705681055574257,0.2009904628881914,0.3987937691965839,0.0457318668503988,0.600364365436941,256.0,1,0.00390625,0,0,,,,,,,,,,,,0.05,0.1,0.2845881860963062,0.0804066635898238,0.3744296385366972,,,0.421875,0.09375,0.36328125
abf_fr_information_oracle|tt=information_oracle|g=0.016|eta=0.1|bi=0.909091|sf=0.954545|fe=500|seed=6001,abf_fr_information_oracle|tt=information_oracle|g=0.016|eta=0.1|bi=0.909091|sf=0.954545|fe=500,abf_fr_information_oracle,information_oracle,6001,0.016,0.1,0.9090909090909092,0.9545454545454544,500,10000,20.0,0.1910679867022987,0.3824137260834135,0.079326650774521,0.2905183830997306,0.3813107948329039,6642,254,0.016,True,0.0078125,0.0078125,2,-8.326672684688674e-17,1.066799334185758,-3.445781714663521,1.3629465260324194,-0.1237081648898161,0.2136588086310551,0.3373669735208713,0.3854909083176472,0.1976435464490123,0.4571330610722384,0.1880748930139057,0.3558820784176678,0.1910679867022987,0.3824137260834135,0.0437371350721052,0.5763515220993904,252.06153846153848,2,0.0078125,1,2,0.0,-3.38273234018678,-3.38273234018678,-1.5278890148626072,-1.5278890148626072,0.1638594284431253,0.1638594284431253,1.168858065934493,1.168858065934493,1.3594275608187931,1.3594275608187931,0.05,0.1,0.2905183830997306,0.079326650774521,0.3813107948329039,1.066799334185758,1.3629465260324194,0.43359375,0.0625,0.34375
abf_fr_information_oracle|tt=information_oracle|g=0.016|eta=0.1|bi=0.909091|sf=0.954545|fe=500|seed=6001,abf_fr_information_oracle|tt=information_oracle|g=0.016|eta=0.1|bi=0.909091|sf=0.954545|fe=500,abf_fr_information_oracle,information_oracle,6001,0.016,0.1,0.9090909090909092,0.9545454545454544,500,10500,21.0,0.1873824924492851,0.3712020721724755,0.0679715154997536,0.2851277935648232,0.3859848413991947,6788,254,0.0,False,0.0,0.0,0,,,,,-0.119226805970328,0.2136588086310551,0.3328856146013832,0.3750400307614978,0.193335937587158,0.4440179671167552,0.184747391250474,0.3457775183847976,0.1873824924492851,0.3712020721724755,0.0428156387364597,0.5615363296510272,252.06153846153848,2,0.0078125,1,2,,,,,,,,,,,,0.05,0.1,0.2851277935648232,0.0679715154997536,0.3859848413991947,,,0.421875,0.09375,0.31640625
abf_fr_information_oracle|tt=information_oracle|g=0.016|eta=0.1|bi=0.909091|sf=0.954545|fe=500|seed=6001,abf_fr_information_oracle|tt=information_oracle|g=0.016|eta=0.1|bi=0.909091|sf=0.954545|fe=500,abf_fr_information_oracle,information_oracle,6001,0.016,0.1,0.9090909090909092,0.9545454545454544,500,11000,22.0,0.1798008814565371,0.3539238480957367,0.0786469524287808,0.2915167325714706,0.3744988947310338,6988,254,0.0,False,0.0,0.0,0,,,,,-0.1065949634619904,0.2136588086310551,0.3202537720930456,0.3596019178046654,0.1854431856181361,0.4235175067890231,0.1772717564379505,0.3303980008907134,0.1798008814565371,0.3539238480957367,0.0411944168285275,0.535358272040392,252.06153846153848,2,0.0078125,1,2,,,,,,,,,,,,0.05,0.1,0.2915167325714706,0.0786469524287808,0.3744988947310338,,,0.4140625,0.08203125,0.34375
abf_fr_information_oracle|tt=information_oracle|g=0.016|eta=0.1|bi=0.909091|sf=0.954545|fe=500|seed=6002,abf_fr_information_oracle|tt=information_oracle|g=0.016|eta=0.1|bi=0.909091|sf=0.954545|fe=500,abf_fr_information_oracle,information_oracle,6002,0.016,0.1,0.9090909090909092,0.9545454545454544,500,0,0.0,2.906603863987052,6.564657815288973,0.0461194891710618,0.2448804314041955,0.3990255452398891,0,256,0.0,False,0.0,0.0,0,,,,,0.0,0.2136588086310551,0.2136588086310551,1.8839792970692677,0.7722826132658906,3.487298309594125,5.408116675855963,9.381946420303988,2.906603863987052,6.564657815288973,0.037083496902375,0.7293641473133242,256.0,1,0.00390625,0,0,,,,,,,,,,,,0.05,0.1,0.2448804314041955,0.0461194891710618,0.3990255452398891,,,0.359375,0.18359375,0.3203125
abf_fr_information_oracle|tt=information_oracle|g=0.016|eta=0.1|bi=0.909091|sf=0.954545|fe=500|seed=6002,abf_fr_information_oracle|tt=information_oracle|g=0.016|eta=0.1|bi=0.909091|sf=0.954545|fe=500,abf_fr_information_oracle,information_oracle,6002,0.016,0.1,0.9090909090909092,0.9545454545454544,500,500,1.0,0.5047712069708988,1.3391897001524269,0.1000480999945386,0.2903263079286051,0.3541559781883503,472,256,0.0,False,0.0,0.0,0,,,,,0.2612553038790324,0.2136588086310551,0.0475964952479772,1.4108505664264708,0.5829479483153295,1.4634852951146822,0.5012281257565735,1.2308070858429163,0.5047712069708988,1.3391897001524269,0.0588411003117542,0.9083372718862316,256.0,1,0.00390625,0,0,,,,,,,,,,,,0.05,0.1,0.2903263079286051,0.1000480999945386,0.3541559781883503,,,0.39453125,0.140625,0.36328125
abf_fr_information_oracle|tt=information_oracle|g=0.016|eta=0.1|bi=0.909091|sf=0.954545|fe=500|seed=6002,abf_fr_information_oracle|tt=information_oracle|g=0.016|eta=0.1|bi=0.909091|sf=0.954545|fe=500,abf_fr_information_oracle,information_oracle,6002,0.016,0.1,0.9090909090909092,0.9545454545454544,500,1000,2.0,0.4220115641340007,1.156406276337924,0.0949884010413998,0.2992839859958868,0.3530003768518749,1050,256,0.0,False,0.0,0.0,0,,,,,0.2255463459416873,0.2136588086310551,0.0118875373106321,1.2037574635727992,0.4942045038416778,1.3123993914766403,0.4026381205134361,1.0617519345510051,0.4220115641340007,1.156406276337924,0.0680382103982946,1.0226457778282203,256.0,1,0.00390625,0,0,,,,,,,,,,,,0.05,0.1,0.2992839859958868,0.0949884010413998,0.3530003768518749,,,0.4296875,0.1171875,0.390625
abf_fr_information_oracle|tt=information_oracle|g=0.016|eta=0.1|bi=0.909091|sf=0.954545|fe=500|seed=6002,abf_fr_information_oracle|tt=information_oracle|g=0.016|eta=0.1|bi=0.909091|sf=0.954545|fe=500,abf_fr_information_oracle,information_oracle,6002,0.016,0.1,0.9090909090909092,0.9545454545454544,500,1500,3.0,0.3705494473015952,1.0235173721645414,0.0954607249651333,0.2884622169844891,0.3643135467602738,1406,256,0.0,False,0.0,0.0,0,,,,,0.1767977353989884,0.2136588086310551,0.0368610732320666,1.0618149540607067,0.4359457425908495,1.1934132473500272,0.3434581773248295,0.939250076463242,0.3705494473015952,1.0235173721645414,0.0707399275698505,1.0490061921368374,256.0,1,0.00390625,0,0,,,,,,,,,,,,0.05,0.1,0.2884622169844891,0.0954607249651333,0.3643135467602738,,,0.42578125,0.09765625,0.41796875
abf_fr_information_oracle|tt=information_oracle|g=0.016|eta=0.1|bi=0.909091|sf=0.954545|fe=500|seed=6002,abf_fr_information_oracle|tt=information_oracle|g=0.016|eta=0.1|bi=0.909091|sf=0.954545|fe=500,abf_fr_information_oracle,information_oracle,6002,0.016,0.1,0.9090909090909092,0.9545454545454544,500,2000,4.0,0.3300904544307229,0.9195083337779216,0.0912646380264468,0.2991350402166973,0.3719678512857239,1791,256,0.0,False,0.0,0.0,0,,,,,0.2063619394446441,0.2136588086310551,0.007296869186411,0.946847918473305,0.3877527888830397,1.0827542329292263,0.3034904263318351,0.8439507069351035,0.3300904544307229,0.9195083337779216,0.0716227049141113,1.0487091355259226,256.0,1,0.00390625,0,0,,,,,,,,,,,,0.05,0.1,0.2991350402166973,0.0912646380264468,0.3719678512857239,,,0.43359375,0.09765625,0.41015625
abf_fr_information_oracle|tt=information_oracle|g=0.016|eta=0.1|bi=0.909091|sf=0.954545|fe=500|seed=6002,abf_fr_information_oracle|tt=information_oracle|g=0.016|eta=0.1|bi=0.909091|sf=0.954545|fe=500,abf_fr_information_oracle,information_oracle,6002,0.016,0.1,0.9090909090909092,0.9545454545454544,500,2500,5.0,0.3095833605985583,0.8675725613611733,0.0951722706711045,0.3022542163489451,0.3492988599025275,2102,256,0.0,False,0.0,0.0,0,,,,,0.2152850266477948,0.2136588086310551,0.0016262180167396,0.8852279721304398,0.3630580545326852,1.0260321413439617,0.2837034722355807,0.7959894377699563,0.3095833605985583,0.8675725613611733,0.0716732810844676,1.0348890443812726,256.0,1,0.00390625,0,0,,,,,,,,,,,,0.05,0.1,0.3022542163489451,0.0951722706711045,0.3492988599025275,,,0.45703125,0.0859375,0.3984375
abf_fr_information_oracle|tt=information_oracle|g=0.016|eta=0.1|bi=0.909091|sf=0.954545|fe=500|seed=6002,abf_fr_information_oracle|tt=information_oracle|g=0.016|eta=0.1|bi=0.909091|sf=0.954545|fe=500,abf_fr_information_oracle,information_oracle,6002,0.016,0.1,0.9090909090909092,0.9545454545454544,500,3000,6.0,0.2804425706916674,0.7889798155512567,0.0965647586109952,0.2927105151653706,0.3764172942521084,2350,256,0.0,False,0.0,0.0,0,,,,,0.2064521852438865,0.2136588086310551,0.0072066233871685,0.8023215177938283,0.3287274975401459,0.9363956141736248,0.2564154326221805,0.724442487099509,0.2804425706916674,0.7889798155512567,0.0688953538787431,0.9874622540665569,256.0,1,0.00390625,0,0,,,,,,,,,,,,0.05,0.1,0.2927105151653706,0.0965647586109952,0.3764172942521084,,,0.4140625,0.08203125,0.41015625
abf_fr_information_oracle|tt=information_oracle|g=0.016|eta=0.1|bi=0.909091|sf=0.954545|fe=500|seed=6002,abf_fr_information_oracle|tt=information_oracle|g=0.016|eta=0.1|bi=0.909091|sf=0.954545|fe=500,abf_fr_information_oracle,information_oracle,6002,0.016,0.1,0.9090909090909092,0.9545454545454544,500,3500,7.0,0.2617644534727274,0.7383311831170838,0.0724904108950408,0.2870165493629527,0.379990195928932,2565,256,0.0,False,0.0,0.0,0,,,,,0.2315472145956114,0.2136588086310551,0.0178884059645563,0.7451402476648212,0.3060336137854914,0.8799367587605988,0.23914774776703,0.678069710674022,0.2617644534727274,0.7383311831170838,0.067545491855598,0.9583107000703176,256.0,1,0.00390625,0,0,,,,,,,,,,,,0.05,0.1,0.2870165493629527,0.0724904108950408,0.379990195928932,,,0.44140625,0.078125,0.41015625
abf_fr_information_oracle|tt=information_oracle|g=0.016|eta=0.1|bi=0.909091|sf=0.954545|fe=500|seed=6002,abf_fr_information_oracle|tt=information_oracle|g=0.016|eta=0.1|bi=0.909091|sf=0.954545|fe=500,abf_fr_information_oracle,information_oracle,6002,0.016,0.1,0.9090909090909092,0.9545454545454544,500,4000,8.0,0.2440075457368611,0.6905139433193634,0.0758197326486666,0.2938682866181228,0.3827709440156549,2786,256,0.0,False,0.0,0.0,0,,,,,0.2337936297209566,0.2136588086310551,0.0201348210899015,0.695104915490279,0.2851473328384328,0.8240216839904168,0.222811224079993,0.6344552512514985,0.2440075457368611,0.6905139433193634,0.065306236203031,0.9206213839573084,256.0,1,0.00390625,0,0,,,,,,,,,,,,0.05,0.1,0.2938682866181228,0.0758197326486666,0.3827709440156549,,,0.41796875,0.0859375,0.3984375
abf_fr_information_oracle|tt=information_oracle|g=0.016|eta=0.1|bi=0.909091|sf=0.954545|fe=500|seed=6002,abf_fr_information_oracle|tt=information_oracle|g=0.016|eta=0.1|bi=0.909091|sf=0.954545|fe=500,abf_fr_information_oracle,information_oracle,6002,0.016,0.1,0.9090909090909092,0.9545454545454544,500,4500,9.0,0.2302839986787377,0.6524227467068177,0.0889563442404607,0.2978671096779801,0.3833437629502845,3073,256,0.0,False,0.0,0.0,0,,,,,0.2547322243310397,0.2136588086310551,0.0410734156999845,0.6536364145697539,0.2683756017558112,0.7793260265205985,0.2104646954608258,0.599660070583877,0.2302839986787377,0.6524227467068177,0.0642417121695683,0.8988090912701946,256.0,1,0.00390625,0,0,,,,,,,,,,,,0.05,0.1,0.2978671096779801,0.0889563442404607,0.3833437629502845,,,0.3984375,0.05859375,0.41796875
abf_fr_information_oracle|tt=information_oracle|g=0.016|eta=0.1|bi=0.909091|sf=0.954545|fe=500|seed=6002,abf_fr_information_oracle|tt=information_oracle|g=0.016|eta=0.1|bi=0.909091|sf=0.954545|fe=500,abf_fr_information_oracle,information_oracle,6002,0.016,0.1,0.9090909090909092,0.9545454545454544,500,5000,10.0,0.221848364783444,0.6306280434144066,0.0894653180204822,0.3003169653576187,0.3632244215547195,3225,256,0.0,False,0.0,0.0,0,,,,,0.2515437618345295,0.2136588086310551,0.0378849532034744,0.6307809427031421,0.2585569251979626,0.7542867756726843,0.202697182226703,0.5798295661837056,0.221848364783444,0.6306280434144066,0.0627538402281927,0.8772485379567103,256.0,1,0.00390625,0,0,,,,,,,,,,,,0.05,0.1,0.3003169653576187,0.0894653180204822,0.3632244215547195,,,0.421875,0.05859375,0.40234375
abf_fr_information_oracle|tt=information_oracle|g=0.016|eta=0.1|bi=0.909091|sf=0.954545|fe=500|seed=6002,abf_fr_information_oracle|tt=information_oracle|g=0.016|eta=0.1|bi=0.909091|sf=0.954545|fe=500,abf_fr_information_oracle,information_oracle,6002,0.016,0.1,0.9090909090909092,0.9545454545454544,500,5500,11.0,0.2131995711510931,0.6065026931648627,0.0785540475935445,0.3013936678397035,0.3734692014503304,3433,256,0.0,False,0.0,0.0,0,,,,,0.2567903997675245,0.2136588086310551,0.0431315911364693,0.6044690810312066,0.2480559897302139,0.7263058263539274,0.1948860273551757,0.5577507030363318,0.2131995711510931,0.6065026931648627,0.0614924565624073,0.8570847619298144,256.0,1,0.00390625,0,0,,,,,,,,,,,,0.05,0.1,0.3013936678397035,0.0785540475935445,0.3734692014503304,,,0.421875,0.0625,0.39453125
abf_fr_information_oracle|tt=information_oracle|g=0.016|eta=0.1|bi=0.909091|sf=0.954545|fe=500|seed=6002,abf_fr_information_oracle|tt=information_oracle|g=0.016|eta=0.1|bi=0.909091|sf=0.954545|fe=500,abf_fr_information_oracle,information_oracle,6002,0.016,0.1,0.9090909090909092,0.9545454545454544,500,6000,12.0,0.2064848627817898,0.5881739208837925,0.0822984195546068,0.2982395554158078,0.3726189266608867,3577,256,0.0,False,0.0,0.0,0,,,,,0.2492932126421223,0.2136588086310551,0.0356344040110672,0.5852356455384233,0.2401984054843011,0.705176653354225,0.1887149377614803,0.5409570412561979,0.2064848627817898,0.5881739208837925,0.0607002586366995,0.8432055695363011,256.0,1,0.00390625,0,0,,,,,,,,,,,,0.05,0.1,0.2982395554158078,0.0822984195546068,0.3726189266608867,,,0.390625,0.07421875,0.40625
abf_fr_information_oracle|tt=information_oracle|g=0.016|eta=0.1|bi=0.909091|sf=0.954545|fe=500|seed=6002,abf_fr_information_oracle|tt=information_oracle|g=0.016|eta=0.1|bi=0.909091|sf=0.954545|fe=500,abf_fr_information_oracle,information_oracle,6002,0.016,0.1,0.9090909090909092,0.9545454545454544,500,6500,13.0,0.1974745456832112,0.5651482977127729,0.0794903707458144,0.2970360284002051,0.3867898854997746,3794,256,0.0,False,0.0,0.0,0,,,,,0.2430532082431646,0.2136588086310551,0.0293943996121095,0.5612260880115917,0.2299319377556036,0.6778187769202664,0.1803861593203894,0.5200735945523405,0.1974745456832112,0.5651482977127729,0.0598268864724463,0.8258749340851315,256.0,1,0.00390625,0,0,,,,,,,,,,,,0.05,0.1,0.2970360284002051,0.0794903707458144,0.3867898854997746,,,0.40625,0.0546875,0.40234375
abf_fr_information_oracle|tt=information_oracle|g=0.016|eta=0.1|bi=0.909091|sf=0.954545|fe=500|seed=6002,abf_fr_information_oracle|tt=information_oracle|g=0.016|eta=0.1|bi=0.909091|sf=0.954545|fe=500,abf_fr_information_oracle,information_oracle,6002,0.016,0.1,0.9090909090909092,0.9545454545454544,500,7000,14.0,0.1879029808991215,0.5380971506761829,0.0856946405137741,0.2980213508099364,0.363039142477868,3956,256,0.0,False,0.0,0.0,0,,,,,0.246627995552874,0.2136588086310551,0.0329691869218189,0.5343165204117796,0.2187448337109127,0.645646569037834,0.1717994406474377,0.4955426744084475,0.1879029808991215,0.5380971506761829,0.0577533003048689,0.7959668901026986,256.0,1,0.00390625,0,0,,,,,,,,,,,,0.05,0.1,0.2980213508099364,0.0856946405137741,0.363039142477868,,,0.39453125,0.07421875,0.34375
abf_fr_information_oracle|tt=information_oracle|g=0.016|eta=0.1|bi=0.909091|sf=0.954545|fe=500|seed=6002,abf_fr_information_oracle|tt=information_oracle|g=0.016|eta=0.1|bi=0.909091|sf=0.954545|fe=500,abf_fr_information_oracle,information_oracle,6002,0.016,0.1,0.9090909090909092,0.9545454545454544,500,7500,15.0,0.1800534845237456,0.5146646831354013,0.0764484043071386,0.2886660288053401,0.4029468233548317,4141,256,0.0,False,0.0,0.0,0,,,,,0.2440858946929935,0.2136588086310551,0.0304270860619384,0.5118595311692735,0.2095961729965316,0.6177076206326523,0.1647253069287924,0.4743492729693357,0.1800534845237456,0.5146646831354013,0.0564632529697637,0.771494484873713,256.0,1,0.00390625,0,0,,,,,,,,,,,,0.05,0.1,0.2886660288053401,0.0764484043071386,0.4029468233548317,,,0.41015625,0.06640625,0.33984375
abf_fr_information_oracle|tt=information_oracle|g=0.016|eta=0.1|bi=0.909091|sf=0.954545|fe=500|seed=6002,abf_fr_information_oracle|tt=information_oracle|g=0.016|eta=0.1|bi=0.909091|sf=0.954545|fe=500,abf_fr_information_oracle,information_oracle,6002,0.016,0.1,0.9090909090909092,0.9545454545454544,500,8000,16.0,0.1739609930956867,0.4948661012923165,0.0785585121617125,0.2956053600066418,0.4025411797066193,4330,256,0.0,False,0.0,0.0,0,,,,,0.2528205225874664,0.2136588086310551,0.0391617139564113,0.4922921596905317,0.2019676788810616,0.5942385028746334,0.159463184615713,0.4563975276720738,0.1739609930956867,0.4948661012923165,0.0546811816467981,0.7463793025963354,256.0,1,0.00390625,0,0,,,,,,,,,,,,0.05,0.1,0.2956053600066418,0.0785585121617125,0.4025411797066193,,,0.40234375,0.0703125,0.3671875
abf_fr_information_oracle|tt=information_oracle|g=0.016|eta=0.1|bi=0.909091|sf=0.954545|fe=500|seed=6002,abf_fr_information_oracle|tt=information_oracle|g=0.016|eta=0.1|bi=0.909091|sf=0.954545|fe=500,abf_fr_information_oracle,information_oracle,6002,0.016,0.1,0.9090909090909092,0.9545454545454544,500,8500,17.0,0.1681173729319587,0.4741425026404588,0.0740918766639298,0.2918633929744487,0.3822125056770484,4552,256,0.0,False,0.0,0.0,0,,,,,0.270680776739713,0.2136588086310551,0.0570219681086578,0.4725836595622039,0.1944653776508642,0.5695663741860683,0.1545901679136167,0.4377086292775238,0.1681173729319587,0.4741425026404588,0.0533202533447183,0.7217320734299448,256.0,1,0.00390625,0,0,,,,,,,,,,,,0.05,0.1,0.2918633929744487,0.0740918766639298,0.3822125056770484,,,0.4140625,0.0625,0.3359375
abf_fr_information_oracle|tt=information_oracle|g=0.016|eta=0.1|bi=0.909091|sf=0.954545|fe=500|seed=6002,abf_fr_information_oracle|tt=information_oracle|g=0.016|eta=0.1|bi=0.909091|sf=0.954545|fe=500,abf_fr_information_oracle,information_oracle,6002,0.016,0.1,0.9090909090909092,0.9545454545454544,500,9000,18.0,0.160190031736143,0.450243628571801,0.0867509992227152,0.3052801107501648,0.3895605124604564,4689,256,0.0,False,0.0,0.0,0,,,,,0.2719136376589901,0.2136588086310551,0.0582548290279349,0.4487113486995327,0.1851622059010789,0.54092182480138,0.14743947366194,0.4162019470214358,0.160190031736143,0.450243628571801,0.0516565681909997,0.693521611001339,256.0,1,0.00390625,0,0,,,,,,,,,,,,0.05,0.1,0.3052801107501648,0.0867509992227152,0.3895605124604564,,,0.40234375,0.046875,0.38671875
abf_fr_information_oracle|tt=information_oracle|g=0.016|eta=0.1|bi=0.909091|sf=0.954545|fe=500|seed=6002,abf_fr_information_oracle|tt=information_oracle|g=0.016|eta=0.1|bi=0.909091|sf=0.954545|fe=500,abf_fr_information_oracle,information_oracle,6002,0.016,0.1,0.9090909090909092,0.9545454545454544,500,9500,19.0,0.1547088016465649,0.4346802608639232,0.0720485319828927,0.2960598789285845,0.3962327667571458,4896,256,0.0,False,0.0,0.0,0,,,,,0.2743272774929473,0.2136588086310551,0.0606684688618921,0.4327541698782843,0.1786946509201172,0.5222378226260425,0.1424436694327123,0.4021883556280483,0.1547088016465649,0.4346802608639232,0.0504794274573578,0.6749769945560664,256.0,1,0.00390625,0,0,,,,,,,,,,,,0.05,0.1,0.2960598789285845,0.0720485319828927,0.3962327667571458,,,0.40234375,0.07421875,0.359375
abf_fr_information_oracle|tt=information_oracle|g=0.016|eta=0.1|bi=0.909091|sf=0.954545|fe=500|seed=6002,abf_fr_information_oracle|tt=information_oracle|g=0.016|eta=0.1|bi=0.909091|sf=0.954545|fe=500,abf_fr_information_oracle,information_oracle,6002,0.016,0.1,0.9090909090909092,0.9545454545454544,500,10000,20.0,0.1501032357130873,0.4192358773108449,0.0822089166271661,0.2932237942679526,0.3866919385557406,5027,254,0.016,True,0.0078125,0.0078125,2,-5.204170427930421e-18,0.9579786873525103,-3.483238012993314,1.303749203798553,0.2804964204005742,0.2136588086310551,0.066837611769519,0.4178718084822553,0.1729266127623726,0.5037441124612221,0.1384637476568705,0.3882622334701615,0.1501032357130873,0.4192358773108449,0.0490845436928927,0.6540264589608978,252.06153846153848,2,0.0078125,1,2,0.0,-3.1909820640921613,-3.1909820640921613,-1.0175041698954717,-1.0175041698954717,0.2190251251093734,0.2190251251093734,1.0438461252780686,1.0438461252780686,1.2962841948716994,1.2962841948716994,0.05,0.1,0.2932237942679526,0.0822089166271661,0.3866919385557406,0.9579786873525103,1.303749203798553,0.40625,0.04296875,0.40625
abf_fr_information_oracle|tt=information_oracle|g=0.016|eta=0.1|bi=0.909091|sf=0.954545|fe=500|seed=6002,abf_fr_information_oracle|tt=information_oracle|g=0.016|eta=0.1|bi=0.909091|sf=0.954545|fe=500,abf_fr_information_oracle,information_oracle,6002,0.016,0.1,0.9090909090909092,0.9545454545454544,500,10500,21.0,0.1437394926447907,0.3998644407725784,0.0712240227217542,0.2822294519093563,0.3943716141163239,5177,254,0.0,False,0.0,0.0,0,,,,,0.2761179527247428,0.2136588086310551,0.0624591440936876,0.3994098449484922,0.1655244384757256,0.480495734773848,0.1327000374828457,0.3708315869065301,0.1437394926447907,0.3998644407725784,0.0475804430709788,0.6265408003841504,252.06153846153848,2,0.0078125,1,2,,,,,,,,,,,,0.05,0.1,0.2822294519093563,0.0712240227217542,0.3943716141163239,,,0.359375,0.0703125,0.39453125
abf_fr_information_oracle|tt=information_oracle|g=0.016|eta=0.1|bi=0.909091|sf=0.954545|fe=500|seed=6002,abf_fr_information_oracle|tt=information_oracle|g=0.016|eta=0.1|bi=0.909091|sf=0.954545|fe=500,abf_fr_information_oracle,information_oracle,6002,0.016,0.1,0.9090909090909092,0.9545454545454544,500,11000,22.0,0.135334303054137,0.3782551106975166,0.0803939978837865,0.2914531427940938,0.3897986842228018,5353,254,0.0,False,0.0,0.0,0,,,,,0.2633709263599115,0.2136588086310551,0.0497121177288564,0.3798931950759537,0.1563560160080926,0.4545023340268017,0.1247180642412973,0.3515697947625397,0.135334303054137,0.3782551106975166,0.0450494705631665,0.5949998687046513,252.06153846153848,2,0.0078125,1,2,,,,,,,,,,,,0.05,0.1,0.2914531427940938,0.0803939978837865,0.3897986842228018,,,0.38671875,0.0703125,0.40234375
abf_fr_information_oracle|tt=information_oracle|g=0.016|eta=0.1|bi=0.909091|sf=0.954545|fe=500|seed=6003,abf_fr_information_oracle|tt=information_oracle|g=0.016|eta=0.1|bi=0.909091|sf=0.954545|fe=500,abf_fr_information_oracle,information_oracle,6003,0.016,0.1,0.9090909090909092,0.9545454545454544,500,0,0.0,2.906603863987052,6.564657815288973,0.0456026583803901,0.2346433902552918,0.399661267384418,0,256,0.0,False,0.0,0.0,0,,,,,0.0,0.2136588086310551,0.2136588086310551,1.8839792970692677,0.7722826132658906,3.487298309594125,5.408116675855963,9.381946420303988,2.906603863987052,6.564657815288973,0.037083496902375,0.7293641473133242,256.0,1,0.00390625,0,0,,,,,,,,,,,,0.05,0.1,0.2346433902552918,0.0456026583803901,0.399661267384418,,,0.32421875,0.1640625,0.35546875
abf_fr_information_oracle|tt=information_oracle|g=0.016|eta=0.1|bi=0.909091|sf=0.954545|fe=500|seed=6003,abf_fr_information_oracle|tt=information_oracle|g=0.016|eta=0.1|bi=0.909091|sf=0.954545|fe=500,abf_fr_information_oracle,information_oracle,6003,0.016,0.1,0.9090909090909092,0.9545454545454544,500,500,1.0,0.5122389733948105,1.3818867771047263,0.0929649900552988,0.2825765277280027,0.366791331388698,609,256,0.0,False,0.0,0.0,0,,,,,0.3231443747435349,0.2136588086310551,0.1094855661124798,1.4419148880502115,0.588656906278029,1.4927838588483633,0.5182535209401739,1.275410638657361,0.5122389733948105,1.3818867771047263,0.0598832209453007,0.9826809911939058,256.0,1,0.00390625,0,0,,,,,,,,,,,,0.05,0.1,0.2825765277280027,0.0929649900552988,0.366791331388698,,,0.37109375,0.16796875,0.3828125
abf_fr_information_oracle|tt=information_oracle|g=0.016|eta=0.1|bi=0.909091|sf=0.954545|fe=500|seed=6003,abf_fr_information_oracle|tt=information_oracle|g=0.016|eta=0.1|bi=0.909091|sf=0.954545|fe=500,abf_fr_information_oracle,information_oracle,6003,0.016,0.1,0.9090909090909092,0.9545454545454544,500,1000,2.0,0.4426836268807634,1.2212203429298358,0.1081478328334351,0.2828056124063331,0.3672547683409099,1097,256,0.0,False,0.0,0.0,0,,,,,0.2770810800186751,0.2136588086310551,0.06342227138762,1.267445440753648,0.5189344023534626,1.3851256691177738,0.423973421585422,1.122271539390565,0.4426836268807634,1.2212203429298358,0.0696443521954221,1.069733261316267,256.0,1,0.00390625,0,0,,,,,,,,,,,,0.05,0.1,0.2828056124063331,0.1081478328334351,0.3672547683409099,,,0.390625,0.14453125,0.40625
abf_fr_information_oracle|tt=information_oracle|g=0.016|eta=0.1|bi=0.909091|sf=0.954545|fe=500|seed=6003,abf_fr_information_oracle|tt=information_oracle|g=0.016|eta=0.1|bi=0.909091|sf=0.954545|fe=500,abf_fr_information_oracle,information_oracle,6003,0.016,0.1,0.9090909090909092,0.9545454545454544,500,1500,3.0,0.4024301825259412,1.125215557821572,0.101050468060995,0.2864434899489435,0.358935296657109,1598,256,0.0,False,0.0,0.0,0,,,,,0.2618510321274137,0.2136588086310551,0.0481922234963585,1.1546021947165188,0.473157932591855,1.300226062268344,0.3783308043505597,1.034108896174799,0.4024301825259412,1.125215557821572,0.0711237847378269,1.0830905046815067,256.0,1,0.00390625,0,0,,,,,,,,,,,,0.05,0.1,0.2864434899489435,0.101050468060995,0.358935296657109,,,0.40625,0.11328125,0.4375
abf_fr_information_oracle|tt=information_oracle|g=0.016|eta=0.1|bi=0.909091|sf=0.954545|fe=500|seed=6003,abf_fr_information_oracle|tt=information_oracle|g=0.016|eta=0.1|bi=0.909091|sf=0.954545|fe=500,abf_fr_information_oracle,information_oracle,6003,0.016,0.1,0.9090909090909092,0.9545454545454544,500,2000,4.0,0.3674231905620629,1.0318966037283837,0.109184048676505,0.3038124564054514,0.3483199530508338,1942,256,0.0,False,0.0,0.0,0,,,,,0.1841465894644152,0.2136588086310551,0.0295122191666399,1.054779817057255,0.4315941493534064,1.2066980528245062,0.3415349344053111,0.9483051857930168,0.3674231905620629,1.0318966037283837,0.0720446745915041,1.0780590238297771,256.0,1,0.00390625,0,0,,,,,,,,,,,,0.05,0.1,0.3038124564054514,0.109184048676505,0.3483199530508338,,,0.40625,0.09375,0.453125
abf_fr_information_oracle|tt=information_oracle|g=0.016|eta=0.1|bi=0.909091|sf=0.954545|fe=500|seed=6003,abf_fr_information_oracle|tt=information_oracle|g=0.016|eta=0.1|bi=0.909091|sf=0.954545|fe=500,abf_fr_information_oracle,information_oracle,6003,0.016,0.1,0.9090909090909092,0.9545454545454544,500,2500,5.0,0.3424951443483963,0.9568813764930012,0.1057777694177433,0.3096827034193962,0.3600504424866137,2254,256,0.0,False,0.0,0.0,0,,,,,0.1660491053176649,0.2136588086310551,0.0476097033133902,0.9803717986108044,0.4015923245730566,1.1293690662906368,0.3152544615829269,0.8790078802174877,0.3424951443483963,0.9568813764930012,0.0718840649388211,1.0618398184344973,256.0,1,0.00390625,0,0,,,,,,,,,,,,0.05,0.1,0.3096827034193962,0.1057777694177433,0.3600504424866137,,,0.4140625,0.06640625,0.44140625
abf_fr_information_oracle|tt=information_oracle|g=0.016|eta=0.1|bi=0.909091|sf=0.954545|fe=500|seed=6003,abf_fr_information_oracle|tt=information_oracle|g=0.016|eta=0.1|bi=0.909091|sf=0.954545|fe=500,abf_fr_information_oracle,information_oracle,6003,0.016,0.1,0.9090909090909092,0.9545454545454544,500,3000,6.0,0.3219253963500025,0.9020126515456388,0.1012967631752531,0.3049337447258195,0.3563980007348222,2546,256,0.0,False,0.0,0.0,0,,,,,0.1699063295304164,0.2136588086310551,0.0437524791006387,0.9189236502013676,0.3767849596105053,1.0707954013336616,0.2951260713577331,0.8286725549664538,0.3219253963500025,0.9020126515456388,0.0711661315397901,1.043885563477538,256.0,1,0.00390625,0,0,,,,,,,,,,,,0.05,0.1,0.3049337447258195,0.1012967631752531,0.3563980007348222,,,0.41015625,0.08203125,0.44140625
abf_fr_information_oracle|tt=information_oracle|g=0.016|eta=0.1|bi=0.909091|sf=0.954545|fe=500|seed=6003,abf_fr_information_oracle|tt=information_oracle|g=0.016|eta=0.1|bi=0.909091|sf=0.954545|fe=500,abf_fr_information_oracle,information_oracle,6003,0.016,0.1,0.9090909090909092,0.9545454545454544,500,3500,7.0,0.3038642153348344,0.8530289683684698,0.1040466267341917,0.3040090771407479,0.3670176140623296,2770,256,0.0,False,0.0,0.0,0,,,,,0.1420278531632739,0.2136588086310551,0.0716309554677812,0.8639401235941435,0.3547730550687756,1.0155500650269331,0.2785299206029917,0.7837236079404205,0.3038642153348344,0.8530289683684698,0.0711549755546716,1.0323341787882732,256.0,1,0.00390625,0,0,,,,,,,,,,,,0.05,0.1,0.3040090771407479,0.1040466267341917,0.3670176140623296,,,0.40625,0.08203125,0.4375
abf_fr_information_oracle|tt=information_oracle|g=0.016|eta=0.1|bi=0.909091|sf=0.954545|fe=500|seed=6003,abf_fr_information_oracle|tt=information_oracle|g=0.016|eta=0.1|bi=0.909091|sf=0.954545|fe=500,abf_fr_information_oracle,information_oracle,6003,0.016,0.1,0.9090909090909092,0.9545454545454544,500,4000,8.0,0.2833102634293674,0.7933163534542594,0.0947556692981554,0.2980021368697486,0.3886669261049301,3025,256,0.0,False,0.0,0.0,0,,,,,0.1325924405950189,0.2136588086310551,0.0810663680360361,0.803027875553042,0.3300808635812221,0.9459578884487352,0.2598516550460162,0.7288977775125133,0.2833102634293674,0.7933163534542594,0.0694442638087462,0.999615965876022,256.0,1,0.00390625,0,0,,,,,,,,,,,,0.05,0.1,0.2980021368697486,0.0947556692981554,0.3886669261049301,,,0.39453125,0.08203125,0.41796875
abf_fr_information_oracle|tt=information_oracle|g=0.016|eta=0.1|bi=0.909091|sf=0.954545|fe=500|seed=6003,abf_fr_information_oracle|tt=information_oracle|g=0.016|eta=0.1|bi=0.909091|sf=0.954545|fe=500,abf_fr_information_oracle,information_oracle,6003,0.016,0.1,0.9090909090909092,0.9545454545454544,500,4500,9.0,0.2692647793909869,0.7452567091793639,0.081287456008607,0.296163306413333,0.3855005345068805,3154,256,0.0,False,0.0,0.0,0,,,,,0.0964845380494345,0.2136588086310551,0.1171742705816205,0.7555353111257337,0.31200355997593,0.8907027361183811,0.2473712050623957,0.6847704622447581,0.2692647793909869,0.7452567091793639,0.0672868978622516,0.9617657811080768,256.0,1,0.00390625,0,0,,,,,,,,,,,,0.05,0.1,0.296163306413333,0.081287456008607,0.3855005345068805,,,0.41015625,0.06640625,0.41796875
abf_fr_information_oracle|tt=information_oracle|g=0.016|eta=0.1|bi=0.909091|sf=0.954545|fe=500|seed=6003,abf_fr_information_oracle|tt=information_oracle|g=0.016|eta=0.1|bi=0.909091|sf=0.954545|fe=500,abf_fr_information_oracle,information_oracle,6003,0.016,0.1,0.9090909090909092,0.9545454545454544,500,5000,10.0,0.2576931189824238,0.7066110940009449,0.0906609754344476,0.3097033013124861,0.376185227523829,3355,256,0.0,False,0.0,0.0,0,,,,,0.0735321025420141,0.2136588086310551,0.140126706089041,0.7159486215970727,0.2971613018824519,0.8453888097720513,0.2372133755886308,0.6492854364582719,0.2576931189824238,0.7066110940009449,0.0661848115808261,0.9403828531404196,256.0,1,0.00390625,0,0,,,,,,,,,,,,0.05,0.1,0.3097033013124861,0.0906609754344476,0.376185227523829,,,0.41015625,0.0546875,0.41796875
abf_fr_information_oracle|tt=information_oracle|g=0.016|eta=0.1|bi=0.909091|sf=0.954545|fe=500|seed=6003,abf_fr_information_oracle|tt=information_oracle|g=0.016|eta=0.1|bi=0.909091|sf=0.954545|fe=500,abf_fr_information_oracle,information_oracle,6003,0.016,0.1,0.9090909090909092,0.9545454545454544,500,5500,11.0,0.2410044138022577,0.662540449438532,0.081505455433864,0.2914450345087648,0.3741701456818262,3527,256,0.0,False,0.0,0.0,0,,,,,0.0805995282586664,0.2136588086310551,0.1330592803723886,0.6690540950518392,0.277994360540006,0.7929890583868647,0.2219103458281901,0.6091051192948693,0.2410044138022577,0.662540449438532,0.0645864203683572,0.9075511776882192,256.0,1,0.00390625,0,0,,,,,,,,,,,,0.05,0.1,0.2914450345087648,0.081505455433864,0.3741701456818262,,,0.421875,0.07421875,0.39453125
abf_fr_information_oracle|tt=information_oracle|g=0.016|eta=0.1|bi=0.909091|sf=0.954545|fe=500|seed=6003,abf_fr_information_oracle|tt=information_oracle|g=0.016|eta=0.1|bi=0.909091|sf=0.954545|fe=500,abf_fr_information_oracle,information_oracle,6003,0.016,0.1,0.9090909090909092,0.9545454545454544,500,6000,12.0,0.2251435125551811,0.6256984725570343,0.0797295867508226,0.291938104291618,0.3758958476844999,3717,256,0.0,False,0.0,0.0,0,,,,,0.1097846125477346,0.2136588086310551,0.1038741960833204,0.6301887892705672,0.2606844084125927,0.7495492860760454,0.2068024626619052,0.5756029552432232,0.2251435125551811,0.6256984725570343,0.0629793535797464,0.8789342047231653,256.0,1,0.00390625,0,0,,,,,,,,,,,,0.05,0.1,0.291938104291618,0.0797295867508226,0.3758958476844999,,,0.40625,0.05859375,0.4140625
abf_fr_information_oracle|tt=information_oracle|g=0.016|eta=0.1|bi=0.909091|sf=0.954545|fe=500|seed=6003,abf_fr_information_oracle|tt=information_oracle|g=0.016|eta=0.1|bi=0.909091|sf=0.954545|fe=500,abf_fr_information_oracle,information_oracle,6003,0.016,0.1,0.9090909090909092,0.9545454545454544,500,6500,13.0,0.2094864212674241,0.5831839984367408,0.0720332270979175,0.2802174795661526,0.3822396877533293,3879,256,0.0,False,0.0,0.0,0,,,,,0.122451928298517,0.2136588086310551,0.0912068803325381,0.5880809370046796,0.2428058895864249,0.6986114017617713,0.1924234398134008,0.5371049393065641,0.2094864212674241,0.5831839984367408,0.059974656393636,0.8304094955029626,256.0,1,0.00390625,0,0,,,,,,,,,,,,0.05,0.1,0.2802174795661526,0.0720332270979175,0.3822396877533293,,,0.43359375,0.07421875,0.37890625
abf_fr_information_oracle|tt=information_oracle|g=0.016|eta=0.1|bi=0.909091|sf=0.954545|fe=500|seed=6003,abf_fr_information_oracle|tt=information_oracle|g=0.016|eta=0.1|bi=0.909091|sf=0.954545|fe=500,abf_fr_information_oracle,information_oracle,6003,0.016,0.1,0.9090909090909092,0.9545454545454544,500,7000,14.0,0.2001260423849457,0.5574469589277025,0.0790949611575124,0.2946163183045844,0.3895343274188813,4097,256,0.0,False,0.0,0.0,0,,,,,0.1230453852239925,0.2136588086310551,0.0906134234070625,0.5606777477145921,0.2317687056634861,0.6679056193653687,0.1839452908988678,0.5136686741939024,0.2001260423849457,0.5574469589277025,0.0580315188259771,0.8047625647241252,256.0,1,0.00390625,0,0,,,,,,,,,,,,0.05,0.1,0.2946163183045844,0.0790949611575124,0.3895343274188813,,,0.4140625,0.06640625,0.3515625
abf_fr_information_oracle|tt=information_oracle|g=0.016|eta=0.1|bi=0.909091|sf=0.954545|fe=500|seed=6003,abf_fr_information_oracle|tt=information_oracle|g=0.016|eta=0.1|bi=0.909091|sf=0.954545|fe=500,abf_fr_information_oracle,information_oracle,6003,0.016,0.1,0.9090909090909092,0.9545454545454544,500,7500,15.0,0.1925348001238631,0.5364532683964056,0.0828918227891429,0.2859767281156871,0.3600632529130833,4260,256,0.0,False,0.0,0.0,0,,,,,0.1280893879316593,0.2136588086310551,0.0855694206993957,0.5398357528811708,0.2230150930932475,0.6429216979835549,0.1769730089271729,0.4945951271976229,0.1925348001238631,0.5364532683964056,0.0568527687525243,0.7811246995706622,256.0,1,0.00390625,0,0,,,,,,,,,,,,0.05,0.1,0.2859767281156871,0.0828918227891429,0.3600632529130833,,,0.390625,0.0859375,0.37890625
abf_fr_information_oracle|tt=information_oracle|g=0.016|eta=0.1|bi=0.909091|sf=0.954545|fe=500|seed=6003,abf_fr_information_oracle|tt=information_oracle|g=0.016|eta=0.1|bi=0.909091|sf=0.954545|fe=500,abf_fr_information_oracle,information_oracle,6003,0.016,0.1,0.9090909090909092,0.9545454545454544,500,8000,16.0,0.1829729133932725,0.5105847896007436,0.0798873546476205,0.2787008863911949,0.3686801632705527,4514,256,0.0,False,0.0,0.0,0,,,,,0.1320797638575328,0.2136588086310551,0.0815790447735222,0.5141891708038617,0.2120975122018557,0.6120375653961,0.1680924567991284,0.471125674293555,0.1829729133932725,0.5105847896007436,0.0548525705742356,0.752072179012977,256.0,1,0.00390625,0,0,,,,,,,,,,,,0.05,0.1,0.2787008863911949,0.0798873546476205,0.3686801632705527,,,0.38671875,0.09375,0.359375
abf_fr_information_oracle|tt=information_oracle|g=0.016|eta=0.1|bi=0.909091|sf=0.954545|fe=500|seed=6003,abf_fr_information_oracle|tt=information_oracle|g=0.016|eta=0.1|bi=0.909091|sf=0.954545|fe=500,abf_fr_information_oracle,information_oracle,6003,0.016,0.1,0.9090909090909092,0.9545454545454544,500,8500,17.0,0.1735660204098779,0.4871238288589772,0.0706875447060954,0.2736278057687742,0.3928233343998928,4733,256,0.0,False,0.0,0.0,0,,,,,0.1445415151982203,0.2136588086310551,0.0691172934328347,0.4895735576650574,0.2017878119546508,0.5838832930966443,0.1590572097631186,0.449983760865365,0.1735660204098779,0.4871238288589772,0.0527077677534929,0.7203642229219773,256.0,1,0.00390625,0,0,,,,,,,,,,,,0.05,0.1,0.2736278057687742,0.0706875447060954,0.3928233343998928,,,0.38671875,0.1015625,0.33984375
abf_fr_information_oracle|tt=information_oracle|g=0.016|eta=0.1|bi=0.909091|sf=0.954545|fe=500|seed=6003,abf_fr_information_oracle|tt=information_oracle|g=0.016|eta=0.1|bi=0.909091|sf=0.954545|fe=500,abf_fr_information_oracle,information_oracle,6003,0.016,0.1,0.9090909090909092,0.9545454545454544,500,9000,18.0,0.1657117599007735,0.4656851756622802,0.0765351927741954,0.2927961635122261,0.3814479312644309,4905,256,0.0,False,0.0,0.0,0,,,,,0.1506846361138869,0.2136588086310551,0.0629741725171681,0.4677328088799411,0.1928201915645479,0.5582702787252846,0.1518008759575566,0.4307367309883492,0.1657117599007735,0.4656851756622802,0.0504666162043756,0.6889232819963329,256.0,1,0.00390625,0,0,,,,,,,,,,,,0.05,0.1,0.2927961635122261,0.0765351927741954,0.3814479312644309,,,0.3984375,0.07421875,0.3828125
abf_fr_information_oracle|tt=information_oracle|g=0.016|eta=0.1|bi=0.909091|sf=0.954545|fe=500|seed=6003,abf_fr_information_oracle|tt=information_oracle|g=0.016|eta=0.1|bi=0.909091|sf=0.954545|fe=500,abf_fr_information_oracle,information_oracle,6003,0.016,0.1,0.9090909090909092,0.9545454545454544,500,9500,19.0,0.1601374744257107,0.4510226958295463,0.0869904731779708,0.2937491618585424,0.3785523415025261,5156,256,0.0,False,0.0,0.0,0,,,,,0.1533409917651198,0.2136588086310551,0.0603178168659352,0.4524412605753798,0.1863558977172008,0.5408297916574377,0.1466705508593323,0.4175299466386354,0.1601374744257107,0.4510226958295463,0.0494430958881651,0.6742240052236891,256.0,1,0.00390625,0,0,,,,,,,,,,,,0.05,0.1,0.2937491618585424,0.0869904731779708,0.3785523415025261,,,0.41796875,0.07421875,0.359375
abf_fr_information_oracle|tt=information_oracle|g=0.016|eta=0.1|bi=0.909091|sf=0.954545|fe=500|seed=6003,abf_fr_information_oracle|tt=information_oracle|g=0.016|eta=0.1|bi=0.909091|sf=0.954545|fe=500,abf_fr_information_oracle,information_oracle,6003,0.016,0.1,0.9090909090909092,0.9545454545454544,500,10000,20.0,0.1559780352611448,0.4377777471570478,0.0685905831271802,0.2761146352717545,0.395453466312018,5387,253,0.016,True,0.01171875,0.01171875,3,1.734723475976807e-18,1.0430919568459052,-3.1356844241818744,1.3598677042231468,0.1435490598809607,0.2136588086310551,0.0701097487500943,0.4398786223144641,0.1810922322866011,0.5250781888688265,0.1430909492884972,0.4055590512150828,0.1559780352611448,0.4377777471570478,0.0481347696604364,0.6591911346337657,250.13740458015263,2,0.0078125,1,3,0.0,-3.1095078650083448,-3.1095078650083448,-1.8495445464679403,-1.8495445464679403,0.1646090429615936,0.1646090429615936,1.233773989916202,1.233773989916202,1.355121789328047,1.355121789328047,0.05,0.1,0.2761146352717545,0.0685905831271802,0.395453466312018,1.0430919568459052,1.3598677042231468,0.375,0.08984375,0.37890625
abf_fr_information_oracle|tt=information_oracle|g=0.016|eta=0.1|bi=0.909091|sf=0.954545|fe=500|seed=6003,abf_fr_information_oracle|tt=information_oracle|g=0.016|eta=0.1|bi=0.909091|sf=0.954545|fe=500,abf_fr_information_oracle,information_oracle,6003,0.016,0.1,0.9090909090909092,0.9545454545454544,500,10500,21.0,0.1508417349901841,0.4232532292722332,0.0879013145568247,0.2932421198282086,0.3719836011951162,5540,253,0.0,False,0.0,0.0,0,,,,,0.1448549183717276,0.2136588086310551,0.0688038902593275,0.4249009623317479,0.1750489504861707,0.5076887587735046,0.1384669740283614,0.3925886935219841,0.1508417349901841,0.4232532292722332,0.0470968253613305,0.6411762488425412,250.13740458015263,2,0.0078125,1,3,,,,,,,,,,,,0.05,0.1,0.2932421198282086,0.0879013145568247,0.3719836011951162,,,0.40234375,0.0703125,0.359375
abf_fr_information_oracle|tt=information_oracle|g=0.016|eta=0.1|bi=0.909091|sf=0.954545|fe=500|seed=6003,abf_fr_information_oracle|tt=information_oracle|g=0.016|eta=0.1|bi=0.909091|sf=0.954545|fe=500,abf_fr_information_oracle,information_oracle,6003,0.016,0.1,0.9090909090909092,0.9545454545454544,500,11000,22.0,0.1471577216468945,0.410112059961525,0.0766222731974464,0.2839293240882166,0.3925571873373004,5703,253,0.0,False,0.0,0.0,0,,,,,0.1358806356719561,0.2136588086310551,0.0777781729590989,0.4128619653610851,0.1703745427872934,0.4919889067083794,0.1353016173576428,0.3807096343135792,0.1471577216468945,0.410112059961525,0.046162670193849,0.6257722316877968,250.13740458015263,2,0.0078125,1,3,,,,,,,,,,,,0.05,0.1,0.2839293240882166,0.0766222731974464,0.3925571873373004,,,0.39453125,0.08203125,0.35546875
abf_fr_information_oracle|tt=information_oracle|g=0.016|eta=0.1|bi=0.909091|sf=0.954545|fe=500|seed=6004,abf_fr_information_oracle|tt=information_oracle|g=0.016|eta=0.1|bi=0.909091|sf=0.954545|fe=500,abf_fr_information_oracle,information_oracle,6004,0.016,0.1,0.9090909090909092,0.9545454545454544,500,0,0.0,2.906603863987052,6.564657815288973,0.0551412441179022,0.2633899507826197,0.3926384427527432,0,256,0.0,False,0.0,0.0,0,,,,,0.0,0.2136588086310551,0.2136588086310551,1.8839792970692677,0.7722826132658906,3.487298309594125,5.408116675855963,9.381946420303988,2.906603863987052,6.564657815288973,0.037083496902375,0.7293641473133242,256.0,1,0.00390625,0,0,,,,,,,,,,,,0.05,0.1,0.2633899507826197,0.0551412441179022,0.3926384427527432,,,0.38671875,0.12890625,0.3046875
abf_fr_information_oracle|tt=information_oracle|g=0.016|eta=0.1|bi=0.909091|sf=0.954545|fe=500|seed=6004,abf_fr_information_oracle|tt=information_oracle|g=0.016|eta=0.1|bi=0.909091|sf=0.954545|fe=500,abf_fr_information_oracle,information_oracle,6004,0.016,0.1,0.9090909090909092,0.9545454545454544,500,500,1.0,0.4918502944431158,1.3161412896073617,0.1037030427638045,0.291976358936204,0.3765059310205143,540,256,0.0,False,0.0,0.0,0,,,,,0.1828586252963902,0.2136588086310551,0.0308001833346649,1.3709841980438149,0.5573471116569715,1.382468299548716,0.5109542366790752,1.214712812655666,0.4918502944431158,1.3161412896073617,0.0626634448406953,0.943002305419736,256.0,1,0.00390625,0,0,,,,,,,,,,,,0.05,0.1,0.291976358936204,0.1037030427638045,0.3765059310205143,,,0.4296875,0.1328125,0.3671875
abf_fr_information_oracle|tt=information_oracle|g=0.016|eta=0.1|bi=0.909091|sf=0.954545|fe=500|seed=6004,abf_fr_information_oracle|tt=information_oracle|g=0.016|eta=0.1|bi=0.909091|sf=0.954545|fe=500,abf_fr_information_oracle,information_oracle,6004,0.016,0.1,0.9090909090909092,0.9545454545454544,500,1000,2.0,0.4362139009208134,1.1822446831843505,0.1037604901676152,0.2935742262240537,0.3751456893489059,1068,256,0.0,False,0.0,0.0,0,,,,,0.3165005552621274,0.2136588086310551,0.1028417466310722,1.2313992027818217,0.5049591589670037,1.319059090812616,0.4254154055440429,1.0884150611020666,0.4362139009208134,1.1822446831843505,0.0681442271339131,1.0182784911339202,256.0,1,0.00390625,0,0,,,,,,,,,,,,0.05,0.1,0.2935742262240537,0.1037604901676152,0.3751456893489059,,,0.44921875,0.125,0.3671875
abf_fr_information_oracle|tt=information_oracle|g=0.016|eta=0.1|bi=0.909091|sf=0.954545|fe=500|seed=6004,abf_fr_information_oracle|tt=information_oracle|g=0.016|eta=0.1|bi=0.909091|sf=0.954545|fe=500,abf_fr_information_oracle,information_oracle,6004,0.016,0.1,0.9090909090909092,0.9545454545454544,500,1500,3.0,0.3879087175848378,1.0541127748709684,0.097226987469761,0.2991044760840891,0.3590596983957392,1451,256,0.0,False,0.0,0.0,0,,,,,0.3299133184239693,0.2136588086310551,0.1162545097929141,1.098710817634171,0.4510436811014703,1.21528390306488,0.3679409921509249,0.9703618126347284,0.3879087175848378,1.0541127748709684,0.0713556660008761,1.0457783045740818,256.0,1,0.00390625,0,0,,,,,,,,,,,,0.05,0.1,0.2991044760840891,0.097226987469761,0.3590596983957392,,,0.49609375,0.11328125,0.37890625
abf_fr_information_oracle|tt=information_oracle|g=0.016|eta=0.1|bi=0.909091|sf=0.954545|fe=500|seed=6004,abf_fr_information_oracle|tt=information_oracle|g=0.016|eta=0.1|bi=0.909091|sf=0.954545|fe=500,abf_fr_information_oracle,information_oracle,6004,0.016,0.1,0.9090909090909092,0.9545454545454544,500,2000,4.0,0.3710816824559901,0.9826628653585422,0.0999407458503345,0.3000570891886218,0.3445073896377641,1941,256,0.0,False,0.0,0.0,0,,,,,0.4372052414514833,0.2136588086310551,0.2235464328204282,1.0225921256751458,0.4245929662073062,1.1497939314465366,0.3518817141114211,0.9041555774878008,0.3710816824559901,0.9826628653585422,0.0714636574266877,1.0387936954509909,256.0,1,0.00390625,0,0,,,,,,,,,,,,0.05,0.1,0.3000570891886218,0.0999407458503345,0.3445073896377641,,,0.48046875,0.1015625,0.3828125
abf_fr_information_oracle|tt=information_oracle|g=0.016|eta=0.1|bi=0.909091|sf=0.954545|fe=500|seed=6004,abf_fr_information_oracle|tt=information_oracle|g=0.016|eta=0.1|bi=0.909091|sf=0.954545|fe=500,abf_fr_information_oracle,information_oracle,6004,0.016,0.1,0.9090909090909092,0.9545454545454544,500,2500,5.0,0.35894911180671,0.9441416879981958,0.1068254216857818,0.3086805999280234,0.3468084595958824,2258,256,0.0,False,0.0,0.0,0,,,,,0.471069557957172,0.2136588086310551,0.2574107493261168,0.9766234875845968,0.4083381577906919,1.1142892325850962,0.3387351678855417,0.8685429800535376,0.35894911180671,0.9441416879981958,0.0708131496946593,1.0337280077206217,256.0,1,0.00390625,0,0,,,,,,,,,,,,0.05,0.1,0.3086805999280234,0.1068254216857818,0.3468084595958824,,,0.4921875,0.078125,0.3828125
abf_fr_information_oracle|tt=information_oracle|g=0.016|eta=0.1|bi=0.909091|sf=0.954545|fe=500|seed=6004,abf_fr_information_oracle|tt=information_oracle|g=0.016|eta=0.1|bi=0.909091|sf=0.954545|fe=500,abf_fr_information_oracle,information_oracle,6004,0.016,0.1,0.9090909090909092,0.9545454545454544,500,3000,6.0,0.340516738850698,0.8934881324059748,0.0907285350873561,0.2909611819109735,0.3631024462317227,2472,256,0.0,False,0.0,0.0,0,,,,,0.4777186803988513,0.2136588086310551,0.2640598717677962,0.9163892645913652,0.3854198417041926,1.0602590537118193,0.3211737215502431,0.8208167875569992,0.340516738850698,0.8934881324059748,0.0707898475157491,1.0231838639790458,256.0,1,0.00390625,0,0,,,,,,,,,,,,0.05,0.1,0.2909611819109735,0.0907285350873561,0.3631024462317227,,,0.4765625,0.08984375,0.3671875
abf_fr_information_oracle|tt=information_oracle|g=0.016|eta=0.1|bi=0.909091|sf=0.954545|fe=500|seed=6004,abf_fr_information_oracle|tt=information_oracle|g=0.016|eta=0.1|bi=0.909091|sf=0.954545|fe=500,abf_fr_information_oracle,information_oracle,6004,0.016,0.1,0.9090909090909092,0.9545454545454544,500,3500,7.0,0.3286591982039488,0.8413823094890358,0.1164578439829612,0.3127334945508325,0.3575100864683431,2778,256,0.0,False,0.0,0.0,0,,,,,0.5160570310075592,0.2136588086310551,0.302398222376504,0.8610571626235998,0.3669579642971304,1.0012749756998205,0.3125651268890751,0.7724554960997894,0.3286591982039488,0.8413823094890358,0.0700037042939472,1.0021770025613357,256.0,1,0.00390625,0,0,,,,,,,,,,,,0.05,0.1,0.3127334945508325,0.1164578439829612,0.3575100864683431,,,0.47265625,0.06640625,0.33984375
abf_fr_information_oracle|tt=information_oracle|g=0.016|eta=0.1|bi=0.909091|sf=0.954545|fe=500|seed=6004,abf_fr_information_oracle|tt=information_oracle|g=0.016|eta=0.1|bi=0.909091|sf=0.954545|fe=500,abf_fr_information_oracle,information_oracle,6004,0.016,0.1,0.9090909090909092,0.9545454545454544,500,4000,8.0,0.3230046054513695,0.8219644403022379,0.0870601137254736,0.3006479863065966,0.3677652833782481,2963,256,0.0,False,0.0,0.0,0,,,,,0.5284813739043841,0.2136588086310551,0.3148225652733289,0.8362322493776495,0.3587888258924852,0.9803654703302356,0.3077600351657489,0.7544016153010845,0.3230046054513695,0.8219644403022379,0.0694466592435147,0.9947317342534562,256.0,1,0.00390625,0,0,,,,,,,,,,,,0.05,0.1,0.3006479863065966,0.0870601137254736,0.3677652833782481,,,0.46875,0.07421875,0.3515625
abf_fr_information_oracle|tt=information_oracle|g=0.016|eta=0.1|bi=0.909091|sf=0.954545|fe=500|seed=6004,abf_fr_information_oracle|tt=information_oracle|g=0.016|eta=0.1|bi=0.909091|sf=0.954545|fe=500,abf_fr_information_oracle,information_oracle,6004,0.016,0.1,0.9090909090909092,0.9545454545454544,500,4500,9.0,0.3091341021829002,0.7847365811150727,0.1014441659469994,0.306416791574803,0.3568343890230923,3224,256,0.0,False,0.0,0.0,0,,,,,0.5304282336745878,0.2136588086310551,0.3167694250435326,0.7934297779613189,0.3421869112380759,0.9371415681270784,0.2944759578774288,0.720243073627142,0.3091341021829002,0.7847365811150727,0.0683260575921415,0.9796611265241508,256.0,1,0.00390625,0,0,,,,,,,,,,,,0.05,0.1,0.306416791574803,0.1014441659469994,0.3568343890230923,,,0.47265625,0.06640625,0.359375
abf_fr_information_oracle|tt=information_oracle|g=0.016|eta=0.1|bi=0.909091|sf=0.954545|fe=500|seed=6004,abf_fr_information_oracle|tt=information_oracle|g=0.016|eta=0.1|bi=0.909091|sf=0.954545|fe=500,abf_fr_information_oracle,information_oracle,6004,0.016,0.1,0.9090909090909092,0.9545454545454544,500,5000,10.0,0.2931419657193415,0.7515419220936748,0.0837379450699435,0.3002663889357033,0.3585283595863167,3454,256,0.0,False,0.0,0.0,0,,,,,0.5051008319778063,0.2136588086310551,0.2914420233467512,0.7570694465347034,0.325165040949652,0.898352984269632,0.2784214895162232,0.6899753033714399,0.2931419657193415,0.7515419220936748,0.0672467756246069,0.961085950727324,256.0,1,0.00390625,0,0,,,,,,,,,,,,0.05,0.1,0.3002663889357033,0.0837379450699435,0.3585283595863167,,,0.45703125,0.08203125,0.36328125
abf_fr_information_oracle|tt=information_oracle|g=0.016|eta=0.1|bi=0.909091|sf=0.954545|fe=500|seed=6004,abf_fr_information_oracle|tt=information_oracle|g=0.016|eta=0.1|bi=0.909091|sf=0.954545|fe=500,abf_fr_information_oracle,information_oracle,6004,0.016,0.1,0.9090909090909092,0.9545454545454544,500,5500,11.0,0.2802215062798128,0.7166689964556622,0.0911268688202148,0.2985300551259733,0.3692659339011557,3645,256,0.0,False,0.0,0.0,0,,,,,0.5005210362159289,0.2136588086310551,0.2868622275848738,0.7192085194704527,0.3100360313109588,0.857096213070229,0.2665496635035324,0.6582165302913663,0.2802215062798128,0.7166689964556622,0.0655967674025485,0.9342719445869234,256.0,1,0.00390625,0,0,,,,,,,,,,,,0.05,0.1,0.2985300551259733,0.0911268688202148,0.3692659339011557,,,0.4453125,0.07421875,0.37109375
abf_fr_information_oracle|tt=information_oracle|g=0.016|eta=0.1|bi=0.909091|sf=0.954545|fe=500|seed=6004,abf_fr_information_oracle|tt=information_oracle|g=0.016|eta=0.1|bi=0.909091|sf=0.954545|fe=500,abf_fr_information_oracle,information_oracle,6004,0.016,0.1,0.9090909090909092,0.9545454545454544,500,6000,12.0,0.2698412449168229,0.6798997185316483,0.0966194124346424,0.3090641192177816,0.3625368431065912,3858,256,0.0,False,0.0,0.0,0,,,,,0.5064947349052424,0.2136588086310551,0.2928359262741873,0.6820022872561745,0.2969450196136778,0.8139428798534284,0.2573113910632921,0.6247932064770872,0.2698412449168229,0.6798997185316483,0.0645223140351716,0.907526706800499,256.0,1,0.00390625,0,0,,,,,,,,,,,,0.05,0.1,0.3090641192177816,0.0966194124346424,0.3625368431065912,,,0.45703125,0.06640625,0.390625
abf_fr_information_oracle|tt=information_oracle|g=0.016|eta=0.1|bi=0.909091|sf=0.954545|fe=500|seed=6004,abf_fr_information_oracle|tt=information_oracle|g=0.016|eta=0.1|bi=0.909091|sf=0.954545|fe=500,abf_fr_information_oracle,information_oracle,6004,0.016,0.1,0.9090909090909092,0.9545454545454544,500,6500,13.0,0.2625633527973237,0.6587832293144952,0.0975127063701393,0.3073956366473321,0.3629347737816136,3987,256,0.0,False,0.0,0.0,0,,,,,0.5020040570109288,0.2136588086310551,0.2883452483798736,0.6607453464013335,0.2885850627205208,0.7892372522067376,0.2503524695624775,0.605588502887016,0.2625633527973237,0.6587832293144952,0.0639224558642227,0.8936258122652515,256.0,1,0.00390625,0,0,,,,,,,,,,,,0.05,0.1,0.3073956366473321,0.0975127063701393,0.3629347737816136,,,0.44921875,0.05078125,0.37890625
abf_fr_information_oracle|tt=information_oracle|g=0.016|eta=0.1|bi=0.909091|sf=0.954545|fe=500|seed=6004,abf_fr_information_oracle|tt=information_oracle|g=0.016|eta=0.1|bi=0.909091|sf=0.954545|fe=500,abf_fr_information_oracle,information_oracle,6004,0.016,0.1,0.9090909090909092,0.9545454545454544,500,7000,14.0,0.2542167712598165,0.6303428166155233,0.0863557357222711,0.3073332381968873,0.3793672149775733,4167,256,0.0,False,0.0,0.0,0,,,,,0.503876502827385,0.2136588086310551,0.2902176941963299,0.6314369653262546,0.2781937708568272,0.7555683062708466,0.242900667921797,0.5796642637041084,0.2542167712598165,0.6303428166155233,0.0623597779428924,0.8650374361594274,256.0,1,0.00390625,0,0,,,,,,,,,,,,0.05,0.1,0.3073332381968873,0.0863557357222711,0.3793672149775733,,,0.46484375,0.046875,0.39453125
abf_fr_information_oracle|tt=information_oracle|g=0.016|eta=0.1|bi=0.909091|sf=0.954545|fe=500|seed=6004,abf_fr_information_oracle|tt=information_oracle|g=0.016|eta=0.1|bi=0.909091|sf=0.954545|fe=500,abf_fr_information_oracle,information_oracle,6004,0.016,0.1,0.9090909090909092,0.9545454545454544,500,7500,15.0,0.2486489959669248,0.6141277087402235,0.0812415297403074,0.2978750649066371,0.3951719298038192,4331,256,0.0,False,0.0,0.0,0,,,,,0.5009681346939061,0.2136588086310551,0.287309326062851,0.6145196844742263,0.271725896123919,0.7365708685269479,0.237386181927349,0.5649131885409101,0.2486489959669248,0.6141277087402235,0.0614162063857689,0.8485328792190787,256.0,1,0.00390625,0,0,,,,,,,,,,,,0.05,0.1,0.2978750649066371,0.0812415297403074,0.3951719298038192,,,0.43359375,0.05859375,0.36328125
abf_fr_information_oracle|tt=information_oracle|g=0.016|eta=0.1|bi=0.909091|sf=0.954545|fe=500|seed=6004,abf_fr_information_oracle|tt=information_oracle|g=0.016|eta=0.1|bi=0.909091|sf=0.954545|fe=500,abf_fr_information_oracle,information_oracle,6004,0.016,0.1,0.9090909090909092,0.9545454545454544,500,8000,16.0,0.244249214319998,0.5961715427040439,0.0713504841541586,0.2941938269982639,0.3903588298380699,4472,256,0.0,False,0.0,0.0,0,,,,,0.5072264958750701,0.2136588086310551,0.2935676872440149,0.5950276792061896,0.2657541019817256,0.7151380193979543,0.2337325541724283,0.5485970908551211,0.244249214319998,0.5961715427040439,0.0599117642986608,0.8284389180503449,256.0,1,0.00390625,0,0,,,,,,,,,,,,0.05,0.1,0.2941938269982639,0.0713504841541586,0.3903588298380699,,,0.390625,0.07421875,0.33984375
abf_fr_information_oracle|tt=information_oracle|g=0.016|eta=0.1|bi=0.909091|sf=0.954545|fe=500|seed=6004,abf_fr_information_oracle|tt=information_oracle|g=0.016|eta=0.1|bi=0.909091|sf=0.954545|fe=500,abf_fr_information_oracle,information_oracle,6004,0.016,0.1,0.9090909090909092,0.9545454545454544,500,8500,17.0,0.2397257448066449,0.5769658543196464,0.0825242971680187,0.3004754355711842,0.3857618693189015,4652,256,0.0,False,0.0,0.0,0,,,,,0.5118788502894738,0.2136588086310551,0.2982200416584186,0.5766328858641286,0.2595973274117256,0.6920658616107085,0.2302720561381573,0.5311963195273862,0.2397257448066449,0.5769658543196464,0.0583387689818897,0.8057454063805689,256.0,1,0.00390625,0,0,,,,,,,,,,,,0.05,0.1,0.3004754355711842,0.0825242971680187,0.3857618693189015,,,0.42578125,0.05859375,0.35546875
abf_fr_information_oracle|tt=information_oracle|g=0.016|eta=0.1|bi=0.909091|sf=0.954545|fe=500|seed=6004,abf_fr_information_oracle|tt=information_oracle|g=0.016|eta=0.1|bi=0.909091|sf=0.954545|fe=500,abf_fr_information_oracle,information_oracle,6004,0.016,0.1,0.9090909090909092,0.9545454545454544,500,9000,18.0,0.2356288836015124,0.5650712006438425,0.0795785472978705,0.2951929622169518,0.3797544279215733,4802,256,0.0,False,0.0,0.0,0,,,,,0.5102744166940063,0.2136588086310551,0.2966156080629512,0.5632378613191141,0.2544610322850264,0.6777653161452187,0.2270376645758841,0.5203229186979172,0.2356288836015124,0.5650712006438425,0.0573913701423598,0.7938589328454565,256.0,1,0.00390625,0,0,,,,,,,,,,,,0.05,0.1,0.2951929622169518,0.0795785472978705,0.3797544279215733,,,0.43359375,0.06640625,0.33984375
abf_fr_information_oracle|tt=information_oracle|g=0.016|eta=0.1|bi=0.909091|sf=0.954545|fe=500|seed=6004,abf_fr_information_oracle|tt=information_oracle|g=0.016|eta=0.1|bi=0.909091|sf=0.954545|fe=500,abf_fr_information_oracle,information_oracle,6004,0.016,0.1,0.9090909090909092,0.9545454545454544,500,9500,19.0,0.2299151755703726,0.5474886720466253,0.0802064179811148,0.2978834454723778,0.3880322518348785,5001,256,0.0,False,0.0,0.0,0,,,,,0.5086154678798778,0.2136588086310551,0.2949566592488226,0.5455761733751954,0.2477156927727653,0.6566803510152853,0.2217981630989755,0.504324853442414,0.2299151755703726,0.5474886720466253,0.0557131087643003,0.7715765533261181,256.0,1,0.00390625,0,0,,,,,,,,,,,,0.05,0.1,0.2978834454723778,0.0802064179811148,0.3880322518348785,,,0.390625,0.06640625,0.37890625
abf_fr_information_oracle|tt=information_oracle|g=0.016|eta=0.1|bi=0.909091|sf=0.954545|fe=500|seed=6004,abf_fr_information_oracle|tt=information_oracle|g=0.016|eta=0.1|bi=0.909091|sf=0.954545|fe=500,abf_fr_information_oracle,information_oracle,6004,0.016,0.1,0.9090909090909092,0.9545454545454544,500,10000,20.0,0.2238345228684582,0.5245156100368426,0.0733622663569784,0.2940024201737635,0.3912006782947573,5207,250,0.016,True,0.0234375,0.0234375,6,-3.122502256758253e-17,0.931732022080734,-3.833587862971181,1.1733622744009138,0.5099488339258116,0.2136588086310551,0.2962900252947564,0.5226138205443136,0.2400739832539611,0.6291548922434522,0.2164688137330617,0.4835198663442385,0.2238345228684582,0.5245156100368426,0.0542726496022846,0.7442107512358702,244.53731343283584,2,0.0078125,1,6,0.0,-3.446101821996624,-3.446101821996624,-1.1713751330035669,-1.1713751330035669,0.1870942983065421,0.1870942983065421,0.8223662245000228,0.8223662245000228,1.1643776108580812,1.1643776108580812,0.05,0.1,0.2940024201737635,0.0733622663569784,0.3912006782947573,0.931732022080734,1.1733622744009138,0.42578125,0.078125,0.390625
abf_fr_information_oracle|tt=information_oracle|g=0.016|eta=0.1|bi=0.909091|sf=0.954545|fe=500|seed=6004,abf_fr_information_oracle|tt=information_oracle|g=0.016|eta=0.1|bi=0.909091|sf=0.954545|fe=500,abf_fr_information_oracle,information_oracle,6004,0.016,0.1,0.9090909090909092,0.9545454545454544,500,10500,21.0,0.2202497241324516,0.5098920116568306,0.0614097295525931,0.280481053117577,0.3950567702323803,5396,250,0.0,False,0.0,0.0,0,,,,,0.512693193899068,0.2136588086310551,0.2990343852680128,0.5078366487125435,0.2352807927741665,0.6117271470059236,0.2133578449565797,0.4702754088939543,0.2202497241324516,0.5098920116568306,0.0528403948982797,0.7247157364523893,244.53731343283584,2,0.0078125,1,6,,,,,,,,,,,,0.05,0.1,0.280481053117577,0.0614097295525931,0.3950567702323803,,,0.41015625,0.0859375,0.375
abf_fr_information_oracle|tt=information_oracle|g=0.016|eta=0.1|bi=0.909091|sf=0.954545|fe=500|seed=6004,abf_fr_information_oracle|tt=information_oracle|g=0.016|eta=0.1|bi=0.909091|sf=0.954545|fe=500,abf_fr_information_oracle,information_oracle,6004,0.016,0.1,0.9090909090909092,0.9545454545454544,500,11000,22.0,0.2186399689930336,0.4957603764467848,0.0806842163287836,0.2945600773433879,0.3742614563437728,5646,250,0.0,False,0.0,0.0,0,,,,,0.5229107973469063,0.2136588086310551,0.3092519887158511,0.4929974094883176,0.231906253464948,0.5947839115046456,0.2127130805536247,0.4574934723949843,0.2186399689930336,0.4957603764467848,0.0517318867939312,0.7079657090806121,244.53731343283584,2,0.0078125,1,6,,,,,,,,,,,,0.05,0.1,0.2945600773433879,0.0806842163287836,0.3742614563437728,,,0.40234375,0.078125,0.37109375
abf_fr_information_oracle|tt=information_oracle|g=0.016|eta=0.1|bi=0.909091|sf=0.954545|fe=500|seed=6005,abf_fr_information_oracle|tt=information_oracle|g=0.016|eta=0.1|bi=0.909091|sf=0.954545|fe=500,abf_fr_information_oracle,information_oracle,6005,0.016,0.1,0.9090909090909092,0.9545454545454544,500,0,0.0,2.906603863987052,6.564657815288973,0.0445363447074211,0.2558796327042333,0.4041134501532037,0,256,0.0,False,0.0,0.0,0,,,,,0.0,0.2136588086310551,0.2136588086310551,1.8839792970692677,0.7722826132658906,3.487298309594125,5.408116675855963,9.381946420303988,2.906603863987052,6.564657815288973,0.037083496902375,0.7293641473133242,256.0,1,0.00390625,0,0,,,,,,,,,,,,0.05,0.1,0.2558796327042333,0.0445363447074211,0.4041134501532037,,,0.296875,0.1484375,0.359375
abf_fr_information_oracle|tt=information_oracle|g=0.016|eta=0.1|bi=0.909091|sf=0.954545|fe=500|seed=6005,abf_fr_information_oracle|tt=information_oracle|g=0.016|eta=0.1|bi=0.909091|sf=0.954545|fe=500,abf_fr_information_oracle,information_oracle,6005,0.016,0.1,0.9090909090909092,0.9545454545454544,500,500,1.0,0.551930450350401,1.3726877664152868,0.083664854193706,0.2831832900187037,0.3751118013729191,514,256,0.0,False,0.0,0.0,0,,,,,0.7295952563836288,0.2136588086310551,0.5159364477525736,1.4827559049223793,0.6302010420733493,1.5215829497832307,0.5381012736104361,1.264803319334039,0.551930450350401,1.3726877664152868,0.0756544896812508,1.1054553143400614,256.0,1,0.00390625,0,0,,,,,,,,,,,,0.05,0.1,0.2831832900187037,0.083664854193706,0.3751118013729191,,,0.35546875,0.16015625,0.39453125
abf_fr_information_oracle|tt=information_oracle|g=0.016|eta=0.1|bi=0.909091|sf=0.954545|fe=500|seed=6005,abf_fr_information_oracle|tt=information_oracle|g=0.016|eta=0.1|bi=0.909091|sf=0.954545|fe=500,abf_fr_information_oracle,information_oracle,6005,0.016,0.1,0.9090909090909092,0.9545454545454544,500,1000,2.0,0.4764501129323692,1.1915542672459394,0.1058772711628795,0.2958854268035269,0.3755509959674789,965,256,0.0,False,0.0,0.0,0,,,,,0.6888302858819522,0.2136588086310551,0.475171477250897,1.2659655981051294,0.5432856307811953,1.372767620987452,0.4503661273470959,1.0966402773216528,0.4764501129323692,1.1915542672459394,0.0773061623697316,1.1174134073722748,256.0,1,0.00390625,0,0,,,,,,,,,,,,0.05,0.1,0.2958854268035269,0.1058772711628795,0.3755509959674789,,,0.38671875,0.12890625,0.42578125
abf_fr_information_oracle|tt=information_oracle|g=0.016|eta=0.1|bi=0.909091|sf=0.954545|fe=500|seed=6005,abf_fr_information_oracle|tt=information_oracle|g=0.016|eta=0.1|bi=0.909091|sf=0.954545|fe=500,abf_fr_information_oracle,information_oracle,6005,0.016,0.1,0.9090909090909092,0.9545454545454544,500,1500,3.0,0.4392820391779138,1.1047671029092505,0.0942481021426563,0.3022801689996431,0.3664320484231524,1363,256,0.0,False,0.0,0.0,0,,,,,0.653811362242493,0.2136588086310551,0.4401525536114379,1.1556646804225204,0.4988284531171266,1.2948863388087954,0.4100116304040449,1.016889857773325,0.4392820391779138,1.1047671029092505,0.0778144728272835,1.1210836655799017,256.0,1,0.00390625,0,0,,,,,,,,,,,,0.05,0.1,0.3022801689996431,0.0942481021426563,0.3664320484231524,,,0.41015625,0.09375,0.4765625
abf_fr_information_oracle|tt=information_oracle|g=0.016|eta=0.1|bi=0.909091|sf=0.954545|fe=500|seed=6005,abf_fr_information_oracle|tt=information_oracle|g=0.016|eta=0.1|bi=0.909091|sf=0.954545|fe=500,abf_fr_information_oracle,information_oracle,6005,0.016,0.1,0.9090909090909092,0.9545454545454544,500,2000,4.0,0.398473760826569,1.0122329372003538,0.0831816064646909,0.292980214573926,0.3692291223432221,1788,256,0.0,False,0.0,0.0,0,,,,,0.6104552068006832,0.2136588086310551,0.3967963981696281,1.0468006757014985,0.4517627040632221,1.1974425641978153,0.3691535514214255,0.9321165405557316,0.398473760826569,1.0122329372003538,0.076524561541599,1.1016618243691874,256.0,1,0.00390625,0,0,,,,,,,,,,,,0.05,0.1,0.292980214573926,0.0831816064646909,0.3692291223432221,,,0.3671875,0.1015625,0.4765625
abf_fr_information_oracle|tt=information_oracle|g=0.016|eta=0.1|bi=0.909091|sf=0.954545|fe=500|seed=6005,abf_fr_information_oracle|tt=information_oracle|g=0.016|eta=0.1|bi=0.909091|sf=0.954545|fe=500,abf_fr_information_oracle,information_oracle,6005,0.016,0.1,0.9090909090909092,0.9545454545454544,500,2500,5.0,0.3623107492375895,0.935121359764704,0.0875647057663778,0.2926156704332358,0.3866955173263185,2126,256,0.0,False,0.0,0.0,0,,,,,0.5619492722790689,0.2136588086310551,0.3482904636480137,0.95524807783977,0.4109510567286937,1.110535715874217,0.3348924190214931,0.8615004509463318,0.3623107492375895,0.935121359764704,0.0758359163668202,1.084458849777505,256.0,1,0.00390625,0,0,,,,,,,,,,,,0.05,0.1,0.2926156704332358,0.0875647057663778,0.3866955173263185,,,0.36328125,0.0859375,0.46484375
abf_fr_information_oracle|tt=information_oracle|g=0.016|eta=0.1|bi=0.909091|sf=0.954545|fe=500|seed=6005,abf_fr_information_oracle|tt=information_oracle|g=0.016|eta=0.1|bi=0.909091|sf=0.954545|fe=500,abf_fr_information_oracle,information_oracle,6005,0.016,0.1,0.9090909090909092,0.9545454545454544,500,3000,6.0,0.3433969489475236,0.8889543211116784,0.0767384782020478,0.2934718311497606,0.3932744762358419,2419,256,0.0,False,0.0,0.0,0,,,,,0.546241517451449,0.2136588086310551,0.3325827088203938,0.90055005433713,0.3878277831702282,1.060123778142625,0.3174538664337907,0.8183452195934524,0.3433969489475236,0.8889543211116784,0.0752795597251531,1.0722585146896666,256.0,1,0.00390625,0,0,,,,,,,,,,,,0.05,0.1,0.2934718311497606,0.0767384782020478,0.3932744762358419,,,0.359375,0.08984375,0.46484375
abf_fr_information_oracle|tt=information_oracle|g=0.016|eta=0.1|bi=0.909091|sf=0.954545|fe=500|seed=6005,abf_fr_information_oracle|tt=information_oracle|g=0.016|eta=0.1|bi=0.909091|sf=0.954545|fe=500,abf_fr_information_oracle,information_oracle,6005,0.016,0.1,0.9090909090909092,0.9545454545454544,500,3500,7.0,0.3308320550923939,0.8546055708989342,0.0818619209343331,0.2961247601123645,0.3824499046462343,2637,256,0.0,False,0.0,0.0,0,,,,,0.5437069672560852,0.2136588086310551,0.3300481586250301,0.859700126294272,0.371556316046833,1.0216763330296723,0.3065297975722305,0.7857658785483853,0.3308320550923939,0.8546055708989342,0.0745654146265752,1.0610783025887591,256.0,1,0.00390625,0,0,,,,,,,,,,,,0.05,0.1,0.2961247601123645,0.0818619209343331,0.3824499046462343,,,0.37109375,0.06640625,0.4765625
abf_fr_information_oracle|tt=information_oracle|g=0.016|eta=0.1|bi=0.909091|sf=0.954545|fe=500|seed=6005,abf_fr_information_oracle|tt=information_oracle|g=0.016|eta=0.1|bi=0.909091|sf=0.954545|fe=500,abf_fr_information_oracle,information_oracle,6005,0.016,0.1,0.9090909090909092,0.9545454545454544,500,4000,8.0,0.3158811989526491,0.8124731318894919,0.090411923616411,0.2983689025036455,0.3789183193589401,2900,256,0.0,False,0.0,0.0,0,,,,,0.5385377618274951,0.2136588086310551,0.32487895319644,0.8146991413147509,0.353659418165512,0.9729497054849862,0.2930345956755855,0.7470737463096895,0.3158811989526491,0.8124731318894919,0.0716104002876441,1.0219333431131563,256.0,1,0.00390625,0,0,,,,,,,,,,,,0.05,0.1,0.2983689025036455,0.090411923616411,0.3789183193589401,,,0.3671875,0.078125,0.484375
abf_fr_information_oracle|tt=information_oracle|g=0.016|eta=0.1|bi=0.909091|sf=0.954545|fe=500|seed=6005,abf_fr_information_oracle|tt=information_oracle|g=0.016|eta=0.1|bi=0.909091|sf=0.954545|fe=500,abf_fr_information_oracle,information_oracle,6005,0.016,0.1,0.9090909090909092,0.9545454545454544,500,4500,9.0,0.2964384540455623,0.7682574888503877,0.0993984860835234,0.3090380726699768,0.3753285469908688,3176,256,0.0,False,0.0,0.0,0,,,,,0.510056869662936,0.2136588086310551,0.2963980610318808,0.7672182632284682,0.3320473531010487,0.9208216382851754,0.2746372075487435,0.7066314672144861,0.2964384540455623,0.7682574888503877,0.0696859623612705,0.989253544945098,256.0,1,0.00390625,0,0,,,,,,,,,,,,0.05,0.1,0.3090380726699768,0.0993984860835234,0.3753285469908688,,,0.390625,0.0625,0.44921875
abf_fr_information_oracle|tt=information_oracle|g=0.016|eta=0.1|bi=0.909091|sf=0.954545|fe=500|seed=6005,abf_fr_information_oracle|tt=information_oracle|g=0.016|eta=0.1|bi=0.909091|sf=0.954545|fe=500,abf_fr_information_oracle,information_oracle,6005,0.016,0.1,0.9090909090909092,0.9545454545454544,500,5000,10.0,0.2862048070029743,0.7434023941998616,0.0927603464474785,0.2995190240213319,0.381675401979265,3400,256,0.0,False,0.0,0.0,0,,,,,0.4996049426932494,0.2136588086310551,0.2859461340621942,0.7388192685167823,0.3202599418488441,0.8915846804762655,0.2654977338643267,0.6835370408054857,0.2862048070029743,0.7434023941998616,0.0688217223900607,0.9746653822784622,256.0,1,0.00390625,0,0,,,,,,,,,,,,0.05,0.1,0.2995190240213319,0.0927603464474785,0.381675401979265,,,0.3828125,0.05859375,0.45703125
abf_fr_information_oracle|tt=information_oracle|g=0.016|eta=0.1|bi=0.909091|sf=0.954545|fe=500|seed=6005,abf_fr_information_oracle|tt=information_oracle|g=0.016|eta=0.1|bi=0.909091|sf=0.954545|fe=500,abf_fr_information_oracle,information_oracle,6005,0.016,0.1,0.9090909090909092,0.9545454545454544,500,5500,11.0,0.2700024376050402,0.6896777972598925,0.0872064149225576,0.2905726497257437,0.3717317619432945,3596,256,0.0,False,0.0,0.0,0,,,,,0.5019342068649095,0.2136588086310551,0.2882753982338544,0.6854102650116963,0.3004613078203785,0.827447207410821,0.2514229097484319,0.6344904950413448,0.2700024376050402,0.6896777972598925,0.0659541593852572,0.926123031736816,256.0,1,0.00390625,0,0,,,,,,,,,,,,0.05,0.1,0.2905726497257437,0.0872064149225576,0.3717317619432945,,,0.3671875,0.0703125,0.46875
abf_fr_information_oracle|tt=information_oracle|g=0.016|eta=0.1|bi=0.909091|sf=0.954545|fe=500|seed=6005,abf_fr_information_oracle|tt=information_oracle|g=0.016|eta=0.1|bi=0.909091|sf=0.954545|fe=500,abf_fr_information_oracle,information_oracle,6005,0.016,0.1,0.9090909090909092,0.9545454545454544,500,6000,12.0,0.2608604998771363,0.6549293206029414,0.0969684324233984,0.3050141102121114,0.3836721361001279,3741,256,0.0,False,0.0,0.0,0,,,,,0.51333023969854,0.2136588086310551,0.2996714310674848,0.6487399780872323,0.2882794009122812,0.7860319463962214,0.2439929679530648,0.6027290500696152,0.2608604998771363,0.6549293206029414,0.0643153158570991,0.8967079579646295,256.0,1,0.00390625,0,0,,,,,,,,,,,,0.05,0.1,0.3050141102121114,0.0969684324233984,0.3836721361001279,,,0.3515625,0.05078125,0.4609375
abf_fr_information_oracle|tt=information_oracle|g=0.016|eta=0.1|bi=0.909091|sf=0.954545|fe=500|seed=6005,abf_fr_information_oracle|tt=information_oracle|g=0.016|eta=0.1|bi=0.909091|sf=0.954545|fe=500,abf_fr_information_oracle,information_oracle,6005,0.016,0.1,0.9090909090909092,0.9545454545454544,500,6500,13.0,0.2459707210285716,0.6117365303559427,0.0806743280780256,0.2915903773526514,0.3792423134416985,3876,256,0.0,False,0.0,0.0,0,,,,,0.5069204000696708,0.2136588086310551,0.2932615914386156,0.6038971321048812,0.2708603548592699,0.73431007108414,0.2304418042532173,0.5631633499721301,0.2459707210285716,0.6117365303559427,0.0617203447329934,0.8547032709135909,256.0,1,0.00390625,0,0,,,,,,,,,,,,0.05,0.1,0.2915903773526514,0.0806743280780256,0.3792423134416985,,,0.35546875,0.0625,0.43359375
abf_fr_information_oracle|tt=information_oracle|g=0.016|eta=0.1|bi=0.909091|sf=0.954545|fe=500|seed=6005,abf_fr_information_oracle|tt=information_oracle|g=0.016|eta=0.1|bi=0.909091|sf=0.954545|fe=500,abf_fr_information_oracle,information_oracle,6005,0.016,0.1,0.9090909090909092,0.9545454545454544,500,7000,14.0,0.2369018774434484,0.5781161009774681,0.0861991908719415,0.3021641276866982,0.3842485644549447,3982,256,0.0,False,0.0,0.0,0,,,,,0.5105600562445609,0.2136588086310551,0.2969012476135058,0.5705621181135612,0.2592937031146938,0.6940214998571411,0.2228400680860541,0.5324250034365697,0.2369018774434484,0.5781161009774681,0.0598487584508325,0.8205238749254965,256.0,1,0.00390625,0,0,,,,,,,,,,,,0.05,0.1,0.3021641276866982,0.0861991908719415,0.3842485644549447,,,0.35546875,0.0625,0.43359375
abf_fr_information_oracle|tt=information_oracle|g=0.016|eta=0.1|bi=0.909091|sf=0.954545|fe=500|seed=6005,abf_fr_information_oracle|tt=information_oracle|g=0.016|eta=0.1|bi=0.909091|sf=0.954545|fe=500,abf_fr_information_oracle,information_oracle,6005,0.016,0.1,0.9090909090909092,0.9545454545454544,500,7500,15.0,0.2330488140906359,0.552980646974153,0.0840584075594025,0.2969945143412698,0.4070418485244801,4127,256,0.0,False,0.0,0.0,0,,,,,0.5269042010369169,0.2136588086310551,0.3132453924058618,0.5441583853366821,0.2527514574861163,0.6638902204515564,0.2203421556660226,0.5095145230654566,0.2330488140906359,0.552980646974153,0.0581219537140434,0.7910588669984957,256.0,1,0.00390625,0,0,,,,,,,,,,,,0.05,0.1,0.2969945143412698,0.0840584075594025,0.4070418485244801,,,0.34765625,0.06640625,0.4296875
abf_fr_information_oracle|tt=information_oracle|g=0.016|eta=0.1|bi=0.909091|sf=0.954545|fe=500|seed=6005,abf_fr_information_oracle|tt=information_oracle|g=0.016|eta=0.1|bi=0.909091|sf=0.954545|fe=500,abf_fr_information_oracle,information_oracle,6005,0.016,0.1,0.9090909090909092,0.9545454545454544,500,8000,16.0,0.2276506677915925,0.5300531956625836,0.0912001758925097,0.3089529687705609,0.4079151999311609,4251,256,0.0,False,0.0,0.0,0,,,,,0.5317130037439348,0.2136588086310551,0.3180541951128797,0.5205034596218969,0.2454474423680449,0.6364853258955879,0.2160889393896927,0.4885888527961697,0.2276506677915925,0.5300531956625836,0.0564440254287899,0.7636695536059737,256.0,1,0.00390625,0,0,,,,,,,,,,,,0.05,0.1,0.3089529687705609,0.0912001758925097,0.4079151999311609,,,0.35546875,0.046875,0.43359375
abf_fr_information_oracle|tt=information_oracle|g=0.016|eta=0.1|bi=0.909091|sf=0.954545|fe=500|seed=6005,abf_fr_information_oracle|tt=information_oracle|g=0.016|eta=0.1|bi=0.909091|sf=0.954545|fe=500,abf_fr_information_oracle,information_oracle,6005,0.016,0.1,0.9090909090909092,0.9545454545454544,500,8500,17.0,0.2225320281253746,0.5121358990187811,0.1034561297628851,0.3222850117670308,0.3787871876989787,4360,256,0.0,False,0.0,0.0,0,,,,,0.5315616671362449,0.2136588086310551,0.3179028585051897,0.5029147248628468,0.2392571944428058,0.6151112496338846,0.2113597260593615,0.4723581882772932,0.2225320281253746,0.5121358990187811,0.0554885028214378,0.7453776462048856,256.0,1,0.00390625,0,0,,,,,,,,,,,,0.05,0.1,0.3222850117670308,0.1034561297628851,0.3787871876989787,,,0.359375,0.0390625,0.42578125
abf_fr_information_oracle|tt=information_oracle|g=0.016|eta=0.1|bi=0.909091|sf=0.954545|fe=500|seed=6005,abf_fr_information_oracle|tt=information_oracle|g=0.016|eta=0.1|bi=0.909091|sf=0.954545|fe=500,abf_fr_information_oracle,information_oracle,6005,0.016,0.1,0.9090909090909092,0.9545454545454544,500,9000,18.0,0.2177837900162923,0.4972910346018093,0.0942054016042165,0.3092240089976739,0.4053603626966299,4457,256,0.0,False,0.0,0.0,0,,,,,0.5302966590062148,0.2136588086310551,0.3166378503751597,0.4876790274672036,0.2335320684085109,0.5973576425801276,0.2071444581900904,0.4588270132815747,0.2177837900162923,0.4972910346018093,0.0539176681305285,0.7254621699679465,256.0,1,0.00390625,0,0,,,,,,,,,,,,0.05,0.1,0.3092240089976739,0.0942054016042165,0.4053603626966299,,,0.34765625,0.0546875,0.4609375
abf_fr_information_oracle|tt=information_oracle|g=0.016|eta=0.1|bi=0.909091|sf=0.954545|fe=500|seed=6005,abf_fr_information_oracle|tt=information_oracle|g=0.016|eta=0.1|bi=0.909091|sf=0.954545|fe=500,abf_fr_information_oracle,information_oracle,6005,0.016,0.1,0.9090909090909092,0.9545454545454544,500,9500,19.0,0.209659643863895,0.4731654165290913,0.0968763108656387,0.3080931013558608,0.3879100193771675,4574,256,0.0,False,0.0,0.0,0,,,,,0.5228287736481789,0.2136588086310551,0.3091699650171238,0.4648783604004241,0.2240855396677387,0.5684236112665705,0.1998056716400539,0.4371569963848043,0.209659643863895,0.4731654165290913,0.052126254530303,0.6952636350394205,256.0,1,0.00390625,0,0,,,,,,,,,,,,0.05,0.1,0.3080931013558608,0.0968763108656387,0.3879100193771675,,,0.3359375,0.04296875,0.48046875
abf_fr_information_oracle|tt=information_oracle|g=0.016|eta=0.1|bi=0.909091|sf=0.954545|fe=500|seed=6005,abf_fr_information_oracle|tt=information_oracle|g=0.016|eta=0.1|bi=0.909091|sf=0.954545|fe=500,abf_fr_information_oracle,information_oracle,6005,0.016,0.1,0.9090909090909092,0.9545454545454544,500,10000,20.0,0.200557268630572,0.4493057763570507,0.0976483904644841,0.3084938494717878,0.3650748989328455,4643,252,0.016,True,0.015625,0.015625,4,7.63278329429795e-17,0.9809335640910054,-3.583687310047963,1.29267592344047,0.5114701718602284,0.2136588086310551,0.2978113632291732,0.4425189279397779,0.2142398261146482,0.5397097179794604,0.1910562359359158,0.4156566705133258,0.200557268630572,0.4493057763570507,0.0502189113637245,0.6639271393276509,248.24242424242425,2,0.0078125,1,4,0.0,-3.3428311256504792,-3.3428311256504792,-1.0348530262426814,-1.0348530262426814,0.0315957540718344,0.0315957540718344,1.021717127512238,1.021717127512238,1.2813793323459215,1.2813793323459215,0.05,0.1,0.3084938494717878,0.0976483904644841,0.3650748989328455,0.9809335640910054,1.29267592344047,0.34765625,0.046875,0.45703125
abf_fr_information_oracle|tt=information_oracle|g=0.016|eta=0.1|bi=0.909091|sf=0.954545|fe=500|seed=6005,abf_fr_information_oracle|tt=information_oracle|g=0.016|eta=0.1|bi=0.909091|sf=0.954545|fe=500,abf_fr_information_oracle,information_oracle,6005,0.016,0.1,0.9090909090909092,0.9545454545454544,500,10500,21.0,0.1908347126101884,0.42267252285269,0.0774266385434146,0.2862092373036437,0.3879762321979783,4742,252,0.0,False,0.0,0.0,0,,,,,0.500968404743265,0.2136588086310551,0.2873095961122098,0.4173615346727761,0.2035330754272726,0.507698006936298,0.1818409813473973,0.3918612215983267,0.1908347126101884,0.42267252285269,0.0477470814533332,0.6273123144911706,248.24242424242425,2,0.0078125,1,4,,,,,,,,,,,,0.05,0.1,0.2862092373036437,0.0774266385434146,0.3879762321979783,,,0.34375,0.0703125,0.4140625
abf_fr_information_oracle|tt=information_oracle|g=0.016|eta=0.1|bi=0.909091|sf=0.954545|fe=500|seed=6005,abf_fr_information_oracle|tt=information_oracle|g=0.016|eta=0.1|bi=0.909091|sf=0.954545|fe=500,abf_fr_information_oracle,information_oracle,6005,0.016,0.1,0.9090909090909092,0.9545454545454544,500,11000,22.0,0.1814346527217234,0.3971282786334238,0.0759061075500492,0.284303831056907,0.3868064315764687,4850,252,0.0,False,0.0,0.0,0,,,,,0.4911955039421514,0.2136588086310551,0.2775366953110962,0.3926770177465965,0.1932850297300948,0.4769559844314183,0.1730052766025213,0.3690402081623979,0.1814346527217234,0.3971282786334238,0.0453441262861871,0.5900308743331267,248.24242424242425,2,0.0078125,1,4,,,,,,,,,,,,0.05,0.1,0.284303831056907,0.0759061075500492,0.3868064315764687,,,0.34375,0.08203125,0.453125
abf_fr_information_oracle|tt=information_oracle|g=0.016|eta=0.1|bi=0.909091|sf=0.954545|fe=500|seed=6006,abf_fr_information_oracle|tt=information_oracle|g=0.016|eta=0.1|bi=0.909091|sf=0.954545|fe=500,abf_fr_information_oracle,information_oracle,6006,0.016,0.1,0.9090909090909092,0.9545454545454544,500,0,0.0,2.906603863987052,6.564657815288973,0.0615385677884395,0.230536039950164,0.3870790514676084,0,256,0.0,False,0.0,0.0,0,,,,,0.0,0.2136588086310551,0.2136588086310551,1.8839792970692677,0.7722826132658906,3.487298309594125,5.408116675855963,9.381946420303988,2.906603863987052,6.564657815288973,0.037083496902375,0.7293641473133242,256.0,1,0.00390625,0,0,,,,,,,,,,,,0.05,0.1,0.230536039950164,0.0615385677884395,0.3870790514676084,,,0.359375,0.2109375,0.3046875
abf_fr_information_oracle|tt=information_oracle|g=0.016|eta=0.1|bi=0.909091|sf=0.954545|fe=500|seed=6006,abf_fr_information_oracle|tt=information_oracle|g=0.016|eta=0.1|bi=0.909091|sf=0.954545|fe=500,abf_fr_information_oracle,information_oracle,6006,0.016,0.1,0.9090909090909092,0.9545454545454544,500,500,1.0,0.5997623603887957,1.352738064828684,0.1011590189359308,0.2843375357407408,0.346056713966463,784,256,0.0,False,0.0,0.0,0,,,,,-0.4884458768856312,0.2136588086310551,0.7021046855166864,1.5165699982327212,0.6600180544835684,1.4795768579395638,0.5985716051657759,1.2523971984669826,0.5997623603887957,1.352738064828684,0.0604777755578149,0.9444306091850606,256.0,1,0.00390625,0,0,,,,,,,,,,,,0.05,0.1,0.2843375357407408,0.1011590189359308,0.346056713966463,,,0.4375,0.15625,0.34765625
abf_fr_information_oracle|tt=information_oracle|g=0.016|eta=0.1|bi=0.909091|sf=0.954545|fe=500|seed=6006,abf_fr_information_oracle|tt=information_oracle|g=0.016|eta=0.1|bi=0.909091|sf=0.954545|fe=500,abf_fr_information_oracle,information_oracle,6006,0.016,0.1,0.9090909090909092,0.9545454545454544,500,1000,2.0,0.4999604042784948,1.181402687561405,0.1158810933005179,0.3061461274914765,0.3382725971521876,1346,256,0.0,False,0.0,0.0,0,,,,,-0.3363133745189799,0.2136588086310551,0.549972183150035,1.287639646088342,0.555807422004456,1.3495586283304748,0.485621281118917,1.0920766184874957,0.4999604042784948,1.181402687561405,0.068227554752018,1.0437464267081906,256.0,1,0.00390625,0,0,,,,,,,,,,,,0.05,0.1,0.3061461274914765,0.1158810933005179,0.3382725971521876,,,0.44921875,0.1328125,0.37109375
abf_fr_information_oracle|tt=information_oracle|g=0.016|eta=0.1|bi=0.909091|sf=0.954545|fe=500|seed=6006,abf_fr_information_oracle|tt=information_oracle|g=0.016|eta=0.1|bi=0.909091|sf=0.954545|fe=500,abf_fr_information_oracle,information_oracle,6006,0.016,0.1,0.9090909090909092,0.9545454545454544,500,1500,3.0,0.4596489211826341,1.1097496829406617,0.1042399749676443,0.2884320430900673,0.3499101430900193,1869,256,0.0,False,0.0,0.0,0,,,,,-0.2795273960379951,0.2136588086310551,0.4931862046690503,1.190047528983101,0.5137048274705245,1.2941567567277423,0.4394989560672428,1.0226276150882494,0.4596489211826341,1.1097496829406617,0.0720599068645283,1.0807380193723009,256.0,1,0.00390625,0,0,,,,,,,,,,,,0.05,0.1,0.2884320430900673,0.1042399749676443,0.3499101430900193,,,0.46484375,0.11328125,0.37890625
abf_fr_information_oracle|tt=information_oracle|g=0.016|eta=0.1|bi=0.909091|sf=0.954545|fe=500|seed=6006,abf_fr_information_oracle|tt=information_oracle|g=0.016|eta=0.1|bi=0.909091|sf=0.954545|fe=500,abf_fr_information_oracle,information_oracle,6006,0.016,0.1,0.9090909090909092,0.9545454545454544,500,2000,4.0,0.4192589531240593,1.0252101018500897,0.087835949526287,0.2920464512712319,0.3547334636657355,2263,256,0.0,False,0.0,0.0,0,,,,,-0.2109885762618084,0.2136588086310551,0.4246473848928636,1.096236222783206,0.4703626487538845,1.2084799812835691,0.3977776291908386,0.9435220445695836,0.4192589531240593,1.0252101018500897,0.0726267194986357,1.0781999290910915,256.0,1,0.00390625,0,0,,,,,,,,,,,,0.05,0.1,0.2920464512712319,0.087835949526287,0.3547334636657355,,,0.46484375,0.109375,0.37890625
abf_fr_information_oracle|tt=information_oracle|g=0.016|eta=0.1|bi=0.909091|sf=0.954545|fe=500|seed=6006,abf_fr_information_oracle|tt=information_oracle|g=0.016|eta=0.1|bi=0.909091|sf=0.954545|fe=500,abf_fr_information_oracle,information_oracle,6006,0.016,0.1,0.9090909090909092,0.9545454545454544,500,2500,5.0,0.3894488228133516,0.9616898841298204,0.0958740351302408,0.2972598852576512,0.3656185505131694,2631,256,0.0,False,0.0,0.0,0,,,,,-0.1812033120208518,0.2136588086310551,0.3948621206519069,1.0180919572704508,0.4367708567048373,1.1417223233787923,0.3681274237426893,0.8837219821153363,0.3894488228133516,0.9616898841298204,0.0720316708584127,1.0651203044649424,256.0,1,0.00390625,0,0,,,,,,,,,,,,0.05,0.1,0.2972598852576512,0.0958740351302408,0.3656185505131694,,,0.48828125,0.09375,0.37109375
abf_fr_information_oracle|tt=information_oracle|g=0.016|eta=0.1|bi=0.909091|sf=0.954545|fe=500|seed=6006,abf_fr_information_oracle|tt=information_oracle|g=0.016|eta=0.1|bi=0.909091|sf=0.954545|fe=500,abf_fr_information_oracle,information_oracle,6006,0.016,0.1,0.9090909090909092,0.9545454545454544,500,3000,6.0,0.355206185244695,0.8890684122195663,0.0794361667070707,0.2924786778302347,0.3722006071329731,2879,256,0.0,False,0.0,0.0,0,,,,,-0.128502863991919,0.2136588086310551,0.3421616726229741,0.934832565197994,0.3994871882516692,1.0584414634220096,0.335082965945311,0.8169381592470747,0.355206185244695,0.8890684122195663,0.0706043854161682,1.0306344860579897,256.0,1,0.00390625,0,0,,,,,,,,,,,,0.05,0.1,0.2924786778302347,0.0794361667070707,0.3722006071329731,,,0.47265625,0.08984375,0.3828125
abf_fr_information_oracle|tt=information_oracle|g=0.016|eta=0.1|bi=0.909091|sf=0.954545|fe=500|seed=6006,abf_fr_information_oracle|tt=information_oracle|g=0.016|eta=0.1|bi=0.909091|sf=0.954545|fe=500,abf_fr_information_oracle,information_oracle,6006,0.016,0.1,0.9090909090909092,0.9545454545454544,500,3500,7.0,0.3318712518086646,0.8416686757313155,0.1018080176799813,0.3044861465760935,0.3598292815224706,3154,256,0.0,False,0.0,0.0,0,,,,,-0.0977792298430308,0.2136588086310551,0.311438038474086,0.8776437395219612,0.3739530896777698,1.004696969780063,0.3124970499362403,0.7733476888614268,0.3318712518086646,0.8416686757313155,0.0700064920162788,1.0170633894821737,256.0,1,0.00390625,0,0,,,,,,,,,,,,0.05,0.1,0.3044861465760935,0.1018080176799813,0.3598292815224706,,,0.484375,0.08203125,0.37109375
abf_fr_information_oracle|tt=information_oracle|g=0.016|eta=0.1|bi=0.909091|sf=0.954545|fe=500|seed=6006,abf_fr_information_oracle|tt=information_oracle|g=0.016|eta=0.1|bi=0.909091|sf=0.954545|fe=500,abf_fr_information_oracle,information_oracle,6006,0.016,0.1,0.9090909090909092,0.9545454545454544,500,4000,8.0,0.3097148396107461,0.7948324865227975,0.0873693859811701,0.2998684719913355,0.3694103487646028,3408,256,0.0,False,0.0,0.0,0,,,,,-0.0645029163728239,0.2136588086310551,0.278161725003879,0.824502212802546,0.3496752453217838,0.9509223357987984,0.290266324603331,0.7298867376370297,0.3097148396107461,0.7948324865227975,0.0690010362059384,0.9973994879144966,256.0,1,0.00390625,0,0,,,,,,,,,,,,0.05,0.1,0.2998684719913355,0.0873693859811701,0.3694103487646028,,,0.4765625,0.0703125,0.3671875
abf_fr_information_oracle|tt=information_oracle|g=0.016|eta=0.1|bi=0.909091|sf=0.954545|fe=500|seed=6006,abf_fr_information_oracle|tt=information_oracle|g=0.016|eta=0.1|bi=0.909091|sf=0.954545|fe=500,abf_fr_information_oracle,information_oracle,6006,0.016,0.1,0.9090909090909092,0.9545454545454544,500,4500,9.0,0.2906780220780409,0.7494203976903967,0.0874882525872814,0.299920673941431,0.3701977581705409,3622,256,0.0,False,0.0,0.0,0,,,,,-0.0452410518995307,0.2136588086310551,0.2588998605305859,0.7755067665171665,0.3283214582155384,0.89767104587897,0.271965188610067,0.6880804347267699,0.2906780220780409,0.7494203976903967,0.0680178239211699,0.9748923741826832,256.0,1,0.00390625,0,0,,,,,,,,,,,,0.05,0.1,0.299920673941431,0.0874882525872814,0.3701977581705409,,,0.47265625,0.0703125,0.34375
abf_fr_information_oracle|tt=information_oracle|g=0.016|eta=0.1|bi=0.909091|sf=0.954545|fe=500|seed=6006,abf_fr_information_oracle|tt=information_oracle|g=0.016|eta=0.1|bi=0.909091|sf=0.954545|fe=500,abf_fr_information_oracle,information_oracle,6006,0.016,0.1,0.9090909090909092,0.9545454545454544,500,5000,10.0,0.2782469761091417,0.7152263367131386,0.0854101994910104,0.3026543965820024,0.3577550216593254,3935,256,0.0,False,0.0,0.0,0,,,,,-0.038403263370661,0.2136588086310551,0.2520620720017161,0.7399683258781024,0.3136340302942897,0.8575753745310062,0.2606398770354057,0.6564527916193831,0.2782469761091417,0.7152263367131386,0.0663264897676223,0.9469118001057276,256.0,1,0.00390625,0,0,,,,,,,,,,,,0.05,0.1,0.3026543965820024,0.0854101994910104,0.3577550216593254,,,0.47265625,0.0625,0.34765625
abf_fr_information_oracle|tt=information_oracle|g=0.016|eta=0.1|bi=0.909091|sf=0.954545|fe=500|seed=6006,abf_fr_information_oracle|tt=information_oracle|g=0.016|eta=0.1|bi=0.909091|sf=0.954545|fe=500,abf_fr_information_oracle,information_oracle,6006,0.016,0.1,0.9090909090909092,0.9545454545454544,500,5500,11.0,0.2658678082811603,0.6869548661218313,0.0816759086025087,0.2988648553055538,0.3922964275658817,4145,256,0.0,False,0.0,0.0,0,,,,,-0.0242201636978052,0.2136588086310551,0.2378789723288603,0.7082197644696238,0.2999281453225228,0.8241354626386186,0.2487920715415788,0.630531020279414,0.2658678082811603,0.6869548661218313,0.0653840751062951,0.9258262856006736,256.0,1,0.00390625,0,0,,,,,,,,,,,,0.05,0.1,0.2988648553055538,0.0816759086025087,0.3922964275658817,,,0.4453125,0.0546875,0.375
abf_fr_information_oracle|tt=information_oracle|g=0.016|eta=0.1|bi=0.909091|sf=0.954545|fe=500|seed=6006,abf_fr_information_oracle|tt=information_oracle|g=0.016|eta=0.1|bi=0.909091|sf=0.954545|fe=500,abf_fr_information_oracle,information_oracle,6006,0.016,0.1,0.9090909090909092,0.9545454545454544,500,6000,12.0,0.2527960513559148,0.6554029619873685,0.0864604801500604,0.3043244264137343,0.3759986837219972,4312,256,0.0,False,0.0,0.0,0,,,,,-0.0093666372179939,0.2136588086310551,0.223025445849049,0.6742386354008709,0.2852660189528147,0.7868246540472993,0.2367542490846199,0.6019357531351742,0.2527960513559148,0.6554029619873685,0.0642607211061034,0.9014376983469166,256.0,1,0.00390625,0,0,,,,,,,,,,,,0.05,0.1,0.3043244264137343,0.0864604801500604,0.3759986837219972,,,0.46875,0.05859375,0.3515625
abf_fr_information_oracle|tt=information_oracle|g=0.016|eta=0.1|bi=0.909091|sf=0.954545|fe=500|seed=6006,abf_fr_information_oracle|tt=information_oracle|g=0.016|eta=0.1|bi=0.909091|sf=0.954545|fe=500,abf_fr_information_oracle,information_oracle,6006,0.016,0.1,0.9090909090909092,0.9545454545454544,500,6500,13.0,0.2407307068506829,0.6236515942592994,0.098992185442775,0.3048207022555592,0.3631138584666123,4451,256,0.0,False,0.0,0.0,0,,,,,-0.0013649469192493,0.2136588086310551,0.2150237555503045,0.6417094207667015,0.2714261311078482,0.7488211910782039,0.2255356500631239,0.5729387343493211,0.2407307068506829,0.6236515942592994,0.0621298416263886,0.8677253059848787,256.0,1,0.00390625,0,0,,,,,,,,,,,,0.05,0.1,0.3048207022555592,0.098992185442775,0.3631138584666123,,,0.45703125,0.05859375,0.34765625
abf_fr_information_oracle|tt=information_oracle|g=0.016|eta=0.1|bi=0.909091|sf=0.954545|fe=500|seed=6006,abf_fr_information_oracle|tt=information_oracle|g=0.016|eta=0.1|bi=0.909091|sf=0.954545|fe=500,abf_fr_information_oracle,information_oracle,6006,0.016,0.1,0.9090909090909092,0.9545454545454544,500,7000,14.0,0.2311728160698029,0.6025696363338344,0.0897820658870591,0.3071365504035449,0.3943510754172283,4623,256,0.0,False,0.0,0.0,0,,,,,0.0139263708170958,0.2136588086310551,0.1997324378139593,0.6192558594083791,0.261198155962859,0.7236366792759766,0.2161517035434611,0.5539214683963972,0.2311728160698029,0.6025696363338344,0.0613713600139115,0.850708025389868,256.0,1,0.00390625,0,0,,,,,,,,,,,,0.05,0.1,0.3071365504035449,0.0897820658870591,0.3943510754172283,,,0.453125,0.05859375,0.3515625
abf_fr_information_oracle|tt=information_oracle|g=0.016|eta=0.1|bi=0.909091|sf=0.954545|fe=500|seed=6006,abf_fr_information_oracle|tt=information_oracle|g=0.016|eta=0.1|bi=0.909091|sf=0.954545|fe=500,abf_fr_information_oracle,information_oracle,6006,0.016,0.1,0.9090909090909092,0.9545454545454544,500,7500,15.0,0.2220243472055404,0.58258771591861,0.0991406697326992,0.3151570454283258,0.3696256016867918,4793,256,0.0,False,0.0,0.0,0,,,,,0.0294009232886054,0.2136588086310551,0.1842578853424497,0.5973798920912405,0.2512536157565729,0.6997761953175688,0.2072040374469108,0.5358168930912439,0.2220243472055404,0.58258771591861,0.0598603457541573,0.8279605527068004,256.0,1,0.00390625,0,0,,,,,,,,,,,,0.05,0.1,0.3151570454283258,0.0991406697326992,0.3696256016867918,,,0.4453125,0.04296875,0.3515625
abf_fr_information_oracle|tt=information_oracle|g=0.016|eta=0.1|bi=0.909091|sf=0.954545|fe=500|seed=6006,abf_fr_information_oracle|tt=information_oracle|g=0.016|eta=0.1|bi=0.909091|sf=0.954545|fe=500,abf_fr_information_oracle,information_oracle,6006,0.016,0.1,0.9090909090909092,0.9545454545454544,500,8000,16.0,0.2140962538215964,0.5631541725746402,0.0916007723347575,0.3049234739231111,0.3842605752257592,4924,256,0.0,False,0.0,0.0,0,,,,,0.0403933537198071,0.2136588086310551,0.173265454911248,0.5766974813216877,0.2422768107569928,0.6766979609624133,0.1995771810428239,0.5181470933696989,0.2140962538215964,0.5631541725746402,0.0587201167138547,0.808487501028895,256.0,1,0.00390625,0,0,,,,,,,,,,,,0.05,0.1,0.3049234739231111,0.0916007723347575,0.3842605752257592,,,0.44921875,0.05078125,0.33984375
abf_fr_information_oracle|tt=information_oracle|g=0.016|eta=0.1|bi=0.909091|sf=0.954545|fe=500|seed=6006,abf_fr_information_oracle|tt=information_oracle|g=0.016|eta=0.1|bi=0.909091|sf=0.954545|fe=500,abf_fr_information_oracle,information_oracle,6006,0.016,0.1,0.9090909090909092,0.9545454545454544,500,8500,17.0,0.2107247442627155,0.5543541427201788,0.0869209950810225,0.3073276688971872,0.3952456908079905,5062,256,0.0,False,0.0,0.0,0,,,,,0.0397318869712499,0.2136588086310551,0.1739269216598051,0.5657937723481447,0.2380979524895901,0.6662228209121746,0.1969054085976662,0.5102634446415192,0.2107247442627155,0.5543541427201788,0.0585342019054426,0.805379506914309,256.0,1,0.00390625,0,0,,,,,,,,,,,,0.05,0.1,0.3073276688971872,0.0869209950810225,0.3952456908079905,,,0.46875,0.05078125,0.3359375
abf_fr_information_oracle|tt=information_oracle|g=0.016|eta=0.1|bi=0.909091|sf=0.954545|fe=500|seed=6006,abf_fr_information_oracle|tt=information_oracle|g=0.016|eta=0.1|bi=0.909091|sf=0.954545|fe=500,abf_fr_information_oracle,information_oracle,6006,0.016,0.1,0.9090909090909092,0.9545454545454544,500,9000,18.0,0.2036012046019652,0.5410281235298781,0.0857792178589474,0.2948890361297611,0.3797377641344912,5238,256,0.0,False,0.0,0.0,0,,,,,0.0563486916446507,0.2136588086310551,0.1573101169864044,0.5503305022843179,0.2306776527641655,0.6502082299169615,0.1900680159911902,0.4980897079524076,0.2036012046019652,0.5410281235298781,0.0575977258135877,0.7923147767693164,256.0,1,0.00390625,0,0,,,,,,,,,,,,0.05,0.1,0.2948890361297611,0.0857792178589474,0.3797377641344912,,,0.4453125,0.0546875,0.33203125
abf_fr_information_oracle|tt=information_oracle|g=0.016|eta=0.1|bi=0.909091|sf=0.954545|fe=500|seed=6006,abf_fr_information_oracle|tt=information_oracle|g=0.016|eta=0.1|bi=0.909091|sf=0.954545|fe=500,abf_fr_information_oracle,information_oracle,6006,0.016,0.1,0.9090909090909092,0.9545454545454544,500,9500,19.0,0.1993471251912492,0.5258132271660908,0.0854085936691935,0.2956678723684521,0.3930243106322582,5425,256,0.0,False,0.0,0.0,0,,,,,0.0511384034472754,0.2136588086310551,0.1625204051837796,0.535129133128886,0.2251964733827762,0.6320308942355667,0.1866126778231709,0.484344268561456,0.1993471251912492,0.5258132271660908,0.0567967561137858,0.7766975190447584,256.0,1,0.00390625,0,0,,,,,,,,,,,,0.05,0.1,0.2956678723684521,0.0854085936691935,0.3930243106322582,,,0.44921875,0.0625,0.32421875
abf_fr_information_oracle|tt=information_oracle|g=0.016|eta=0.1|bi=0.909091|sf=0.954545|fe=500|seed=6006,abf_fr_information_oracle|tt=information_oracle|g=0.016|eta=0.1|bi=0.909091|sf=0.954545|fe=500,abf_fr_information_oracle,information_oracle,6006,0.016,0.1,0.9090909090909092,0.9545454545454544,500,10000,20.0,0.1903997847596424,0.5037658820205327,0.0751241554078149,0.2889111989963652,0.3866930939733757,5616,250,0.016,True,0.0234375,0.0234375,6,7.63278329429795e-17,1.016429105669751,-3.8495099117613543,1.3940057172595397,0.0628259846784544,0.2136588086310551,0.1508328239526006,0.5128219236766703,0.215397159881843,0.6055986398352452,0.1780519758249244,0.4644754210681777,0.1903997847596424,0.5037658820205327,0.0552989481376557,0.752418174767867,244.53731343283584,2,0.0078125,1,6,0.0,-3.21401779719952,-3.21401779719952,-1.2769210563951698,-1.2769210563951698,0.1507595239144801,0.1507595239144801,1.134837582279464,1.134837582279464,1.392324403485105,1.392324403485105,0.05,0.1,0.2889111989963652,0.0751241554078149,0.3866930939733757,1.016429105669751,1.3940057172595397,0.44140625,0.078125,0.3359375
abf_fr_information_oracle|tt=information_oracle|g=0.016|eta=0.1|bi=0.909091|sf=0.954545|fe=500|seed=6006,abf_fr_information_oracle|tt=information_oracle|g=0.016|eta=0.1|bi=0.909091|sf=0.954545|fe=500,abf_fr_information_oracle,information_oracle,6006,0.016,0.1,0.9090909090909092,0.9545454545454544,500,10500,21.0,0.1859555281625808,0.4912565905344702,0.0876333281494614,0.3075816558176552,0.3854660610516681,5733,250,0.0,False,0.0,0.0,0,,,,,0.0642919034652749,0.2136588086310551,0.1493669051657802,0.5004346467094573,0.2102096887563515,0.590583129598206,0.173942802893268,0.4532990935238663,0.1859555281625808,0.4912565905344702,0.0542994085650934,0.7366219326959667,244.53731343283584,2,0.0078125,1,6,,,,,,,,,,,,0.05,0.1,0.3075816558176552,0.0876333281494614,0.3854660610516681,,,0.41796875,0.05078125,0.3515625
abf_fr_information_oracle|tt=information_oracle|g=0.016|eta=0.1|bi=0.909091|sf=0.954545|fe=500|seed=6006,abf_fr_information_oracle|tt=information_oracle|g=0.016|eta=0.1|bi=0.909091|sf=0.954545|fe=500,abf_fr_information_oracle,information_oracle,6006,0.016,0.1,0.9090909090909092,0.9545454545454544,500,11000,22.0,0.1828315103742316,0.481766519151949,0.0898112138037426,0.3072151653726875,0.3863148675255011,5853,250,0.0,False,0.0,0.0,0,,,,,0.0645239020584078,0.2136588086310551,0.1491349065726472,0.4911057280160408,0.2064667648089494,0.5792244433460949,0.1711420972328996,0.4447391865035562,0.1828315103742316,0.481766519151949,0.0532627438633505,0.723770559581963,244.53731343283584,2,0.0078125,1,6,,,,,,,,,,,,0.05,0.1,0.3072151653726875,0.0898112138037426,0.3863148675255011,,,0.41015625,0.046875,0.33984375
abf_fr_information_oracle|tt=information_oracle|g=0.016|eta=0.1|bi=0.909091|sf=0.954545|fe=500|seed=6007,abf_fr_information_oracle|tt=information_oracle|g=0.016|eta=0.1|bi=0.909091|sf=0.954545|fe=500,abf_fr_information_oracle,information_oracle,6007,0.016,0.1,0.9090909090909092,0.9545454545454544,500,0,0.0,2.906603863987052,6.564657815288973,0.0608120094470472,0.2491462770273302,0.4076149911386127,0,256,0.0,False,0.0,0.0,0,,,,,0.0,0.2136588086310551,0.2136588086310551,1.8839792970692677,0.7722826132658906,3.487298309594125,5.408116675855963,9.381946420303988,2.906603863987052,6.564657815288973,0.037083496902375,0.7293641473133242,256.0,1,0.00390625,0,0,,,,,,,,,,,,0.05,0.1,0.2491462770273302,0.0608120094470472,0.4076149911386127,,,0.37890625,0.1640625,0.3046875
abf_fr_information_oracle|tt=information_oracle|g=0.016|eta=0.1|bi=0.909091|sf=0.954545|fe=500|seed=6007,abf_fr_information_oracle|tt=information_oracle|g=0.016|eta=0.1|bi=0.909091|sf=0.954545|fe=500,abf_fr_information_oracle,information_oracle,6007,0.016,0.1,0.9090909090909092,0.9545454545454544,500,500,1.0,0.6138210099030192,1.2148614265469533,0.122674525501027,0.3105347774861256,0.3573328605458405,398,256,0.0,False,0.0,0.0,0,,,,,-0.7733606850182895,0.2136588086310551,0.9870194936493446,1.2747706588112255,0.6094508851158913,1.274855317378826,0.6554901989796883,1.122435902738958,0.6138210099030192,1.2148614265469533,0.0586712067651009,0.8751214114025037,256.0,1,0.00390625,0,0,,,,,,,,,,,,0.05,0.1,0.3105347774861256,0.122674525501027,0.3573328605458405,,,0.42578125,0.1171875,0.37109375
abf_fr_information_oracle|tt=information_oracle|g=0.016|eta=0.1|bi=0.909091|sf=0.954545|fe=500|seed=6007,abf_fr_information_oracle|tt=information_oracle|g=0.016|eta=0.1|bi=0.909091|sf=0.954545|fe=500,abf_fr_information_oracle,information_oracle,6007,0.016,0.1,0.9090909090909092,0.9545454545454544,500,1000,2.0,0.5457331064294367,1.0081945218492785,0.1090460834222631,0.2985953876758966,0.3608238851325122,759,256,0.0,False,0.0,0.0,0,,,,,-0.7582668273545643,0.2136588086310551,0.9719256359856194,1.0576339239937107,0.5412596864542434,1.1048593420835502,0.5719979889280757,0.9302011131467768,0.5457331064294367,1.0081945218492785,0.0661078112905743,0.9333109809275972,256.0,1,0.00390625,0,0,,,,,,,,,,,,0.05,0.1,0.2985953876758966,0.1090460834222631,0.3608238851325122,,,0.44140625,0.1015625,0.3984375
abf_fr_information_oracle|tt=information_oracle|g=0.016|eta=0.1|bi=0.909091|sf=0.954545|fe=500|seed=6007,abf_fr_information_oracle|tt=information_oracle|g=0.016|eta=0.1|bi=0.909091|sf=0.954545|fe=500,abf_fr_information_oracle,information_oracle,6007,0.016,0.1,0.9090909090909092,0.9545454545454544,500,1500,3.0,0.4745185046203117,0.8856135811533783,0.1082338597096228,0.3021927357246426,0.3703002032055363,1043,256,0.0,False,0.0,0.0,0,,,,,-0.6493988531365282,0.2136588086310551,0.8630576617675834,0.9247858438201472,0.4781133822625403,0.9961284081369836,0.4897896204413685,0.8167674792024538,0.4745185046203117,0.8856135811533783,0.0642981948588353,0.909810795319068,256.0,1,0.00390625,0,0,,,,,,,,,,,,0.05,0.1,0.3021927357246426,0.1082338597096228,0.3703002032055363,,,0.453125,0.09375,0.40234375
abf_fr_information_oracle|tt=information_oracle|g=0.016|eta=0.1|bi=0.909091|sf=0.954545|fe=500|seed=6007,abf_fr_information_oracle|tt=information_oracle|g=0.016|eta=0.1|bi=0.909091|sf=0.954545|fe=500,abf_fr_information_oracle,information_oracle,6007,0.016,0.1,0.9090909090909092,0.9545454545454544,500,2000,4.0,0.4348675847853259,0.801016435150343,0.1066189733122642,0.3031175834932713,0.3717623622064968,1297,256,0.0,False,0.0,0.0,0,,,,,-0.5871529875183796,0.2136588086310551,0.8008117961494348,0.833820796755429,0.4383806527520814,0.9162405161381416,0.44619016810004,0.7390284241950688,0.4348675847853259,0.801016435150343,0.0625023343091785,0.8785208301067836,256.0,1,0.00390625,0,0,,,,,,,,,,,,0.05,0.1,0.3031175834932713,0.1066189733122642,0.3717623622064968,,,0.44921875,0.0859375,0.4140625
abf_fr_information_oracle|tt=information_oracle|g=0.016|eta=0.1|bi=0.909091|sf=0.954545|fe=500|seed=6007,abf_fr_information_oracle|tt=information_oracle|g=0.016|eta=0.1|bi=0.909091|sf=0.954545|fe=500,abf_fr_information_oracle,information_oracle,6007,0.016,0.1,0.9090909090909092,0.9545454545454544,500,2500,5.0,0.4203249596812202,0.7496232357709451,0.096838834006868,0.2945938730744484,0.3806351350809474,1634,256,0.0,False,0.0,0.0,0,,,,,-0.5711548913687139,0.2136588086310551,0.784813699999769,0.787313962476325,0.4219008684415462,0.8701961301958693,0.429121463325789,0.6913887388767952,0.4203249596812202,0.7496232357709451,0.0614156365339397,0.8546055648347014,256.0,1,0.00390625,0,0,,,,,,,,,,,,0.05,0.1,0.2945938730744484,0.096838834006868,0.3806351350809474,,,0.44140625,0.125,0.3984375
abf_fr_information_oracle|tt=information_oracle|g=0.016|eta=0.1|bi=0.909091|sf=0.954545|fe=500|seed=6007,abf_fr_information_oracle|tt=information_oracle|g=0.016|eta=0.1|bi=0.909091|sf=0.954545|fe=500,abf_fr_information_oracle,information_oracle,6007,0.016,0.1,0.9090909090909092,0.9545454545454544,500,3000,6.0,0.3950826011553332,0.6917761946978002,0.0891352568171939,0.2756884614787929,0.389373716879177,1922,256,0.0,False,0.0,0.0,0,,,,,-0.5355170488937624,0.2136588086310551,0.7491758575248175,0.7239518982350551,0.3955491577159444,0.8096034368124017,0.4017879654498152,0.6379576567795099,0.3950826011553332,0.6917761946978002,0.0595911740310296,0.8244833200064021,256.0,1,0.00390625,0,0,,,,,,,,,,,,0.05,0.1,0.2756884614787929,0.0891352568171939,0.389373716879177,,,0.44140625,0.1015625,0.37890625
abf_fr_information_oracle|tt=information_oracle|g=0.016|eta=0.1|bi=0.909091|sf=0.954545|fe=500|seed=6007,abf_fr_information_oracle|tt=information_oracle|g=0.016|eta=0.1|bi=0.909091|sf=0.954545|fe=500,abf_fr_information_oracle,information_oracle,6007,0.016,0.1,0.9090909090909092,0.9545454545454544,500,3500,7.0,0.3746121430393496,0.6352034962653308,0.0796187662648405,0.2816980154116548,0.3889153434838653,2208,256,0.0,False,0.0,0.0,0,,,,,-0.5072053918031898,0.2136588086310551,0.7208642004342449,0.6676634329783183,0.3728419729434622,0.7479460343454195,0.3802068401101868,0.5857839157303711,0.3746121430393496,0.6352034962653308,0.056563814285717,0.7756209210197638,256.0,1,0.00390625,0,0,,,,,,,,,,,,0.05,0.1,0.2816980154116548,0.0796187662648405,0.3889153434838653,,,0.45703125,0.09375,0.3828125
abf_fr_information_oracle|tt=information_oracle|g=0.016|eta=0.1|bi=0.909091|sf=0.954545|fe=500|seed=6007,abf_fr_information_oracle|tt=information_oracle|g=0.016|eta=0.1|bi=0.909091|sf=0.954545|fe=500,abf_fr_information_oracle,information_oracle,6007,0.016,0.1,0.9090909090909092,0.9545454545454544,500,4000,8.0,0.3530932476159131,0.5961790510131109,0.1056015909633016,0.2941205857560784,0.3513908705070354,2507,256,0.0,False,0.0,0.0,0,,,,,-0.4664982008070453,0.2136588086310551,0.6801570094381004,0.6276840393290913,0.3512435699097349,0.7046615559107222,0.3585128923646883,0.549991687200442,0.3530932476159131,0.5961790510131109,0.0556975591228876,0.7545725441797007,256.0,1,0.00390625,0,0,,,,,,,,,,,,0.05,0.1,0.2941205857560784,0.1056015909633016,0.3513908705070354,,,0.4453125,0.08984375,0.36328125
abf_fr_information_oracle|tt=information_oracle|g=0.016|eta=0.1|bi=0.909091|sf=0.954545|fe=500|seed=6007,abf_fr_information_oracle|tt=information_oracle|g=0.016|eta=0.1|bi=0.909091|sf=0.954545|fe=500,abf_fr_information_oracle,information_oracle,6007,0.016,0.1,0.9090909090909092,0.9545454545454544,500,4500,9.0,0.3309377266436627,0.5549183727630729,0.0827713969868696,0.2861685568254764,0.3580958479964271,2734,256,0.0,False,0.0,0.0,0,,,,,-0.4290685261622222,0.2136588086310551,0.6427273347932774,0.5825169815138218,0.3290941527948319,0.6565492559673148,0.3358868441918601,0.5120649451759755,0.3309377266436627,0.5549183727630729,0.0535132311223451,0.7241250711096034,256.0,1,0.00390625,0,0,,,,,,,,,,,,0.05,0.1,0.2861685568254764,0.0827713969868696,0.3580958479964271,,,0.453125,0.10546875,0.328125
abf_fr_information_oracle|tt=information_oracle|g=0.016|eta=0.1|bi=0.909091|sf=0.954545|fe=500|seed=6007,abf_fr_information_oracle|tt=information_oracle|g=0.016|eta=0.1|bi=0.909091|sf=0.954545|fe=500,abf_fr_information_oracle,information_oracle,6007,0.016,0.1,0.9090909090909092,0.9545454545454544,500,5000,10.0,0.3177547028449308,0.5285543785515576,0.0836005063132541,0.2929895848052874,0.3673139402067918,2919,256,0.0,False,0.0,0.0,0,,,,,-0.4073880612747587,0.2136588086310551,0.6210468699058138,0.555369516894272,0.3158870697856937,0.6266530336604459,0.3221782516951503,0.4881619230483033,0.3177547028449308,0.5285543785515576,0.0525459535343201,0.7026828282940605,256.0,1,0.00390625,0,0,,,,,,,,,,,,0.05,0.1,0.2929895848052874,0.0836005063132541,0.3673139402067918,,,0.45703125,0.08984375,0.359375
abf_fr_information_oracle|tt=information_oracle|g=0.016|eta=0.1|bi=0.909091|sf=0.954545|fe=500|seed=6007,abf_fr_information_oracle|tt=information_oracle|g=0.016|eta=0.1|bi=0.909091|sf=0.954545|fe=500,abf_fr_information_oracle,information_oracle,6007,0.016,0.1,0.9090909090909092,0.9545454545454544,500,5500,11.0,0.3106823371664452,0.5130143015013865,0.0940271029601822,0.2913584168601666,0.3890935437951209,3154,256,0.0,False,0.0,0.0,0,,,,,-0.396245963692543,0.2136588086310551,0.6099047723235982,0.5398433335117081,0.3086574555615745,0.6098138792159297,0.3145996503258281,0.4736276606283269,0.3106823371664452,0.5130143015013865,0.0521269943124421,0.6919546241156603,256.0,1,0.00390625,0,0,,,,,,,,,,,,0.05,0.1,0.2913584168601666,0.0940271029601822,0.3890935437951209,,,0.453125,0.0703125,0.359375
abf_fr_information_oracle|tt=information_oracle|g=0.016|eta=0.1|bi=0.909091|sf=0.954545|fe=500|seed=6007,abf_fr_information_oracle|tt=information_oracle|g=0.016|eta=0.1|bi=0.909091|sf=0.954545|fe=500,abf_fr_information_oracle,information_oracle,6007,0.016,0.1,0.9090909090909092,0.9545454545454544,500,6000,12.0,0.3134311228581992,0.5070483344917461,0.0750978084593409,0.2828207304038448,0.3669019657724431,3349,256,0.0,False,0.0,0.0,0,,,,,-0.4072301481103757,0.2136588086310551,0.6208889567414309,0.5329845876140931,0.3099160090186704,0.6040169354376358,0.3174980456872293,0.4680672696988411,0.3134311228581992,0.5070483344917461,0.0529865271393593,0.691297608342393,256.0,1,0.00390625,0,0,,,,,,,,,,,,0.05,0.1,0.2828207304038448,0.0750978084593409,0.3669019657724431,,,0.44140625,0.1015625,0.33984375
abf_fr_information_oracle|tt=information_oracle|g=0.016|eta=0.1|bi=0.909091|sf=0.954545|fe=500|seed=6007,abf_fr_information_oracle|tt=information_oracle|g=0.016|eta=0.1|bi=0.909091|sf=0.954545|fe=500,abf_fr_information_oracle,information_oracle,6007,0.016,0.1,0.9090909090909092,0.9545454545454544,500,6500,13.0,0.2997448165343321,0.4845626588336522,0.0788525898578846,0.2951299201414525,0.3871254419718333,3578,256,0.0,False,0.0,0.0,0,,,,,-0.3810742795880628,0.2136588086310551,0.594733088219118,0.5091287664970239,0.2966914017109519,0.5776710530689951,0.3036314462256466,0.4476808671025077,0.2997448165343321,0.4845626588336522,0.0519034610011773,0.6744529464375499,256.0,1,0.00390625,0,0,,,,,,,,,,,,0.05,0.1,0.2951299201414525,0.0788525898578846,0.3871254419718333,,,0.4375,0.0859375,0.34765625
abf_fr_information_oracle|tt=information_oracle|g=0.016|eta=0.1|bi=0.909091|sf=0.954545|fe=500|seed=6007,abf_fr_information_oracle|tt=information_oracle|g=0.016|eta=0.1|bi=0.909091|sf=0.954545|fe=500,abf_fr_information_oracle,information_oracle,6007,0.016,0.1,0.9090909090909092,0.9545454545454544,500,7000,14.0,0.2912537210585059,0.4626462665292017,0.0728023813680179,0.2863585230915451,0.3831139764735545,3898,256,0.0,False,0.0,0.0,0,,,,,-0.367307665982846,0.2136588086310551,0.5809664746139012,0.488667062342083,0.2872213513824232,0.551857543369569,0.2959663627620762,0.4279093130594166,0.2912537210585059,0.4626462665292017,0.0513541891764057,0.6555212429457777,256.0,1,0.00390625,0,0,,,,,,,,,,,,0.05,0.1,0.2863585230915451,0.0728023813680179,0.3831139764735545,,,0.4296875,0.08984375,0.33984375
abf_fr_information_oracle|tt=information_oracle|g=0.016|eta=0.1|bi=0.909091|sf=0.954545|fe=500|seed=6007,abf_fr_information_oracle|tt=information_oracle|g=0.016|eta=0.1|bi=0.909091|sf=0.954545|fe=500,abf_fr_information_oracle,information_oracle,6007,0.016,0.1,0.9090909090909092,0.9545454545454544,500,7500,15.0,0.2880599628938421,0.4509470635823663,0.0687671874813499,0.2794492640597429,0.3983216660258815,4218,256,0.0,False,0.0,0.0,0,,,,,-0.3645825376578138,0.2136588086310551,0.5782413462888689,0.4781415125983262,0.2834865872369571,0.5383447693187697,0.2928168745344999,0.4174172924030796,0.2880599628938421,0.4509470635823663,0.0514505042466264,0.6484874420672584,256.0,1,0.00390625,0,0,,,,,,,,,,,,0.05,0.1,0.2794492640597429,0.0687671874813499,0.3983216660258815,,,0.44140625,0.10546875,0.3203125
abf_fr_information_oracle|tt=information_oracle|g=0.016|eta=0.1|bi=0.909091|sf=0.954545|fe=500|seed=6007,abf_fr_information_oracle|tt=information_oracle|g=0.016|eta=0.1|bi=0.909091|sf=0.954545|fe=500,abf_fr_information_oracle,information_oracle,6007,0.016,0.1,0.9090909090909092,0.9545454545454544,500,8000,16.0,0.2794882144339163,0.4295012714979579,0.0690223345356365,0.2761626750245303,0.3830084035739932,4509,256,0.0,False,0.0,0.0,0,,,,,-0.3493102570353521,0.2136588086310551,0.5629690656664073,0.4590273715526405,0.274024435233467,0.5128706814619002,0.2848853762386866,0.3981307798098323,0.2794882144339163,0.4295012714979579,0.0503788831343669,0.6233328877769686,256.0,1,0.00390625,0,0,,,,,,,,,,,,0.05,0.1,0.2761626750245303,0.0690223345356365,0.3830084035739932,,,0.44921875,0.109375,0.30078125
abf_fr_information_oracle|tt=information_oracle|g=0.016|eta=0.1|bi=0.909091|sf=0.954545|fe=500|seed=6007,abf_fr_information_oracle|tt=information_oracle|g=0.016|eta=0.1|bi=0.909091|sf=0.954545|fe=500,abf_fr_information_oracle,information_oracle,6007,0.016,0.1,0.9090909090909092,0.9545454545454544,500,8500,17.0,0.2724203715015292,0.4113042756712335,0.0906001089413326,0.2912664098774817,0.3961937932245485,4755,256,0.0,False,0.0,0.0,0,,,,,-0.3384155064077134,0.2136588086310551,0.5520743150387686,0.4416203616049042,0.2663563196446247,0.4913380431561908,0.2779318897105298,0.3819262664374679,0.2724203715015292,0.4113042756712335,0.0495220383306363,0.6048258577175794,256.0,1,0.00390625,0,0,,,,,,,,,,,,0.05,0.1,0.2912664098774817,0.0906001089413326,0.3961937932245485,,,0.453125,0.0859375,0.28125
abf_fr_information_oracle|tt=information_oracle|g=0.016|eta=0.1|bi=0.909091|sf=0.954545|fe=500|seed=6007,abf_fr_information_oracle|tt=information_oracle|g=0.016|eta=0.1|bi=0.909091|sf=0.954545|fe=500,abf_fr_information_oracle,information_oracle,6007,0.016,0.1,0.9090909090909092,0.9545454545454544,500,9000,18.0,0.2643463926829236,0.3986069677587006,0.0762912988630878,0.2914371668172856,0.3873639028069436,5003,256,0.0,False,0.0,0.0,0,,,,,-0.3224475776483118,0.2136588086310551,0.5361063862793669,0.4281214517424238,0.2586138095180074,0.4765096288449955,0.2692003571234179,0.3705888536524908,0.2643463926829236,0.3986069677587006,0.0484715905674438,0.5919437916780546,256.0,1,0.00390625,0,0,,,,,,,,,,,,0.05,0.1,0.2914371668172856,0.0762912988630878,0.3873639028069436,,,0.42578125,0.07421875,0.3046875
abf_fr_information_oracle|tt=information_oracle|g=0.016|eta=0.1|bi=0.909091|sf=0.954545|fe=500|seed=6007,abf_fr_information_oracle|tt=information_oracle|g=0.016|eta=0.1|bi=0.909091|sf=0.954545|fe=500,abf_fr_information_oracle,information_oracle,6007,0.016,0.1,0.9090909090909092,0.9545454545454544,500,9500,19.0,0.2625410753211282,0.3922879226887043,0.0778693504804966,0.2937163968750845,0.3823605924613272,5288,256,0.0,False,0.0,0.0,0,,,,,-0.3209712244600133,0.2136588086310551,0.5346300330910685,0.4226509313953484,0.256816395876568,0.4694594924033829,0.2670982510085088,0.3648466341571602,0.2625410753211282,0.3922879226887043,0.048615712862011,0.5855525963329948,256.0,1,0.00390625,0,0,,,,,,,,,,,,0.05,0.1,0.2937163968750845,0.0778693504804966,0.3823605924613272,,,0.4453125,0.078125,0.32421875
abf_fr_information_oracle|tt=information_oracle|g=0.016|eta=0.1|bi=0.909091|sf=0.954545|fe=500|seed=6007,abf_fr_information_oracle|tt=information_oracle|g=0.016|eta=0.1|bi=0.909091|sf=0.954545|fe=500,abf_fr_information_oracle,information_oracle,6007,0.016,0.1,0.9090909090909092,0.9545454545454544,500,10000,20.0,0.2600350361488287,0.3857263518148732,0.0704076803782239,0.2876082746907528,0.3965342155175108,5520,251,0.016,True,0.01953125,0.01953125,5,5.2041704279304207e-17,1.133664413060829,-3.850214410655367,1.7225796229962966,-0.3167098812396389,0.2136588086310551,0.5303686898706941,0.4171338252137416,0.254282958336777,0.4618652429550811,0.2644367801222707,0.3590501207700304,0.2600350361488287,0.3857263518148732,0.049041952521787,0.5815281672389894,246.37593984962405,2,0.0078125,1,5,0.0,-3.1128697665442044,-3.1128697665442044,-1.6695065397397966,-1.6695065397397966,0.1131484608182327,0.1131484608182327,1.5873860068850596,1.5873860068850596,1.7190808808986668,1.7190808808986668,0.05,0.1,0.2876082746907528,0.0704076803782239,0.3965342155175108,1.133664413060829,1.7225796229962966,0.42578125,0.07421875,0.328125
abf_fr_information_oracle|tt=information_oracle|g=0.016|eta=0.1|bi=0.909091|sf=0.954545|fe=500|seed=6007,abf_fr_information_oracle|tt=information_oracle|g=0.016|eta=0.1|bi=0.909091|sf=0.954545|fe=500,abf_fr_information_oracle,information_oracle,6007,0.016,0.1,0.9090909090909092,0.9545454545454544,500,10500,21.0,0.2564273090757935,0.3788199853583279,0.0656290599880234,0.2789140396200044,0.39521700577202,5779,251,0.0,False,0.0,0.0,0,,,,,-0.3101388768200088,0.2136588086310551,0.523797685451064,0.4093333935273969,0.2504746736975483,0.4536699484589053,0.2608696826168585,0.3528610180320185,0.2564273090757935,0.3788199853583279,0.0485594018849878,0.5758188743007416,246.37593984962405,2,0.0078125,1,5,,,,,,,,,,,,0.05,0.1,0.2789140396200044,0.0656290599880234,0.39521700577202,,,0.41015625,0.078125,0.3203125
abf_fr_information_oracle|tt=information_oracle|g=0.016|eta=0.1|bi=0.909091|sf=0.954545|fe=500|seed=6007,abf_fr_information_oracle|tt=information_oracle|g=0.016|eta=0.1|bi=0.909091|sf=0.954545|fe=500,abf_fr_information_oracle,information_oracle,6007,0.016,0.1,0.9090909090909092,0.9545454545454544,500,11000,22.0,0.2494103707780396,0.3653224012651391,0.0734368298214397,0.2873119111519791,0.3888043646728008,6044,251,0.0,False,0.0,0.0,0,,,,,-0.2971378117124885,0.2136588086310551,0.5107966203435437,0.3954193653498647,0.2432595624928828,0.4373787057225199,0.2539029765923618,0.3407492971189864,0.2494103707780396,0.3653224012651391,0.0472879574915964,0.5580273554557907,246.37593984962405,2,0.0078125,1,5,,,,,,,,,,,,0.05,0.1,0.2873119111519791,0.0734368298214397,0.3888043646728008,,,0.4296875,0.0859375,0.30859375
abf_fr_information_oracle|tt=information_oracle|g=0.032|eta=0.1|bi=0.909091|sf=0.954545|fe=500|seed=6000,abf_fr_information_oracle|tt=information_oracle|g=0.032|eta=0.1|bi=0.909091|sf=0.954545|fe=500,abf_fr_information_oracle,information_oracle,6000,0.032,0.1,0.9090909090909092,0.9545454545454544,500,0,0.0,2.906603863987052,6.564657815288973,0.0545244755537654,0.2435778123220142,0.4086045869500432,0,256,0.0,False,0.0,0.0,0,,,,,0.0,0.2136588086310551,0.2136588086310551,1.8839792970692677,0.7722826132658906,3.487298309594125,5.408116675855963,9.381946420303988,2.906603863987052,6.564657815288973,0.037083496902375,0.7293641473133242,256.0,1,0.00390625,0,0,,,,,,,,,,,,0.05,0.1,0.2435778123220142,0.0545244755537654,0.4086045869500432,,,0.31640625,0.171875,0.36328125
abf_fr_information_oracle|tt=information_oracle|g=0.032|eta=0.1|bi=0.909091|sf=0.954545|fe=500|seed=6000,abf_fr_information_oracle|tt=information_oracle|g=0.032|eta=0.1|bi=0.909091|sf=0.954545|fe=500,abf_fr_information_oracle,information_oracle,6000,0.032,0.1,0.9090909090909092,0.9545454545454544,500,500,1.0,0.5645001194104928,1.4405373539866726,0.117940167090585,0.3023926977495814,0.3685405469650761,576,256,0.0,False,0.0,0.0,0,,,,,-0.1391138695561515,0.2136588086310551,0.3527726781872067,1.4827805566470156,0.620571772549595,1.588691516834663,0.575421539127629,1.323192136357478,0.5645001194104928,1.4405373539866726,0.0698428888976083,1.0812364800702725,256.0,1,0.00390625,0,0,,,,,,,,,,,,0.05,0.1,0.3023926977495814,0.117940167090585,0.3685405469650761,,,0.37109375,0.1328125,0.39453125
abf_fr_information_oracle|tt=information_oracle|g=0.032|eta=0.1|bi=0.909091|sf=0.954545|fe=500|seed=6000,abf_fr_information_oracle|tt=information_oracle|g=0.032|eta=0.1|bi=0.909091|sf=0.954545|fe=500,abf_fr_information_oracle,information_oracle,6000,0.032,0.1,0.9090909090909092,0.9545454545454544,500,1000,2.0,0.4676600863893281,1.2302667448320572,0.107013116790604,0.2937991320368688,0.3668595543827309,1163,256,0.0,False,0.0,0.0,0,,,,,-0.0616087946816463,0.2136588086310551,0.2752676033127015,1.2762616445892156,0.5326869196762198,1.412742907691694,0.452868785118173,1.1279294286104045,0.4676600863893281,1.2302667448320572,0.0740905968114908,1.1133781512148515,256.0,1,0.00390625,0,0,,,,,,,,,,,,0.05,0.1,0.2937991320368688,0.107013116790604,0.3668595543827309,,,0.40234375,0.1171875,0.43359375
abf_fr_information_oracle|tt=information_oracle|g=0.032|eta=0.1|bi=0.909091|sf=0.954545|fe=500|seed=6000,abf_fr_information_oracle|tt=information_oracle|g=0.032|eta=0.1|bi=0.909091|sf=0.954545|fe=500,abf_fr_information_oracle,information_oracle,6000,0.032,0.1,0.9090909090909092,0.9545454545454544,500,1500,3.0,0.420884799041115,1.1063152028622782,0.1064411471814328,0.2938755197808582,0.3725824721842101,1462,256,0.0,False,0.0,0.0,0,,,,,-0.0661308850933224,0.2136588086310551,0.2797896937243775,1.1470829634646555,0.4812847706351856,1.297138988266831,0.3990942022648784,1.0137754420788567,0.420884799041115,1.1063152028622782,0.0745162790793607,1.1043316729338737,256.0,1,0.00390625,0,0,,,,,,,,,,,,0.05,0.1,0.2938755197808582,0.1064411471814328,0.3725824721842101,,,0.38671875,0.11328125,0.43359375
abf_fr_information_oracle|tt=information_oracle|g=0.032|eta=0.1|bi=0.909091|sf=0.954545|fe=500|seed=6000,abf_fr_information_oracle|tt=information_oracle|g=0.032|eta=0.1|bi=0.909091|sf=0.954545|fe=500,abf_fr_information_oracle,information_oracle,6000,0.032,0.1,0.9090909090909092,0.9545454545454544,500,2000,4.0,0.3627276539590311,0.9754545127131696,0.1037339687902544,0.2967815552485923,0.3482757580322871,1758,256,0.0,False,0.0,0.0,0,,,,,0.0219146456175991,0.2136588086310551,0.1917441630134559,1.0094526611119905,0.4192486012403657,1.153801611363474,0.3383299288225672,0.893887742301927,0.3627276539590311,0.9754545127131696,0.0726602017962793,1.063650704336604,256.0,1,0.00390625,0,0,,,,,,,,,,,,0.05,0.1,0.2967815552485923,0.1037339687902544,0.3482757580322871,,,0.39453125,0.109375,0.4140625
abf_fr_information_oracle|tt=information_oracle|g=0.032|eta=0.1|bi=0.909091|sf=0.954545|fe=500|seed=6000,abf_fr_information_oracle|tt=information_oracle|g=0.032|eta=0.1|bi=0.909091|sf=0.954545|fe=500,abf_fr_information_oracle,information_oracle,6000,0.032,0.1,0.9090909090909092,0.9545454545454544,500,2500,5.0,0.3408980189073302,0.9117296517115931,0.0990506402947486,0.3047358346354893,0.3813260122441516,2044,256,0.0,False,0.0,0.0,0,,,,,0.0093061287799116,0.2136588086310551,0.2043526798511434,0.9420865902428118,0.3922749306144116,1.084306309580939,0.3169095653479397,0.8349348744135203,0.3408980189073302,0.9117296517115931,0.0716495162251242,1.043336244476845,256.0,1,0.00390625,0,0,,,,,,,,,,,,0.05,0.1,0.3047358346354893,0.0990506402947486,0.3813260122441516,,,0.40625,0.0703125,0.4453125
abf_fr_information_oracle|tt=information_oracle|g=0.032|eta=0.1|bi=0.909091|sf=0.954545|fe=500|seed=6000,abf_fr_information_oracle|tt=information_oracle|g=0.032|eta=0.1|bi=0.909091|sf=0.954545|fe=500,abf_fr_information_oracle,information_oracle,6000,0.032,0.1,0.9090909090909092,0.9545454545454544,500,3000,6.0,0.3185137840236808,0.8392934112712361,0.0929216466559927,0.2968654754519306,0.4009351286047766,2278,256,0.0,False,0.0,0.0,0,,,,,-0.0157214992855152,0.2136588086310551,0.2293803079165703,0.8688284143243021,0.3639715793519172,1.0009739658352423,0.2972171952878147,0.7688027892723656,0.3185137840236808,0.8392934112712361,0.0686266146386023,0.9928787743282248,256.0,1,0.00390625,0,0,,,,,,,,,,,,0.05,0.1,0.2968654754519306,0.0929216466559927,0.4009351286047766,,,0.40625,0.08203125,0.4453125
abf_fr_information_oracle|tt=information_oracle|g=0.032|eta=0.1|bi=0.909091|sf=0.954545|fe=500|seed=6000,abf_fr_information_oracle|tt=information_oracle|g=0.032|eta=0.1|bi=0.909091|sf=0.954545|fe=500,abf_fr_information_oracle,information_oracle,6000,0.032,0.1,0.9090909090909092,0.9545454545454544,500,3500,7.0,0.3059922313195608,0.8018051832005079,0.0910110111551891,0.3069555147790613,0.3860839451146418,2492,256,0.0,False,0.0,0.0,0,,,,,-0.0294034063382326,0.2136588086310551,0.2430622149692878,0.8257241493275335,0.3475697196515944,0.9585181179500284,0.2862503485279282,0.7345792098534883,0.3059922313195608,0.8018051832005079,0.0668205260183832,0.9717196860657112,256.0,1,0.00390625,0,0,,,,,,,,,,,,0.05,0.1,0.3069555147790613,0.0910110111551891,0.3860839451146418,,,0.3984375,0.0703125,0.4453125
abf_fr_information_oracle|tt=information_oracle|g=0.032|eta=0.1|bi=0.909091|sf=0.954545|fe=500|seed=6000,abf_fr_information_oracle|tt=information_oracle|g=0.032|eta=0.1|bi=0.909091|sf=0.954545|fe=500,abf_fr_information_oracle,information_oracle,6000,0.032,0.1,0.9090909090909092,0.9545454545454544,500,4000,8.0,0.2919517495579963,0.7673262609961168,0.0847990261122469,0.3033944945707667,0.3796457583145797,2709,256,0.0,False,0.0,0.0,0,,,,,-0.0149019770080762,0.2136588086310551,0.2285607856391314,0.7871998492783918,0.3315239657768186,0.9190301358241392,0.2725504835595485,0.7032833239894104,0.2919517495579963,0.7673262609961168,0.0667316438872684,0.9603483814718956,256.0,1,0.00390625,0,0,,,,,,,,,,,,0.05,0.1,0.3033944945707667,0.0847990261122469,0.3796457583145797,,,0.41015625,0.0625,0.4375
abf_fr_information_oracle|tt=information_oracle|g=0.032|eta=0.1|bi=0.909091|sf=0.954545|fe=500|seed=6000,abf_fr_information_oracle|tt=information_oracle|g=0.032|eta=0.1|bi=0.909091|sf=0.954545|fe=500,abf_fr_information_oracle,information_oracle,6000,0.032,0.1,0.9090909090909092,0.9545454545454544,500,4500,9.0,0.2748921120503096,0.726057326982456,0.0977416386781765,0.3064878546885118,0.3737892472285571,2910,256,0.0,False,0.0,0.0,0,,,,,0.0006348091442731,0.2136588086310551,0.2130239994867819,0.7426394038259283,0.3123941894911767,0.8701389786043938,0.256360602090745,0.6656896173130282,0.2748921120503096,0.726057326982456,0.0665001314814396,0.9450429436541068,256.0,1,0.00390625,0,0,,,,,,,,,,,,0.05,0.1,0.3064878546885118,0.0977416386781765,0.3737892472285571,,,0.3984375,0.0625,0.4140625
abf_fr_information_oracle|tt=information_oracle|g=0.032|eta=0.1|bi=0.909091|sf=0.954545|fe=500|seed=6000,abf_fr_information_oracle|tt=information_oracle|g=0.032|eta=0.1|bi=0.909091|sf=0.954545|fe=500,abf_fr_information_oracle,information_oracle,6000,0.032,0.1,0.9090909090909092,0.9545454545454544,500,5000,10.0,0.2645188705418614,0.6894964408766272,0.079430925255164,0.2902947414693604,0.3991241121120522,3066,256,0.0,False,0.0,0.0,0,,,,,-0.0114073140987578,0.2136588086310551,0.2250661227298129,0.7066909793548057,0.2988913746656636,0.8265985709508551,0.2475415340298017,0.6324065781875191,0.2645188705418614,0.6894964408766272,0.0638426628563385,0.9078426339823747,256.0,1,0.00390625,0,0,,,,,,,,,,,,0.05,0.1,0.2902947414693604,0.079430925255164,0.3991241121120522,,,0.41015625,0.06640625,0.38671875
abf_fr_information_oracle|tt=information_oracle|g=0.032|eta=0.1|bi=0.909091|sf=0.954545|fe=500|seed=6000,abf_fr_information_oracle|tt=information_oracle|g=0.032|eta=0.1|bi=0.909091|sf=0.954545|fe=500,abf_fr_information_oracle,information_oracle,6000,0.032,0.1,0.9090909090909092,0.9545454545454544,500,5500,11.0,0.2562274660569992,0.6584935942243444,0.0752286851117501,0.2974117766867539,0.3832773278594706,3232,256,0.0,False,0.0,0.0,0,,,,,-0.0225777498537453,0.2136588086310551,0.2362365584848005,0.6763358709290578,0.287874328946117,0.7899287630742979,0.2405132491665728,0.6043055473438514,0.2562274660569992,0.6584935942243444,0.0627788300214982,0.8838111796277704,256.0,1,0.00390625,0,0,,,,,,,,,,,,0.05,0.1,0.2974117766867539,0.0752286851117501,0.3832773278594706,,,0.40625,0.0625,0.3828125
abf_fr_information_oracle|tt=information_oracle|g=0.032|eta=0.1|bi=0.909091|sf=0.954545|fe=500|seed=6000,abf_fr_information_oracle|tt=information_oracle|g=0.032|eta=0.1|bi=0.909091|sf=0.954545|fe=500,abf_fr_information_oracle,information_oracle,6000,0.032,0.1,0.9090909090909092,0.9545454545454544,500,6000,12.0,0.2463652010694138,0.6277363428384499,0.085956767860219,0.2919126554914794,0.3863506128166182,3398,256,0.0,False,0.0,0.0,0,,,,,-0.0278623293984949,0.2136588086310551,0.2415211380295501,0.6445377181704481,0.2758085451101023,0.7534536976489818,0.2320519480035773,0.5764728114477753,0.2463652010694138,0.6277363428384499,0.0605236744507752,0.8522882603747627,256.0,1,0.00390625,0,0,,,,,,,,,,,,0.05,0.1,0.2919126554914794,0.085956767860219,0.3863506128166182,,,0.37890625,0.05078125,0.40625
abf_fr_information_oracle|tt=information_oracle|g=0.032|eta=0.1|bi=0.909091|sf=0.954545|fe=500|seed=6000,abf_fr_information_oracle|tt=information_oracle|g=0.032|eta=0.1|bi=0.909091|sf=0.954545|fe=500,abf_fr_information_oracle,information_oracle,6000,0.032,0.1,0.9090909090909092,0.9545454545454544,500,6500,13.0,0.2317839728898556,0.5934862138905033,0.0889603374069205,0.3101791207569455,0.3753984677598599,3568,256,0.0,False,0.0,0.0,0,,,,,-0.0143804393211652,0.2136588086310551,0.2280392479522204,0.6062997726054494,0.2598255804994585,0.7125229290986823,0.2182191919979954,0.5454820186904136,0.2317839728898556,0.5934862138905033,0.0586348036339295,0.8213179369051552,256.0,1,0.00390625,0,0,,,,,,,,,,,,0.05,0.1,0.3101791207569455,0.0889603374069205,0.3753984677598599,,,0.41015625,0.046875,0.41015625
abf_fr_information_oracle|tt=information_oracle|g=0.032|eta=0.1|bi=0.909091|sf=0.954545|fe=500|seed=6000,abf_fr_information_oracle|tt=information_oracle|g=0.032|eta=0.1|bi=0.909091|sf=0.954545|fe=500,abf_fr_information_oracle,information_oracle,6000,0.032,0.1,0.9090909090909092,0.9545454545454544,500,7000,14.0,0.2262818100152692,0.5717361737899648,0.0931301896183996,0.3084798909684577,0.3888927425179234,3706,256,0.0,False,0.0,0.0,0,,,,,-0.0234920478749032,0.2136588086310551,0.2371508565059583,0.5849704084463546,0.2523360527649194,0.6867160592369332,0.2138721457266678,0.5257737329512047,0.2262818100152692,0.5717361737899648,0.0575871353308742,0.801922338558059,256.0,1,0.00390625,0,0,,,,,,,,,,,,0.05,0.1,0.3084798909684577,0.0931301896183996,0.3888927425179234,,,0.390625,0.04296875,0.4140625
abf_fr_information_oracle|tt=information_oracle|g=0.032|eta=0.1|bi=0.909091|sf=0.954545|fe=500|seed=6000,abf_fr_information_oracle|tt=information_oracle|g=0.032|eta=0.1|bi=0.909091|sf=0.954545|fe=500,abf_fr_information_oracle,information_oracle,6000,0.032,0.1,0.9090909090909092,0.9545454545454544,500,7500,15.0,0.2215598131533123,0.5491908234958498,0.0893067078322678,0.2988301769937471,0.3930684529538519,3810,256,0.0,False,0.0,0.0,0,,,,,-0.0382780251025742,0.2136588086310551,0.2519368337336294,0.5623733677286027,0.2452706763701258,0.6596839773079957,0.2104412508011651,0.505503590996487,0.2215598131533123,0.5491908234958498,0.055916542812796,0.774814759798081,256.0,1,0.00390625,0,0,,,,,,,,,,,,0.05,0.1,0.2988301769937471,0.0893067078322678,0.3930684529538519,,,0.359375,0.06640625,0.40625
abf_fr_information_oracle|tt=information_oracle|g=0.032|eta=0.1|bi=0.909091|sf=0.954545|fe=500|seed=6000,abf_fr_information_oracle|tt=information_oracle|g=0.032|eta=0.1|bi=0.909091|sf=0.954545|fe=500,abf_fr_information_oracle,information_oracle,6000,0.032,0.1,0.9090909090909092,0.9545454545454544,500,8000,16.0,0.2145436947931378,0.5297434057531556,0.0762226404200598,0.2921781331753657,0.4031121601305866,3972,256,0.0,False,0.0,0.0,0,,,,,-0.0329006993657969,0.2136588086310551,0.2465595079968521,0.5428563066893803,0.2371980171462138,0.6364589777173442,0.2038646554787186,0.487929939010061,0.2145436947931378,0.5297434057531556,0.055130875128541,0.7571033530481699,256.0,1,0.00390625,0,0,,,,,,,,,,,,0.05,0.1,0.2921781331753657,0.0762226404200598,0.4031121601305866,,,0.359375,0.05859375,0.359375
abf_fr_information_oracle|tt=information_oracle|g=0.032|eta=0.1|bi=0.909091|sf=0.954545|fe=500|seed=6000,abf_fr_information_oracle|tt=information_oracle|g=0.032|eta=0.1|bi=0.909091|sf=0.954545|fe=500,abf_fr_information_oracle,information_oracle,6000,0.032,0.1,0.9090909090909092,0.9545454545454544,500,8500,17.0,0.2113047403833012,0.5172401666841772,0.0916441464127227,0.3094030851423445,0.387278034838681,4090,256,0.0,False,0.0,0.0,0,,,,,-0.0369728932154238,0.2136588086310551,0.250631701846479,0.5301056973815725,0.2328308651187353,0.6216496255343177,0.2010801846889097,0.4764764934813756,0.2113047403833012,0.5172401666841772,0.0545855050023002,0.7471535504092467,256.0,1,0.00390625,0,0,,,,,,,,,,,,0.05,0.1,0.3094030851423445,0.0916441464127227,0.387278034838681,,,0.3671875,0.05078125,0.40625
abf_fr_information_oracle|tt=information_oracle|g=0.032|eta=0.1|bi=0.909091|sf=0.954545|fe=500|seed=6000,abf_fr_information_oracle|tt=information_oracle|g=0.032|eta=0.1|bi=0.909091|sf=0.954545|fe=500,abf_fr_information_oracle,information_oracle,6000,0.032,0.1,0.9090909090909092,0.9545454545454544,500,9000,18.0,0.2073759992844129,0.5022791091137233,0.0813094820269692,0.2966690430408068,0.378546891580453,4311,256,0.0,False,0.0,0.0,0,,,,,-0.0397192700143556,0.2136588086310551,0.2533780786454107,0.516474457320018,0.2278579120405193,0.6037257711045132,0.1975674967872627,0.4630388121515946,0.2073759992844129,0.5022791091137233,0.0537539132499224,0.7302359256788942,256.0,1,0.00390625,0,0,,,,,,,,,,,,0.05,0.1,0.2966690430408068,0.0813094820269692,0.378546891580453,,,0.37109375,0.08203125,0.39453125
abf_fr_information_oracle|tt=information_oracle|g=0.032|eta=0.1|bi=0.909091|sf=0.954545|fe=500|seed=6000,abf_fr_information_oracle|tt=information_oracle|g=0.032|eta=0.1|bi=0.909091|sf=0.954545|fe=500,abf_fr_information_oracle,information_oracle,6000,0.032,0.1,0.9090909090909092,0.9545454545454544,500,9500,19.0,0.2051173728080113,0.488347664399461,0.0767361453935363,0.2960871526690701,0.3821986910846144,4411,256,0.0,False,0.0,0.0,0,,,,,-0.0488619277080708,0.2136588086310551,0.262520736339126,0.5028546208458878,0.2240928559082045,0.5869921262729608,0.1960703230383756,0.4504892775746891,0.2051173728080113,0.488347664399461,0.052771684732925,0.7125628982090685,256.0,1,0.00390625,0,0,,,,,,,,,,,,0.05,0.1,0.2960871526690701,0.0767361453935363,0.3821986910846144,,,0.33203125,0.0703125,0.40625
abf_fr_information_oracle|tt=information_oracle|g=0.032|eta=0.1|bi=0.909091|sf=0.954545|fe=500|seed=6000,abf_fr_information_oracle|tt=information_oracle|g=0.032|eta=0.1|bi=0.909091|sf=0.954545|fe=500,abf_fr_information_oracle,information_oracle,6000,0.032,0.1,0.9090909090909092,0.9545454545454544,500,10000,20.0,0.2017847594849743,0.4769737464049257,0.0700814593418438,0.2901522307128203,0.3911426105317068,4551,254,0.032,True,0.0078125,0.0078125,2,4.163336342344337e-17,1.0430048087704344,-3.2664252824092586,1.3717321068113226,-0.0487229025954256,0.2136588086310551,0.2623817112264808,0.491494587648724,0.2199079346808142,0.573390403306711,0.1930995994971224,0.4402255970839244,0.2017847594849743,0.4769737464049257,0.0523498562227582,0.7031394540525471,252.06153846153848,2,0.0078125,1,2,0.0,-3.193673851625483,-3.193673851625483,-1.1576067728225063,-1.1576067728225063,0.1321154455812266,0.1321154455812266,1.2001270604341372,1.2001270604341372,1.3695484686372366,1.3695484686372366,0.05,0.1,0.2901522307128203,0.0700814593418438,0.3911426105317068,1.0430048087704344,1.3717321068113226,0.36328125,0.0703125,0.41015625
abf_fr_information_oracle|tt=information_oracle|g=0.032|eta=0.1|bi=0.909091|sf=0.954545|fe=500|seed=6000,abf_fr_information_oracle|tt=information_oracle|g=0.032|eta=0.1|bi=0.909091|sf=0.954545|fe=500,abf_fr_information_oracle,information_oracle,6000,0.032,0.1,0.9090909090909092,0.9545454545454544,500,10500,21.0,0.192048637781399,0.457971073015208,0.0755942413955662,0.2967695968141785,0.3920206846706635,4711,254,0.0,False,0.0,0.0,0,,,,,-0.0308151943068857,0.2136588086310551,0.2444740029379408,0.4734606364035409,0.2101730588869905,0.5505366336088385,0.1830401753588241,0.4231023700477223,0.192048637781399,0.457971073015208,0.0502128540401454,0.6744139513201904,252.06153846153848,2,0.0078125,1,2,,,,,,,,,,,,0.05,0.1,0.2967695968141785,0.0755942413955662,0.3920206846706635,,,0.38671875,0.0546875,0.38671875
abf_fr_information_oracle|tt=information_oracle|g=0.032|eta=0.1|bi=0.909091|sf=0.954545|fe=500|seed=6000,abf_fr_information_oracle|tt=information_oracle|g=0.032|eta=0.1|bi=0.909091|sf=0.954545|fe=500,abf_fr_information_oracle,information_oracle,6000,0.032,0.1,0.9090909090909092,0.9545454545454544,500,11000,22.0,0.1898790986501971,0.4441089982927093,0.0741330157486394,0.2967506191566295,0.385693452561573,4878,254,0.0,False,0.0,0.0,0,,,,,-0.0406865380820136,0.2136588086310551,0.2543453467130687,0.4614662124868191,0.2066211563044357,0.5339110970628058,0.1813584625887419,0.4106639397348476,0.1898790986501971,0.4441089982927093,0.0487429457102692,0.6549415745759026,252.06153846153848,2,0.0078125,1,2,,,,,,,,,,,,0.05,0.1,0.2967506191566295,0.0741330157486394,0.385693452561573,,,0.37890625,0.07421875,0.39453125
abf_fr_information_oracle|tt=information_oracle|g=0.032|eta=0.1|bi=0.909091|sf=0.954545|fe=500|seed=6001,abf_fr_information_oracle|tt=information_oracle|g=0.032|eta=0.1|bi=0.909091|sf=0.954545|fe=500,abf_fr_information_oracle,information_oracle,6001,0.032,0.1,0.9090909090909092,0.9545454545454544,500,0,0.0,2.906603863987052,6.564657815288973,0.0544836474051137,0.2356733779931783,0.4186343862949782,0,256,0.0,False,0.0,0.0,0,,,,,0.0,0.2136588086310551,0.2136588086310551,1.8839792970692677,0.7722826132658906,3.487298309594125,5.408116675855963,9.381946420303988,2.906603863987052,6.564657815288973,0.037083496902375,0.7293641473133242,256.0,1,0.00390625,0,0,,,,,,,,,,,,0.05,0.1,0.2356733779931783,0.0544836474051137,0.4186343862949782,,,0.3203125,0.1640625,0.39453125
abf_fr_information_oracle|tt=information_oracle|g=0.032|eta=0.1|bi=0.909091|sf=0.954545|fe=500|seed=6001,abf_fr_information_oracle|tt=information_oracle|g=0.032|eta=0.1|bi=0.909091|sf=0.954545|fe=500,abf_fr_information_oracle,information_oracle,6001,0.032,0.1,0.9090909090909092,0.9545454545454544,500,500,1.0,0.4754598180722993,1.1289259306522952,0.1015903876959006,0.2880418264362072,0.3800868477964652,595,256,0.0,False,0.0,0.0,0,,,,,-0.3533930192736001,0.2136588086310551,0.5670518279046552,1.0815510936096155,0.4831228972005956,1.1201270056388022,0.5267971442525659,1.0425909265714288,0.4754598180722993,1.1289259306522952,0.051387583745298,0.818945520261443,256.0,1,0.00390625,0,0,,,,,,,,,,,,0.05,0.1,0.2880418264362072,0.1015903876959006,0.3800868477964652,,,0.3359375,0.15625,0.41796875
abf_fr_information_oracle|tt=information_oracle|g=0.032|eta=0.1|bi=0.909091|sf=0.954545|fe=500|seed=6001,abf_fr_information_oracle|tt=information_oracle|g=0.032|eta=0.1|bi=0.909091|sf=0.954545|fe=500,abf_fr_information_oracle,information_oracle,6001,0.032,0.1,0.9090909090909092,0.9545454545454544,500,1000,2.0,0.4294472974728013,0.9756994755558702,0.1001224760863694,0.2779342934296684,0.3739147543396833,1088,256,0.0,False,0.0,0.0,0,,,,,-0.4046921251908024,0.2136588086310551,0.6183509338218576,0.9510544892506082,0.4439674310964022,1.046486360108167,0.4520172466847744,0.9004662228137966,0.4294472974728013,0.9756994755558702,0.0614988952104074,0.9133338724560672,256.0,1,0.00390625,0,0,,,,,,,,,,,,0.05,0.1,0.2779342934296684,0.1001224760863694,0.3739147543396833,,,0.3828125,0.15234375,0.4296875
abf_fr_information_oracle|tt=information_oracle|g=0.032|eta=0.1|bi=0.909091|sf=0.954545|fe=500|seed=6001,abf_fr_information_oracle|tt=information_oracle|g=0.032|eta=0.1|bi=0.909091|sf=0.954545|fe=500,abf_fr_information_oracle,information_oracle,6001,0.032,0.1,0.9090909090909092,0.9545454545454544,500,1500,3.0,0.4048294535505987,0.8684499908629764,0.0973202140481137,0.2702732016654207,0.3678630422915492,1598,256,0.0,False,0.0,0.0,0,,,,,-0.432939950181094,0.2136588086310551,0.6465987588121491,0.8588504831816534,0.4174545469902895,0.9700244771770172,0.4169259235986421,0.8020228935276037,0.4048294535505987,0.8684499908629764,0.064030060297531,0.9262454663029498,256.0,1,0.00390625,0,0,,,,,,,,,,,,0.05,0.1,0.2702732016654207,0.0973202140481137,0.3678630422915492,,,0.3828125,0.15234375,0.42578125
abf_fr_information_oracle|tt=information_oracle|g=0.032|eta=0.1|bi=0.909091|sf=0.954545|fe=500|seed=6001,abf_fr_information_oracle|tt=information_oracle|g=0.032|eta=0.1|bi=0.909091|sf=0.954545|fe=500,abf_fr_information_oracle,information_oracle,6001,0.032,0.1,0.9090909090909092,0.9545454545454544,500,2000,4.0,0.3773715561720543,0.8030973726979964,0.0746797212830335,0.2746739126320148,0.3790807897917502,2092,256,0.0,False,0.0,0.0,0,,,,,-0.4000146559356672,0.2136588086310551,0.6136734645667223,0.7890722003340375,0.3884617845577626,0.9151526784534014,0.3857094873569715,0.7413849813402331,0.3773715561720543,0.8030973726979964,0.064480560778248,0.9239444894489652,256.0,1,0.00390625,0,0,,,,,,,,,,,,0.05,0.1,0.2746739126320148,0.0746797212830335,0.3790807897917502,,,0.39453125,0.140625,0.42578125
abf_fr_information_oracle|tt=information_oracle|g=0.032|eta=0.1|bi=0.909091|sf=0.954545|fe=500|seed=6001,abf_fr_information_oracle|tt=information_oracle|g=0.032|eta=0.1|bi=0.909091|sf=0.954545|fe=500,abf_fr_information_oracle,information_oracle,6001,0.032,0.1,0.9090909090909092,0.9545454545454544,500,2500,5.0,0.3675257305505003,0.7540565974713007,0.0748570299498828,0.2671754711661269,0.3842688054134844,2504,256,0.0,False,0.0,0.0,0,,,,,-0.4117424424075757,0.2136588086310551,0.6254012510386309,0.74375401866186,0.3769395782735083,0.8725840521335014,0.3712708467818507,0.6950117855446882,0.3675257305505003,0.7540565974713007,0.063737191295031,0.9012515500491968,256.0,1,0.00390625,0,0,,,,,,,,,,,,0.05,0.1,0.2671754711661269,0.0748570299498828,0.3842688054134844,,,0.41015625,0.1328125,0.41015625
abf_fr_information_oracle|tt=information_oracle|g=0.032|eta=0.1|bi=0.909091|sf=0.954545|fe=500|seed=6001,abf_fr_information_oracle|tt=information_oracle|g=0.032|eta=0.1|bi=0.909091|sf=0.954545|fe=500,abf_fr_information_oracle,information_oracle,6001,0.032,0.1,0.9090909090909092,0.9545454545454544,500,3000,6.0,0.3520267331241578,0.7133316001308427,0.0804862858656646,0.2745362991687114,0.3632451313604102,2903,256,0.0,False,0.0,0.0,0,,,,,-0.4005712573105491,0.2136588086310551,0.6142300659416042,0.7019225831879546,0.3614363027958172,0.8319295585378529,0.3525815979030866,0.6569561978540522,0.3520267331241578,0.7133316001308427,0.0621738867599088,0.8722825902959764,256.0,1,0.00390625,0,0,,,,,,,,,,,,0.05,0.1,0.2745362991687114,0.0804862858656646,0.3632451313604102,,,0.41015625,0.12109375,0.42578125
abf_fr_information_oracle|tt=information_oracle|g=0.032|eta=0.1|bi=0.909091|sf=0.954545|fe=500|seed=6001,abf_fr_information_oracle|tt=information_oracle|g=0.032|eta=0.1|bi=0.909091|sf=0.954545|fe=500,abf_fr_information_oracle,information_oracle,6001,0.032,0.1,0.9090909090909092,0.9545454545454544,500,3500,7.0,0.3327447891638964,0.6650608876230052,0.0657643717844429,0.2752277487357314,0.383331161870452,3225,256,0.0,False,0.0,0.0,0,,,,,-0.3743745771565976,0.2136588086310551,0.5880333857876527,0.6563721881969833,0.3415414367215662,0.779980931917429,0.3299006772161649,0.6127013591366999,0.3327447891638964,0.6650608876230052,0.0593167071317067,0.8332779247660567,256.0,1,0.00390625,0,0,,,,,,,,,,,,0.05,0.1,0.2752277487357314,0.0657643717844429,0.383331161870452,,,0.43359375,0.1171875,0.37890625
abf_fr_information_oracle|tt=information_oracle|g=0.032|eta=0.1|bi=0.909091|sf=0.954545|fe=500|seed=6001,abf_fr_information_oracle|tt=information_oracle|g=0.032|eta=0.1|bi=0.909091|sf=0.954545|fe=500,abf_fr_information_oracle,information_oracle,6001,0.032,0.1,0.9090909090909092,0.9545454545454544,500,4000,8.0,0.3171418392200443,0.6286013443459443,0.0686345024248651,0.2756529922167894,0.368551054492968,3483,256,0.0,False,0.0,0.0,0,,,,,-0.3491513930483485,0.2136588086310551,0.5628102016794037,0.6230847835552698,0.3252067073371859,0.7404016005936463,0.3143826587357717,0.5795782376173688,0.3171418392200443,0.6286013443459443,0.0578805987360219,0.8089084041521262,256.0,1,0.00390625,0,0,,,,,,,,,,,,0.05,0.1,0.2756529922167894,0.0686345024248651,0.368551054492968,,,0.4296875,0.11328125,0.3828125
abf_fr_information_oracle|tt=information_oracle|g=0.032|eta=0.1|bi=0.909091|sf=0.954545|fe=500|seed=6001,abf_fr_information_oracle|tt=information_oracle|g=0.032|eta=0.1|bi=0.909091|sf=0.954545|fe=500,abf_fr_information_oracle,information_oracle,6001,0.032,0.1,0.9090909090909092,0.9545454545454544,500,4500,9.0,0.2870936190242031,0.5771048830055652,0.0764017286339544,0.2750144839741681,0.3786489488872397,3835,256,0.0,False,0.0,0.0,0,,,,,-0.28956141918556,0.2136588086310551,0.5032202278166151,0.5712910412232637,0.2951259598360001,0.6806251010345288,0.2844150727840603,0.5329167368626232,0.2870936190242031,0.5771048830055652,0.0550728786735984,0.7654270867884394,256.0,1,0.00390625,0,0,,,,,,,,,,,,0.05,0.1,0.2750144839741681,0.0764017286339544,0.3786489488872397,,,0.42578125,0.1015625,0.3671875
abf_fr_information_oracle|tt=information_oracle|g=0.032|eta=0.1|bi=0.909091|sf=0.954545|fe=500|seed=6001,abf_fr_information_oracle|tt=information_oracle|g=0.032|eta=0.1|bi=0.909091|sf=0.954545|fe=500,abf_fr_information_oracle,information_oracle,6001,0.032,0.1,0.9090909090909092,0.9545454545454544,500,5000,10.0,0.2731238247171534,0.5543924317863442,0.0735963130426302,0.2789657666187912,0.3770794570537747,4016,256,0.0,False,0.0,0.0,0,,,,,-0.2623028992073735,0.2136588086310551,0.4759617078384286,0.5484724986023597,0.2816996648003338,0.6558944860632672,0.2697072251680224,0.5118905772257442,0.2731238247171534,0.5543924317863442,0.0546269728827905,0.7556028983072683,256.0,1,0.00390625,0,0,,,,,,,,,,,,0.05,0.1,0.2789657666187912,0.0735963130426302,0.3770794570537747,,,0.40234375,0.09765625,0.3671875
abf_fr_information_oracle|tt=information_oracle|g=0.032|eta=0.1|bi=0.909091|sf=0.954545|fe=500|seed=6001,abf_fr_information_oracle|tt=information_oracle|g=0.032|eta=0.1|bi=0.909091|sf=0.954545|fe=500,abf_fr_information_oracle,information_oracle,6001,0.032,0.1,0.9090909090909092,0.9545454545454544,500,5500,11.0,0.2654081318972143,0.5288815160024483,0.0602888516970619,0.2804998305601797,0.3788089055593755,4318,256,0.0,False,0.0,0.0,0,,,,,-0.2560819819977098,0.2136588086310551,0.4697407906287649,0.5250362017014293,0.2726990851670556,0.6272116390469437,0.2618101608866267,0.4885617809239985,0.2654081318972143,0.5288815160024483,0.054028133809121,0.7370183185831418,256.0,1,0.00390625,0,0,,,,,,,,,,,,0.05,0.1,0.2804998305601797,0.0602888516970619,0.3788089055593755,,,0.40625,0.08984375,0.37109375
abf_fr_information_oracle|tt=information_oracle|g=0.032|eta=0.1|bi=0.909091|sf=0.954545|fe=500|seed=6001,abf_fr_information_oracle|tt=information_oracle|g=0.032|eta=0.1|bi=0.909091|sf=0.954545|fe=500,abf_fr_information_oracle,information_oracle,6001,0.032,0.1,0.9090909090909092,0.9545454545454544,500,6000,12.0,0.2527202779115436,0.5060103303042638,0.0596371847189025,0.2749144713658696,0.3901949204698041,4564,256,0.0,False,0.0,0.0,0,,,,,-0.23194615169308,0.2136588086310551,0.4456049603241352,0.5033008127079767,0.2603193560432346,0.6015462348371208,0.2486655091262473,0.4676772426057753,0.2527202779115436,0.5060103303042638,0.0525510076236694,0.7134535665873828,256.0,1,0.00390625,0,0,,,,,,,,,,,,0.05,0.1,0.2749144713658696,0.0596371847189025,0.3901949204698041,,,0.38671875,0.10546875,0.359375
abf_fr_information_oracle|tt=information_oracle|g=0.032|eta=0.1|bi=0.909091|sf=0.954545|fe=500|seed=6001,abf_fr_information_oracle|tt=information_oracle|g=0.032|eta=0.1|bi=0.909091|sf=0.954545|fe=500,abf_fr_information_oracle,information_oracle,6001,0.032,0.1,0.9090909090909092,0.9545454545454544,500,6500,13.0,0.2445082128397395,0.4864158597593797,0.0502664046195672,0.2619174747392172,0.387938801904248,4918,256,0.0,False,0.0,0.0,0,,,,,-0.2200355268348808,0.2136588086310551,0.4336943354659359,0.4855361962140742,0.251812620816753,0.5789935064997409,0.2409069813436217,0.4497800418972907,0.2445082128397395,0.4864158597593797,0.0518632072334234,0.6983297149934408,256.0,1,0.00390625,0,0,,,,,,,,,,,,0.05,0.1,0.2619174747392172,0.0502664046195672,0.387938801904248,,,0.3828125,0.1171875,0.37109375
abf_fr_information_oracle|tt=information_oracle|g=0.032|eta=0.1|bi=0.909091|sf=0.954545|fe=500|seed=6001,abf_fr_information_oracle|tt=information_oracle|g=0.032|eta=0.1|bi=0.909091|sf=0.954545|fe=500,abf_fr_information_oracle,information_oracle,6001,0.032,0.1,0.9090909090909092,0.9545454545454544,500,7000,14.0,0.2343182419438032,0.4682326918875642,0.0657635560239215,0.2792826216081386,0.3693232236407103,5173,256,0.0,False,0.0,0.0,0,,,,,-0.20003832174352,0.2136588086310551,0.4136971303745751,0.467338263363356,0.2416130799995338,0.5578860339666663,0.2305371641084853,0.4332030659309652,0.2343182419438032,0.4682326918875642,0.0499045174360576,0.6750324509177233,256.0,1,0.00390625,0,0,,,,,,,,,,,,0.05,0.1,0.2792826216081386,0.0657635560239215,0.3693232236407103,,,0.43359375,0.09375,0.37109375
abf_fr_information_oracle|tt=information_oracle|g=0.032|eta=0.1|bi=0.909091|sf=0.954545|fe=500|seed=6001,abf_fr_information_oracle|tt=information_oracle|g=0.032|eta=0.1|bi=0.909091|sf=0.954545|fe=500,abf_fr_information_oracle,information_oracle,6001,0.032,0.1,0.9090909090909092,0.9545454545454544,500,7500,15.0,0.2292277911155981,0.4573643347072575,0.0621064882623402,0.2782581295696832,0.3851202113227635,5397,256,0.0,False,0.0,0.0,0,,,,,-0.1928627680513059,0.2136588086310551,0.4065215766823611,0.4565188250627358,0.2365094358463614,0.545488725691801,0.225502506144238,0.4233128856021325,0.2292277911155981,0.4573643347072575,0.0491042659339829,0.6663153168134694,256.0,1,0.00390625,0,0,,,,,,,,,,,,0.05,0.1,0.2782581295696832,0.0621064882623402,0.3851202113227635,,,0.42578125,0.10546875,0.35546875
abf_fr_information_oracle|tt=information_oracle|g=0.032|eta=0.1|bi=0.909091|sf=0.954545|fe=500|seed=6001,abf_fr_information_oracle|tt=information_oracle|g=0.032|eta=0.1|bi=0.909091|sf=0.954545|fe=500,abf_fr_information_oracle,information_oracle,6001,0.032,0.1,0.9090909090909092,0.9545454545454544,500,8000,16.0,0.219421793558149,0.4396139897595363,0.0737104930415068,0.2863412181394226,0.3902417413302954,5654,256,0.0,False,0.0,0.0,0,,,,,-0.1747997976580642,0.2136588086310551,0.3884586062891193,0.4388113177101326,0.2268565558127434,0.5247481856054967,0.2154886647369172,0.407283912377023,0.219421793558149,0.4396139897595363,0.0485809154310949,0.65303842526804,256.0,1,0.00390625,0,0,,,,,,,,,,,,0.05,0.1,0.2863412181394226,0.0737104930415068,0.3902417413302954,,,0.43359375,0.1015625,0.33203125
abf_fr_information_oracle|tt=information_oracle|g=0.032|eta=0.1|bi=0.909091|sf=0.954545|fe=500|seed=6001,abf_fr_information_oracle|tt=information_oracle|g=0.032|eta=0.1|bi=0.909091|sf=0.954545|fe=500,abf_fr_information_oracle,information_oracle,6001,0.032,0.1,0.9090909090909092,0.9545454545454544,500,8500,17.0,0.2130391179723572,0.4278554996424569,0.0713276471240492,0.280356940658131,0.383654821265674,5970,256,0.0,False,0.0,0.0,0,,,,,-0.1631279117796182,0.2136588086310551,0.3767867204106734,0.4276782543249218,0.2204849047709944,0.511056730918927,0.2092258663418023,0.3966832208668746,0.2130391179723572,0.4278554996424569,0.0477673681333098,0.6390041562531954,256.0,1,0.00390625,0,0,,,,,,,,,,,,0.05,0.1,0.280356940658131,0.0713276471240492,0.383654821265674,,,0.3984375,0.09765625,0.34375
abf_fr_information_oracle|tt=information_oracle|g=0.032|eta=0.1|bi=0.909091|sf=0.954545|fe=500|seed=6001,abf_fr_information_oracle|tt=information_oracle|g=0.032|eta=0.1|bi=0.909091|sf=0.954545|fe=500,abf_fr_information_oracle,information_oracle,6001,0.032,0.1,0.9090909090909092,0.9545454545454544,500,9000,18.0,0.2061843974052198,0.4133543949954109,0.0780719439277061,0.284285974041675,0.36096718844427,6230,256,0.0,False,0.0,0.0,0,,,,,-0.1514535901776952,0.2136588086310551,0.3651123988087503,0.4144490533750383,0.2134183175351077,0.4939620411195964,0.2027310884013214,0.3836517608553473,0.2061843974052198,0.4133543949954109,0.04684768324995,0.6216345093950444,256.0,1,0.00390625,0,0,,,,,,,,,,,,0.05,0.1,0.284285974041675,0.0780719439277061,0.36096718844427,,,0.4453125,0.08984375,0.3359375
abf_fr_information_oracle|tt=information_oracle|g=0.032|eta=0.1|bi=0.909091|sf=0.954545|fe=500|seed=6001,abf_fr_information_oracle|tt=information_oracle|g=0.032|eta=0.1|bi=0.909091|sf=0.954545|fe=500,abf_fr_information_oracle,information_oracle,6001,0.032,0.1,0.9090909090909092,0.9545454545454544,500,9500,19.0,0.200990462931832,0.3987937691970519,0.0804066635898238,0.2845881860963062,0.3744296385366972,6459,256,0.0,False,0.0,0.0,0,,,,,-0.1446484896923685,0.2136588086310551,0.3583072983234237,0.4016084731920655,0.2075297175285874,0.4765812214060366,0.1980144660183677,0.370568105557341,0.200990462931832,0.3987937691970519,0.0457318668503423,0.6003643654368075,256.0,1,0.00390625,0,0,,,,,,,,,,,,0.05,0.1,0.2845881860963062,0.0804066635898238,0.3744296385366972,,,0.421875,0.09375,0.36328125
abf_fr_information_oracle|tt=information_oracle|g=0.032|eta=0.1|bi=0.909091|sf=0.954545|fe=500|seed=6001,abf_fr_information_oracle|tt=information_oracle|g=0.032|eta=0.1|bi=0.909091|sf=0.954545|fe=500,abf_fr_information_oracle,information_oracle,6001,0.032,0.1,0.9090909090909092,0.9545454545454544,500,10000,20.0,0.1910679867728915,0.3824137260842113,0.0808581668730111,0.2920573041778626,0.3766763015430552,6642,252,0.032,True,0.015625,0.015625,4,2.775557561562892e-17,1.0667993342489983,-3.445781714615014,1.3629465260884657,-0.1237081649454587,0.2136588086310551,0.3373669735765139,0.3854909083335142,0.1976435464793169,0.4571330610720824,0.1880748931213707,0.3558820784176711,0.1910679867728915,0.3824137260842113,0.0437371350719299,0.5763515220985431,248.24242424242425,2,0.0078125,1,4,0.0,-3.3827323401393,-3.3827323401393,-1.527889014709206,-1.527889014709206,0.1638594284695943,0.1638594284695943,1.168858065851371,1.168858065851371,1.359427560928841,1.359427560928841,0.05,0.1,0.2920573041778626,0.0808581668730111,0.3766763015430552,1.0667993342489983,1.3629465260884657,0.43359375,0.0625,0.34765625
abf_fr_information_oracle|tt=information_oracle|g=0.032|eta=0.1|bi=0.909091|sf=0.954545|fe=500|seed=6001,abf_fr_information_oracle|tt=information_oracle|g=0.032|eta=0.1|bi=0.909091|sf=0.954545|fe=500,abf_fr_information_oracle,information_oracle,6001,0.032,0.1,0.9090909090909092,0.9545454545454544,500,10500,21.0,0.1869805732781528,0.371637907659892,0.0671566377653416,0.2862761700655073,0.3868733034081845,6806,252,0.0,False,0.0,0.0,0,,,,,-0.1173303555915126,0.2136588086310551,0.3309891642225677,0.3756880071522586,0.1930880289840165,0.444520455174653,0.1843078477265645,0.3461552372656457,0.1869805732781528,0.371637907659892,0.0429407742677361,0.5621728311743651,248.24242424242425,2,0.0078125,1,4,,,,,,,,,,,,0.05,0.1,0.2862761700655073,0.0671566377653416,0.3868733034081845,,,0.421875,0.09375,0.32421875
abf_fr_information_oracle|tt=information_oracle|g=0.032|eta=0.1|bi=0.909091|sf=0.954545|fe=500|seed=6001,abf_fr_information_oracle|tt=information_oracle|g=0.032|eta=0.1|bi=0.909091|sf=0.954545|fe=500,abf_fr_information_oracle,information_oracle,6001,0.032,0.1,0.9090909090909092,0.9545454545454544,500,11000,22.0,0.1794678624188515,0.3549629324423901,0.0759077388433833,0.2895745807917889,0.3758078043892845,7031,252,0.0,False,0.0,0.0,0,,,,,-0.1046054625899124,0.2136588086310551,0.3182642712209675,0.3607308169942744,0.1853288650183441,0.4247739575859877,0.1768441816110254,0.331310981046848,0.1794678624188515,0.3549629324423901,0.0413779248120721,0.5371429489570653,248.24242424242425,2,0.0078125,1,4,,,,,,,,,,,,0.05,0.1,0.2895745807917889,0.0759077388433833,0.3758078043892845,,,0.4140625,0.0859375,0.3359375
abf_fr_information_oracle|tt=information_oracle|g=0.032|eta=0.1|bi=0.909091|sf=0.954545|fe=500|seed=6002,abf_fr_information_oracle|tt=information_oracle|g=0.032|eta=0.1|bi=0.909091|sf=0.954545|fe=500,abf_fr_information_oracle,information_oracle,6002,0.032,0.1,0.9090909090909092,0.9545454545454544,500,0,0.0,2.906603863987052,6.564657815288973,0.0461194891710618,0.2448804314041955,0.3990255452398891,0,256,0.0,False,0.0,0.0,0,,,,,0.0,0.2136588086310551,0.2136588086310551,1.8839792970692677,0.7722826132658906,3.487298309594125,5.408116675855963,9.381946420303988,2.906603863987052,6.564657815288973,0.037083496902375,0.7293641473133242,256.0,1,0.00390625,0,0,,,,,,,,,,,,0.05,0.1,0.2448804314041955,0.0461194891710618,0.3990255452398891,,,0.359375,0.18359375,0.3203125
abf_fr_information_oracle|tt=information_oracle|g=0.032|eta=0.1|bi=0.909091|sf=0.954545|fe=500|seed=6002,abf_fr_information_oracle|tt=information_oracle|g=0.032|eta=0.1|bi=0.909091|sf=0.954545|fe=500,abf_fr_information_oracle,information_oracle,6002,0.032,0.1,0.9090909090909092,0.9545454545454544,500,500,1.0,0.504771206970899,1.3391897001524269,0.1000480999945386,0.2903263079286051,0.3541559781883503,472,256,0.0,False,0.0,0.0,0,,,,,0.2612553038790324,0.2136588086310551,0.0475964952479772,1.4108505664264708,0.5829479483153296,1.4634852951146822,0.5012281257565736,1.2308070858429163,0.504771206970899,1.3391897001524269,0.0588411003117542,0.9083372718862316,256.0,1,0.00390625,0,0,,,,,,,,,,,,0.05,0.1,0.2903263079286051,0.1000480999945386,0.3541559781883503,,,0.39453125,0.140625,0.36328125
abf_fr_information_oracle|tt=information_oracle|g=0.032|eta=0.1|bi=0.909091|sf=0.954545|fe=500|seed=6002,abf_fr_information_oracle|tt=information_oracle|g=0.032|eta=0.1|bi=0.909091|sf=0.954545|fe=500,abf_fr_information_oracle,information_oracle,6002,0.032,0.1,0.9090909090909092,0.9545454545454544,500,1000,2.0,0.4220115641340008,1.156406276337924,0.0949884010413998,0.2992839859958868,0.3530003768518749,1050,256,0.0,False,0.0,0.0,0,,,,,0.2255463459416873,0.2136588086310551,0.0118875373106321,1.2037574635727992,0.4942045038416779,1.3123993914766403,0.4026381205134365,1.0617519345510056,0.4220115641340008,1.156406276337924,0.0680382103982946,1.0226457778282203,256.0,1,0.00390625,0,0,,,,,,,,,,,,0.05,0.1,0.2992839859958868,0.0949884010413998,0.3530003768518749,,,0.4296875,0.1171875,0.390625
abf_fr_information_oracle|tt=information_oracle|g=0.032|eta=0.1|bi=0.909091|sf=0.954545|fe=500|seed=6002,abf_fr_information_oracle|tt=information_oracle|g=0.032|eta=0.1|bi=0.909091|sf=0.954545|fe=500,abf_fr_information_oracle,information_oracle,6002,0.032,0.1,0.9090909090909092,0.9545454545454544,500,1500,3.0,0.370549447301594,1.0235173721645423,0.0954607249651333,0.2884622169844891,0.3643135467602738,1406,256,0.0,False,0.0,0.0,0,,,,,0.176797735398992,0.2136588086310551,0.0368610732320631,1.0618149540607047,0.4359457425908482,1.1934132473500272,0.3434581773248291,0.9392500764632432,0.370549447301594,1.0235173721645423,0.0707399275698505,1.0490061921368374,256.0,1,0.00390625,0,0,,,,,,,,,,,,0.05,0.1,0.2884622169844891,0.0954607249651333,0.3643135467602738,,,0.42578125,0.09765625,0.41796875
abf_fr_information_oracle|tt=information_oracle|g=0.032|eta=0.1|bi=0.909091|sf=0.954545|fe=500|seed=6002,abf_fr_information_oracle|tt=information_oracle|g=0.032|eta=0.1|bi=0.909091|sf=0.954545|fe=500,abf_fr_information_oracle,information_oracle,6002,0.032,0.1,0.9090909090909092,0.9545454545454544,500,2000,4.0,0.330090454430721,0.9195083337779236,0.0912646380264468,0.2991350402166973,0.3719678512857239,1791,256,0.0,False,0.0,0.0,0,,,,,0.2063619394446476,0.2136588086310551,0.0072968691864074,0.9468479184733032,0.3877527888830379,1.0827542329292263,0.3034904263318345,0.8439507069351061,0.330090454430721,0.9195083337779236,0.0716227049141113,1.0487091355259226,256.0,1,0.00390625,0,0,,,,,,,,,,,,0.05,0.1,0.2991350402166973,0.0912646380264468,0.3719678512857239,,,0.43359375,0.09765625,0.41015625
abf_fr_information_oracle|tt=information_oracle|g=0.032|eta=0.1|bi=0.909091|sf=0.954545|fe=500|seed=6002,abf_fr_information_oracle|tt=information_oracle|g=0.032|eta=0.1|bi=0.909091|sf=0.954545|fe=500,abf_fr_information_oracle,information_oracle,6002,0.032,0.1,0.9090909090909092,0.9545454545454544,500,2500,5.0,0.3095833605985523,0.8675725613611773,0.0951722706711045,0.3022542163489451,0.3492988599025275,2102,256,0.0,False,0.0,0.0,0,,,,,0.2152850266478054,0.2136588086310551,0.0016262180167503,0.8852279721304345,0.3630580545326802,1.0260321413439617,0.2837034722355782,0.7959894377699611,0.3095833605985523,0.8675725613611773,0.0716732810844676,1.0348890443812728,256.0,1,0.00390625,0,0,,,,,,,,,,,,0.05,0.1,0.3022542163489451,0.0951722706711045,0.3492988599025275,,,0.45703125,0.0859375,0.3984375
abf_fr_information_oracle|tt=information_oracle|g=0.032|eta=0.1|bi=0.909091|sf=0.954545|fe=500|seed=6002,abf_fr_information_oracle|tt=information_oracle|g=0.032|eta=0.1|bi=0.909091|sf=0.954545|fe=500,abf_fr_information_oracle,information_oracle,6002,0.032,0.1,0.9090909090909092,0.9545454545454544,500,3000,6.0,0.2804425706916493,0.7889798155512655,0.0965647586109952,0.2927105151653706,0.3764172942521084,2350,256,0.0,False,0.0,0.0,0,,,,,0.2064521852439149,0.2136588086310551,0.0072066233871401,0.8023215177938106,0.3287274975401311,0.9363956141736254,0.25641543262217,0.7244424870995202,0.2804425706916493,0.7889798155512655,0.0688953538787431,0.9874622540665572,256.0,1,0.00390625,0,0,,,,,,,,,,,,0.05,0.1,0.2927105151653706,0.0965647586109952,0.3764172942521084,,,0.4140625,0.08203125,0.41015625
abf_fr_information_oracle|tt=information_oracle|g=0.032|eta=0.1|bi=0.909091|sf=0.954545|fe=500|seed=6002,abf_fr_information_oracle|tt=information_oracle|g=0.032|eta=0.1|bi=0.909091|sf=0.954545|fe=500,abf_fr_information_oracle,information_oracle,6002,0.032,0.1,0.9090909090909092,0.9545454545454544,500,3500,7.0,0.2617644534726898,0.7383311831171008,0.0724904108950408,0.2870165493629527,0.379990195928932,2565,256,0.0,False,0.0,0.0,0,,,,,0.2315472145956789,0.2136588086310551,0.0178884059646238,0.7451402476647843,0.3060336137854599,0.8799367587606001,0.2391477477670082,0.6780697106740463,0.2617644534726898,0.7383311831171008,0.0675454918555984,0.958310700070319,256.0,1,0.00390625,0,0,,,,,,,,,,,,0.05,0.1,0.2870165493629527,0.0724904108950408,0.379990195928932,,,0.44140625,0.078125,0.41015625
abf_fr_information_oracle|tt=information_oracle|g=0.032|eta=0.1|bi=0.909091|sf=0.954545|fe=500|seed=6002,abf_fr_information_oracle|tt=information_oracle|g=0.032|eta=0.1|bi=0.909091|sf=0.954545|fe=500,abf_fr_information_oracle,information_oracle,6002,0.032,0.1,0.9090909090909092,0.9545454545454544,500,4000,8.0,0.2440075457367805,0.6905139433194003,0.0758197326486666,0.2938682866181228,0.3827709440156549,2786,256,0.0,False,0.0,0.0,0,,,,,0.2337936297210952,0.2136588086310551,0.02013482109004,0.6951049154902,0.2851473328383667,0.8240216839904195,0.2228112240799409,0.6344552512515482,0.2440075457367805,0.6905139433194003,0.065306236203031,0.920621383957312,256.0,1,0.00390625,0,0,,,,,,,,,,,,0.05,0.1,0.2938682866181228,0.0758197326486666,0.3827709440156549,,,0.41796875,0.0859375,0.3984375
abf_fr_information_oracle|tt=information_oracle|g=0.032|eta=0.1|bi=0.909091|sf=0.954545|fe=500|seed=6002,abf_fr_information_oracle|tt=information_oracle|g=0.032|eta=0.1|bi=0.909091|sf=0.954545|fe=500,abf_fr_information_oracle,information_oracle,6002,0.032,0.1,0.9090909090909092,0.9545454545454544,500,4500,9.0,0.2302839986785999,0.6524227467068953,0.0889563442404607,0.2978671096779801,0.3833437629502845,3073,256,0.0,False,0.0,0.0,0,,,,,0.2547322243312919,0.2136588086310551,0.0410734157002368,0.6536364145696034,0.2683756017556977,0.779326026520603,0.2104646954607486,0.5996600705839764,0.2302839986785999,0.6524227467068953,0.0642417121695683,0.8988090912701997,256.0,1,0.00390625,0,0,,,,,,,,,,,,0.05,0.1,0.2978671096779801,0.0889563442404607,0.3833437629502845,,,0.3984375,0.05859375,0.41796875
abf_fr_information_oracle|tt=information_oracle|g=0.032|eta=0.1|bi=0.909091|sf=0.954545|fe=500|seed=6002,abf_fr_information_oracle|tt=information_oracle|g=0.032|eta=0.1|bi=0.909091|sf=0.954545|fe=500,abf_fr_information_oracle,information_oracle,6002,0.032,0.1,0.9090909090909092,0.9545454545454544,500,5000,10.0,0.2218483647831611,0.6306280434145509,0.0894653180204822,0.3003169653576187,0.3632244215547195,3225,256,0.0,False,0.0,0.0,0,,,,,0.2515437618350198,0.2136588086310551,0.0378849532039646,0.6307809427028406,0.2585569251977353,0.7542867756726955,0.2026971822265229,0.5798295661839085,0.2218483647831611,0.6306280434145509,0.0627538402281931,0.8772485379567172,256.0,1,0.00390625,0,0,,,,,,,,,,,,0.05,0.1,0.3003169653576187,0.0894653180204822,0.3632244215547195,,,0.421875,0.05859375,0.40234375
abf_fr_information_oracle|tt=information_oracle|g=0.032|eta=0.1|bi=0.909091|sf=0.954545|fe=500|seed=6002,abf_fr_information_oracle|tt=information_oracle|g=0.032|eta=0.1|bi=0.909091|sf=0.954545|fe=500,abf_fr_information_oracle,information_oracle,6002,0.032,0.1,0.9090909090909092,0.9545454545454544,500,5500,11.0,0.2131995711505605,0.606502693165123,0.0785540475935445,0.3013936678397035,0.3734692014503304,3433,256,0.0,False,0.0,0.0,0,,,,,0.2567903997684766,0.2136588086310551,0.0431315911374214,0.6044690810306199,0.2480559897297821,0.7263058263539544,0.1948860273548073,0.5577507030366764,0.2131995711505605,0.606502693165123,0.0614924565624111,0.8570847619298535,256.0,1,0.00390625,0,0,,,,,,,,,,,,0.05,0.1,0.3013936678397035,0.0785540475935445,0.3734692014503304,,,0.421875,0.0625,0.39453125
abf_fr_information_oracle|tt=information_oracle|g=0.032|eta=0.1|bi=0.909091|sf=0.954545|fe=500|seed=6002,abf_fr_information_oracle|tt=information_oracle|g=0.032|eta=0.1|bi=0.909091|sf=0.954545|fe=500,abf_fr_information_oracle,information_oracle,6002,0.032,0.1,0.9090909090909092,0.9545454545454544,500,6000,12.0,0.2064848627807346,0.5881739208842512,0.0822984195546068,0.2982395554158078,0.3726189266608867,3577,256,0.0,False,0.0,0.0,0,,,,,0.2492932126437814,0.2136588086310551,0.0356344040127263,0.5852356455373708,0.2401984054835015,0.7051766533542814,0.1887149377606022,0.5409570412568306,0.2064848627807346,0.5881739208842512,0.0607002586367048,0.8432055695363562,256.0,1,0.00390625,0,0,,,,,,,,,,,,0.05,0.1,0.2982395554158078,0.0822984195546068,0.3726189266608867,,,0.390625,0.07421875,0.40625
abf_fr_information_oracle|tt=information_oracle|g=0.032|eta=0.1|bi=0.909091|sf=0.954545|fe=500|seed=6002,abf_fr_information_oracle|tt=information_oracle|g=0.032|eta=0.1|bi=0.909091|sf=0.954545|fe=500,abf_fr_information_oracle,information_oracle,6002,0.032,0.1,0.9090909090909092,0.9545454545454544,500,6500,13.0,0.1974745456811571,0.5651482977135166,0.0794903707458144,0.2970360284002051,0.3867898854997746,3794,256,0.0,False,0.0,0.0,0,,,,,0.2430532082462555,0.2136588086310551,0.0293943996152004,0.5612260880095724,0.2299319377541054,0.6778187769203677,0.180386159318445,0.5200735945533588,0.1974745456811571,0.5651482977135166,0.0598268864724527,0.8258749340852243,256.0,1,0.00390625,0,0,,,,,,,,,,,,0.05,0.1,0.2970360284002051,0.0794903707458144,0.3867898854997746,,,0.40625,0.0546875,0.40234375
abf_fr_information_oracle|tt=information_oracle|g=0.032|eta=0.1|bi=0.909091|sf=0.954545|fe=500|seed=6002,abf_fr_information_oracle|tt=information_oracle|g=0.032|eta=0.1|bi=0.909091|sf=0.954545|fe=500,abf_fr_information_oracle,information_oracle,6002,0.032,0.1,0.9090909090909092,0.9545454545454544,500,7000,14.0,0.1879029808956872,0.5380971506773827,0.0856946405137741,0.2980213508099364,0.363039142477868,3956,256,0.0,False,0.0,0.0,0,,,,,0.2466279955581782,0.2136588086310551,0.0329691869271231,0.5343165204083654,0.2187448337083881,0.6456465690380656,0.1717994406441292,0.4955426744102383,0.1879029808956872,0.5380971506773827,0.0577533003048913,0.7959668901029752,256.0,1,0.00390625,0,0,,,,,,,,,,,,0.05,0.1,0.2980213508099364,0.0856946405137741,0.363039142477868,,,0.39453125,0.07421875,0.34375
abf_fr_information_oracle|tt=information_oracle|g=0.032|eta=0.1|bi=0.909091|sf=0.954545|fe=500|seed=6002,abf_fr_information_oracle|tt=information_oracle|g=0.032|eta=0.1|bi=0.909091|sf=0.954545|fe=500,abf_fr_information_oracle,information_oracle,6002,0.032,0.1,0.9090909090909092,0.9545454545454544,500,7500,15.0,0.1800534845178484,0.5146646831374532,0.0764484043071386,0.2886660288053401,0.4029468233548317,4141,256,0.0,False,0.0,0.0,0,,,,,0.2440858947015804,0.2136588086310551,0.0304270860705253,0.511859531163785,0.2095961729922787,0.6177076206331199,0.1647253069229152,0.4743492729720773,0.1800534845178484,0.5146646831374532,0.0564632529698019,0.7714944848741374,256.0,1,0.00390625,0,0,,,,,,,,,,,,0.05,0.1,0.2886660288053401,0.0764484043071386,0.4029468233548317,,,0.41015625,0.06640625,0.33984375
abf_fr_information_oracle|tt=information_oracle|g=0.032|eta=0.1|bi=0.909091|sf=0.954545|fe=500|seed=6002,abf_fr_information_oracle|tt=information_oracle|g=0.032|eta=0.1|bi=0.909091|sf=0.954545|fe=500,abf_fr_information_oracle,information_oracle,6002,0.032,0.1,0.9090909090909092,0.9545454545454544,500,8000,16.0,0.1739609930857991,0.4948661012956594,0.0785585121617125,0.2956053600066418,0.4025411797066193,4330,256,0.0,False,0.0,0.0,0,,,,,0.2528205226034679,0.2136588086310551,0.0391617139724127,0.492292159680793,0.201967678873727,0.5942385028754529,0.1594631846058744,0.4563975276759721,0.1739609930857991,0.4948661012956594,0.0546811816468931,0.7463793025972225,256.0,1,0.00390625,0,0,,,,,,,,,,,,0.05,0.1,0.2956053600066418,0.0785585121617125,0.4025411797066193,,,0.40234375,0.0703125,0.3671875
abf_fr_information_oracle|tt=information_oracle|g=0.032|eta=0.1|bi=0.909091|sf=0.954545|fe=500|seed=6002,abf_fr_information_oracle|tt=information_oracle|g=0.032|eta=0.1|bi=0.909091|sf=0.954545|fe=500,abf_fr_information_oracle,information_oracle,6002,0.032,0.1,0.9090909090909092,0.9545454545454544,500,8500,17.0,0.1681173729178068,0.4741425026455841,0.0740918766639298,0.2918633929744487,0.3822125056770484,4552,256,0.0,False,0.0,0.0,0,,,,,0.2706807767662624,0.2136588086310551,0.0570219681352073,0.4725836595456442,0.1944653776395474,0.5695663741874002,0.1545901679003933,0.4377086292832448,0.1681173729178068,0.4741425026455841,0.0533202533448249,0.721732073431212,256.0,1,0.00390625,0,0,,,,,,,,,,,,0.05,0.1,0.2918633929744487,0.0740918766639298,0.3822125056770484,,,0.4140625,0.0625,0.3359375
abf_fr_information_oracle|tt=information_oracle|g=0.032|eta=0.1|bi=0.909091|sf=0.954545|fe=500|seed=6002,abf_fr_information_oracle|tt=information_oracle|g=0.032|eta=0.1|bi=0.909091|sf=0.954545|fe=500,abf_fr_information_oracle,information_oracle,6002,0.032,0.1,0.9090909090909092,0.9545454545454544,500,9000,18.0,0.1601900317137022,0.4502436285800762,0.0867509992227152,0.3052801107501648,0.3895605124604564,4689,256,0.0,False,0.0,0.0,0,,,,,0.2719136377056905,0.2136588086310551,0.0582548290746354,0.4487113486715788,0.1851622058825523,0.5409218248037487,0.1474394736413932,0.4162019470302953,0.1601900317137022,0.4502436285800762,0.0516565681913037,0.6935216110045681,256.0,1,0.00390625,0,0,,,,,,,,,,,,0.05,0.1,0.3052801107501648,0.0867509992227152,0.3895605124604564,,,0.40234375,0.046875,0.38671875
abf_fr_information_oracle|tt=information_oracle|g=0.032|eta=0.1|bi=0.909091|sf=0.954545|fe=500|seed=6002,abf_fr_information_oracle|tt=information_oracle|g=0.032|eta=0.1|bi=0.909091|sf=0.954545|fe=500,abf_fr_information_oracle,information_oracle,6002,0.032,0.1,0.9090909090909092,0.9545454545454544,500,9500,19.0,0.154708801611891,0.434680260877777,0.0720485319828927,0.2960598789285845,0.3962327667571458,4896,256,0.0,False,0.0,0.0,0,,,,,0.274327277562822,0.2136588086310551,0.0606684689317669,0.4327541698360757,0.178694650891619,0.5222378226303135,0.1424436694015704,0.4021883556428873,0.154708801611891,0.434680260877777,0.0504794274577455,0.674976994560494,256.0,1,0.00390625,0,0,,,,,,,,,,,,0.05,0.1,0.2960598789285845,0.0720485319828927,0.3962327667571458,,,0.40234375,0.07421875,0.359375
abf_fr_information_oracle|tt=information_oracle|g=0.032|eta=0.1|bi=0.909091|sf=0.954545|fe=500|seed=6002,abf_fr_information_oracle|tt=information_oracle|g=0.032|eta=0.1|bi=0.909091|sf=0.954545|fe=500,abf_fr_information_oracle,information_oracle,6002,0.032,0.1,0.9090909090909092,0.9545454545454544,500,10000,20.0,0.1501032356592963,0.4192358773333615,0.0807289206711972,0.2913346142708636,0.3863274790184199,5027,251,0.032,True,0.01953125,0.01953125,5,-1.7347234759768068e-17,0.957978687706972,-3.4832380127300664,1.3037492040475662,0.2804964205152025,0.2136588086310551,0.0668376118841473,0.4178718084148277,0.1729266127159883,0.5037441124692086,0.1384637476123865,0.3882622334940663,0.1501032356592963,0.4192358773333615,0.04908454369338,0.6540264589670456,246.37593984962405,2,0.0078125,1,5,0.0,-3.190982063837782,-3.190982063837782,-1.0175041701480982,-1.0175041701480982,0.2190251258116755,0.2190251258116755,1.0438461257238003,1.0438461257238003,1.296284195153537,1.296284195153537,0.05,0.1,0.2913346142708636,0.0807289206711972,0.3863274790184199,0.957978687706972,1.3037492040475662,0.40234375,0.046875,0.40625
abf_fr_information_oracle|tt=information_oracle|g=0.032|eta=0.1|bi=0.909091|sf=0.954545|fe=500|seed=6002,abf_fr_information_oracle|tt=information_oracle|g=0.032|eta=0.1|bi=0.909091|sf=0.954545|fe=500,abf_fr_information_oracle,information_oracle,6002,0.032,0.1,0.9090909090909092,0.9545454545454544,500,10500,21.0,0.1438873330952359,0.399607055200075,0.0711725398491574,0.2834233550270926,0.3923354517997047,5179,251,0.0,False,0.0,0.0,0,,,,,0.2788678535839182,0.2136588086310551,0.065209044952863,0.3990541740658551,0.1655674085939875,0.4801831421969119,0.1328978653064731,0.3706061452631632,0.1438873330952359,0.399607055200075,0.0474555431658543,0.6253641423039875,246.37593984962405,2,0.0078125,1,5,,,,,,,,,,,,0.05,0.1,0.2834233550270926,0.0711725398491574,0.3923354517997047,,,0.359375,0.0703125,0.39453125
abf_fr_information_oracle|tt=information_oracle|g=0.032|eta=0.1|bi=0.909091|sf=0.954545|fe=500|seed=6002,abf_fr_information_oracle|tt=information_oracle|g=0.032|eta=0.1|bi=0.909091|sf=0.954545|fe=500,abf_fr_information_oracle,information_oracle,6002,0.032,0.1,0.9090909090909092,0.9545454545454544,500,11000,22.0,0.1357790206224467,0.3792300897379515,0.0786937224775143,0.2911749937009957,0.3906362027626436,5352,251,0.0,False,0.0,0.0,0,,,,,0.2653342812823354,0.2136588086310551,0.0516754726512802,0.3804754268848634,0.1567831694566519,0.4556853053700654,0.1251844093295054,0.3524298316632436,0.1357790206224467,0.3792300897379515,0.0451386268096113,0.5961271879914163,246.37593984962405,2,0.0078125,1,5,,,,,,,,,,,,0.05,0.1,0.2911749937009957,0.0786937224775143,0.3906362027626436,,,0.390625,0.0703125,0.3984375
abf_fr_information_oracle|tt=information_oracle|g=0.032|eta=0.1|bi=0.909091|sf=0.954545|fe=500|seed=6003,abf_fr_information_oracle|tt=information_oracle|g=0.032|eta=0.1|bi=0.909091|sf=0.954545|fe=500,abf_fr_information_oracle,information_oracle,6003,0.032,0.1,0.9090909090909092,0.9545454545454544,500,0,0.0,2.906603863987052,6.564657815288973,0.0456026583803901,0.2346433902552918,0.399661267384418,0,256,0.0,False,0.0,0.0,0,,,,,0.0,0.2136588086310551,0.2136588086310551,1.8839792970692677,0.7722826132658906,3.487298309594125,5.408116675855963,9.381946420303988,2.906603863987052,6.564657815288973,0.037083496902375,0.7293641473133242,256.0,1,0.00390625,0,0,,,,,,,,,,,,0.05,0.1,0.2346433902552918,0.0456026583803901,0.399661267384418,,,0.32421875,0.1640625,0.35546875
abf_fr_information_oracle|tt=information_oracle|g=0.032|eta=0.1|bi=0.909091|sf=0.954545|fe=500|seed=6003,abf_fr_information_oracle|tt=information_oracle|g=0.032|eta=0.1|bi=0.909091|sf=0.954545|fe=500,abf_fr_information_oracle,information_oracle,6003,0.032,0.1,0.9090909090909092,0.9545454545454544,500,500,1.0,0.5122389733948105,1.3818867771047263,0.0929649900552988,0.2825765277280027,0.366791331388698,609,256,0.0,False,0.0,0.0,0,,,,,0.3231443747435349,0.2136588086310551,0.1094855661124798,1.4419148880502115,0.588656906278029,1.4927838588483633,0.5182535209401739,1.275410638657361,0.5122389733948105,1.3818867771047263,0.0598832209453007,0.9826809911939058,256.0,1,0.00390625,0,0,,,,,,,,,,,,0.05,0.1,0.2825765277280027,0.0929649900552988,0.366791331388698,,,0.37109375,0.16796875,0.3828125
abf_fr_information_oracle|tt=information_oracle|g=0.032|eta=0.1|bi=0.909091|sf=0.954545|fe=500|seed=6003,abf_fr_information_oracle|tt=information_oracle|g=0.032|eta=0.1|bi=0.909091|sf=0.954545|fe=500,abf_fr_information_oracle,information_oracle,6003,0.032,0.1,0.9090909090909092,0.9545454545454544,500,1000,2.0,0.4426836268807633,1.221220342929836,0.1081478328334351,0.2828056124063331,0.3672547683409099,1097,256,0.0,False,0.0,0.0,0,,,,,0.2770810800186751,0.2136588086310551,0.06342227138762,1.267445440753648,0.5189344023534623,1.3851256691177738,0.4239734215854219,1.122271539390565,0.4426836268807633,1.221220342929836,0.0696443521954221,1.069733261316267,256.0,1,0.00390625,0,0,,,,,,,,,,,,0.05,0.1,0.2828056124063331,0.1081478328334351,0.3672547683409099,,,0.390625,0.14453125,0.40625
abf_fr_information_oracle|tt=information_oracle|g=0.032|eta=0.1|bi=0.909091|sf=0.954545|fe=500|seed=6003,abf_fr_information_oracle|tt=information_oracle|g=0.032|eta=0.1|bi=0.909091|sf=0.954545|fe=500,abf_fr_information_oracle,information_oracle,6003,0.032,0.1,0.9090909090909092,0.9545454545454544,500,1500,3.0,0.4024301825259412,1.125215557821572,0.101050468060995,0.2864434899489435,0.358935296657109,1598,256,0.0,False,0.0,0.0,0,,,,,0.2618510321274137,0.2136588086310551,0.0481922234963585,1.1546021947165188,0.4731579325918549,1.300226062268344,0.3783308043505598,1.0341088961747993,0.4024301825259412,1.125215557821572,0.0711237847378269,1.0830905046815067,256.0,1,0.00390625,0,0,,,,,,,,,,,,0.05,0.1,0.2864434899489435,0.101050468060995,0.358935296657109,,,0.40625,0.11328125,0.4375
abf_fr_information_oracle|tt=information_oracle|g=0.032|eta=0.1|bi=0.909091|sf=0.954545|fe=500|seed=6003,abf_fr_information_oracle|tt=information_oracle|g=0.032|eta=0.1|bi=0.909091|sf=0.954545|fe=500,abf_fr_information_oracle,information_oracle,6003,0.032,0.1,0.9090909090909092,0.9545454545454544,500,2000,4.0,0.3674231905620627,1.031896603728384,0.109184048676505,0.3038124564054514,0.3483199530508338,1942,256,0.0,False,0.0,0.0,0,,,,,0.1841465894644152,0.2136588086310551,0.0295122191666399,1.054779817057255,0.4315941493534061,1.2066980528245062,0.3415349344053109,0.9483051857930174,0.3674231905620627,1.031896603728384,0.0720446745915041,1.0780590238297771,256.0,1,0.00390625,0,0,,,,,,,,,,,,0.05,0.1,0.3038124564054514,0.109184048676505,0.3483199530508338,,,0.40625,0.09375,0.453125
abf_fr_information_oracle|tt=information_oracle|g=0.032|eta=0.1|bi=0.909091|sf=0.954545|fe=500|seed=6003,abf_fr_information_oracle|tt=information_oracle|g=0.032|eta=0.1|bi=0.909091|sf=0.954545|fe=500,abf_fr_information_oracle,information_oracle,6003,0.032,0.1,0.9090909090909092,0.9545454545454544,500,2500,5.0,0.3424951443483953,0.9568813764930016,0.1057777694177433,0.3096827034193962,0.3600504424866137,2254,256,0.0,False,0.0,0.0,0,,,,,0.1660491053176613,0.2136588086310551,0.0476097033133937,0.9803717986108026,0.4015923245730556,1.1293690662906368,0.3152544615829268,0.8790078802174885,0.3424951443483953,0.9568813764930016,0.0718840649388211,1.0618398184344977,256.0,1,0.00390625,0,0,,,,,,,,,,,,0.05,0.1,0.3096827034193962,0.1057777694177433,0.3600504424866137,,,0.4140625,0.06640625,0.44140625
abf_fr_information_oracle|tt=information_oracle|g=0.032|eta=0.1|bi=0.909091|sf=0.954545|fe=500|seed=6003,abf_fr_information_oracle|tt=information_oracle|g=0.032|eta=0.1|bi=0.909091|sf=0.954545|fe=500,abf_fr_information_oracle,information_oracle,6003,0.032,0.1,0.9090909090909092,0.9545454545454544,500,3000,6.0,0.3219253963499992,0.9020126515456404,0.1012967631752531,0.3049337447258195,0.3563980007348222,2546,256,0.0,False,0.0,0.0,0,,,,,0.1699063295304128,0.2136588086310551,0.0437524791006422,0.918923650201366,0.3767849596105023,1.0707954013336616,0.2951260713577316,0.8286725549664556,0.3219253963499992,0.9020126515456404,0.0711661315397901,1.043885563477538,256.0,1,0.00390625,0,0,,,,,,,,,,,,0.05,0.1,0.3049337447258195,0.1012967631752531,0.3563980007348222,,,0.41015625,0.08203125,0.44140625
abf_fr_information_oracle|tt=information_oracle|g=0.032|eta=0.1|bi=0.909091|sf=0.954545|fe=500|seed=6003,abf_fr_information_oracle|tt=information_oracle|g=0.032|eta=0.1|bi=0.909091|sf=0.954545|fe=500,abf_fr_information_oracle,information_oracle,6003,0.032,0.1,0.9090909090909092,0.9545454545454544,500,3500,7.0,0.3038642153348283,0.8530289683684733,0.1040466267341917,0.3040090771407479,0.3670176140623296,2770,256,0.0,False,0.0,0.0,0,,,,,0.1420278531632632,0.2136588086310551,0.0716309554677918,0.8639401235941349,0.3547730550687697,1.0155500650269336,0.2785299206029898,0.7837236079404251,0.3038642153348283,0.8530289683684733,0.0711549755546716,1.0323341787882732,256.0,1,0.00390625,0,0,,,,,,,,,,,,0.05,0.1,0.3040090771407479,0.1040466267341917,0.3670176140623296,,,0.40625,0.08203125,0.4375
abf_fr_information_oracle|tt=information_oracle|g=0.032|eta=0.1|bi=0.909091|sf=0.954545|fe=500|seed=6003,abf_fr_information_oracle|tt=information_oracle|g=0.032|eta=0.1|bi=0.909091|sf=0.954545|fe=500,abf_fr_information_oracle,information_oracle,6003,0.032,0.1,0.9090909090909092,0.9545454545454544,500,4000,8.0,0.2833102634293542,0.7933163534542674,0.0947556692981554,0.2980021368697486,0.3886669261049301,3025,256,0.0,False,0.0,0.0,0,,,,,0.1325924405949941,0.2136588086310551,0.081066368036061,0.8030278755530266,0.3300808635812091,0.945957888448736,0.2598516550460127,0.7288977775125233,0.2833102634293542,0.7933163534542674,0.0694442638087462,0.9996159658760226,256.0,1,0.00390625,0,0,,,,,,,,,,,,0.05,0.1,0.2980021368697486,0.0947556692981554,0.3886669261049301,,,0.39453125,0.08203125,0.41796875
abf_fr_information_oracle|tt=information_oracle|g=0.032|eta=0.1|bi=0.909091|sf=0.954545|fe=500|seed=6003,abf_fr_information_oracle|tt=information_oracle|g=0.032|eta=0.1|bi=0.909091|sf=0.954545|fe=500,abf_fr_information_oracle,information_oracle,6003,0.032,0.1,0.9090909090909092,0.9545454545454544,500,4500,9.0,0.2692647793909666,0.7452567091793807,0.081287456008607,0.296163306413333,0.3855005345068805,3154,256,0.0,False,0.0,0.0,0,,,,,0.0964845380493777,0.2136588086310551,0.1171742705816774,0.7555353111256968,0.3120035599759067,0.8907027361183834,0.2473712050623957,0.6847704622447791,0.2692647793909666,0.7452567091793807,0.0672868978622516,0.9617657811080784,256.0,1,0.00390625,0,0,,,,,,,,,,,,0.05,0.1,0.296163306413333,0.081287456008607,0.3855005345068805,,,0.41015625,0.06640625,0.41796875
abf_fr_information_oracle|tt=information_oracle|g=0.032|eta=0.1|bi=0.909091|sf=0.954545|fe=500|seed=6003,abf_fr_information_oracle|tt=information_oracle|g=0.032|eta=0.1|bi=0.909091|sf=0.954545|fe=500,abf_fr_information_oracle,information_oracle,6003,0.032,0.1,0.9090909090909092,0.9545454545454544,500,5000,10.0,0.2576931189823948,0.7066110940009793,0.0906609754344476,0.3097033013124861,0.376185227523829,3355,256,0.0,False,0.0,0.0,0,,,,,0.073532102541904,0.2136588086310551,0.1401267060891511,0.7159486215970091,0.2971613018824121,0.8453888097720571,0.2372133755886461,0.6492854364583146,0.2576931189823948,0.7066110940009793,0.066184811580826,0.9403828531404228,256.0,1,0.00390625,0,0,,,,,,,,,,,,0.05,0.1,0.3097033013124861,0.0906609754344476,0.376185227523829,,,0.41015625,0.0546875,0.41796875
abf_fr_information_oracle|tt=information_oracle|g=0.032|eta=0.1|bi=0.909091|sf=0.954545|fe=500|seed=6003,abf_fr_information_oracle|tt=information_oracle|g=0.032|eta=0.1|bi=0.909091|sf=0.954545|fe=500,abf_fr_information_oracle,information_oracle,6003,0.032,0.1,0.9090909090909092,0.9545454545454544,500,5500,11.0,0.2410044138022033,0.6625404494385991,0.081505455433864,0.2914450345087648,0.3741701456818262,3527,256,0.0,False,0.0,0.0,0,,,,,0.0805995282584532,0.2136588086310551,0.1330592803726018,0.6690540950517155,0.2779943605399301,0.7929890583868769,0.221910345828218,0.6091051192949478,0.2410044138022033,0.6625404494385991,0.0645864203683578,0.9075511776882276,256.0,1,0.00390625,0,0,,,,,,,,,,,,0.05,0.1,0.2914450345087648,0.081505455433864,0.3741701456818262,,,0.421875,0.07421875,0.39453125
abf_fr_information_oracle|tt=information_oracle|g=0.032|eta=0.1|bi=0.909091|sf=0.954545|fe=500|seed=6003,abf_fr_information_oracle|tt=information_oracle|g=0.032|eta=0.1|bi=0.909091|sf=0.954545|fe=500,abf_fr_information_oracle,information_oracle,6003,0.032,0.1,0.9090909090909092,0.9545454545454544,500,6000,12.0,0.2251435125550493,0.6256984725571502,0.0797295867508226,0.291938104291618,0.3758958476844999,3717,256,0.0,False,0.0,0.0,0,,,,,0.1097846125472976,0.2136588086310551,0.1038741960837574,0.630188789270325,0.2606844084124428,0.7495492860760635,0.2068024626618952,0.5756029552433568,0.2251435125550493,0.6256984725571502,0.0629793535797473,0.8789342047231778,256.0,1,0.00390625,0,0,,,,,,,,,,,,0.05,0.1,0.291938104291618,0.0797295867508226,0.3758958476844999,,,0.40625,0.05859375,0.4140625
abf_fr_information_oracle|tt=information_oracle|g=0.032|eta=0.1|bi=0.909091|sf=0.954545|fe=500|seed=6003,abf_fr_information_oracle|tt=information_oracle|g=0.032|eta=0.1|bi=0.909091|sf=0.954545|fe=500,abf_fr_information_oracle,information_oracle,6003,0.032,0.1,0.9090909090909092,0.9545454545454544,500,6500,13.0,0.2094864212671901,0.5831839984370023,0.0720332270979175,0.2802174795661526,0.3822396877533293,3879,256,0.0,False,0.0,0.0,0,,,,,0.1224519282978207,0.2136588086310551,0.0912068803332344,0.5880809370042496,0.2428058895861578,0.6986114017618132,0.1924234398134146,0.5371049393068604,0.2094864212671901,0.5831839984370023,0.0599746563936395,0.8304094955030014,256.0,1,0.00390625,0,0,,,,,,,,,,,,0.05,0.1,0.2802174795661526,0.0720332270979175,0.3822396877533293,,,0.43359375,0.07421875,0.37890625
abf_fr_information_oracle|tt=information_oracle|g=0.032|eta=0.1|bi=0.909091|sf=0.954545|fe=500|seed=6003,abf_fr_information_oracle|tt=information_oracle|g=0.032|eta=0.1|bi=0.909091|sf=0.954545|fe=500,abf_fr_information_oracle,information_oracle,6003,0.032,0.1,0.9090909090909092,0.9545454545454544,500,7000,14.0,0.2001260423845714,0.557446958928178,0.0790949611575124,0.2946163183045844,0.3895343274188813,4097,256,0.0,False,0.0,0.0,0,,,,,0.1230453852227455,0.2136588086310551,0.0906134234083095,0.5606777477138651,0.2317687056630444,0.6679056193654315,0.183945290898977,0.5136686741944596,0.2001260423845714,0.557446958928178,0.0580315188259814,0.8047625647241724,256.0,1,0.00390625,0,0,,,,,,,,,,,,0.05,0.1,0.2946163183045844,0.0790949611575124,0.3895343274188813,,,0.4140625,0.06640625,0.3515625
abf_fr_information_oracle|tt=information_oracle|g=0.032|eta=0.1|bi=0.909091|sf=0.954545|fe=500|seed=6003,abf_fr_information_oracle|tt=information_oracle|g=0.032|eta=0.1|bi=0.909091|sf=0.954545|fe=500,abf_fr_information_oracle,information_oracle,6003,0.032,0.1,0.9090909090909092,0.9545454545454544,500,7500,15.0,0.1925348001232,0.5364532683972602,0.0828918227891429,0.2859767281156871,0.3600632529130833,4260,256,0.0,False,0.0,0.0,0,,,,,0.1280893879297053,0.2136588086310551,0.0855694207013497,0.5398357528800123,0.2230150930925105,0.6429216979836752,0.1769730089272986,0.4945951271985956,0.1925348001232,0.5364532683972602,0.056852768752529,0.7811246995707283,256.0,1,0.00390625,0,0,,,,,,,,,,,,0.05,0.1,0.2859767281156871,0.0828918227891429,0.3600632529130833,,,0.390625,0.0859375,0.37890625
abf_fr_information_oracle|tt=information_oracle|g=0.032|eta=0.1|bi=0.909091|sf=0.954545|fe=500|seed=6003,abf_fr_information_oracle|tt=information_oracle|g=0.032|eta=0.1|bi=0.909091|sf=0.954545|fe=500,abf_fr_information_oracle,information_oracle,6003,0.032,0.1,0.9090909090909092,0.9545454545454544,500,8000,16.0,0.1829729133921136,0.5105847896023612,0.0798873546476205,0.2787008863911949,0.3686801632705527,4514,256,0.0,False,0.0,0.0,0,,,,,0.1320797638543922,0.2136588086310551,0.0815790447766628,0.5141891708019535,0.212097512200602,0.6120375653963668,0.1680924567993398,0.4711256742954164,0.1829729133921136,0.5105847896023612,0.0548525705742469,0.7520721790131378,256.0,1,0.00390625,0,0,,,,,,,,,,,,0.05,0.1,0.2787008863911949,0.0798873546476205,0.3686801632705527,,,0.38671875,0.09375,0.359375
abf_fr_information_oracle|tt=information_oracle|g=0.032|eta=0.1|bi=0.909091|sf=0.954545|fe=500|seed=6003,abf_fr_information_oracle|tt=information_oracle|g=0.032|eta=0.1|bi=0.909091|sf=0.954545|fe=500,abf_fr_information_oracle,information_oracle,6003,0.032,0.1,0.9090909090909092,0.9545454545454544,500,8500,17.0,0.1735660204075133,0.4871238288617032,0.0706875447060954,0.2736278057687742,0.3928233343998928,4733,256,0.0,False,0.0,0.0,0,,,,,0.1445415151932287,0.2136588086310551,0.0691172934378263,0.4895735576619786,0.2017878119523961,0.5838832930971792,0.1590572097627269,0.4499837608686651,0.1735660204075133,0.4871238288617032,0.0527077677535163,0.7203642229222824,256.0,1,0.00390625,0,0,,,,,,,,,,,,0.05,0.1,0.2736278057687742,0.0706875447060954,0.3928233343998928,,,0.38671875,0.1015625,0.33984375
abf_fr_information_oracle|tt=information_oracle|g=0.032|eta=0.1|bi=0.909091|sf=0.954545|fe=500|seed=6003,abf_fr_information_oracle|tt=information_oracle|g=0.032|eta=0.1|bi=0.909091|sf=0.954545|fe=500,abf_fr_information_oracle,information_oracle,6003,0.032,0.1,0.9090909090909092,0.9545454545454544,500,9000,18.0,0.1657117598964597,0.4656851756670195,0.0765351927741954,0.2927961635122261,0.3814479312644309,4905,256,0.0,False,0.0,0.0,0,,,,,0.1506846361051863,0.2136588086310551,0.0629741725258687,0.4677328088746494,0.1928201915606187,0.5582702787261631,0.1518008759563812,0.4307367309940362,0.1657117598964597,0.4656851756670195,0.0504666162044213,0.6889232819968972,256.0,1,0.00390625,0,0,,,,,,,,,,,,0.05,0.1,0.2927961635122261,0.0765351927741954,0.3814479312644309,,,0.3984375,0.07421875,0.3828125
abf_fr_information_oracle|tt=information_oracle|g=0.032|eta=0.1|bi=0.909091|sf=0.954545|fe=500|seed=6003,abf_fr_information_oracle|tt=information_oracle|g=0.032|eta=0.1|bi=0.909091|sf=0.954545|fe=500,abf_fr_information_oracle,information_oracle,6003,0.032,0.1,0.9090909090909092,0.9545454545454544,500,9500,19.0,0.1601374744179296,0.4510226958371754,0.0869904731779708,0.2937491618585424,0.3785523415025261,5156,256,0.0,False,0.0,0.0,0,,,,,0.1533409917502979,0.2136588086310551,0.0603178168807572,0.4524412605664729,0.1863558977103396,0.5408297916590917,0.1466705508561575,0.4175299466474767,0.1601374744179296,0.4510226958371754,0.0494430958882222,0.674224005224548,256.0,1,0.00390625,0,0,,,,,,,,,,,,0.05,0.1,0.2937491618585424,0.0869904731779708,0.3785523415025261,,,0.41796875,0.07421875,0.359375
abf_fr_information_oracle|tt=information_oracle|g=0.032|eta=0.1|bi=0.909091|sf=0.954545|fe=500|seed=6003,abf_fr_information_oracle|tt=information_oracle|g=0.032|eta=0.1|bi=0.909091|sf=0.954545|fe=500,abf_fr_information_oracle,information_oracle,6003,0.032,0.1,0.9090909090909092,0.9545454545454544,500,10000,20.0,0.1559780352499641,0.4377777471683177,0.0662267680029649,0.2732938220937468,0.3938388839374708,5387,248,0.032,True,0.03125,0.03125,8,-3.122502256758253e-17,1.0430919569647616,-3.135684423974414,1.359867704464474,0.1435490598537292,0.2136588086310551,0.0701097487773259,0.4398786222974897,0.1810922322752018,0.5250781888716579,0.1430909492859321,0.4055590512280271,0.1559780352499641,0.4377777471683177,0.0481347696606979,0.6591911346361555,240.94117647058823,2,0.0078125,1,8,0.0,-3.109507864765716,-3.109507864765716,-1.8495445462265323,-1.8495445462265323,0.1646090440247731,0.1646090440247731,1.2337739903016287,1.2337739903016287,1.3551217895741303,1.3551217895741303,0.05,0.1,0.2732938220937468,0.0662267680029649,0.3938388839374708,1.0430919569647616,1.359867704464474,0.390625,0.08984375,0.37109375
abf_fr_information_oracle|tt=information_oracle|g=0.032|eta=0.1|bi=0.909091|sf=0.954545|fe=500|seed=6003,abf_fr_information_oracle|tt=information_oracle|g=0.032|eta=0.1|bi=0.909091|sf=0.954545|fe=500,abf_fr_information_oracle,information_oracle,6003,0.032,0.1,0.9090909090909092,0.9545454545454544,500,10500,21.0,0.1496023721608328,0.4204252835249859,0.0867096295967659,0.2901507965013022,0.3692210902790268,5584,248,0.0,False,0.0,0.0,0,,,,,0.1487839720381742,0.2136588086310551,0.0648748365928808,0.421949081251889,0.1737594897472237,0.5042562163983295,0.1372612891081245,0.3900459028583785,0.1496023721608328,0.4204252835249859,0.0468192961853161,0.6369928798378979,240.94117647058823,2,0.0078125,1,8,,,,,,,,,,,,0.05,0.1,0.2901507965013022,0.0867096295967659,0.3692210902790268,,,0.42578125,0.07421875,0.34375
abf_fr_information_oracle|tt=information_oracle|g=0.032|eta=0.1|bi=0.909091|sf=0.954545|fe=500|seed=6003,abf_fr_information_oracle|tt=information_oracle|g=0.032|eta=0.1|bi=0.909091|sf=0.954545|fe=500,abf_fr_information_oracle,information_oracle,6003,0.032,0.1,0.9090909090909092,0.9545454545454544,500,11000,22.0,0.1451187129164486,0.4055143247690031,0.0781747929703041,0.2824830649602648,0.3918801032172459,5737,248,0.0,False,0.0,0.0,0,,,,,0.1414796846979698,0.2136588086310551,0.0721791239330853,0.4081039359124722,0.1682250149459647,0.4864118212427332,0.1333334212003876,0.3765733672766329,0.1451187129164486,0.4055143247690031,0.0456877169553035,0.618753858809334,240.94117647058823,2,0.0078125,1,8,,,,,,,,,,,,0.05,0.1,0.2824830649602648,0.0781747929703041,0.3918801032172459,,,0.41796875,0.0859375,0.3359375
abf_fr_information_oracle|tt=information_oracle|g=0.032|eta=0.1|bi=0.909091|sf=0.954545|fe=500|seed=6004,abf_fr_information_oracle|tt=information_oracle|g=0.032|eta=0.1|bi=0.909091|sf=0.954545|fe=500,abf_fr_information_oracle,information_oracle,6004,0.032,0.1,0.9090909090909092,0.9545454545454544,500,0,0.0,2.906603863987052,6.564657815288973,0.0551412441179022,0.2633899507826197,0.3926384427527432,0,256,0.0,False,0.0,0.0,0,,,,,0.0,0.2136588086310551,0.2136588086310551,1.8839792970692677,0.7722826132658906,3.487298309594125,5.408116675855963,9.381946420303988,2.906603863987052,6.564657815288973,0.037083496902375,0.7293641473133242,256.0,1,0.00390625,0,0,,,,,,,,,,,,0.05,0.1,0.2633899507826197,0.0551412441179022,0.3926384427527432,,,0.38671875,0.12890625,0.3046875
abf_fr_information_oracle|tt=information_oracle|g=0.032|eta=0.1|bi=0.909091|sf=0.954545|fe=500|seed=6004,abf_fr_information_oracle|tt=information_oracle|g=0.032|eta=0.1|bi=0.909091|sf=0.954545|fe=500,abf_fr_information_oracle,information_oracle,6004,0.032,0.1,0.9090909090909092,0.9545454545454544,500,500,1.0,0.4918502944431158,1.3161412896073617,0.1037030427638045,0.291976358936204,0.3765059310205143,540,256,0.0,False,0.0,0.0,0,,,,,0.1828586252963902,0.2136588086310551,0.0308001833346649,1.3709841980438149,0.5573471116569715,1.382468299548716,0.5109542366790752,1.214712812655666,0.4918502944431158,1.3161412896073617,0.0626634448406953,0.943002305419736,256.0,1,0.00390625,0,0,,,,,,,,,,,,0.05,0.1,0.291976358936204,0.1037030427638045,0.3765059310205143,,,0.4296875,0.1328125,0.3671875
abf_fr_information_oracle|tt=information_oracle|g=0.032|eta=0.1|bi=0.909091|sf=0.954545|fe=500|seed=6004,abf_fr_information_oracle|tt=information_oracle|g=0.032|eta=0.1|bi=0.909091|sf=0.954545|fe=500,abf_fr_information_oracle,information_oracle,6004,0.032,0.1,0.9090909090909092,0.9545454545454544,500,1000,2.0,0.4362139009208134,1.1822446831843505,0.1037604901676152,0.2935742262240537,0.3751456893489059,1068,256,0.0,False,0.0,0.0,0,,,,,0.3165005552621274,0.2136588086310551,0.1028417466310722,1.2313992027818217,0.5049591589670037,1.319059090812616,0.4254154055440429,1.0884150611020666,0.4362139009208134,1.1822446831843505,0.0681442271339131,1.0182784911339202,256.0,1,0.00390625,0,0,,,,,,,,,,,,0.05,0.1,0.2935742262240537,0.1037604901676152,0.3751456893489059,,,0.44921875,0.125,0.3671875
abf_fr_information_oracle|tt=information_oracle|g=0.032|eta=0.1|bi=0.909091|sf=0.954545|fe=500|seed=6004,abf_fr_information_oracle|tt=information_oracle|g=0.032|eta=0.1|bi=0.909091|sf=0.954545|fe=500,abf_fr_information_oracle,information_oracle,6004,0.032,0.1,0.9090909090909092,0.9545454545454544,500,1500,3.0,0.3879087175848379,1.0541127748709684,0.097226987469761,0.2991044760840891,0.3590596983957392,1451,256,0.0,False,0.0,0.0,0,,,,,0.3299133184239693,0.2136588086310551,0.1162545097929141,1.098710817634171,0.4510436811014702,1.2152839030648803,0.3679409921509251,0.9703618126347286,0.3879087175848379,1.0541127748709684,0.0713556660008761,1.0457783045740818,256.0,1,0.00390625,0,0,,,,,,,,,,,,0.05,0.1,0.2991044760840891,0.097226987469761,0.3590596983957392,,,0.49609375,0.11328125,0.37890625
abf_fr_information_oracle|tt=information_oracle|g=0.032|eta=0.1|bi=0.909091|sf=0.954545|fe=500|seed=6004,abf_fr_information_oracle|tt=information_oracle|g=0.032|eta=0.1|bi=0.909091|sf=0.954545|fe=500,abf_fr_information_oracle,information_oracle,6004,0.032,0.1,0.9090909090909092,0.9545454545454544,500,2000,4.0,0.3710816824559901,0.9826628653585424,0.0999407458503345,0.3000570891886218,0.3445073896377641,1941,256,0.0,False,0.0,0.0,0,,,,,0.4372052414514833,0.2136588086310551,0.2235464328204282,1.0225921256751458,0.4245929662073062,1.1497939314465366,0.3518817141114214,0.9041555774878012,0.3710816824559901,0.9826628653585424,0.0714636574266877,1.0387936954509909,256.0,1,0.00390625,0,0,,,,,,,,,,,,0.05,0.1,0.3000570891886218,0.0999407458503345,0.3445073896377641,,,0.48046875,0.1015625,0.3828125
abf_fr_information_oracle|tt=information_oracle|g=0.032|eta=0.1|bi=0.909091|sf=0.954545|fe=500|seed=6004,abf_fr_information_oracle|tt=information_oracle|g=0.032|eta=0.1|bi=0.909091|sf=0.954545|fe=500,abf_fr_information_oracle,information_oracle,6004,0.032,0.1,0.9090909090909092,0.9545454545454544,500,2500,5.0,0.3589491118067101,0.9441416879981962,0.1068254216857818,0.3086805999280234,0.3468084595958824,2258,256,0.0,False,0.0,0.0,0,,,,,0.471069557957172,0.2136588086310551,0.2574107493261168,0.9766234875845968,0.4083381577906917,1.1142892325850964,0.3387351678855424,0.8685429800535381,0.3589491118067101,0.9441416879981962,0.0708131496946593,1.0337280077206217,256.0,1,0.00390625,0,0,,,,,,,,,,,,0.05,0.1,0.3086805999280234,0.1068254216857818,0.3468084595958824,,,0.4921875,0.078125,0.3828125
abf_fr_information_oracle|tt=information_oracle|g=0.032|eta=0.1|bi=0.909091|sf=0.954545|fe=500|seed=6004,abf_fr_information_oracle|tt=information_oracle|g=0.032|eta=0.1|bi=0.909091|sf=0.954545|fe=500,abf_fr_information_oracle,information_oracle,6004,0.032,0.1,0.9090909090909092,0.9545454545454544,500,3000,6.0,0.3405167388506983,0.8934881324059755,0.0907285350873561,0.2909611819109735,0.3631024462317227,2472,256,0.0,False,0.0,0.0,0,,,,,0.4777186803988549,0.2136588086310551,0.2640598717677997,0.9163892645913636,0.385419841704192,1.0602590537118193,0.3211737215502448,0.8208167875569998,0.3405167388506983,0.8934881324059755,0.0707898475157491,1.0231838639790458,256.0,1,0.00390625,0,0,,,,,,,,,,,,0.05,0.1,0.2909611819109735,0.0907285350873561,0.3631024462317227,,,0.4765625,0.08984375,0.3671875
abf_fr_information_oracle|tt=information_oracle|g=0.032|eta=0.1|bi=0.909091|sf=0.954545|fe=500|seed=6004,abf_fr_information_oracle|tt=information_oracle|g=0.032|eta=0.1|bi=0.909091|sf=0.954545|fe=500,abf_fr_information_oracle,information_oracle,6004,0.032,0.1,0.9090909090909092,0.9545454545454544,500,3500,7.0,0.3286591982039499,0.8413823094890369,0.1164578439829612,0.3127334945508325,0.3575100864683431,2778,256,0.0,False,0.0,0.0,0,,,,,0.5160570310075663,0.2136588086310551,0.3023982223765111,0.8610571626235969,0.3669579642971295,1.0012749756998205,0.3125651268890793,0.7724554960997909,0.3286591982039499,0.8413823094890369,0.0700037042939472,1.0021770025613357,256.0,1,0.00390625,0,0,,,,,,,,,,,,0.05,0.1,0.3127334945508325,0.1164578439829612,0.3575100864683431,,,0.47265625,0.06640625,0.33984375
abf_fr_information_oracle|tt=information_oracle|g=0.032|eta=0.1|bi=0.909091|sf=0.954545|fe=500|seed=6004,abf_fr_information_oracle|tt=information_oracle|g=0.032|eta=0.1|bi=0.909091|sf=0.954545|fe=500,abf_fr_information_oracle,information_oracle,6004,0.032,0.1,0.9090909090909092,0.9545454545454544,500,4000,8.0,0.323004605451372,0.8219644403022401,0.0870601137254736,0.3006479863065966,0.3677652833782481,2963,256,0.0,False,0.0,0.0,0,,,,,0.5284813739043948,0.2136588086310551,0.3148225652733396,0.8362322493776453,0.358788825892484,0.9803654703302356,0.3077600351657569,0.7544016153010875,0.323004605451372,0.8219644403022401,0.0694466592435147,0.9947317342534564,256.0,1,0.00390625,0,0,,,,,,,,,,,,0.05,0.1,0.3006479863065966,0.0870601137254736,0.3677652833782481,,,0.46875,0.07421875,0.3515625
abf_fr_information_oracle|tt=information_oracle|g=0.032|eta=0.1|bi=0.909091|sf=0.954545|fe=500|seed=6004,abf_fr_information_oracle|tt=information_oracle|g=0.032|eta=0.1|bi=0.909091|sf=0.954545|fe=500,abf_fr_information_oracle,information_oracle,6004,0.032,0.1,0.9090909090909092,0.9545454545454544,500,4500,9.0,0.3091341021829056,0.784736581115077,0.1014441659469994,0.306416791574803,0.3568343890230923,3224,256,0.0,False,0.0,0.0,0,,,,,0.5304282336746056,0.2136588086310551,0.3167694250435504,0.793429777961312,0.342186911238074,0.9371415681270788,0.2944759578774451,0.7202430736271477,0.3091341021829056,0.784736581115077,0.0683260575921415,0.9796611265241514,256.0,1,0.00390625,0,0,,,,,,,,,,,,0.05,0.1,0.306416791574803,0.1014441659469994,0.3568343890230923,,,0.47265625,0.06640625,0.359375
abf_fr_information_oracle|tt=information_oracle|g=0.032|eta=0.1|bi=0.909091|sf=0.954545|fe=500|seed=6004,abf_fr_information_oracle|tt=information_oracle|g=0.032|eta=0.1|bi=0.909091|sf=0.954545|fe=500,abf_fr_information_oracle,information_oracle,6004,0.032,0.1,0.9090909090909092,0.9545454545454544,500,5000,10.0,0.2931419657193513,0.7515419220936833,0.0837379450699435,0.3002663889357033,0.3585283595863167,3454,256,0.0,False,0.0,0.0,0,,,,,0.5051008319778525,0.2136588086310551,0.2914420233467973,0.7570694465346852,0.325165040949647,0.8983529842696325,0.278421489516256,0.6899753033714511,0.2931419657193513,0.7515419220936833,0.067246775624607,0.9610859507273246,256.0,1,0.00390625,0,0,,,,,,,,,,,,0.05,0.1,0.3002663889357033,0.0837379450699435,0.3585283595863167,,,0.45703125,0.08203125,0.36328125
abf_fr_information_oracle|tt=information_oracle|g=0.032|eta=0.1|bi=0.909091|sf=0.954545|fe=500|seed=6004,abf_fr_information_oracle|tt=information_oracle|g=0.032|eta=0.1|bi=0.909091|sf=0.954545|fe=500,abf_fr_information_oracle,information_oracle,6004,0.032,0.1,0.9090909090909092,0.9545454545454544,500,5500,11.0,0.2802215062798335,0.7166689964556785,0.0911268688202148,0.2985300551259733,0.3692659339011557,3645,256,0.0,False,0.0,0.0,0,,,,,0.5005210362160177,0.2136588086310551,0.2868622275849626,0.719208519470418,0.3100360313109504,0.8570962130702305,0.2665496635035988,0.65821653029139,0.2802215062798335,0.7166689964556785,0.0655967674025485,0.9342719445869246,256.0,1,0.00390625,0,0,,,,,,,,,,,,0.05,0.1,0.2985300551259733,0.0911268688202148,0.3692659339011557,,,0.4453125,0.07421875,0.37109375
abf_fr_information_oracle|tt=information_oracle|g=0.032|eta=0.1|bi=0.909091|sf=0.954545|fe=500|seed=6004,abf_fr_information_oracle|tt=information_oracle|g=0.032|eta=0.1|bi=0.909091|sf=0.954545|fe=500,abf_fr_information_oracle,information_oracle,6004,0.032,0.1,0.9090909090909092,0.9545454545454544,500,6000,12.0,0.269841244916868,0.6798997185316811,0.0966194124346424,0.3090641192177816,0.3625368431065912,3858,256,0.0,False,0.0,0.0,0,,,,,0.5064947349054023,0.2136588086310551,0.2928359262743472,0.6820022872561136,0.2969450196136663,0.8139428798534318,0.2573113910634254,0.6247932064771323,0.269841244916868,0.6798997185316811,0.0645223140351716,0.9075267068005018,256.0,1,0.00390625,0,0,,,,,,,,,,,,0.05,0.1,0.3090641192177816,0.0966194124346424,0.3625368431065912,,,0.45703125,0.06640625,0.390625
abf_fr_information_oracle|tt=information_oracle|g=0.032|eta=0.1|bi=0.909091|sf=0.954545|fe=500|seed=6004,abf_fr_information_oracle|tt=information_oracle|g=0.032|eta=0.1|bi=0.909091|sf=0.954545|fe=500,abf_fr_information_oracle,information_oracle,6004,0.032,0.1,0.9090909090909092,0.9545454545454544,500,6500,13.0,0.2625633527974109,0.6587832293145545,0.0975127063701393,0.3073956366473321,0.3629347737816136,3987,256,0.0,False,0.0,0.0,0,,,,,0.5020040570112023,0.2136588086310551,0.2883452483801472,0.6607453464012298,0.2885850627205007,0.7892372522067442,0.2503524695627306,0.6055885028871018,0.2625633527974109,0.6587832293145545,0.063922455864223,0.8936258122652557,256.0,1,0.00390625,0,0,,,,,,,,,,,,0.05,0.1,0.3073956366473321,0.0975127063701393,0.3629347737816136,,,0.44921875,0.05078125,0.37890625
abf_fr_information_oracle|tt=information_oracle|g=0.032|eta=0.1|bi=0.909091|sf=0.954545|fe=500|seed=6004,abf_fr_information_oracle|tt=information_oracle|g=0.032|eta=0.1|bi=0.909091|sf=0.954545|fe=500,abf_fr_information_oracle,information_oracle,6004,0.032,0.1,0.9090909090909092,0.9545454545454544,500,7000,14.0,0.2542167712599987,0.6303428166156239,0.0863557357222711,0.3073332381968873,0.3793672149775733,4167,256,0.0,False,0.0,0.0,0,,,,,0.5038765028279499,0.2136588086310551,0.2902176941968948,0.6314369653260447,0.2781937708567975,0.7555683062708577,0.2429006679222932,0.5796642637042577,0.2542167712599987,0.6303428166156239,0.0623597779428929,0.865037436159437,256.0,1,0.00390625,0,0,,,,,,,,,,,,0.05,0.1,0.3073332381968873,0.0863557357222711,0.3793672149775733,,,0.46484375,0.046875,0.39453125
abf_fr_information_oracle|tt=information_oracle|g=0.032|eta=0.1|bi=0.909091|sf=0.954545|fe=500|seed=6004,abf_fr_information_oracle|tt=information_oracle|g=0.032|eta=0.1|bi=0.909091|sf=0.954545|fe=500,abf_fr_information_oracle,information_oracle,6004,0.032,0.1,0.9090909090909092,0.9545454545454544,500,7500,15.0,0.248648995967252,0.6141277087403918,0.0812415297403074,0.2978750649066371,0.3951719298038192,4331,256,0.0,False,0.0,0.0,0,,,,,0.5009681346948973,0.2136588086310551,0.2873093260638422,0.6145196844738604,0.2717258961238712,0.7365708685269696,0.2373861819282269,0.5649131885411621,0.248648995967252,0.6141277087403918,0.0614162063857707,0.848532879219103,256.0,1,0.00390625,0,0,,,,,,,,,,,,0.05,0.1,0.2978750649066371,0.0812415297403074,0.3951719298038192,,,0.43359375,0.05859375,0.36328125
abf_fr_information_oracle|tt=information_oracle|g=0.032|eta=0.1|bi=0.909091|sf=0.954545|fe=500|seed=6004,abf_fr_information_oracle|tt=information_oracle|g=0.032|eta=0.1|bi=0.909091|sf=0.954545|fe=500,abf_fr_information_oracle,information_oracle,6004,0.032,0.1,0.9090909090909092,0.9545454545454544,500,8000,16.0,0.2442492143206134,0.5961715427043515,0.0713504841541586,0.2941938269982639,0.3903588298380699,4472,256,0.0,False,0.0,0.0,0,,,,,0.507226495876715,0.2136588086310551,0.2935676872456598,0.595027679205599,0.2657541019816752,0.7151380193979987,0.2337325541740549,0.5485970908556138,0.2442492143206134,0.5961715427043515,0.059911764298666,0.8284389180504019,256.0,1,0.00390625,0,0,,,,,,,,,,,,0.05,0.1,0.2941938269982639,0.0713504841541586,0.3903588298380699,,,0.390625,0.07421875,0.33984375
abf_fr_information_oracle|tt=information_oracle|g=0.032|eta=0.1|bi=0.909091|sf=0.954545|fe=500|seed=6004,abf_fr_information_oracle|tt=information_oracle|g=0.032|eta=0.1|bi=0.909091|sf=0.954545|fe=500,abf_fr_information_oracle,information_oracle,6004,0.032,0.1,0.9090909090909092,0.9545454545454544,500,8500,17.0,0.2397257448077495,0.5769658543201803,0.0825242971680187,0.3004754355711842,0.3857618693189015,4652,256,0.0,False,0.0,0.0,0,,,,,0.5118788502920673,0.2136588086310551,0.2982200416610121,0.5766328858632078,0.2595973274116877,0.6920658616107969,0.2302720561409555,0.5311963195281934,0.2397257448077495,0.5769658543201803,0.0583387689818973,0.8057454063806674,256.0,1,0.00390625,0,0,,,,,,,,,,,,0.05,0.1,0.3004754355711842,0.0825242971680187,0.3857618693189015,,,0.42578125,0.05859375,0.35546875
abf_fr_information_oracle|tt=information_oracle|g=0.032|eta=0.1|bi=0.909091|sf=0.954545|fe=500|seed=6004,abf_fr_information_oracle|tt=information_oracle|g=0.032|eta=0.1|bi=0.909091|sf=0.954545|fe=500,abf_fr_information_oracle,information_oracle,6004,0.032,0.1,0.9090909090909092,0.9545454545454544,500,9000,18.0,0.2356288836034314,0.5650712006447751,0.0795785472978705,0.2951929622169518,0.3797544279215733,4802,256,0.0,False,0.0,0.0,0,,,,,0.5102744166984756,0.2136588086310551,0.2966156080674205,0.5632378613175433,0.2544610322849896,0.6777653161453626,0.2270376645806928,0.5203229186992707,0.2356288836034314,0.5650712006447751,0.0573913701423752,0.7938589328456499,256.0,1,0.00390625,0,0,,,,,,,,,,,,0.05,0.1,0.2951929622169518,0.0795785472978705,0.3797544279215733,,,0.43359375,0.06640625,0.33984375
abf_fr_information_oracle|tt=information_oracle|g=0.032|eta=0.1|bi=0.909091|sf=0.954545|fe=500|seed=6004,abf_fr_information_oracle|tt=information_oracle|g=0.032|eta=0.1|bi=0.909091|sf=0.954545|fe=500,abf_fr_information_oracle,information_oracle,6004,0.032,0.1,0.9090909090909092,0.9545454545454544,500,9500,19.0,0.2299151755735329,0.5474886720481895,0.0802064179811148,0.2978834454723778,0.3880322518348785,5001,256,0.0,False,0.0,0.0,0,,,,,0.5086154678869548,0.2136588086310551,0.2949566592558996,0.5455761733727417,0.2477156927727736,0.6566803510155331,0.2217981631069706,0.5043248534447744,0.2299151755735329,0.5474886720481895,0.0557131087643302,0.7715765533264953,256.0,1,0.00390625,0,0,,,,,,,,,,,,0.05,0.1,0.2978834454723778,0.0802064179811148,0.3880322518348785,,,0.390625,0.06640625,0.37890625
abf_fr_information_oracle|tt=information_oracle|g=0.032|eta=0.1|bi=0.909091|sf=0.954545|fe=500|seed=6004,abf_fr_information_oracle|tt=information_oracle|g=0.032|eta=0.1|bi=0.909091|sf=0.954545|fe=500,abf_fr_information_oracle,information_oracle,6004,0.032,0.1,0.9090909090909092,0.9545454545454544,500,10000,20.0,0.2238345228738606,0.5245156100394595,0.0760399083993484,0.2969455180503797,0.3948760423858833,5207,249,0.032,True,0.02734375,0.02734375,7,3.122502256758253e-17,0.9317320220711118,-3.833587862913711,1.1733622744601264,0.5099488339363845,0.2136588086310551,0.2962900253053293,0.5226138205407426,0.2400739832541579,0.6291548922439085,0.2164688137462731,0.4835198663479187,0.2238345228738606,0.5245156100394595,0.0542726496023366,0.7442107512365324,242.72592592592596,2,0.0078125,1,7,0.0,-3.4461018219403483,-3.4461018219403483,-1.1713751329472912,-1.1713751329472912,0.1870942983620168,0.1870942983620168,0.8223662244586434,0.8223662244586434,1.1643776109640702,1.1643776109640702,0.05,0.1,0.2969455180503797,0.0760399083993484,0.3948760423858833,0.9317320220711118,1.1733622744601264,0.4453125,0.0703125,0.3828125
abf_fr_information_oracle|tt=information_oracle|g=0.032|eta=0.1|bi=0.909091|sf=0.954545|fe=500|seed=6004,abf_fr_information_oracle|tt=information_oracle|g=0.032|eta=0.1|bi=0.909091|sf=0.954545|fe=500,abf_fr_information_oracle,information_oracle,6004,0.032,0.1,0.9090909090909092,0.9545454545454544,500,10500,21.0,0.2200726305865656,0.5096263449246309,0.0603321540429962,0.2813069545949234,0.3928670883958784,5376,249,0.0,False,0.0,0.0,0,,,,,0.5127452390268381,0.2136588086310551,0.299086430395783,0.5076633852229874,0.2351085063986963,0.6114226781408221,0.2131371853241003,0.4700310524713969,0.2200726305865656,0.5096263449246309,0.0527667455838989,0.7243507457934167,242.72592592592596,2,0.0078125,1,7,,,,,,,,,,,,0.05,0.1,0.2813069545949234,0.0603321540429962,0.3928670883958784,,,0.42578125,0.08203125,0.37109375
abf_fr_information_oracle|tt=information_oracle|g=0.032|eta=0.1|bi=0.909091|sf=0.954545|fe=500|seed=6004,abf_fr_information_oracle|tt=information_oracle|g=0.032|eta=0.1|bi=0.909091|sf=0.954545|fe=500,abf_fr_information_oracle,information_oracle,6004,0.032,0.1,0.9090909090909092,0.9545454545454544,500,11000,22.0,0.2178460560011351,0.4945626304065106,0.0845829686462896,0.2966890876485374,0.3774349847494702,5601,249,0.0,False,0.0,0.0,0,,,,,0.5217909151118185,0.2136588086310551,0.3081321064807634,0.4918723285804192,0.2311713908141667,0.5933834395115597,0.2117981660054197,0.456400997890407,0.2178460560011351,0.4945626304065106,0.0514610929438692,0.7057585142650871,242.72592592592596,2,0.0078125,1,7,,,,,,,,,,,,0.05,0.1,0.2966890876485374,0.0845829686462896,0.3774349847494702,,,0.4140625,0.07421875,0.3671875
abf_fr_information_oracle|tt=information_oracle|g=0.032|eta=0.1|bi=0.909091|sf=0.954545|fe=500|seed=6005,abf_fr_information_oracle|tt=information_oracle|g=0.032|eta=0.1|bi=0.909091|sf=0.954545|fe=500,abf_fr_information_oracle,information_oracle,6005,0.032,0.1,0.9090909090909092,0.9545454545454544,500,0,0.0,2.906603863987052,6.564657815288973,0.0445363447074211,0.2558796327042333,0.4041134501532037,0,256,0.0,False,0.0,0.0,0,,,,,0.0,0.2136588086310551,0.2136588086310551,1.8839792970692677,0.7722826132658906,3.487298309594125,5.408116675855963,9.381946420303988,2.906603863987052,6.564657815288973,0.037083496902375,0.7293641473133242,256.0,1,0.00390625,0,0,,,,,,,,,,,,0.05,0.1,0.2558796327042333,0.0445363447074211,0.4041134501532037,,,0.296875,0.1484375,0.359375
abf_fr_information_oracle|tt=information_oracle|g=0.032|eta=0.1|bi=0.909091|sf=0.954545|fe=500|seed=6005,abf_fr_information_oracle|tt=information_oracle|g=0.032|eta=0.1|bi=0.909091|sf=0.954545|fe=500,abf_fr_information_oracle,information_oracle,6005,0.032,0.1,0.9090909090909092,0.9545454545454544,500,500,1.0,0.551930450350401,1.3726877664152868,0.083664854193706,0.2831832900187037,0.3751118013729191,514,256,0.0,False,0.0,0.0,0,,,,,0.7295952563836288,0.2136588086310551,0.5159364477525736,1.4827559049223793,0.6302010420733493,1.5215829497832307,0.5381012736104361,1.264803319334039,0.551930450350401,1.3726877664152868,0.0756544896812508,1.1054553143400614,256.0,1,0.00390625,0,0,,,,,,,,,,,,0.05,0.1,0.2831832900187037,0.083664854193706,0.3751118013729191,,,0.35546875,0.16015625,0.39453125
abf_fr_information_oracle|tt=information_oracle|g=0.032|eta=0.1|bi=0.909091|sf=0.954545|fe=500|seed=6005,abf_fr_information_oracle|tt=information_oracle|g=0.032|eta=0.1|bi=0.909091|sf=0.954545|fe=500,abf_fr_information_oracle,information_oracle,6005,0.032,0.1,0.9090909090909092,0.9545454545454544,500,1000,2.0,0.4764501129323692,1.1915542672459394,0.1058772711628795,0.2958854268035269,0.3755509959674789,965,256,0.0,False,0.0,0.0,0,,,,,0.6888302858819522,0.2136588086310551,0.475171477250897,1.2659655981051294,0.5432856307811953,1.372767620987452,0.4503661273470959,1.0966402773216528,0.4764501129323692,1.1915542672459394,0.0773061623697316,1.1174134073722748,256.0,1,0.00390625,0,0,,,,,,,,,,,,0.05,0.1,0.2958854268035269,0.1058772711628795,0.3755509959674789,,,0.38671875,0.12890625,0.42578125
abf_fr_information_oracle|tt=information_oracle|g=0.032|eta=0.1|bi=0.909091|sf=0.954545|fe=500|seed=6005,abf_fr_information_oracle|tt=information_oracle|g=0.032|eta=0.1|bi=0.909091|sf=0.954545|fe=500,abf_fr_information_oracle,information_oracle,6005,0.032,0.1,0.9090909090909092,0.9545454545454544,500,1500,3.0,0.4392820391779138,1.1047671029092505,0.0942481021426563,0.3022801689996431,0.3664320484231524,1363,256,0.0,False,0.0,0.0,0,,,,,0.653811362242493,0.2136588086310551,0.4401525536114379,1.1556646804225204,0.4988284531171266,1.2948863388087954,0.410011630404045,1.016889857773325,0.4392820391779138,1.1047671029092505,0.0778144728272835,1.1210836655799017,256.0,1,0.00390625,0,0,,,,,,,,,,,,0.05,0.1,0.3022801689996431,0.0942481021426563,0.3664320484231524,,,0.41015625,0.09375,0.4765625
abf_fr_information_oracle|tt=information_oracle|g=0.032|eta=0.1|bi=0.909091|sf=0.954545|fe=500|seed=6005,abf_fr_information_oracle|tt=information_oracle|g=0.032|eta=0.1|bi=0.909091|sf=0.954545|fe=500,abf_fr_information_oracle,information_oracle,6005,0.032,0.1,0.9090909090909092,0.9545454545454544,500,2000,4.0,0.398473760826569,1.0122329372003536,0.0831816064646909,0.292980214573926,0.3692291223432221,1788,256,0.0,False,0.0,0.0,0,,,,,0.6104552068006832,0.2136588086310551,0.3967963981696281,1.0468006757014985,0.4517627040632221,1.1974425641978153,0.3691535514214254,0.9321165405557316,0.398473760826569,1.0122329372003536,0.076524561541599,1.1016618243691874,256.0,1,0.00390625,0,0,,,,,,,,,,,,0.05,0.1,0.292980214573926,0.0831816064646909,0.3692291223432221,,,0.3671875,0.1015625,0.4765625
abf_fr_information_oracle|tt=information_oracle|g=0.032|eta=0.1|bi=0.909091|sf=0.954545|fe=500|seed=6005,abf_fr_information_oracle|tt=information_oracle|g=0.032|eta=0.1|bi=0.909091|sf=0.954545|fe=500,abf_fr_information_oracle,information_oracle,6005,0.032,0.1,0.9090909090909092,0.9545454545454544,500,2500,5.0,0.3623107492375894,0.9351213597647038,0.0875647057663778,0.2926156704332358,0.3866955173263185,2126,256,0.0,False,0.0,0.0,0,,,,,0.5619492722790689,0.2136588086310551,0.3482904636480137,0.95524807783977,0.4109510567286937,1.110535715874217,0.3348924190214928,0.8615004509463318,0.3623107492375894,0.9351213597647038,0.0758359163668202,1.084458849777505,256.0,1,0.00390625,0,0,,,,,,,,,,,,0.05,0.1,0.2926156704332358,0.0875647057663778,0.3866955173263185,,,0.36328125,0.0859375,0.46484375
abf_fr_information_oracle|tt=information_oracle|g=0.032|eta=0.1|bi=0.909091|sf=0.954545|fe=500|seed=6005,abf_fr_information_oracle|tt=information_oracle|g=0.032|eta=0.1|bi=0.909091|sf=0.954545|fe=500,abf_fr_information_oracle,information_oracle,6005,0.032,0.1,0.9090909090909092,0.9545454545454544,500,3000,6.0,0.3433969489475236,0.8889543211116782,0.0767384782020478,0.2934718311497606,0.3932744762358419,2419,256,0.0,False,0.0,0.0,0,,,,,0.5462415174514454,0.2136588086310551,0.3325827088203903,0.9005500543371314,0.3878277831702287,1.060123778142625,0.3174538664337901,0.8183452195934519,0.3433969489475236,0.8889543211116782,0.0752795597251531,1.0722585146896666,256.0,1,0.00390625,0,0,,,,,,,,,,,,0.05,0.1,0.2934718311497606,0.0767384782020478,0.3932744762358419,,,0.359375,0.08984375,0.46484375
abf_fr_information_oracle|tt=information_oracle|g=0.032|eta=0.1|bi=0.909091|sf=0.954545|fe=500|seed=6005,abf_fr_information_oracle|tt=information_oracle|g=0.032|eta=0.1|bi=0.909091|sf=0.954545|fe=500,abf_fr_information_oracle,information_oracle,6005,0.032,0.1,0.9090909090909092,0.9545454545454544,500,3500,7.0,0.3308320550923941,0.8546055708989336,0.0818619209343331,0.2961247601123645,0.3824499046462343,2637,256,0.0,False,0.0,0.0,0,,,,,0.5437069672560817,0.2136588086310551,0.3300481586250265,0.8597001262942733,0.3715563160468335,1.0216763330296723,0.3065297975722294,0.7857658785483842,0.3308320550923941,0.8546055708989336,0.0745654146265752,1.0610783025887591,256.0,1,0.00390625,0,0,,,,,,,,,,,,0.05,0.1,0.2961247601123645,0.0818619209343331,0.3824499046462343,,,0.37109375,0.06640625,0.4765625
abf_fr_information_oracle|tt=information_oracle|g=0.032|eta=0.1|bi=0.909091|sf=0.954545|fe=500|seed=6005,abf_fr_information_oracle|tt=information_oracle|g=0.032|eta=0.1|bi=0.909091|sf=0.954545|fe=500,abf_fr_information_oracle,information_oracle,6005,0.032,0.1,0.9090909090909092,0.9545454545454544,500,4000,8.0,0.3158811989526504,0.8124731318894907,0.090411923616411,0.2983689025036455,0.3789183193589401,2900,256,0.0,False,0.0,0.0,0,,,,,0.5385377618274916,0.2136588086310551,0.3248789531964364,0.8146991413147557,0.353659418165514,0.9729497054849862,0.2930345956755844,0.7470737463096875,0.3158811989526504,0.8124731318894907,0.0716104002876441,1.0219333431131563,256.0,1,0.00390625,0,0,,,,,,,,,,,,0.05,0.1,0.2983689025036455,0.090411923616411,0.3789183193589401,,,0.3671875,0.078125,0.484375
abf_fr_information_oracle|tt=information_oracle|g=0.032|eta=0.1|bi=0.909091|sf=0.954545|fe=500|seed=6005,abf_fr_information_oracle|tt=information_oracle|g=0.032|eta=0.1|bi=0.909091|sf=0.954545|fe=500,abf_fr_information_oracle,information_oracle,6005,0.032,0.1,0.9090909090909092,0.9545454545454544,500,4500,9.0,0.2964384540455637,0.768257488850385,0.0993984860835234,0.3090380726699768,0.3753285469908688,3176,256,0.0,False,0.0,0.0,0,,,,,0.5100568696629253,0.2136588086310551,0.2963980610318701,0.7672182632284757,0.3320473531010511,0.9208216382851748,0.2746372075487407,0.7066314672144821,0.2964384540455637,0.768257488850385,0.0696859623612708,0.9892535449450977,256.0,1,0.00390625,0,0,,,,,,,,,,,,0.05,0.1,0.3090380726699768,0.0993984860835234,0.3753285469908688,,,0.390625,0.0625,0.44921875
abf_fr_information_oracle|tt=information_oracle|g=0.032|eta=0.1|bi=0.909091|sf=0.954545|fe=500|seed=6005,abf_fr_information_oracle|tt=information_oracle|g=0.032|eta=0.1|bi=0.909091|sf=0.954545|fe=500,abf_fr_information_oracle,information_oracle,6005,0.032,0.1,0.9090909090909092,0.9545454545454544,500,5000,10.0,0.2862048070029809,0.7434023941998569,0.0927603464474785,0.2995190240213319,0.381675401979265,3400,256,0.0,False,0.0,0.0,0,,,,,0.4996049426932245,0.2136588086310551,0.2859461340621694,0.7388192685168026,0.3202599418488536,0.891584680476265,0.2654977338643245,0.6835370408054784,0.2862048070029809,0.7434023941998569,0.0688217223900608,0.9746653822784616,256.0,1,0.00390625,0,0,,,,,,,,,,,,0.05,0.1,0.2995190240213319,0.0927603464474785,0.381675401979265,,,0.3828125,0.05859375,0.45703125
abf_fr_information_oracle|tt=information_oracle|g=0.032|eta=0.1|bi=0.909091|sf=0.954545|fe=500|seed=6005,abf_fr_information_oracle|tt=information_oracle|g=0.032|eta=0.1|bi=0.909091|sf=0.954545|fe=500,abf_fr_information_oracle,information_oracle,6005,0.032,0.1,0.9090909090909092,0.9545454545454544,500,5500,11.0,0.2700024376050509,0.6896777972598866,0.0872064149225576,0.2905726497257437,0.3717317619432945,3596,256,0.0,False,0.0,0.0,0,,,,,0.501934206864874,0.2136588086310551,0.2882753982338188,0.6854102650117239,0.3004613078203961,0.8274472074108231,0.2514229097484269,0.6344904950413337,0.2700024376050509,0.6896777972598866,0.065954159385259,0.9261230317368252,256.0,1,0.00390625,0,0,,,,,,,,,,,,0.05,0.1,0.2905726497257437,0.0872064149225576,0.3717317619432945,,,0.3671875,0.0703125,0.46875
abf_fr_information_oracle|tt=information_oracle|g=0.032|eta=0.1|bi=0.909091|sf=0.954545|fe=500|seed=6005,abf_fr_information_oracle|tt=information_oracle|g=0.032|eta=0.1|bi=0.909091|sf=0.954545|fe=500,abf_fr_information_oracle,information_oracle,6005,0.032,0.1,0.9090909090909092,0.9545454545454544,500,6000,12.0,0.2608604998771405,0.6549293206029294,0.0969684324233984,0.3050141102121114,0.3836721361001279,3741,256,0.0,False,0.0,0.0,0,,,,,0.5133302396984369,0.2136588086310551,0.2996714310673818,0.6487399780872912,0.2882794009123036,0.7860319463962229,0.2439929679530399,0.6027290500695934,0.2608604998771405,0.6549293206029294,0.0643153158571014,0.8967079579646379,256.0,1,0.00390625,0,0,,,,,,,,,,,,0.05,0.1,0.3050141102121114,0.0969684324233984,0.3836721361001279,,,0.3515625,0.05078125,0.4609375
abf_fr_information_oracle|tt=information_oracle|g=0.032|eta=0.1|bi=0.909091|sf=0.954545|fe=500|seed=6005,abf_fr_information_oracle|tt=information_oracle|g=0.032|eta=0.1|bi=0.909091|sf=0.954545|fe=500,abf_fr_information_oracle,information_oracle,6005,0.032,0.1,0.9090909090909092,0.9545454545454544,500,6500,13.0,0.2459707210285729,0.6117365303559196,0.0806743280780256,0.2915903773526514,0.3792423134416985,3876,256,0.0,False,0.0,0.0,0,,,,,0.506920400069486,0.2136588086310551,0.2932615914384309,0.6038971321049759,0.2708603548593025,0.7343100710841394,0.2304418042531654,0.5631633499720926,0.2459707210285729,0.6117365303559196,0.0617203447329952,0.8547032709135952,256.0,1,0.00390625,0,0,,,,,,,,,,,,0.05,0.1,0.2915903773526514,0.0806743280780256,0.3792423134416985,,,0.35546875,0.0625,0.43359375
abf_fr_information_oracle|tt=information_oracle|g=0.032|eta=0.1|bi=0.909091|sf=0.954545|fe=500|seed=6005,abf_fr_information_oracle|tt=information_oracle|g=0.032|eta=0.1|bi=0.909091|sf=0.954545|fe=500,abf_fr_information_oracle,information_oracle,6005,0.032,0.1,0.9090909090909092,0.9545454545454544,500,7000,14.0,0.2369018774434348,0.578116100977423,0.0861991908719415,0.3021641276866982,0.3842485644549447,3982,256,0.0,False,0.0,0.0,0,,,,,0.5105600562442696,0.2136588086310551,0.2969012476132144,0.570562118113712,0.2592937031147404,0.6940214998571345,0.2228400680859414,0.5324250034365047,0.2369018774434348,0.578116100977423,0.0598487584508335,0.8205238749254933,256.0,1,0.00390625,0,0,,,,,,,,,,,,0.05,0.1,0.3021641276866982,0.0861991908719415,0.3842485644549447,,,0.35546875,0.0625,0.43359375
abf_fr_information_oracle|tt=information_oracle|g=0.032|eta=0.1|bi=0.909091|sf=0.954545|fe=500|seed=6005,abf_fr_information_oracle|tt=information_oracle|g=0.032|eta=0.1|bi=0.909091|sf=0.954545|fe=500,abf_fr_information_oracle,information_oracle,6005,0.032,0.1,0.9090909090909092,0.9545454545454544,500,7500,15.0,0.2330488140905756,0.5529806469740732,0.0840584075594025,0.2969945143412698,0.4070418485244801,4127,256,0.0,False,0.0,0.0,0,,,,,0.5269042010364338,0.2136588086310551,0.3132453924053786,0.5441583853369256,0.2527514574861776,0.6638902204515377,0.2203421556657798,0.5095145230653463,0.2330488140905756,0.5529806469740732,0.0581219537140439,0.7910588669984786,256.0,1,0.00390625,0,0,,,,,,,,,,,,0.05,0.1,0.2969945143412698,0.0840584075594025,0.4070418485244801,,,0.34765625,0.06640625,0.4296875
abf_fr_information_oracle|tt=information_oracle|g=0.032|eta=0.1|bi=0.909091|sf=0.954545|fe=500|seed=6005,abf_fr_information_oracle|tt=information_oracle|g=0.032|eta=0.1|bi=0.909091|sf=0.954545|fe=500,abf_fr_information_oracle,information_oracle,6005,0.032,0.1,0.9090909090909092,0.9545454545454544,500,8000,16.0,0.2276506677916141,0.5300531956625693,0.0912001758925097,0.3089529687705609,0.4079151999311609,4251,256,0.0,False,0.0,0.0,0,,,,,0.5317130037436613,0.2136588086310551,0.3180541951126061,0.5205034596222425,0.2454474423682743,0.6364853258956922,0.2160889393894278,0.4885888527961058,0.2276506677916141,0.5300531956625693,0.0564440254288625,0.763669553606252,256.0,1,0.00390625,0,0,,,,,,,,,,,,0.05,0.1,0.3089529687705609,0.0912001758925097,0.4079151999311609,,,0.35546875,0.046875,0.43359375
abf_fr_information_oracle|tt=information_oracle|g=0.032|eta=0.1|bi=0.909091|sf=0.954545|fe=500|seed=6005,abf_fr_information_oracle|tt=information_oracle|g=0.032|eta=0.1|bi=0.909091|sf=0.954545|fe=500,abf_fr_information_oracle,information_oracle,6005,0.032,0.1,0.9090909090909092,0.9545454545454544,500,8500,17.0,0.2225320281253175,0.5121358990187029,0.1034561297628851,0.3222850117670308,0.3787871876989787,4360,256,0.0,False,0.0,0.0,0,,,,,0.5315616671356018,0.2136588086310551,0.3179028585045467,0.5029147248634244,0.2392571944430838,0.6151112496339761,0.2113597260588772,0.4723581882771513,0.2225320281253175,0.5121358990187029,0.0554885028215104,0.7453776462051516,256.0,1,0.00390625,0,0,,,,,,,,,,,,0.05,0.1,0.3222850117670308,0.1034561297628851,0.3787871876989787,,,0.359375,0.0390625,0.42578125
abf_fr_information_oracle|tt=information_oracle|g=0.032|eta=0.1|bi=0.909091|sf=0.954545|fe=500|seed=6005,abf_fr_information_oracle|tt=information_oracle|g=0.032|eta=0.1|bi=0.909091|sf=0.954545|fe=500,abf_fr_information_oracle,information_oracle,6005,0.032,0.1,0.9090909090909092,0.9545454545454544,500,9000,18.0,0.2177837900160612,0.4972910346016119,0.0942054016042165,0.3092240089976739,0.4053603626966299,4457,256,0.0,False,0.0,0.0,0,,,,,0.5302966590048364,0.2136588086310551,0.3166378503737812,0.4876790274682669,0.2335320684088835,0.5973576425801767,0.2071444581891607,0.4588270132813019,0.2177837900160612,0.4972910346016119,0.0539176681305976,0.7254621699681623,256.0,1,0.00390625,0,0,,,,,,,,,,,,0.05,0.1,0.3092240089976739,0.0942054016042165,0.4053603626966299,,,0.34765625,0.0546875,0.4609375
abf_fr_information_oracle|tt=information_oracle|g=0.032|eta=0.1|bi=0.909091|sf=0.954545|fe=500|seed=6005,abf_fr_information_oracle|tt=information_oracle|g=0.032|eta=0.1|bi=0.909091|sf=0.954545|fe=500,abf_fr_information_oracle,information_oracle,6005,0.032,0.1,0.9090909090909092,0.9545454545454544,500,9500,19.0,0.2096596438634515,0.4731654165287095,0.0968763108656387,0.3080931013558608,0.3879100193771675,4574,256,0.0,False,0.0,0.0,0,,,,,0.5228287736453971,0.2136588086310551,0.309169965014342,0.4648783604023254,0.2240855396682891,0.5684236112665706,0.1998056716384136,0.4371569963843231,0.2096596438634515,0.4731654165287095,0.0521262545303734,0.6952636350395927,256.0,1,0.00390625,0,0,,,,,,,,,,,,0.05,0.1,0.3080931013558608,0.0968763108656387,0.3879100193771675,,,0.3359375,0.04296875,0.48046875
abf_fr_information_oracle|tt=information_oracle|g=0.032|eta=0.1|bi=0.909091|sf=0.954545|fe=500|seed=6005,abf_fr_information_oracle|tt=information_oracle|g=0.032|eta=0.1|bi=0.909091|sf=0.954545|fe=500,abf_fr_information_oracle,information_oracle,6005,0.032,0.1,0.9090909090909092,0.9545454545454544,500,10000,20.0,0.2005572686299141,0.4493057763562536,0.095053556837382,0.3060681937380146,0.3707943529268148,4643,249,0.032,True,0.02734375,0.02734375,7,1.1275702593849246e-16,0.9809335640881888,-3.58368731006074,1.2926759234286411,0.5114701718556454,0.2136588086310551,0.2978113632245902,0.4425189279428341,0.2142398261154881,0.5397097179792323,0.1910562359334181,0.4156566705124351,0.2005572686299141,0.4493057763562536,0.050218911363769,0.6639271393275336,242.72592592592596,2,0.0078125,1,7,0.0,-3.3428311256623084,-3.3428311256623084,-1.0348530262358024,-1.0348530262358024,0.0315957540560845,0.0315957540560845,1.0217171275160508,1.0217171275160508,1.2813793323499751,1.2813793323499751,0.05,0.1,0.3060681937380146,0.095053556837382,0.3707943529268148,0.9809335640881888,1.2926759234286411,0.3359375,0.046875,0.4609375
abf_fr_information_oracle|tt=information_oracle|g=0.032|eta=0.1|bi=0.909091|sf=0.954545|fe=500|seed=6005,abf_fr_information_oracle|tt=information_oracle|g=0.032|eta=0.1|bi=0.909091|sf=0.954545|fe=500,abf_fr_information_oracle,information_oracle,6005,0.032,0.1,0.9090909090909092,0.9545454545454544,500,10500,21.0,0.1888967032072661,0.4218456875469934,0.0864565029656456,0.2891828258440396,0.3878817358076875,4731,249,0.0,False,0.0,0.0,0,,,,,0.4947210940591162,0.2136588086310551,0.2810622854280611,0.4170570053552207,0.2019099424751639,0.5067128557497634,0.1797921472353745,0.3911155534762908,0.1888967032072661,0.4218456875469934,0.0474860675856785,0.6262565828206583,242.72592592592596,2,0.0078125,1,7,,,,,,,,,,,,0.05,0.1,0.2891828258440396,0.0864565029656456,0.3878817358076875,,,0.3359375,0.06640625,0.41796875
abf_fr_information_oracle|tt=information_oracle|g=0.032|eta=0.1|bi=0.909091|sf=0.954545|fe=500|seed=6005,abf_fr_information_oracle|tt=information_oracle|g=0.032|eta=0.1|bi=0.909091|sf=0.954545|fe=500,abf_fr_information_oracle,information_oracle,6005,0.032,0.1,0.9090909090909092,0.9545454545454544,500,11000,22.0,0.1789691392852784,0.3963646626413205,0.0799738588685765,0.2881354404690076,0.3898564385958294,4803,249,0.0,False,0.0,0.0,0,,,,,0.4830888374516995,0.2136588086310551,0.2694300288206444,0.3923272033235868,0.1912588178765147,0.4760494973560963,0.1703778013706386,0.3683442890119023,0.1789691392852784,0.3963646626413205,0.0450342224705541,0.5892332456795415,242.72592592592596,2,0.0078125,1,7,,,,,,,,,,,,0.05,0.1,0.2881354404690076,0.0799738588685765,0.3898564385958294,,,0.33984375,0.07421875,0.4609375
abf_fr_information_oracle|tt=information_oracle|g=0.032|eta=0.1|bi=0.909091|sf=0.954545|fe=500|seed=6006,abf_fr_information_oracle|tt=information_oracle|g=0.032|eta=0.1|bi=0.909091|sf=0.954545|fe=500,abf_fr_information_oracle,information_oracle,6006,0.032,0.1,0.9090909090909092,0.9545454545454544,500,0,0.0,2.906603863987052,6.564657815288973,0.0615385677884395,0.230536039950164,0.3870790514676084,0,256,0.0,False,0.0,0.0,0,,,,,0.0,0.2136588086310551,0.2136588086310551,1.8839792970692677,0.7722826132658906,3.487298309594125,5.408116675855963,9.381946420303988,2.906603863987052,6.564657815288973,0.037083496902375,0.7293641473133242,256.0,1,0.00390625,0,0,,,,,,,,,,,,0.05,0.1,0.230536039950164,0.0615385677884395,0.3870790514676084,,,0.359375,0.2109375,0.3046875
abf_fr_information_oracle|tt=information_oracle|g=0.032|eta=0.1|bi=0.909091|sf=0.954545|fe=500|seed=6006,abf_fr_information_oracle|tt=information_oracle|g=0.032|eta=0.1|bi=0.909091|sf=0.954545|fe=500,abf_fr_information_oracle,information_oracle,6006,0.032,0.1,0.9090909090909092,0.9545454545454544,500,500,1.0,0.5997623603887957,1.352738064828684,0.1011590189359308,0.2843375357407408,0.346056713966463,784,256,0.0,False,0.0,0.0,0,,,,,-0.4884458768856312,0.2136588086310551,0.7021046855166864,1.5165699982327212,0.6600180544835684,1.4795768579395638,0.5985716051657759,1.2523971984669826,0.5997623603887957,1.352738064828684,0.0604777755578149,0.9444306091850606,256.0,1,0.00390625,0,0,,,,,,,,,,,,0.05,0.1,0.2843375357407408,0.1011590189359308,0.346056713966463,,,0.4375,0.15625,0.34765625
abf_fr_information_oracle|tt=information_oracle|g=0.032|eta=0.1|bi=0.909091|sf=0.954545|fe=500|seed=6006,abf_fr_information_oracle|tt=information_oracle|g=0.032|eta=0.1|bi=0.909091|sf=0.954545|fe=500,abf_fr_information_oracle,information_oracle,6006,0.032,0.1,0.9090909090909092,0.9545454545454544,500,1000,2.0,0.4999604042784948,1.181402687561405,0.1158810933005179,0.3061461274914765,0.3382725971521876,1346,256,0.0,False,0.0,0.0,0,,,,,-0.3363133745189799,0.2136588086310551,0.549972183150035,1.287639646088342,0.555807422004456,1.3495586283304748,0.485621281118917,1.0920766184874957,0.4999604042784948,1.181402687561405,0.068227554752018,1.0437464267081906,256.0,1,0.00390625,0,0,,,,,,,,,,,,0.05,0.1,0.3061461274914765,0.1158810933005179,0.3382725971521876,,,0.44921875,0.1328125,0.37109375
abf_fr_information_oracle|tt=information_oracle|g=0.032|eta=0.1|bi=0.909091|sf=0.954545|fe=500|seed=6006,abf_fr_information_oracle|tt=information_oracle|g=0.032|eta=0.1|bi=0.909091|sf=0.954545|fe=500,abf_fr_information_oracle,information_oracle,6006,0.032,0.1,0.9090909090909092,0.9545454545454544,500,1500,3.0,0.4596489211826342,1.1097496829406617,0.1042399749676443,0.2884320430900673,0.3499101430900193,1869,256,0.0,False,0.0,0.0,0,,,,,-0.2795273960379951,0.2136588086310551,0.4931862046690503,1.190047528983101,0.5137048274705245,1.2941567567277423,0.4394989560672428,1.0226276150882494,0.4596489211826342,1.1097496829406617,0.0720599068645283,1.0807380193723009,256.0,1,0.00390625,0,0,,,,,,,,,,,,0.05,0.1,0.2884320430900673,0.1042399749676443,0.3499101430900193,,,0.46484375,0.11328125,0.37890625
abf_fr_information_oracle|tt=information_oracle|g=0.032|eta=0.1|bi=0.909091|sf=0.954545|fe=500|seed=6006,abf_fr_information_oracle|tt=information_oracle|g=0.032|eta=0.1|bi=0.909091|sf=0.954545|fe=500,abf_fr_information_oracle,information_oracle,6006,0.032,0.1,0.9090909090909092,0.9545454545454544,500,2000,4.0,0.4192589531240595,1.0252101018500897,0.087835949526287,0.2920464512712319,0.3547334636657355,2263,256,0.0,False,0.0,0.0,0,,,,,-0.2109885762618084,0.2136588086310551,0.4246473848928636,1.096236222783206,0.4703626487538846,1.2084799812835691,0.3977776291908386,0.9435220445695836,0.4192589531240595,1.0252101018500897,0.0726267194986357,1.0781999290910915,256.0,1,0.00390625,0,0,,,,,,,,,,,,0.05,0.1,0.2920464512712319,0.087835949526287,0.3547334636657355,,,0.46484375,0.109375,0.37890625
abf_fr_information_oracle|tt=information_oracle|g=0.032|eta=0.1|bi=0.909091|sf=0.954545|fe=500|seed=6006,abf_fr_information_oracle|tt=information_oracle|g=0.032|eta=0.1|bi=0.909091|sf=0.954545|fe=500,abf_fr_information_oracle,information_oracle,6006,0.032,0.1,0.9090909090909092,0.9545454545454544,500,2500,5.0,0.3894488228133512,0.9616898841298206,0.0958740351302408,0.2972598852576512,0.3656185505131694,2631,256,0.0,False,0.0,0.0,0,,,,,-0.1812033120208518,0.2136588086310551,0.3948621206519069,1.0180919572704508,0.4367708567048373,1.1417223233787923,0.3681274237426887,0.8837219821153365,0.3894488228133512,0.9616898841298206,0.0720316708584127,1.0651203044649424,256.0,1,0.00390625,0,0,,,,,,,,,,,,0.05,0.1,0.2972598852576512,0.0958740351302408,0.3656185505131694,,,0.48828125,0.09375,0.37109375
abf_fr_information_oracle|tt=information_oracle|g=0.032|eta=0.1|bi=0.909091|sf=0.954545|fe=500|seed=6006,abf_fr_information_oracle|tt=information_oracle|g=0.032|eta=0.1|bi=0.909091|sf=0.954545|fe=500,abf_fr_information_oracle,information_oracle,6006,0.032,0.1,0.9090909090909092,0.9545454545454544,500,3000,6.0,0.3552061852446916,0.8890684122195666,0.0794361667070707,0.2924786778302347,0.3722006071329731,2879,256,0.0,False,0.0,0.0,0,,,,,-0.1285028639919154,0.2136588086310551,0.3421616726229706,0.934832565197992,0.399487188251667,1.0584414634220096,0.3350829659453067,0.8169381592470749,0.3552061852446916,0.8890684122195666,0.0706043854161682,1.0306344860579897,256.0,1,0.00390625,0,0,,,,,,,,,,,,0.05,0.1,0.2924786778302347,0.0794361667070707,0.3722006071329731,,,0.47265625,0.08984375,0.3828125
abf_fr_information_oracle|tt=information_oracle|g=0.032|eta=0.1|bi=0.909091|sf=0.954545|fe=500|seed=6006,abf_fr_information_oracle|tt=information_oracle|g=0.032|eta=0.1|bi=0.909091|sf=0.954545|fe=500,abf_fr_information_oracle,information_oracle,6006,0.032,0.1,0.9090909090909092,0.9545454545454544,500,3500,7.0,0.33187125180866,0.8416686757313159,0.1018080176799813,0.3044861465760935,0.3598292815224706,3154,256,0.0,False,0.0,0.0,0,,,,,-0.0977792298430273,0.2136588086310551,0.3114380384740824,0.8776437395219591,0.3739530896777675,1.0046969697800627,0.3124970499362338,0.7733476888614271,0.33187125180866,0.8416686757313159,0.0700064920162788,1.0170633894821737,256.0,1,0.00390625,0,0,,,,,,,,,,,,0.05,0.1,0.3044861465760935,0.1018080176799813,0.3598292815224706,,,0.484375,0.08203125,0.37109375
abf_fr_information_oracle|tt=information_oracle|g=0.032|eta=0.1|bi=0.909091|sf=0.954545|fe=500|seed=6006,abf_fr_information_oracle|tt=information_oracle|g=0.032|eta=0.1|bi=0.909091|sf=0.954545|fe=500,abf_fr_information_oracle,information_oracle,6006,0.032,0.1,0.9090909090909092,0.9545454545454544,500,4000,8.0,0.309714839610737,0.794832486522798,0.0873693859811701,0.2998684719913355,0.3694103487646028,3408,256,0.0,False,0.0,0.0,0,,,,,-0.0645029163728097,0.2136588086310551,0.2781617250038648,0.8245022128025482,0.3496752453217806,0.9509223357987984,0.2902663246033167,0.7298867376370303,0.309714839610737,0.794832486522798,0.0690010362059384,0.9973994879144966,256.0,1,0.00390625,0,0,,,,,,,,,,,,0.05,0.1,0.2998684719913355,0.0873693859811701,0.3694103487646028,,,0.4765625,0.0703125,0.3671875
abf_fr_information_oracle|tt=information_oracle|g=0.032|eta=0.1|bi=0.909091|sf=0.954545|fe=500|seed=6006,abf_fr_information_oracle|tt=information_oracle|g=0.032|eta=0.1|bi=0.909091|sf=0.954545|fe=500,abf_fr_information_oracle,information_oracle,6006,0.032,0.1,0.9090909090909092,0.9545454545454544,500,4500,9.0,0.2906780220780216,0.7494203976903979,0.0874882525872814,0.299920673941431,0.3701977581705409,3622,256,0.0,False,0.0,0.0,0,,,,,-0.0452410518995058,0.2136588086310551,0.258899860530561,0.7755067665171627,0.3283214582155301,0.8976710458789695,0.2719651886100363,0.6880804347267713,0.2906780220780216,0.7494203976903979,0.0680178239211699,0.9748923741826828,256.0,1,0.00390625,0,0,,,,,,,,,,,,0.05,0.1,0.299920673941431,0.0874882525872814,0.3701977581705409,,,0.47265625,0.0703125,0.34375
abf_fr_information_oracle|tt=information_oracle|g=0.032|eta=0.1|bi=0.909091|sf=0.954545|fe=500|seed=6006,abf_fr_information_oracle|tt=information_oracle|g=0.032|eta=0.1|bi=0.909091|sf=0.954545|fe=500,abf_fr_information_oracle,information_oracle,6006,0.032,0.1,0.9090909090909092,0.9545454545454544,500,5000,10.0,0.2782469761091019,0.715226336713141,0.0854101994910104,0.3026543965820024,0.3577550216593254,3935,256,0.0,False,0.0,0.0,0,,,,,-0.0384032633706219,0.2136588086310551,0.2520620720016771,0.7399683258780902,0.3136340302942731,0.8575753745310061,0.2606398770353408,0.6564527916193849,0.2782469761091019,0.715226336713141,0.0663264897676223,0.9469118001057276,256.0,1,0.00390625,0,0,,,,,,,,,,,,0.05,0.1,0.3026543965820024,0.0854101994910104,0.3577550216593254,,,0.47265625,0.0625,0.34765625
abf_fr_information_oracle|tt=information_oracle|g=0.032|eta=0.1|bi=0.909091|sf=0.954545|fe=500|seed=6006,abf_fr_information_oracle|tt=information_oracle|g=0.032|eta=0.1|bi=0.909091|sf=0.954545|fe=500,abf_fr_information_oracle,information_oracle,6006,0.032,0.1,0.9090909090909092,0.9545454545454544,500,5500,11.0,0.2658678082810833,0.6869548661218361,0.0816759086025087,0.2988648553055538,0.3922964275658817,4145,256,0.0,False,0.0,0.0,0,,,,,-0.0242201636977235,0.2136588086310551,0.2378789723287786,0.7082197644696047,0.2999281453224914,0.8241354626386186,0.2487920715414505,0.6305310202794184,0.2658678082810833,0.6869548661218361,0.0653840751062955,0.9258262856006744,256.0,1,0.00390625,0,0,,,,,,,,,,,,0.05,0.1,0.2988648553055538,0.0816759086025087,0.3922964275658817,,,0.4453125,0.0546875,0.375
abf_fr_information_oracle|tt=information_oracle|g=0.032|eta=0.1|bi=0.909091|sf=0.954545|fe=500|seed=6006,abf_fr_information_oracle|tt=information_oracle|g=0.032|eta=0.1|bi=0.909091|sf=0.954545|fe=500,abf_fr_information_oracle,information_oracle,6006,0.032,0.1,0.9090909090909092,0.9545454545454544,500,6000,12.0,0.2527960513557684,0.6554029619873751,0.0864604801500604,0.3043244264137343,0.3759986837219972,4312,256,0.0,False,0.0,0.0,0,,,,,-0.0093666372178269,0.2136588086310551,0.223025445848882,0.6742386354008308,0.2852660189527529,0.7868246540472988,0.236754249084376,0.6019357531351768,0.2527960513557684,0.6554029619873751,0.0642607211061031,0.9014376983469174,256.0,1,0.00390625,0,0,,,,,,,,,,,,0.05,0.1,0.3043244264137343,0.0864604801500604,0.3759986837219972,,,0.46875,0.05859375,0.3515625
abf_fr_information_oracle|tt=information_oracle|g=0.032|eta=0.1|bi=0.909091|sf=0.954545|fe=500|seed=6006,abf_fr_information_oracle|tt=information_oracle|g=0.032|eta=0.1|bi=0.909091|sf=0.954545|fe=500,abf_fr_information_oracle,information_oracle,6006,0.032,0.1,0.9090909090909092,0.9545454545454544,500,6500,13.0,0.2407307068504036,0.6236515942593115,0.098992185442775,0.3048207022555592,0.3631138584666123,4451,256,0.0,False,0.0,0.0,0,,,,,-0.0013649469189509,0.2136588086310551,0.215023755550006,0.641709420766631,0.2714261311077318,0.748821191078204,0.2255356500626641,0.5729387343493253,0.2407307068504036,0.6236515942593115,0.0621298416263888,0.8677253059848815,256.0,1,0.00390625,0,0,,,,,,,,,,,,0.05,0.1,0.3048207022555592,0.098992185442775,0.3631138584666123,,,0.45703125,0.05859375,0.34765625
abf_fr_information_oracle|tt=information_oracle|g=0.032|eta=0.1|bi=0.909091|sf=0.954545|fe=500|seed=6006,abf_fr_information_oracle|tt=information_oracle|g=0.032|eta=0.1|bi=0.909091|sf=0.954545|fe=500,abf_fr_information_oracle,information_oracle,6006,0.032,0.1,0.9090909090909092,0.9545454545454544,500,7000,14.0,0.2311728160693128,0.6025696363338618,0.0897820658870591,0.3071365504035449,0.3943510754172283,4623,256,0.0,False,0.0,0.0,0,,,,,0.0139263708176287,0.2136588086310551,0.1997324378134264,0.6192558594082554,0.2611981559626503,0.7236366792759811,0.2161517035426472,0.5539214683964067,0.2311728160693128,0.6025696363338618,0.0613713600139117,0.8507080253898756,256.0,1,0.00390625,0,0,,,,,,,,,,,,0.05,0.1,0.3071365504035449,0.0897820658870591,0.3943510754172283,,,0.453125,0.05859375,0.3515625
abf_fr_information_oracle|tt=information_oracle|g=0.032|eta=0.1|bi=0.909091|sf=0.954545|fe=500|seed=6006,abf_fr_information_oracle|tt=information_oracle|g=0.032|eta=0.1|bi=0.909091|sf=0.954545|fe=500,abf_fr_information_oracle,information_oracle,6006,0.032,0.1,0.9090909090909092,0.9545454545454544,500,7500,15.0,0.2220243472046915,0.5825877159186571,0.0991406697326992,0.3151570454283258,0.3696256016867918,4793,256,0.0,False,0.0,0.0,0,,,,,0.0294009232895611,0.2136588086310551,0.184257885341494,0.5973798920910492,0.2512536157562198,0.6997761953175788,0.2072040374454936,0.535816893091274,0.2220243472046915,0.5825877159186571,0.0598603457541604,0.8279605527068195,256.0,1,0.00390625,0,0,,,,,,,,,,,,0.05,0.1,0.3151570454283258,0.0991406697326992,0.3696256016867918,,,0.4453125,0.04296875,0.3515625
abf_fr_information_oracle|tt=information_oracle|g=0.032|eta=0.1|bi=0.909091|sf=0.954545|fe=500|seed=6006,abf_fr_information_oracle|tt=information_oracle|g=0.032|eta=0.1|bi=0.909091|sf=0.954545|fe=500,abf_fr_information_oracle,information_oracle,6006,0.032,0.1,0.9090909090909092,0.9545454545454544,500,8000,16.0,0.2140962538201289,0.5631541725747254,0.0916007723347575,0.3049234739231111,0.3842605752257592,4924,256,0.0,False,0.0,0.0,0,,,,,0.0403933537214236,0.2136588086310551,0.1732654549096315,0.5766974813213854,0.2422768107564007,0.6766979609624288,0.1995771810404225,0.5181470933697737,0.2140962538201289,0.5631541725747254,0.058720116713858,0.8084875010289173,256.0,1,0.00390625,0,0,,,,,,,,,,,,0.05,0.1,0.3049234739231111,0.0916007723347575,0.3842605752257592,,,0.44921875,0.05078125,0.33984375
abf_fr_information_oracle|tt=information_oracle|g=0.032|eta=0.1|bi=0.909091|sf=0.954545|fe=500|seed=6006,abf_fr_information_oracle|tt=information_oracle|g=0.032|eta=0.1|bi=0.909091|sf=0.954545|fe=500,abf_fr_information_oracle,information_oracle,6006,0.032,0.1,0.9090909090909092,0.9545454545454544,500,8500,17.0,0.2107247442601435,0.5543541427203036,0.0869209950810225,0.3073276688971872,0.3952456908079905,5062,256,0.0,False,0.0,0.0,0,,,,,0.0397318869741134,0.2136588086310551,0.1739269216569416,0.5657937723475244,0.2380979524885447,0.6662228209121909,0.1969054085934001,0.5102634446416281,0.2107247442601435,0.5543541427203036,0.0585342019054526,0.8053795069143687,256.0,1,0.00390625,0,0,,,,,,,,,,,,0.05,0.1,0.3073276688971872,0.0869209950810225,0.3952456908079905,,,0.46875,0.05078125,0.3359375
abf_fr_information_oracle|tt=information_oracle|g=0.032|eta=0.1|bi=0.909091|sf=0.954545|fe=500|seed=6006,abf_fr_information_oracle|tt=information_oracle|g=0.032|eta=0.1|bi=0.909091|sf=0.954545|fe=500,abf_fr_information_oracle,information_oracle,6006,0.032,0.1,0.9090909090909092,0.9545454545454544,500,9000,18.0,0.2036012045975053,0.5410281235300756,0.0857792178589474,0.2948890361297611,0.3797377641344912,5238,256,0.0,False,0.0,0.0,0,,,,,0.0563486916498199,0.2136588086310551,0.1573101169812352,0.550330502283043,0.2306776527622581,0.6502082299170121,0.1900680159839566,0.4980897079525366,0.2036012045975053,0.5410281235300756,0.0575977258136102,0.7923147767694976,256.0,1,0.00390625,0,0,,,,,,,,,,,,0.05,0.1,0.2948890361297611,0.0857792178589474,0.3797377641344912,,,0.4453125,0.0546875,0.33203125
abf_fr_information_oracle|tt=information_oracle|g=0.032|eta=0.1|bi=0.909091|sf=0.954545|fe=500|seed=6006,abf_fr_information_oracle|tt=information_oracle|g=0.032|eta=0.1|bi=0.909091|sf=0.954545|fe=500,abf_fr_information_oracle,information_oracle,6006,0.032,0.1,0.9090909090909092,0.9545454545454544,500,9500,19.0,0.1993471251835456,0.5258132271663482,0.0854085936691935,0.2956678723684521,0.3930243106322582,5425,256,0.0,False,0.0,0.0,0,,,,,0.0511384034554538,0.2136588086310551,0.1625204051756013,0.5351291331268498,0.2251964733795233,0.6320308942356462,0.186612677810715,0.4843442685615379,0.1993471251835456,0.5258132271663482,0.0567967561138092,0.776697519044945,256.0,1,0.00390625,0,0,,,,,,,,,,,,0.05,0.1,0.2956678723684521,0.0854085936691935,0.3930243106322582,,,0.44921875,0.0625,0.32421875
abf_fr_information_oracle|tt=information_oracle|g=0.032|eta=0.1|bi=0.909091|sf=0.954545|fe=500|seed=6006,abf_fr_information_oracle|tt=information_oracle|g=0.032|eta=0.1|bi=0.909091|sf=0.954545|fe=500,abf_fr_information_oracle,information_oracle,6006,0.032,0.1,0.9090909090909092,0.9545454545454544,500,10000,20.0,0.1903997847471033,0.5037658820209262,0.0788196153077064,0.2920733341447996,0.3790162630859635,5616,250,0.032,True,0.0234375,0.0234375,6,6.938893903907227e-17,1.0164291056692354,-3.849509911760799,1.3940057172909526,0.0628259846918517,0.2136588086310551,0.1508328239392034,0.5128219236732657,0.2153971598764776,0.6055986398353621,0.1780519758048605,0.4644754210683603,0.1903997847471033,0.5037658820209262,0.055298948137687,0.7524181747681327,244.53731343283584,2,0.0078125,1,6,0.0,-3.214017797175404,-3.214017797175404,-1.2769210563777935,-1.2769210563777935,0.1507595239881876,0.1507595239881876,1.134837582402448,1.134837582402448,1.3923244034613191,1.3923244034613191,0.05,0.1,0.2920733341447996,0.0788196153077064,0.3790162630859635,1.0164291056692354,1.3940057172909526,0.453125,0.0703125,0.33203125
abf_fr_information_oracle|tt=information_oracle|g=0.032|eta=0.1|bi=0.909091|sf=0.954545|fe=500|seed=6006,abf_fr_information_oracle|tt=information_oracle|g=0.032|eta=0.1|bi=0.909091|sf=0.954545|fe=500,abf_fr_information_oracle,information_oracle,6006,0.032,0.1,0.9090909090909092,0.9545454545454544,500,10500,21.0,0.1844395203740664,0.4886143039869587,0.0869071173894243,0.3058234435048416,0.3890911683588006,5748,250,0.0,False,0.0,0.0,0,,,,,0.0691055436294796,0.2136588086310551,0.1445532650015755,0.4976528303770369,0.2087367904265066,0.5874083316056384,0.1723785787670744,0.4509043189689274,0.1844395203740664,0.4886143039869587,0.054215694955814,0.7345300687208041,244.53731343283584,2,0.0078125,1,6,,,,,,,,,,,,0.05,0.1,0.3058234435048416,0.0869071173894243,0.3890911683588006,,,0.42578125,0.05078125,0.3359375
abf_fr_information_oracle|tt=information_oracle|g=0.032|eta=0.1|bi=0.909091|sf=0.954545|fe=500|seed=6006,abf_fr_information_oracle|tt=information_oracle|g=0.032|eta=0.1|bi=0.909091|sf=0.954545|fe=500,abf_fr_information_oracle,information_oracle,6006,0.032,0.1,0.9090909090909092,0.9545454545454544,500,11000,22.0,0.181239160843399,0.4788176760129211,0.0901412954403254,0.3063723127071554,0.3868674302043867,5882,250,0.0,False,0.0,0.0,0,,,,,0.0686630549849915,0.2136588086310551,0.1449957536460635,0.4879125891439395,0.2048694450894524,0.5756719323780909,0.1695408503044832,0.4420511463734307,0.181239160843399,0.4788176760129211,0.0531523359650254,0.7210135152770235,244.53731343283584,2,0.0078125,1,6,,,,,,,,,,,,0.05,0.1,0.3063723127071554,0.0901412954403254,0.3868674302043867,,,0.4140625,0.05078125,0.328125
abf_fr_information_oracle|tt=information_oracle|g=0.032|eta=0.1|bi=0.909091|sf=0.954545|fe=500|seed=6007,abf_fr_information_oracle|tt=information_oracle|g=0.032|eta=0.1|bi=0.909091|sf=0.954545|fe=500,abf_fr_information_oracle,information_oracle,6007,0.032,0.1,0.9090909090909092,0.9545454545454544,500,0,0.0,2.906603863987052,6.564657815288973,0.0608120094470472,0.2491462770273302,0.4076149911386127,0,256,0.0,False,0.0,0.0,0,,,,,0.0,0.2136588086310551,0.2136588086310551,1.8839792970692677,0.7722826132658906,3.487298309594125,5.408116675855963,9.381946420303988,2.906603863987052,6.564657815288973,0.037083496902375,0.7293641473133242,256.0,1,0.00390625,0,0,,,,,,,,,,,,0.05,0.1,0.2491462770273302,0.0608120094470472,0.4076149911386127,,,0.37890625,0.1640625,0.3046875
abf_fr_information_oracle|tt=information_oracle|g=0.032|eta=0.1|bi=0.909091|sf=0.954545|fe=500|seed=6007,abf_fr_information_oracle|tt=information_oracle|g=0.032|eta=0.1|bi=0.909091|sf=0.954545|fe=500,abf_fr_information_oracle,information_oracle,6007,0.032,0.1,0.9090909090909092,0.9545454545454544,500,500,1.0,0.6138210099030192,1.2148614265469533,0.122674525501027,0.3105347774861256,0.3573328605458405,398,256,0.0,False,0.0,0.0,0,,,,,-0.7733606850182895,0.2136588086310551,0.9870194936493446,1.2747706588112255,0.6094508851158913,1.274855317378826,0.6554901989796883,1.122435902738958,0.6138210099030192,1.2148614265469533,0.0586712067651009,0.8751214114025037,256.0,1,0.00390625,0,0,,,,,,,,,,,,0.05,0.1,0.3105347774861256,0.122674525501027,0.3573328605458405,,,0.42578125,0.1171875,0.37109375
abf_fr_information_oracle|tt=information_oracle|g=0.032|eta=0.1|bi=0.909091|sf=0.954545|fe=500|seed=6007,abf_fr_information_oracle|tt=information_oracle|g=0.032|eta=0.1|bi=0.909091|sf=0.954545|fe=500,abf_fr_information_oracle,information_oracle,6007,0.032,0.1,0.9090909090909092,0.9545454545454544,500,1000,2.0,0.5457331064294361,1.0081945218492787,0.1090460834222631,0.2985953876758966,0.3608238851325122,759,256,0.0,False,0.0,0.0,0,,,,,-0.7582668273545643,0.2136588086310551,0.9719256359856194,1.0576339239937107,0.5412596864542429,1.1048593420835502,0.5719979889280752,0.9302011131467766,0.5457331064294361,1.0081945218492787,0.0661078112905743,0.9333109809275972,256.0,1,0.00390625,0,0,,,,,,,,,,,,0.05,0.1,0.2985953876758966,0.1090460834222631,0.3608238851325122,,,0.44140625,0.1015625,0.3984375
abf_fr_information_oracle|tt=information_oracle|g=0.032|eta=0.1|bi=0.909091|sf=0.954545|fe=500|seed=6007,abf_fr_information_oracle|tt=information_oracle|g=0.032|eta=0.1|bi=0.909091|sf=0.954545|fe=500,abf_fr_information_oracle,information_oracle,6007,0.032,0.1,0.9090909090909092,0.9545454545454544,500,1500,3.0,0.4745185046203117,0.8856135811533781,0.1082338597096228,0.3021927357246426,0.3703002032055363,1043,256,0.0,False,0.0,0.0,0,,,,,-0.6493988531365282,0.2136588086310551,0.8630576617675834,0.9247858438201472,0.4781133822625401,0.9961284081369836,0.4897896204413688,0.8167674792024536,0.4745185046203117,0.8856135811533781,0.0642981948588353,0.909810795319068,256.0,1,0.00390625,0,0,,,,,,,,,,,,0.05,0.1,0.3021927357246426,0.1082338597096228,0.3703002032055363,,,0.453125,0.09375,0.40234375
abf_fr_information_oracle|tt=information_oracle|g=0.032|eta=0.1|bi=0.909091|sf=0.954545|fe=500|seed=6007,abf_fr_information_oracle|tt=information_oracle|g=0.032|eta=0.1|bi=0.909091|sf=0.954545|fe=500,abf_fr_information_oracle,information_oracle,6007,0.032,0.1,0.9090909090909092,0.9545454545454544,500,2000,4.0,0.4348675847853259,0.8010164351503426,0.1066189733122642,0.3031175834932713,0.3717623622064968,1297,256,0.0,False,0.0,0.0,0,,,,,-0.5871529875183796,0.2136588086310551,0.8008117961494348,0.833820796755429,0.4383806527520812,0.9162405161381416,0.4461901681000406,0.7390284241950679,0.4348675847853259,0.8010164351503426,0.0625023343091785,0.8785208301067836,256.0,1,0.00390625,0,0,,,,,,,,,,,,0.05,0.1,0.3031175834932713,0.1066189733122642,0.3717623622064968,,,0.44921875,0.0859375,0.4140625
abf_fr_information_oracle|tt=information_oracle|g=0.032|eta=0.1|bi=0.909091|sf=0.954545|fe=500|seed=6007,abf_fr_information_oracle|tt=information_oracle|g=0.032|eta=0.1|bi=0.909091|sf=0.954545|fe=500,abf_fr_information_oracle,information_oracle,6007,0.032,0.1,0.9090909090909092,0.9545454545454544,500,2500,5.0,0.4203249596812206,0.7496232357709441,0.096838834006868,0.2945938730744484,0.3806351350809474,1634,256,0.0,False,0.0,0.0,0,,,,,-0.5711548913687139,0.2136588086310551,0.784813699999769,0.787313962476325,0.4219008684415464,0.8701961301958692,0.4291214633257904,0.6913887388767933,0.4203249596812206,0.7496232357709441,0.0614156365339397,0.8546055648347014,256.0,1,0.00390625,0,0,,,,,,,,,,,,0.05,0.1,0.2945938730744484,0.096838834006868,0.3806351350809474,,,0.44140625,0.125,0.3984375
abf_fr_information_oracle|tt=information_oracle|g=0.032|eta=0.1|bi=0.909091|sf=0.954545|fe=500|seed=6007,abf_fr_information_oracle|tt=information_oracle|g=0.032|eta=0.1|bi=0.909091|sf=0.954545|fe=500,abf_fr_information_oracle,information_oracle,6007,0.032,0.1,0.9090909090909092,0.9545454545454544,500,3000,6.0,0.3950826011553381,0.6917761946977979,0.0891352568171939,0.2756884614787929,0.389373716879177,1922,256,0.0,False,0.0,0.0,0,,,,,-0.535517048893766,0.2136588086310551,0.7491758575248211,0.7239518982350576,0.3955491577159462,0.8096034368124015,0.4017879654498241,0.6379576567795061,0.3950826011553381,0.6917761946977979,0.0595911740310296,0.8244833200064021,256.0,1,0.00390625,0,0,,,,,,,,,,,,0.05,0.1,0.2756884614787929,0.0891352568171939,0.389373716879177,,,0.44140625,0.1015625,0.37890625
abf_fr_information_oracle|tt=information_oracle|g=0.032|eta=0.1|bi=0.909091|sf=0.954545|fe=500|seed=6007,abf_fr_information_oracle|tt=information_oracle|g=0.032|eta=0.1|bi=0.909091|sf=0.954545|fe=500,abf_fr_information_oracle,information_oracle,6007,0.032,0.1,0.9090909090909092,0.9545454545454544,500,3500,7.0,0.3746121430393656,0.6352034962653262,0.0796187662648405,0.2816980154116548,0.3889153434838653,2208,256,0.0,False,0.0,0.0,0,,,,,-0.5072053918031969,0.2136588086310551,0.720864200434252,0.6676634329783233,0.3728419729434698,0.7479460343454193,0.3802068401102118,0.5857839157303644,0.3746121430393656,0.6352034962653262,0.056563814285717,0.7756209210197638,256.0,1,0.00390625,0,0,,,,,,,,,,,,0.05,0.1,0.2816980154116548,0.0796187662648405,0.3889153434838653,,,0.45703125,0.09375,0.3828125
abf_fr_information_oracle|tt=information_oracle|g=0.032|eta=0.1|bi=0.909091|sf=0.954545|fe=500|seed=6007,abf_fr_information_oracle|tt=information_oracle|g=0.032|eta=0.1|bi=0.909091|sf=0.954545|fe=500,abf_fr_information_oracle,information_oracle,6007,0.032,0.1,0.9090909090909092,0.9545454545454544,500,4000,8.0,0.3530932476159484,0.5961790510131036,0.1056015909633016,0.2941205857560784,0.3513908705070354,2507,256,0.0,False,0.0,0.0,0,,,,,-0.466498200807063,0.2136588086310551,0.6801570094381182,0.6276840393291035,0.3512435699097507,0.7046615559107223,0.3585128923647437,0.5499916872004306,0.3530932476159484,0.5961790510131036,0.0556975591228876,0.7545725441797004,256.0,1,0.00390625,0,0,,,,,,,,,,,,0.05,0.1,0.2941205857560784,0.1056015909633016,0.3513908705070354,,,0.4453125,0.08984375,0.36328125
abf_fr_information_oracle|tt=information_oracle|g=0.032|eta=0.1|bi=0.909091|sf=0.954545|fe=500|seed=6007,abf_fr_information_oracle|tt=information_oracle|g=0.032|eta=0.1|bi=0.909091|sf=0.954545|fe=500,abf_fr_information_oracle,information_oracle,6007,0.032,0.1,0.9090909090909092,0.9545454545454544,500,4500,9.0,0.3309377266437374,0.5549183727630597,0.0827713969868696,0.2861685568254764,0.3580958479964271,2734,256,0.0,False,0.0,0.0,0,,,,,-0.4290685261622649,0.2136588086310551,0.64272733479332,0.5825169815138455,0.3290941527948667,0.6565492559673151,0.3358868441919727,0.5120649451759555,0.3309377266437374,0.5549183727630597,0.0535132311223451,0.7241250711096032,256.0,1,0.00390625,0,0,,,,,,,,,,,,0.05,0.1,0.2861685568254764,0.0827713969868696,0.3580958479964271,,,0.453125,0.10546875,0.328125
abf_fr_information_oracle|tt=information_oracle|g=0.032|eta=0.1|bi=0.909091|sf=0.954545|fe=500|seed=6007,abf_fr_information_oracle|tt=information_oracle|g=0.032|eta=0.1|bi=0.909091|sf=0.954545|fe=500,abf_fr_information_oracle,information_oracle,6007,0.032,0.1,0.9090909090909092,0.9545454545454544,500,5000,10.0,0.3177547028450827,0.5285543785515343,0.0836005063132541,0.2929895848052874,0.3673139402067918,2919,256,0.0,False,0.0,0.0,0,,,,,-0.4073880612748475,0.2136588086310551,0.6210468699059026,0.5553695168943338,0.3158870697857653,0.6266530336604463,0.3221782516953839,0.4881619230482623,0.3177547028450827,0.5285543785515343,0.0525459535343199,0.7026828282940596,256.0,1,0.00390625,0,0,,,,,,,,,,,,0.05,0.1,0.2929895848052874,0.0836005063132541,0.3673139402067918,,,0.45703125,0.08984375,0.359375
abf_fr_information_oracle|tt=information_oracle|g=0.032|eta=0.1|bi=0.909091|sf=0.954545|fe=500|seed=6007,abf_fr_information_oracle|tt=information_oracle|g=0.032|eta=0.1|bi=0.909091|sf=0.954545|fe=500,abf_fr_information_oracle,information_oracle,6007,0.032,0.1,0.9090909090909092,0.9545454545454544,500,5500,11.0,0.3106823371667606,0.5130143015013439,0.0940271029601822,0.2913584168601666,0.3890935437951209,3154,256,0.0,False,0.0,0.0,0,,,,,-0.3962459636927491,0.2136588086310551,0.6099047723238042,0.5398433335118425,0.3086574555617278,0.6098138792159291,0.314599650326316,0.4736276606282479,0.3106823371667606,0.5130143015013439,0.0521269943124416,0.6919546241156556,256.0,1,0.00390625,0,0,,,,,,,,,,,,0.05,0.1,0.2913584168601666,0.0940271029601822,0.3890935437951209,,,0.453125,0.0703125,0.359375
abf_fr_information_oracle|tt=information_oracle|g=0.032|eta=0.1|bi=0.909091|sf=0.954545|fe=500|seed=6007,abf_fr_information_oracle|tt=information_oracle|g=0.032|eta=0.1|bi=0.909091|sf=0.954545|fe=500,abf_fr_information_oracle,information_oracle,6007,0.032,0.1,0.9090909090909092,0.9545454545454544,500,6000,12.0,0.31343112285882,0.5070483344916715,0.0750978084593409,0.2828207304038448,0.3669019657724431,3349,256,0.0,False,0.0,0.0,0,,,,,-0.4072301481107487,0.2136588086310551,0.6208889567418039,0.5329845876143446,0.3099160090189668,0.6040169354376316,0.3174980456881687,0.4680672696987209,0.31343112285882,0.5070483344916715,0.0529865271393588,0.6912976083423839,256.0,1,0.00390625,0,0,,,,,,,,,,,,0.05,0.1,0.2828207304038448,0.0750978084593409,0.3669019657724431,,,0.44140625,0.1015625,0.33984375
abf_fr_information_oracle|tt=information_oracle|g=0.032|eta=0.1|bi=0.909091|sf=0.954545|fe=500|seed=6007,abf_fr_information_oracle|tt=information_oracle|g=0.032|eta=0.1|bi=0.909091|sf=0.954545|fe=500,abf_fr_information_oracle,information_oracle,6007,0.032,0.1,0.9090909090909092,0.9545454545454544,500,6500,13.0,0.2997448165354603,0.484562658833521,0.0788525898578846,0.2951299201414525,0.3871254419718333,3578,256,0.0,False,0.0,0.0,0,,,,,-0.3810742795887236,0.2136588086310551,0.5947330882197788,0.5091287664974649,0.2966914017114862,0.5776710530689851,0.3036314462273699,0.447680867102312,0.2997448165354603,0.484562658833521,0.0519034610011758,0.6744529464375301,256.0,1,0.00390625,0,0,,,,,,,,,,,,0.05,0.1,0.2951299201414525,0.0788525898578846,0.3871254419718333,,,0.4375,0.0859375,0.34765625
abf_fr_information_oracle|tt=information_oracle|g=0.032|eta=0.1|bi=0.909091|sf=0.954545|fe=500|seed=6007,abf_fr_information_oracle|tt=information_oracle|g=0.032|eta=0.1|bi=0.909091|sf=0.954545|fe=500,abf_fr_information_oracle,information_oracle,6007,0.032,0.1,0.9090909090909092,0.9545454545454544,500,7000,14.0,0.2912537210605564,0.462646266528981,0.0728023813680179,0.2863585230915451,0.3831139764735545,3898,256,0.0,False,0.0,0.0,0,,,,,-0.3673076659840149,0.2136588086310551,0.58096647461507,0.4886670623428604,0.2872213513833789,0.551857543369555,0.2959663627652608,0.4279093130590951,0.2912537210605564,0.462646266528981,0.0513541891764043,0.6555212429457526,256.0,1,0.00390625,0,0,,,,,,,,,,,,0.05,0.1,0.2863585230915451,0.0728023813680179,0.3831139764735545,,,0.4296875,0.08984375,0.33984375
abf_fr_information_oracle|tt=information_oracle|g=0.032|eta=0.1|bi=0.909091|sf=0.954545|fe=500|seed=6007,abf_fr_information_oracle|tt=information_oracle|g=0.032|eta=0.1|bi=0.909091|sf=0.954545|fe=500,abf_fr_information_oracle,information_oracle,6007,0.032,0.1,0.9090909090909092,0.9545454545454544,500,7500,15.0,0.2880599628974724,0.4509470635819816,0.0687671874813499,0.2794492640597429,0.3983216660258815,4218,256,0.0,False,0.0,0.0,0,,,,,-0.3645825376598388,0.2136588086310551,0.578241346290894,0.4781415125996884,0.2834865872386389,0.5383447693187486,0.2928168745402938,0.4174172924025134,0.2880599628974724,0.4509470635819816,0.0514505042466227,0.6484874420672246,256.0,1,0.00390625,0,0,,,,,,,,,,,,0.05,0.1,0.2794492640597429,0.0687671874813499,0.3983216660258815,,,0.44140625,0.10546875,0.3203125
abf_fr_information_oracle|tt=information_oracle|g=0.032|eta=0.1|bi=0.909091|sf=0.954545|fe=500|seed=6007,abf_fr_information_oracle|tt=information_oracle|g=0.032|eta=0.1|bi=0.909091|sf=0.954545|fe=500,abf_fr_information_oracle,information_oracle,6007,0.032,0.1,0.9090909090909092,0.9545454545454544,500,8000,16.0,0.2794882144404148,0.4295012714972758,0.0690223345356365,0.2761626750245303,0.3830084035739932,4509,256,0.0,False,0.0,0.0,0,,,,,-0.3493102570387947,0.2136588086310551,0.5629690656698498,0.4590273715549574,0.2740244352363298,0.5128706814618292,0.2848853762493338,0.3981307798089057,0.2794882144404148,0.4295012714972758,0.0503788831343552,0.6233328877768556,256.0,1,0.00390625,0,0,,,,,,,,,,,,0.05,0.1,0.2761626750245303,0.0690223345356365,0.3830084035739932,,,0.44921875,0.109375,0.30078125
abf_fr_information_oracle|tt=information_oracle|g=0.032|eta=0.1|bi=0.909091|sf=0.954545|fe=500|seed=6007,abf_fr_information_oracle|tt=information_oracle|g=0.032|eta=0.1|bi=0.909091|sf=0.954545|fe=500,abf_fr_information_oracle,information_oracle,6007,0.032,0.1,0.9090909090909092,0.9545454545454544,500,8500,17.0,0.2724203715131084,0.4113042756700231,0.0906001089413326,0.2912664098774817,0.3961937932245485,4755,256,0.0,False,0.0,0.0,0,,,,,-0.3384155064138028,0.2136588086310551,0.5520743150448579,0.4416203616090647,0.2663563196495257,0.4913380431560684,0.2779318897296869,0.3819262664358532,0.2724203715131084,0.4113042756700231,0.0495220383306096,0.6048258577173907,256.0,1,0.00390625,0,0,,,,,,,,,,,,0.05,0.1,0.2912664098774817,0.0906001089413326,0.3961937932245485,,,0.453125,0.0859375,0.28125
abf_fr_information_oracle|tt=information_oracle|g=0.032|eta=0.1|bi=0.909091|sf=0.954545|fe=500|seed=6007,abf_fr_information_oracle|tt=information_oracle|g=0.032|eta=0.1|bi=0.909091|sf=0.954545|fe=500,abf_fr_information_oracle,information_oracle,6007,0.032,0.1,0.9090909090909092,0.9545454545454544,500,9000,18.0,0.2643463927031665,0.39860696775666,0.0762912988630878,0.2914371668172856,0.3873639028069436,5003,256,0.0,False,0.0,0.0,0,,,,,-0.3224475776586644,0.2136588086310551,0.5361063862897195,0.4281214517495014,0.2586138095267666,0.4765096288447804,0.2692003571563831,0.3705888536498407,0.2643463927031665,0.39860696775666,0.0484715905674078,0.5919437916777787,256.0,1,0.00390625,0,0,,,,,,,,,,,,0.05,0.1,0.2914371668172856,0.0762912988630878,0.3873639028069436,,,0.42578125,0.07421875,0.3046875
abf_fr_information_oracle|tt=information_oracle|g=0.032|eta=0.1|bi=0.909091|sf=0.954545|fe=500|seed=6007,abf_fr_information_oracle|tt=information_oracle|g=0.032|eta=0.1|bi=0.909091|sf=0.954545|fe=500,abf_fr_information_oracle,information_oracle,6007,0.032,0.1,0.9090909090909092,0.9545454545454544,500,9500,19.0,0.2625410753568007,0.3922879226858523,0.0778693504804966,0.2937163968750845,0.3823605924613272,5288,256,0.0,False,0.0,0.0,0,,,,,-0.3209712244797522,0.2136588086310551,0.5346300331108074,0.4226509314089188,0.2568163958928376,0.4694594924031828,0.2670982510646186,0.3648466341532776,0.2625410753568007,0.3922879226858523,0.0486157128619605,0.5855525963325527,256.0,1,0.00390625,0,0,,,,,,,,,,,,0.05,0.1,0.2937163968750845,0.0778693504804966,0.3823605924613272,,,0.4453125,0.078125,0.32421875
abf_fr_information_oracle|tt=information_oracle|g=0.032|eta=0.1|bi=0.909091|sf=0.954545|fe=500|seed=6007,abf_fr_information_oracle|tt=information_oracle|g=0.032|eta=0.1|bi=0.909091|sf=0.954545|fe=500,abf_fr_information_oracle,information_oracle,6007,0.032,0.1,0.9090909090909092,0.9545454545454544,500,10000,20.0,0.2600350362070646,0.3857263518100673,0.0667199733562095,0.2859059137807881,0.3954823938311232,5520,248,0.032,True,0.03125,0.03125,8,6.938893903907227e-17,1.1336644130402265,-3.850214410589482,1.7225796230820027,-0.3167098812698157,0.2136588086310551,0.5303686899008708,0.417133825234413,0.2542829583628151,0.4618652429543905,0.2644367802165443,0.3590501207630087,0.2600350362070646,0.3857263518100673,0.0490419525217006,0.5815281672381674,240.94117647058823,2,0.0078125,1,8,0.0,-3.112869766479075,-3.112869766479075,-1.6695065396740494,-1.6695065396740494,0.1131484613175953,0.1131484613175953,1.5873860067770147,1.5873860067770147,1.7190808809708082,1.7190808809708082,0.05,0.1,0.2859059137807881,0.0667199733562095,0.3954823938311232,1.1336644130402265,1.7225796230820027,0.41015625,0.07421875,0.3359375
abf_fr_information_oracle|tt=information_oracle|g=0.032|eta=0.1|bi=0.909091|sf=0.954545|fe=500|seed=6007,abf_fr_information_oracle|tt=information_oracle|g=0.032|eta=0.1|bi=0.909091|sf=0.954545|fe=500,abf_fr_information_oracle,information_oracle,6007,0.032,0.1,0.9090909090909092,0.9545454545454544,500,10500,21.0,0.2568135585834495,0.3785593872645986,0.0679601602811718,0.2827302092883825,0.3931558065073587,5779,248,0.0,False,0.0,0.0,0,,,,,-0.3114083991123841,0.2136588086310551,0.5250672077434393,0.4094380485160918,0.2508112249583314,0.453387690059561,0.2612310901624756,0.3526658579527786,0.2568135585834495,0.3785593872645986,0.0486474951686954,0.5756013989334468,240.94117647058823,2,0.0078125,1,8,,,,,,,,,,,,0.05,0.1,0.2827302092883825,0.0679601602811718,0.3931558065073587,,,0.40625,0.07421875,0.33203125
abf_fr_information_oracle|tt=information_oracle|g=0.032|eta=0.1|bi=0.909091|sf=0.954545|fe=500|seed=6007,abf_fr_information_oracle|tt=information_oracle|g=0.032|eta=0.1|bi=0.909091|sf=0.954545|fe=500,abf_fr_information_oracle,information_oracle,6007,0.032,0.1,0.9090909090909092,0.9545454545454544,500,11000,22.0,0.2507153281274572,0.3662109312884068,0.0715694378062115,0.2875230447895106,0.3920421297653879,6015,248,0.0,False,0.0,0.0,0,,,,,-0.3005243115582807,0.2136588086310551,0.5141831201893359,0.3967519176597325,0.244476521975693,0.4384923321437634,0.2551909997694029,0.3415891562646468,0.2507153281274572,0.3662109312884068,0.0472115169370461,0.5571621853223067,240.94117647058823,2,0.0078125,1,8,,,,,,,,,,,,0.05,0.1,0.2875230447895106,0.0715694378062115,0.3920421297653879,,,0.4140625,0.0859375,0.3203125
